frame_id,person_id,landmark_id,raw_x,raw_y,filtered_x,filtered_y,visibility
1,1,0,0.5939021110534668,0.27038437128067017,0.5939021110534668,0.27038437128067017,0.9806736707687378
1,1,1,0.5728173851966858,0.23110371828079224,0.5728173851966858,0.23110371828079224,0.983859121799469
1,1,2,0.5556581616401672,0.2278776913881302,0.5556581616401672,0.2278776913881302,0.9889344573020935
1,1,3,0.5384329557418823,0.225822314620018,0.5384329557418823,0.225822314620018,0.9850103259086609
1,1,4,0.6246392726898193,0.23889200389385223,0.6246392726898193,0.23889200389385223,0.9768518805503845
1,1,5,0.6420649886131287,0.2403004765510559,0.6420649886131287,0.2403004765510559,0.9805300235748291
1,1,6,0.6597915887832642,0.24160897731781006,0.6597915887832642,0.24160897731781006,0.9720127582550049
1,1,7,0.5189812779426575,0.2374388426542282,0.5189812779426575,0.2374388426542282,0.9909995198249817
1,1,8,0.6714845895767212,0.2477131485939026,0.6714845895767212,0.2477131485939026,0.9902916550636292
1,1,9,0.5613605380058289,0.29131752252578735,0.5613605380058289,0.29131752252578735,0.9843632578849792
1,1,10,0.6144324541091919,0.29929059743881226,0.6144324541091919,0.29929059743881226,0.9798864722251892
1,1,11,0.29859739542007446,0.4202684164047241,0.29859739542007446,0.4202684164047241,0.9986751675605774
1,1,12,0.8315032720565796,0.4291203022003174,0.8315032720565796,0.4291203022003174,0.9935880899429321
1,1,13,0.16020092368125916,0.7450900077819824,0.16020092368125916,0.7450900077819824,0.8831217288970947
1,1,14,0.9511218070983887,0.764008104801178,0.9511218070983887,0.764008104801178,0.4356529712677002
1,1,15,0.038210153579711914,0.9900407791137695,0.038210153579711914,0.9900407791137695,0.7232866883277893
1,1,16,0.9019961357116699,0.8397855758666992,0.9019961357116699,0.8397855758666992,0.1171180009841919
1,1,17,-0.014644204638898373,1.0515613555908203,-0.014644204638898373,1.0515613555908203,0.6553918719291687
1,1,18,0.9326805472373962,0.8634549379348755,0.9326805472373962,0.8634549379348755,0.12556114792823792
1,1,19,-0.03829914331436157,1.04966402053833,-0.03829914331436157,1.04966402053833,0.666013777256012
1,1,20,0.88096022605896,0.8507257699966431,0.88096022605896,0.8507257699966431,0.130658358335495
1,1,21,0.07012075185775757,1.014888048171997,0.07012075185775757,1.014888048171997,0.5826461911201477
1,1,22,0.8543167114257812,0.8384569883346558,0.8543167114257812,0.8384569883346558,0.13639473915100098
1,1,23,0.4109514355659485,0.9641098380088806,0.4109514355659485,0.9641098380088806,0.5899503827095032
1,1,24,0.7249842882156372,0.9531522393226624,0.7249842882156372,0.9531522393226624,0.4779287874698639
1,1,25,0.4629356265068054,0.9605073928833008,0.4629356265068054,0.9605073928833008,0.570545494556427
1,1,26,0.6833716630935669,1.0534701347351074,0.6833716630935669,1.0534701347351074,0.24491596221923828
1,1,27,0.5411819815635681,1.2462223768234253,0.5411819815635681,1.2462223768234253,0.11732602119445801
1,1,28,0.6738829612731934,1.1976861953735352,0.6738829612731934,1.1976861953735352,0.044698894023895264
1,1,29,0.5915003418922424,1.3373291492462158,0.5915003418922424,1.3373291492462158,0.2511192262172699
1,1,30,0.6489688158035278,1.2570961713790894,0.6489688158035278,1.2570961713790894,0.2292100191116333
1,1,31,0.4286654591560364,1.195366621017456,0.4286654591560364,1.195366621017456,0.04344083368778229
1,1,32,0.6424658298492432,1.145041823387146,0.6424658298492432,1.145041823387146,0.03237069770693779
1,2,0,0.9062417149543762,0.19717513024806976,0.9062417149543762,0.19717513024806976,0.981689989566803
1,2,1,0.930221438407898,0.17229726910591125,0.930221438407898,0.17229726910591125,0.9843823909759521
1,2,2,0.932966947555542,0.17428667843341827,0.932966947555542,0.17428667843341827,0.9887499809265137
1,2,3,0.9315718412399292,0.1754823923110962,0.9315718412399292,0.1754823923110962,0.9853439331054688
1,2,4,0.8661110401153564,0.16648049652576447,0.8661110401153564,0.16648049652576447,0.9782212972640991
1,2,5,0.8419219851493835,0.16194218397140503,0.8419219851493835,0.16194218397140503,0.9813997745513916
1,2,6,0.7891003489494324,0.16122855246067047,0.7891003489494324,0.16122855246067047,0.973975419998169
1,2,7,0.8637986779212952,0.18679846823215485,0.8637986779212952,0.18679846823215485,0.9899483323097229
1,2,8,0.7089264392852783,0.18429602682590485,0.7089264392852783,0.18429602682590485,0.9902686476707458
1,2,9,0.8573715686798096,0.2418922334909439,0.8573715686798096,0.2418922334909439,0.9821633696556091
1,2,10,0.7793521881103516,0.2350388616323471,0.7793521881103516,0.2350388616323471,0.9796223044395447
1,2,11,0.9702115654945374,0.37408027052879333,0.9702115654945374,0.37408027052879333,0.9862969517707825
1,2,12,0.3354768455028534,0.32365870475769043,0.3354768455028534,0.32365870475769043,0.9867322444915771
1,2,13,0.9957237243652344,0.4976928234100342,0.9957237243652344,0.4976928234100342,0.8297896385192871
1,2,14,0.062341365963220596,0.41565757989883423,0.062341365963220596,0.41565757989883423,0.46514880657196045
1,2,15,0.6427573561668396,0.3544876277446747,0.6427573561668396,0.3544876277446747,0.6847223043441772
1,2,16,0.4856353998184204,0.20600701868534088,0.4856353998184204,0.20600701868534088,0.17750480771064758
1,2,17,0.584829568862915,0.3236671984195709,0.584829568862915,0.3236671984195709,0.6198091506958008
1,2,18,0.6161963939666748,0.1781972199678421,0.6161963939666748,0.1781972199678421,0.17789573967456818
1,2,19,0.5884077548980713,0.29459571838378906,0.5884077548980713,0.29459571838378906,0.6285814642906189
1,2,20,0.6161258816719055,0.14908209443092346,0.6161258816719055,0.14908209443092346,0.1809379756450653
1,2,21,0.6185889840126038,0.30775073170661926,0.6185889840126038,0.30775073170661926,0.5532165765762329
1,2,22,0.5799105763435364,0.1585759073495865,0.5799105763435364,0.1585759073495865,0.18255743384361267
1,2,23,0.8036099672317505,0.9343152046203613,0.8036099672317505,0.9343152046203613,0.5442532896995544
1,2,24,0.4560743570327759,0.9233863949775696,0.4560743570327759,0.9233863949775696,0.4487263262271881
1,2,25,0.6077123880386353,0.7686276435852051,0.6077123880386353,0.7686276435852051,0.5373587608337402
1,2,26,0.14407315850257874,0.7117803692817688,0.14407315850257874,0.7117803692817688,0.23825684189796448
1,2,27,0.4708912670612335,0.8372257947921753,0.4708912670612335,0.8372257947921753,0.11165886372327805
1,2,28,0.3879297971725464,0.7976970672607422,0.3879297971725464,0.7976970672607422,0.047461751848459244
1,2,29,0.4602678716182709,0.8377562165260315,0.4602678716182709,0.8377562165260315,0.23220662772655487
1,2,30,0.4145849943161011,0.8100656270980835,0.4145849943161011,0.8100656270980835,0.21693012118339539
1,2,31,0.39977943897247314,0.8736478686332703,0.39977943897247314,0.8736478686332703,0.046775877475738525
1,2,32,0.36203327775001526,0.8047698736190796,0.36203327775001526,0.8047698736190796,0.03857174143195152
2,1,0,0.8332066535949707,0.6622939705848694,0.635640387290375,0.339049422600227,0.9756326079368591
2,1,1,0.8324625492095947,0.5716494917869568,0.6181307822869829,0.2906788409834945,0.9794492721557617
2,1,2,0.8453118801116943,0.5629411339759827,0.6062537690655522,0.2864842101493481,0.9826000928878784
2,1,3,0.8579166531562805,0.5555885434150696,0.5942885836793492,0.28349323090196027,0.9806579947471619
2,1,4,0.7953484058380127,0.5768682956695557,0.6543526722866163,0.2980131185358063,0.9700343608856201
2,1,5,0.7851521968841553,0.5726854801177979,0.6669500144427204,0.2984338887800667,0.9696871638298035
2,1,6,0.6651628017425537,0.4974818527698517,0.6607218758115587,0.28625902320445584,0.96522456407547
2,1,7,0.89443439245224,0.5149574279785156,0.5847310315875197,0.2858972581422984,0.9825476408004761
2,1,8,0.7600359320640564,0.5260415077209473,0.6868598960448455,0.29631413076072766,0.9804798364639282
2,1,9,0.869807779788971,0.6858473420143127,0.6152689968250924,0.36044700922498885,0.9750394821166992
2,1,10,0.8406949639320374,0.6922910213470459,0.6538806852207312,0.36814898935969753,0.9714345335960388
2,1,11,1.038076639175415,0.6834927201271057,0.42948766847134057,0.46621133610172316,0.9718427658081055
2,1,12,0.6073966026306152,0.6465467810630798,0.7924334142048302,0.4670180205611684,0.9748967289924622
2,1,13,0.8339242935180664,0.9069204926490784,0.2792235539158489,0.7732505360302818,0.771876335144043
2,1,14,0.3311527967453003,0.8052917718887329,0.8417677563576809,0.7711660992624442,0.43253496289253235
2,1,15,0.5347628593444824,0.38273730874061584,0.12547839222566082,0.8829604995870884,0.6407965421676636
2,1,16,0.4356154203414917,0.41356542706489563,0.8201033978321386,0.7650333433709939,0.18095241487026215
2,1,17,0.5206153392791748,0.31763955950737,0.0795338719463528,0.9216758112554526,0.5856093168258667
2,1,18,0.4138045907020569,0.3881267309188843,0.8414291093525768,0.779969077390029,0.18525701761245728
2,1,19,0.5475554466247559,0.2930906414985657,0.06493430947544739,0.9156813175543925,0.596085786819458
2,1,20,0.45321357250213623,0.3493914306163788,0.8059368872071304,0.7626047638709088,0.19073441624641418
2,1,21,0.5245243906974792,0.3674832880496979,0.14988223564579614,0.9006029541543275,0.527468204498291
2,1,22,0.4841500520706177,0.36267587542533875,0.7895028691595449,0.7548904648212705,0.19177064299583435
2,1,23,0.9933844804763794,1.6688790321350098,0.5135716772052816,1.0887300924748151,0.5223567485809326
2,1,24,0.7640842199325562,1.6729919910430908,0.7317632099872434,1.0804933169055384,0.4317092001438141
2,1,25,0.9972020387649536,0.7591763138771057,0.5569362188544875,0.9254319524343367,0.49753910303115845
2,1,26,0.5843679904937744,0.8869577646255493,0.6661761204913268,1.0244908489809719,0.2239207625389099
2,1,27,0.6009232401847839,0.5838894844055176,0.5515459950431715,1.1292509876420471,0.11228795349597931
2,1,28,0.5367105007171631,0.650806188583374,0.6500308165407911,1.1014306507296396,0.05227426812052727
2,1,29,0.5561590194702148,0.6724992394447327,0.5853737575680823,1.2199082017418166,0.2180076390504837
2,1,30,0.5195543766021729,0.6397258639335632,0.6264708886251853,1.1482087854042144,0.20371641218662262
2,1,31,0.6113426089286804,0.5752742290496826,0.4604733540455203,1.0859904121670312,0.05913171544671059
2,1,32,0.5652056932449341,0.5066511631011963,0.6290555705141484,1.0323776931251014,0.05134633183479309
3,1,0,0.717768132686615,0.28794828057289124,0.6498977378483091,0.3301868205116406,0.9743537902832031
3,1,1,0.6863143444061279,0.2628549635410309,0.629962499863802,0.28585661701951537,0.9778422713279724
3,1,2,0.6647420525550842,0.2665843367576599,0.6164001657223069,0.2830361334620096,0.9806784391403198
3,1,3,0.6492754817008972,0.2676168978214264,0.6038265942272188,0.28074264925762954,0.9786784052848816
3,1,4,0.730682909488678,0.26264873147010803,0.667601217321568,0.29188264084450816,0.9699360728263855
3,1,5,0.7448926568031311,0.2653948962688446,0.6804790581274069,0.2927069187875378,0.9696035981178284
3,1,6,0.7591712474822998,0.26229384541511536,0.6778208604377767,0.28210600852182594,0.9655256867408752
3,1,7,0.6153823137283325,0.2842862606048584,0.5900439439937332,0.28561827038400234,0.9808931350708008
3,1,8,0.7693250179290771,0.28376126289367676,0.7011758495615278,0.29413954749556537,0.9799908399581909
3,1,9,0.6956319212913513,0.3659873902797699,0.6292193195254054,0.36140662414663943,0.9725494980812073
3,1,10,0.7344276905059814,0.36797019839286804,0.6678629442902184,0.36811802741893407,0.9692784547805786
3,1,11,0.45349931716918945,0.4919087886810303,0.43364913884979983,0.47066486853903483,0.968909502029419
3,1,12,0.9847126007080078,0.5113157033920288,0.82592255356759,0.47469935352349985,0.9739328622817993
3,1,13,0.4045255780220032,0.767517626285553,0.3010054165410192,0.7722575968638705,0.7199059724807739
3,1,14,0.7970046997070312,0.7580993175506592,0.8340052108317795,0.7689024269078437,0.4160920977592468
3,1,15,0.3409343361854553,0.6464216113090515,0.16303187104198852,0.841705641537194,0.5875122547149658
3,1,16,0.6173567771911621,0.6023217439651489,0.7847786652740444,0.7367179475639405,0.17989972233772278
3,1,17,0.22577033936977386,0.6181653738021851,0.10497012514458036,0.8686335527247874,0.5394849181175232
3,1,18,0.6112513542175293,0.54411780834198,0.8012919173291723,0.738835895511739,0.18745297193527222
3,1,19,0.2544548213481903,0.5736712217330933,0.09794226650558696,0.8558421697873463,0.5492066740989685
3,1,20,0.562267005443573,0.5363138914108276,0.7634305071306565,0.7231500217063811,0.192909836769104
3,1,21,0.43672698736190796,0.5808182954788208,0.1999845986796513,0.8446906051622823,0.48671913146972656
3,1,22,0.567058801651001,0.555902361869812,0.7507239608169646,0.7202244192468351,0.1944470852613449
3,1,23,0.5716882944107056,1.3307496309280396,0.5236538860719256,1.1309485503733538,0.4724538028240204
3,1,24,0.9082075357437134,1.3342046737670898,0.7624801343464815,1.124766866387732,0.3906251788139343
3,1,25,0.4263644814491272,0.8077349662780762,0.5342373222168023,0.9049780752806708,0.4556668698787689
3,1,26,0.6831912994384766,0.8697678446769714,0.6691241540926325,0.9975727099220103,0.20664827525615692
3,1,27,0.40057888627052307,1.0213806629180908,0.5252843673490553,1.110509182916812,0.10409305989742279
3,1,28,0.6314382553100586,0.9809630513191223,0.646809320111697,1.0804927094640395,0.04932215437293053
3,1,29,0.38288775086402893,1.1015112400054932,0.5500958868259465,1.199330967973769,0.1994437426328659
3,1,30,0.5585132837295532,1.0309484004974365,0.6146785538059063,1.1278299720904563,0.18955297768115997
3,1,31,0.38008299469947815,0.8951815366744995,0.44651853674001224,1.0527565776728838,0.05601857230067253
3,1,32,0.6581706404685974,0.8503599762916565,0.6341018564829163,1.0006832442552687,0.04936333745718002
4,1,0,0.7245244979858398,0.25376248359680176,0.662850001569875,0.31692222247735513,0.9746664762496948
4,1,1,0.6951537728309631,0.20804794132709503,0.6412739460211672,0.27235112424816144,0.9782277941703796
4,1,2,0.6764792203903198,0.21118319034576416,0.6268230045306119,0.27056661658438713,0.9808149337768555
4,1,3,0.6583297848701477,0.21301181614398956,0.6132805423197367,0.2689899397802737,0.9788300395011902
4,1,4,0.7521617412567139,0.20529647171497345,0.6822819050270794,0.2768496536129288,0.9710963368415833
4,1,5,0.7693162560462952,0.20678018033504486,0.6959041855171377,0.27778870902013475,0.9707679152488708
4,1,6,0.7851487398147583,0.20594362914562225,0.6964668746145833,0.2688868352479486,0.9670355916023254
4,1,7,0.6604617238044739,0.24258850514888763,0.6022642733374874,0.2781572107086837,0.981252133846283
4,1,8,0.8111664056777954,0.23620107769966125,0.7202859826254301,0.2840889284325187,0.980776846408844
4,1,9,0.6903172135353088,0.30785611271858215,0.6398192563507871,0.3521185031327081,0.9726256728172302
4,1,10,0.7414208650588989,0.3117353618144989,0.6806292801364188,0.3583378481729782,0.9694923758506775
4,1,11,0.4373400807380676,0.4502332806587219,0.4342884179426905,0.4671245744456034,0.9669861197471619
4,1,12,1.0336089134216309,0.45842835307121277,0.8621120257564477,0.4718803323765514,0.9735845327377319
4,1,13,0.2603145241737366,0.7979192733764648,0.2939507559359788,0.7767048912140022,0.6661622524261475
4,1,14,0.8319270610809326,0.7785167098045349,0.8336452957033804,0.7705678207908115,0.3976522386074066
4,1,15,0.29558396339416504,0.6085813045501709,0.18607831895662155,0.8010504955034807,0.535574197769165
4,1,16,0.6980847716331482,0.5905237197875977,0.7697261901229112,0.711289505369775,0.17178396880626678
4,1,17,0.25787317752838135,0.5662885308265686,0.1315711410457062,0.8157967933538403,0.49333688616752625
4,1,18,0.700133204460144,0.5199581980705261,0.783720187346893,0.7006821458932203,0.18151304125785828
4,1,19,0.28963950276374817,0.5280198454856873,0.1313313822642374,0.7985093048919794,0.5025221705436707
4,1,20,0.6475855708122253,0.5107470154762268,0.7432990696256434,0.6861319568334275,0.18696732819080353
4,1,21,0.3935381770133972,0.5414679050445557,0.23369856456563987,0.7916998077842099,0.44539445638656616
4,1,22,0.6484639048576355,0.5318431258201599,0.7329606483761526,0.6874165785639086,0.18927361071109772
4,1,23,0.5553851127624512,1.293696641921997,0.529154290430579,1.1592715903595316,0.4273722171783447
4,1,24,0.9190047979354858,1.2776415348052979,0.7897132047282753,1.1513638887549984,0.35357001423835754
4,1,25,0.48210957646369934,0.8453454971313477,0.5251964871773367,0.8946328731113744,0.41441798210144043
4,1,26,0.7474291920661926,0.8809759616851807,0.6827161889545331,0.9773106836603269,0.18924912810325623
4,1,27,0.5044712424278259,1.0397971868515015,0.5216778770642981,1.0982371968851257,0.09500600397586823
4,1,28,0.6813672184944153,0.9661843776702881,0.6527999384051538,1.0606290580677515,0.045373186469078064
4,1,29,0.4947195053100586,1.1159512996673584,0.5404902942081958,1.1848550160758398,0.1812153309583664
4,1,30,0.6018233895301819,1.0172089338302612,0.6124515489184362,1.1086089919974633,0.17409014701843262
4,1,31,0.474240243434906,0.91679447889328,0.4513231413123572,1.029114450708019,0.05176306888461113
4,1,32,0.7117719054222107,0.8391734957695007,0.6475834224757321,0.9725771843954574,0.046217214316129684
5,1,0,0.47835037112236023,0.457293838262558,0.6307232789647205,0.34133335233244994,0.9695917367935181
5,1,1,0.4724743068218231,0.3885866403579712,0.6118948323459641,0.2925502384378878,0.9737805724143982
5,1,2,0.47216150164604187,0.3865880072116852,0.5999159973359811,0.2907283872470535,0.9746938943862915
5,1,3,0.4718668460845947,0.3848167061805725,0.5886880832061014,0.2891177667873056,0.973959743976593
5,1,4,0.4685777723789215,0.39329150319099426,0.6450373115201309,0.29708473931892526,0.9665024280548096
5,1,5,0.4639255106449127,0.39479097723960876,0.6554526411994465,0.2981215170102552,0.9641834497451782
5,1,6,0.45983660221099854,0.3951815366744995,0.6551984411204892,0.2908404977982403,0.9617854356765747
5,1,7,0.44693616032600403,0.40461796522140503,0.5752409161117243,0.3001398892791803,0.9755392670631409
5,1,8,0.4331870973110199,0.42147740721702576,0.6701406281201695,0.3079789733332151,0.9753687381744385
5,1,9,0.46381211280822754,0.5092359185218811,0.6091791999855652,0.3794554896703067,0.9648125171661377
5,1,10,0.4570714235305786,0.5155951380729675,0.6416560137165508,0.38569928096440903,0.9620468020439148
5,1,11,0.39386364817619324,0.6633993983268738,0.4272799328653424,0.5013142229153815,0.9548020362854004
5,1,12,0.40442490577697754,0.6118332743644714,0.781766896708443,0.4962181094513601,0.9589949250221252
5,1,13,0.44079890847206116,0.9226000905036926,0.3194940114800457,0.8020804714718571,0.6271266341209412
5,1,14,0.4466598927974701,0.809196412563324,0.7658501176724123,0.7772649307586269,0.3718340992927551
5,1,15,0.3711850643157959,0.6266792416572571,0.21831271653252732,0.7706946917966595,0.5120217800140381
5,1,16,0.3810478150844574,0.6126579642295837,0.7016317847022882,0.6941583406947981,0.16753317415714264
5,1,17,0.32944589853286743,0.46586355566978455,0.16604214309908227,0.754557339077532,0.4752267897129059
5,1,18,0.38185420632362366,0.5729891657829285,0.713287406423347,0.6784837686902663,0.17955642938613892
5,1,19,0.3530530631542206,0.46160951256752014,0.16998450788011019,0.7395729670479286,0.4840317964553833
5,1,20,0.3552585542201996,0.46379029750823975,0.6753177226929014,0.6473702836060263,0.18473634123802185
5,1,21,0.4688299596309662,0.5201039910316467,0.2747054550577441,0.7442805368073077,0.4306906759738922
5,1,22,0.33415257930755615,0.5505436062812805,0.6630711274265589,0.6636158976694247,0.18697036802768707
5,1,23,0.41682887077331543,1.5418603420257568,0.5096378815849905,1.2262893634814742,0.38587847352027893
5,1,24,0.4852241277694702,1.5586152076721191,0.736503201862286,1.2227540009000066,0.31919047236442566
5,1,25,0.4520660936832428,0.8337242603302002,0.5125049624537136,0.8840659046577419,0.388380765914917
5,1,26,0.4948587119579315,0.8626320958137512,0.650001234140715,0.9573831193665612,0.1738477498292923
5,1,27,0.3212719261646271,0.7530583739280701,0.4867644820952041,1.0378403543851364,0.09447012096643448
5,1,28,0.41722139716148376,0.7153770923614502,0.6117160130474125,1.0002200741410774,0.0443473644554615
5,1,29,0.25071728229522705,0.7898147702217102,0.4898733739085752,1.1156316392658325,0.1706792265176773
5,1,30,0.3688731789588928,0.7417078018188477,0.5699623478904444,1.044370314953867,0.16164496541023254
5,1,31,0.3888786733150482,0.5418037176132202,0.44048932312659334,0.9434896948502165,0.057449765503406525
5,1,32,0.4326728582382202,0.47927364706993103,0.6101270544396561,0.8858838684250602,0.04783203452825546
6,1,0,0.6355932950973511,0.15271097421646118,0.6315667476579322,0.3084849532214409,0.9713015556335449
6,1,1,0.628396213054657,0.11544495075941086,0.6147538133153646,0.2617179993696116,0.9751529693603516
6,1,2,0.6043861508369446,0.11828016489744186,0.6006902045744977,0.2607110633329497,0.9758120179176331
6,1,3,0.6585276126861572,0.11298724263906479,0.6008077107317239,0.2584561037298195,0.9752911329269409
6,1,4,0.6734902262687683,0.10992326587438583,0.649968723060739,0.26449202985974746,0.9684919714927673
6,1,5,0.6932436227798462,0.1089053824543953,0.662004335051133,0.26516897568095826,0.9661733508110046
6,1,6,0.7130325436592102,0.10769549012184143,0.6652309618316256,0.25895093051840246,0.9642294645309448
6,1,7,0.6397161483764648,0.15152983367443085,0.5864278805647385,0.2742903242004182,0.9764645099639893
6,1,8,0.7530849575996399,0.12558189034461975,0.6845398193759745,0.276220404049353,0.9764516949653625
6,1,9,0.6219051480293274,0.22085720300674438,0.6113838152316792,0.35186054104720943,0.9661825299263
6,1,10,0.6569433808326721,0.2250773161649704,0.6443045498655023,0.35775053396092965,0.9638105630874634
6,1,11,0.4367014765739441,0.39445850253105164,0.42891200884007513,0.4827507520364274,0.9545081257820129
6,1,12,0.6073933243751526,0.42038869857788086,0.7514115181831155,0.4830568469549291,0.9588477611541748
6,1,13,0.390450119972229,0.7701203227043152,0.33180828741223944,0.7965406236262347,0.5923905968666077
6,1,14,0.4870838522911072,0.7253081798553467,0.717169266128321,0.768253494613184,0.34172824025154114
6,1,15,0.3198009133338928,0.7995947003364563,0.23594170159473352,0.7757034228879011,0.4787929356098175
6,1,16,0.33961746096611023,0.7295146584510803,0.6382576502226625,0.7002873853155483,0.1594637930393219
6,1,17,0.28600791096687317,0.823033332824707,0.18689234544922873,0.7664387313506941,0.44949206709861755
6,1,18,0.3096989095211029,0.7394232749938965,0.642547817688644,0.6890556700348596,0.17531943321228027
6,1,19,0.32702502608299255,0.7409641146659851,0.19730887983286655,0.7398138858732252,0.4587083160877228
6,1,20,0.29149267077445984,0.7062267065048218,0.6080820492772618,0.6575801024719345,0.18092107772827148
6,1,21,0.40824785828590393,0.7495584487915039,0.2979248073503868,0.7451945962804855,0.4086211323738098
6,1,22,0.29713401198387146,0.7063847780227661,0.5990031197946895,0.6710315019127434,0.1827497035264969
6,1,23,0.5841881632804871,1.3643195629119873,0.522577100043752,1.2502930977017854,0.3480261564254761
6,1,24,0.6935067772865295,1.3618148565292358,0.7290477982840438,1.2469378373634747,0.28788071870803833
6,1,25,0.613515317440033,0.7587284445762634,0.5300504794969574,0.8622792599821731,0.35583218932151794
6,1,26,0.597686231136322,0.8491131663322449,0.6409275110546393,0.9385727718489315,0.1586998850107193
6,1,27,0.44357696175575256,0.9585107564926147,0.4792758957052127,1.0240692250402705,0.08767928928136826
6,1,28,0.5550216436386108,0.9197773933410645,0.6018813774871838,0.98625540714501,0.04090430215001106
6,1,29,0.3933332860469818,1.0402060747146606,0.4731066571796653,1.1025396719484362,0.15604166686534882
6,1,30,0.5100976824760437,0.9766377210617065,0.5595767703564521,1.0326164575857066,0.14727848768234253
6,1,31,0.4566250145435333,0.8060771226882935,0.44328491285880117,0.9195937873831721,0.054821744561195374
6,1,32,0.5969374179840088,0.7555693984031677,0.6078420741358782,0.8632270409209442,0.04508368298411369
8,1,0,0.54289710521698,0.1600525677204132,0.6053391999981151,0.2645233289922596,0.9731798768043518
8,1,1,0.6803460121154785,0.15846937894821167,0.6341455911674774,0.23116853227160836,0.976162850856781
8,1,2,0.6792421936988831,0.16238944232463837,0.6239200182977152,0.2316225303156812,0.9767909646034241
8,1,3,0.6829074621200562,0.1659197211265564,0.6250886072966962,0.23108257729334844,0.9763495922088623
8,1,4,0.6666950583457947,0.15329138934612274,0.6549084386081437,0.23158398546265133,0.9700497388839722
8,1,5,0.655657172203064,0.1536083221435547,0.660130271512902,0.23215412429928756,0.9678990840911865
8,1,6,0.6450290083885193,0.15335941314697266,0.6592643242136287,0.22770656549973917,0.9661762714385986
8,1,7,0.6197242736816406,0.20947997272014618,0.5962647928689457,0.25513010558902227,0.97707200050354
8,1,8,0.5656973123550415,0.19339042901992798,0.6493641667150052,0.2517233108623005,0.9769133925437927
8,1,9,0.5488246083259583,0.21259814500808716,0.5928900199949994,0.3106231208447824,0.9674587845802307
8,1,10,0.5320858359336853,0.21616734564304352,0.6110943616134625,0.31582377630064534,0.9656484127044678
8,1,11,0.5145448446273804,0.46717044711112976,0.4542403727424457,0.4781496235478994,0.9560216665267944
8,1,12,0.31572461128234863,0.43601512908935547,0.6215668063546562,0.4691550586182077,0.9593569040298462
8,1,13,0.6075246930122375,0.7470372319221497,0.41369610150511293,0.7819105681074142,0.5783730745315552
8,1,14,0.40090230107307434,0.6696944832801819,0.6231541869176903,0.7390944768979315,0.32849568128585815
8,1,15,0.5553579926490784,0.6546690464019775,0.330897389425929,0.7398764085991885,0.4869425892829895
8,1,16,0.4450448155403137,0.5988338589668274,0.5809748482117061,0.6702697149158618,0.17060114443302155
8,1,17,0.5584468841552734,0.6407226920127869,0.29747198754033544,0.7292212920140267,0.4612990617752075
8,1,18,0.4665747582912445,0.5927608609199524,0.5903952485119447,0.6605673501150371,0.1894969940185547
8,1,19,0.5557035207748413,0.5918100476264954,0.30394249042570787,0.695976875263753,0.4703538417816162
8,1,20,0.44486352801322937,0.559159517288208,0.5597232091854908,0.628461419789413,0.1958732157945633
8,1,21,0.5470472574234009,0.5991808176040649,0.37187160643917627,0.70194949105183,0.4228382706642151
8,1,22,0.424732506275177,0.5674649477005005,0.5473575590565368,0.6403870725671672,0.1968131959438324
8,1,23,0.5083930492401123,1.3165795803070068,0.5183884858691004,1.2698913424692526,0.3154856264591217
8,1,24,0.3978636562824249,1.3314836025238037,0.630570438360774,1.2719446375179935,0.2609522044658661
8,1,25,0.6876615881919861,0.7079808712005615,0.5767408171779074,0.8165739727145884,0.345390260219574
8,1,26,0.4889405071735382,0.7735133767127991,0.5959092277423308,0.8896684478414657,0.14881864190101624
8,1,27,0.4712376892566681,0.7649462223052979,0.47690244098364065,0.9471365805786491,0.08895666152238846
8,1,28,0.4805595874786377,0.7535770535469055,0.5659699092321169,0.9172140340129327,0.04049186035990715
8,1,29,0.39344102144241333,0.7941300868988037,0.44954672302595255,1.0108761488516849,0.15008854866027832
8,1,30,0.43976718187332153,0.7743905186653137,0.5241140586445269,0.9559517174934837,0.13822276890277863
8,1,31,0.5570405721664429,0.67073655128479,0.4769510717376188,0.8457245070385485,0.06183228641748428
8,1,32,0.5642024278640747,0.6300626397132874,0.5949465217122379,0.7940392882322741,0.04713590443134308
9,1,0,0.5619099140167236,0.45294269919395447,0.5978086949169252,0.2973367150064654,0.9722635746002197
9,1,1,0.6181392669677734,0.5738438963890076,0.6313724371192182,0.29112005972817756,0.9746505618095398
9,1,2,0.6186100244522095,0.5791925191879272,0.6230003395555346,0.2924392149078946,0.9747501015663147
9,1,3,0.6144919991493225,0.5775023102760315,0.6232530108584083,0.29169592434734204,0.9739489555358887
9,1,4,0.596773087978363,0.5592107176780701,0.6448234903024852,0.28887711592277,0.9686939120292664
9,1,5,0.5886896848678589,0.5548145771026611,0.6477322569899886,0.28857046130357167,0.9663162231445312
9,1,6,0.5422975420951843,0.5455751419067383,0.6389378497647225,0.28327707584706946,0.9649423956871033
9,1,7,0.6586846113204956,0.4951975643634796,0.6070944240002261,0.2970024813317707,0.9730176329612732
9,1,8,0.637864351272583,0.5130900740623474,0.6473720314241233,0.29733951840436146,0.9738273620605469
9,1,9,0.6348890066146851,0.3501933217048645,0.6001722116846583,0.31748369630129264,0.9631068110466003
9,1,10,0.6324427723884583,0.2788073420524597,0.6147936410649069,0.3094065016584228,0.9627603888511658
9,1,11,0.6215781569480896,0.7008774876594543,0.48336487950755114,0.5169777342381636,0.9316458106040955
9,1,12,0.5392212867736816,0.7089236974716187,0.6072708839921013,0.5109749930343335,0.9442538022994995
9,1,13,0.5933389663696289,0.6994953751564026,0.44497412100136513,0.7676033604061241,0.5705828070640564
9,1,14,0.46874213218688965,0.5808768272399902,0.5962888660716987,0.7115655439588102,0.3407454788684845
9,1,15,0.5001935958862305,0.46625399589538574,0.3603648135786178,0.6921023290821714,0.49992790818214417
9,1,16,0.43266943097114563,0.3421931862831116,0.5551769954007882,0.6128963043566308,0.2146114856004715
9,1,17,0.4899108111858368,0.31392902135849,0.33099100701206285,0.656405260497731,0.47671008110046387
9,1,18,0.4191710650920868,0.3236212730407715,0.560590062075046,0.6016269900023218,0.23106487095355988
9,1,19,0.5008330345153809,0.31463542580604553,0.33824163611261027,0.6291803943931423,0.48441582918167114
9,1,20,0.4331848621368408,0.3151317536830902,0.5377260848398282,0.5736903233069517,0.2367817759513855
9,1,21,0.5212887525558472,0.4085215628147125,0.39786339382941105,0.6506865513368609,0.438533216714859
9,1,22,0.40513551235198975,0.3797808289527893,0.5226225020367018,0.5949037284615668,0.23623605072498322
9,1,23,0.6642212867736816,1.4462120532989502,0.543753525671253,1.3005880774809329,0.2845522165298462
9,1,24,0.6160776019096375,1.48293137550354,0.6280595446365012,1.3087147113296795,0.23570144176483154
9,1,25,0.6915678381919861,0.7544748187065125,0.5966944757684468,0.8058000392301792,0.3543435335159302
9,1,26,0.48314839601516724,0.7932892441749573,0.5763160374282575,0.8729298583921692,0.14436054229736328
9,1,27,0.5189523100852966,0.5721051692962646,0.48419341405195254,0.8814583710059388,0.10884029418230057
9,1,28,0.5530236959457397,0.5612459778785706,0.5637271109611695,0.8549100544976781,0.0465497188270092
9,1,29,0.4459317922592163,0.5713396072387695,0.4489206468254694,0.9337537665735935,0.15982124209403992
9,1,30,0.509164571762085,0.5543379187583923,0.5215240564126558,0.8855629709638995,0.1347775161266327
9,1,31,0.6001790761947632,0.40409785509109497,0.4983696368016557,0.768230471290993,0.09191957861185074
9,1,32,0.7152121067047119,0.3489297032356262,0.6158481635968849,0.7159260286955252,0.06090772897005081
10,1,0,0.612510085105896,0.6529564261436462,0.6003556680251573,0.3595770526662423,0.974324643611908
10,1,1,0.6571409106254578,0.6599311232566833,0.6358382476660773,0.35569518350623336,0.9763745069503784
10,1,2,0.6631783246994019,0.6637004613876343,0.6299664154692254,0.35744810356448803,0.9762188792228699
10,1,3,0.6644518971443176,0.6625975966453552,0.6303963208579835,0.35664114814918096,0.9755808711051941
10,1,4,0.6439691781997681,0.652908205986023,0.6446755443854602,0.3526061469778417,0.970927357673645
10,1,5,0.6446132063865662,0.6515599489212036,0.6471920764509542,0.3521151395136833,0.9685084819793701
10,1,6,0.6405463814735413,0.6475363373756409,0.6392164124651704,0.3470463308237506,0.9674923419952393
10,1,7,0.7006906270980835,0.6629266142845154,0.6233482257859032,0.36106611298709657,0.9741396307945251
10,1,8,0.6738925576210022,0.647285521030426,0.6519682421602736,0.3585768401817764,0.9746976494789124
10,1,9,0.6749796867370605,0.6444687843322754,0.6131558265063541,0.3746636983633568,0.9648130536079407
10,1,10,0.6351317167282104,0.4903647303581238,0.6183177438035,0.340913558338199,0.9646416902542114
10,1,11,0.7054482102394104,0.760479211807251,0.522080765397402,0.559453851269053,0.9261982440948486
10,1,12,0.689830482006073,0.774711549282074,0.6216025824928573,0.5570085541417661,0.944069504737854
10,1,13,0.6051809191703796,0.7695223689079285,0.4728518469263313,0.7679356960676997,0.5915786027908325
10,1,14,0.47477513551712036,0.679029107093811,0.5751682707928131,0.7059256435306654,0.34274473786354065
10,1,15,0.49334970116615295,0.640044093132019,0.3834867934546139,0.6830729148912257,0.5145809650421143
10,1,16,0.3789985477924347,0.5173130035400391,0.5245052458562618,0.5962960435270033,0.23932670056819916
10,1,17,0.48702171444892883,0.6093855500221252,0.3581388667978848,0.6482507299000505,0.4886046350002289
10,1,18,0.42869147658348083,0.4016069769859314,0.5376574015456701,0.566780090097899,0.2540149986743927
10,1,19,0.5111536383628845,0.603609561920166,0.3683419814261493,0.624748551493947,0.49372389912605286
10,1,20,0.4392225444316864,0.3995782136917114,0.5206169253835728,0.5433804281179817,0.25943389534950256
10,1,21,0.5183271169662476,0.6159892678260803,0.41880040991730044,0.6446714214621191,0.45096588134765625
10,1,22,0.3564872741699219,0.4943995773792267,0.4937079903857686,0.5774463109904248,0.26043060421943665
10,1,23,0.8351064324378967,1.482722520828247,0.5946493908682025,1.3323023560465934,0.2572130262851715
10,1,24,0.798593282699585,1.531691312789917,0.6577416254142562,1.3475881500421167,0.2139235883951187
10,1,25,0.7554623484611511,0.8249824643135071,0.6243200302152234,0.8091237600944008,0.3704717457294464
10,1,26,0.5545781850814819,0.876646876335144,0.5725491852998924,0.8735736018200183,0.1403520107269287
10,1,27,0.5086327791213989,0.5177718997001648,0.4884286891829614,0.8177874948226174,0.13859695196151733
10,1,28,0.5102927684783936,0.5619720220565796,0.5544589149831122,0.8037331121255717,0.051254186779260635
10,1,29,0.41140761971473694,0.5088460445404053,0.44241709468497414,0.8592289019933819,0.1808241456747055
10,1,30,0.4413018226623535,0.5472915768623352,0.5075983090076278,0.8263859664297012,0.13192418217658997
10,1,31,0.5616973042488098,0.2505832612514496,0.5093570664488988,0.6771913222772908,0.1321597844362259
10,1,32,0.5724806189537048,0.2803373336791992,0.6083283740725094,0.6395035310334668,0.0736522302031517
11,1,0,0.5861304998397827,0.14762912690639496,0.5978912299446223,0.3226411981878383,0.9768326282501221
11,1,1,0.5932133197784424,0.12022652477025986,0.6284474127430456,0.31463214675423795,0.9786688089370728
11,1,2,0.6061630845069885,0.12004131078720093,0.6258414375310576,0.3160447266782169,0.978534460067749
11,1,3,0.6187689304351807,0.11939108371734619,0.6283821017370109,0.3152652898242236,0.9779627323150635
11,1,4,0.5597553849220276,0.12483041733503342,0.629932307110226,0.31289366778987276,0.973772406578064
11,1,5,0.5519408583641052,0.127085343003273,0.6306500995748283,0.31288459161871124,0.9716000556945801
11,1,6,0.54449063539505,0.12919668853282928,0.6227659210632277,0.3090756092096757,0.9706965088844299
11,1,7,0.6318638324737549,0.1388603150844574,0.6248232660850678,0.3223309815724303,0.976642370223999
11,1,8,0.5423377752304077,0.152165487408638,0.6329208182179139,0.32261188870337765,0.977168083190918
11,1,9,0.6217045783996582,0.18544957041740417,0.6146366042228992,0.3417117862067268,0.9680852890014648
11,1,10,0.5905135273933411,0.18244534730911255,0.6134988320163014,0.313341073107727,0.9678838849067688
11,1,11,0.6711850762367249,0.37924516201019287,0.5480177310614717,0.5280786899506301,0.9327848553657532
11,1,12,0.44608861207962036,0.37090232968330383,0.5910473172990903,0.524600931639055,0.9493560194969177
11,1,13,0.8049346804618835,0.6958926916122437,0.5309339878638378,0.75543295680387,0.5589752793312073
11,1,14,0.32510843873023987,0.6914751529693604,0.5315380960079672,0.7034221426100541,0.3602493703365326
11,1,15,0.7648864984512329,0.8730862140655518,0.45029194555429436,0.7161643723600061,0.4730479419231415
11,1,16,0.23987843096256256,0.839767336845398,0.4747930844958745,0.6387652411752035,0.26199275255203247
11,1,17,0.7722606062889099,0.9232914447784424,0.4307463281591828,0.6962701011014667,0.4511026442050934
11,1,18,0.23034073412418365,0.8508318662643433,0.48394593266995456,0.6163871619021006,0.2793594002723694
11,1,19,0.7671610713005066,0.908431351184845,0.43823514643202305,0.6742894683453422,0.4562649726867676
11,1,20,0.24070125818252563,0.8414579629898071,0.47173465944141546,0.595458702073512,0.2858198583126068
11,1,21,0.7497474551200867,0.891433835029602,0.47668162739442044,0.687718193900555,0.41923758387565613
11,1,22,0.27478888630867004,0.8735527396202087,0.4555469505589489,0.6291777208682534,0.28622710704803467
11,1,23,0.7506145238876343,0.9757424592971802,0.6217852699901704,1.2698986913414172,0.27953076362609863
11,1,24,0.5472656488418579,1.0260981321334839,0.6385466611003937,1.2913811075665034,0.23894460499286652
11,1,25,0.5538473725318909,0.8195133209228516,0.6120906077654746,0.8109234768431112,0.3747681975364685
11,1,26,0.2634628713130951,0.9240883588790894,0.5185276246294683,0.8823344805830948,0.14084580540657043
11,1,27,0.5304743647575378,1.0923683643341064,0.4957189484150454,0.8657253456682543,0.13170956075191498
11,1,28,0.37182849645614624,1.0748236179351807,0.5226589885603827,0.8510573964477852,0.049034204334020615
11,1,29,0.5541052222251892,1.1474617719650269,0.4618229422598582,0.9095695836557336,0.17149397730827332
11,1,30,0.3878383934497833,1.1132279634475708,0.48678461441481363,0.8764827266676336,0.12362441420555115
11,1,31,0.42315611243247986,0.9363594651222229,0.4943909903251298,0.7224160014666436,0.12700903415679932
11,1,32,0.3083534240722656,0.9372290372848511,0.5559137574873407,0.6915166056511934,0.07070014625787735
12,1,0,0.6426541209220886,0.13199597597122192,0.6056532771016152,0.28943845514888644,0.978779137134552
12,1,1,0.6324886679649353,0.11025173217058182,0.6291473256289727,0.2790230046202371,0.9805067777633667
12,1,2,0.625575065612793,0.11129923164844513,0.6257953094502196,0.2803716098613953,0.980444073677063
12,1,3,0.6192118525505066,0.1119156926870346,0.6267936506559647,0.27983685161928556,0.9799233675003052
12,1,4,0.6524320840835571,0.11244090646505356,0.6338312359228223,0.277972875959295,0.9759828448295593
12,1,5,0.6577098369598389,0.11536374688148499,0.6353398493793168,0.27847756201444995,0.9740337133407593
12,1,6,0.6627529859542847,0.11796291172504425,0.6296988005929005,0.2757911863989939,0.9732128381729126
12,1,7,0.6141316294670105,0.1298578977584839,0.6229712018663696,0.2888081796426868,0.9787735939025879
12,1,8,0.6672949194908142,0.1384417563676834,0.6388795203542093,0.2905431394857725,0.9792024493217468
12,1,9,0.6389560699462891,0.1621171534061432,0.6188511114403565,0.3104438207060135,0.9707565903663635
12,1,10,0.6584516763687134,0.16613292694091797,0.6212938518468339,0.2877362522130098,0.9704304337501526
12,1,11,0.4100710153579712,0.277478963136673,0.5240311049588249,0.4843561564765436,0.9393612146377563
12,1,12,0.7281374335289001,0.3160366117954254,0.614884220048568,0.48825791537849184,0.9541710615158081
12,1,13,0.2826797366142273,0.5943322777748108,0.4876252549816115,0.7274000353774811,0.5289132595062256
12,1,14,0.5580195784568787,0.621027410030365,0.5361273387044007,0.6891183999489756,0.34337255358695984
12,1,15,0.20051418244838715,0.837209939956665,0.4067156190104414,0.7372017160796669,0.43599075078964233
12,1,16,0.3546794652938843,0.8187494277954102,0.4539168735327342,0.6701013385099316,0.25531500577926636
12,1,17,0.15642231702804565,0.8851715922355652,0.38285321934356054,0.7291666604825309,0.41829875111579895
12,1,18,0.3352789282798767,0.865847110748291,0.45808483893800966,0.6599091094252653,0.27273041009902954
12,1,19,0.21828708052635193,0.8828164935112,0.39989746470775295,0.7106250335231812,0.4224247336387634
12,1,20,0.27891045808792114,0.8652018308639526,0.43814834784982026,0.6425478333500185,0.27842968702316284
12,1,21,0.2398597002029419,0.8696049451828003,0.435381158038343,0.7193869039318188,0.3887998163700104
12,1,22,0.2845786213874817,0.8532154560089111,0.42578704060174705,0.6682352301127921,0.2783353626728058
12,1,23,0.5508925318717957,0.7767519354820251,0.6094828949920782,1.1832389914410701,0.34952545166015625
12,1,24,0.7819863557815552,0.7926552891731262,0.6634929328380829,1.2037274132954388,0.3113000988960266
12,1,25,0.27223849296569824,0.8846500515937805,0.5526389119111662,0.8237189747226755,0.41524067521095276
12,1,26,0.5779099464416504,0.9212775230407715,0.5288290434924215,0.8890861212606853,0.15197503566741943
12,1,27,0.4374266564846039,1.126139521598816,0.4856067196679172,0.9111718370562758,0.1405101716518402
12,1,28,0.4964199662208557,1.0270601511001587,0.5181115248094399,0.8816959539660185,0.05326228588819504
12,1,29,0.5260931849479675,1.181466817855835,0.472974105201588,0.9570355101659482,0.18409962952136993
12,1,30,0.4788621664047241,1.077520728111267,0.48541233976330267,0.9115052014168403,0.1516730934381485
12,1,31,0.2826835811138153,1.119812250137329,0.4574965102237224,0.7920482462490335,0.12368878722190857
12,1,32,0.3353477418422699,0.9855461120605469,0.5174646371892416,0.7428798876148236,0.07249666750431061
13,1,0,0.6789729595184326,0.1537724882364273,0.6183780747064418,0.2658494606390235,0.9800245761871338
13,1,1,0.6680400967597961,0.13232925534248352,0.6358902953343948,0.25350829734436364,0.9817265868186951
13,1,2,0.6573857665061951,0.13234877586364746,0.6312710572440846,0.2546247222156138,0.9819141626358032
13,1,3,0.6475428342819214,0.1325913369655609,0.6303890532482338,0.254225763939595,0.9812673330307007
13,1,4,0.7014766335487366,0.13659797608852386,0.6455692321648588,0.2533871692832034,0.9774442911148071
13,1,5,0.7128564715385437,0.139265775680542,0.6487946937033463,0.25426959176869046,0.9759061932563782
13,1,6,0.7236976623535156,0.14170560240745544,0.6460225715807171,0.25247819879684524,0.9749389290809631
13,1,7,0.6315509080886841,0.15090647339820862,0.6244573452217251,0.2648289040209769,0.9805589318275452
13,1,8,0.7377882599830627,0.1613430380821228,0.6560584412354552,0.26808280911512905,0.9809650778770447
13,1,9,0.6651929616928101,0.17772988975048065,0.6268873565121765,0.28737010223749754,0.9729302525520325
13,1,10,0.697504460811615,0.1824856847524643,0.6345215079484993,0.26945226151560703,0.9724733829498291
13,1,11,0.4045591652393341,0.289556086063385,0.5032682409854269,0.4504251231354956,0.9453330636024475
13,1,12,0.8357927799224854,0.31682032346725464,0.6533918239321533,0.45841715536248273,0.9585997462272644
13,1,13,0.2910001575946808,0.5577875971794128,0.4533754970784097,0.6978783729887985,0.532760739326477
13,1,14,0.6662814021110535,0.596799910068512,0.5587534325184527,0.6730871198288693,0.3253784775733948
13,1,15,0.17904342710971832,0.8104603290557861,0.36702123625439154,0.7499157039650235,0.41324448585510254
13,1,16,0.5668356418609619,0.7573567032814026,0.473536633491859,0.6852509585661377,0.2398812174797058
13,1,17,0.13839422166347504,0.8568583130836487,0.34021106594964207,0.7513633817853218,0.3975742757320404
13,1,18,0.5820801258087158,0.7975229620933533,0.47963618231138216,0.6838382169580359,0.2574784755706787
13,1,19,0.1727110594511032,0.8577494025230408,0.36028884860294724,0.7362146652345015,0.40078049898147583
13,1,20,0.5326354503631592,0.7947639226913452,0.454556526625839,0.6690277014155559,0.26295724511146545
13,1,21,0.194297194480896,0.8455042243003845,0.39333140709303094,0.7413091307530874,0.3708517849445343
13,1,22,0.5212714672088623,0.7830607891082764,0.44236897772546807,0.6881883077274427,0.2637523114681244
13,1,23,0.5438681840896606,0.7267453670501709,0.598098182922852,1.103103695634307,0.41438981890678406
13,1,24,0.8144997954368591,0.7314685583114624,0.6897613273128378,1.1207866241801345,0.37971511483192444
13,1,25,0.3756530284881592,0.9425973892211914,0.521827036202319,0.8443786816027709,0.4545665383338928
13,1,26,0.6570504307746887,0.9194618463516235,0.5511183994880702,0.8943510806980131,0.1749734878540039
13,1,27,0.44233405590057373,1.142048954963684,0.47810339518874523,0.9514289845733784,0.1619160771369934
13,1,28,0.6196956038475037,1.096943736076355,0.5357564520425069,0.9192105713816647,0.06250979006290436
13,1,29,0.5068735480308533,1.2090165615081787,0.47885045581357344,1.0009995418781334,0.2250591516494751
13,1,30,0.5985966324806213,1.1473686695098877,0.5050790626030763,0.9526377931741525,0.19465427100658417
13,1,31,0.33517152070999146,1.2639821767807007,0.43623545418047227,0.8749263442637651,0.12678545713424683
13,1,32,0.5522689819335938,1.1095631122589111,0.5234979147521086,0.8070745826923438,0.07657323032617569
14,1,0,0.6910770535469055,0.1481851041316986,0.6309949241569662,0.24540143922975627,0.981736421585083
14,1,1,0.6688241362571716,0.12592926621437073,0.6415991244348883,0.2313308040902651,0.983273446559906
14,1,2,0.6534269452095032,0.12578774988651276,0.6351103705481227,0.23222772171258058,0.9835344552993774
14,1,3,0.6382531523704529,0.1262156218290329,0.6317512102074795,0.231973049959143,0.9828894138336182
14,1,4,0.7125349044799805,0.129293754696846,0.6571890560978896,0.23181782833699294,0.9792312383651733
14,1,5,0.7262440919876099,0.13115294277668,0.6622378616966674,0.23287065226911172,0.9779271483421326
14,1,6,0.7407427430152893,0.13307562470436096,0.6624719930613469,0.23172711274154584,0.9769794344902039
14,1,7,0.6120255589485168,0.14089329540729523,0.6223037266133281,0.24328705105871073,0.9823201298713684
14,1,8,0.7518516778945923,0.1477971374988556,0.6726947347406647,0.2471776654603311,0.9826313853263855
14,1,9,0.6681918501853943,0.16899284720420837,0.6340489795657592,0.2667977202519357,0.9753478765487671
14,1,10,0.7104474306106567,0.1737227439880371,0.6476996544107158,0.2528269712232451,0.9747499823570251
14,1,11,0.38168594241142273,0.25871431827545166,0.4821371618034526,0.41703507295652675,0.950756311416626
14,1,12,0.8572007417678833,0.28613877296447754,0.6889010446305486,0.428429141918838,0.9626631140708923
14,1,13,0.2722156345844269,0.4956643283367157,0.42183380363732226,0.6626479028930752,0.5587190389633179
14,1,14,0.7070614099502563,0.5380670428276062,0.5845496603901207,0.6496106367054179,0.30893856287002563
14,1,15,0.20788049697875977,0.7213217616081238,0.3393315054074164,0.7449597564050603,0.3910605311393738
14,1,16,0.629831850528717,0.6605611443519592,0.5007285877194569,0.6809722194445547,0.2216006964445114
14,1,17,0.16920152306556702,0.7657772302627563,0.310445807225005,0.7538604734029987,0.37354224920272827
14,1,18,0.6453609466552734,0.6924213171005249,0.5084766772861594,0.6853249411795471,0.23793676495552063
14,1,19,0.20694537460803986,0.7643752098083496,0.33361271318724683,0.7410952960881966,0.37617751955986023
14,1,20,0.5939844250679016,0.6885501146316528,0.4788016954704988,0.6724104050783034,0.242924302816391
14,1,21,0.23810377717018127,0.7509974241256714,0.3663255329914676,0.7429873298213248,0.3482993543148041
14,1,22,0.5834137797355652,0.6787920594215393,0.4668965852470326,0.6865606996522664,0.2440507411956787
14,1,23,0.5077927708625793,0.6789711117744446,0.5824177566218837,1.0287182429633441,0.47285693883895874
14,1,24,0.8263121843338013,0.6802577972412109,0.7135048823834024,1.0434884110560356,0.4415315091609955
14,1,25,0.4302416145801544,0.8967814445495605,0.5059233170902913,0.8534675890812512,0.4828532040119171
14,1,26,0.7324874997138977,0.914994478225708,0.5826969498933185,0.8979281149016951,0.18537646532058716
14,1,27,0.5367645025253296,1.1205424070358276,0.48827966863878436,0.9808627747796126,0.21598444879055023
14,1,28,0.7045138478279114,0.9520806074142456,0.5651282525819382,0.9249082489418031,0.08307218551635742
14,1,29,0.5976872444152832,1.1672395467758179,0.49950292455329537,1.02993049285967,0.29219603538513184
14,1,30,0.8499608635902405,1.085101842880249,0.5654202514617734,0.9756675723908999,0.2539363205432892
14,1,31,0.45749884843826294,1.2373989820480347,0.4399199829728769,0.9383786209904682,0.1786910444498062
14,1,32,0.734826922416687,1.1146973371505737,0.5603255407014964,0.8608369331035887,0.10728078335523605
15,1,0,0.6678377985954285,0.15030626952648163,0.6373821061594133,0.22888667011418007,0.98311847448349
15,1,1,0.6456261873245239,0.12757590413093567,0.6422965789462296,0.21330752653157256,0.9844996929168701
15,1,2,0.6302188634872437,0.12723183631896973,0.6342631814370456,0.21398819894495794,0.9848976731300354
15,1,3,0.6146933436393738,0.12754005193710327,0.6287957781307817,0.2138316164926184,0.9842323064804077
15,1,4,0.683883547782898,0.12952397763729095,0.6618154702172678,0.21404912070961246,0.9804819226264954
15,1,5,0.6946066617965698,0.130141481757164,0.667848643460918,0.21502609615422458,0.9794458746910095
15,1,6,0.7064124941825867,0.13108807802200317,0.6700912521041165,0.21424672208890527,0.9783520698547363
15,1,7,0.5816960334777832,0.14141197502613068,0.6152630990784488,0.2255912785279151,0.9838209748268127
15,1,8,0.7121253609657288,0.14533182978630066,0.6795310536931444,0.22948699934278116,0.9836997389793396
15,1,9,0.6406805515289307,0.17149542272090912,0.6351976046799449,0.2502468554351904,0.9772568345069885
15,1,10,0.680524468421936,0.17450983822345734,0.6533895644262819,0.2392327605892928,0.9760862588882446
15,1,11,0.3368490934371948,0.2641366124153137,0.456867976029367,0.39043563413885973,0.9556311964988708
15,1,12,0.8136417269706726,0.27263250946998596,0.7105833095371146,0.4013232887464303,0.9662855267524719
15,1,13,0.24995554983615875,0.4959382116794586,0.39191616925956174,0.6336337337417401,0.564877986907959
15,1,14,0.6900983452796936,0.521364152431488,0.6028851674095546,0.6273163766700613,0.2913269102573395
15,1,15,0.2026531845331192,0.7089515328407288,0.31556591367142506,0.7387173760039061,0.37179291248321533
15,1,16,0.5939170718193054,0.5993428230285645,0.5169109264591671,0.6668016842806821,0.20277097821235657
15,1,17,0.1842709630727768,0.7585046291351318,0.28851351519168866,0.7546648051061352,0.3529214859008789
15,1,18,0.6044647693634033,0.6142209768295288,0.5251465229309633,0.6729854965264023,0.21815703809261322
15,1,19,0.20478269457817078,0.762748658657074,0.3112172386435316,0.744847415491356,0.3551057279109955
15,1,20,0.5419929623603821,0.609028697013855,0.4897650909243211,0.6614136648003764,0.22267787158489227
15,1,21,0.2329425811767578,0.7392304539680481,0.3431351130231526,0.7423366695532706,0.3283841907978058
15,1,22,0.5332379937171936,0.6065945029258728,0.4784076387502268,0.6726796631076406,0.22432024776935577
15,1,23,0.442638099193573,0.6635823249816895,0.5581106762377637,0.9647901962935286,0.5255149006843567
15,1,24,0.7377172112464905,0.6572109460830688,0.7177008040549304,0.9758166199648493,0.49723976850509644
15,1,25,0.42883941531181335,0.853921115398407,0.49254359217143784,0.8535461275892181,0.491468220949173
15,1,26,0.7217543721199036,0.8909507989883423,0.6068781217156283,0.8967195900859545,0.22776882350444794
15,1,27,0.5094054937362671,1.082276463508606,0.4919403613789746,0.9984780241555372,0.26317211985588074
15,1,28,0.6877546310424805,0.9480932950973511,0.5864417801348343,0.928925975640457,0.13265205919742584
15,1,29,0.5445885062217712,1.1224688291549683,0.5073210061378395,1.045999733465718,0.35323548316955566
15,1,30,0.7282426357269287,0.9467900395393372,0.5937546536799684,0.9706624285501548,0.3200554847717285
15,1,31,0.47373461723327637,1.2225462198257446,0.44578161099169444,0.9880088934974307,0.2328808456659317
15,1,32,0.7003273963928223,1.1272882223129272,0.5846715695022174,0.9073477316590274,0.16303259134292603
16,1,0,0.6678290963172913,0.15419849753379822,0.642659466412763,0.21592380743502917,0.98470139503479
16,1,1,0.6458054780960083,0.13219718635082245,0.6429042821460603,0.1992273606691671,0.9859305024147034
16,1,2,0.6305966377258301,0.13222576677799225,0.633628174209839,0.19979455939024537,0.9863251447677612
16,1,3,0.6156887412071228,0.13297156989574432,0.6265251322838786,0.1997950078522152,0.985706627368927
16,1,4,0.6842879056930542,0.132956862449646,0.6657096676355777,0.19997209786789824,0.9822525978088379
16,1,5,0.6953009963035583,0.13314716517925262,0.6726065106404912,0.20081217760477493,0.9813491106033325
16,1,6,0.7070362567901611,0.1336747705936432,0.6764961527195369,0.20026024286049596,0.980333149433136
16,1,7,0.5860881209373474,0.14825205504894257,0.6102064264048156,0.21216724687190044,0.9853581190109253
16,1,8,0.7065109610557556,0.1486973613500595,0.684206971779938,0.21546262528358942,0.9852153658866882
16,1,9,0.6380170583724976,0.17548148334026337,0.6356858936179168,0.23727054961070337,0.9793835878372192
16,1,10,0.6787342429161072,0.17676226794719696,0.6577818682169575,0.22839434136833292,0.9782437682151794
16,1,11,0.34028318524360657,0.2740868330001831,0.43660829215491753,0.3702167360619803,0.9600360989570618
16,1,12,0.8006155490875244,0.27469733357429504,0.7262164021031658,0.3793117570634144,0.9696118831634521
16,1,13,0.24754418432712555,0.5028933882713318,0.3668068340124621,0.6109040651395148,0.566145658493042
16,1,14,0.6643319129943848,0.5157435536384583,0.6135454205124643,0.6079302971671275,0.2784467935562134
16,1,15,0.20424646139144897,0.7236245274543762,0.29622429619321966,0.7361025290004107,0.3527041971683502
16,1,16,0.5941577553749084,0.607898473739624,0.5303186354455296,0.6565832815920383,0.18621401488780975
16,1,17,0.18163563311100006,0.7699031233787537,0.2699461394783723,0.7573048110227525,0.3333696126937866
16,1,18,0.6126245260238647,0.6272125840187073,0.5403346747175166,0.6650480523028814,0.2005569189786911
16,1,19,0.20659473538398743,0.7749817967414856,0.2930429917193483,0.7500704782453165,0.33502647280693054
16,1,20,0.554221510887146,0.6228113174438477,0.5009484627012823,0.6547211196991995,0.20462557673454285
16,1,21,0.22999079525470734,0.7512277364730835,0.32347527862486275,0.7438767420863437,0.3101535439491272
16,1,22,0.5405069589614868,0.6193676590919495,0.4891813137232107,0.6634328075611917,0.20682404935359955
16,1,23,0.4473637342453003,0.6440348029136658,0.5388688747621372,0.9087056359450617,0.5728962421417236
16,1,24,0.7309774160385132,0.6341295838356018,0.7200008439198594,0.9160349300390079,0.5473271608352661
16,1,25,0.4167729616165161,0.8797143697738647,0.47939234318448337,0.8580812639457759,0.5086224675178528
16,1,26,0.7062133550643921,0.8620554208755493,0.6241314154250998,0.8907104970162486,0.25813859701156616
16,1,27,0.4890366792678833,1.0897893905639648,0.4914374842069189,1.0143337822232328,0.3092952370643616
16,1,28,0.6884176135063171,0.9481635093688965,0.6041551570293091,0.9322592507447457,0.16365943849086761
16,1,29,0.5239278674125671,1.1346994638442993,0.5101982643446752,1.0614006933887317,0.4084998667240143
16,1,30,0.7377244830131531,1.0160529613494873,0.6187942604021369,0.9785333864593828,0.37335696816444397
16,1,31,0.45461055636405945,1.1994868516921997,0.44731092567503616,1.0248643517995282,0.28288570046424866
16,1,32,0.6798630356788635,1.1148433685302734,0.6012030573487505,0.9435043054346066,0.20409661531448364
17,1,0,0.6177554130554199,0.15632489323616028,0.6383435900470978,0.20558450630464384,0.9854497909545898
17,1,1,0.5966858267784119,0.1308283507823944,0.6348894848548412,0.18735829886320543,0.9866580963134766
17,1,2,0.5814139246940613,0.13078822195529938,0.6245720130478108,0.18781989319085243,0.9872288107872009
17,1,3,0.5665393471717834,0.13130038976669312,0.616118635036119,0.18790932342850872,0.9866113066673279
17,1,4,0.6297510266304016,0.1323476880788803,0.6594759537252344,0.18823772005326828,0.9830671548843384
17,1,5,0.6374030113220215,0.13284148275852203,0.6665038446065213,0.189017588721828,0.9823769330978394
17,1,6,0.6454029679298401,0.13360130786895752,0.6711066930999717,0.18869373473069584,0.9812852740287781
17,1,7,0.5275996923446655,0.14826764166355133,0.5958658684092015,0.20108043461782352,0.98637855052948
17,1,8,0.6380437016487122,0.14826342463493347,0.6762017508620207,0.20380217209173968,0.9859016537666321
17,1,9,0.5823918581008911,0.18167567253112793,0.6264421543101562,0.22762702369217624,0.9804498553276062
17,1,10,0.6166625618934631,0.18315550684928894,0.6506524120119208,0.22054961388265423,0.9788195490837097
17,1,11,0.3065631687641144,0.28019121289253235,0.41400035103596283,0.3545845773254562,0.9639623761177063
17,1,12,0.7133809328079224,0.28420084714889526,0.7239928152320791,0.3627940914860371,0.9724171161651611
17,1,13,0.2046634405851364,0.4939285218715668,0.3385915906285186,0.5905758249264806,0.5690690279006958
17,1,14,0.5610414743423462,0.503258228302002,0.6044388059920108,0.5897469889703828,0.2729463577270508
17,1,15,0.15962739288806915,0.6875342726707458,0.27247272841207937,0.7276795926522218,0.33755943179130554
17,1,16,0.5092115998268127,0.5852721333503723,0.5266611456956828,0.6442077730135456,0.1757161021232605
17,1,17,0.14753130078315735,0.739842414855957,0.24866964065071476,0.7542792159783485,0.3172152042388916
17,1,18,0.5182286500930786,0.6028591394424438,0.5365039560222671,0.6542586091929451,0.19025146961212158
17,1,19,0.16309034824371338,0.7408708930015564,0.27045137050739915,0.7484769245860148,0.31782472133636475
17,1,20,0.47982141375541687,0.5943102836608887,0.4972874961039109,0.6442407447579098,0.19428852200508118
17,1,21,0.18328815698623657,0.7200549840927124,0.2990967463521082,0.7397485312763393,0.29343411326408386
17,1,22,0.47309261560440063,0.5898529887199402,0.48639383752799464,0.6506627733570198,0.19581332802772522
17,1,23,0.44984444975852966,0.6888522505760193,0.5234112737064267,0.8703789734237822,0.6154670715332031
17,1,24,0.7080568671226501,0.6831466555595398,0.7179317554009184,0.8754200035710549,0.5921662449836731
17,1,25,0.3983094394207001,0.9055070877075195,0.46531682909263883,0.8663057339101511,0.5026559233665466
17,1,26,0.6834060549736023,0.8591408133506775,0.6344143472186288,0.8852383486813361,0.2654835283756256
17,1,27,0.4380476474761963,1.1271194219589233,0.4821770820737422,1.0339310784101001,0.33039388060569763
17,1,28,0.6505383849143982,0.9392036199569702,0.6121985994734677,0.9334620545931409,0.18019360303878784
17,1,29,0.4655909836292267,1.169459581375122,0.5024632323342418,1.0801739294520527,0.43702593445777893
17,1,30,0.7153778076171875,1.0200453996658325,0.6355685328290014,0.9857309653900378,0.40055176615715027
17,1,31,0.3931078314781189,1.212884783744812,0.43790921382596276,1.057608884871897,0.3016214370727539
17,1,32,0.6564429998397827,1.1217788457870483,0.6107848750567619,0.9745421106220644,0.2228890061378479
18,1,0,0.5303964614868164,0.1612320840358734,0.6195896923010685,0.19789370524794025,0.9865322709083557
18,1,1,0.5012805461883545,0.1386052370071411,0.6116594610606747,0.17890331382465455,0.987557053565979
18,1,2,0.4846959710121155,0.1393248736858368,0.6002478021867885,0.17940972480453207,0.9882131218910217
18,1,3,0.46892574429512024,0.1403871476650238,0.5905164409459569,0.17966810998459684,0.9876082539558411
18,1,4,0.5433732867240906,0.13861286640167236,0.6393002323829216,0.17963131833913593,0.9840402603149414
18,1,5,0.5534791350364685,0.13903489708900452,0.6468648031207143,0.1803490341385305,0.9835190773010254
18,1,6,0.5633569359779358,0.13952168822288513,0.6523871828898747,0.1801659808664295,0.9823163151741028
18,1,7,0.4512079060077667,0.15539143979549408,0.5707064899187191,0.19315755569100676,0.9874176383018494
18,1,8,0.5743491649627686,0.15248918533325195,0.6585098751860056,0.1949025432728714,0.986588180065155
18,1,9,0.5046771764755249,0.18455354869365692,0.6052788945461218,0.22015827625669068,0.9817025065422058
18,1,10,0.5460715293884277,0.18529701232910156,0.6324851597935538,0.21443840299389524,0.9796090722084045
18,1,11,0.2706262171268463,0.27102819085121155,0.38906519356046204,0.3400785534389993,0.967494785785675
18,1,12,0.6848082542419434,0.2603290379047394,0.7171991993397978,0.34499533792346315,0.9748748540878296
18,1,13,0.18562225997447968,0.4394392967224121,0.31197994813424684,0.5642841957584454,0.5938085317611694
18,1,14,0.5537240505218506,0.4577392339706421,0.595643008252802,0.5667962441215508,0.2770770788192749
18,1,15,0.15697811543941498,0.6359155774116516,0.2524030412384331,0.7117448356507603,0.346412718296051
18,1,16,0.5101491212844849,0.5096070766448975,0.5238002946311838,0.6208045381936698,0.1744498610496521
18,1,17,0.141612708568573,0.6940181851387024,0.23007093134241607,0.7438247775966729,0.31944769620895386
18,1,18,0.48719704151153564,0.5557169914245605,0.5279526788517961,0.6371435264783272,0.18744084239006042
18,1,19,0.15630584955215454,0.6943559050559998,0.25061703210016284,0.7390894330500531,0.3185850977897644
18,1,20,0.4493420124053955,0.5515008568763733,0.48897266963268515,0.6281361558799722,0.19091226160526276
18,1,21,0.17697031795978546,0.6741414070129395,0.2778703669067044,0.7283648363804502,0.2919618487358093
18,1,22,0.44620320200920105,0.5458022952079773,0.4794255107551457,0.6324467927791014,0.19131086766719818
18,1,23,0.42498987913131714,0.6432299613952637,0.5063172023386585,0.8307721377414132,0.6538226008415222
18,1,24,0.6870393753051758,0.63336580991745,0.7125771341313172,0.8331953255497712,0.6327359676361084
18,1,25,0.44220277667045593,0.885791003704071,0.4613113395316708,0.8696819892876765,0.519618570804596
18,1,26,0.6598166823387146,0.8809833526611328,0.6388166539731441,0.8845014118972913,0.306205689907074
18,1,27,0.4672601819038391,0.9828062057495117,0.4795927501371433,1.0250641361337371,0.38031601905822754
18,1,28,0.6418306231498718,0.9490473866462708,0.6173345852184411,0.9361622263780393,0.23355932533740997
18,1,29,0.49046504497528076,0.9923419952392578,0.5003847476155246,1.0649237849507824,0.48221859335899353
18,1,30,0.6928150653839111,1.022300362586975,0.6454991692884379,0.9920706363100193,0.44968366622924805
18,1,31,0.4102061092853546,1.135722041130066,0.4331078368022141,1.071167985590568,0.34860071539878845
18,1,32,0.592887282371521,1.1171268224716187,0.6076838681638953,0.9993398748809026,0.2692627012729645
19,1,0,0.5152363181114197,0.10926302522420883,0.6014620598855748,0.18250454855873954,0.9873985052108765
19,1,1,0.49921321868896484,0.0851781889796257,0.5921212227638989,0.1626271318649115,0.9883440136909485
19,1,2,0.4907114505767822,0.08539193123579025,0.5812168307863255,0.16308257632538786,0.988922655582428
19,1,3,0.482345849275589,0.08560271561145782,0.5717235216899154,0.16333267298824422,0.9884524345397949
19,1,4,0.5089506506919861,0.08417218178510666,0.6166390538362959,0.16305314699817458,0.9852537512779236
19,1,5,0.5071303248405457,0.0837399959564209,0.6225652526288085,0.16357058380255718,0.9847521185874939
19,1,6,0.5054802894592285,0.08334221690893173,0.6268348987125884,0.16335013396813114,0.983756422996521
19,1,7,0.4476993680000305,0.09596917778253555,0.5493264686422199,0.17627818719341465,0.9881504774093628
19,1,8,0.4856674075126648,0.09275417029857635,0.6284231747700741,0.1771591058250095,0.9874447584152222
19,1,9,0.49241793155670166,0.13191290199756622,0.585668367257478,0.2048361895261006,0.982563316822052
19,1,10,0.5029056072235107,0.1317506581544876,0.6099583855712596,0.2000836764945907,0.9808119535446167
19,1,11,0.3040350675582886,0.2266237735748291,0.37430278295380537,0.32036431901469836,0.9700526595115662
19,1,12,0.512742280960083,0.22780370712280273,0.6815758359132422,0.3246295225116641,0.9771310091018677
19,1,13,0.41215112805366516,0.3698556125164032,0.3293787554970066,0.5304177361241287,0.5514066219329834
19,1,14,0.33723294734954834,0.3949832618236542,0.5505463839236606,0.5368894223761503,0.2702066898345947
19,1,15,0.44027236104011536,0.4355721175670624,0.2851200049125203,0.663523054046992,0.32261303067207336
19,1,16,0.26860755681991577,0.43776339292526245,0.47926941948253465,0.588932739503083,0.16832004487514496
19,1,17,0.4363383650779724,0.4510311186313629,0.2660116830866377,0.6926755345280751,0.30192068219184875
19,1,18,0.22539815306663513,0.4729846715927124,0.47508279200509107,0.6085757631229042,0.18294043838977814
19,1,19,0.4386310577392578,0.4349394738674164,0.28335949428843754,0.6859384607489742,0.30054426193237305
19,1,20,0.23046129941940308,0.46140992641448975,0.4438581738864831,0.5991194289230851,0.1858326941728592
19,1,21,0.44167569279670715,0.43203139305114746,0.30637609432754687,0.6765919171590636,0.2755722403526306
19,1,22,0.21166878938674927,0.46163615584373474,0.43268477501769487,0.6027155851690004,0.18638253211975098
19,1,23,0.4061307907104492,0.5634400844573975,0.4889156255981289,0.7841032624211859,0.6863385438919067
19,1,24,0.6011053919792175,0.5577317476272583,0.693208841368946,0.7850950721662403,0.6676356196403503
19,1,25,0.41147664189338684,0.763109028339386,0.45266844568418424,0.8511675762901909,0.511215090751648
19,1,26,0.6111490726470947,0.7962169051170349,0.6340214603209976,0.8691725282950166,0.3353206217288971
19,1,27,0.4161226749420166,0.9353187680244446,0.4685806127104224,1.009480936792343,0.3926083743572235
19,1,28,0.5897344946861267,1.0001935958862305,0.6125511046668504,0.9472718706764938,0.26404044032096863
19,1,29,0.40228697657585144,0.9579561948776245,0.48334700599900293,1.0463404906095901,0.49819597601890564
19,1,30,0.5716234445571899,1.0584700107574463,0.6326778247835811,1.003591953850638,0.471432089805603
19,1,31,0.4355384111404419,0.970317542552948,0.4335287707283833,1.05365119621274,0.3606410026550293
19,1,32,0.6110245585441589,1.0747246742248535,0.6082624359759387,1.0124241527830737,0.2800026535987854
20,1,0,0.46241295337677,0.08529916405677795,0.5772821775942236,0.16562219704871234,0.9841512441635132
20,1,1,0.443149209022522,0.06739728152751923,0.5662080776425985,0.1460888771681229,0.9865854382514954
20,1,2,0.42933720350265503,0.06777268648147583,0.554795621848535,0.14653038249762582,0.9867318272590637
20,1,3,0.4149397015571594,0.0681624785065651,0.5444451716958302,0.14680480972078835,0.9870560169219971
20,1,4,0.4706510603427887,0.06540051102638245,0.5912472243686336,0.14609290183796997,0.9833634495735168
20,1,5,0.4764469265937805,0.06457690894603729,0.59715064718021,0.1463767365367001,0.9820359945297241
20,1,6,0.48256486654281616,0.06382324546575546,0.6017431575512677,0.14606340190838168,0.9817531704902649
20,1,7,0.3849133849143982,0.07917135953903198,0.5207141900928602,0.15941300439877623,0.9870521426200867
20,1,8,0.48638594150543213,0.07291221618652344,0.6037213752614649,0.15904998956796634,0.9838964939117432
20,1,9,0.44115209579467773,0.1021374985575676,0.5605336443444426,0.186996834575796,0.9805556535720825
20,1,10,0.46827587485313416,0.10057345032691956,0.58531859914879,0.18279982492745234,0.9786404967308044
20,1,11,0.2515910267829895,0.18348127603530884,0.35297426261799997,0.2965624456520587,0.9716907739639282
20,1,12,0.5449129343032837,0.18416428565979004,0.6578124880468784,0.3002021634974376,0.9784890413284302
20,1,13,0.23828381299972534,0.24524709582328796,0.3135605268765429,0.4806109186883715,0.5347604155540466
20,1,14,0.49794116616249084,0.30530253052711487,0.541422127561753,0.49650597666544705,0.26817333698272705
20,1,15,0.39766430854797363,0.23579177260398865,0.30467536466426204,0.5885011817915003,0.29685330390930176
20,1,16,0.385373592376709,0.30360445380210876,0.4629632399508025,0.5390985972697176,0.1567430943250656
20,1,17,0.4071059823036194,0.2415454387664795,0.29054882552881584,0.6134947601459185,0.2791719436645508
20,1,18,0.354055792093277,0.3294093608856201,0.45404776055064355,0.5598269097473477,0.1713898628950119
20,1,19,0.42910411953926086,0.234258234500885,0.3087088974075674,0.6066598387497093,0.27744632959365845
20,1,20,0.349262535572052,0.31786468625068665,0.42743009353726213,0.5500029166881475,0.17386455833911896
20,1,21,0.4279329478740692,0.2404577136039734,0.3275030706844386,0.6000771848694789,0.25491467118263245
20,1,22,0.3571200370788574,0.3147883415222168,0.4195692090149545,0.5524238339736717,0.1750347763299942
20,1,23,0.39683979749679565,0.528066098690033,0.4729266498545574,0.7394212228049147,0.7170667052268982
20,1,24,0.6342253684997559,0.5264942646026611,0.6829765047561291,0.7399620039746947,0.7005153298377991
20,1,25,0.42338407039642334,0.715595006942749,0.44759275562186446,0.8275947168219154,0.5165943503379822
20,1,26,0.6185720562934875,0.7705040574073792,0.6313448359027934,0.8520353282592228,0.38155069947242737
20,1,27,0.4166038930416107,0.9557819962501526,0.4595656910697312,1.0001668238871888,0.41861096024513245
20,1,28,0.6018402576446533,0.9664044380187988,0.6106957061468165,0.9505869656955847,0.31481000781059265
20,1,29,0.39908280968666077,0.9735682606697083,0.4687179378948709,1.0337108290969885,0.517264187335968
20,1,30,0.5823609232902527,1.0631822347640991,0.6239513216643734,1.0139296933391826,0.5071680545806885
20,1,31,0.4486128091812134,0.9353649020195007,0.43614206328404326,1.0330951067738887,0.37451425194740295
20,1,32,0.6562715172767639,1.0603588819503784,0.6165882002413022,1.0207371499381024,0.30679312348365784
21,1,0,0.42779541015625,0.10307715833187103,0.5512790666034144,0.15477082126707856,0.9758016467094421
21,1,1,0.403837114572525,0.08411964774131775,0.5379528500699482,0.13533759603030077,0.9790593981742859
21,1,2,0.38790154457092285,0.08480168133974075,0.5257493714635191,0.13582090916038578,0.9793972373008728
21,1,3,0.37120962142944336,0.08586914837360382,0.5142895320647789,0.1362331748919577,0.9795858263969421
21,1,4,0.4425252377986908,0.08249545842409134,0.5653776896784811,0.13505859447660135,0.9756079912185669
21,1,5,0.45255598425865173,0.08208971470594406,0.5720021371631451,0.1352225540600435,0.9742587804794312
21,1,6,0.46243253350257874,0.0819895789027214,0.5775174990720442,0.13494628324535657,0.9736276268959045
21,1,7,0.35099896788597107,0.09378903359174728,0.4911744226462646,0.14802639303304846,0.98164963722229
21,1,8,0.47359323501586914,0.08988358825445175,0.5810987038386637,0.14704744250966853,0.9742417931556702
21,1,9,0.409090131521225,0.12038733065128326,0.5341885919183432,0.17543887153905077,0.9698503613471985
21,1,10,0.4474004805088043,0.11934603005647659,0.5613361116828643,0.17179047713335294,0.9652708768844604
21,1,11,0.22733411192893982,0.18669113516807556,0.33113481031121916,0.27747291008002883,0.9735265374183655
21,1,12,0.5586428642272949,0.1901296228170395,0.6405878845631471,0.2810775592492891,0.9790472984313965
21,1,13,0.23653748631477356,0.3341902494430542,0.3001914512172228,0.4551428990622573,0.513348400592804
21,1,14,0.5737948417663574,0.3143829107284546,0.5470335013209044,0.4647944798523698,0.2529696226119995
21,1,15,0.39421671628952026,0.3549042046070099,0.3202231097139905,0.5477635858966319,0.2735151946544647
21,1,16,0.4426169693470001,0.2951330840587616,0.4594376491307793,0.49654059373205994,0.1429624855518341
21,1,17,0.3964548408985138,0.36099597811698914,0.3089471750206414,0.569435816379236,0.2581893801689148
21,1,18,0.41411662101745605,0.28683003783226013,0.4471244068566826,0.5121636171935652,0.15677855908870697
21,1,19,0.4050859808921814,0.3437807559967041,0.32544708656011023,0.5607754507930277,0.256320983171463
21,1,20,0.3742977976799011,0.28249236941337585,0.4182142795659988,0.5033051524680137,0.1588306427001953
21,1,21,0.42065051198005676,0.3458203077316284,0.34367867450231243,0.5557093121185688,0.23549896478652954
21,1,22,0.3807308077812195,0.28749749064445496,0.41283557116941483,0.5061806831163596,0.1601184457540512
21,1,23,0.40073850750923157,0.5312681794166565,0.46039862625633,0.7031474389020725,0.7440604567527771
21,1,24,0.6371134519577026,0.525982677936554,0.6750234019824741,0.7026662866663722,0.7292206287384033
21,1,25,0.4166865944862366,0.7155329585075378,0.4422357145945128,0.8081234775965063,0.5098530054092407
21,1,26,0.5926420092582703,0.7806265354156494,0.624634847239055,0.839642828436406,0.40854939818382263
21,1,27,0.42567527294158936,0.8723589777946472,0.4536908740983033,0.9779492131329921,0.4368835389614105
21,1,28,0.6125550270080566,0.9846189618110657,0.6110177046299878,0.9564863240461265,0.3588498830795288
21,1,29,0.41113144159317017,0.9484030604362488,0.45872835692430225,1.018900059035915,0.535442590713501
21,1,30,0.6009043455123901,1.0468658208847046,0.6199575272786628,1.0196389005402766,0.5363798141479492
21,1,31,0.457141637802124,0.9300430417060852,0.43978086397594646,1.0151945190355898,0.39070427417755127
21,1,32,0.600858211517334,1.0034857988357544,0.6138629393434203,1.0177482158358444,0.33315509557724
22,1,0,0.4380011558532715,0.10120035707950592,0.531595729833711,0.14547900970591437,0.9594472646713257
22,1,1,0.41682198643684387,0.08250632137060165,0.5168999836285142,0.12617420591553088,0.964121401309967
22,1,2,0.40078288316726685,0.0834314227104187,0.5040273639096778,0.12673426632278084,0.9646749496459961
22,1,3,0.3830920159816742,0.08493463695049286,0.49148016625233854,0.12733604226288334,0.9647625088691711
22,1,4,0.4554997980594635,0.08099973946809769,0.5462870591453295,0.12568193782169465,0.9593753218650818
22,1,5,0.4659186601638794,0.08075685054063797,0.5535728560239928,0.12577521229444272,0.9575455784797668
22,1,6,0.4766037166118622,0.08084062486886978,0.5599890385882207,0.12556149549743564,0.9560155868530273
22,1,7,0.3600388765335083,0.09367945790290833,0.46837586037225765,0.1385996829580127,0.9679536819458008
22,1,8,0.48772504925727844,0.08958583325147629,0.5648835950467002,0.13707954453787974,0.9557768106460571
22,1,9,0.42056000232696533,0.1184997633099556,0.5144440949337807,0.1655617644898505,0.9489427208900452
22,1,10,0.45955538749694824,0.11861634999513626,0.5436566205034404,0.16256751599601527,0.9408890008926392
22,1,11,0.2347022145986557,0.18252086639404297,0.3143869945258908,0.2609828847635133,0.9749054908752441
22,1,12,0.5781641006469727,0.18973173201084137,0.6297575350868123,0.2652155336822585,0.9788348078727722
22,1,13,0.27427932620048523,0.3038833737373352,0.29570071210764937,0.4288294579985311,0.48944219946861267
22,1,14,0.6087058186531067,0.32064366340637207,0.5577330005858256,0.4397231546462881,0.23705685138702393
22,1,15,0.3989129364490509,0.36930790543556213,0.33388218536723224,0.5166932949865326,0.2523998022079468
22,1,16,0.4607382118701935,0.3194836676120758,0.45966287428211433,0.4657156515536768,0.12999355792999268
22,1,17,0.3863261044025421,0.38105547428131104,0.3223782251569274,0.5366276716506418,0.23954066634178162
22,1,18,0.4311577379703522,0.3170674741268158,0.4443580699913702,0.47817984474498215,0.1429389864206314
22,1,19,0.40242335200309753,0.36248430609703064,0.3388080880214972,0.5262310100130363,0.23755782842636108
22,1,20,0.3834327161312103,0.31013673543930054,0.41218474328537663,0.4696591436676673,0.14466790854930878
22,1,21,0.4184971749782562,0.36217251420021057,0.35666422803142267,0.5219980389539168,0.21823427081108093
22,1,22,0.38671985268592834,0.3124118447303772,0.4083094795517729,0.472429466316646,0.1460724025964737
22,1,23,0.40737679600715637,0.5243558883666992,0.451202138990607,0.6720177564851354,0.7681287527084351
22,1,24,0.6582431793212891,0.5291239023208618,0.6721160870527665,0.6724551704288108,0.7550458312034607
22,1,25,0.42351028323173523,0.7134572267532349,0.4389911789981228,0.7916833300158236,0.5028177499771118
22,1,26,0.6184393763542175,0.7838497161865234,0.6235617736860214,0.829964853206422,0.43339231610298157
22,1,27,0.4335612654685974,0.8810045719146729,0.4502029003229226,0.9611122605957835,0.4503534734249115
22,1,28,0.6349733471870422,0.9873067140579224,0.615169114041516,0.9618284471133131,0.39816737174987793
22,1,29,0.419890820980072,0.9480573534965515,0.4519949634852197,1.0066059808183057,0.5487814545631409
22,1,30,0.6210170984268188,1.0532126426696777,0.6201410210394696,1.0254587476881425,0.5624251365661621
22,1,31,0.45953965187072754,0.921210765838623,0.44320453518050373,0.9988734984057013,0.39759713411331177
22,1,32,0.6638578772544861,1.0245959758758545,0.6225336111738975,1.0189343059939284,0.35148847103118896
22,6,0,0.4562605023384094,0.14411211013793945,0.4562605023384094,0.14411211013793945,0.9613806009292603
22,6,1,0.42627081274986267,0.1256396770477295,0.42627081274986267,0.1256396770477295,0.9653210639953613
22,6,2,0.4369560480117798,0.12484852224588394,0.4369560480117798,0.12484852224588394,0.9658758044242859
22,6,3,0.44458287954330444,0.1297769695520401,0.44458287954330444,0.1297769695520401,0.9661431908607483
22,6,4,0.42671138048171997,0.12304595857858658,0.42671138048171997,0.12304595857858658,0.9608696699142456
22,6,5,0.4166754484176636,0.12099399417638779,0.4166754484176636,0.12099399417638779,0.9592198133468628
22,6,6,0.4067288637161255,0.11903031915426254,0.4067288637161255,0.11903031915426254,0.9580081701278687
22,6,7,0.40434885025024414,0.13331279158592224,0.40434885025024414,0.13331279158592224,0.9682016372680664
22,6,8,0.35544443130493164,0.12122677266597748,0.35544443130493164,0.12122677266597748,0.9578186869621277
22,6,9,0.43988236784935,0.15738627314567566,0.43988236784935,0.15738627314567566,0.9522899389266968
22,6,10,0.426592618227005,0.15967053174972534,0.426592618227005,0.15967053174972534,0.9451645612716675
22,6,11,0.4031190276145935,0.20992667973041534,0.4031190276145935,0.20992667973041534,0.9769957065582275
22,6,12,0.24786654114723206,0.18002454936504364,0.24786654114723206,0.18002454936504364,0.9804828763008118
22,6,13,0.5433580875396729,0.2700406014919281,0.5433580875396729,0.2700406014919281,0.4899567663669586
22,6,14,0.3436451554298401,0.20070408284664154,0.3436451554298401,0.20070408284664154,0.2816614508628845
22,6,15,0.5248208045959473,0.2008896768093109,0.5248208045959473,0.2008896768093109,0.27069711685180664
22,6,16,0.5170913934707642,0.12441147863864899,0.5170913934707642,0.12441147863864899,0.16626201570034027
22,6,17,0.48731496930122375,0.18462176620960236,0.48731496930122375,0.18462176620960236,0.25431352853775024
22,6,18,0.5652694702148438,0.10896287113428116,0.5652694702148438,0.10896287113428116,0.17064563930034637
22,6,19,0.4740757644176483,0.16421960294246674,0.4740757644176483,0.16421960294246674,0.2516745924949646
22,6,20,0.5517191886901855,0.09685586392879486,0.5517191886901855,0.09685586392879486,0.17098551988601685
22,6,21,0.48215457797050476,0.17175568640232086,0.48215457797050476,0.17175568640232086,0.23280061781406403
22,6,22,0.5352898836135864,0.10716939717531204,0.5352898836135864,0.10716939717531204,0.17075709998607635
22,6,23,0.45444953441619873,0.49563243985176086,0.45444953441619873,0.49563243985176086,0.790784478187561
22,6,24,0.3239207863807678,0.48525887727737427,0.3239207863807678,0.48525887727737427,0.7789621949195862
22,6,25,0.6448472738265991,0.6378649473190308,0.6448472738265991,0.6378649473190308,0.5468934774398804
22,6,26,0.378591924905777,0.4866270422935486,0.378591924905777,0.4866270422935486,0.4847515821456909
22,6,27,0.776344895362854,0.856460452079773,0.776344895362854,0.856460452079773,0.5023606419563293
22,6,28,0.5512610077857971,0.6584592461585999,0.5512610077857971,0.6584592461585999,0.4497039318084717
22,6,29,0.7702875137329102,0.8897326588630676,0.7702875137329102,0.8897326588630676,0.5877184271812439
22,6,30,0.56026691198349,0.6760348677635193,0.56026691198349,0.6760348677635193,0.5949927568435669
22,6,31,0.8348318338394165,0.9339637160301208,0.8348318338394165,0.9339637160301208,0.4524930715560913
22,6,32,0.6098518371582031,0.7419390082359314,0.6098518371582031,0.7419390082359314,0.4039802551269531
23,1,0,0.390863299369812,0.10752078890800476,0.5071217528539238,0.13889823161743547,0.9650213122367859
23,1,1,0.37265336513519287,0.08793066442012787,0.49181218964622914,0.11954390872287082,0.9685841798782349
23,1,2,0.3598844110965729,0.08895664662122726,0.47895766669567236,0.12018483800126317,0.9691190123558044
23,1,3,0.3462927043437958,0.09053917974233627,0.46622799757616307,0.12095683403764464,0.9693539142608643
23,1,4,0.40517935156822205,0.08583509176969528,0.5217475171191008,0.11877334129944295,0.9645061492919922
23,1,5,0.41456708312034607,0.08534453064203262,0.5294003750696217,0.11876526768568346,0.9630329012870789
23,1,6,0.4233916699886322,0.08508504182100296,0.5362370890855742,0.11854360591442606,0.9619138240814209
23,1,7,0.32837897539138794,0.10312705487012863,0.4440302444186599,0.13245028843952478,0.9712655544281006
23,1,8,0.4375060796737671,0.09660414606332779,0.5427409188891553,0.13006183355613093,0.9617916345596313
23,1,9,0.375769704580307,0.1276191771030426,0.4903294844150384,0.15898369657258676,0.9567866325378418
23,1,10,0.40872177481651306,0.12836110591888428,0.5201949357899337,0.15663785135394526,0.9502303004264832
23,1,11,0.23607005178928375,0.20133620500564575,0.300792769861835,0.25063519276123636,0.9792128801345825
23,1,12,0.5716345310211182,0.20037749409675598,0.6196746686104461,0.25396548192384627,0.9822935461997986
23,1,13,0.22414423525333405,0.36544346809387207,0.2832825242331688,0.41783166569425645,0.4806062877178192
23,1,14,0.5204092860221863,0.40067824721336365,0.5512623093506338,0.43295364405196174,0.29186832904815674
23,1,15,0.19363807141780853,0.5243414044380188,0.30949382412234766,0.51801797337755,0.2641463279724121
23,1,16,0.49039971828460693,0.4828210175037384,0.4649904546066604,0.4686792436193046,0.15904274582862854
23,1,17,0.1830264925956726,0.5594125390052795,0.2981457674356416,0.540575861477972,0.24873219430446625
23,1,18,0.49211278557777405,0.5000620484352112,0.45263953541053087,0.48197158958771585,0.16345521807670593
23,1,19,0.1912408471107483,0.5559334754943848,0.3131407074532703,0.53137895219915,0.24545951187610626
23,1,20,0.44504547119140625,0.4913349151611328,0.41788080912661696,0.4734150987588961,0.163179412484169
23,1,21,0.201311394572258,0.546657383441925,0.3296362242581041,0.5262712902315048,0.22556167840957642
23,1,22,0.44061315059661865,0.4863126873970032,0.41390889683397086,0.47483457177105726,0.1626751571893692
23,1,23,0.399850994348526,0.5486793518066406,0.4422958741814019,0.6505787807386123,0.8114388585090637
23,1,24,0.6553012728691101,0.5503140687942505,0.6692027766824314,0.65122501668029,0.8007140755653381
23,1,25,0.42922738194465637,0.8274475932121277,0.43729987291653993,0.7978832751872408,0.5626065135002136
23,1,26,0.6624510884284973,0.8748903274536133,0.6303041395791014,0.8377551064042223,0.5293347239494324
23,1,27,0.4307659864425659,1.0569275617599487,0.4468350245469126,0.9777523554027983,0.5376808643341064
23,1,28,0.6794421672821045,1.0981104373931885,0.6263208403114837,0.9855250849442211,0.49679556488990784
23,1,29,0.42703425884246826,1.0894807577133179,0.4476692464267888,1.0209931252018956,0.6179009675979614
23,1,30,0.6353440880775452,1.002711534500122,0.6227749649185149,1.0215168976476143,0.6276998519897461
23,1,31,0.4442310631275177,1.1466706991195679,0.44338230505059345,1.0245814786466856,0.49020981788635254
23,1,32,0.6664840579032898,1.2141765356063843,0.6301546011345017,1.0529431270241059,0.4452691376209259
23,6,0,0.619695246219635,0.12997981905937195,0.48470155414709,0.1416637712733029,0.96806800365448
23,6,1,0.6262074112892151,0.11610464006662369,0.46110186192065733,0.12398801446058075,0.9711918234825134
23,6,2,0.6317447423934937,0.11841331422328949,0.47088507002969743,0.1237339170208695,0.9715222120285034
23,6,3,0.6366869807243347,0.12069723755121231,0.478041610286132,0.12820419658309537,0.9719565510749817
23,6,4,0.6031546592712402,0.10869758576154709,0.457428114320848,0.12056016864372048,0.967703104019165
23,6,5,0.5928875803947449,0.1062346026301384,0.44735173065680844,0.11843696554580813,0.9662853479385376
23,6,6,0.5820003747940063,0.10314185917377472,0.4372405393237289,0.116277588777515,0.9653773903846741
23,6,7,0.5997025370597839,0.12389606982469559,0.43837685805858895,0.13168162940495393,0.973760187625885
23,6,8,0.5430386066436768,0.10469941049814224,0.3881132744579323,0.1183632953153279,0.9651266932487488
23,6,9,0.6029967665672302,0.14865192770957947,0.4682674014028017,0.1558733430510462,0.9604364633560181
23,6,10,0.574099063873291,0.14075085520744324,0.4522496041930141,0.15639233411906558,0.9546206593513489
23,6,11,0.4753062129020691,0.21553033590316772,0.4156468555078916,0.21089723239967678,0.9790048599243164
23,6,12,0.4375169575214386,0.17784401774406433,0.2808954969220056,0.17964692037796173,0.98386150598526
23,6,13,0.5047842860221863,0.18809746205806732,0.5366704888253662,0.25581550406084097,0.4453378915786743
23,6,14,0.6187794804573059,0.17498640716075897,0.3916838436705644,0.19624709112473146,0.3496808707714081
23,6,15,0.46220940351486206,0.12558084726333618,0.5139579390125605,0.18781887576288545,0.24381503462791443
23,6,16,0.7777326703071594,0.14608260989189148,0.5625799800972778,0.12816672908245633,0.19092810153961182
23,6,17,0.4061976671218872,0.11217403411865234,0.47323358333825766,0.1720486231529702,0.2314363420009613
23,6,18,0.8287197351455688,0.14359919726848602,0.6112521379085826,0.11496711394891035,0.19279131293296814
23,6,19,0.5528407096862793,0.10303293168544769,0.4877478341822578,0.15360437670814747,0.22862184047698975
23,6,20,0.8093917965888977,0.13817206025123596,0.5966856963938045,0.10401950548624549,0.1918354034423828
23,6,21,0.5693636536598206,0.10929267853498459,0.4972962157385779,0.16091861476362057,0.21154312789440155
23,6,22,0.7855207920074463,0.14399321377277374,0.5789480734154007,0.113553262955975,0.18852464854717255
23,6,23,0.4995846152305603,0.5108572244644165,0.46227621331068686,0.49827013358435107,0.8270204067230225
23,6,24,0.4266253709793091,0.48848414421081543,0.34176110189394865,0.485817453236458,0.8193159103393555
23,6,25,0.6460443735122681,0.6600029468536377,0.6450545839023011,0.6417011521554208,0.5267341732978821
23,6,26,0.6889823079109192,0.7139914631843567,0.4328431219442188,0.5262686893036806,0.5537459254264832
23,6,27,0.5704818367958069,0.808022677898407,0.7404750583049726,0.8480602349386583,0.49537867307662964
23,6,28,0.8026769161224365,0.9631854295730591,0.5951274928456523,0.7117114804648714,0.5162616968154907
23,6,29,0.5312502384185791,0.8279709219932556,0.7285961845371062,0.8790174801668338,0.5794675350189209
23,6,30,0.7611439824104309,1.0114655494689941,0.5952627824218197,0.734706259656075,0.6413201093673706
23,6,31,0.6265925765037537,0.857707679271698,0.7985453951432706,0.920728139435708,0.455427348613739
23,6,32,0.9197186231613159,0.969657838344574,0.6640106764315542,0.7816428665515207,0.456057071685791
24,1,0,0.40848052501678467,0.11160991340875626,0.4899891758774897,0.13416880119054453,0.9707815051078796
24,1,1,0.3838889002799988,0.09189260005950928,0.473062207665215,0.11475151699488959,0.9736253023147583
24,1,2,0.36909371614456177,0.09283831715583801,0.4598694098877108,0.11544531417826755,0.9740232229232788
24,1,3,0.3541593551635742,0.09390313178300858,0.44675538948304666,0.11626810119717548,0.9743190407752991
24,1,4,0.4255083203315735,0.09009172767400742,0.5050333251457929,0.11380222737380796,0.9702029824256897
24,1,5,0.43793341517448425,0.09003154188394547,0.51351726677304,0.11378511349344127,0.969005823135376
24,1,6,0.4497402012348175,0.09013905376195908,0.5212192698816634,0.11362055345696687,0.9680034518241882
24,1,7,0.343622088432312,0.10481871664524078,0.42658980241509104,0.12766131834807187,0.9759653210639954
24,1,8,0.4746873676776886,0.10232694447040558,0.5309318113699811,0.12525494060544223,0.9679775834083557
24,1,9,0.3908222019672394,0.1316804438829422,0.4730460281566397,0.15425167373583892,0.963740348815918
24,1,10,0.434009850025177,0.13158656656742096,0.505231400911539,0.15229641935162128,0.9580724835395813
24,1,11,0.2319170981645584,0.20439596474170685,0.2888407442369519,0.24261670421763715,0.980965793132782
24,1,12,0.6156015992164612,0.21112008392810822,0.6189692408650119,0.2465362866049127,0.984934389591217
24,1,13,0.18247517943382263,0.39393672347068787,0.2657726891357167,0.4136906979868523,0.4898012578487396
24,1,14,0.5845022797584534,0.39213910698890686,0.5570242018784783,0.42587696710030115,0.3261413872241974
24,1,15,0.059779878705739975,0.5719813108444214,0.26592656592723185,0.5273776817304965,0.2823631167411804
24,1,16,0.41505250334739685,0.45352160930633545,0.45632960410707535,0.46605313060290576,0.17337216436862946
24,1,17,0.030569275841116905,0.612298309803009,0.2514373653661125,0.5530223826520646,0.26514312624931335
24,1,18,0.39733046293258667,0.467254102230072,0.44304558514902675,0.47942176574004364,0.17536279559135437
24,1,19,0.0472574345767498,0.6067459583282471,0.26673020598699815,0.5444593549481425,0.2613529562950134
24,1,20,0.361634761095047,0.461819052696228,0.4081240739782968,0.47140625892231647,0.17439931631088257
24,1,21,0.07237106561660767,0.587643563747406,0.28474133760172393,0.5369183839647954,0.23598691821098328
24,1,22,0.36224597692489624,0.45626193284988403,0.4049484139531825,0.4716164663315385,0.17166247963905334
24,1,23,0.4019731879234314,0.5816870331764221,0.4353046830815189,0.6386234495812044,0.8441973328590393
24,1,24,0.676419734954834,0.5768019556999207,0.6704528119518923,0.638307623517676,0.8371936678886414
24,1,25,0.4137876331806183,0.7696585655212402,0.43322535139943397,0.7929914116574889,0.539165735244751
24,1,26,0.608339250087738,0.8123766183853149,0.6264979540587585,0.8333569297722592,0.5753015875816345
24,1,27,0.45541617274284363,0.9309201240539551,0.4483214098234113,0.9696309450769365,0.5370829701423645
24,1,28,0.6546767950057983,0.9138703346252441,0.6312354556415869,0.9730898775076041,0.5510308742523193
24,1,29,0.473453551530838,0.9462873339653015,0.45213778507794483,1.0080271744759521,0.6158546805381775
24,1,30,0.7271368503570557,0.9771407842636108,0.6409041440419293,1.0138219947793594,0.6687548160552979
24,1,31,0.49319809675216675,0.9708101749420166,0.4520218511291664,1.0152549045847554,0.49465057253837585
24,1,32,0.6977043747901917,0.9960221648216248,0.6418760021184817,1.043069359629186,0.47995927929878235
25,1,0,0.4937169551849365,0.11746923625469208,0.49063478409614203,0.13127546512861782,0.972683310508728
25,1,1,0.4805928170681,0.0949893519282341,0.4743665687902407,0.1113272465645329,0.9752295017242432
25,1,2,0.46583205461502075,0.09473837167024612,0.4609021380803401,0.11185723660330972,0.9758477210998535
25,1,3,0.45065605640411377,0.09469067305326462,0.44743094144926027,0.11252908920739858,0.9759148955345154
25,1,4,0.5232940912246704,0.09602398425340652,0.5081972578249934,0.11072190226637782,0.9717817902565002
25,1,5,0.5367788076400757,0.09671615809202194,0.5175482601960173,0.11082774508489501,0.971118688583374
25,1,6,0.5493549108505249,0.09749514609575272,0.5260956127626069,0.11082674365442591,0.970096230506897
25,1,7,0.43879732489585876,0.10513298958539963,0.4287045375677115,0.12375741784696571,0.977538526058197
25,1,8,0.5551004409790039,0.10878102481365204,0.5351201129355738,0.12240071877861676,0.9706470370292664
25,1,9,0.4714803695678711,0.13277667760849,0.4727748863619543,0.1505304200836473,0.9660996198654175
25,1,10,0.5163269639015198,0.13632364571094513,0.5071534507388419,0.14952906573314864,0.9602808356285095
25,1,11,0.2623332142829895,0.20317131280899048,0.2842467274634323,0.23577775997920408,0.9828246831893921
25,1,12,0.693200945854187,0.22496698796749115,0.6318526019447364,0.24279866289519797,0.9862052798271179
25,1,13,0.19166231155395508,0.38418275117874146,0.25291029092466033,0.4085761594667443,0.535892903804779
25,1,14,0.593021035194397,0.39948394894599915,0.5632645020957876,0.4213027758962762,0.30697184801101685
25,1,15,0.07718013226985931,0.5598717331886292,0.23305565503133413,0.5330100401824639,0.33949393033981323
25,1,16,0.32355666160583496,0.5332537293434143,0.4332453216889188,0.47771359662996365,0.16781312227249146
25,1,17,0.050393715500831604,0.5975738763809204,0.2164120286790172,0.5607474884817423,0.31604981422424316
25,1,18,0.28602883219718933,0.5526843667030334,0.4157263506556315,0.49213639811637955,0.16953249275684357
25,1,19,0.06109750643372536,0.5972976088523865,0.23090047663860486,0.5536236331727746,0.3113768696784973
25,1,20,0.2585197985172272,0.5530688166618347,0.3821003328818482,0.4855822722415636,0.16811686754226685
25,1,21,0.0743681788444519,0.5880820155143738,0.24808033335136742,0.5457917878554263,0.2827373147010803
25,1,22,0.2677742838859558,0.546508252620697,0.38109578197557115,0.48461448014905323,0.1663292497396469
25,1,23,0.47777628898620605,0.5876204967498779,0.4426688935883019,0.6297773195341296,0.8597521185874939
25,1,24,0.7442914843559265,0.5679366588592529,0.6832678689850797,0.6260951233895152,0.8533305525779724
25,1,25,0.4775766432285309,0.868429958820343,0.44091591666691277,0.8060847254330289,0.5810353755950928
25,1,26,0.6634409427642822,0.7809531688690186,0.6329025049880382,0.8242678161401614,0.5690065622329712
25,1,27,0.5232009291648865,1.0940262079238892,0.4613175190931962,0.9912530162883317,0.5787559151649475
25,1,28,0.7555215954780579,0.9516456723213196,0.6528385778386142,0.9693739768698723,0.5474438667297363
25,1,29,0.5567999482154846,1.121341586112976,0.4703191785389642,1.027716644622858,0.6508066058158875
25,1,30,0.7969309687614441,0.9708781838417053,0.6680502051616628,1.0063757751204383,0.6662194132804871
25,1,31,0.5117506980895996,1.1728615760803223,0.4623837036202895,1.042677186008921,0.5323268175125122
25,1,32,0.7219642400741577,1.0288681983947754,0.6557783398540097,1.0406091121896612,0.4849329888820648
26,1,0,0.5048031210899353,0.10186724364757538,0.49308935038245993,0.1261783073652549,0.9748647212982178
26,1,1,0.4883888065814972,0.08168119192123413,0.47679581014180056,0.10618883124330691,0.9772538542747498
26,1,2,0.4755765199661255,0.08120586723089218,0.4634444072797071,0.10654441438631866,0.9779276251792908
26,1,3,0.4635578989982605,0.08086179196834564,0.45022498314211634,0.10704000831186504,0.9778378009796143
26,1,4,0.521501362323761,0.08245958387851715,0.5105020407137417,0.10582352661452148,0.9739655256271362
26,1,5,0.5313464999198914,0.08241528272628784,0.5199386824560244,0.10590332431132317,0.9735064506530762
26,1,6,0.5396887063980103,0.08251853287220001,0.5284504819042355,0.10592040733796548,0.972491443157196
26,1,7,0.45236441493034363,0.09099102765321732,0.4328046080365103,0.11807763520284688,0.9795055985450745
26,1,8,0.5409925580024719,0.09164228290319443,0.5361372203964652,0.11706931892537102,0.9733009934425354
26,1,9,0.48626983165740967,0.11735250055789948,0.47511274392545244,0.1447792294960646,0.9690591096878052
26,1,10,0.5223679542541504,0.1196179911494255,0.5097893423364706,0.14434467226092032,0.9636352062225342
26,1,11,0.2693691551685333,0.18640443682670593,0.2816692006254762,0.22721499506218468,0.9845123291015625
26,1,12,0.6948486566543579,0.19607476890087128,0.6427822861475195,0.23469603305437325,0.9874963164329529
26,1,13,0.1982344388961792,0.36966457962989807,0.24342642546345378,0.40182982868038825,0.574956476688385
26,1,14,0.639264702796936,0.375013530254364,0.5764555006507021,0.4132755826068021,0.3042517900466919
26,1,15,0.12097933143377304,0.5267070531845093,0.2135817144654602,0.5319183155989962,0.3643680214881897
26,1,16,0.5201703310012817,0.5070850849151611,0.4483373702947143,0.4828042956101705,0.15539394319057465
26,1,17,0.10400692373514175,0.5767277479171753,0.19688076416999428,0.5635160605681576,0.32743874192237854
26,1,18,0.49393296241760254,0.532611072063446,0.42930110822745954,0.49915385057845396,0.1564246118068695
26,1,19,0.11914603412151337,0.5783000588417053,0.21148264290524021,0.5578999265262513,0.32148686051368713
26,1,20,0.438932865858078,0.534412682056427,0.3919587683261586,0.49405056291370775,0.15502119064331055
26,1,21,0.13121549785137177,0.5616781115531921,0.22777138317873383,0.54854408099058,0.28824475407600403
26,1,22,0.4444172978401184,0.5256876945495605,0.3920819769123849,0.49173583673260407,0.1543375551700592
26,1,23,0.41451507806777954,0.5517826676368713,0.43778934208216236,0.6162387951088809,0.873753547668457
26,1,24,0.6997150778770447,0.528936505317688,0.686117452054576,0.6092203483534118,0.8679295182228088
26,1,25,0.4528472423553467,0.791523277759552,0.4429828104569528,0.8035619989878507,0.6157441735267639
26,1,26,0.6192564368247986,0.7770390510559082,0.6305384372125593,0.816077545842358,0.586235761642456
26,1,27,0.5206288695335388,1.0240528583526611,0.47160681963970613,0.9969385906278794,0.6126172542572021
26,1,28,0.7340539693832397,0.9869078993797302,0.66693708451193,0.97241194057031,0.5574852228164673
26,1,29,0.5624143481254578,1.069154977798462,0.4863115088564837,1.0349014799409555,0.6812759637832642
26,1,30,0.7067322731018066,0.9692298769950867,0.67475665187962,0.9999360018785247,0.682170033454895
26,1,31,0.4517419934272766,1.0757917165756226,0.4605402818297576,1.048417420353003,0.5647642612457275
26,1,32,0.6865133047103882,1.0478508472442627,0.66110566485085,1.0418634534314826,0.49718552827835083
27,1,0,0.5129573941230774,0.11213129013776779,0.4965319458805614,0.12374474266981471,0.9748719334602356
27,1,1,0.49593403935432434,0.09306999295949936,0.48011187172083647,0.10391613209291538,0.9769651889801025
27,1,2,0.48091456294059753,0.09309081733226776,0.4664712910026021,0.10421369840995465,0.9780433177947998
27,1,3,0.4673401117324829,0.09313821792602539,0.4531903218405126,0.10463161444913853,0.977537989616394
27,1,4,0.5304402112960815,0.09338236600160599,0.5139567930256717,0.10366827162067722,0.9734970331192017
27,1,5,0.5393530130386353,0.09359783679246902,0.5233026150978801,0.1037715813686943,0.9736660718917847
27,1,6,0.5486584901809692,0.09398801624774933,0.5319520204360101,0.10385332109845789,0.972288966178894
27,1,7,0.4434347152709961,0.10442144423723221,0.43464600429411704,0.11571180657521252,0.9798156023025513
27,1,8,0.5477434396743774,0.10479191690683365,0.5381477666226813,0.11494244259586785,0.9740496277809143
27,1,9,0.48203715682029724,0.12886963784694672,0.47631209068600244,0.14202282945265682,0.9691308736801147
27,1,10,0.5214973092079163,0.13176611065864563,0.5118175203524963,0.14216560490870356,0.9639495611190796
27,1,11,0.24987593293190002,0.2175532579421997,0.2761582495247693,0.22554136840627861,0.985806405544281
27,1,12,0.6424026489257812,0.2037993222475052,0.642716543169774,0.22934062564104432,0.9878694415092468
27,1,13,0.2074001282453537,0.3753921389579773,0.23718093988634903,0.3972478974188078,0.5394755005836487
27,1,14,0.5647915005683899,0.2522132694721222,0.5744349216860569,0.3852490788273209,0.3028049170970917
27,1,15,0.25776299834251404,0.4371020495891571,0.22124268559599486,0.5154518213788354,0.3385089635848999
27,1,16,0.3735479414463043,0.2098688930273056,0.4353568356487097,0.43515209549359596,0.1568065881729126
27,1,17,0.2692662179470062,0.45112714171409607,0.2094429181675313,0.543987457932936,0.30593007802963257
27,1,18,0.3479839861392975,0.19178210198879242,0.4151848183963413,0.4454344380900289,0.16137295961380005
27,1,19,0.28436216711997986,0.44137147068977356,0.22413072541270396,0.5376495253661498,0.30054235458374023
27,1,20,0.2980883717536926,0.1935155689716339,0.37565717108654983,0.44153671047047405,0.1603650003671646
27,1,21,0.2819640338420868,0.4375796914100647,0.23717110684762982,0.5292638433504678,0.270151287317276
27,1,22,0.3036370277404785,0.20346957445144653,0.37672507852608533,0.44138407455932815,0.1590503603219986
27,1,23,0.36539971828460693,0.5697922110557556,0.42522628582008326,0.6081841352790743,0.8863552808761597
27,1,24,0.6438570618629456,0.5466119647026062,0.6787898926619571,0.59835765809374,0.8810139894485474
27,1,25,0.4243471622467041,0.8150004148483276,0.4397538491023843,0.8055434748712571,0.6370783448219299
27,1,26,0.5826296806335449,0.6906177997589111,0.6222300989395876,0.7942696460511465,0.5917878150939941
27,1,27,0.4382683038711548,1.0056194067001343,0.46582778239062494,0.9984422467199906,0.646397590637207
27,1,28,0.5939659476280212,0.8101901412010193,0.6542729584562517,0.9441829984435662,0.5821635127067566
27,1,29,0.45856398344039917,1.0260908603668213,0.48150244957152727,1.0333753331923763,0.7095205783843994
27,1,30,0.6484521627426147,0.8308127522468567,0.6701979148403322,0.9704999948349987,0.7018062472343445
27,1,31,0.4505581259727478,1.0915322303771973,0.45881114622797603,1.055893383963925,0.6004357933998108
27,1,32,0.5658073425292969,0.9177131056785583,0.644555557104458,1.020284220655195,0.5265251398086548
28,1,0,0.5700969099998474,0.11687279492616653,0.5092993398479831,0.1225544744823443,0.969839334487915
28,1,1,0.5461458563804626,0.097256600856781,0.49156964552049004,0.1027626634742421,0.9746049046516418
28,1,2,0.5306585431098938,0.0971410721540451,0.47760801310635714,0.10298866418208959,0.9751070141792297
28,1,3,0.5131857395172119,0.09712517261505127,0.4635984331023277,0.10333142303625638,0.9751958250999451
28,1,4,0.5783885717391968,0.09810660779476166,0.5251360329121254,0.10270499159653483,0.971534013748169
28,1,5,0.5851128697395325,0.09849920123815536,0.5340261661679278,0.10285841318469266,0.9709821939468384
28,1,6,0.5919259190559387,0.09905827045440674,0.5423564098657324,0.10302283760735044,0.9701272249221802
28,1,7,0.4855368733406067,0.10911845415830612,0.44347223299290167,0.11456980251773843,0.9776318669319153
28,1,8,0.5792514085769653,0.11045961081981659,0.5452744724615936,0.11416604123470597,0.9731650352478027
28,1,9,0.5417162179946899,0.13459400832653046,0.4876603692240536,0.14073608513795113,0.9667880535125732
28,1,10,0.5751438140869141,0.13758021593093872,0.5228045962600866,0.14137143879336742,0.9621005654335022
28,1,11,0.2676122188568115,0.2169615626335144,0.2746779409933393,0.22405520614478963,0.9862860441207886
28,1,12,0.696990966796875,0.20626872777938843,0.6521305962828488,0.2253424567135287,0.9841631054878235
28,1,13,0.23444317281246185,0.320943683385849,0.2367067978314238,0.38400379821698377,0.5149589776992798
28,1,14,0.6560491919517517,0.3242246210575104,0.5886027460796421,0.37466191250477293,0.27931058406829834
28,1,15,0.3801141381263733,0.3085706830024719,0.2488855895712042,0.4794028899929114,0.30759626626968384
28,1,16,0.45668843388557434,0.3106916844844818,0.4390531897823568,0.4135181395016086,0.14286907017230988
28,1,17,0.4009246528148651,0.30671852827072144,0.2427923157734351,0.5026059364837895,0.27858617901802063
28,1,18,0.42298007011413574,0.3092225193977356,0.4165350322584929,0.421749414950532,0.14796298742294312
28,1,19,0.4306511878967285,0.29351019859313965,0.2601154677616224,0.4950610264395295,0.2736978232860565
28,1,20,0.37373191118240356,0.30224278569221497,0.37532375033403026,0.4173135770510171,0.14711333811283112
28,1,21,0.4298456311225891,0.2960827350616455,0.2707293531645109,0.4886002513022547,0.246670663356781
28,1,22,0.3817574381828308,0.30227670073509216,0.37759666128607494,0.41719353292332045,0.14612041413784027
28,1,23,0.377520889043808,0.5628448724746704,0.4169532439849307,0.6003218039912231,0.8976248502731323
28,1,24,0.6798169612884521,0.5385791659355164,0.678967756310472,0.587986891575685,0.8921793103218079
28,1,25,0.42241591215133667,0.8062383532524109,0.43674985728555515,0.8056638097743568,0.66667640209198
28,1,26,0.6219672560691833,0.693513035774231,0.6221845818892053,0.776768647102787,0.5696753263473511
28,1,27,0.4419451951980591,1.0210555791854858,0.4616890495129933,1.0023608773127508,0.6705367565155029
28,1,28,0.6809828877449036,0.848804771900177,0.6589020619836151,0.927618879806369,0.5608456134796143
28,1,29,0.4703053832054138,1.055249810218811,0.479562795170837,1.0371658406779063,0.7309955954551697
28,1,30,0.7053527235984802,0.8666173219680786,0.6762921672803335,0.9524543033288377,0.6872581839561462
28,1,31,0.41002193093299866,1.0753154754638672,0.4503498930881124,1.0592587104255946,0.6124532222747803
28,1,32,0.6185648441314697,0.9127410054206848,0.6400512105061535,1.0016007783375949,0.5035169720649719
29,1,0,0.5504153370857239,0.06317795068025589,0.516428200637368,0.11225383291385094,0.9704254269599915
29,1,1,0.5337206721305847,0.042100436985492706,0.4988781836724587,0.0922385739898811,0.9749414920806885
29,1,2,0.5198661088943481,0.042252276092767715,0.4849351379043241,0.09245168523805505,0.9758247137069702
29,1,3,0.5049070715904236,0.04274805635213852,0.47076072477620184,0.09282103970862574,0.9754279255867004
29,1,4,0.5693991780281067,0.04152822494506836,0.5328112802420103,0.09209147189087459,0.9716638922691345
29,1,5,0.5791995525360107,0.041168782860040665,0.5418594644505788,0.09215575218543991,0.9715200066566467
29,1,6,0.59032142162323,0.04110893979668617,0.550674489201195,0.09228119615021257,0.970342218875885
29,1,7,0.47704869508743286,0.05257076025009155,0.4492925312420877,0.10381336004767845,0.9782000184059143
29,1,8,0.5995912551879883,0.05239496007561684,0.554695868485891,0.10344922101248212,0.9744093418121338
29,1,9,0.5291969776153564,0.08529867976903915,0.49486224494261594,0.13111993622277884,0.9672555923461914
29,1,10,0.5604087710380554,0.0875978022813797,0.5293238757881713,0.13204435325119623,0.9624049067497253
29,1,11,0.2360391914844513,0.18069592118263245,0.2679790466488108,0.21653682817147307,0.9873387217521667
29,1,12,0.7104816436767578,0.1707938015460968,0.6622529976393422,0.21588069782599023,0.9845760464668274
29,1,13,0.1857917159795761,0.3766825497150421,0.22787627284160442,0.38273568086882087,0.5254136323928833
29,1,14,0.6463577151298523,0.3564581274986267,0.5986215632636613,0.37150778979624516,0.2562262713909149
29,1,15,0.19887550175189972,0.5346551537513733,0.24021225113933786,0.48898665570622646,0.3105793297290802
29,1,16,0.4925715923309326,0.39059287309646606,0.4483358716122836,0.40954533822091116,0.13005107641220093
29,1,17,0.1974133402109146,0.5701075196266174,0.23492326934254218,0.5143186592522603,0.2772592604160309
29,1,18,0.4875808656215668,0.40206217765808105,0.4288642714450508,0.4183380644318107,0.1350950002670288
29,1,19,0.21141856908798218,0.5659828782081604,0.2516702352358148,0.5073684772774112,0.27149271965026855
29,1,20,0.4269828200340271,0.38762030005455017,0.3842834173838665,0.41216686574212574,0.13433115184307098
29,1,21,0.21546468138694763,0.5536347031593323,0.26114319171190437,0.49988405936271946,0.24372467398643494
29,1,22,0.4150405824184418,0.3852236568927765,0.38408811113376107,0.4116518448018361,0.13370123505592346
29,1,23,0.33451420068740845,0.5472720265388489,0.40264181633111296,0.5911202924704485,0.9077281355857849
29,1,24,0.6803832054138184,0.5282057523727417,0.6792128810170843,0.5776157079915674,0.9025254845619202
29,1,25,0.3750557601451874,0.7807192802429199,0.4260464237710814,0.8013409022874494,0.681599497795105
29,1,26,0.6315131187438965,0.770927369594574,0.6238004643712324,0.7757569258982303,0.5800125598907471
29,1,27,0.4214863181114197,0.9587237238883972,0.454718701275892,0.9947942903190903,0.6948845386505127
29,1,28,0.5914809107780457,0.9546142816543579,0.6472030597260033,0.9322974654341146,0.5853906273841858
29,1,29,0.4262985289096832,0.978830099105835,0.4703242255421739,1.027046080306581,0.7503722906112671
29,1,30,0.5866416692733765,0.9744551181793213,0.6607255775402499,0.9562666963749274,0.7030571103096008
29,1,31,0.41898709535598755,1.0186119079589844,0.4449136527434075,1.0522113174996313,0.6371899247169495
29,1,32,0.5069947838783264,0.9749746918678284,0.616917626949908,0.9969862358105219,0.5320212244987488
32,6,0,0.6534250974655151,0.09672999382019043,0.5950393732137839,0.11229823151080563,0.9708917737007141
32,6,1,0.6583532094955444,0.0771707147359848,0.5901150225148293,0.09339123362526613,0.9746078252792358
32,6,2,0.662109375,0.07800277322530746,0.5959522445008203,0.09384714933913774,0.9749266505241394
32,6,3,0.6658082008361816,0.07844267040491104,0.600845085676973,0.0956827530327112,0.9752843379974365
32,6,4,0.6457212567329407,0.07528170943260193,0.5805762878102155,0.09096931541390184,0.9716780781745911
32,6,5,0.6398653388023376,0.07521889358758926,0.5732629830930086,0.09019294535938487,0.9710203409194946
32,6,6,0.6219343543052673,0.0749192088842392,0.5580323793215505,0.08924918613608529,0.9705876708030701
32,6,7,0.6323843002319336,0.08799189329147339,0.5652661564770715,0.10312929468164907,0.9779765605926514
32,6,8,0.585777997970581,0.08186109364032745,0.5173970696194151,0.09450909903931046,0.9743072986602783
32,6,9,0.6461023688316345,0.1155662015080452,0.5845692683337748,0.12953208880783676,0.9667558670043945
32,6,10,0.6198221445083618,0.11164739727973938,0.5618340390576537,0.12715023625031788,0.9630075693130493
32,6,11,0.6048343777656555,0.17076237499713898,0.5393804688964424,0.1846685920713067,0.9879586100578308
32,6,12,0.45152443647384644,0.13061898946762085,0.39248050880014934,0.14760503916783935,0.9855942726135254
32,6,13,0.6839740872383118,0.17232778668403625,0.6329896663239152,0.201242726129845,0.5115044713020325
32,6,14,0.3894580006599426,0.08816059678792953,0.3902295211613819,0.12558586787045273,0.31672486662864685
32,6,15,0.681664764881134,0.1281694918870926,0.6236301906127124,0.14883322273196994,0.3135390877723694
32,6,16,0.6120615601539612,0.07212404161691666,0.5949184784165003,0.09153904448734036,0.18128038942813873
32,6,17,0.6592414379119873,0.10068444162607193,0.5948855367238635,0.1254035287331725,0.2795378267765045
32,6,18,0.6499302387237549,0.06753664463758469,0.6365286230363754,0.08396950562317246,0.1752951294183731
32,6,19,0.6226637959480286,0.10012909024953842,0.5759612228390355,0.1186551316917265,0.27385690808296204
32,6,20,0.6363487243652344,0.0670071393251419,0.6226059728703665,0.07983185278240869,0.173150435090065
32,6,21,0.661479651927948,0.11628632247447968,0.6046623819653507,0.13175014783859607,0.24976781010627747
32,6,22,0.62847900390625,0.07239190489053726,0.6113188282346246,0.0866536465867735,0.16985498368740082
32,6,23,0.5627052187919617,0.46881845593452454,0.5279287287917896,0.4790241729571554,0.916837751865387
32,6,24,0.49870795011520386,0.47987842559814453,0.4443910709069798,0.481936923945685,0.9121354818344116
32,6,25,0.6718631982803345,0.7063286304473877,0.6625731220631143,0.683941492294194,0.6946139335632324
32,6,26,0.5675473213195801,0.723764181137085,0.5209181710127573,0.655441740778518,0.6064195036888123
32,6,27,0.638722836971283,0.876999020576477,0.6739569917963364,0.8669709806967169,0.6948137283325195
32,6,28,0.5140801668167114,0.8805705308914185,0.5421506902270611,0.8221381936711162,0.6070901155471802
32,6,29,0.5953757762908936,0.8894373774528503,0.6414920721506623,0.8858259464886801,0.7468880414962769
32,6,30,0.4987086355686188,0.8905848264694214,0.5321447046694369,0.8366373740026454,0.7036591172218323
32,6,31,0.665276288986206,0.9713116884231567,0.7114094528767548,0.9537869507266102,0.6362776160240173
32,6,32,0.4447118639945984,0.9414196014404297,0.5205611771447355,0.8861250164995751,0.5490469932556152
32,1,0,0.442365825176239,0.022005818784236908,0.48781465839537375,0.0773777538490577,0.9162642955780029
32,1,1,0.42946764826774597,0.010044872760772705,0.47206390275674764,0.06047929209655451,0.9199625253677368
32,1,2,0.4072216749191284,0.0105179063975811,0.4549091908051304,0.06079297229970506,0.9201996326446533
32,1,3,0.40272101759910583,-0.0030190665274858475,0.44447660323149357,0.05578049168927686,0.9198442697525024
32,1,4,0.4535195529460907,0.01073402352631092,0.5021747539850714,0.06065574820563537,0.9142361283302307
32,1,5,0.4733556807041168,0.011896808631718159,0.5153958794935086,0.06114504288091706,0.9112552404403687
32,1,6,0.482003390789032,0.012260942719876766,0.5241461992517921,0.06136283522745474,0.9100276231765747
32,1,7,0.3788676857948303,0.0068161142989993095,0.42208594225247364,0.0663248765575172,0.9302931427955627
32,1,8,0.5005314946174622,0.020928552374243736,0.5337766855978249,0.07156342374667113,0.9233388304710388
32,1,9,0.44863370060920715,0.04108117148280144,0.4770103539195497,0.09632483938639246,0.9267208576202393
32,1,10,0.4645882546901703,0.0416797436773777,0.5043175265429577,0.09712314954327039,0.9247908592224121
32,1,11,0.25762417912483215,0.09928743541240692,0.263982725748607,0.171205872687472,0.9872003197669983
32,1,12,0.6768817901611328,0.10492590069770813,0.6678991708643401,0.17298781562210205,0.9839516282081604
32,1,13,0.23483477532863617,0.23366037011146545,0.23056165221070452,0.32506977357318073,0.5373709797859192
32,1,14,0.6487767696380615,0.19407343864440918,0.6179910159275727,0.302839784409202,0.302943617105484
32,1,15,0.30854547023773193,0.2884211540222168,0.26660976945295256,0.41133687758615645,0.29853469133377075
32,1,16,0.47461575269699097,0.2336139678955078,0.4584808757056408,0.3414603974323135,0.16446584463119507
32,1,17,0.3012634515762329,0.3113492727279663,0.2605500461150005,0.435734963176522,0.26592034101486206
32,1,18,0.4494950473308563,0.24713189899921417,0.43682776044584576,0.3520868304513579,0.15920037031173706
32,1,19,0.3362177014350891,0.29355525970458984,0.28434021537517323,0.42457156581052413,0.26025065779685974
32,1,20,0.4142354130744934,0.24066458642482758,0.3958466868482349,0.3458007472058261,0.15722545981407166
32,1,21,0.35514363646507263,0.2877688705921173,0.29747152355386636,0.4177470519915862,0.2368835210800171
32,1,22,0.4123634994029999,0.23748232424259186,0.3950038092471024,0.3442506389778373,0.15473514795303345
32,1,23,0.3597789406776428,0.4789052903652191,0.3860905577953889,0.5477390056059119,0.9226570129394531
32,1,24,0.6468527913093567,0.4910145401954651,0.6667194058280196,0.5441506308000092,0.9182613492012024
32,1,25,0.37708407640457153,0.7274854779243469,0.40713799251420185,0.7728074363490881,0.6862868666648865
32,1,26,0.5531414747238159,0.7661347985267639,0.5965033779006038,0.7720434385046443,0.6165374517440796
32,1,27,0.31143584847450256,0.9335862398147583,0.399298995285737,0.9711520024606474,0.6829283833503723
32,1,28,0.45389610528945923,0.9943218231201172,0.5723731344500683,0.9562553359360803,0.6064155697822571
32,1,29,0.29706552624702454,0.9512720704078674,0.4032771854563471,0.9977704595317527,0.7328482866287231
32,1,30,0.4122612476348877,1.0396875143051147,0.5644567758597772,0.9885006640443927,0.706050455570221
32,1,31,0.3281708061695099,0.9729405641555786,0.3997790036114136,1.0215830410676054,0.6075939536094666
32,1,32,0.5048211216926575,1.0232412815093994,0.5735825967091612,1.007121675712717,0.528008759021759
33,6,0,0.6288877129554749,0.06335403025150299,0.6009069047409366,0.1038100574888408,0.9242053031921387
33,6,1,0.6322781443595886,0.06312065571546555,0.5974257400269393,0.08814448438253897,0.9275521636009216
33,6,2,0.5999202132225037,0.06426654756069183,0.5966394664990741,0.08872009881962246,0.9277049899101257
33,6,3,0.5514451861381531,0.06565310806035995,0.5922778150472192,0.09047780180561688,0.9274979829788208
33,6,4,0.6200440526008606,0.05986768379807472,0.5874190945716994,0.08557838651841686,0.9223194718360901
33,6,5,0.6125617623329163,0.05941903963685036,0.5800764581693897,0.08485887465963549,0.9195244312286377
33,6,6,0.602576732635498,0.058229755610227585,0.5657565258965493,0.08387251882242354,0.9185863733291626
33,6,7,0.5783646106719971,0.06391306966543198,0.5675353320416107,0.0963301855329446,0.9367662668228149
33,6,8,0.5789697766304016,0.03782080113887787,0.5280794560510227,0.08467561728352742,0.9305406808853149
33,6,9,0.6242161989212036,0.09337719529867172,0.5914431709033021,0.12326431393987446,0.9334055185317993
33,6,10,0.6002751588821411,0.098723866045475,0.5684986352270931,0.12222341337615863,0.9315686821937561
33,6,11,0.6951960921287537,0.1818598508834839,0.566489573239556,0.1841821591812041,0.988002359867096
33,6,12,0.4412471354007721,0.16497623920440674,0.4009378818685035,0.15061479269907235,0.9846751689910889
33,6,13,0.7303221821784973,0.16722676157951355,0.6498941431517269,0.195346127062079,0.5619767904281616
33,6,14,0.3326643407344818,0.15465055406093597,0.38024370998964613,0.13062341201889277,0.35295572876930237
33,6,15,0.6557610034942627,0.09338054060935974,0.629199696146777,0.13921442956557917,0.31279972195625305
33,6,16,0.43463659286499023,0.10156455636024475,0.567028824673646,0.09327569239369532,0.21046611666679382
33,6,17,0.6366844177246094,0.08989119529724121,0.6021329972984486,0.11924726223925301,0.27181029319763184
33,6,18,0.5311170220375061,0.10431071370840073,0.6182166723705114,0.08749416085069536,0.1938152313232422
33,6,19,0.6281105279922485,0.08914948254823685,0.5850061315424625,0.11354108239676422,0.26491448283195496
33,6,20,0.5334771275520325,0.1045798733830452,0.6071301839798112,0.08412067368512394,0.19077451527118683
33,6,21,0.6340805292129517,0.0904393270611763,0.6097612654336171,0.12458743648791229,0.2472461462020874
33,6,22,0.5274771451950073,0.10635672509670258,0.5967633739588631,0.09006766367010662,0.18866339325904846
33,6,23,0.626452624797821,0.47144749760627747,0.5450407148476983,0.477711815636841,0.9302892088890076
33,6,24,0.47394829988479614,0.4607539772987366,0.4495140816194313,0.4782663216812288,0.9261282682418823
33,6,25,0.6879255175590515,0.6964210271835327,0.666966761167644,0.6861033941860533,0.7131217122077942
33,6,26,0.4177720546722412,0.654866099357605,0.5030010491020224,0.6553420554967337,0.6370351314544678
33,6,27,0.7008448243141174,0.9120102524757385,0.6786169251620672,0.8747810229901791,0.7010613679885864
33,6,28,0.48286134004592896,0.7769263386726379,0.5318652421627509,0.8142982461815831,0.5970492362976074
33,6,29,0.7002779841423035,0.936384916305542,0.6516900080333389,0.8945945837977113,0.7236886024475098
33,6,30,0.499819815158844,0.7871318459510803,0.526541547497538,0.8280517827305498,0.6713827848434448
33,6,31,0.7272125482559204,0.974291205406189,0.714147375042332,0.9573398759353454,0.6235781908035278
33,6,32,0.501484751701355,0.8637725114822388,0.5172558049475909,0.8822516370438827,0.5217117667198181
33,1,0,0.45930057764053345,0.06401103734970093,0.48287260808221855,0.07506209349729298,0.9291757345199585
33,1,1,0.4391740560531616,0.05315231531858444,0.4663626950309943,0.05921019176068063,0.93287593126297
33,1,2,0.42274484038352966,0.054432060569524765,0.4493338619572735,0.05969123539418629,0.9328407645225525
33,1,3,0.40127232670783997,0.05451854690909386,0.4369851453206262,0.05556195089920585,0.9326728582382202
33,1,4,0.4656584560871124,0.05007674917578697,0.4958442389092892,0.05882318832494611,0.9280282258987427
33,1,5,0.47175267338752747,0.04960686340928078,0.5078282179102513,0.05914627022137079,0.9254857897758484
33,1,6,0.4771609306335449,0.048864852637052536,0.5159982134103179,0.05919773232478493,0.9248561263084412
33,1,7,0.3908221125602722,0.06472529470920563,0.416666854785733,0.0660478616737923,0.9416491985321045
33,1,8,0.4902884364128113,0.03960255905985832,0.5262359320851621,0.06602340614635951,0.9362403750419617
33,1,9,0.44104087352752686,0.07193611562252045,0.47077474321967877,0.09209831833632501,0.9379199743270874
33,1,10,0.4656732976436615,0.0659916028380394,0.49761768667245315,0.09172701741143202,0.9364431500434875
33,1,11,0.2604074478149414,0.1546117216348648,0.26336352458251444,0.1683308034340027,0.9881469011306763
33,1,12,0.6641528606414795,0.15751273930072784,0.6672503463363604,0.17030672570024463,0.985633373260498
33,1,13,0.32385939359664917,0.32282835245132446,0.246763354883394,0.3246815953160327,0.5126226544380188
33,1,14,0.5001372694969177,0.3085162341594696,0.5975099307241893,0.30382293555780326,0.3235487937927246
33,1,15,0.4021734297275543,0.37366095185279846,0.29018099981836065,0.40480500350625404,0.286918967962265
33,1,16,0.2621380090713501,0.3175312578678131,0.4242794830110165,0.33731352261562225,0.19173525273799896
33,1,17,0.409316748380661,0.3891243040561676,0.28642720111990144,0.4276518904050493,0.25330138206481934
33,1,18,0.28638672828674316,0.31808510422706604,0.4106579624438334,0.3461926052237199,0.17809486389160156
33,1,19,0.43417131900787354,0.3721867501735687,0.310403369631482,0.41548557144015286,0.24688878655433655
33,1,20,0.19873155653476715,0.30579644441604614,0.36150994968220995,0.3388647238815172,0.17518310248851776
33,1,21,0.444370836019516,0.368974894285202,0.3230224227411674,0.4092885882233704,0.2301132082939148
33,1,22,0.24231943488121033,0.3073869049549103,0.3684420012828691,0.3378597366374375,0.1734946072101593
33,1,23,0.4435523450374603,0.5099178552627563,0.3960584225839831,0.5411819551896173,0.9360478520393372
33,1,24,0.6732504963874817,0.5215386748313904,0.667850621193782,0.540232187169036,0.9324372410774231
33,1,25,0.4417163133621216,0.7035861015319824,0.41313216138725967,0.7607953675773157,0.6864935755729675
33,1,26,0.5781111717224121,0.7815425992012024,0.5933166220724628,0.7736888803880733,0.6501614451408386
33,1,27,0.45015209913253784,0.8745768666267395,0.4081186897304283,0.9543794700515127,0.705700159072876
33,1,28,0.5479322075843811,0.9806308150291443,0.5681375441514995,0.9604795420681443,0.6244997978210449
33,1,29,0.4314178228378296,0.950406014919281,0.40815441559228827,0.9895566330411509,0.7303580641746521
33,1,30,0.5181012749671936,1.0098730325698853,0.5564180938861212,0.9922041039086615,0.6909746527671814
33,1,31,0.44851022958755493,0.9283236265182495,0.40823016240777565,1.0053880099674648,0.6327723860740662
33,1,32,0.5154066681861877,0.9853202104568481,0.5634905717716093,1.0033438288413317,0.5431541204452515
34,6,0,0.6422179937362671,0.10057861357927322,0.608069686968727,0.10325041133890374,0.935025691986084
34,6,1,0.6292923092842102,0.08662345260381699,0.6029494130769651,0.08788107408018474,0.9383634924888611
34,6,2,0.6393884420394897,0.08805105835199356,0.604051886181724,0.08860423823285482,0.9380835890769958
34,6,3,0.651536226272583,0.08942928165197372,0.6025579585436742,0.09029622302680076,0.9382979273796082
34,6,4,0.6369382739067078,0.082182377576828,0.5960071708578036,0.08499023695854599,0.933956503868103
34,6,5,0.6263325810432434,0.08103307336568832,0.5880978404910406,0.0841962814746972,0.9313700199127197
34,6,6,0.6126664876937866,0.07819802314043045,0.5738914499530441,0.082889694361183,0.9312797784805298
34,6,7,0.6439827680587769,0.10019610822200775,0.5808042711322005,0.09699972769120875,0.9457730650901794
34,6,8,0.5905210375785828,0.07214963436126709,0.5389128630199954,0.082505665533829,0.9413740634918213
34,6,9,0.6312296986579895,0.11786901950836182,0.5983413015148757,0.12232985503112669,0.9420907497406006
34,6,10,0.6090736985206604,0.11332922428846359,0.5755336437359398,0.12068278788622326,0.9407374858856201
34,6,11,0.658073902130127,0.1820937991142273,0.5823930590394681,0.183820493607272,0.9885821342468262
34,6,12,0.4483867287635803,0.17047828435897827,0.4091663890486953,0.1540566214864931,0.98604416847229
34,6,13,0.7398618459701538,0.1744900494813919,0.6655160882015349,0.1917321965948557,0.5212073922157288
34,6,14,0.4025235176086426,0.19273169338703156,0.38410451570666976,0.14139881579492902,0.3573337495326996
34,6,15,0.6870042681694031,0.10822399705648422,0.6392271714798614,0.13384278866063298,0.2861693799495697
34,6,16,0.49832430481910706,0.14621326327323914,0.5551066366687246,0.10245751454783739,0.2115214318037033
34,6,17,0.6419253945350647,0.0941043421626091,0.6090321384432115,0.11488994974840872,0.25097644329071045
34,6,18,0.5159567594528198,0.11150074750185013,0.6004538616557488,0.09165439882631031,0.19221726059913635
34,6,19,0.6347032189369202,0.09249358624219894,0.5936250875323527,0.10989396397841347,0.24401657283306122
34,6,20,0.5670791268348694,0.10810086131095886,0.6001861762452477,0.0882763340651223,0.18839657306671143
34,6,21,0.6398806571960449,0.0947415754199028,0.6149817994527857,0.11941436672454456,0.23140551149845123
34,6,22,0.5666847229003906,0.12320375442504883,0.5915499323281809,0.09581158026255489,0.18626436591148376
34,6,23,0.6624746322631836,0.4598759114742279,0.5654486357585428,0.47462150280500937,0.9423747062683105
34,6,24,0.4757322072982788,0.4506255090236664,0.4540578842838344,0.47347576441692785,0.9389576315879822
34,6,25,0.7205070853233337,0.6706609129905701,0.6762533001900947,0.683427968104185,0.7145557403564453
34,6,26,0.4282419979572296,0.6383652687072754,0.4900259373846858,0.6524006892122589,0.6729223728179932
34,6,27,0.7453000545501709,0.8801713585853577,0.6901876035288961,0.8757146228357336,0.7252446413040161
34,6,28,0.4857020676136017,0.753031849861145,0.5238600527588038,0.8036692297907102,0.6227656602859497
34,6,29,0.7530125975608826,0.9003010392189026,0.6692894735707992,0.8955829445758572,0.7276085019111633
34,6,30,0.5004039406776428,0.7630502581596375,0.5220117264754568,0.8167735064059355,0.6617681980133057
34,6,31,0.784468948841095,0.9541040658950806,0.7263507085025016,0.9567794738778543,0.6509889960289001
34,6,32,0.5031346678733826,0.8376762270927429,0.5148093995964416,0.8745221723121109,0.542765736579895
34,1,0,0.4833725690841675,0.07818946242332458,0.4829591877810457,0.07560371193631825,0.9393889307975769
34,1,1,0.44986510276794434,0.0622229129076004,0.46350437016923857,0.05973195309370177,0.9431540966033936
34,1,2,0.46172645688056946,0.06280147284269333,0.45148068961087423,0.06022988677634724,0.9428137540817261
34,1,3,0.4580976963043213,0.06468162685632706,0.4406435302112422,0.05714164111731133,0.9431905746459961
34,1,4,0.4995153546333313,0.06197319179773331,0.4964800370438881,0.05936872728780456,0.9389925003051758
34,1,5,0.5111008286476135,0.06240900233387947,0.5083949925561664,0.059711334214634766,0.9365259408950806
34,1,6,0.5216537714004517,0.06225737929344177,0.5169777545167746,0.05972762130954224,0.9365394115447998
34,1,7,0.44276413321495056,0.07370389997959137,0.42118967105783545,0.06737396527601276,0.9503470659255981
34,1,8,0.5377023816108704,0.06436231732368469,0.5282222656053069,0.0657357391914691,0.9460697174072266
34,1,9,0.4645612835884094,0.08676113933324814,0.4696985506161662,0.09117392471665782,0.9462200999259949
34,1,10,0.5062470436096191,0.08464827388525009,0.4991124228721878,0.09050092251765966,0.944817304611206
34,1,11,0.28606295585632324,0.16441896557807922,0.26729707792625823,0.16765330512282872,0.9887939691543579
34,1,12,0.7254358530044556,0.16952894628047943,0.6773439916015719,0.170172033383569,0.9866751432418823
34,1,13,0.3693046569824219,0.34072452783584595,0.26806204427699754,0.3274610802519049,0.4741820693016052
34,1,14,0.6074922680854797,0.3356103301048279,0.5992390944287314,0.3093327885420655,0.33840978145599365
34,1,15,0.5086618661880493,0.38831135630607605,0.3282637566650808,0.40194732720411913,0.26026302576065063
34,1,16,0.5204465985298157,0.3405008912086487,0.4409808066251813,0.33786552694797206,0.19345839321613312
34,1,17,0.5258855819702148,0.40542513132095337,0.32819262748309114,0.4238002291681081,0.23003818094730377
34,1,18,0.5365959405899048,0.34219789505004883,0.43254911819588704,0.34550074513712553,0.17720933258533478
34,1,19,0.5526253581047058,0.3884965181350708,0.3526543226337589,0.4108079807669132,0.2237435281276703
34,1,20,0.5162985920906067,0.32530438899993896,0.3884392135516239,0.33651547969762025,0.17355434596538544
34,1,21,0.5601520538330078,0.38343819975852966,0.3643787965994968,0.4048085018129516,0.2120763063430786
34,1,22,0.5025415420532227,0.32531386613845825,0.3917575327829347,0.3356863086393741,0.17169369757175446
34,1,23,0.4435954689979553,0.5218042731285095,0.40430220023536795,0.537824314993903,0.9468866586685181
34,1,24,0.7155982255935669,0.5297682285308838,0.6761309733918932,0.5384195453952907,0.9433632493019104
34,1,25,0.47485291957855225,0.7779518961906433,0.4238402073031958,0.7637679017952214,0.6921152472496033
34,1,26,0.6370031237602234,0.8120132684707642,0.6008917733572096,0.7803331735007906,0.6835259795188904
34,1,27,0.44912296533584595,0.9878849387168884,0.4152281614839998,0.9601874684030937,0.7094565033912659
34,1,28,0.6044677495956421,1.0237177610397339,0.5744357086359951,0.9714513518837745,0.6354267001152039
34,1,29,0.43138986825942993,1.029040813446045,0.4121809085167091,0.9964022407040031,0.7187690138816833
34,1,30,0.5643104910850525,1.05561363697052,0.5577851384538027,1.0032056904061992,0.6718739867210388
34,1,31,0.49035799503326416,0.9804163575172424,0.42248737278425896,1.0010604049870828,0.629020094871521
34,1,32,0.6022805571556091,1.0112316608428955,0.5702156678833737,1.0047100951611485,0.5376049280166626
35,1,0,0.45072537660598755,0.09355015307664871,0.47737181533284795,0.07871318114998271,0.9412768483161926
35,1,1,0.42852193117141724,0.07661929726600647,0.457440051199281,0.06265782670714791,0.9465526342391968
35,1,2,0.4267645478248596,0.07818497717380524,0.44719738651766294,0.06334085618060167,0.9455426931381226
35,1,3,0.42503485083580017,0.08092602342367172,0.4379392887434245,0.0612633369973536,0.9461608529090881
35,1,4,0.4608268737792969,0.07578287273645401,0.49029932142410343,0.06221257479526372,0.94270259141922
35,1,5,0.47004154324531555,0.07678723335266113,0.5017456263426096,0.06266989330039803,0.9401876330375671
35,1,6,0.47926080226898193,0.07753278315067291,0.5104388636214491,0.06281259961007227,0.940978467464447
35,1,7,0.43135178089141846,0.09428863227367401,0.42294998431393815,0.07203855939931285,0.9537702798843384
35,1,8,0.4884081780910492,0.0892893448472023,0.5213193672685068,0.06981741476065136,0.9505568742752075
35,1,9,0.43823501467704773,0.10954024642705917,0.464244824125068,0.09435618388186785,0.9499377012252808
35,1,10,0.46551188826560974,0.10753487795591354,0.49328790562719105,0.0934522097468827,0.9490661025047302
35,1,11,0.22083303332328796,0.2147935926914215,0.25923961819967534,0.17582816166689566,0.9884731769561768
35,1,12,0.6565908789634705,0.18709737062454224,0.6737479189396077,0.17310448787034036,0.9876726865768433
35,1,13,0.4731643497943878,0.37974312901496887,0.3037985921931887,0.33652897148514954,0.4311036765575409
35,1,14,0.4408581554889679,0.33500024676322937,0.5716816218064587,0.31378103577120703,0.31854578852653503
35,1,15,0.5316325426101685,0.43286824226379395,0.3636966633747064,0.40730683455802075,0.23591257631778717
35,1,16,0.2645471692085266,0.36386752128601074,0.410265606501354,0.3423717804619042,0.17930276691913605
35,1,17,0.5377913117408752,0.45172154903411865,0.3647178476777037,0.42863937459997464,0.20958921313285828
35,1,18,0.2374684065580368,0.36905428767204285,0.39856884840016454,0.34958236773555534,0.16639629006385803
35,1,19,0.5548505783081055,0.435382604598999,0.38788183331917625,0.4150666658197624,0.20383772253990173
35,1,20,0.23298072814941406,0.3587413728237152,0.361392548828269,0.3403668794495416,0.1631966531276703
35,1,21,0.5572880506515503,0.428043395280838,0.39797893584318333,0.40883485792490326,0.19343233108520508
35,1,22,0.22529394924640656,0.3594704568386078,0.36278671854068617,0.33980792295416123,0.16219739615917206
35,1,23,0.4414410889148712,0.5555389523506165,0.4107407444550687,0.5408935763099733,0.9497088193893433
35,1,24,0.6106393337249756,0.539626955986023,0.6647674162851867,0.5386286391936813,0.9465819001197815
35,1,25,0.4462354779243469,0.7787747979164124,0.4277210228695278,0.7663678246212121,0.6734090447425842
35,1,26,0.610534131526947,0.7936387062072754,0.6025620308688018,0.782638220238453,0.650855541229248
35,1,27,0.43903154134750366,1.0134704113006592,0.41935315091031783,0.9694292778428418,0.6783692240715027
35,1,28,0.5875632762908936,1.0211912393569946,0.5767099064336476,0.980077719333683,0.5956410765647888
35,1,29,0.4374069273471832,1.0583423376083374,0.4165526135917179,1.0071484081320796,0.6853194832801819
35,1,30,0.5739734172821045,1.060494065284729,0.5605898186611263,1.0131434369485772,0.6298670768737793
35,1,31,0.47492778301239014,0.9875990152359009,0.43158282543904447,0.9987283429675914,0.5856615304946899
35,1,32,0.586388111114502,0.9922246932983398,0.5730176148085507,1.0025471786153597,0.4952283203601837
36,1,0,0.4806622862815857,0.11504920572042465,0.47794168389639596,0.08501238056773733,0.9468047618865967
36,1,1,0.43972063064575195,0.09483201801776886,0.45436992520263775,0.06823483644745491,0.9515148997306824
36,1,2,0.45233941078186035,0.0968623235821724,0.44808797030877234,0.06915163518806917,0.9504794478416443
36,1,3,0.4537777006626129,0.09993720799684525,0.44068333820266165,0.06796829510915095,0.9510321617126465
36,1,4,0.49470195174217224,0.093891441822052,0.4910618273904602,0.0677036442782461,0.9481867551803589
36,1,5,0.5053612589836121,0.09525877237319946,0.5023718148585793,0.06831885450790699,0.9459047317504883
36,1,6,0.5164729356765747,0.09709054231643677,0.511483975761207,0.06875464479554005,0.9466966390609741
36,1,7,0.4438515603542328,0.11824492365121841,0.4265717925243799,0.08005125007028832,0.9579235315322876
36,1,8,0.519967257976532,0.11260201781988144,0.5210852116050064,0.07723597349568216,0.9553927779197693
36,1,9,0.46473103761672974,0.1401161104440689,0.4643290231590924,0.1022913510211757,0.9546459317207336
36,1,10,0.49866047501564026,0.1375553011894226,0.4942184259925347,0.10109968700312898,0.9539962410926819
36,1,11,0.30753976106643677,0.24899855256080627,0.26761592122186545,0.18852696348900774,0.9890829920768738
36,1,12,0.5736232399940491,0.23037753999233246,0.6563570927997194,0.1830395502583717,0.9887296557426453
36,1,13,0.614920973777771,0.29274681210517883,0.35817935994387223,0.3289371689539749,0.4032052457332611
36,1,14,0.396685391664505,0.4083164632320404,0.5412179559147196,0.3301982059737801,0.3078087270259857
36,1,15,0.7176145315170288,0.21605075895786285,0.4256364766203151,0.3739963087589472,0.2187952697277069
36,1,16,0.18807314336299896,0.5465813875198364,0.3715313253284776,0.37795144144744236,0.1683969497680664
36,1,17,0.720409095287323,0.19393952190876007,0.4269714551444874,0.3877093670971539,0.19370706379413605
36,1,18,0.1250244379043579,0.5884765982627869,0.35080963528086573,0.3912481597586592,0.15814879536628723
36,1,19,0.7395085096359253,0.19184260070323944,0.44941665970475997,0.37615122251853433,0.1881411075592041
36,1,20,0.1332685500383377,0.6050015687942505,0.32161730737410227,0.3865574556825377,0.15541325509548187
36,1,21,0.7404929995536804,0.20288455486297607,0.457902770949632,0.3729493068047984,0.17908044159412384
36,1,22,0.15898042917251587,0.5928730964660645,0.327277217865633,0.3839639101526874,0.15617342293262482
36,1,23,0.49417227506637573,0.5965932607650757,0.4252248637777116,0.5505552045762901,0.9545361399650574
36,1,24,0.5511661767959595,0.5886894464492798,0.6450278478553102,0.5473106832532721,0.9517490863800049
36,1,25,0.5102438926696777,0.8208267092704773,0.4420470075898064,0.7758139324260259,0.6642852425575256
36,1,26,0.61151522397995,0.8320143818855286,0.6041128786280704,0.7912014052645101,0.6491947770118713
36,1,27,0.4952734112739563,1.026162028312683,0.43253029291953843,0.9792704741722373,0.6596652269363403
36,1,28,0.5767086148262024,1.0176037549972534,0.5767096827642572,0.986583461342569,0.5788491368293762
36,1,29,0.47930464148521423,1.0575010776519775,0.4274398921850686,1.0158812102456798,0.654096245765686
36,1,30,0.5621711015701294,1.0414319038391113,0.5608636619686184,1.018046337479697,0.5960514545440674
36,1,31,0.5320624709129333,1.0696262121200562,0.4490354940514168,1.0110319387590154,0.5580244064331055
36,1,32,0.5971249938011169,1.0717140436172485,0.5771953223942261,1.0145497586812529,0.47575727105140686
38,1,0,0.5345756411552429,0.12379391491413116,0.4946817206747426,0.09647108663061241,0.9496899247169495
38,1,1,0.5052846670150757,0.09991420805454254,0.46941757941401757,0.07759363064314871,0.9548672437667847
38,1,2,0.5064833164215088,0.10040392726659775,0.4653493029197143,0.07838417467485331,0.9539274573326111
38,1,3,0.4965137541294098,0.10141211748123169,0.4571855702583809,0.07784872717826608,0.954544186592102
38,1,4,0.5340390801429749,0.10195954889059067,0.5037613897318608,0.07782417268436624,0.9517990946769714
38,1,5,0.5308181643486023,0.10334134101867676,0.5107749046338765,0.07866603423781723,0.949684202671051
38,1,6,0.5601412653923035,0.104669488966465,0.5258637429913693,0.07936567294525287,0.9507521986961365
38,1,7,0.46553531289100647,0.12020289152860641,0.43808431058915503,0.09191513417912328,0.9610535502433777
38,1,8,0.5815563201904297,0.11894247680902481,0.5389609410133693,0.08955970179981662,0.9587317705154419
38,1,9,0.5137262344360352,0.14722052216529846,0.4789276989063573,0.11556826821505235,0.9573630690574646
38,1,10,0.5325402617454529,0.14738941192626953,0.5055411887262825,0.11477906389210436,0.9564191102981567
38,1,11,0.24098321795463562,0.25480690598487854,0.2597488826773609,0.20812231198446016,0.9886481165885925
38,1,12,0.7558619976043701,0.24096253514289856,0.6857965297113857,0.20016107980763112,0.987092137336731
38,1,13,0.41870859265327454,0.3299073278903961,0.37607259837844376,0.3292235827912375,0.39202338457107544
38,1,14,0.8174718618392944,0.2985682487487793,0.6232635794120696,0.3208539875158801,0.3397354185581207
38,1,15,0.5413877367973328,0.2721688747406006,0.45989545361942574,0.3438678676091454,0.19910486042499542
38,1,16,0.8489553332328796,0.20170791447162628,0.5139377536186581,0.3257210786244575,0.1680784523487091
38,1,17,0.5631231665611267,0.2584039568901062,0.46728630917717373,0.34942783502444835,0.17656469345092773
38,1,18,0.8532251119613647,0.17270022630691528,0.5007504590809948,0.32642140975036543,0.16112779080867767
38,1,19,0.6043302416801453,0.25072383880615234,0.49530563654026577,0.33902093314855647,0.17156609892845154
38,1,20,0.8076162934303284,0.163724884390831,0.4666082952467324,0.32045374506799934,0.1593412160873413
38,1,21,0.6231955885887146,0.2582435607910156,0.5068772652279704,0.3390009011151518,0.16402103006839752
38,1,22,0.8072405457496643,0.18814773857593536,0.47044924218304984,0.325908620001077,0.15860502421855927
38,1,23,0.42201757431030273,0.6087420582771301,0.42427794753334536,0.5677547780039871,0.958448052406311
38,1,24,0.6394593119621277,0.610995352268219,0.6433837113322232,0.5661376222364672,0.9554260969161987
38,1,25,0.416795939207077,0.8293982744216919,0.43458832469713016,0.791651510456588,0.660423219203949
38,1,26,0.6042943596839905,0.822929322719574,0.6041664553553633,0.8005745523594795,0.6171938180923462
38,1,27,0.4729374349117279,1.0347665548324585,0.44446974210148155,0.9956737828280274,0.6467050909996033
38,1,28,0.6571223735809326,0.9989930987358093,0.6004906019915395,0.9902480070529686,0.549953043460846
38,1,29,0.4611034691333771,1.0672144889831543,0.437385289326977,1.0310527205059876,0.6518355011940002
38,1,30,0.6471441984176636,1.0261754989624023,0.5863831382462861,1.02044664101526,0.5778460502624512
38,1,31,0.5010290741920471,1.0848106145858765,0.4644023933595321,1.0328478475908687,0.542572557926178
38,1,32,0.6787323355674744,1.055619716644287,0.6072372942269297,1.0266852450759245,0.4544104039669037
39,1,0,0.5283445715904236,0.12340429425239563,0.5005170374638687,0.10113890406293026,0.9461464881896973
39,1,1,0.5291256308555603,0.0998615249991417,0.4797758138053182,0.08145235778840346,0.9503961205482483
39,1,2,0.5361357927322388,0.10003858804702759,0.4776335220442043,0.08213652469227753,0.9495770931243896
39,1,3,0.537956714630127,0.10066255927085876,0.4712067118753397,0.08180212266627541,0.9515405297279358
39,1,4,0.5299212336540222,0.10024376958608627,0.508295067483722,0.08170920563438852,0.9466898441314697
39,1,5,0.5276907682418823,0.10052015632390976,0.5137057237338247,0.08245301330033702,0.9424930214881897
39,1,6,0.5319188833236694,0.10113435238599777,0.5269125061970807,0.08313783657194707,0.9440289735794067
39,1,7,0.5036430954933167,0.1141032725572586,0.4494595332154831,0.09576003178560384,0.9554262757301331
39,1,8,0.5018703937530518,0.11315815150737762,0.5325307807419166,0.09364916034891971,0.9481307864189148
39,1,9,0.5188634991645813,0.14556248486042023,0.4858517092028563,0.12076707037581846,0.9512282013893127
39,1,10,0.5255986452102661,0.14529430866241455,0.509016644847766,0.12006825696612705,0.9481619000434875
39,1,11,0.621553897857666,0.24772055447101593,0.3230829328765887,0.21498773044498476,0.9868438243865967
39,1,12,0.20348860323429108,0.2339230626821518,0.6010674156965962,0.2060135973146133,0.981147825717926
39,1,13,0.7975953221321106,0.30985552072525024,0.44999190207358464,0.32586763851159434,0.40244871377944946
39,1,14,0.26681795716285706,0.28258517384529114,0.5608780606219209,0.31421930632810496,0.3360220789909363
39,1,15,0.7239251136779785,0.23140980303287506,0.505981156883291,0.32432738510485826,0.20710816979408264
39,1,16,0.45948681235313416,0.21183906495571136,0.5044933254059006,0.3059324339634132,0.16496992111206055
39,1,17,0.7082738876342773,0.2100493609905243,0.509321366083465,0.32519011375428286,0.18027371168136597
39,1,18,0.552872896194458,0.19515356421470642,0.5097910024031769,0.303599815224372,0.15848413109779358
39,1,19,0.7024181485176086,0.19931437075138092,0.5313955260298187,0.3147259261871661,0.17479944229125977
39,1,20,0.6062033772468567,0.1882070153951645,0.4908843218294477,0.29746131991864616,0.1565859317779541
39,1,21,0.6961724162101746,0.21122802793979645,0.5398448821031534,0.3167891290481624,0.1692056506872177
39,1,22,0.7204868793487549,0.19818368554115295,0.5140750279284318,0.3037053916869171,0.15633578598499298
39,1,23,0.505109965801239,0.5808621644973755,0.4383096984380542,0.5700254800412707,0.9587432146072388
39,1,24,0.32333239912986755,0.5813190340995789,0.5874278076826339,0.5687677891645957,0.9563315510749817
39,1,25,0.5992976427078247,0.785326361656189,0.46325228640337124,0.7905559716123869,0.6554139852523804
39,1,26,0.2663079500198364,0.7766940593719482,0.5450661406498215,0.7964361800378931,0.6332537531852722
39,1,27,0.49854978919029236,0.9203709959983826,0.45385004586171407,0.9826040391155624,0.6132320761680603
39,1,28,0.3730126619338989,0.9537159204483032,0.560828996715121,0.9839147733177217,0.5440126657485962
39,1,29,0.47158166766166687,0.9317070245742798,0.4433131823955408,1.0137976062538288,0.6111894249916077
39,1,30,0.39623525738716125,0.9627000689506531,0.5532669888312713,1.0104292697956554,0.5461936593055725
39,1,31,0.49572086334228516,0.9746190905570984,0.4698309502721621,1.0227466997060557,0.5186704993247986
39,1,32,0.4235646724700928,1.0514867305755615,0.5752551371477765,1.030983343202157,0.4505169987678528
40,1,0,0.5995543003082275,0.12422208487987518,0.5177184283935908,0.10513900817763472,0.9503493905067444
40,1,1,0.59886234998703,0.1016649678349495,0.5004719010461797,0.08495471604045142,0.9542062282562256
40,1,2,0.6049943566322327,0.10206729173660278,0.4997730891078668,0.08559001712055136,0.9535431265830994
40,1,3,0.6076070070266724,0.10275914520025253,0.4949240540274889,0.08543355075860362,0.9552993178367615
40,1,4,0.5716447234153748,0.10081588476896286,0.519286254327181,0.08501982277399552,0.9509215950965881
40,1,5,0.5448282361030579,0.10045285522937775,0.5191002698509446,0.0855717449244989,0.9471253156661987
40,1,6,0.5493546724319458,0.10036426782608032,0.5308014522463497,0.08612249439108811,0.9484816193580627
40,1,7,0.5601849555969238,0.1141454204916954,0.4686977275340302,0.09894560194239121,0.9589588642120361
40,1,8,0.5152845978736877,0.11128485947847366,0.5295426969184435,0.09670476584479308,0.9526168704032898
40,1,9,0.5864232182502747,0.1468590646982193,0.5033203803883478,0.1252889836458828,0.9552993178367615
40,1,10,0.5461349487304688,0.14511123299598694,0.5154516170442127,0.1244082317878146,0.9527007341384888
40,1,11,0.718287467956543,0.2434644252061844,0.39233338026744907,0.21992328289886268,0.9873072504997253
40,1,12,0.2038673758506775,0.2314291149377823,0.5314621251299683,0.21041818236951104,0.9818024039268494
40,1,13,0.987555205821991,0.3208027780056,0.544585537842101,0.3249904171836425,0.42773059010505676
40,1,14,0.07470234483480453,0.3224215507507324,0.4754585774441191,0.31564004141605495,0.3428019881248474
40,1,15,0.8983876705169678,0.22969162464141846,0.5747363867405387,0.3078924418598477,0.21911731362342834
40,1,16,0.13448844850063324,0.3205982446670532,0.4397098448180281,0.3084732234349079,0.16372349858283997
40,1,17,0.792587161064148,0.18329694867134094,0.5587933091156619,0.3005132300227972,0.18426182866096497
40,1,18,0.15460558235645294,0.3248583972454071,0.44762969533980473,0.3072834953957001,0.15732795000076294
40,1,19,0.8480513095855713,0.18674933910369873,0.5867537362176107,0.29247856090840674,0.17863987386226654
40,1,20,0.17287179827690125,0.31334593892097473,0.4352901269169768,0.30021335966275897,0.15599431097507477
40,1,21,0.8416098356246948,0.19877035915851593,0.592576447864463,0.2962789724585472,0.1731927990913391
40,1,22,0.18512065708637238,0.31618818640708923,0.45654973778066943,0.3058678412084858,0.15482915937900543
40,1,23,0.5998773574829102,0.5852735638618469,0.466424313053868,0.5726672045736292,0.960347592830658
40,1,24,0.2919679880142212,0.587429940700531,0.5358082230298646,0.5720013315386854,0.959791898727417
40,1,25,0.6216132640838623,0.8126770257949829,0.49080635120373844,0.7943892381797576,0.6658413410186768
40,1,26,0.19297897815704346,0.7865018248558044,0.48344980744754,0.7947153261860784,0.6567127108573914
40,1,27,0.5200380682945251,0.9173451066017151,0.4653346797308781,0.9712809313145443,0.5876038670539856
40,1,28,0.32228171825408936,1.00385320186615,0.5192233755943322,0.9873695950391135,0.553409218788147
40,1,29,0.5123649835586548,0.9661568999290466,0.4552957413666031,1.0055358076136542,0.5815600752830505
40,1,30,0.35769084095954895,1.0193653106689453,0.5191997586372569,1.0119771455587911,0.5264384746551514
40,1,31,0.5216341018676758,0.984149158000946,0.4788157212587686,1.016054985605767,0.4988000988960266
40,1,32,0.3675783574581146,1.103702187538147,0.5390671483874345,1.0436036522651486,0.4556959271430969
41,6,0,0.7061033248901367,0.07779563963413239,0.6663917736486363,0.08811482422617596,0.9540292620658875
41,6,1,0.7416582107543945,0.053388819098472595,0.6854941510802827,0.06737039707119322,0.9572372436523438
41,6,2,0.7626291513442993,0.05497462674975395,0.698433720818199,0.06860665332783786,0.9568607211112976
41,6,3,0.7731141448020935,0.056304603815078735,0.7040781427641319,0.07008332003773594,0.9582255482673645
41,6,4,0.6967260837554932,0.04820646718144417,0.6559279512898971,0.06311655799519778,0.9542105793952942
41,6,5,0.6513910889625549,0.048656340688467026,0.6257427752701238,0.06306244252007853,0.9508031010627747
41,6,6,0.6577240824699402,0.051088739186525345,0.6237599869492526,0.06397975546534376,0.9519910216331482
41,6,7,0.7786523103713989,0.06468905508518219,0.6985925400485271,0.07778662221655608,0.9616466164588928
41,6,8,0.6181367635726929,0.05630911514163017,0.5860383019664919,0.06692892776058203,0.955732524394989
41,6,9,0.7358015775680542,0.09687136858701706,0.6801422977655941,0.10719205932203241,0.9580565094947815
41,6,10,0.6558915376663208,0.09585954248905182,0.6233339947674172,0.10592277881714864,0.9551395773887634
41,6,11,0.9462801814079285,0.14211121201515198,0.7992905676018809,0.15901694932627877,0.987616777420044
41,6,12,0.5107084512710571,0.1264595240354538,0.4695772421175683,0.1376469398454934,0.9829418659210205
41,6,13,0.9321771264076233,0.31121760606765747,0.8243504480002692,0.26282727268621914,0.4536152780056
41,6,14,0.3535419702529907,0.24283656477928162,0.36593115219066646,0.20174750315156204,0.37336111068725586
41,6,15,0.8795104026794434,0.2529527544975281,0.7823226617966637,0.20471427920858926,0.24248777329921722
41,6,16,0.5841221213340759,0.14808008074760437,0.572359885226852,0.12958896634836828,0.2128239870071411
41,6,17,0.81929612159729,0.24533197283744812,0.7342233101508671,0.19251045747928608,0.20628222823143005
41,6,18,0.649774432182312,0.13333410024642944,0.629785272136635,0.11644034665467574,0.20114171504974365
41,6,19,0.8600969910621643,0.21590596437454224,0.7523465103603935,0.172966100030863,0.20020082592964172
41,6,20,0.6467202305793762,0.1078185960650444,0.6278598734350356,0.09989580367786226,0.19833727180957794
41,6,21,0.8762815594673157,0.22045278549194336,0.770616713512715,0.17952529886548838,0.1956549733877182
41,6,22,0.6462961435317993,0.11706960946321487,0.6241093127656024,0.108451370302048,0.19603848457336426
41,6,23,0.8289146423339844,0.44048553705215454,0.7223763120054506,0.4543227447860096,0.9598208069801331
41,6,24,0.5540472269058228,0.43519553542137146,0.5135442808780857,0.45071196187552487,0.9604893326759338
41,6,25,0.7266552448272705,0.58061283826828,0.7062280552130831,0.622259225861206,0.6895949244499207
41,6,26,0.41921287775039673,0.6040180325508118,0.44790622723058987,0.6236272892251774,0.6794117093086243
41,6,27,0.5897567272186279,0.7944834232330322,0.6304383482593245,0.8273945277736411,0.6068533062934875
41,6,28,0.41923555731773376,0.834122359752655,0.46161404786139193,0.8217775481750689,0.5805802345275879
41,6,29,0.5832973122596741,0.8244147300720215,0.6181355607461501,0.8532518547948169,0.5953719615936279
41,6,30,0.4525121748447418,0.8696174621582031,0.48067366465833894,0.848201147205203,0.5490001440048218
41,6,31,0.5322073101997375,0.8651814460754395,0.6107711483595337,0.9022886291962683,0.5131725668907166
41,6,32,0.32296982407569885,0.9387979507446289,0.40060332727475717,0.9127517489626495,0.480868399143219
42,6,0,0.771049439907074,0.0292989369481802,0.6845724600813932,0.07791162613938273,0.9565368890762329
42,6,1,0.8154963254928589,0.014538326300680637,0.7080947478056253,0.05820689795318888,0.9585897326469421
42,6,2,0.846861720085144,0.015082222409546375,0.7242518388948858,0.05932287456592447,0.9578361511230469
42,6,3,0.8494029641151428,0.013626993633806705,0.7293541495983697,0.060290144414937484,0.9590190649032593
42,6,4,0.7622594833374023,0.003934427630156279,0.6744003475836599,0.05284971223776879,0.9562144875526428
42,6,5,0.7374576330184937,0.0018186592496931553,0.6451534996349627,0.052437286898879644,0.9529933333396912
42,6,6,0.7248355746269226,-0.0001263550657313317,0.6413165264552151,0.0528570617115334,0.9545412063598633
42,6,7,0.8802744746208191,0.02480153739452362,0.7302264305001684,0.06859654123018347,0.9599870443344116
42,6,8,0.7086805105209351,0.006127411499619484,0.6073546612177703,0.056380640339145395,0.9555565714836121
42,6,9,0.8018411993980408,0.05448172613978386,0.7012941261441884,0.09804970905016312,0.9584558606147766
42,6,10,0.7314527630805969,0.04777180030941963,0.6421178661087421,0.09583512904204322,0.9563831686973572
42,6,11,0.9721012115478516,0.13501395285129547,0.8293722367610793,0.15485733252436704,0.9850582480430603
42,6,12,0.5722107887268066,0.10377228260040283,0.4874052329425288,0.13177486666217353,0.9836622476577759
42,6,13,0.8629948496818542,0.2696489691734314,0.8310503731042889,0.26400883478985226,0.47840890288352966
42,6,14,0.42213696241378784,0.21409972012043,0.3756808047404739,0.20388734257381627,0.39558377861976624
42,6,15,0.8355574607849121,0.23556868731975555,0.7915561994920844,0.21006232288500776,0.28292709589004517
42,6,16,0.5363826751708984,0.18972671031951904,0.5661229449481806,0.1400218906674497,0.24991467595100403
42,6,17,0.7449785470962524,0.23401305079460144,0.7360864171958934,0.19970647127931962,0.24567079544067383
42,6,18,0.5671124458312988,0.19196024537086487,0.6189117311346664,0.1295478674331553,0.23500774800777435
42,6,19,0.7309127449989319,0.21059715747833252,0.748632455381165,0.17949007720169055,0.2396986186504364
42,6,20,0.5666198134422302,0.16899704933166504,0.6172353763527653,0.11188696967252809,0.2325749397277832
42,6,21,0.7524808645248413,0.21087516844272614,0.7674744338372628,0.18495930053069007,0.23188786208629608
42,6,22,0.5676069259643555,0.17142049968242645,0.6143081459034327,0.11937641903874513,0.22852011024951935
42,6,23,0.8397454619407654,0.45961153507232666,0.7427731040380011,0.4552387538671379,0.9615333080291748
42,6,24,0.5869941711425781,0.43597474694252014,0.5262917577590766,0.44815877632130446,0.9637508988380432
42,6,25,0.7398442625999451,0.6446234583854675,0.7120552841952269,0.6261346552211594,0.7158032655715942
42,6,26,0.3156794309616089,0.6352733373641968,0.42491746488031035,0.6256447531152501,0.7098119854927063
42,6,27,0.7218135595321655,0.8286504745483398,0.6463052791425496,0.827612029029501,0.6413076519966125
42,6,28,0.1025145873427391,0.8291953802108765,0.3987585409605537,0.8230623885406974,0.6202797889709473
42,6,29,0.6825101971626282,0.8459628224372864,0.6293049155945798,0.851989330461418,0.6174665093421936
42,6,30,0.10905272513628006,0.8592386245727539,0.4156023616375203,0.8501131539053782,0.579868733882904
42,6,31,0.6952450275421143,0.9113621711730957,0.6254366037363893,0.9038603279586133,0.5529508590698242
42,6,32,0.03543277084827423,0.9177517890930176,0.33667343008385253,0.9136177413239783,0.5271077156066895
