frame_id,person_id,landmark_id,raw_x,raw_y,filtered_x,filtered_y,visibility
1,1,0,0.2619326114654541,0.11600837111473083,0.2619326114654541,0.11600837111473083,0.999893069267273
1,1,1,0.2869623005390167,0.09511810541152954,0.2869623005390167,0.09511810541152954,0.9996660947799683
1,1,2,0.3069653809070587,0.09382754564285278,0.3069653809070587,0.09382754564285278,0.9996533393859863
1,1,3,0.330837607383728,0.09252375364303589,0.330837607383728,0.09252375364303589,0.9996798038482666
1,1,4,0.25219422578811646,0.0972805917263031,0.25219422578811646,0.0972805917263031,0.9996793270111084
1,1,5,0.2438887059688568,0.09767875075340271,0.2438887059688568,0.09767875075340271,0.9996645450592041
1,1,6,0.2366296947002411,0.09810450673103333,0.2366296947002411,0.09810450673103333,0.9997345805168152
1,1,7,0.416949063539505,0.09701129794120789,0.416949063539505,0.09701129794120789,0.9998737573623657
1,1,8,0.28237515687942505,0.10371139645576477,0.28237515687942505,0.10371139645576477,0.999686598777771
1,1,9,0.31099188327789307,0.1351141631603241,0.31099188327789307,0.1351141631603241,0.9999638795852661
1,1,10,0.2682706117630005,0.13580912351608276,0.2682706117630005,0.13580912351608276,0.9999178647994995
1,1,11,0.7155950665473938,0.2001623511314392,0.7155950665473938,0.2001623511314392,0.9996296167373657
1,1,12,0.20987293124198914,0.21361257135868073,0.20987293124198914,0.21361257135868073,0.9997019171714783
1,1,13,0.9186064004898071,0.3345220386981964,0.9186064004898071,0.3345220386981964,0.9881342053413391
1,1,14,0.14524146914482117,0.32977941632270813,0.14524146914482117,0.32977941632270813,0.9195826053619385
1,1,15,0.8791143298149109,0.4578840434551239,0.8791143298149109,0.4578840434551239,0.816366970539093
1,1,16,0.09371548891067505,0.4141233563423157,0.09371548891067505,0.4141233563423157,0.9142618179321289
1,1,17,0.899547278881073,0.5030241012573242,0.899547278881073,0.5030241012573242,0.7305535078048706
1,1,18,0.055105891078710556,0.44031429290771484,0.055105891078710556,0.44031429290771484,0.894725501537323
1,1,19,0.8190901279449463,0.4974117875099182,0.8190901279449463,0.4974117875099182,0.7344433665275574
1,1,20,0.0721590518951416,0.4282769560813904,0.0721590518951416,0.4282769560813904,0.9038050770759583
1,1,21,0.8057328462600708,0.4841029942035675,0.8057328462600708,0.4841029942035675,0.7647790908813477
1,1,22,0.09754976630210876,0.42077162861824036,0.09754976630210876,0.42077162861824036,0.9027147889137268
1,1,23,0.6023316383361816,0.4808882474899292,0.6023316383361816,0.4808882474899292,0.99753737449646
1,1,24,0.32826825976371765,0.47691041231155396,0.32826825976371765,0.47691041231155396,0.9982289671897888
1,1,25,0.6348568797111511,0.7164554595947266,0.6348568797111511,0.7164554595947266,0.9698325395584106
1,1,26,0.25988611578941345,0.7014296650886536,0.25988611578941345,0.7014296650886536,0.9626373052597046
1,1,27,0.6798819303512573,0.8865039348602295,0.6798819303512573,0.8865039348602295,0.8825145363807678
1,1,28,0.3451997935771942,0.8782252073287964,0.3451997935771942,0.8782252073287964,0.9171950221061707
1,1,29,0.6803985834121704,0.8916406631469727,0.6803985834121704,0.8916406631469727,0.5162121057510376
1,1,30,0.37895524501800537,0.8877258896827698,0.37895524501800537,0.8877258896827698,0.661941647529602
1,1,31,0.6523785591125488,0.944010317325592,0.6523785591125488,0.944010317325592,0.7928906679153442
1,1,32,0.19875571131706238,0.9351696968078613,0.19875571131706238,0.9351696968078613,0.822621762752533
2,1,0,0.25464189052581787,0.11602362245321274,0.26066979531318674,0.11601101220120098,0.9998909831047058
2,1,1,0.2834427058696747,0.09512282907962799,0.2863527452976013,0.09511892341264924,0.9996713399887085
2,1,2,0.3012225925922394,0.0938287228345871,0.3059707264050929,0.09382774949799967,0.9996628165245056
2,1,3,0.32163670659065247,0.09251483529806137,0.3292438399952072,0.09252220924640532,0.9996880888938904
2,1,4,0.25094443559646606,0.097263403236866,0.25197779058826614,0.09727761518168095,0.999675989151001
2,1,5,0.24366721510887146,0.0976264625787735,0.24385034998181596,0.09766969595834216,0.9996587634086609
2,1,6,0.23667961359024048,0.09798294305801392,0.23663833920331656,0.09808345538535858,0.9997232556343079
2,1,7,0.40815192461013794,0.09627606719732285,0.4154252537187894,0.09688397468957241,0.9998794198036194
2,1,8,0.28992271423339844,0.10303302109241486,0.2836824694207485,0.10359391930977302,0.9996787905693054
2,1,9,0.30538246035575867,0.13511468470096588,0.3100203316398119,0.13511425347589373,0.9999645352363586
2,1,10,0.26605597138404846,0.13584184646606445,0.2678870753571786,0.13581479017845244,0.999915361404419
2,1,11,0.7223570942878723,0.20019997656345367,0.716766289834935,0.20016886676194584,0.9996630549430847
2,1,12,0.2118934988975525,0.21531842648983002,0.21022285565494422,0.21390799067096974,0.9996986389160156
2,1,13,0.918100118637085,0.33480149507522583,0.9185187259624266,0.3345704327667304,0.9890663027763367
2,1,14,0.14653411507606506,0.34450939297676086,0.14546532627126652,0.33233134663921593,0.9074150919914246
2,1,15,0.8001840710639954,0.4305664002895355,0.8654134969557263,0.4531495424888885,0.8337333798408508
2,1,16,0.08692307770252228,0.4142261743545532,0.09253900195192573,0.414141161466523,0.9148351550102234
2,1,17,0.7624266147613525,0.47510671615600586,0.8757041776564543,0.4981855701038666,0.7553062438964844
2,1,18,0.04551815614104271,0.4389069080352783,0.053445097501766174,0.4400705647431748,0.8951646685600281
2,1,19,0.706527829170227,0.45783352851867676,0.7995317068368648,0.4905498375745736,0.7587947845458984
2,1,20,0.05773889645934105,0.42676687240600586,0.06966082056120827,0.428015441931157,0.9043589234352112
2,1,21,0.7056462168693542,0.44543153047561646,0.7883486456535201,0.4773984439873331,0.7854902744293213
2,1,22,0.0880286917090416,0.4199534058570862,0.09590052297702777,0.4206299329079594,0.9030321836471558
2,1,23,0.6166154742240906,0.49840959906578064,0.6048062427442956,0.48392403089784497,0.9970964789390564
2,1,24,0.33405908942222595,0.5001274943351746,0.32927123650470697,0.48093373742270723,0.9978074431419373
2,1,25,0.6387514472007751,0.7166125178337097,0.6355313837410709,0.7164826576114238,0.9703550338745117
2,1,26,0.2627893090248108,0.7213501930236816,0.2603889077371809,0.7048813832495172,0.961930513381958
2,1,27,0.6799548864364624,0.9076775908470154,0.6798945642367422,0.8901729261943859,0.882792592048645
2,1,28,0.33693599700927734,0.9274395108222961,0.3437683904129322,0.8867602912696634,0.9177491664886475
2,1,29,0.6852880716323853,0.9195714592933655,0.6812454240848965,0.8964815205996475,0.5068979859352112
2,1,30,0.37831076979637146,0.9448947310447693,0.378843638617451,0.8976428707303823,0.6663034558296204
2,1,31,0.6366571187973022,0.9738199710845947,0.6496547791373102,0.9491771026313743,0.7936409115791321
2,1,32,0.20661546289920807,0.985016405582428,0.2001171118015419,0.9438146208725047,0.8258019685745239
3,1,0,0.23829542100429535,0.1170639842748642,0.25679260248079205,0.11619336190603967,0.9998736381530762
3,1,1,0.2688654661178589,0.09630277007818222,0.2833228684351427,0.09532393828901571,0.9996464252471924
3,1,2,0.2847006320953369,0.09470801055431366,0.302285013449273,0.09398018897315123,0.9996466040611267
3,1,3,0.30081549286842346,0.09312638640403748,0.32431667524372715,0.09262683694021645,0.9996740221977234
3,1,4,0.24224209785461426,0.09871304035186768,0.25029136016731246,0.0975261995198167,0.9996267557144165
3,1,5,0.2380586564540863,0.0989031121134758,0.24284722359186742,0.09788329544279387,0.9996002316474915
3,1,6,0.2337236851453781,0.09902709722518921,0.2361335622294868,0.09824687115831812,0.9996599555015564
3,1,7,0.39570268988609314,0.09610895812511444,0.4120078579586837,0.09674976138588384,0.9998788237571716
3,1,8,0.29404425621032715,0.10300861299037933,0.28547738652793553,0.10349255960946843,0.9996123909950256
3,1,9,0.29315873980522156,0.1351328045129776,0.30709891738459927,0.13511746597412586,0.9999623894691467
3,1,10,0.25903674960136414,0.13608433306217194,0.26635405024737063,0.13586146749187789,0.9999010562896729
3,1,11,0.7327137589454651,0.1988075226545334,0.7195292486653324,0.19993311217355877,0.9996942281723022
3,1,12,0.2204262763261795,0.21552912890911102,0.21199033141605372,0.21418873803049523,0.9996724724769592
3,1,13,0.9255061745643616,0.3350553512573242,0.919729001680194,0.3346544076750615,0.9900303483009338
3,1,14,0.15745486319065094,0.3467770218849182,0.1475423114456572,0.33483400117713336,0.8904197812080383
3,1,15,0.6940178871154785,0.41989028453826904,0.8355799699574922,0.4473842535680102,0.8499587178230286
3,1,16,0.08828506618738174,0.4112705588340759,0.0918022506069161,0.4136440142366941,0.9124091863632202
3,1,17,0.6325146555900574,0.4570152759552002,0.833283275096706,0.4910472563025868,0.7786885499954224
3,1,18,0.04578953981399536,0.4367296099662781,0.0521190738969442,0.4394919510815681,0.8918395638465881
3,1,19,0.5854044556617737,0.4377332627773285,0.7622126433527229,0.48138903062077765,0.7817996740341187
3,1,20,0.058266911655664444,0.42531225085258484,0.06768705316852178,0.4275472903389809,0.9011276364326477
3,1,21,0.5923948287963867,0.42661425471305847,0.7542154393159175,0.4685906827042617,0.8052380084991455
3,1,22,0.08825921267271042,0.41779080033302307,0.09457696773687368,0.4201382363061722,0.8989225625991821
3,1,23,0.633575975894928,0.5046398639678955,0.6097926272998737,0.4875136410413296,0.9965612292289734
3,1,24,0.3436276316642761,0.5066753029823303,0.3317584168863441,0.4853948729469087,0.9972612857818604
3,1,25,0.661302924156189,0.7178118824958801,0.6399977177052355,0.7167128496408869,0.9711081981658936
3,1,26,0.2730851173400879,0.7353039979934692,0.262588358754469,0.7101545079636349,0.9623489379882812
3,1,27,0.7061746716499329,0.913028359413147,0.68444910490672,0.8941335378596502,0.8843035101890564
3,1,28,0.3467188775539398,0.9471398591995239,0.3442793737163742,0.8972352442054299,0.9192053079605103
3,1,29,0.7147799730300903,0.9284841418266296,0.6870584804085466,0.9020287699453765,0.5029988884925842
3,1,30,0.40112850069999695,0.9625744819641113,0.3827053097100432,0.9089090744717525,0.6735600233078003
3,1,31,0.6399619579315186,0.9984938502311707,0.6479757770817912,0.9577299806132413,0.7965583801269531
3,1,32,0.2295764982700348,1.0190180540084839,0.20522313305168757,0.9568670928649031,0.8293838500976562
4,1,0,0.2388029545545578,0.1178397387266159,0.25367563701592716,0.11647848027836534,0.9998688697814941
4,1,1,0.2692667543888092,0.09695551544427872,0.2808877322610403,0.09560649354006323,0.9996436238288879
4,1,2,0.2850390374660492,0.09504487365484238,0.2992969666502754,0.09416456708792063,0.9996476173400879
4,1,3,0.3018757998943329,0.09320814907550812,0.3204279503616577,0.09272750494052187,0.9996748566627502
4,1,4,0.24240271747112274,0.09975463151931763,0.24892495419834948,0.09791212454967822,0.9996142387390137
4,1,5,0.23867475986480713,0.09993813186883926,0.24212458439425102,0.098239154930661,0.9995853900909424
4,1,6,0.23543071746826172,0.0999947041273117,0.23601184752411458,0.09854956055791726,0.9996420741081238
4,1,7,0.396574467420578,0.09508347511291504,0.40933400630224026,0.09646119493595297,0.9998806118965149
4,1,8,0.3034501373767853,0.10299597680568695,0.2885914225599675,0.10340656472400905,0.9995920062065125
4,1,9,0.2939131557941437,0.13512758910655975,0.3048146242222961,0.13511921900478713,0.999961793422699
4,1,10,0.25960493087768555,0.13617514073848724,0.26518506320468654,0.13591578702601345,0.9998946189880371
4,1,11,0.7460492253303528,0.19664254784584045,0.7241253938064898,0.19936322640223864,0.9997220635414124
4,1,12,0.2378055453300476,0.21581877768039703,0.21646424014433432,0.21447102700468232,0.9996668100357056
4,1,13,0.9414418935775757,0.3352566957473755,0.9234914933051502,0.3347587082227465,0.9908996224403381
4,1,14,0.185207337141037,0.3475230932235718,0.15407217631604844,0.33703221883194107,0.8779425024986267
4,1,15,0.6868825554847717,0.417897492647171,0.8097147699495697,0.4422734821369216,0.8645985722541809
4,1,16,0.09465880692005157,0.4116033613681793,0.09229696500230289,0.4132906112277786,0.9126299023628235
4,1,17,0.6244672536849976,0.4528946876525879,0.7968952864397926,0.48443276859488865,0.7998340129852295
4,1,18,0.051829155534505844,0.4364318251609802,0.05206886808679431,0.43896197811398296,0.8918216228485107
4,1,19,0.5771316289901733,0.4351270794868469,0.7299835926098907,0.4733666696160878,0.8025932312011719
4,1,20,0.05950147286057472,0.4253218173980713,0.06626920140211776,0.4271618777996176,0.9009014964103699
4,1,21,0.5832698941230774,0.42445433139801025,0.7244604644891917,0.4609374140012419,0.8232173323631287
4,1,22,0.08851023763418198,0.4178157448768616,0.09352619606187094,0.419736020707924,0.8981919884681702
4,1,23,0.6554861664772034,0.5084959864616394,0.6177162800689143,0.49114946139026067,0.9960168600082397
4,1,24,0.3598119616508484,0.5099867582321167,0.3366205667560759,0.48965661663202537,0.9967686533927917
4,1,25,0.6828567385673523,0.7217739224433899,0.6474292080304593,0.7175894126291852,0.9717484712600708
4,1,26,0.2982673645019531,0.7424300909042358,0.2687735449390344,0.7157491180365544,0.9625495672225952
4,1,27,0.7333402037620544,0.9191717505455017,0.6929280551562325,0.8984726875629432,0.8829442858695984
4,1,28,0.36201781034469604,0.9515228867530823,0.3473527897254279,0.9066516230657937,0.91880202293396
4,1,29,0.7359082698822021,0.9355714917182922,0.695530256668292,0.9078432459125629,0.4950000047683716
4,1,30,0.42409247159957886,0.9646167755126953,0.3898812715304867,0.9185721809203105,0.675897479057312
4,1,31,0.6662858128547668,1.0136762857437134,0.651148284473469,0.967434539309255,0.7936205267906189
4,1,32,0.2621292173862457,1.029158592224121,0.2150944577030802,0.9694130784156102,0.8289031386375427
5,1,0,0.23927533626556396,0.11918368190526962,0.25118084660920714,0.11694698009535984,0.9998705387115479
5,1,1,0.269269198179245,0.0975596085190773,0.2788750393719025,0.09594473572906356,0.9996587634086609
5,1,2,0.2854636609554291,0.0952417179942131,0.2969004465706398,0.09435110412683127,0.9996647238731384
5,1,3,0.30322104692459106,0.09297340363264084,0.31744667644256286,0.09277008770882086,0.9996901750564575
5,1,4,0.24092409014701843,0.1013958603143692,0.2475391054823376,0.09851546877181365,0.9996250867843628
5,1,5,0.23676712810993195,0.10183385014533997,0.24119668038115824,0.09886171817000156,0.9995958805084229
5,1,6,0.23307718336582184,0.10213030129671097,0.23550360477677615,0.09916970676910884,0.9996471405029297
5,1,7,0.39693745970726013,0.09448370337486267,0.4071864870890708,0.09611873093780726,0.9998874664306641
5,1,8,0.302974134683609,0.10382991284132004,0.291083164369506,0.10347987715530128,0.9996024370193481
5,1,9,0.29478394985198975,0.13541719317436218,0.3030770811449815,0.13517081986845716,0.9999634027481079
5,1,10,0.2597925066947937,0.136903777718544,0.2642510788855886,0.1360868831677644,0.9998968839645386
5,1,11,0.7474446296691895,0.19521674513816833,0.7281664343163247,0.1986450877342659,0.9997476935386658
5,1,12,0.2385038137435913,0.21757365763187408,0.22028337830554814,0.21500836190630893,0.9996686577796936
5,1,13,0.9459984302520752,0.3424969017505646,0.9273916733574856,0.3360990485396635,0.9916952848434448
5,1,14,0.18753686547279358,0.35717710852622986,0.15987311197956502,0.34052283694047863,0.8664957284927368
5,1,15,0.5997100472450256,0.4154060482978821,0.7731184795557454,0.4376170695623878,0.8776782751083374
5,1,16,0.09080886840820312,0.4130839407444,0.09203925871245362,0.413254821728998,0.9076849222183228
5,1,17,0.5286747813224792,0.44360679388046265,0.7500726167578105,0.47735422490770224,0.8184584975242615
5,1,18,0.05185265466570854,0.4358062148094177,0.052031426009019964,0.43841544045585734,0.8853471875190735
5,1,19,0.4693940579891205,0.42712685465812683,0.6845035373334549,0.4653481508128093,0.8208914399147034
5,1,20,0.05798231065273285,0.42392855882644653,0.06483379694065866,0.4266019071911411,0.8943123817443848
5,1,21,0.48799771070480347,0.4180924892425537,0.6832208936909463,0.4535083658580565,0.8387665748596191
5,1,22,0.08723754435777664,0.41669750213623047,0.09243697978406835,0.41920979018665516,0.8905465006828308
5,1,23,0.6599783897399902,0.5100582242012024,0.6250441409439901,0.49442576744797845,0.9954136610031128
5,1,24,0.3611372113227844,0.5130726099014282,0.3408692616294742,0.4937144366004417,0.9961019158363342
5,1,25,0.7071020007133484,0.7226444482803345,0.6577813265407312,0.7184649298451204,0.9725269675254822
5,1,26,0.31134283542633057,0.7512558698654175,0.27615473446314953,0.7219044128967794,0.9630874991416931
5,1,27,0.7722557187080383,0.9236429333686829,0.7066980404859827,0.9028347363716815,0.8846588134765625
5,1,28,0.3942696452140808,0.961648166179657,0.35548887382429945,0.9161911689741863,0.9187379479408264
5,1,29,0.7662397623062134,0.937126100063324,0.7078011013588789,0.9129186448924089,0.4971276521682739
5,1,30,0.44080471992492676,0.9785515069961548,0.39871322300180184,0.9289775833724326,0.6775720119476318
5,1,31,0.6913135647773743,1.018964409828186,0.6581121330602455,0.976371833783724,0.7960298657417297
5,1,32,0.30662259459495544,1.0447735786437988,0.23098805657494784,0.9824928914971727,0.8289147019386292
6,1,0,0.23896047472953796,0.11925443261861801,0.24906385820279767,0.11734659103297988,0.9998603463172913
6,1,1,0.26729828119277954,0.09710486233234406,0.2768695858739899,0.09614564269590192,0.9996508955955505
6,1,2,0.28395357728004456,0.09477125108242035,0.2946575549045724,0.09442386219662476,0.9996629357337952
6,1,3,0.30263110995292664,0.09228170663118362,0.3148799107798859,0.09268551316426069,0.9996821880340576
6,1,4,0.23579004406929016,0.10127004235982895,0.24550379328811528,0.09899251977144179,0.9996068477630615
6,1,5,0.23043109476566315,0.10183502733707428,0.23933179272024793,0.09937665429091269,0.9995806813240051
6,1,6,0.22547636926174164,0.1023022010922432,0.23376665768064062,0.09971221415875817,0.9996212124824524
6,1,7,0.3976497948169708,0.09223221242427826,0.40553453751891744,0.09544562108023875,0.9998871088027954
6,1,8,0.2922151982784271,0.10387130826711655,0.2912792061865279,0.1035476623603821,0.9995884895324707
6,1,9,0.29558268189430237,0.1351751983165741,0.30177897810109905,0.1351715780875679,0.9999631643295288
6,1,10,0.2599301338195801,0.13735970854759216,0.2635027204907522,0.13630730769033172,0.9998949766159058
6,1,11,0.7508492469787598,0.1932831108570099,0.7320971127703055,0.19771640063711138,0.9997678995132446
6,1,12,0.23754985630512238,0.21986517310142517,0.22327497943256902,0.2158495422188599,0.9996678233146667
6,1,13,0.945073127746582,0.3502785265445709,0.9304552116721754,0.33855556577677776,0.9922787547111511
6,1,14,0.18861661851406097,0.3648802936077118,0.1648549487054703,0.34474392450873453,0.8608269095420837
6,1,15,0.5683146715164185,0.41231006383895874,0.7374338581676176,0.4332313011388744,0.8889402747154236
6,1,16,0.08853811770677567,0.4198799729347229,0.0914328997766159,0.41440233246631186,0.9041182398796082
6,1,17,0.478421688079834,0.43996429443359375,0.7026458753690153,0.47087210156515963,0.8339505195617676
6,1,18,0.05150057375431061,0.4405299723148346,0.05193949647343423,0.43878163873914394,0.8816106915473938
6,1,19,0.4158521890640259,0.42253705859184265,0.6376048422708706,0.45792497470871857,0.8361791968345642
6,1,20,0.056193627417087555,0.4279575049877167,0.06333718379842357,0.4268366666046881,0.8909925222396851
6,1,21,0.43171805143356323,0.41335150599479675,0.6393383660256701,0.4465459724724675,0.851232647895813
6,1,22,0.08443354815244675,0.42071521282196045,0.09105068622014463,0.41947049710724016,0.8863980174064636
6,1,23,0.6795225143432617,0.5115405321121216,0.6344936546497024,0.49739106914374553,0.9940323233604431
6,1,24,0.36587464809417725,0.5165882110595703,0.34520271859143725,0.49767822963985814,0.9949596524238586
6,1,25,0.7267787456512451,0.7335857152938843,0.669754447318048,0.7210845975569663,0.9719757437705994
6,1,26,0.3516263961791992,0.7555968761444092,0.28925386711386525,0.7277448733123554,0.9623326659202576
6,1,27,0.796169102191925,0.9324387311935425,0.7222334883900818,0.9079658453797347,0.8793108463287354
6,1,28,0.43081820011138916,0.963860273361206,0.36856324532598983,0.924457902570129,0.9141050577163696
6,1,29,0.7908451557159424,0.9425662755966187,0.7222178074977572,0.9180573247558615,0.4989870488643646
6,1,30,0.45788297057151794,0.9883868098258972,0.408977920810868,0.9392839102564906,0.6678867340087891
6,1,31,0.7473551630973816,1.031747579574585,0.6736078634388475,0.9859772640736147,0.7859612703323364
6,1,32,0.38640570640563965,1.055420160293579,0.2580275411902375,0.9951494691801509,0.8194302916526794
6,2,0,0.496017724275589,0.10813074558973312,0.496017724275589,0.10813074558973312,0.9997363686561584
6,2,1,0.5368573069572449,0.0945461317896843,0.5368573069572449,0.0945461317896843,0.9995255470275879
6,2,2,0.554523229598999,0.09613454341888428,0.554523229598999,0.09613454341888428,0.9995002150535583
6,2,3,0.5711771249771118,0.09791182726621628,0.5711771249771118,0.09791182726621628,0.9995502829551697
6,2,4,0.4816591143608093,0.09072127938270569,0.4816591143608093,0.09072127938270569,0.9994649291038513
6,2,5,0.4615553021430969,0.08944201469421387,0.4615553021430969,0.08944201469421387,0.9994340538978577
6,2,6,0.4408531188964844,0.08840175718069077,0.4408531188964844,0.08840175718069077,0.9994759559631348
6,2,7,0.5645222663879395,0.10771326720714569,0.5645222663879395,0.10771326720714569,0.9996894001960754
6,2,8,0.38395869731903076,0.0961088091135025,0.38395869731903076,0.0961088091135025,0.9993775486946106
6,2,9,0.5139803886413574,0.12787581980228424,0.5139803886413574,0.12787581980228424,0.9997395873069763
6,2,10,0.44504788517951965,0.12239176034927368,0.44504788517951965,0.12239176034927368,0.9996410012245178
6,2,11,0.6391860842704773,0.22089755535125732,0.6391860842704773,0.22089755535125732,0.9995440244674683
6,2,12,0.17365476489067078,0.1906433403491974,0.17365476489067078,0.1906433403491974,0.999489426612854
6,2,13,0.7687274813652039,0.3527117967605591,0.7687274813652039,0.3527117967605591,0.9565858840942383
6,2,14,0.016829339787364006,0.25091537833213806,0.016829339787364006,0.25091537833213806,0.8665391802787781
6,2,15,0.9068029522895813,0.45417115092277527,0.9068029522895813,0.45417115092277527,0.8550141453742981
6,2,16,0.19979771971702576,0.15735968947410583,0.19979771971702576,0.15735968947410583,0.9048682451248169
6,2,17,0.9373704195022583,0.4896599352359772,0.9373704195022583,0.4896599352359772,0.7956745028495789
6,2,18,0.1801014542579651,0.14849822223186493,0.1801014542579651,0.14849822223186493,0.8800455331802368
6,2,19,0.9013107419013977,0.4900822639465332,0.9013107419013977,0.4900822639465332,0.7999574542045593
6,2,20,0.19069048762321472,0.13605532050132751,0.19069048762321472,0.13605532050132751,0.8884153962135315
6,2,21,0.8654455542564392,0.47855544090270996,0.8654455542564392,0.47855544090270996,0.8144622445106506
6,2,22,0.21542756259441376,0.14563307166099548,0.21542756259441376,0.14563307166099548,0.8813555836677551
6,2,23,0.5335511565208435,0.4741799533367157,0.5335511565208435,0.4741799533367157,0.9943225383758545
6,2,24,0.2709473669528961,0.4708913266658783,0.2709473669528961,0.4708913266658783,0.9952247142791748
6,2,25,0.44328877329826355,0.6930578947067261,0.44328877329826355,0.6930578947067261,0.9351034760475159
6,2,26,0.30930793285369873,0.6961952447891235,0.30930793285369873,0.6961952447891235,0.9309437274932861
6,2,27,0.48600342869758606,0.895134449005127,0.48600342869758606,0.895134449005127,0.8501075506210327
6,2,28,0.41616204380989075,0.9138040542602539,0.41616204380989075,0.9138040542602539,0.89029461145401
6,2,29,0.38773536682128906,0.9252009987831116,0.38773536682128906,0.9252009987831116,0.4994620382785797
6,2,30,0.4122264087200165,0.9414061903953552,0.4122264087200165,0.9414061903953552,0.6450234651565552
6,2,31,0.6090559363365173,0.9614636301994324,0.6090559363365173,0.9614636301994324,0.7690751552581787
6,2,32,0.5313918590545654,0.982563316822052,0.5313918590545654,0.982563316822052,0.8017230033874512
7,1,0,0.2053084820508957,0.11162019520998001,0.24147674107647948,0.1163547762116679,0.9996684789657593
7,1,1,0.23106089234352112,0.090301513671875,0.26892593744054855,0.09513343283771687,0.9994343519210815
7,1,2,0.2477816492319107,0.0875774398446083,0.2865285814379748,0.09323801825421157,0.9994324445724487
7,1,3,0.2656141221523285,0.08480612933635712,0.30633588299083175,0.0913207113409079,0.9994896054267883
7,1,4,0.19601872563362122,0.0951843336224556,0.2369216814495289,0.0983329779271754,0.9993036389350891
7,1,5,0.1877531260251999,0.09618552774190903,0.230386029778459,0.09882399158937287,0.9992262721061707
7,1,6,0.1796073019504547,0.09710446745157242,0.22437257488508328,0.09926059337818129,0.9992263317108154
7,1,7,0.3428325057029724,0.0859677717089653,0.3946559171623068,0.09380386736830729,0.999652624130249
7,1,8,0.20782470703125,0.10188991576433182,0.27679108599608804,0.1032605748802861,0.9990108609199524
7,1,9,0.25928789377212524,0.12610428035259247,0.2944113673469546,0.1336009595442293,0.9997051954269409
7,1,10,0.213325634598732,0.1309412121772766,0.25480041263357894,0.1353779071403481,0.9995288848876953
7,1,11,0.6647909283638,0.18389730155467987,0.7204180771591954,0.1953223430130242,0.9995836019515991
7,1,12,0.18328456580638885,0.21345308423042297,0.216341487004501,0.215434515963821,0.9993689060211182
7,1,13,0.8915834426879883,0.3426220417022705,0.9237158947430665,0.339259846467723,0.9603849649429321
7,1,14,0.13359613716602325,0.3715701997280121,0.159436753407983,0.34939319735546903,0.8457766175270081
7,1,15,0.43314024806022644,0.41038864850997925,0.6842569714716618,0.42927290427832016,0.8687230944633484
7,1,16,0.08053221553564072,0.4175967574119568,0.0895446017572496,0.41495556646839926,0.8885388970375061
7,1,17,0.32667845487594604,0.4305970370769501,0.6368029700421225,0.46388919014309116,0.8141558170318604
7,1,18,0.07455535978078842,0.43629634380340576,0.05585856461008981,0.4383512262643917,0.8642784953117371
7,1,19,0.3106014132499695,0.4133690893650055,0.5804201596664887,0.4501988569872513,0.8179960250854492
7,1,20,0.07478953152894974,0.4241963028907776,0.06532107786337878,0.42637939661956686,0.8726528882980347
7,1,21,0.3354555368423462,0.4065805971622467,0.5862335615277537,0.4396168178802058,0.8303040862083435
7,1,22,0.0878608450293541,0.4168829023838043,0.09049824612864135,0.4190223666027233,0.8662901520729065
7,1,23,0.6441397666931152,0.5078725218772888,0.6361645649607873,0.49920672222107826,0.9941933155059814
7,1,24,0.3410774767398834,0.5169224143028259,0.3444882590844294,0.5010126881011052,0.9946380853652954
7,1,25,0.695375919342041,0.7789531350135803,0.6741947601592225,0.7311231647880457,0.9351078271865845
7,1,26,0.34057116508483887,0.7762628793716431,0.2981542397834276,0.7361590294825312,0.9219515323638916
7,1,27,0.7387666702270508,1.027931809425354,0.7250979813643049,0.928815326368572,0.8422823548316956
7,1,28,0.4320206344127655,0.9826309680938721,0.37957317947000063,0.9345494043612135,0.8644519448280334
7,1,29,0.7388603091239929,1.0566887855529785,0.7251012495174766,0.9421642305388788,0.5033847689628601
7,1,30,0.47382277250289917,1.071579098701477,0.42022904846784237,0.9622846645369176,0.6240090727806091
7,1,31,0.6899648904800415,1.1287797689437866,0.6764418187192636,1.0108125998968989,0.753463089466095
7,1,32,0.3296714425086975,1.135498285293579,0.270460947196356,1.019556317824869,0.7679190635681152
7,2,0,0.5318085551261902,0.1005038321018219,0.5022223167317375,0.10680968461989164,0.9995894432067871
7,2,1,0.5712890028953552,0.08633586764335632,0.5428260402455412,0.09312400346502804,0.9993307590484619
7,2,2,0.5938122868537903,0.08786747604608536,0.5613349795425361,0.09470257356547315,0.99934321641922
7,2,3,0.6132723093032837,0.08941620588302612,0.578476002644159,0.09644025860315765,0.9993870854377747
7,2,4,0.49792662262916565,0.08171204477548599,0.4844775482585367,0.08916072113761402,0.9991505146026611
7,2,5,0.4710853397846222,0.08012724667787552,0.4632060984947683,0.08782851785969346,0.9990699291229248
7,2,6,0.44272589683532715,0.0786869153380394,0.44117744746184306,0.08671893963549208,0.9989985823631287
7,2,7,0.5930711627006531,0.09937304258346558,0.5694703424181473,0.10626862233429406,0.9994764924049377
7,2,8,0.37596595287323,0.08111873269081116,0.382574255387812,0.0935117968878383,0.9987798929214478
7,2,9,0.5549765229225159,0.12140556424856186,0.5210884677005521,0.1267551430160983,0.9996190071105957
7,2,10,0.47218120098114014,0.11517705768346786,0.4497504137957376,0.12114211407738514,0.999443531036377
7,2,11,0.6588537693023682,0.21126922965049744,0.6425939653340568,0.21922972858163098,0.9995239973068237
7,2,12,0.09583018720149994,0.1854804903268814,0.16014630542318997,0.18974914710885235,0.9989339709281921
7,2,13,0.7919265031814575,0.3447997570037842,0.7727476746132971,0.3513413372015104,0.9516118168830872
7,2,14,-0.07271967083215714,0.32893499732017517,0.0012803419900565584,0.26445777139623877,0.8396943807601929
7,2,15,0.9315134882926941,0.44277796149253845,0.9110852725186261,0.4521975082717243,0.8646736741065979
7,2,16,-0.06833665072917938,0.40445151925086975,0.15299096926416067,0.20046617306222902,0.846505880355835
7,2,17,0.9770511388778687,0.4858788251876831,0.9442501548454776,0.48900508324719194,0.8065335750579834
7,2,18,-0.07393202930688858,0.4307309687137604,0.13577480914892656,0.19778669606049665,0.8220939040184021
7,2,19,0.9496319890022278,0.48492273688316345,0.9096907212822571,0.48918864632397424,0.8123508095741272
7,2,20,-0.050232626497745514,0.426224946975708,0.14866788406374923,0.18674182141754814,0.8320700526237488
7,2,21,0.9293199777603149,0.47347140312194824,0.8765279696794933,0.47767489983977673,0.8242010474205017
7,2,22,-0.038976702839136124,0.4164716899394989,0.17103572966152514,0.1929156886080954,0.826673686504364
7,2,23,0.46840736269950867,0.4761550724506378,0.522248071092554,0.4745220064474563,0.9938535094261169
7,2,24,0.11514601856470108,0.46793606877326965,0.24384086522773488,0.47037951705578523,0.9940088987350464
7,2,25,0.4027305841445923,0.7008134722709656,0.43625671941367433,0.6944012468319725,0.9219087362289429
7,2,26,0.08730018883943558,0.7022959589958191,0.2706064127634371,0.6972519036468913,0.9220442771911621
7,2,27,0.3947359025478363,0.8908377885818481,0.47015521772073393,0.8943902971034066,0.837939977645874
7,2,28,0.22383689880371094,0.9075549840927124,0.3826645930859531,0.9127216949545521,0.8647313714027405
7,2,29,0.3362234830856323,0.9188234210014343,0.3788012048017774,0.9240963772729901,0.5211759805679321
7,2,30,0.23593689501285553,0.9251853823661804,0.3815365844359482,0.9385958515104977,0.6110085248947144
7,2,31,0.4973071813583374,0.9557567238807678,0.5896393463887485,0.9604751915476595,0.7507912516593933
7,2,32,0.3314961791038513,0.9983073472976685,0.4965679808134145,0.9852910124522246,0.765049397945404
8,1,0,0.2234339714050293,0.13229328393936157,0.23835056550145203,0.1191161816763437,0.9994953274726868
8,1,1,0.26132211089134216,0.1064513772726059,0.2676088757554801,0.09709403635289524,0.9991441369056702
8,1,2,0.2872009575366974,0.10287699848413467,0.2866450195926877,0.09490769113338761,0.9992316365242004
8,1,3,0.31511327624320984,0.0992652177810669,0.3078562707974837,0.09269679584594363,0.9992363452911377
8,1,4,0.2174322009086609,0.11285842955112457,0.23354469509424575,0.10084945934720799,0.998867392539978
8,1,5,0.2100273072719574,0.11371161043643951,0.2268583357168302,0.1014032452293274,0.9988088607788086
8,1,6,0.20163807272911072,0.11459118872880936,0.22043293205333095,0.10191662726959905,0.9985735416412354
8,1,7,0.40033602714538574,0.09584888070821762,0.39563971319834035,0.09415802556956383,0.9994226694107056
8,1,8,0.22741322219371796,0.11748235672712326,0.26822758549027337,0.1057244241350199,0.9984288811683655
8,1,9,0.3160918056964874,0.14369215071201324,0.2981682303363096,0.13534898855935618,0.9995074272155762
8,1,10,0.2529488801956177,0.15099084377288818,0.25447976344754125,0.13808287974298805,0.99920254945755
8,1,11,0.6501240134239197,0.192679762840271,0.7082194799515543,0.19486468912553637,0.999566376209259
8,1,12,0.22151900827884674,0.21871598064899445,0.21723822158276246,0.21600282563409878,0.998826801776886
8,1,13,0.8707371950149536,0.3456957936286926,0.9145269245891885,0.3403745797784877,0.9562005996704102
8,1,14,0.20015403628349304,0.368416428565979,0.16649642644990542,0.3526893489854425,0.8244488835334778
8,1,15,0.4288198947906494,0.4207020699977875,0.6396822660657355,0.42778830360011055,0.87789386510849
8,1,16,0.1047113835811615,0.4374810457229614,0.09217224186514167,0.418858961564896,0.8416061401367188
8,1,17,0.3168724477291107,0.44102397561073303,0.5808657930440043,0.4599268789741641,0.825276255607605
8,1,18,0.02441244386136532,0.45357242226600647,0.05040786970978293,0.4409882979773169,0.8208222985267639
8,1,19,0.29504379630088806,0.41568613052368164,0.5305760417169725,0.4442160549441999,0.8305045962333679
8,1,20,0.02274864912033081,0.4424121379852295,0.057939344942558695,0.4291571362767762,0.8305177092552185
8,1,21,0.318917840719223,0.4115684926509857,0.5395692554257351,0.43475556820727707,0.8410546779632568
8,1,22,0.09771778434515,0.4358621835708618,0.09174873010581255,0.4219400062454664,0.8276408910751343
8,1,23,0.6432489156723022,0.517680823802948,0.6373916294261533,0.5024076731568538,0.9942747354507446
8,1,24,0.34560245275497437,0.5159775614738464,0.3446812113123482,0.50360533279272,0.9941756129264832
8,1,25,0.6851873993873596,0.8097414374351501,0.6760989950573607,0.7447697226429584,0.9200770854949951
8,1,26,0.36326414346694946,0.7659565806388855,0.3094514500057457,0.7413237195207845,0.8938583731651306
8,1,27,0.6992698311805725,1.0017642974853516,0.7206218380579976,0.9414756807955266,0.7976751327514648
8,1,28,0.47048714756965637,1.0555566549301147,0.3953598549958543,0.9555805412936572,0.8035724759101868
8,1,29,0.7344415783882141,1.0025442838668823,0.7267191780825997,0.9526392997549713,0.5120356678962708
8,1,30,0.5118563771247864,1.0884771347045898,0.4361399340519153,0.9842204531430884,0.5893492698669434
8,1,31,0.5965505838394165,1.1707135438919067,0.6625737961407131,1.038635881688241,0.7010847926139832
8,1,32,0.40814051032066345,1.1662135124206543,0.2944017553373208,1.0450650764470635,0.7049875855445862
8,2,0,0.5731675624847412,0.10757111757993698,0.514534154550465,0.1069415455311467,0.9991021752357483
8,2,1,0.6089727878570557,0.09174104779958725,0.5543034952459285,0.09288450607624592,0.9985381960868835
8,2,2,0.6280415058135986,0.09334197640419006,0.5729097594714274,0.0944669483343501,0.9986541867256165
8,2,3,0.6440508365631104,0.095036581158638,0.5898540279481536,0.09619717250809623,0.9986501932144165
8,2,4,0.5406538248062134,0.08618280291557312,0.49422206106410754,0.08864498671537131,0.9981074929237366
8,2,5,0.5177016854286194,0.08358073979616165,0.472658596787531,0.08709283311610673,0.9979386925697327
8,2,6,0.49212825298309326,0.08112970739603043,0.4500141479670537,0.08575088559543273,0.997431218624115
8,2,7,0.60976243019104,0.10352542251348495,0.5764562042432478,0.10579354125984683,0.9988272190093994
8,2,8,0.4231017529964447,0.08321893215179443,0.38960098137199783,0.09172882242726207,0.9965817332267761
8,2,9,0.6009910702705383,0.12820133566856384,0.5349584892353693,0.1270055921268047,0.9987741708755493
8,2,10,0.5281761288642883,0.12100857496261597,0.4633634629372424,0.12111898891975013,0.99824458360672
8,2,11,0.6594814658164978,0.21137674152851105,0.645519870923332,0.21786950004917804,0.999260663986206
8,2,12,0.10996095836162567,0.1843554675579071,0.15144255459023476,0.1888149682615764,0.997654139995575
8,2,13,0.7858681082725525,0.347907692193985,0.7750206460240263,0.3507466690307743,0.9347272515296936
8,2,14,-0.10425854474306107,0.29376915097236633,-0.017053884821528312,0.26953812169021263,0.8141198754310608
8,2,15,0.9427701830863953,0.4345943033695221,0.9165773982016625,0.44914753523461126,0.8528416752815247
8,2,16,-0.1194533035159111,0.31243523955345154,0.10542524108503079,0.21992135567769028,0.8015448451042175
8,2,17,0.8905045986175537,0.47768712043762207,0.9349279648427076,0.48704447653483085,0.7950723171234131
8,2,18,-0.14742664992809296,0.3207448720932007,0.08631524523615902,0.21915837813531508,0.7785782814025879
8,2,19,0.9052026271820068,0.4764806628227234,0.9089134102008036,0.48698715484872107,0.8033379316329956
8,2,20,-0.1386268436908722,0.3106198310852051,0.09848740244242785,0.20827398976892184,0.7900276184082031
8,2,21,0.8937048316001892,0.46788230538368225,0.8795040372353444,0.47597860991475244,0.8137048482894897
8,2,22,-0.11744008213281631,0.30846071243286133,0.12064713380929826,0.2129943983330099,0.7878996133804321
8,2,23,0.5809975862503052,0.459852933883667,0.5324397253510824,0.47198063225951414,0.9932899475097656
8,2,24,0.23821106553077698,0.46092984080314636,0.24286578003523263,0.4687426448825427,0.9935507774353027
8,2,25,0.4568188488483429,0.6595487594604492,0.4398196784695959,0.6883594930901995,0.9085491895675659
8,2,26,0.37294498085975647,0.6828721761703491,0.28838281814718253,0.6947606793280031,0.8915163278579712
8,2,27,0.472356379032135,0.8322681784629822,0.470536419140002,0.8836124784743741,0.786471962928772
8,2,28,0.4468476474285126,0.9167806506156921,0.3938005957640523,0.9134246730057817,0.8099417686462402
8,2,29,0.4278910756111145,0.8561643362045288,0.3873146734536299,0.912308518168605,0.5164972543716431
8,2,30,0.43336930871009827,0.9333250522613525,0.39052643560860445,0.9376829587229437,0.5943259000778198
8,2,31,0.5433279871940613,0.906863272190094,0.5816083950088496,0.9511762158642332,0.6995693445205688
8,2,32,0.5183560252189636,0.9789679646492004,0.500343480074492,0.9841958375861695,0.7100908160209656
9,1,0,0.20350633561611176,0.1345946341753006,0.232310242302585,0.1217978439066281,0.9990319013595581
9,1,1,0.23078653216362,0.10853833705186844,0.2612252634505386,0.09907653608879728,0.9984434843063354
9,1,2,0.250131756067276,0.10508440434932709,0.28031504872027396,0.09667053912561582,0.9986019730567932
9,1,3,0.2714877128601074,0.10132021456956863,0.30155141314893313,0.09419050665988891,0.9985668063163757
9,1,4,0.18960712850093842,0.11366819590330124,0.22592594267292107,0.10307014479304331,0.9979673624038696
9,1,5,0.1802625060081482,0.11410234868526459,0.2187779970296006,0.10360319783581201,0.9977953433990479
9,1,6,0.1705084890127182,0.11455503851175308,0.21177450224213326,0.10410606176060626,0.9971901774406433
9,1,7,0.35275670886039734,0.097735196352005,0.38820405547513914,0.09477755342724858,0.9988227486610413
9,1,8,0.19308359920978546,0.1170690506696701,0.2551854435069472,0.10768965142695898,0.9964144825935364
9,1,9,0.2670566737651825,0.14742490649223328,0.29277557960819794,0.13744094322954759,0.9987317323684692
9,1,10,0.21329796314239502,0.15326137840747833,0.24733945063609752,0.14071255086942,0.9981212615966797
9,1,11,0.6355171799659729,0.19532980024814606,0.6956020459877886,0.194945233877196,0.9993221163749695
9,1,12,0.19501718878746033,0.22356058657169342,0.21338761836303088,0.217311905946128,0.9976255893707275
9,1,13,0.8668590188026428,0.359836608171463,0.9062604069107956,0.3437468053593733,0.9409664869308472
9,1,14,0.1701515018939972,0.37211278080940247,0.16712944832994434,0.3560548837945016,0.8031913638114929
9,1,15,0.3853874206542969,0.4275287091732025,0.5953081638377045,0.4277433490784615,0.867211639881134
9,1,16,0.14748676121234894,0.4295694828033447,0.10176702329890408,0.420714307668743,0.8025188446044922
9,1,17,0.28215131163597107,0.44778940081596375,0.5286705403854436,0.45782425436646274,0.8148694038391113
9,1,18,0.12605172395706177,0.4456029534339905,0.06353694910171481,0.4417875320892561,0.7816289067268372
9,1,19,0.2952539324760437,0.4231725037097931,0.4895353453276041,0.4405696180455886,0.8222968578338623
9,1,20,0.12849459052085876,0.43223392963409424,0.0701833528237046,0.42968999610797953,0.7924667000770569
9,1,21,0.2992062568664551,0.4183638393878937,0.4976433936704399,0.4319155988781945,0.8314788341522217
9,1,22,0.15458598732948303,0.4239846467971802,0.10265085464789692,0.42229409990360306,0.7923771739006042
9,1,23,0.6700733304023743,0.5238216519355774,0.6430567074838486,0.5061183354002549,0.9935300946235657
9,1,24,0.3770802319049835,0.5228518843650818,0.35029723869652757,0.506940201551671,0.9934900403022766
9,1,25,0.750842809677124,0.7880390882492065,0.6890715251959527,0.7522724665337279,0.8946866989135742
9,1,26,0.3995863199234009,0.759036123752594,0.3251024784311166,0.7443926252417861,0.8619511127471924
9,1,27,0.8569663166999817,1.0260679721832275,0.7443294596903456,0.9561618722650862,0.7356895208358765
9,1,28,0.5091168284416199,1.0347769260406494,0.4151266170031497,0.9693277303830954,0.7546202540397644
9,1,29,0.8588325381278992,0.9730682373046875,0.7496881837521456,0.9561791784341698,0.4988909959793091
9,1,30,0.5612105131149292,1.0692514181137085,0.4578799393602728,0.9989830438098124,0.5769761800765991
9,1,31,0.7969369888305664,1.1417419910430908,0.6859354919477704,1.05654629537569,0.6475755572319031
9,1,32,0.4382206201553345,1.1403566598892212,0.31941475449642126,1.061614171071021,0.6555927395820618
9,2,0,0.5451763868331909,0.09799201786518097,0.5198453851323973,0.10539133235125976,0.9988981485366821
9,2,1,0.6207282543182373,0.08268170058727264,0.5658292929908789,0.09111713689723618,0.9983457922935486
9,2,2,0.6631826758384705,0.08390853554010391,0.5885848077785841,0.09263795994327771,0.9984683990478516
9,2,3,0.694757878780365,0.08543479442596436,0.6080775834447611,0.0943328406588519,0.998471736907959
9,2,4,0.5102104544639587,0.07783765345811844,0.4969921150296596,0.08677286489331267,0.9978470206260681
9,2,5,0.47622230648994446,0.07571517676115036,0.47327579338207054,0.08512188215269723,0.9976457953453064
9,2,6,0.43975791335105896,0.07375232130289078,0.4482375214747465,0.08367233598190163,0.9970830082893372
9,2,7,0.7032382488250732,0.09527213871479034,0.598494778253258,0.10397096602031476,0.9986696839332581
9,2,8,0.4645591676235199,0.08186519145965576,0.40261079033290403,0.09002022371743128,0.9961109161376953
9,2,9,0.6461323499679565,0.12058837711811066,0.5542748811182695,0.12589410396335218,0.9983710050582886
9,2,10,0.5539661049842834,0.11476699262857437,0.4790959229353227,0.12001879906283137,0.9976546764373779
9,2,11,0.7359918355941772,0.19844847917556763,0.6612295632267754,0.21450438411765158,0.9992219805717468
9,2,12,0.19525986909866333,0.17542976140975952,0.1590404159156483,0.1864961095216443,0.9971095323562622
9,2,13,0.8280626535415649,0.3398555815219879,0.7842206141666758,0.348860033966392,0.9177824258804321
9,2,14,0.02879069186747074,0.2523402273654938,-0.009104028117539546,0.2665584128187342,0.7885138392448425
9,2,15,0.9449285268783569,0.4271446168422699,0.9214911692491874,0.4453347532885955,0.8425077795982361
9,2,16,0.22553107142448425,0.19850468635559082,0.12629867566458158,0.21621026422051914,0.7625436186790466
9,2,17,0.8931505680084229,0.43433377146720886,0.9276842555987631,0.4779020633034501,0.7877825498580933
9,2,18,0.11794552952051163,0.19670477509498596,0.09179777833955376,0.21526749598650552,0.7370635867118835
9,2,19,0.9032784700393677,0.4265531003475189,0.9079374385218756,0.47650273583810393,0.7963573932647705
9,2,20,0.10474991053342819,0.18174611032009125,0.09957206754000719,0.20367653515207754,0.7484396696090698
9,2,21,0.7817726731300354,0.42948439717292786,0.8625301330477092,0.46791592084398137,0.8040851354598999
9,2,22,0.1031675785779953,0.18628287315368652,0.11761853120225131,0.20836508325388967,0.7505910992622375
9,2,23,0.697419285774231,0.43938836455345154,0.5611509314961702,0.46633107563512793,0.9940232634544373
9,2,24,0.3189442455768585,0.43493613600730896,0.25607042436070543,0.4628823976651562,0.9939377307891846
9,2,25,0.6149246096611023,0.694198727607727,0.4703021994735037,0.6893708548821844,0.9020594358444214
9,2,26,0.43179067969322205,0.6939436793327332,0.31332373200486563,0.6946191953714832,0.86698979139328
9,2,27,0.4542183578014374,0.8580116629600525,0.46770921931201537,0.8791757520441507,0.7515393495559692
9,2,28,0.3774315118789673,0.8922126889228821,0.39096454295258554,0.9097490359012234,0.7658208012580872
9,2,29,0.38370323181152344,0.8803167939186096,0.38668920961666076,0.9067631561381073,0.5269965529441833
9,2,30,0.35189417004585266,0.89833003282547,0.38382866507037666,0.9308601221954139,0.5759169459342957
9,2,31,0.5169689059257507,0.9504826068878174,0.5703929591554883,0.9510561005391402,0.6678420305252075
9,2,32,0.45108911395072937,0.9649767279624939,0.4918013945179222,0.9808657275464596,0.6660399436950684
10,1,0,0.2031865119934082,0.12972411513328552,0.22726244669733764,0.12317076920660536,0.9988347291946411
10,1,1,0.2284468114376068,0.10438710451126099,0.2555433991865224,0.09999631791747969,0.9982806444168091
10,1,2,0.2490791380405426,0.1004519909620285,0.27490082147268047,0.097325450330897,0.9984576106071472
10,1,3,0.2698705494403839,0.09630309790372849,0.29605998698342273,0.09455636884908411,0.9984387755393982
10,1,4,0.1864156723022461,0.1120864525437355,0.21907578999428856,0.10463192864673844,0.9977266192436218
10,1,5,0.17158164083957672,0.11415880918502808,0.21059336937267978,0.1054317008743236,0.9975275993347168
10,1,6,0.15550315380096436,0.11620347946882248,0.20201346292986436,0.10620174237596816,0.9968211054801941
10,1,7,0.3475725054740906,0.0945390984416008,0.3811592612876082,0.09473625970936457,0.9986857175827026
10,1,8,0.17572130262851715,0.11867866665124893,0.24139169175147365,0.10959325592871656,0.9959201812744141
10,1,9,0.2579585909843445,0.1405923068523407,0.28673998408425055,0.1379867188602759,0.9983444809913635
10,1,10,0.20438021421432495,0.15068455040454865,0.23989055787278907,0.14243992706749994,0.9974930286407471
10,1,11,0.5905666351318359,0.18929176032543182,0.6773555479816252,0.19396605135133946,0.9992872476577759
10,1,12,0.22980183362960815,0.21694791316986084,0.21623148218859736,0.2172488723660938,0.9968916773796082
10,1,13,0.8303055763244629,0.3609594404697418,0.8930772186418345,0.3467290725541768,0.9257315993309021
10,1,14,0.21177752315998077,0.39020630717277527,0.17487156725482747,0.3619749837663831,0.7525526881217957
10,1,15,0.35692813992500305,0.4227858781814575,0.5537306955299386,0.4268847320418479,0.8579490184783936
10,1,16,0.1771685630083084,0.4307429790496826,0.11485395815579778,0.4224515037134323,0.7510830760002136
10,1,17,0.3404618799686432,0.43637800216674805,0.49589211456620585,0.4541079942113675,0.8083238005638123
10,1,18,0.16188593208789825,0.4485014081001282,0.08061846036533919,0.44295041356479753,0.7302553653717041
10,1,19,0.28639736771583557,0.4120388627052307,0.4541415559340011,0.43562468351228056,0.8160224556922913
10,1,20,0.15563613176345825,0.4405558407306671,0.08501928151963485,0.4315722570268636,0.7410123348236084
10,1,21,0.28722184896469116,0.40913158655166626,0.46097277088921407,0.4279673689128286,0.8228101134300232
10,1,22,0.17822417616844177,0.43573781847953796,0.11576767353170447,0.42462309939765913,0.7451469898223877
10,1,23,0.6452128887176514,0.521855890750885,0.6434301194282974,0.5088449093228476,0.9941861629486084
10,1,24,0.41941577196121216,0.5308194756507874,0.36229141342880605,0.5110783625549477,0.9934961199760437
10,1,25,0.7681487798690796,0.8113431930541992,0.7027979587480867,0.762519963976104,0.9017991423606873
10,1,26,0.4584818482398987,0.7828720808029175,0.34829249934887097,0.7510638530530347,0.843220055103302
10,1,27,0.9113185405731201,1.069478988647461,0.7733922455181155,0.9758519621979397,0.7274599671363831
10,1,28,0.5970542430877686,1.073947548866272,0.446803428061323,0.9875018484711597,0.7215046286582947
10,1,29,0.949181318283081,1.0988497734069824,0.7844416534790326,0.980991511159245,0.5241890549659729
10,1,30,0.6579164862632751,1.109012484550476,0.4927286638487266,1.0181000330703749,0.567579448223114
10,1,31,0.8207131624221802,1.2063888311386108,0.7093696089382521,1.0826116420758627,0.6368446350097656
10,1,32,0.5398244261741638,1.1956710815429688,0.35783621312337827,1.0849225825862168,0.6230607628822327
10,2,0,0.6212580800056458,0.10584762692451477,0.5374606278443594,0.10547035029347004,0.9979814291000366
10,2,1,0.6280446648597717,0.09139003604650497,0.5766233355542876,0.0911643954259386,0.9973074793815613
10,2,2,0.6097490787506104,0.09249062836170197,0.5922521792234287,0.09261244631362067,0.9974355697631836
10,2,3,0.6925779581069946,0.09374430030584335,0.6227477697460396,0.09423092089619815,0.9974871277809143
10,2,4,0.5810813903808594,0.08817403018474579,0.5115907212286274,0.0870155159107579,0.996711790561676
10,2,5,0.5502982139587402,0.08723766356706619,0.4866447017103927,0.08548829683974644,0.9963947534561157
10,2,6,0.5152915120124817,0.08643336594104767,0.459872714814169,0.08415050520252561,0.995661199092865
10,2,7,0.7095602750778198,0.10329251736402512,0.617792310034208,0.10385347617858878,0.9974876642227173
10,2,8,0.46629798412323,0.09443029761314392,0.4136606707249254,0.09078402061276399,0.9938377737998962
10,2,9,0.6583606004714966,0.12814350426197052,0.5723559073447109,0.12628366057326795,0.9959532022476196
10,2,10,0.5276854038238525,0.12368384003639221,0.48752250600626795,0.12065354677883332,0.9949679374694824
10,2,11,0.7662596106529236,0.20533974468708038,0.6794751184055875,0.2129168994805762,0.9982771873474121
10,2,12,0.23727670311927795,0.18621297180652618,0.17262049660522408,0.18644707794066073,0.9957306385040283
10,2,13,0.8332341313362122,0.345009982585907,0.7927208295601862,0.3481932406003451,0.8856037855148315
10,2,14,-0.0539766401052475,0.22004777193069458,-0.01688514744602586,0.25849287683555805,0.7519587278366089
10,2,15,0.9067123532295227,0.4173995852470398,0.9189307747031784,0.4404931368525939,0.8137240409851074
10,2,16,0.07948549836874008,0.1830010563135147,0.11818047463538492,0.21045370694150253,0.7164869904518127
10,2,17,0.9718865156173706,0.42356282472610474,0.9353489598415676,0.4684767243994402,0.7645637392997742
10,2,18,0.12017441540956497,0.17558635771274567,0.09671588897268835,0.20838775932797254,0.6878877878189087
10,2,19,0.8932438492774963,0.4339965581893921,0.9053918156296956,0.4691325008049484,0.7732803225517273
10,2,20,0.114555224776268,0.16352269053459167,0.10216783671027099,0.19671474738007053,0.6987515687942505
10,2,21,0.8339021801948547,0.41847601532936096,0.8575683381573038,0.4593416503787391,0.7804933786392212
10,2,22,0.10081882029771805,0.16719864308834076,0.1147077921959754,0.20122750677911982,0.7056657075881958
10,2,23,0.7079985737800598,0.4411676526069641,0.5866929315328631,0.46197021020694645,0.9942166805267334
10,2,24,0.340221643447876,0.4409324526786804,0.27067978000780213,0.45907880080446,0.9937678575515747
10,2,25,0.5890178084373474,0.694551408290863,0.4909336917372202,0.6902681146536332,0.9086592197418213
10,2,26,0.40361127257347107,0.685857355594635,0.3290013015569028,0.6931015015227816,0.853351354598999
10,2,27,0.4458926320075989,0.8420059084892273,0.4639287436880724,0.8727318273687559,0.7473407983779907
10,2,28,0.3594154119491577,0.9123300313949585,0.3854959566077239,0.9101960234014135,0.7426734566688538
10,2,29,0.3851034939289093,0.8676812648773193,0.38641459700436437,0.8999873606333075,0.5567753911018372
10,2,30,0.3168811500072479,0.900989294052124,0.37221195093312104,0.9256827228550003,0.5832038521766663
10,2,31,0.5195357799530029,0.9537893533706665,0.5615725016373361,0.951529458619753,0.662611722946167
10,2,32,0.40226268768310547,0.9717044234275818,0.4762541195182786,0.9792788208702123,0.6471630930900574
11,1,0,0.224830761551857,0.13771885633468628,0.2268413190078882,0.12569117402448957,0.9980312585830688
11,1,1,0.23511996865272522,0.11164486408233643,0.2520044853577337,0.10201421157740231,0.9973617196083069
11,1,2,0.2316717505455017,0.10809367150068283,0.2674050799598319,0.09919079470914256,0.9975566864013672
11,1,3,0.2555240988731384,0.10448819398880005,0.28903179997612827,0.09627678376311502,0.9975746273994446
11,1,4,0.20894531905651093,0.11836058646440506,0.21732095335961885,0.10701031163676404,0.9967324733734131
11,1,5,0.19883669912815094,0.11981524527072906,0.20855673680109799,0.10792358691456619,0.996442973613739
11,1,6,0.1892625391483307,0.12128438800573349,0.199804527252632,0.10881479955328756,0.9955536723136902
11,1,7,0.32308894395828247,0.10150381177663803,0.3710856214459889,0.0959084400290577,0.9976657032966614
11,1,8,0.1543903648853302,0.12189161032438278,0.22628617973661155,0.11172375841885374,0.9939926266670227
11,1,9,0.2433519810438156,0.14830544590950012,0.2792166494326757,0.13977417467189837,0.9961991310119629
11,1,10,0.19100356101989746,0.15622887015342712,0.23141231470749463,0.14482875836725623,0.9951198697090149
11,1,11,0.5984948873519897,0.19717198610305786,0.6636667806472941,0.19452127888059842,0.9984389543533325
11,1,12,0.20977535843849182,0.2174537628889084,0.21511325348834082,0.21728435362432535,0.9957861304283142
11,1,13,0.8404185771942139,0.3753904402256012,0.8839438359107108,0.3516966594195052,0.8969048857688904
11,1,14,0.18359120190143585,0.3942550718784332,0.17638194945567046,0.36757037680083415,0.7339614033699036
11,1,15,0.3397177755832672,0.42549073696136475,0.5164302507797067,0.42664332272897115,0.8321409821510315
11,1,16,0.11665967851877213,0.43280526995658875,0.11516667343366957,0.42424503117437234,0.7137144207954407
11,1,17,0.27657297253608704,0.43845611810684204,0.45766023618660256,0.4513962702845499,0.7876666784286499
11,1,18,0.09615425020456314,0.4503951072692871,0.08331006678839993,0.44423990514681366,0.6904759407043457
11,1,19,0.24900959432125092,0.4150395691394806,0.41839827796943757,0.43205773463422803,0.7955061197280884
11,1,20,0.08247926831245422,0.4454690217971802,0.08457939270643018,0.43397977537105453,0.7009764313697815
11,1,21,0.3097001314163208,0.41145530343055725,0.4346566484037096,0.42510654076890514,0.8019071221351624
11,1,22,0.11313694715499878,0.4406605064868927,0.1153120733523819,0.4274016479690062,0.710768461227417
11,1,23,0.6663075685501099,0.5556431412696838,0.6473945510370442,0.5169603950145231,0.9943052530288696
11,1,24,0.40643423795700073,0.5548948049545288,0.3699458092588263,0.5186760839839178,0.9932588338851929
11,1,25,0.777758002281189,0.8393971920013428,0.7158081194255652,0.77586363115655,0.8922731280326843
11,1,26,0.3896333873271942,0.8461715579032898,0.35546046404176257,0.7675808077615501,0.8204552531242371
11,1,27,0.8927623629570007,1.119889497756958,0.7941379558041081,1.0009030990309353,0.6873666644096375
11,1,28,0.5510225296020508,1.1311146020889282,0.4649077998345258,1.0124787940740338,0.6786209344863892
11,1,29,0.9144171476364136,1.1508857011795044,0.8070377091245293,1.0105625070757562,0.5220333337783813
11,1,30,0.6078485250473022,1.1674578189849854,0.5127332092854043,1.0440806555576674,0.5498961806297302
11,1,31,0.8435683250427246,1.2442541122436523,0.7327027123733747,1.1107395779044975,0.6039177179336548
11,1,32,0.5146631002426147,1.2449408769607544,0.38512238824652145,1.1127665188271934,0.5880316495895386
11,2,0,0.6968768239021301,0.11362403631210327,0.5651991053164724,0.10688267610082446,0.99701327085495
11,2,1,0.7151037454605103,0.09987984597682953,0.6007038955965803,0.09267405173341785,0.9952517151832581
11,2,2,0.7101823687553406,0.10120237618684769,0.6127466326168621,0.09410035480435862,0.9955238699913025
11,2,3,0.7067583203315735,0.10257066041231155,0.6373327132478148,0.09567548168923616,0.9949636459350586
11,2,4,0.6689278483390808,0.09599445760250092,0.5389657160598442,0.0885708254371027,0.99517422914505
11,2,5,0.6416856050491333,0.09474863857030869,0.513618321266437,0.08709236333040386,0.9951003193855286
11,2,6,0.6125947833061218,0.09359902888536453,0.48644106141546134,0.08578717762111242,0.9940177798271179
11,2,7,0.7553075551986694,0.10984330624341965,0.6417044058622614,0.10489092614725808,0.9931024312973022
11,2,8,0.44154125452041626,0.10069243609905243,0.4184928256761023,0.0925003791521927,0.9921284914016724
11,2,9,0.6303328275680542,0.13300356268882751,0.5824133496314139,0.12744758596967476,0.99442458152771
11,2,10,0.5989396572113037,0.12703773379325867,0.5068813285014397,0.12175931324515864,0.9938721060752869
11,2,11,0.7930046916007996,0.20930039882659912,0.6992022365914226,0.21229055931134214,0.9972048401832581
11,2,12,0.2647422254085541,0.19095315039157867,0.1886174518228348,0.1872275034496111,0.9958776235580444
11,2,13,0.848274827003479,0.36288416385650635,0.8023572273587973,0.3507384019676878,0.8296376466751099
11,2,14,0.1850120723247528,0.3705267608165741,0.018289450569897055,0.27795917958503324,0.7524687051773071
11,2,15,0.8951860070228577,0.4442508816719055,0.9148159418327444,0.44114394160137227,0.7745761275291443
11,2,16,0.20652443170547485,0.5660069584846497,0.1335194817775449,0.2726823015856415,0.7206034660339355
11,2,17,0.8923730850219727,0.4759637117385864,0.9278971817439284,0.46977354216154055,0.7342188358306885
11,2,18,0.14795655012130737,0.6164599657058716,0.10560281371575318,0.2799193593731171,0.6943179965019226
11,2,19,0.887256383895874,0.4674745500087738,0.9022495780488903,0.4688453777372963,0.7428978681564331
11,2,20,0.2111741602420807,0.6230958104133606,0.12110610641754842,0.27149619928490926,0.7048041224479675
11,2,21,0.878456711769104,0.45843443274497986,0.8611878609558424,0.45918454245674356,0.7514532208442688
11,2,22,0.25774654746055603,0.6031655073165894,0.13958399165317828,0.2716710048367804,0.714583694934845
11,2,23,0.7761766314506531,0.5078042149543762,0.6196929139048559,0.46991825112342744,0.9934796094894409
11,2,24,0.3663746118545532,0.5110926628112793,0.28729897202683924,0.4681001591200626,0.9930300116539001
11,2,25,0.751845121383667,0.7116335034370422,0.5364700662274613,0.6939703505249638,0.8814076781272888
11,2,26,0.31999340653419495,0.734515368938446,0.3274409764964968,0.700282098689464,0.8266547918319702
11,2,27,0.6445379853248596,0.8860129117965698,0.4953746060682881,0.8750326390334345,0.6857904195785522
11,2,28,0.42757031321525574,0.9428251385688782,0.3927911963963551,0.9158519729171161,0.6934969425201416
11,2,29,0.5658692717552185,0.9011224508285522,0.41765838828689283,0.9001839315570859,0.5301759243011475
11,2,30,0.4168047606945038,0.9589508175849915,0.37994444520315873,0.9314495423249426,0.5509401559829712
11,2,31,0.5810930728912354,0.9573956727981567,0.5649548691806743,0.9525454940135093,0.6078529953956604
11,2,32,0.5172943472862244,0.9897557497024536,0.483369817211615,0.9810936896056492,0.6019522547721863
12,1,0,0.20123520493507385,0.1393393576145172,0.22240367425354587,0.12805560983674294,0.9965475797653198
12,1,1,0.2293415367603302,0.11400432884693146,0.24807725015502563,0.10409129742338163,0.9949573874473572
12,1,2,0.2564210295677185,0.1098073199391365,0.2655023344111474,0.10102985292870872,0.9953463673591614
12,1,3,0.2733338475227356,0.10536674410104752,0.28631208913662276,0.09785132898757166,0.9947602152824402
12,1,4,0.1713024526834488,0.1205064058303833,0.20934086767507257,0.10934838849675707,0.9945037364959717
12,1,5,0.15659135580062866,0.12156170606613159,0.19954379105652345,0.110286278422643,0.9941641688346863
12,1,6,0.1415586918592453,0.12278418987989426,0.1897003857258542,0.11123490517011264,0.9925275444984436
12,1,7,0.3103328049182892,0.095567986369133,0.3605457881911627,0.09584948282032803,0.9933516979217529
12,1,8,0.15223947167396545,0.12643557786941528,0.21343487969582983,0.11427254183648483,0.9912223815917969
12,1,9,0.24898439645767212,0.14721538126468658,0.27397654671734717,0.1410630621228455,0.9945344924926758
12,1,10,0.21883641183376312,0.15493854880332947,0.22923371097732323,0.14658001036187482,0.9936615824699402
12,1,11,0.5675278306007385,0.18727247416973114,0.6469701717550272,0.1932657245395845,0.9974491596221924
12,1,12,0.19040924310684204,0.20891335606575012,0.21083206470425042,0.21583437711550493,0.9958367943763733
12,1,13,0.7393226623535156,0.35357096791267395,0.8587908343739374,0.3520212531357798,0.8436148762702942
12,1,14,0.18877854943275452,0.3982549011707306,0.17852947882230266,0.37288894231474323,0.7318970561027527
12,1,15,0.344637006521225,0.423861563205719,0.4865259694235048,0.4261615630340069,0.7950595021247864
12,1,16,0.13233254849910736,0.4669281840324402,0.11814083771336248,0.43164598788686787,0.7098401188850403
12,1,17,0.2695431411266327,0.43011990189552307,0.42489807335894936,0.4477094673087365,0.7575233578681946
12,1,18,0.1298162192106247,0.49798518419265747,0.09137484396064724,0.4535620496198672,0.6868032813072205
12,1,19,0.2439536303281784,0.4164879620075226,0.3880299639165954,0.42936024129916966,0.7653706073760986
12,1,20,0.12003574520349503,0.47686901688575745,0.09072594726920652,0.4414165122338981,0.6975808143615723
12,1,21,0.2780422866344452,0.415732741355896,0.4074070042370569,0.4234828145026707,0.7726873159408569
12,1,22,0.16405647993087769,0.4686718285083771,0.12376555506088054,0.43455730178772095,0.7097455263137817
12,1,23,0.6474969983100891,0.5496789813041687,0.6474122919702852,0.5226318721309345,0.9932501912117004
12,1,24,0.38736286759376526,0.547741174697876,0.3729635166081554,0.523713707516395,0.9923450946807861
12,1,25,0.8137281537055969,0.8360214829444885,0.7328149468171833,0.7863000711489906,0.8651180267333984
12,1,26,0.3012428879737854,0.8211434483528137,0.3460563087620109,0.7768712418279885,0.8087335824966431
12,1,27,0.9885154366493225,1.092422604560852,0.8279952285577243,1.016795301319426,0.6496105790138245
12,1,28,0.4485411047935486,1.0997813940048218,0.4620721979554158,1.027636825181819,0.6521446704864502
12,1,29,0.9917529225349426,1.1288247108459473,0.8392027640532715,1.0311150146789587,0.5159944295883179
12,1,30,0.503667414188385,1.134079098701477,0.5111628674396399,1.0597080463131159,0.5365228056907654
12,1,31,1.0224097967147827,1.2131351232528687,0.783308077861118,1.1285262677001673,0.5687992572784424
12,1,32,0.4328822195529938,1.2243993282318115,0.39340500218455354,1.1321631224418538,0.5598441362380981
12,2,0,0.7228444814682007,0.10564671456813812,0.5926281058889906,0.1066686357982809,0.9910221099853516
12,2,1,0.7508957982063293,0.09408021718263626,0.6268301964446754,0.09291756871064,0.9848648905754089
12,2,2,0.7650570869445801,0.09570472687482834,0.6392431164473864,0.09437819847130986,0.9876503348350525
12,2,3,0.7727445363998413,0.09716923534870148,0.6608775584513621,0.09593416770163753,0.9848794341087341
12,2,4,0.6994066834449768,0.0896310955286026,0.5668834342276831,0.08875443902407888,0.9847807288169861
12,2,5,0.6772422790527344,0.0883781909942627,0.5420925968204703,0.08731503963930284,0.9860191345214844
12,2,6,0.6529301404953003,0.08748310804367065,0.5154164015403508,0.08608087808570888,0.9814544320106506
12,2,7,0.7657130360603333,0.102085180580616,0.6632592193848673,0.10440501217322525,0.9820755124092102
12,2,8,0.5558678507804871,0.09319481998682022,0.44238037084315884,0.09262063848003753,0.9775752425193787
12,2,9,0.6900275945663452,0.12417100369930267,0.6011093192263482,0.12688012195979964,0.9853083491325378
12,2,10,0.6614989638328552,0.11800537258386612,0.5337810348717245,0.12110916726460857,0.9818295836448669
12,2,11,0.7836573123931885,0.19641892611980438,0.7138645664725577,0.2095407454439508,0.9961415529251099
12,2,12,0.29127687215805054,0.18473072350025177,0.2064499274176655,0.1867951018011501,0.9943169355392456
12,2,13,0.8716362714767456,0.32119020819664,0.8143793234055868,0.3456169747332284,0.7962127923965454
12,2,14,0.24909228086471558,0.33819258213043213,0.05853490439181208,0.2884087479086221,0.7269677519798279
12,2,15,0.8374242186546326,0.3954733610153198,0.9013827910511945,0.43322427525654755,0.7503407597541809
12,2,16,0.22332637012004852,0.45899325609207153,0.14911323173270138,0.30512724385514245,0.6843811869621277
12,2,17,0.9686181545257568,0.4167541265487671,0.9349574912912083,0.4605774933643793,0.7133173942565918
12,2,18,0.19597114622592926,0.4891558587551117,0.12129428600003385,0.31638184463812324,0.660963773727417
12,2,19,0.7849734425544739,0.4103330075740814,0.8818692249850895,0.4586949215174103,0.7221248149871826
12,2,20,0.20041818916797638,0.49209433794021606,0.13487324188410305,0.3099517327704995,0.6724141240119934
12,2,21,0.760062575340271,0.39648813009262085,0.8436226954807223,0.44830689391766726,0.7318453788757324
12,2,22,0.23478803038597107,0.48018062114715576,0.15611756241894098,0.3080059815645147,0.6855015754699707
12,2,23,0.7914493083953857,0.412777841091156,0.649589868875022,0.46000621159347443,0.9929106831550598
12,2,24,0.4092767834663391,0.4226415157318115,0.3084993951951104,0.4602172979076504,0.9921214580535889
12,2,25,0.7893561720848083,0.5942946672439575,0.5805956818591793,0.6766577403736216,0.8743941783905029
12,2,26,0.4274440109729767,0.6140884160995483,0.34481062360308495,0.6853172169451346,0.8237085342407227
12,2,27,0.7599157691001892,0.8757959008216858,0.5415493780027452,0.875164816585322,0.6787917017936707
12,2,28,0.4857308566570282,0.9033918976783752,0.4089305387715747,0.9136934446419751,0.6804569363594055
12,2,29,0.6966140270233154,0.8957456350326538,0.466370055617228,0.8994152454359725,0.5487770438194275
12,2,30,0.48515546321868896,0.9173846244812012,0.39822146756042476,0.9290128801063696,0.5634232759475708
12,2,31,0.7455042004585266,0.9736300706863403,0.5963902137747259,0.9561990389080041,0.6045151352882385
12,2,32,0.5797911286354065,0.9857919216156006,0.5001154798616255,0.9819074007400583,0.5937276482582092
13,1,0,0.17294920980930328,0.14324182271957397,0.2138268739976314,0.13068661823585814,0.9912933707237244
13,1,1,0.1964978575706482,0.11771295964717865,0.23913135663975013,0.10645113668568339,0.9857488870620728
13,1,2,0.22855885326862335,0.11409170925617218,0.25909769609095273,0.10329267239176058,0.9883866906166077
13,1,3,0.2842244505882263,0.11053065210580826,0.2859505483274853,0.10004785360017421,0.9858320951461792
13,1,4,0.14531393349170685,0.12304343283176422,0.19823193068618516,0.11172094589907275,0.985397458076477
13,1,5,0.13451477885246277,0.12347970902919769,0.18826064814212307,0.11257190080217457,0.9863737225532532
13,1,6,0.12317830324172974,0.12422854453325272,0.17815766137955366,0.11348590233364331,0.9818657040596008
13,1,7,0.27007463574409485,0.09848806262016296,0.3448362134132049,0.09630644383402558,0.9835367202758789
13,1,8,0.17996735870838165,0.12334106117486954,0.20763343324747913,0.11584337218622849,0.9788064360618591
13,1,9,0.2727113366127014,0.15190385282039642,0.27375744088502496,0.14294098161564417,0.9863172173500061
13,1,10,0.2067643105983734,0.1565953940153122,0.22534003699095417,0.14831490397421207,0.9828187227249146
13,1,11,0.5072739720344543,0.18291805684566498,0.6226772480792868,0.19147325394003498,0.996470034122467
13,1,12,0.2551712691783905,0.20414648950099945,0.2185205493379349,0.2138096659467892,0.9944524168968201
13,1,13,0.6134658455848694,0.36448463797569275,0.8159946367971914,0.3541803556280843,0.8149161338806152
13,1,14,0.20085319876670837,0.38685739040374756,0.1823978897258805,0.37530888578804583,0.7068646550178528
13,1,15,0.27186131477355957,0.4225676655769348,0.4491112919826418,0.42553913786039305,0.7729234099388123
13,1,16,0.1298104077577591,0.43246564269065857,0.12016237646615448,0.43178793164824847,0.6817545294761658
13,1,17,0.22254040837287903,0.4282633066177368,0.38964095828043976,0.44433999100983734,0.737768292427063
13,1,18,0.08254474401473999,0.4531320333480835,0.08984532608525639,0.45348758246569765,0.6590887308120728
13,1,19,0.1821695864200592,0.41968390345573425,0.35215912884712086,0.4276840940733101,0.7456886768341064
13,1,20,0.07185877114534378,0.4437486231327057,0.08745685566890499,0.4418203940141264,0.6709537506103516
13,1,21,0.23410731554031372,0.4156988561153412,0.3772393039430406,0.42213454452594806,0.7540503740310669
13,1,22,0.10369595885276794,0.4429309368133545,0.12028799620995992,0.4360077357632582,0.6863875389099121
13,1,23,0.5745600461959839,0.5232758522033691,0.6347687993830322,0.5227433928512611,0.9917193651199341
13,1,24,0.4473600685596466,0.5259520411491394,0.3858756400389966,0.5241013476875187,0.9902171492576599
13,1,25,0.7389423847198486,0.7983211874961853,0.7338762392860831,0.7883825341895496,0.860551118850708
13,1,26,0.27382683753967285,0.8203296661376953,0.33352116719713465,0.7844068162893031,0.7987474799156189
13,1,27,0.8948502540588379,1.1242784261703491,0.8395959764204718,1.0354684819983526,0.6415408253669739
13,1,28,0.5657123327255249,1.1367757320404053,0.4800756581823983,1.0465986063587167,0.629473865032196
13,1,29,0.9120922684669495,1.1654760837554932,0.8518529201110276,1.0544765651307528,0.5332628488540649
13,1,30,0.6361426711082458,1.1660460233688354,0.5328871641805294,1.07818167458327,0.5348981618881226
13,1,31,0.8967916965484619,1.2543375492095947,0.8030275010503377,1.150395710641413,0.5682317018508911
13,1,32,0.6345276832580566,1.2798289060592651,0.4354632463610152,1.1578482434731898,0.5470441579818726
13,2,0,0.7289378046989441,0.11819328367710114,0.616329826140347,0.10866505888465058,0.9906587600708008
13,2,1,0.7727561593055725,0.10191021114587784,0.6522112594688982,0.09447525211712644,0.9840382933616638
13,2,2,0.7949443459510803,0.10257934033870697,0.6663322964879129,0.09579874629894708,0.986858069896698
13,2,3,0.8246552348136902,0.10303504019975662,0.6893787477721469,0.09716409343038936,0.9839449524879456
13,2,4,0.704390823841095,0.09653448313474655,0.5907942535985262,0.09010203001097396,0.9842590689659119
13,2,5,0.6754094958305359,0.09351006895303726,0.5652718359012768,0.08838803714340722,0.985689103603363
13,2,6,0.6445826888084412,0.09012103080749512,0.537871201416282,0.08678059922423832,0.9815099239349365
13,2,7,0.733296275138855,0.10603469610214233,0.6754132107140517,0.10468723953753435,0.9798956513404846
13,2,8,0.571424663066864,0.09108388423919678,0.4648137933783383,0.09235450534166048,0.9783238768577576
13,2,9,0.7421949505805969,0.13756047189235687,0.6256448965285283,0.12873023975730705,0.9848980903625488
13,2,10,0.6586623787879944,0.12946440279483795,0.555488114893987,0.1225564128885788,0.9817977547645569
13,2,11,0.8598625063896179,0.200633242726326,0.7392581407167029,0.20799781352891536,0.9955417513847351
13,2,12,0.3076874017715454,0.18515545129776,0.22403467885016412,0.1865111483400503,0.9947952628135681
13,2,13,0.9283122420310974,0.3458017408847809,0.8341767439923454,0.3456489709943843,0.7598950862884521
13,2,14,0.21951989829540253,0.34956789016723633,0.08654794078268917,0.2990192144365623,0.7289530038833618
13,2,15,0.7604582905769348,0.4484698176383972,0.876875456138217,0.43586556564869416,0.7189493179321289
13,2,16,0.21639099717140198,0.5156615376472473,0.16078725363285123,0.34181706438304943,0.6925205588340759
13,2,17,0.883199155330658,0.4355097711086273,0.9259805181362885,0.45623322201510935,0.6858291029930115
13,2,18,0.19907978177070618,0.5718414187431335,0.13479583855143684,0.3609607250250491,0.6649309992790222
13,2,19,0.8435640931129456,0.42137977480888367,0.8752282457041332,0.452225775254563,0.6940216422080994
13,2,20,0.2253446877002716,0.5608621835708618,0.15058273275429795,0.35373097602477954,0.6768184304237366
13,2,21,0.8449046611785889,0.41413363814353943,0.8438447024700999,0.4423830008191375,0.704107403755188
13,2,22,0.2611251473426819,0.5458527207374573,0.17435906949662747,0.3494895451093153,0.6925423741340637
13,2,23,0.8151684403419495,0.46909990906715393,0.6784062359402947,0.4615814036391075,0.9915775656700134
13,2,24,0.35766157507896423,0.4838959872722626,0.3170254543429446,0.46432067204090205,0.9905558228492737
13,2,25,0.7826992273330688,0.5648228526115417,0.6158073124687893,0.6572261041247948,0.8619014620780945
13,2,26,0.34673014283180237,0.6603475213050842,0.34514304798860085,0.6809899466740675,0.8098839521408081
13,2,27,0.840018630027771,0.9166677594184875,0.5936992499461322,0.8823608743198035,0.6565789580345154
13,2,28,0.5043624043464661,0.9702497720718384,0.4255039281080869,0.9235039944150636,0.6484811305999756
13,2,29,0.7670713067054749,0.9588822722434998,0.5189134854009901,0.9097315937273067,0.5456005930900574
13,2,30,0.5446308851242065,0.9981653094291687,0.42368679602308607,0.9410129435345385,0.5430195927619934
13,2,31,0.8028149604797363,1.0155563354492188,0.632358650096739,0.9664963220092827,0.5872499346733093
13,2,32,0.5972689390182495,1.10924232006073,0.5169887016550057,1.0040424389943274,0.5682613253593445
14,1,0,0.17429836094379425,0.13580931723117828,0.20697355372761037,0.13157385645041728,0.9905221462249756
14,1,1,0.20434971153736115,0.1147087961435318,0.23310189118597605,0.10788147666951438,0.9845482707023621
14,1,2,0.2267107516527176,0.11140381544828415,0.25348376083990815,0.10469762751542819,0.9873818159103394
14,1,3,0.24994061887264252,0.10774866491556168,0.2797079290018308,0.10138171747804219,0.9846019148826599
14,1,4,0.15430937707424164,0.11845478415489197,0.19061577766755716,0.1128872857352355,0.984072208404541
14,1,5,0.14201126992702484,0.11821393668651581,0.1802404631822946,0.1135491020674416,0.9852154850959778
14,1,6,0.1287045031785965,0.11794562637805939,0.169581076778465,0.11425829960361804,0.980435311794281
14,1,7,0.29816582798957825,0.09589941054582596,0.3367429099355012,0.09623595672408862,0.9814532995223999
14,1,8,0.1690763384103775,0.11320606619119644,0.2009487133587929,0.11538663183438731,0.9784091114997864
14,1,9,0.24795673787593842,0.14138978719711304,0.2692860464128116,0.14267234764672834,0.9858375191688538
14,1,10,0.18792365491390228,0.14374497532844543,0.21885332222153678,0.1475234174719936,0.9823976159095764
14,1,11,0.5474994778633118,0.18764570355415344,0.6096291576146908,0.19081035797999132,0.9959399104118347
14,1,12,0.20653271675109863,0.1881261020898819,0.21644385989900333,0.2093585904138739,0.9947780966758728
14,1,13,0.6613906621932983,0.3610973060131073,0.7890970623504198,0.3553784182312614,0.7825723886489868
14,1,14,0.1766853928565979,0.34408971667289734,0.1814084830681232,0.3698975686432335,0.6953670382499695
14,1,15,0.28833383321762085,0.4339485466480255,0.4211337973534007,0.4269957692166777,0.7446017861366272
14,1,16,0.16811393201351166,0.45753544569015503,0.1284781574385775,0.43625009981932705,0.6830583810806274
14,1,17,0.17400787770748138,0.4543817639350891,0.35205606101155246,0.4460794561718695,0.7126826643943787
14,1,18,0.1446828544139862,0.506198525428772,0.09935724757356514,0.46263004045714434,0.6606128811836243
14,1,19,0.1335718035697937,0.432510644197464,0.31405621536921924,0.4285200319645122,0.7199663519859314
14,1,20,0.13640473783016205,0.49397146701812744,0.09594567558883475,0.4508655923195772,0.6721845269203186
14,1,21,0.19639678299427032,0.430172324180603,0.3457515178716297,0.4235267882755957,0.7286823391914368
14,1,22,0.16858358681201935,0.47288185358047485,0.12866352836690467,0.4424003333989085,0.6905680298805237
14,1,23,0.6079115867614746,0.5403922200202942,0.6301141593921249,0.5258012761907158,0.9914633631706238
14,1,24,0.333472341299057,0.5248966813087463,0.37678664425251474,0.524239079546737,0.9898017048835754
14,1,25,0.7334372997283936,0.8197954297065735,0.7338002270499906,0.7938274765068339,0.8673045635223389
14,1,26,0.10247848927974701,0.8042012453079224,0.29323386823354547,0.7878366789700446,0.8013028502464294
14,1,27,0.8741239905357361,1.111828327178955,0.8455814928252842,1.0487222222099906,0.6422296166419983
14,1,28,0.3225419223308563,1.0665502548217773,0.4526665453293028,1.0500557476443477,0.6120648980140686
14,1,29,0.8861829042434692,1.1451228857040405,0.8578040773757379,1.070216784233645,0.5430610179901123
14,1,30,0.389518678188324,1.097050666809082,0.5079532471420972,1.0814511151769404,0.5338345170021057
14,1,31,0.8652489185333252,1.2698142528533936,0.8138227706635223,1.171149960267158,0.5632458925247192
14,1,32,0.33785998821258545,1.2100001573562622,0.41851199561170443,1.1668937032182178,0.5333447456359863
14,2,0,0.7325251698493958,0.10530070215463638,0.6365219118889656,0.1080823918841919,0.9899677038192749
14,2,1,0.7765281796455383,0.09054846316576004,0.6738199188402447,0.09379516696806986,0.9824911952018738
14,2,2,0.7937592267990112,0.09088550508022308,0.6884835947587954,0.09494779109603849,0.9852732419967651
14,2,3,0.8105517625808716,0.09069936722517014,0.7104389518737777,0.0960443745416469,0.9817352890968323
14,2,4,0.7200081944465637,0.08636495471000671,0.6132574094165303,0.08945480527824691,0.983485758304596
14,2,5,0.6959855556488037,0.08397864550352097,0.5879967335346306,0.08762435838634525,0.9848909378051758
14,2,6,0.6693512201309204,0.08126452565193176,0.560729839196933,0.08582521836386861,0.9804115891456604
14,2,7,0.751794695854187,0.09599228203296661,0.6886707059861311,0.10318113384034493,0.9780562520027161
14,2,8,0.5945715308189392,0.0877704992890358,0.4873717670534579,0.09156058029368122,0.9788731336593628
14,2,9,0.7291119694709778,0.12624461948871613,0.6436182012799242,0.12829977094439987,0.9837183356285095
14,2,10,0.6595916748046875,0.12052713334560394,0.57357234254598,0.12220497965130184,0.9814401865005493
14,2,11,0.8488047122955322,0.20627932250499725,0.7582909795138801,0.20770020579794898,0.99521803855896
14,2,12,0.2930174469947815,0.18861982226371765,0.2360052906114066,0.18687633206759274,0.9950704574584961
14,2,13,1.0345075130462646,0.3110389709472656,0.8690769909420516,0.3396492959548408,0.7399561405181885
14,2,14,0.25656378269195557,0.4145047664642334,0.11614047211224422,0.31908737562209377,0.7184964418411255
14,2,15,0.9841668009757996,0.36064964532852173,0.8955150038742956,0.42281092181946794,0.6917734146118164
14,2,16,0.29105624556541443,0.5706934332847595,0.1834342136663524,0.3817252531337069,0.6923623085021973
14,2,17,0.9850180745124817,0.3814534544944763,0.9362222313823587,0.4432544401670989,0.6588593125343323
14,2,18,0.33508729934692383,0.6987670063972473,0.16968888188174877,0.420054042002053,0.6645277142524719
14,2,19,0.9731812477111816,0.36816638708114624,0.8922407333752389,0.4376323617285884,0.6664270758628845
14,2,20,0.37197089195251465,0.7106186151504517,0.18917535885076595,0.4161976785324274,0.6761578917503357
14,2,21,0.9654268622398376,0.3658786118030548,0.8649760457026292,0.42910420527703014,0.6775169372558594
14,2,22,0.4458729028701782,0.6860559582710266,0.22176036395883664,0.4083636669558444,0.6950651407241821
14,2,23,0.8323850631713867,0.5336343050003052,0.7051946170104745,0.4740858725715229,0.9902151226997375
14,2,24,0.3848719596862793,0.5378091335296631,0.32879847725054967,0.4770748289611777,0.9895352125167847
14,2,25,0.8843203783035278,0.7413727641105652,0.6626818747347505,0.671834643505135,0.8472235202789307
14,2,26,0.17935782670974731,0.778654932975769,0.3162909873832631,0.6979522833220372,0.7902882695198059
14,2,27,0.8110455870628357,1.0285248756408691,0.6315838850361924,0.9077833353729274,0.6179897785186768
14,2,28,0.2713471055030823,0.9806796312332153,0.39868488762257415,0.9334221618327858,0.5958132147789001
14,2,29,0.7501621842384338,1.0649209022521973,0.5592381360633722,0.9367311200348477,0.5291732549667358
14,2,30,0.4773027300834656,1.0794163942337036,0.43298649787576665,0.9650800389508091,0.5247442126274109
14,2,31,0.7571596503257751,1.077240228652954,0.6540517731255673,0.9857377471261273,0.5376691222190857
14,2,32,0.3863331079483032,1.1934126615524292,0.4942741641876821,1.037022404078026,0.5139484405517578
15,1,0,0.12752386927604675,0.10857043415307999,0.19318233124487946,0.12758758277009813,0.9805493354797363
15,1,1,0.16829921305179596,0.08584638684988022,0.22185809763323733,0.10406311674254669,0.9736772179603577
15,1,2,0.1914301961660385,0.08404047787189484,0.24271784960149514,0.10111819266685483,0.9774749279022217
15,1,3,0.21478725969791412,0.08138670027256012,0.2684436256944571,0.09791708466158874,0.9753597974777222
15,1,4,0.12640352547168732,0.08770429342985153,0.1794746191429197,0.10852302760674544,0.9732422828674316
15,1,5,0.12136057019233704,0.08767121285200119,0.17002612828334027,0.10906432344761816,0.9720761179924011
15,1,6,0.11645118147134781,0.08683143556118011,0.16036582419848616,0.10950485412224209,0.9654860496520996
15,1,7,0.2901015877723694,0.08287525177001953,0.3286546543998682,0.09392134442918795,0.9738758206367493
15,1,8,0.18068063259124756,0.0946299210190773,0.19743672656499714,0.11178993447042664,0.9652034640312195
15,1,9,0.21862904727458954,0.12274809926748276,0.26050037483954847,0.1392199845850493,0.979861319065094
15,1,10,0.1651705652475357,0.12440253794193268,0.20954203204599456,0.14351677530188525,0.9741529226303101
15,1,11,0.5696982145309448,0.18171806633472443,0.602705942510291,0.1892354088078056,0.9954171776771545
15,1,12,0.19488781690597534,0.18047058582305908,0.21270856575450506,0.20435168875164322,0.992892324924469
15,1,13,0.7739795446395874,0.3860567510128021,0.7864779224640616,0.360695907659797,0.7634615302085876
15,1,14,0.2502901256084442,0.4008796215057373,0.19336146569417442,0.3752677515708612,0.6672137975692749
15,1,15,0.2927335798740387,0.4640257656574249,0.3988120557614843,0.43341541783380216,0.718177855014801
15,1,16,0.15447214245796204,0.4814130961894989,0.1329830767988083,0.44408162872383616,0.6714836359024048
15,1,17,0.157240092754364,0.47817081212997437,0.3181206852188193,0.45164209840575814,0.686489462852478
15,1,18,0.11230643838644028,0.5455600023269653,0.10160054519795451,0.4770268841188742,0.6485204696655273
15,1,19,0.13014569878578186,0.46279987692832947,0.28203107633790886,0.43446241152036186,0.693379819393158
15,1,20,0.10179455578327179,0.4892560541629791,0.0969587097178162,0.45752137292059486,0.6611012816429138
15,1,21,0.1764916330575943,0.45516878366470337,0.31629067461233,0.42901146534807616,0.7027044892311096
15,1,22,0.13359688222408295,0.48275718092918396,0.12951796856857145,0.44939743918326863,0.6821637749671936
15,1,23,0.6814938187599182,0.5831213593482971,0.6390253491119917,0.5357445426474693,0.9878029823303223
15,1,24,0.340838223695755,0.5845344662666321,0.3705547090368997,0.5346994023262649,0.9849978685379028
15,1,25,0.8010408282279968,0.9964516162872314,0.7454678937374755,0.8291296186883144,0.8114563226699829
15,1,26,0.22487297654151917,1.0108658075332642,0.28137136042523103,0.8267175044031316,0.7243821620941162
15,1,27,0.8587786555290222,1.4154577255249023,0.8478677840419102,1.112929240742388,0.5631860494613647
15,1,28,0.5469632744789124,1.4062206745147705,0.4690422906630621,1.1123925347861272,0.5389270782470703
15,1,29,0.8812251687049866,1.4675836563110352,0.8618628228987724,1.1398499245394793,0.48777666687965393
15,1,30,0.6286677718162537,1.4567201137542725,0.5289333843393149,1.1471687625197446,0.4789118766784668
15,1,31,0.8342947363853455,1.5531610250473022,0.8173701518451025,1.2380619519552212,0.4877682626247406
15,1,32,0.5523404479026794,1.5349863767623901,0.4417807043341951,1.2313411598013326,0.46434372663497925
15,2,0,0.685288667678833,0.09866055101156235,0.6449793544801714,0.1064503427436506,0.9283728003501892
15,2,1,0.7403351664543152,0.09068378806114197,0.6853615558854563,0.09325631684119907,0.9112533926963806
15,2,2,0.7670401930809021,0.08987033367156982,0.7021195531622105,0.09406838990810915,0.9163823127746582
15,2,3,0.793279230594635,0.08822359144687653,0.7248203177403018,0.09468972543456054,0.9144992232322693
15,2,4,0.6660895943641663,0.09434390813112259,0.6224210239004672,0.09030157919885794,0.9226299524307251
15,2,5,0.6398822069168091,0.09633272141218185,0.5969958862098055,0.0891327867251982,0.9229013919830322
15,2,6,0.6119135022163391,0.09744951874017715,0.5696070792929249,0.08783891034340946,0.9180343151092529
15,2,7,0.8090258240699768,0.10003411769866943,0.7095881987310698,0.1026361112130429,0.9157832860946655
15,2,8,0.581976056098938,0.11164688318967819,0.5038011585670478,0.09504104030213074,0.9262257218360901
15,2,9,0.7196103930473328,0.11374177783727646,0.6568079801827952,0.1257776493990465,0.9155619144439697
15,2,10,0.6333931088447571,0.11862150579690933,0.5839502606981747,0.12158436004719851,0.9146090745925903
15,2,11,1.1060795783996582,0.216306671500206,0.8191466950023927,0.20919097920998467,0.973304271697998
15,2,12,0.3552706837654114,0.21678906679153442,0.2567326593215323,0.1920609999627426,0.9877141118049622
15,2,13,1.1926039457321167,0.26683810353279114,0.9256467980444915,0.32701293405113646,0.7185672521591187
15,2,14,0.3717604875564575,0.3086373209953308,0.16074677669703538,0.3172771711433783,0.6626989841461182
15,2,15,1.0345263481140137,0.2523196339607239,0.9196881979236223,0.39313559815194365,0.6542745232582092
15,2,16,0.42616569995880127,0.4661785364151001,0.22577446809105156,0.39638767340313436,0.6346182823181152
15,2,17,0.9864041805267334,0.25837743282318115,0.9449253852704645,0.4110613389737896,0.6252221465110779
15,2,18,0.3325364887714386,0.5048630833625793,0.198027307516791,0.4347786450497968,0.6086755990982056
15,2,19,0.9962480664253235,0.2420499622821808,0.910308045589485,0.40356421478435145,0.6321128010749817
15,2,20,0.4353712499141693,0.5045443177223206,0.23212456303728318,0.4315381659127825,0.6221177577972412
15,2,21,0.9926111698150635,0.2444911003112793,0.887163486676918,0.3969573060649158,0.64217609167099
15,2,22,0.3996677100658417,0.4953175187110901,0.25273359985756866,0.4234615918166939,0.6445950269699097
15,2,23,1.0001987218856812,0.5308505296707153,0.756733854806917,0.48393262637535983,0.9742347002029419
15,2,24,0.4250730276107788,0.5184257626533508,0.34551869829708504,0.48424450687734283,0.9774894714355469
15,2,25,0.8868995904922485,0.8617721796035767,0.7017724722602756,0.7049138343539244,0.7619557976722717
15,2,26,-0.00633346289396286,0.8466498255729675,0.2598808419854133,0.7238173862054087,0.6932729482650757
15,2,27,0.9264228940010071,1.2114758491516113,0.683094641380383,0.960853473111673,0.513644814491272
15,2,28,0.3668639063835144,1.216565728187561,0.3931691382132434,0.9828710848806184,0.4963129460811615
15,2,29,0.9162711501121521,1.2595053911209106,0.6217299802092708,0.9931677625069485,0.44820281863212585
15,2,30,0.4553399980068207,1.2592957019805908,0.4368600826771773,1.016479651328027,0.44754350185394287
15,2,31,0.8390429615974426,1.323502779006958,0.6862651467532815,1.044821669626723,0.44358864426612854
15,2,32,0.3704582750797272,1.3385792970657349,0.47275305799370715,1.0897162341058064,0.4254183769226074
16,2,0,0.7330533266067505,0.10607913136482239,0.660271694315122,0.10638605908441516,0.9352120757102966
16,2,1,0.7559110522270203,0.0921047031879425,0.6976046781995756,0.0930568841713875,0.9192795157432556
16,2,2,0.7661994695663452,0.09313920140266418,0.7132377951340736,0.09390747717003417,0.9237267374992371
16,2,3,0.7754687070846558,0.09426632523536682,0.7336045694700819,0.09461640398304307,0.9220338463783264
16,2,4,0.707391619682312,0.0867796242237091,0.6371731539423453,0.08969161513843109,0.9297477602958679
16,2,5,0.6830701231956482,0.08378663659095764,0.6119401163739967,0.08820684125213286,0.9300689101219177
16,2,6,0.656133770942688,0.0805814266204834,0.5846300656467197,0.08658185243969045,0.9257535338401794
16,2,7,0.7320044040679932,0.10039502382278442,0.7134726760292378,0.10224799433891947,0.9226207137107849
16,2,8,0.562654972076416,0.08197695016860962,0.5140110231113598,0.09277783392954334,0.9332476854324341
16,2,9,0.7162407636642456,0.12429803609848022,0.6671184584945294,0.12552141229410937,0.9238894581794739
16,2,10,0.656845211982727,0.11838546395301819,0.5966012817816656,0.12103035162944835,0.9230905175209045
16,2,11,0.7898160219192505,0.19700242578983307,0.8140631316728362,0.2070795050473577,0.9757459163665771
16,2,12,0.20323382318019867,0.17637355625629425,0.2474533817360305,0.18934311311748755,0.9888908863067627
16,2,13,0.8443928956985474,0.32672789692878723,0.9115419776569971,0.3269635734924067,0.6862567663192749
16,2,14,0.18096666038036346,0.34182310104370117,0.16425048002397521,0.32153095885764016,0.6923776268959045
16,2,15,0.8246864080429077,0.446664422750473,0.903189734421569,0.4024200866807072,0.5989590883255005
16,2,16,0.2878623604774475,0.4763394892215729,0.23654642591543576,0.41026663517413164,0.6582574248313904
16,2,17,0.8166271448135376,0.4765569567680359,0.9226222589092655,0.4224255131919843,0.5715801119804382
16,2,18,0.28442713618278503,0.5160353779792786,0.21302815811086026,0.44888488771512963,0.63079833984375
16,2,19,0.7770037651062012,0.4822283685207367,0.8871312340914702,0.4172186437362492,0.5784792304039001
16,2,20,0.34561070799827576,0.5096133947372437,0.2518443032207592,0.44509084870167165,0.64329594373703
16,2,21,0.7596791982650757,0.46822017431259155,0.8650024546582603,0.40932429524526803,0.58849036693573
16,2,22,0.3627394735813141,0.4950190782546997,0.27184659678232437,0.4358804052836124,0.6592653393745422
16,2,23,0.652565598487854,0.4512017071247101,0.7386389953595816,0.47825901778469837,0.9754370450973511
16,2,24,0.29898831248283386,0.4522789418697357,0.33744976140253363,0.47870369286336245,0.9785488843917847
16,2,25,0.7419362664222717,0.6599586606025696,0.7087363033908262,0.6971184281140147,0.7758049368858337
16,2,26,0.3588119447231293,0.6748740673065186,0.2770634233656953,0.71532940187782,0.7076935768127441
16,2,27,0.7778019905090332,0.838110089302063,0.6995424719339999,0.9395198888325248,0.5426441431045532
16,2,28,0.4344901144504547,0.8523333072662354,0.40033359145474995,0.9601774107493392,0.525394856929779
16,2,29,0.7366799712181091,0.8595110177993774,0.6417056161750374,0.9699298375273206,0.46127596497535706
16,2,30,0.39334169030189514,0.8644983768463135,0.42931413221088605,0.9900412197229349,0.45210933685302734
16,2,31,0.8437687158584595,0.8968410491943359,0.7136695762763503,1.0190823461739316,0.4705801010131836
16,2,32,0.592074990272522,0.8932983875274658,0.49349010735519616,1.0555024767480818,0.45512235164642334
17,1,0,0.28306734561920166,0.1406577229499817,0.21977006239180671,0.1314472286873527,0.9416629672050476
17,1,1,0.30066952109336853,0.11489070951938629,0.24516467765001435,0.10726037605533886,0.9273070693016052
17,1,2,0.30809104442596436,0.11228407919406891,0.26204474071955286,0.10441537045352305,0.9313187599182129
17,1,3,0.31339675188064575,0.1093321219086647,0.28172762629720316,0.10128785256047748,0.9297968149185181
17,1,4,0.27719977498054504,0.11766441911458969,0.20838637270968505,0.11122227233320736,0.9366909265518188
17,1,5,0.27066320180892944,0.11729083210229874,0.19980125124914086,0.11149337556105228,0.9369637370109558
17,1,6,0.2629449963569641,0.11672218143939972,0.1907168289055139,0.11163587693977016,0.9330355525016785
17,1,7,0.3755958676338196,0.10338421165943146,0.3425267395789373,0.09671553322114265,0.9303414821624756
17,1,8,0.29689785838127136,0.11256036162376404,0.22686316372036153,0.11201738247457081,0.9397673606872559
17,1,9,0.30926552414894104,0.1541508436203003,0.27491205947350084,0.1436292845911478,0.9314895868301392
17,1,10,0.28223246335983276,0.15606904029846191,0.23103561407651485,0.14722344935621964,0.930733859539032
17,1,11,0.6425672173500061,0.19733476638793945,0.6144839157369129,0.19162691018918565,0.9781700968742371
17,1,12,0.36772552132606506,0.21677406132221222,0.2586271706608472,0.2080199947187136,0.9899330735206604
17,1,13,0.7762870192527771,0.3906833529472351,0.7834686850978168,0.3695545495454185,0.7174795269966125
17,1,14,0.3258119821548462,0.38048508763313293,0.23257631733109854,0.3768081805025101,0.6750117540359497
17,1,15,0.33087828755378723,0.4510449767112732,0.378726543742224,0.4386219905025956,0.6388826966285706
17,1,16,0.12219510227441788,0.4379670023918152,0.12979752120086968,0.4422762389411399,0.6605221629142761
17,1,17,0.22824929654598236,0.4728604257106781,0.29153609910251005,0.4579090387652715,0.6138980984687805
17,1,18,0.060828935354948044,0.4756547808647156,0.0895533162786636,0.4766218025201263,0.6350476741790771
17,1,19,0.20895950496196747,0.4518439471721649,0.26042398138359196,0.4395957057374565,0.6200883388519287
17,1,20,0.03675832226872444,0.4606112837791443,0.0791631069978366,0.4584336331733815,0.6479003429412842
17,1,21,0.24810542166233063,0.4395296275615692,0.2961307074682278,0.4321173321121544,0.6288473010063171
17,1,22,0.08996827155351639,0.4451676905155182,0.117832099095321,0.4481486252557022,0.664294421672821
17,1,23,0.7000555396080017,0.5698450803756714,0.657066586420771,0.5458191487655595,0.9766291379928589
17,1,24,0.485089510679245,0.5754793286323547,0.4044520087515325,0.5467491115851058,0.9785236120223999
17,1,25,0.793452262878418,0.8209984302520752,0.7596486302009341,0.8267287308074789,0.7888330817222595
17,1,26,0.5451777577400208,0.8040525913238525,0.3596992422274185,0.8200231404199896,0.7144848108291626
17,1,27,0.8876327872276306,1.0102367401123047,0.8596174033816287,1.082545183820242,0.5514865517616272
17,1,28,0.6160390973091125,1.029550552368164,0.5125777188753059,1.087892288229766,0.5217825174331665
17,1,29,0.9204221367835999,1.0352492332458496,0.8791728173261365,1.1089001326889754,0.4645096957683563
17,1,30,0.6673389673233032,1.0564905405044556,0.569916816923331,1.1203464563021912,0.455870658159256
17,1,31,0.8239157199859619,1.1030948162078857,0.8193028173487393,1.198100801877719,0.4723149240016937
17,1,32,0.5472363233566284,1.120633840560913,0.4729851410120525,1.1985800913254563,0.4468640983104706
17,2,0,0.7591568827629089,0.10363441705703735,0.6774467464364144,0.10590951582967087,0.947113037109375
17,2,1,0.7958351969718933,0.08906964957714081,0.7146656804232066,0.09236632911107995,0.9339576363563538
17,2,2,0.8073659539222717,0.09057360142469406,0.7295842802367611,0.09333008963443404,0.9373754858970642
17,2,3,0.8159850239753723,0.0921316146850586,0.7479058852842678,0.09418607907968306,0.936024010181427
17,2,4,0.7425707578659058,0.0827341079711914,0.655482897604139,0.08848652657751714,0.9426493048667908
17,2,5,0.7185512781143188,0.07956663519144058,0.6304613512626562,0.08671022186246732,0.9429036974906921
17,2,6,0.6906482577323914,0.07664947211742401,0.6030479562707439,0.08486134135325467,0.9394806623458862
17,2,7,0.8423988223075867,0.09953978657722473,0.7358855373475203,0.10177897385582503,0.9354559183120728
17,2,8,0.6638625860214233,0.0798659399151802,0.5400779193592271,0.09054100397023188,0.9456110596656799
17,2,9,0.7557323575019836,0.1207808181643486,0.6825047565210935,0.12470036316832286,0.9380935430526733
17,2,10,0.6894324421882629,0.11347277462482452,0.6127218789326914,0.11972130319188672,0.9375673532485962
17,2,11,0.8987935185432434,0.19525808095932007,0.8287736219962637,0.2050316528016329,0.9799540042877197
17,2,12,0.2917194366455078,0.19096209108829498,0.25512919879405305,0.18962348636477408,0.9908978939056396
17,2,13,0.9917926788330078,0.3203253448009491,0.9254728263913484,0.32581379620938006,0.680943489074707
17,2,14,0.32545602321624756,0.34859544038772583,0.19230228485250542,0.3262215617727339,0.7018688917160034
17,2,15,0.9156844615936279,0.33163443207740784,0.9053542685051599,0.39013595504474224,0.5960907936096191
17,2,16,0.6396157145500183,0.4090084135532379,0.3071905446469073,0.41004874496589916,0.67218416929245
17,2,17,0.8877028822898865,0.34236353635787964,0.9165688846713513,0.4085276961610547,0.5742999315261841
17,2,18,0.7473040819168091,0.4368768036365509,0.3070309729595265,0.446804763178003,0.6407244801521301
17,2,19,0.8930081129074097,0.3206668198108673,0.8881491157727353,0.40045009430903944,0.5807170867919922
17,2,20,0.7685351371765137,0.4186904728412628,0.34270673188544354,0.4405156244575262,0.6520321369171143
17,2,21,0.8792115449905396,0.31731274724006653,0.8674641045212402,0.3933464548649541,0.5888423919677734
17,2,22,0.696645200252533,0.4084497094154358,0.34634726636880053,0.43112645774896613,0.6629689931869507
17,2,23,0.8636720776557922,0.46058768033981323,0.7603728579130363,0.47519723562557675,0.9782401323318481
17,2,24,0.4712996780872345,0.4671895205974579,0.3607219281875061,0.4767090863482721,0.9796844124794006
17,2,25,0.8363410234451294,0.7073863744735718,0.7309190583345654,0.6988970905103723,0.8067414164543152
17,2,26,0.42129334807395935,0.6999799609184265,0.3021476944648836,0.7126701094505377,0.7343429923057556
17,2,27,0.7952471375465393,0.9055242538452148,0.7161639188250735,0.9336268932496941,0.585930347442627
17,2,28,0.4026305377483368,0.869304358959198,0.400731382041655,0.94439801656497,0.5434755682945251
17,2,29,0.7284677624702454,0.9210581183433533,0.6567700544696784,0.9614543664734118,0.47630709409713745
17,2,30,0.4056277573108673,0.8856050372123718,0.42520943222569574,0.9718993568807084,0.4440780282020569
17,2,31,0.8055254220962524,0.9702767729759216,0.72962047278316,1.0106183597397527,0.5026727318763733
17,2,32,0.42710161209106445,0.9423853754997253,0.48197060592591634,1.0358475442340724,0.46275079250335693
18,1,0,0.2962225377559662,0.11541014164686203,0.23303981709114777,0.1286687358498482,0.9521361589431763
18,1,1,0.3204202651977539,0.09569839388132095,0.25822621986576977,0.10525748329883852,0.9402796626091003
18,1,2,0.32488778233528137,0.09376716613769531,0.27294787026367656,0.10257082293020846,0.9433506727218628
18,1,3,0.32838839292526245,0.09119949489831924,0.28981923447994745,0.0995403145219204,0.9421656131744385
18,1,4,0.2964743971824646,0.09711717069149017,0.22368102882612198,0.10877864588280281,0.9478818774223328
18,1,5,0.2847691476345062,0.09657031297683716,0.21455278412466045,0.10890797859262834,0.9479532241821289
18,1,6,0.2718489170074463,0.09564701467752457,0.20480079678607596,0.10886574312235801,0.9448673129081726
18,1,7,0.34429463744163513,0.08699412643909454,0.342832903607101,0.09503157815384115,0.941717803478241
18,1,8,0.27537843585014343,0.09324578195810318,0.2352768421750141,0.10876485631527175,0.9503204226493835
18,1,9,0.31009814143180847,0.1295330971479416,0.2810117027189828,0.14118720318252576,0.9440895915031433
18,1,10,0.2820476293563843,0.13019990921020508,0.239882948603244,0.14427396187653505,0.9433941841125488
18,1,11,0.5321573615074158,0.1708400547504425,0.6001920426191556,0.18802498582156296,0.9819221496582031
18,1,12,0.19893808662891388,0.1858738362789154,0.24827227303524793,0.20418237460369615,0.9914268851280212
18,1,13,0.6488404870033264,0.3504437804222107,0.76006052725808,0.36624322366368706,0.7119843363761902
18,1,14,0.23616577684879303,0.3423546254634857,0.233197976275795,0.3708356556041324,0.6764756441116333
18,1,15,0.34104984998703003,0.4273332357406616,0.372194497702591,0.43666644549388317,0.6356305480003357
18,1,16,0.1782315969467163,0.4196307957172394,0.13819710141564878,0.43835204306538045,0.6605299711227417
18,1,17,0.25140926241874695,0.45278990268707275,0.2845786941826447,0.45702241780470987,0.6151123046875
18,1,18,0.10094015300273895,0.4567480683326721,0.0915258594711589,0.4731782015020045,0.6312224268913269
18,1,19,0.22850245237350464,0.4303708076477051,0.2548906430730414,0.4379977802038174,0.6208555698394775
18,1,20,0.08689957857131958,0.4448135495185852,0.08050314898635348,0.4560740689412204,0.6428510546684265
18,1,21,0.2593480348587036,0.4199165105819702,0.2897538329763294,0.43000373178469753,0.6275774240493774
18,1,22,0.12288053333759308,0.43055108189582825,0.11870647314815119,0.44509963507438544,0.6551128029823303
18,1,23,0.5344926118850708,0.5225051641464233,0.6357622078506144,0.5417790229648297,0.9750390648841858
18,1,24,0.5538397431373596,0.5260120630264282,0.43043775956845276,0.5431558266127955,0.9744395613670349
18,1,25,0.5575377941131592,0.7303785681724548,0.7244366112526853,0.8099954888623514,0.7673739790916443
18,1,26,0.6195041537284851,0.7359334826469421,0.4050411366902211,0.8054245682312033,0.6795584559440613
18,1,27,0.5250789523124695,0.9530426859855652,0.8011039688752232,1.0600322726500941,0.5411376357078552
18,1,28,0.7620716691017151,0.8280622363090515,0.556106661395161,1.0425471164919247,0.49585506319999695
18,1,29,0.634800374507904,0.971723735332489,0.8365444829288774,1.0850478055619748,0.460161954164505
18,1,30,0.8169472813606262,0.9021524786949158,0.6130128600168793,1.0823147852955686,0.4156934916973114
18,1,31,0.48528262972831726,1.017034888267517,0.7608810993308631,1.1665755930891015,0.4640903174877167
18,1,32,0.7201282382011414,0.9635854363441467,0.5161011990992254,1.1575995575497373,0.42178064584732056
18,2,0,0.7635284662246704,0.09002269059419632,0.692392273226588,0.10315706880554593,0.9564114212989807
18,2,1,0.8031052350997925,0.07713469117879868,0.7300216533510441,0.08972744749643252,0.9453263282775879
18,2,2,0.8160832524299622,0.07960298657417297,0.7446024321973168,0.09095197623222752,0.9479312300682068
18,2,3,0.8265565633773804,0.08185715973377228,0.7615581784816122,0.09205027981680675,0.9467771649360657
18,2,4,0.7471262812614441,0.06983986496925354,0.671396697023387,0.08525566051599498,0.9525701403617859
18,2,5,0.7206828594207764,0.06720376759767532,0.6461275754352914,0.08333029409934405,0.952716052532196
18,2,6,0.6936959028244019,0.06465119123458862,0.6187884269123116,0.0813594085595942,0.950035810470581
18,2,7,0.8055417537689209,0.09238534420728683,0.7479733051393378,0.10015181279192376,0.9455631971359253
18,2,8,0.6328802108764648,0.0695125013589859,0.5561935245111758,0.0868971807940399,0.9550576210021973
18,2,9,0.7567753791809082,0.11084865778684616,0.6953950482854284,0.12230065436387123,0.9493879675865173
18,2,10,0.6879477500915527,0.1024412140250206,0.6257783423033992,0.11672734305762823,0.9489189386367798
18,2,11,0.8640400171279907,0.18996749818325043,0.8348873159273893,0.20242180061382617,0.9831775426864624
18,2,12,0.2359286993741989,0.17887359857559204,0.2518023277695611,0.18776131899263906,0.9922459721565247
18,2,13,0.9711458683013916,0.3181706368923187,0.9333930492181229,0.32448991968163343,0.6799843311309814
18,2,14,0.30007094144821167,0.33119773864746094,0.2110254727198835,0.3270834210327566,0.7030414342880249
18,2,15,0.8512700796127319,0.38127192854881287,0.8959732464011413,0.38860054966789315,0.58470219373703
18,2,16,0.6648033261299133,0.3903566300868988,0.36978495530792377,0.406636695357338,0.6697648167610168
18,2,17,0.7979166507720947,0.4087822437286377,0.895948501203072,0.4085717764618693,0.5656599402427673
18,2,18,0.7667856216430664,0.41981786489486694,0.3877483553916584,0.4421277698726505,0.632682740688324
18,2,19,0.7936855554580688,0.3915836811065674,0.8717443375213452,0.3989142727941814,0.57145094871521
18,2,20,0.7821699380874634,0.40375208854675293,0.41981566566536327,0.434142423012982,0.6429015398025513
18,2,21,0.7922757863998413,0.3793860077857971,0.8544142685490406,0.39092788658380107,0.577607274055481
18,2,22,0.7474703192710876,0.39116284251213074,0.41664835837352054,0.4241978114734175,0.6477649807929993
18,2,23,0.7720768451690674,0.45361289381980896,0.7624003993476125,0.4714570358420892,0.976899266242981
18,2,24,0.4228150248527527,0.45692673325538635,0.3714947601043814,0.47328132628802183,0.9764044284820557
18,2,25,0.7446733117103577,0.7034743428230286,0.7333019402276684,0.6996898478268353,0.7892441749572754
18,2,26,0.39698487520217896,0.6932084560394287,0.3186173856251511,0.709297957239645,0.7062569260597229
18,2,27,0.7150959372520447,0.912584662437439,0.7159789749800819,0.9299807246628489,0.5821353793144226
18,2,28,0.3488018214702606,0.8484789729118347,0.39172465219565034,0.9277398627164053,0.5227574110031128
18,2,29,0.6692789793014526,0.92791348695755,0.6589371228669157,0.9556402733515461,0.48004254698753357
18,2,30,0.3432582914829254,0.868206799030304,0.41098296257224637,0.9538870103089303,0.4057489335536957
18,2,31,0.737270712852478,0.9679368138313293,0.7309455937580803,1.0032177586829456,0.5053991079330444
18,2,32,0.3964071571826935,0.938626766204834,0.46711539217176873,1.0189626862651124,0.44581231474876404
19,1,0,0.2757938802242279,0.15683613717556,0.24045309315530336,0.13355063543117016,0.960495114326477
19,1,1,0.28366491198539734,0.12456394731998444,0.2626348302045112,0.10860273813791733,0.9505665302276611
19,1,2,0.2960371971130371,0.12126298248767853,0.2769490434032927,0.10580957671349897,0.9529140591621399
19,1,3,0.3083547055721283,0.11795800179243088,0.29303082392053886,0.10273148471370361,0.951917290687561
19,1,4,0.2581668198108673,0.12971024215221405,0.22965915921574132,0.11240566639332716,0.9568004608154297
19,1,5,0.2527230679988861,0.13003739714622498,0.22117035515622843,0.11256929941277068,0.9566992521286011
19,1,6,0.24751731753349304,0.1301625818014145,0.21220755752147485,0.11255609313286873,0.9542226791381836
19,1,7,0.33499446511268616,0.1102822795510292,0.34147519423552614,0.09767376398436493,0.9508901238441467
19,1,8,0.2719030976295471,0.12253502011299133,0.24162642409905422,0.11115043259126255,0.9588064551353455
19,1,9,0.32038047909736633,0.17075015604496002,0.2878372907275628,0.14631119081073635,0.9543188214302063
19,1,10,0.28951218724250793,0.17782051861286163,0.24849010557069195,0.1500891015645206,0.9536142945289612
19,1,11,0.591063380241394,0.19470232725143433,0.5986107852730528,0.18918153790066805,0.9848490357398987
19,1,12,0.43613651394844055,0.21014940738677979,0.28098851816087445,0.2052158751596622,0.9924729466438293
19,1,13,0.7130886316299438,0.39791977405548096,0.7519148041169302,0.3717338996893847,0.7111505270004272
19,1,14,0.36364802718162537,0.38856828212738037,0.25587671783459565,0.37390806452709746,0.6475538015365601
19,1,15,0.29189375042915344,0.45831191539764404,0.3582549227079932,0.44041724673031624,0.6251186728477478
19,1,16,0.17504863440990448,0.4418424665927887,0.14458578323379348,0.43895654581663246,0.6225653290748596
19,1,17,0.16250400245189667,0.49428611993789673,0.2633608133762693,0.463482628274935,0.606590211391449
19,1,18,0.07132521271705627,0.48168784379959106,0.08802557654542753,0.47465220079386616,0.5896191596984863
19,1,19,0.13664166629314423,0.4637755751609802,0.23434013777791826,0.44246519838591675,0.6117929816246033
19,1,20,0.0604587122797966,0.45646390318870544,0.07702994771227827,0.4561415776384137,0.5998396873474121
19,1,21,0.17704102396965027,0.45000556111335754,0.27016878913962683,0.43346954546368943,0.616538405418396
19,1,22,0.10209020972251892,0.4467421770095825,0.11582758635004559,0.44538408938101737,0.60626220703125
19,1,23,0.6889550089836121,0.583699643611908,0.6449883555466037,0.549047599527753,0.9767903685569763
19,1,24,0.6394565105438232,0.5866012573242188,0.46686108848923075,0.5506891341020465,0.9727699756622314
19,1,25,0.8124043345451355,0.8171164989471436,0.7397102503789972,0.8112289072781961,0.733178973197937
19,1,26,0.6950474977493286,0.7864863276481628,0.45569977306958454,0.8021431660250072,0.6464986801147461
19,1,27,0.9375491142272949,1.022047519683838,0.8248288339595007,1.0534469906315784,0.5300257205963135
19,1,28,0.9250335693359375,1.02475106716156,0.6207020282284557,1.0394637226377788,0.47495654225349426
19,1,29,0.9877341985702515,1.043900489807129,0.8628449277539583,1.077913586193756,0.44977009296417236
19,1,30,0.9975572228431702,1.0473445653915405,0.6803738739832516,1.0762526479917844,0.3806544840335846
19,1,31,0.9121748805046082,1.1001237630844116,0.7871995635232374,1.1550452282646992,0.46208977699279785
19,1,32,0.8663281202316284,1.1172833442687988,0.5773887597460926,1.150609558926986,0.40634897351264954
19,2,0,0.7653488516807556,0.09874346852302551,0.7050540246833604,0.10239266100880431,0.9642638564109802
19,2,1,0.8180914521217346,0.08556264638900757,0.7453132519678204,0.0890061355501667,0.9552210569381714
19,2,2,0.8346319794654846,0.08752379566431046,0.7602352197489247,0.09035825452428933,0.9572998881340027
19,2,3,0.8492440581321716,0.0894983634352684,0.7767829298690445,0.09160832869813615,0.9563736915588379
19,2,4,0.7569066882133484,0.07905931770801544,0.6862427063353622,0.0841824353985785,0.9608564972877502
19,2,5,0.7321378588676453,0.07665538042783737,0.661060666914176,0.0821741624353686,0.9607624411582947
19,2,6,0.7042898535728455,0.07441853731870651,0.633632942996856,0.08015720196553906,0.9585574269294739
19,2,7,0.8360642194747925,0.09807177633047104,0.7632685694988505,0.0997915888442776,0.9549853801727295
19,2,8,0.6507551074028015,0.07899945974349976,0.5726155010504882,0.08552920188506692,0.9626787900924683
19,2,9,0.7850009202957153,0.11997619271278381,0.7109540447941477,0.12189809751529218,0.9587306976318359
19,2,10,0.711235761642456,0.11217889189720154,0.6406151716332611,0.11593957673489266,0.9581460952758789
19,2,11,0.9053567051887512,0.20113128423690796,0.8471165846824199,0.20219831227059898,0.986165463924408
19,2,12,0.26993080973625183,0.1785895973443985,0.25494337075008516,0.1861726074156964,0.9931561946868896
19,2,13,0.9441096186637878,0.3328002393245697,0.935249469166606,0.32592938241477765,0.6770709156990051
19,2,14,0.289811372756958,0.3410985469818115,0.22470144253205382,0.3295114582845131,0.6730597019195557
19,2,15,0.9223380088806152,0.42387327551841736,0.9005424685598883,0.39471520861067966,0.5987947583198547
19,2,16,0.3891623616218567,0.49715134501457214,0.3731426642091562,0.42235407162777405,0.6255496740341187
19,2,17,0.9247938990592957,0.47905609011650085,0.9009479921321679,0.4208034018814177,0.5827164053916931
19,2,18,0.37116163969039917,0.5422941446304321,0.38487480158179344,0.4595262868832517,0.589749276638031
19,2,19,0.999933123588562,0.4366230368614197,0.8940283225375105,0.40545169699522815,0.5895718336105347
19,2,20,0.43870553374290466,0.5374966859817505,0.42308893526842634,0.45209640658067124,0.5998252034187317
19,2,21,0.961487352848053,0.42708173394203186,0.8730158328684289,0.3971954510080074,0.5936937928199768
19,2,22,0.456961989402771,0.518527626991272,0.42363835504360114,0.44057965563541135,0.6069295406341553
19,2,23,0.8137058019638062,0.4859924912452698,0.7712988406831205,0.47397525191337253,0.9786134362220764
19,2,24,0.4215553104877472,0.4977778494358063,0.38017687026670893,0.47752653242053605,0.9749239683151245
19,2,25,0.707059383392334,0.7452481985092163,0.7287540119601218,0.7075900421848633,0.7524175643920898
19,2,26,0.36333999037742615,0.7431173324584961,0.32637240080272023,0.7151604484611975,0.6718438863754272
19,2,27,0.618267297744751,0.9489954710006714,0.6990088855570161,0.9332754302040978,0.5518816113471985
19,2,28,0.288178414106369,0.9245942234992981,0.3737376540114704,0.9271950803422776,0.47739270329475403
19,2,29,0.561136782169342,0.9607589840888977,0.6419516736842723,0.956526828226001,0.4535306692123413
19,2,30,0.2895732522010803,0.9377691745758057,0.38988166476498404,0.9510945310088811,0.3637353479862213
19,2,31,0.6634780168533325,0.9957215785980225,0.719238629710194,1.001919357878764,0.4730023443698883
19,2,32,0.32294997572898865,1.0167967081069946,0.4420419719504035,1.018587579492408,0.40018001198768616
20,1,0,0.24718846380710602,0.15537084639072418,0.2416196998360334,0.1373317363023443,0.9676339030265808
20,1,1,0.25393715500831604,0.12693285942077637,0.2611282551306302,0.11177872789230128,0.9595567584037781
20,1,2,0.2672504186630249,0.12397830188274384,0.2752690367571231,0.10895758671577711,0.9614346623420715
20,1,3,0.28148654103279114,0.12090896815061569,0.2910309982990933,0.10588101304256393,0.9606162309646606
20,1,4,0.231284961104393,0.1303754299879074,0.22994071470483726,0.11551918462179867,0.9644348621368408
20,1,5,0.22840875387191772,0.13022464513778687,0.22242410867655416,0.11562831133706597,0.9642155170440674
20,1,6,0.22601200640201569,0.1298961043357849,0.214599079794531,0.11556044086831686,0.962175726890564
20,1,7,0.329470157623291,0.11319692432880402,0.33939552119924954,0.10036317548337384,0.9594075083732605
20,1,8,0.26193466782569885,0.12563732266426086,0.24514536681612412,0.11366023040513508,0.9659972786903381
20,1,9,0.30086949467658997,0.16831310093402863,0.2900949717905934,0.15012379815882074,0.9627646803855896
20,1,10,0.2727550268173218,0.17356257140636444,0.25269514838295215,0.1541568884542321,0.9621042013168335
20,1,11,0.5661715865135193,0.20151716470718384,0.5929877687502404,0.19131849941248893,0.9875366687774658
20,1,12,0.4622914493083954,0.2085523158311844,0.3125560973906701,0.20579370686682782,0.9933255910873413
20,1,13,0.6453561782836914,0.40881800651550293,0.7334027276793376,0.37816294257691146,0.7084057927131653
20,1,14,0.35199087858200073,0.3988995850086212,0.2725690399698399,0.3782391160752942,0.6177437901496887
20,1,15,0.23042196035385132,0.4673698842525482,0.3360325883163285,0.44508843701560985,0.6367347836494446
20,1,16,0.13984185457229614,0.47088244557380676,0.1437641573016157,0.4444904842798243,0.5785512924194336
20,1,17,0.1110437735915184,0.49168121814727783,0.23686261084905047,0.4683699389156936,0.6202360391616821
20,1,18,0.05690982565283775,0.5227010846138,0.08263220159447413,0.4829848847344402,0.54814213514328
20,1,19,0.09203315526247025,0.4659547507762909,0.2095908393686184,0.4465357736425206,0.6264522075653076
20,1,20,0.016443192958831787,0.5134273767471313,0.06651898905581516,0.4660788854984053,0.5582542419433594
20,1,21,0.13177698850631714,0.4601469039916992,0.2461033071939524,0.4380929877567225,0.6293141841888428
20,1,22,0.08277664333581924,0.4774567484855652,0.11009844542867411,0.4509434913731199,0.5668933391571045
20,1,23,0.6900597214698792,0.560322642326355,0.6528039632345985,0.5510007702472843,0.977290689945221
20,1,24,0.674592912197113,0.5775322914123535,0.5030589792289876,0.5553413384278455,0.9696519374847412
20,1,25,0.8363134860992432,0.830573558807373,0.7564876256006333,0.8145807916854799,0.7004579305648804
20,1,26,0.8009573221206665,0.8231075406074524,0.5161092779610675,0.8057758824955246,0.6095203757286072
20,1,27,1.0023388862609863,1.0842584371566772,0.855732036353118,1.0587876230241855,0.5027927160263062
20,1,28,1.0539076328277588,1.0669257640838623,0.6966975977352765,1.0442232824361393,0.4314769208431244
20,1,29,1.0705538988113403,1.1131869554519653,0.8990384091418092,1.084028450541526,0.4288714826107025
20,1,30,1.124923825263977,1.0957614183425903,0.7583858562413721,1.07963299836774,0.3394502103328705
20,1,31,0.9324601888656616,1.1792880296707153,0.8124641023449222,1.159246467679184,0.43064507842063904
20,1,32,0.978212296962738,1.1570813655853271,0.6476365982758012,1.1517305108147524,0.36223235726356506
20,2,0,0.7787219882011414,0.08251552283763885,0.7178395030822182,0.09894846554473634,0.9708021879196167
20,2,1,0.8410480618476868,0.0699629858136177,0.761939543211079,0.08570653146604369,0.9634387493133545
20,2,2,0.8582268357276917,0.071884386241436,0.7772546015074392,0.08715734452575505,0.9651342630386353
20,2,3,0.8738804459571838,0.0738334059715271,0.7936465595552207,0.08852858751247988,0.9643471240997314
20,2,4,0.7776894569396973,0.06467991322278976,0.7021222572415404,0.08080318920091466,0.9678349494934082
20,2,5,0.7528370022773743,0.06298333406448364,0.6769976062154341,0.07884895524351725,0.9676486253738403
20,2,6,0.7254953384399414,0.061447080224752426,0.6495848662084012,0.07691533391977032,0.9657986760139465
20,2,7,0.8192684650421143,0.08378298580646515,0.7729825064947238,0.09701803319722875,0.9630712270736694
20,2,8,0.6578163504600525,0.07009471952915192,0.5874077015392741,0.08285516096919104,0.9692778587341309
20,2,9,0.7694048881530762,0.10489671677350998,0.7210938685746057,0.1189524511705257,0.9663907885551453
20,2,10,0.6971375346183777,0.09728997945785522,0.6504198853661869,0.11270820159652986,0.9658424854278564
20,2,11,0.9216549396514893,0.18795646727085114,0.8600535358327127,0.1997309854906952,0.9886155724525452
20,2,12,0.31161004304885864,0.17334511876106262,0.2647731188521123,0.18395040529342851,0.9939372539520264
20,2,13,0.9502114653587341,0.31059500575065613,0.9378416443481864,0.3232726917978948,0.6894524693489075
20,2,14,0.2839760482311249,0.34202614426612854,0.23498452452013682,0.3316794547487174,0.6392848491668701
20,2,15,0.8957445621490479,0.2602018117904663,0.8997114916604672,0.3713272302925093,0.6311562657356262
20,2,16,0.2934328615665436,0.4858798086643219,0.35930672009376213,0.43337603490712695,0.5786818861961365
20,2,17,0.8552607893943787,0.24865438044071198,0.8930254169502161,0.3908380100528546,0.6137222051620483
20,2,18,0.23653016984462738,0.5274258255958557,0.359072941570799,0.47130875068686495,0.5443812012672424
20,2,19,0.9031960964202881,0.2275790572166443,0.895616351091079,0.3744846897204706,0.6194345951080322
20,2,20,0.25391778349876404,0.5271977186203003,0.39364636063860786,0.465131411474916,0.5546537637710571
20,2,21,0.8782683610916138,0.23550094664096832,0.8739255616554605,0.3690586023527274,0.6197208762168884
20,2,22,0.2922442555427551,0.5113823413848877,0.4007959956755311,0.4528669501901595,0.565159261226654
20,2,23,0.8074608445167542,0.4744192063808441,0.777567936323633,0.4740521328764016,0.9793714284896851
20,2,24,0.4441996216773987,0.4854121208190918,0.39128512112941105,0.4788924097268578,0.972420871257782
20,2,25,0.6896418929100037,0.7263430953025818,0.72197309659257,0.7108393599268206,0.7281369566917419
20,2,26,0.4068278670310974,0.7172186374664307,0.3403385616268615,0.7155168892316366,0.6448709964752197
20,2,27,0.5669641494750977,0.9422993659973145,0.676052299115442,0.9348385458711137,0.5457730293273926
20,2,28,0.2817116677761078,0.8539950847625732,0.35775732799566673,0.9144911308763986,0.473031610250473
20,2,29,0.5189183950424194,0.9568846821784973,0.6205676217840919,0.956588799160518,0.463532030582428
20,2,30,0.31372976303100586,0.868243396282196,0.3766641748950069,0.93671146070456,0.36277666687965393
20,2,31,0.580641508102417,0.9998639822006226,0.6951379464234912,1.001563407413863,0.47194769978523254
20,2,32,0.23844139277935028,0.9359390735626221,0.4065685486535602,1.0042397812307957,0.3976285755634308
21,1,0,0.24825343489646912,0.16053257882595062,0.24276869886452432,0.14135224596444224,0.973483145236969
21,1,1,0.2474348098039627,0.13159561157226562,0.25875597697491864,0.11521247678632877,0.9669212102890015
21,1,2,0.2582569718360901,0.12809379398822784,0.2723215397567621,0.11227332433650308,0.96845942735672
21,1,3,0.26939570903778076,0.12447803467512131,0.28728196269724465,0.10910327356643267,0.9677602648735046
21,1,4,0.22891545295715332,0.1364363133907318,0.2297631641480818,0.1191436970560662,0.9706730842590332
21,1,5,0.2266892045736313,0.13620200753211975,0.2231627941015659,0.11919327709484198,0.9703798890113831
21,1,6,0.22494840621948242,0.13603639602661133,0.2163918401570318,0.1191084598160158,0.9686203002929688
21,1,7,0.3234207332134247,0.11300155520439148,0.33662782493974,0.10255260455218725,0.9666449427604675
21,1,8,0.26333367824554443,0.12748418748378754,0.2482967740667574,0.11605513001211831,0.9718061685562134
21,1,9,0.3033609688282013,0.16853868961334229,0.2923931709378724,0.15331448425689911,0.9696089029312134
21,1,10,0.27617743611335754,0.1739952713251114,0.2567644671046187,0.15759436520630768,0.9689773321151733
21,1,11,0.5471011996269226,0.1869732290506363,0.5850305745875046,0.19056592748622672,0.9897419214248657
21,1,12,0.4903489351272583,0.1928756684064865,0.3435093883852516,0.2035558117345363,0.9939194917678833
21,1,13,0.6114639639854431,0.4133501946926117,0.7122089535428697,0.38426279301040184,0.7198799848556519
21,1,14,0.4536759555339813,0.39198142290115356,0.3041022344852332,0.3806198648752703,0.5830760598182678
21,1,15,0.20951296389102936,0.4600997269153595,0.3140394372921668,0.4476891267381882,0.6661991477012634
21,1,16,0.23140569031238556,0.4593146741390228,0.1589810893570286,0.44705874494562564,0.5290931463241577
21,1,17,0.1218898743391037,0.48668578267097473,0.21688343325127662,0.4715434542190844,0.6487523317337036
21,1,18,0.20326310396194458,0.5273050665855408,0.10359765931340781,0.49067007531892803,0.5004440546035767
21,1,19,0.11416551470756531,0.462109237909317,0.19301822755546366,0.44923390462580765,0.6539057493209839
21,1,20,0.1580379158258438,0.5196439027786255,0.0824109645265418,0.475369720367632,0.5102139711380005
21,1,21,0.14339810609817505,0.4571860134601593,0.2282625632075014,0.44140123896965305,0.6533467769622803
21,1,22,0.17765651643276215,0.5105729699134827,0.12182128045591951,0.46128808227179074,0.5211623311042786
21,1,23,0.6762974262237549,0.5479682087898254,0.6568752145989925,0.5504755718681793,0.9793376326560974
21,1,24,0.7077160477638245,0.575465738773346,0.5387179836497037,0.5588284068156787,0.9698029160499573
21,1,25,0.8114162683486938,0.8277892470359802,0.766015358309384,0.8168690229070005,0.6996954679489136
21,1,26,0.8013377785682678,0.8245436549186707,0.5659274169214092,0.8090277544224949,0.5898721814155579
21,1,27,0.9193834662437439,1.1045719385147095,0.8667756742761584,1.0667270999253249,0.506381094455719
21,1,28,0.9919605255126953,1.10670006275177,0.7482845156856013,1.055062772047133,0.4300861656665802
21,1,29,0.9719398021697998,1.1374808549880981,0.9116905467116255,1.0932998066235764,0.4564346671104431
21,1,30,1.052230954170227,1.1384692192077637,0.8097230872522767,1.0898397805059465,0.34780293703079224
21,1,31,0.8518248200416565,1.2090647220611572,0.8192882871114743,1.1678865120098025,0.4380938708782196
21,1,32,0.9334889054298401,1.20576810836792,0.6975652678556444,1.1611034840927337,0.362798273563385
21,2,0,0.7689679265022278,0.07939950376749039,0.7267071206785177,0.09556116779660552,0.9760663509368896
21,2,1,0.8249943852424622,0.0665002167224884,0.7728795771112369,0.08237863931893749,0.9700409173965454
21,2,2,0.8453915119171143,0.06849640607833862,0.7890781782999607,0.08392400312923942,0.9714392423629761
21,2,3,0.8638488054275513,0.07062066346406937,0.8058292743860038,0.08542578954553545,0.9707263708114624
21,2,4,0.7561729550361633,0.061755090951919556,0.7114975396796998,0.07750272696137421,0.9734627604484558
21,2,5,0.7285435199737549,0.06050489842891693,0.6859377530494079,0.07567054941735328,0.9732195138931274
21,2,6,0.6998913288116455,0.059525731950998306,0.6583097169434542,0.07390238929515529,0.9716219305992126
21,2,7,0.8385372757911682,0.08238633722066879,0.784357115228395,0.09448313709334041,0.9695394039154053
21,2,8,0.6488596796989441,0.06870189309120178,0.598069130205362,0.08040318620301813,0.9745168685913086
21,2,9,0.7770902514457703,0.1037900522351265,0.7308071812409982,0.11632557047707194,0.9724974036216736
21,2,10,0.7007108926773071,0.09632503986358643,0.6591420336380974,0.1098697199806982,0.9720122218132019
21,2,11,0.9308642148971558,0.19204556941986084,0.8723421166911619,0.19839978879073755,0.9903299808502197
21,2,12,0.30303943157196045,0.1761649250984192,0.2714073641172155,0.1826018724663042,0.9944875836372375
21,2,13,1.0171586275100708,0.32812973856925964,0.9516098968896078,0.3241139125400724,0.7218164801597595
21,2,14,0.19343465566635132,0.34955233335494995,0.2277804184117131,0.3347761817443156,0.6221302151679993
21,2,15,0.9817817211151123,0.29558637738227844,0.9139587038714166,0.3581812097112165,0.6717967987060547
21,2,16,0.1801585704088211,0.49971988797187805,0.32811752864930854,0.44488790316344573,0.5629763603210449
21,2,17,0.9431617259979248,0.2961081564426422,0.9017206174323752,0.37438676297223067,0.6491622924804688
21,2,18,0.2996528446674347,0.5407452583312988,0.34876522692280065,0.483358440069613,0.5276090502738953
21,2,19,0.978636622428894,0.2732046842575073,0.9100289079708472,0.3568924392219387,0.6544862985610962
21,2,20,0.17989426851272583,0.5354118347167969,0.3563948603599057,0.4773278751793089,0.5381670594215393
21,2,21,0.9583278298377991,0.2757944166660309,0.888578650424309,0.35286259929183145,0.653610348701477
21,2,22,0.2548590898513794,0.5241345763206482,0.3754141199777294,0.465235070083766,0.5505681037902832
21,2,23,0.8245618343353271,0.45752641558647156,0.7857174953352071,0.4711889413362329,0.9805720448493958
21,2,24,0.4329971969127655,0.4724437892436981,0.39851752044449346,0.4777754813216482,0.9724528789520264
21,2,25,0.6545159816741943,0.7317667603492737,0.7102679864146423,0.7144656597754735,0.7241559624671936
21,2,26,0.44125062227249146,0.7333296537399292,0.35786652318527773,0.7186031950303601,0.6274778246879578
21,2,27,0.5043421387672424,0.9507201313972473,0.6461641265032745,0.9375900995727816,0.5467833876609802
21,2,28,0.32957780361175537,0.9443837404251099,0.35287330663075206,0.9196723145319253,0.4784872531890869
21,2,29,0.4613170027732849,0.9637954831123352,0.5928585923496904,0.957837063570939,0.49000024795532227
21,2,30,0.3270493745803833,0.9550456404685974,0.3680595072089928,0.9398881585066914,0.38035738468170166
21,2,31,0.5308101177215576,1.0198009014129639,0.6665408412868298,1.0047233567675304,0.47707775235176086
21,2,32,0.288819283246994,1.0022399425506592,0.38610545738790797,1.0038934475759065,0.4064186215400696
22,1,0,0.253265917301178,0.16596724092960358,0.24458708507436283,0.14561799770708667,0.9779078960418701
22,1,1,0.26615986227989197,0.13830390572547913,0.26003839935149237,0.11921401272920339,0.9727951884269714
22,1,2,0.2787708044052124,0.1351463347673416,0.27343858048062575,0.11623698429897988,0.9740620851516724
22,1,3,0.2913060486316681,0.1317625492811203,0.2879789008151024,0.11302987024935268,0.9734545350074768
22,1,4,0.24174514412879944,0.14045350253582,0.23183884197110433,0.12283629612430462,0.9754993915557861
22,1,5,0.23697583377361298,0.13913975656032562,0.22555580415869564,0.12264949514359515,0.9749885201454163
22,1,6,0.23256897926330566,0.13776132464408875,0.21919461262718354,0.12234040167882747,0.9733187556266785
22,1,7,0.34244149923324585,0.11479001492261887,0.337634758416841,0.10467254556788338,0.9724351763725281
22,1,8,0.26452282071113586,0.12523098289966583,0.25110802258224973,0.11764455750992117,0.9761742353439331
22,1,9,0.3089984655380249,0.17092454433441162,0.2952701580635687,0.1563656462225448,0.9750632643699646
22,1,10,0.2773215174674988,0.1728711724281311,0.2603265491206774,0.1602410766101524,0.974317193031311
22,1,11,0.5845669507980347,0.19376495480537415,0.58495028718024,0.19111995862136164,0.9912360310554504
22,1,12,0.4671706259250641,0.1905115842819214,0.3650037749327621,0.20129604729297487,0.9934645891189575
22,1,13,0.5710855722427368,0.4011838734149933,0.6876666710833386,0.38719452120800485,0.7482325434684753
22,1,14,0.3164733350276947,0.15228742361068726,0.3062453653094077,0.3408082995366586,0.5874030590057373
22,1,15,0.16400356590747833,0.4709775745868683,0.2879400836187176,0.45172482854910095,0.696845531463623
22,1,16,0.11273635923862457,0.0723528191447258,0.1509617387733577,0.38144131137991943,0.5423055291175842
22,1,17,0.07648597657680511,0.49855589866638184,0.19246761704273735,0.47622501871002126,0.6735960245132446
22,1,18,0.10464130342006683,0.039968207478523254,0.10377839402854792,0.4115670900939185,0.5069949626922607
22,1,19,0.06482365727424622,0.47296690940856934,0.17073275579172234,0.4533466990041406,0.6792181134223938
22,1,20,0.06275993585586548,0.031073497608304024,0.07900597398291118,0.3974057279466584,0.517541229724884
22,1,21,0.09773274511098862,0.46990451216697693,0.2055696025087683,0.44634140148779516,0.6778314709663391
22,1,22,0.08676711469888687,0.04906563088297844,0.11574453295356074,0.38902077186830686,0.5347610116004944
22,1,23,0.7099953889846802,0.5487638115882874,0.6660887582291337,0.5501791300172427,0.9796770215034485
22,1,24,0.6254093647003174,0.5385864973068237,0.5537698062414917,0.5553209702922524,0.9694634079933167
22,1,25,1.006635308265686,0.8544795513153076,0.8079847070980604,0.8233894412581135,0.7392203211784363
22,1,26,0.6380202770233154,0.8403209447860718,0.5784394307079069,0.8144519300158959,0.6009997725486755
22,1,27,1.0482689142227173,1.179711103439331,0.8983762975184981,1.086359176224349,0.5383169651031494
22,1,28,0.8508101105690002,1.1471234560012817,0.7660947287572858,1.0710491302197833,0.4444079101085663
22,1,29,1.1090556383132935,1.2056398391723633,0.9460712073493952,1.1128196473233767,0.49860522150993347
22,1,30,0.9371187686920166,1.1793601512908936,0.8318701412987902,1.1053838673382483,0.3795097768306732
22,1,31,0.9832732677459717,1.3274368047714233,0.8478255535433525,1.195648543843312,0.46334436535835266
22,1,32,0.7895267605781555,1.2768877744674683,0.7135352436420062,1.1812237739459444,0.37919995188713074
22,2,0,0.7318218350410461,0.09160327166318893,0.7275929813595292,0.0948756944169191,0.9799337983131409
22,2,1,0.7724123001098633,0.08076221495866776,0.7727986578659032,0.08209870830900107,0.9750041961669922
22,2,2,0.7913991808891296,0.08214698731899261,0.7894801390186238,0.083616259544073,0.9761912822723389
22,2,3,0.8102037906646729,0.08371756225824356,0.806586917436046,0.08512995937062118,0.9754464030265808
22,2,4,0.7105256915092468,0.0771883949637413,0.7113292403432319,0.07744829334088829,0.977547287940979
22,2,5,0.6837819814682007,0.0759628415107727,0.6855644150365884,0.07572116628711453,0.9771523475646973
22,2,6,0.6550756096839905,0.0750969797372818,0.6577496138073183,0.07410926478319083,0.9755969047546387
22,2,7,0.8246679306030273,0.09182721376419067,0.7913462698810999,0.09402317217305019,0.9741997718811035
22,2,8,0.6244451403617859,0.0856715515255928,0.6026403392772336,0.08131565723057432,0.9781152606010437
22,2,9,0.7538423538208008,0.10921912640333176,0.7347989827253086,0.11509467937274273,0.977116048336029
22,2,10,0.6798974871635437,0.1052403375506401,0.6627385328398906,0.1090679348105656,0.9766203165054321
22,2,11,0.9186124205589294,0.19863344728946686,0.8803660092297834,0.19844025188168807,0.9912984371185303
22,2,12,0.2854292690753937,0.18456314504146576,0.2738365770463697,0.18294152747031503,0.993952751159668
22,2,13,0.9568922519683838,0.3474002778530121,0.9525247995809583,0.3281492507888736,0.7431462407112122
22,2,14,0.1662435233592987,0.34528684616088867,0.21710444138816587,0.3365968986001527,0.6257964968681335
22,2,15,0.9759518504142761,0.46735072135925293,0.9247141150693987,0.37714809055883713,0.6931381821632385
22,2,16,0.08515812456607819,0.45308902859687805,0.28573803176133056,0.4463084641283594,0.5782812833786011
22,2,17,1.0079395771026611,0.49743926525115967,0.9201733033793857,0.3957744852975954,0.6649803519248962
22,2,18,0.11374012380838394,0.486161470413208,0.3077801271755045,0.48384389166014935,0.540255606174469
22,2,19,1.1070232391357422,0.4963659644126892,0.9443444237951171,0.38114617085819447,0.6719417572021484
22,2,20,0.09913717210292816,0.4724063277244568,0.31150267942103627,0.47647549599294303,0.551217794418335
22,2,21,1.0646475553512573,0.48487165570259094,0.9192299255741456,0.3758132031908938,0.6739404201507568
22,2,22,0.18338055908679962,0.4649313688278198,0.3419686331769574,0.4651824775840545,0.5685999989509583
22,2,23,0.8054319620132446,0.4623717963695526,0.7891335217351472,0.4696616654568812,0.9810513257980347
22,2,24,0.4091349244117737,0.47057607769966125,0.4003567380948266,0.47652848587316154,0.972178041934967
22,2,25,0.6525644063949585,0.7267947196960449,0.700258198484631,0.7166014868098858,0.7586238384246826
22,2,26,0.42425304651260376,0.7351693511009216,0.36938565864150236,0.7214734007110463,0.6355525851249695
22,2,27,0.490168035030365,0.9551931619644165,0.6190237298320052,0.9406400616345603,0.5761674046516418
22,2,28,0.32459357380867004,0.9631550908088684,0.3479719052384427,0.9272121100958979,0.4916541874408722
22,2,29,0.4337947368621826,0.969175398349762,0.5651820295489428,0.95980121008395,0.5339656472206116
22,2,30,0.32062405347824097,0.9731521010398865,0.3598333410755858,0.9456542668489631,0.41661953926086426
22,2,31,0.5109547972679138,1.020792007446289,0.6394719566647753,1.0075073339374643,0.5035881996154785
22,2,32,0.2814393639564514,1.0171918869018555,0.3679231446694698,1.006197272344237,0.42419350147247314
23,1,0,0.20629914104938507,0.15218091011047363,0.23794910785387227,0.14675472655293778,0.9802168607711792
23,1,1,0.22312113642692566,0.1278425008058548,0.25363831893533034,0.12070860215650561,0.9762900471687317
23,1,2,0.23720233142375946,0.12527303397655487,0.2671566893515144,0.11780218895045895,0.9775910973548889
23,1,3,0.25336289405822754,0.12169703841209412,0.281978183674297,0.11453116140265669,0.9769608378410339
23,1,4,0.201570525765419,0.1282263696193695,0.22659249110046387,0.12376985047640505,0.9774012565612793
23,1,5,0.19870980083942413,0.12668563425540924,0.22090311476075883,0.12334852119909415,0.9764851331710815
23,1,6,0.19584323465824127,0.12414173036813736,0.21514800273460574,0.12265235600815547,0.9741713404655457
23,1,7,0.3266848921775818,0.11295580863952637,0.3357379369050543,0.10610732155676567,0.9762625098228455
23,1,8,0.22787000238895416,0.11651744693517685,0.24708106855562587,0.11744936835557049,0.9778203368186951
23,1,9,0.29035234451293945,0.15204520523548126,0.2944184110389309,0.15561737531825945,0.9784742593765259
23,1,10,0.25594398379325867,0.15584076941013336,0.25956751764510616,0.15947897160304203,0.9769671559333801
23,1,11,0.5688502192497253,0.19300971925258636,0.5821608708649897,0.1914472284184942,0.99202561378479
23,1,12,0.29320433735847473,0.17810162901878357,0.3525435665517062,0.19727665182682946,0.9929926991462708
23,1,13,0.440163254737854,0.4101022183895111,0.6444873796708336,0.39116419784489553,0.764735221862793
23,1,14,0.29340454936027527,0.34086570143699646,0.30402087208430545,0.34081823992756577,0.5761370658874512
23,1,15,0.1734960377216339,0.5038655400276184,0.2680532346764005,0.4607682268687728,0.7083194255828857
23,1,16,0.1345038264989853,0.3641381561756134,0.1481103034514186,0.3784432878482967,0.5389880537986755
23,1,17,0.09255725890398026,0.5396855473518372,0.17511375244314453,0.48723548922702253,0.6790465116500854
23,1,18,0.09859371185302734,0.38035449385643005,0.10288042074156593,0.40615674435797716,0.5070734024047852
23,1,19,0.07698909938335419,0.5149088501930237,0.15445306962771474,0.46402718912831337,0.6855106353759766
23,1,20,0.09388654679059982,0.36460962891578674,0.08158400790486772,0.39172063480100433,0.5180185437202454
23,1,21,0.10695797950029373,0.5130200386047363,0.1884420746368097,0.45791133236150205,0.6871433854103088
23,1,22,0.11126572638750076,0.36335986852645874,0.11496883067447006,0.384573511958898,0.5370572805404663
23,1,23,0.6813676953315735,0.5900717377662659,0.6687358386352866,0.5570956491627177,0.9797536134719849
23,1,24,0.4184551537036896,0.6262360215187073,0.5302424302071358,0.5676275616173323,0.9689350128173828
23,1,25,0.9089527726173401,0.860240638256073,0.8255226275491641,0.8297780704151364,0.7650764584541321
23,1,26,0.4535176455974579,0.8856385350227356,0.5567263064734698,0.8268057671680588,0.6286298036575317
23,1,27,0.955609142780304,1.1947823762893677,0.9083044481453403,1.1051962123880799,0.5662897825241089
23,1,28,0.7434550523757935,1.1840900182724,0.76217173600868,1.090691056120175,0.46765440702438354
23,1,29,0.9997508525848389,1.234460711479187,0.95538205762343,1.1339614974228653,0.5281274914741516
23,1,30,0.8278976678848267,1.217167854309082,0.8311821813116455,1.1248067014031753,0.416750967502594
23,1,31,0.9136195778846741,1.34319269657135,0.8592417284897627,1.221312353703375,0.49178969860076904
23,1,32,0.7250482439994812,1.335883378982544,0.7155297472402216,1.2081308687228134,0.40595558285713196
23,2,0,0.7337053418159485,0.08528894931077957,0.7286516633872833,0.09321507215690597,0.9805096983909607
23,2,1,0.7730345726013184,0.07535374164581299,0.7728395119248662,0.08093044057693766,0.9753620624542236
23,2,2,0.7882167100906372,0.07774434983730316,0.7892613431521921,0.08259923708936794,0.9771367311477661
23,2,3,0.8036555051803589,0.08000767976045609,0.8060792408493852,0.0842427938294462,0.975433349609375
23,2,4,0.7287436723709106,0.06875807791948318,0.7143465071650519,0.07594300909770656,0.9769478440284729
23,2,5,0.7083487510681152,0.06653956323862076,0.6895127211782603,0.07413074236216395,0.9765344858169556
23,2,6,0.6850396990776062,0.06448669731616974,0.6624793626524296,0.0724424355560452,0.9737571477890015
23,2,7,0.8061971664428711,0.08873286098241806,0.7939191723025585,0.09310689939057307,0.9743777513504028
23,2,8,0.6085773706436157,0.07843898981809616,0.6036686493487351,0.08081745953213007,0.9770453572273254
23,2,9,0.7469009160995483,0.1067807674407959,0.7368954553152278,0.11365459323889344,0.9777904748916626
23,2,10,0.6920709609985352,0.10023728013038635,0.6678225529396116,0.10753831781112973,0.9768139123916626
23,2,11,0.8248725533485413,0.19609187543392181,0.8707402268911827,0.19803355309656998,0.9908855557441711
23,2,12,0.3146693706512451,0.17927633225917816,0.2809163151063771,0.182306753019705,0.9929238557815552
23,2,13,0.9760845303535461,0.3208557665348053,0.9566075750207053,0.32688595562746997,0.7354806661605835
23,2,14,0.14791429042816162,0.34326276183128357,0.20509792265396293,0.3377514635343812,0.6073054671287537
23,2,15,1.0874996185302734,0.36423182487487793,0.9530416751469784,0.3749104977078806,0.6790787577629089
23,2,16,-0.03320961818099022,0.4769819974899292,0.22997742509868024,0.4516251695313423,0.5607268810272217
23,2,17,1.0814507007598877,0.3844245672225952,0.9482371282380767,0.3938083342685007,0.6480050086975098
23,2,18,-0.18143483996391296,0.5500436425209045,0.2218220070779363,0.49533071378680993,0.5251203775405884
23,2,19,1.1005619764328003,0.36428162455558777,0.9715238723888158,0.37822423326879395,0.6564323902130127
23,2,20,-0.14372143149375916,0.5506389141082764,0.23159642902769312,0.48934723923253115,0.5374854207038879
23,2,21,1.092024803161621,0.35843896865844727,0.9493084313944634,0.37280291335038573,0.6606814861297607
23,2,22,0.02174263261258602,0.4978489279747009,0.28598289974774704,0.4708449779370761,0.5565667152404785
23,2,23,0.7872862815856934,0.47132986783981323,0.7888136187576718,0.4699505637875788,0.9796165823936462
23,2,24,0.43993303179740906,0.4719296395778656,0.4072183692818179,0.47573199039754366,0.970596969127655
23,2,25,0.6743006706237793,0.7219751477241516,0.6957596469107793,0.7175321991479374,0.7760941982269287
23,2,26,0.4758398234844208,0.7465503811836243,0.38787937740615724,0.7258192781579967,0.6536527276039124
23,2,27,0.553164541721344,0.9403520226478577,0.6075962785664459,0.9405901814730432,0.5920960903167725
23,2,28,0.4209747314453125,0.9640864133834839,0.360641558263187,0.9336047466392683,0.5021420121192932
23,2,29,0.5083635449409485,0.9514272809028625,0.5553259631199873,0.9583507315114586,0.5526061058044434
23,2,30,0.42039844393730164,0.9690846800804138,0.37034050945556635,0.9497145914039011,0.4428274631500244
23,2,31,0.5668805837631226,1.0028828382492065,0.6268737771270044,1.0067063984801876,0.5182080864906311
23,2,32,0.41684889793395996,1.0116174221038818,0.3764080187660501,1.0071360378147938,0.43469342589378357
24,1,0,0.17596493661403656,0.1877223402261734,0.227195271006612,0.15385785620284814,0.9379568696022034
24,1,1,0.2231072187423706,0.16491417586803436,0.2483463748216999,0.12837388676737949,0.9308061003684998
24,1,2,0.2641688287258148,0.16374866664409637,0.26663923290424524,0.12576976404304568,0.9392335414886475
24,1,3,0.2835738956928253,0.16119185090065002,0.2822545274650486,0.12262276128882423,0.940165102481842
24,1,4,0.18393239378929138,0.16362211108207703,0.21919554235172148,0.13067936384830536,0.9349704384803772
24,1,5,0.14512890577316284,0.1652229279279709,0.2077513665037131,0.13060907120615695,0.9319102168083191
24,1,6,0.13969887793064117,0.16351887583732605,0.20205280590735664,0.12973793533026223,0.9247238636016846
24,1,7,0.3224167823791504,0.15671631693840027,0.33343017800038455,0.11488465057602479,0.9496046304702759
24,1,8,0.05610274150967598,0.1650949865579605,0.21381954139972342,0.12571201147362876,0.9378362894058228
24,1,9,0.2653786540031433,0.22357532382011414,0.2893851861712185,0.16740974114387022,0.9579281210899353
24,1,10,0.19491402804851532,0.22751359641551971,0.24834967605335387,0.17128466991224925,0.9546179175376892
24,1,11,0.37755224108695984,0.25326746702194214,0.5465108715576686,0.20217257536909725,0.9903119802474976
24,1,12,-0.24588274955749512,0.30234286189079285,0.24705713347196806,0.2155284806412571,0.9816526174545288
24,1,13,0.6113845705986023,0.4617490768432617,0.6387491301440167,0.40341336947191436,0.7327984571456909
24,1,14,0.03812304511666298,0.5297232270240784,0.2576079452334408,0.37371642617449324,0.5509524941444397
24,1,15,0.3333755433559418,0.5092337727546692,0.27938716984726814,0.46917327277340604,0.6545009016990662
24,1,16,0.1352190375328064,0.5338196158409119,0.14587705052665847,0.4054750184635587,0.5106523633003235
24,1,17,0.24637994170188904,0.5432860255241394,0.18748116420107677,0.4969581625686806,0.6237832307815552
24,1,18,0.12063059210777283,0.6036891937255859,0.10595587619094791,0.4405656255858691,0.48349660634994507
24,1,19,0.18213286995887756,0.5000239014625549,0.15925030969133258,0.4702675157810219,0.6331591606140137
24,1,20,-0.049626901745796204,0.5844867825508118,0.058772561753991426,0.42529450804864716,0.49600520730018616
24,1,21,0.19479472935199738,0.4953933656215668,0.1895423619450132,0.4644094423337783,0.6369773745536804
24,1,22,0.05188535153865814,0.5381914973258972,0.10402390994238142,0.41129783702459366,0.5138346552848816
24,1,23,0.27997374534606934,0.7310673594474792,0.6006286023814738,0.5873798964835351,0.9666942954063416
24,1,24,-0.1925293207168579,0.7718888521194458,0.40237322109397855,0.6032166499545611,0.9489122033119202
24,1,25,0.5605233907699585,1.0334936380386353,0.77926788930113,0.8652715133558934,0.745250403881073
24,1,26,-0.13868287205696106,1.1134122610092163,0.433798385900014,0.8768646946295032,0.6076471209526062
24,1,27,0.5162061452865601,1.4326592683792114,0.8396062561661801,1.162460890604704,0.5482556223869324
24,1,28,0.26705214381217957,1.4523941278457642,0.6751627106924165,1.1540074084437606,0.46213221549987793
24,1,29,0.4908367991447449,1.4839553833007812,0.8738168351551326,1.1952072167556456,0.5231735706329346
24,1,30,0.34120243787765503,1.4802238941192627,0.7450896727258116,1.1870112209162462,0.4141274690628052
24,1,31,0.573890209197998,1.607547640800476,0.8094041784428129,1.288972610530785,0.47593334317207336
24,1,32,0.39505189657211304,1.637263536453247,0.6595009273920956,1.2834010094034365,0.39739906787872314
24,2,0,0.6730191111564636,0.10788913816213608,0.7190016669712395,0.09575731154788229,0.9258085489273071
24,2,1,0.7302984595298767,0.10521148145198822,0.7654632630113241,0.08513827489087249,0.912971019744873
24,2,2,0.754673957824707,0.10785038024187088,0.783265623442087,0.08697531487358613,0.924430787563324
24,2,3,0.770898699760437,0.10921164602041245,0.7999805871838287,0.08856991332000394,0.9239956140518188
24,2,4,0.6786004304885864,0.09601803869009018,0.7081497126577727,0.07942151420945515,0.9221650958061218
24,2,5,0.6602200269699097,0.09382956475019455,0.6844356426743585,0.07754402150748987,0.9215493202209473
24,2,6,0.6424526572227478,0.09143975377082825,0.659009252934898,0.07573409341591175,0.9134533405303955
24,2,7,0.7609578371047974,0.11725834012031555,0.7882056035720069,0.09729225822066845,0.9272245168685913
24,2,8,0.601722776889801,0.10818265378475189,0.6033316632758862,0.08556020813166436,0.9239039421081543
24,2,9,0.696490466594696,0.13804586231708527,0.7298900223180745,0.11788154381461013,0.9391506314277649
24,2,10,0.6387789249420166,0.12913164496421814,0.6627886752336758,0.11128007697813713,0.9362719655036926
24,2,11,0.9920979142189026,0.21215474605560303,0.8918326030033733,0.20047996830512863,0.9885354042053223
24,2,12,0.264212965965271,0.2133496105670929,0.2780223371439479,0.18768748365566024,0.9827880859375
24,2,13,1.1295684576034546,0.41949108242988586,0.9867151199557316,0.3429670763936842,0.6812700629234314
24,2,14,0.22479720413684845,0.4474064111709595,0.2085113041473674,0.3568030731304359,0.5213029384613037
24,2,15,1.0094696283340454,0.553840160369873,0.9628299696815353,0.4060623330439782,0.6062362194061279
24,2,16,0.18446935713291168,0.6019219160079956,0.22208590404931858,0.47776987853333897,0.4790695309638977
24,2,17,1.001139521598816,0.5880380272865295,0.9574128798356148,0.4276393262290076,0.5802711844444275
24,2,18,0.15066008269786835,0.6469616889953613,0.20947226544359773,0.5217086724845182,0.45616263151168823
24,2,19,0.9762104153633118,0.5746653079986572,0.9723355667738074,0.4124426498924324,0.590431809425354
24,2,20,0.09602288901805878,0.6457959413528442,0.2080229738069781,0.5165672399744319,0.4687778949737549
24,2,21,0.9598667621612549,0.5651845335960388,0.9511374238131511,0.40631016827553357,0.5964882969856262
24,2,22,0.1786239892244339,0.6292997002601624,0.26733145995797386,0.49841559640244637,0.4866689443588257
24,2,23,0.8755955696105957,0.43363624811172485,0.8038810089670253,0.4636551232166455,0.9693119525909424
24,2,24,0.40432989597320557,0.3844563961029053,0.4067181283131061,0.45988237728099096,0.9537091851234436
24,2,25,0.9559560418128967,0.5654140710830688,0.7411703156836528,0.6910694496793952,0.736659586429596
24,2,26,0.3254431188106537,0.4608730673789978,0.37704697749930627,0.6795734970690936,0.6342836618423462
24,2,27,0.7394488453865051,0.843329906463623,0.6305197272454526,0.9236983770022791,0.5490899682044983
24,2,28,0.5749279260635376,0.855669379234314,0.3979884001481499,0.9200770297062736,0.49248006939888
24,2,29,0.6760538816452026,0.8764459490776062,0.5763083899543486,0.9441323564108204,0.5219277143478394
24,2,30,0.6264655590057373,0.8709692358970642,0.4150348277824473,0.9360459449023223,0.43706491589546204
24,2,31,0.6790431141853333,0.9396642446517944,0.6359221061993384,0.995073304467832,0.4863852858543396
24,2,32,0.6572228670120239,0.9506486058235168,0.42544638140033747,0.9973374709588301,0.42924192547798157
25,2,0,0.7658511996269226,0.0988704264163971,0.7271260851831285,0.09629646232104846,0.9329307675361633
25,2,1,0.8184010982513428,0.08527609705924988,0.77464516814795,0.08516214175418406,0.9211537837982178
25,2,2,0.8346296548843384,0.08827492594718933,0.7921741382201077,0.08720037825909582,0.9312699437141418
25,2,3,0.8495898842811584,0.09107360243797302,0.808584307781468,0.0890035116189764,0.9309048652648926
25,2,4,0.7649897336959839,0.0744507908821106,0.7180095955712349,0.07856060180029414,0.9296526908874512
25,2,5,0.7431209683418274,0.07020899653434753,0.6946161895807419,0.07627352978084749,0.9290686249732971
25,2,6,0.7200747728347778,0.06632235646247864,0.6696034653065956,0.07410379489038932,0.921847939491272
25,2,7,0.8383285403251648,0.09842967987060547,0.7968985363215976,0.09748923309061998,0.9327574968338013
25,2,8,0.6549283266067505,0.06751257181167603,0.6122805910524483,0.08243319033184618,0.9312728643417358
25,2,9,0.7622289657592773,0.11967790126800537,0.7354956409001073,0.11819263713645208,0.945009708404541
25,2,10,0.692171573638916,0.10842543840408325,0.6678814433120279,0.11078569472829072,0.9425626993179321
25,2,11,0.8682820796966553,0.1933603584766388,0.8877514879843582,0.19924679639954576,0.9893599152565002
25,2,12,0.3445886969566345,0.15963104367256165,0.28957276237434676,0.18282483241370476,0.9844852685928345
25,2,13,0.8989336490631104,0.3143913745880127,0.9714739879700546,0.33801435633509547,0.6391748785972595
25,2,14,0.1677650809288025,0.3064308166503906,0.20144664738300455,0.34806688836609245,0.5616803765296936
25,2,15,1.0010228157043457,0.3707672953605652,0.9694514780382266,0.3999438015900165,0.5584214329719543
25,2,16,-0.05936726927757263,0.427729070186615,0.1729343095075928,0.4690913280652869,0.5113155841827393
25,2,17,1.0097359418869019,0.39141806960105896,0.9664879879314491,0.42136005724955194,0.534454345703125
25,2,18,-0.13615569472312927,0.45605412125587463,0.14899801475153318,0.5103169431399506,0.48395290970802307
25,2,19,1.0222455263137817,0.3782452940940857,0.9809915473394974,0.4065146011225957,0.5447477698326111
25,2,20,-0.08113321661949158,0.45908793807029724,0.1575140572771854,0.5065964542366509,0.4969954192638397
25,2,21,1.0052752494812012,0.3712708353996277,0.960527843464855,0.4002360120513882,0.550678551197052
25,2,22,-0.05332866311073303,0.447223424911499,0.21126798825094067,0.4895370837824076,0.5111550092697144
25,2,23,0.7014687061309814,0.44739702343940735,0.7860917429327237,0.46083831982982326,0.9693145155906677
25,2,24,0.44912490248680115,0.4428747892379761,0.4140711191474704,0.45693565160484045,0.9573439955711365
25,2,25,0.6393699049949646,0.6707293391227722,0.7234878307276346,0.6875449746787756,0.7320826053619385
25,2,26,0.6099817752838135,0.6843817234039307,0.41766661624730417,0.6804062530213462,0.6547993421554565
25,2,27,0.5866125226020813,0.8481793999671936,0.6229062692860587,0.9105910341807044,0.5634341835975647
25,2,28,0.6993853449821472,0.8804981708526611,0.45065393770959383,0.9132149766395178,0.5286986231803894
25,2,29,0.5162175893783569,0.8679013848304749,0.5658836729448556,0.9309011628523576,0.5286521911621094
25,2,30,0.6991048455238342,0.904375433921814,0.4646473070766696,0.9305563176983281,0.45722493529319763
25,2,31,0.6775461435317993,0.9219755530357361,0.6431391667822891,0.9823871298150707,0.5007473230361938
25,2,32,0.8052482008934021,0.9577034115791321,0.4919665734038393,0.9904658379808328,0.4633207619190216
26,1,0,0.27692079544067383,0.15567752718925476,0.24189109185119095,0.15439507787219503,0.9395933747291565
26,1,1,0.28976693749427795,0.12868016958236694,0.2605855434454102,0.1284643076871576,0.9289899468421936
26,1,2,0.30145618319511414,0.12600070238113403,0.2769256489144272,0.12583794162883763,0.9380969405174255
26,1,3,0.3136447072029114,0.12337206304073334,0.29152783414373235,0.12284397255946418,0.9377681612968445
26,1,4,0.2733873128890991,0.13175183534622192,0.23521287742723399,0.13099598454228747,0.9365898370742798
26,1,5,0.27316156029701233,0.13112515211105347,0.2270892242889584,0.13076142948334865,0.936055064201355
26,1,6,0.2736370265483856,0.13044853508472443,0.2232187994776401,0.12994772067871185,0.9295428395271301
26,1,7,0.37901875376701355,0.1156812310218811,0.3469021534302298,0.11511981985537342,0.939450204372406
26,1,8,0.3103308379650116,0.12480117380619049,0.24237134896561424,0.12544311027163096,0.9380366206169128
26,1,9,0.33279579877853394,0.17260509729385376,0.30221294203954335,0.16894368028175835,0.9504866600036621
26,1,10,0.30733758211135864,0.17652887105941772,0.26578641135035175,0.17283303229573857,0.9482383728027344
26,1,11,0.5917776823043823,0.1996225267648697,0.5598875926107092,0.20141971279411275,0.9904192090034485
26,1,12,0.4376133382320404,0.2109515368938446,0.3035447030336053,0.21417714962786916,0.9859482645988464
26,1,13,0.6542049646377563,0.3932153880596161,0.6433134633738539,0.400402070967878,0.6748448610305786
26,1,14,0.38371092081069946,0.3884809911251068,0.2949381468029558,0.37807660167150264,0.548663854598999
26,1,15,0.2889925539493561,0.44407251477241516,0.2822234232893526,0.4617590125315119,0.6019250750541687
26,1,16,0.1565859466791153,0.4355900287628174,0.14903925371119695,0.41437129591901944,0.5120679140090942
26,1,17,0.16993525624275208,0.4708779752254486,0.18229924887579765,0.48925443578573263,0.57940274477005
26,1,18,0.06987497210502625,0.4741111099720001,0.09529575142866739,0.45047601267034687,0.48700135946273804
26,1,19,0.1616326868534088,0.43749335408210754,0.1599536606198138,0.46058506425488743,0.5886756181716919
26,1,20,0.03183450177311897,0.4610990285873413,0.05081526203590511,0.43587280877628964,0.5008134245872498
26,1,21,0.19681178033351898,0.4243747889995575,0.19168874847188447,0.45258015571498467,0.593416154384613
26,1,22,0.0874432772397995,0.4308912456035614,0.09912723007836716,0.41708458583012037,0.5157063603401184
26,1,23,0.6516652703285217,0.5775260925292969,0.615712094625686,0.5844702583778658,0.9708783626556396
26,1,24,0.5311626195907593,0.5814192891120911,0.4404990857714341,0.5967786422715117,0.959373950958252
26,1,25,0.784124493598938,0.7982239723205566,0.78070179621605,0.8454489916594715,0.732615053653717
26,1,26,0.5459603667259216,0.7885628342628479,0.46699050856519114,0.8507464069596029,0.6423355937004089
26,1,27,0.8263269066810608,1.0232725143432617,0.8356847545699049,1.1212458473834954,0.5441763997077942
26,1,28,0.6282284259796143,1.029025673866272,0.6612926257278761,1.1170105385542113,0.5019710659980774
26,1,29,0.8428892493247986,1.0480046272277832,0.8646801114984816,1.1516116183812193,0.521845817565918
26,1,30,0.6769100427627563,1.0548832416534424,0.7249318476688372,1.1478928732191562,0.4474346935749054
26,1,31,0.8021373748779297,1.1198549270629883,0.8072585299730309,1.2388629761681171,0.4845629334449768
26,1,32,0.562957763671875,1.1246675252914429,0.6309399315803941,1.2363789285029874,0.4384356141090393
26,2,0,0.7825124859809875,0.11625464260578156,0.7367333840161856,0.09975470842525197,0.9455710649490356
26,2,1,0.8319453597068787,0.10286608338356018,0.7845850090660353,0.08822957793343185,0.9359723329544067
26,2,2,0.8467110991477966,0.10492493212223053,0.801633859786699,0.09027138771185474,0.9441496133804321
26,2,3,0.8593462109565735,0.1066344827413559,0.8173882265410467,0.09205829806702674,0.9438194036483765
26,2,4,0.7770139575004578,0.09335192292928696,0.7282455834097668,0.08112316454322198,0.9428562521934509
26,2,5,0.7536262273788452,0.08888673782348633,0.7048531646313924,0.07845859634406781,0.9423760771751404
26,2,6,0.7305622696876526,0.08453689515590668,0.6801791285568152,0.07591106903209442,0.9365189671516418
26,2,7,0.8470514416694641,0.10979461669921875,0.8055966725714674,0.09962095368629695,0.9451688528060913
26,2,8,0.6775035262107849,0.08466796576976776,0.6235974805185355,0.08282021400455199,0.9441646337509155
26,2,9,0.7808059453964233,0.13593414425849915,0.7433527658402098,0.12126658551334098,0.9553185701370239
26,2,10,0.7205078601837158,0.12629154324531555,0.6770092385132855,0.11347210544818084,0.9533715844154358
26,2,11,0.9080547094345093,0.21275867521762848,0.891269581201074,0.20158760867578177,0.9910250306129456
26,2,12,0.4107067286968231,0.18595319986343384,0.3106260058530107,0.18336662500820947,0.987338662147522
26,2,13,0.9530903100967407,0.34193578362464905,0.9682887357050012,0.3386935133684568,0.6381332278251648
26,2,14,0.2420654445886612,0.3303077220916748,0.20848925248534156,0.34498988419311066,0.591328501701355
26,2,15,0.9857553839683533,0.4069878160953522,0.9722762331329842,0.4011638801769496,0.5753772258758545
26,2,16,0.022150836884975433,0.4465724229812622,0.1467042544307558,0.4651891038030618,0.5536494851112366
26,2,17,1.00776207447052,0.42753249406814575,0.9736443453554671,0.422429143823035,0.5532407164573669
26,2,18,-0.10068679600954056,0.4886819124221802,0.10543444185243635,0.5065679913058303,0.5258769989013672
26,2,19,1.0301198959350586,0.4154832363128662,0.9895117631118716,0.40806812898217615,0.5640137195587158
26,2,20,-0.0789809450507164,0.4898729920387268,0.11626807052566814,0.5036990171426565,0.5394003987312317
26,2,21,1.0025441646575928,0.4086321294307709,0.967813082933967,0.40169034480962834,0.5703204274177551
26,2,22,-0.022239314392209053,0.4788985848426819,0.17054708900010068,0.48769423679324764,0.552954375743866
26,2,23,0.8486034870147705,0.46313294768333435,0.7969373303352961,0.46123570954403453,0.9715589880943298
26,2,24,0.5850210785865784,0.46806296706199646,0.44382671839399845,0.4588632195550271,0.9628901481628418
26,2,25,0.8074435591697693,0.6972066760063171,0.7380633627080844,0.6892185806520381,0.7465956807136536
26,2,26,0.7197772264480591,0.7007134556770325,0.47045815783467554,0.6839249834520799,0.6732571721076965
26,2,27,0.6898530125617981,0.8603474497795105,0.6345228333638308,0.90187717638205,0.5739343166351318
26,2,28,0.7969810962677002,0.9071719646453857,0.5112519772241165,0.9121683136328705,0.5461053252220154
26,2,29,0.5980188846588135,0.8751892447471619,0.571453943386004,0.9212373390216669,0.5479322075843811
26,2,30,0.7862632870674133,0.9255312085151672,0.5208803930498976,0.9296859842581509,0.47548550367355347
26,2,31,0.7985036373138428,0.9378137588500977,0.6701692438879425,0.9746579910511883,0.5156705975532532
26,2,32,0.8522652983665466,0.9860385060310364,0.5550358330085422,0.9896990517461004,0.48084139823913574
27,1,0,0.3411637246608734,0.10461118072271347,0.25913349278465064,0.1457610663107717,0.9509555697441101
27,1,1,0.33367931842803955,0.08532894402742386,0.2732710560444286,0.12098484235534754,0.9423131942749023
27,1,2,0.34679993987083435,0.08719674497842789,0.28905124448443487,0.11913864719387385,0.9496708512306213
27,1,3,0.3593009114265442,0.08867722004652023,0.30328805365687916,0.11692121631590409,0.949379026889801
27,1,4,0.29762154817581177,0.07950834184885025,0.24604051198560006,0.1220660357455972,0.9484637379646301
27,1,5,0.287834107875824,0.07720289379358292,0.23762767164619697,0.12147173068380207,0.9479978680610657
27,1,6,0.2811061441898346,0.0755806714296341,0.23326064230285856,0.12051755675293653,0.9427199363708496
27,1,7,0.37749364972114563,0.09105303883552551,0.35220457738265326,0.11094914397459965,0.9506087303161621
27,1,8,0.3028109073638916,0.08153054118156433,0.2528567030767404,0.1178287032947567,0.9496406316757202
27,1,9,0.36057180166244507,0.12654843926429749,0.3123367188091013,0.1615927141563611,0.9597489833831787
27,1,10,0.33698487281799316,0.12406198680400848,0.27814229023628806,0.16437493898372146,0.9579663276672363
27,1,11,0.4936870038509369,0.16767583787441254,0.5484007176664654,0.195570336460873,0.9919052124023438
27,1,12,0.3414618670940399,0.1518123745918274,0.31011816086761085,0.20335716472795248,0.9884308576583862
27,1,13,0.4774639904499054,0.3470228910446167,0.6144498012882115,0.3911435363952123,0.6736053824424744
27,1,14,0.3204929232597351,0.27315109968185425,0.2993668826183559,0.3598492915363411,0.5538424253463745
27,1,15,0.39832499623298645,0.365982323884964,0.30239877074299487,0.4451255675190083,0.6167151927947998
27,1,16,0.10272793471813202,0.33025848865509033,0.14100832943398178,0.39976848981741386,0.5241252183914185
27,1,17,0.33882051706314087,0.3736517131328583,0.2095312963300113,0.46916590901012334,0.5956617593765259
27,1,18,0.03487454727292061,0.3397463858127594,0.08481357401634892,0.4312368857185958,0.5002589821815491
27,1,19,0.33315956592559814,0.35492652654647827,0.1901036046609575,0.4422300155597518,0.6053292751312256
27,1,20,0.05538616329431534,0.3860863447189331,0.05160691571328037,0.4272382608389671,0.5133874416351318
27,1,21,0.3507435619831085,0.3622687757015228,0.2193637396203052,0.43689843014264046,0.6105808019638062
27,1,22,0.05868430808186531,0.349548876285553,0.09211518363778,0.4053655242331695,0.5285924673080444
27,1,23,0.41282880306243896,0.39501893520355225,0.580364033697838,0.551476292626741,0.969769299030304
27,1,24,0.6445533633232117,0.3794926404953003,0.47605017648390757,0.5589057645298692,0.9603674411773682
27,1,25,0.39823660254478455,0.7468051314353943,0.7137100233665151,0.8283162080193698,0.7398496270179749
27,1,26,0.7137417793273926,0.7201817035675049,0.510035747321051,0.8280479371093951,0.6241981983184814
27,1,27,0.5320823788642883,0.9810335636138916,0.7826299301726181,1.0968632209303935,0.5369031429290771
27,1,28,0.9389353394508362,1.0089895725250244,0.7097727897529211,1.0982440188922487,0.5011770725250244
27,1,29,0.35374343395233154,1.0103833675384521,0.7748443063220327,1.1270516268554756,0.5470832586288452
27,1,30,0.9956647753715515,1.0410833358764648,0.7721958446742377,1.1293374893109964,0.4617239236831665
27,1,31,0.5861530303955078,1.0488642454147339,0.7687150756521905,1.205773585907065,0.47939610481262207
27,1,32,0.8720256090164185,1.0776011943817139,0.672991545661795,1.2087526947759306,0.44071874022483826
27,2,0,0.7912599444389343,0.08479443192481995,0.7461912910906336,0.09716286138374569,0.9557599425315857
27,2,1,0.8294004797935486,0.07132658362388611,0.7923562182492603,0.0853009868903177,0.9478951096534729
27,2,2,0.8454246520996094,0.074974924325943,0.8092271519718015,0.08762127010659089,0.9544321298599243
27,2,3,0.8604558110237122,0.07841340452432632,0.824855950958876,0.08969443283798756,0.9540930390357971
27,2,4,0.77354896068573,0.061186112463474274,0.7361015143703245,0.07766858149718414,0.9535098075866699
27,2,5,0.75252366065979,0.0581657811999321,0.7131201587545206,0.07494233099002165,0.95310378074646
27,2,6,0.7319583296775818,0.05553042143583298,0.6891597603543882,0.07237957501909312,0.9483776688575745
27,2,7,0.8436806797981262,0.08959011733531952,0.8121992783491218,0.09788338274886824,0.9549434781074524
27,2,8,0.671277642250061,0.0608617439866066,0.6318661553115767,0.07901513962140315,0.9546014666557312
27,2,9,0.7852221727371216,0.10902789235115051,0.7506124643720749,0.11914642248241034,0.9636858701705933
27,2,10,0.723347544670105,0.10017038136720657,0.685044875064122,0.11116771517087379,0.9621460437774658
27,2,11,0.8791676759719849,0.19054333865642548,0.8891731348043653,0.19967442942514108,0.991327702999115
27,2,12,0.35494527220726013,0.17420201003551483,0.3183110599621859,0.18177914471978707,0.9895778894424438
27,2,13,0.9046213030815125,0.3385007977485657,0.9572423648028706,0.33866014049613763,0.631870687007904
27,2,14,0.2094080150127411,0.3222518265247345,0.20864836025247885,0.3410496322570341,0.5945135354995728
27,2,15,0.9495790004730225,0.41662782430648804,0.9683430689603045,0.4038430333359025,0.5682759284973145
27,2,16,0.021753083914518356,0.44404807686805725,0.12498471831173896,0.4615257936854538,0.5631534457206726
27,2,17,0.9518920183181763,0.4372830092906952,0.9698750282293644,0.42500255287375216,0.5504027605056763
27,2,18,-0.047962889075279236,0.4756697118282318,0.07874715442965749,0.5012123894429068,0.5358783602714539
27,2,19,0.9744547605514526,0.4275977611541748,0.9869031671468479,0.41145208248621434,0.5596747994422913
27,2,20,-0.02702723629772663,0.4802018404006958,0.09134588612626392,0.4996271578567246,0.5489172339439392
27,2,21,0.9491370320320129,0.4200242757797241,0.9645771422389421,0.4048670021601659,0.5652338266372681
27,2,22,0.011811885982751846,0.4692402184009552,0.14292706078946937,0.484496795027158,0.5619669556617737
27,2,23,0.7708134055137634,0.4529639482498169,0.7924098966380662,0.45980292626450026,0.9709672331809998
27,2,24,0.5173088908195496,0.45868510007858276,0.45657986398126005,0.458832374286847,0.9637999534606934
27,2,25,0.7662038803100586,0.6922361850738525,0.7429406531700767,0.6897411878129172,0.7567936182022095
27,2,26,0.660760223865509,0.6930482983589172,0.5036019715648622,0.6855052969945841,0.6558976769447327
27,2,27,0.6507098078727722,0.8428474068641663,0.6373273137973505,0.8916368079473171,0.5555416941642761
27,2,28,0.6690467000007629,0.8767450451850891,0.538707865521115,0.9060275078024796,0.5440619587898254
27,2,29,0.5665416717529297,0.838188886642456,0.5706031583818085,0.9068198839679525,0.5475142002105713
27,2,30,0.637308657169342,0.8885576128959656,0.5411135506952092,0.9225549477928157,0.48619285225868225
27,2,31,0.6814759373664856,0.8978703022003174,0.6721279013181535,0.9613299291653521,0.5005034804344177
27,2,32,0.7424569129943848,0.9587677121162415,0.5876757366887958,0.9843376691040702,0.4835479259490967
28,1,0,0.26714375615119934,0.13194815814495087,0.2605209724045029,0.14336808139700782,0.9601532816886902
28,1,1,0.277448832988739,0.10944846272468567,0.2739946163843328,0.11898638620424273,0.9530689120292664
28,1,2,0.29312407970428467,0.10648204386234283,0.28975662734306445,0.11694606014586346,0.9589525461196899
28,1,3,0.3095877766609192,0.10365801304578781,0.3043791886913244,0.11462350219090955,0.9586510062217712
28,1,4,0.2501654028892517,0.1131061390042305,0.24675491176770503,0.12051402569053625,0.9580935835838318
28,1,5,0.24623951315879822,0.11291233450174332,0.23911937816585507,0.11998911210488697,0.9577088356018066
28,1,6,0.2440180629491806,0.11260460317134857,0.23512411727538363,0.1191469385317077,0.9534393548965454
28,1,7,0.3744952380657196,0.09807273000478745,0.3560672548889363,0.10871846325230106,0.9594253897666931
28,1,8,0.3098233938217163,0.10868681222200394,0.26273854661011664,0.11624516017841172,0.9590294361114502
28,1,9,0.33104994893074036,0.14659211039543152,0.315579128290612,0.15899387785522817,0.9672993421554565
28,1,10,0.29998552799224854,0.14967899024486542,0.2819273881738742,0.16182890688638363,0.9658834338188171
28,1,11,0.5235684514045715,0.19180548191070557,0.5440972639545302,0.19491830019289413,0.9921857118606567
28,1,12,0.4021623730659485,0.193397656083107,0.32610127622667706,0.20163195351468965,0.9904540777206421
28,1,13,0.633602499961853,0.39086973667144775,0.6177683531782927,0.3910961219217226,0.6682402491569519
28,1,14,0.35541999340057373,0.3636312782764435,0.30908998984061153,0.36050429430769954,0.5723439455032349
28,1,15,0.3116230368614197,0.43376895785331726,0.3039965779656174,0.4431582617685205,0.6108998656272888
28,1,16,0.14411936700344086,0.41564488410949707,0.14154712051046284,0.40251910835211246,0.5519972443580627
28,1,17,0.21303749084472656,0.46500101685523987,0.21013852746282888,0.46844458025938207,0.5940492153167725
28,1,18,0.06731753051280975,0.4432021975517273,0.08178217800471582,0.4333096509612654,0.5275554060935974
28,1,19,0.1953258365392685,0.42693760991096497,0.19100808137024883,0.4395805972796758,0.6023924350738525
28,1,20,0.04990413039922714,0.4231756329536438,0.05131202763714563,0.4265346405088947,0.5410526394844055
28,1,21,0.22647757828235626,0.41470178961753845,0.2205959075954944,0.4330520531157137,0.6070587038993835
28,1,22,0.08739185333251953,0.4110218286514282,0.09129712455965629,0.40634518845353484,0.555858314037323
28,1,23,0.6143145561218262,0.5594967603683472,0.5862491547068283,0.5528655341742281,0.971076488494873
28,1,24,0.5905918478965759,0.5579532980918884,0.4959530593565494,0.5587408200063574,0.9630203247070312
28,1,25,0.7606658935546875,0.8114463686943054,0.7218526805294125,0.8253933709961564,0.7377015352249146
28,1,26,0.6801095604896545,0.8202188014984131,0.5396374845496891,0.8266918474687994,0.6162386536598206
28,1,27,0.8192168474197388,1.040231704711914,0.7889725150384371,1.0870396811503444,0.5216977596282959
28,1,28,0.8164635300636292,1.0574430227279663,0.7283079214615032,1.0911698851120564,0.5033299922943115
28,1,29,0.8528375029563904,1.0652250051498413,0.7883813510181463,1.1163252707022688,0.5417242050170898
28,1,30,0.8645002841949463,1.0876895189285278,0.7882247861656564,1.1221163229915683,0.4696711599826813
28,1,31,0.7886701822280884,1.1362500190734863,0.7721727435701042,1.1937090880831853,0.47029322385787964
28,1,32,0.7633377313613892,1.1499398946762085,0.6886796195255311,1.198550167390384,0.4466531574726105
28,2,0,0.8112577795982361,0.10235830396413803,0.7574809696377216,0.09806270044534994,0.9640887379646301
28,2,1,0.8523343205451965,0.08975810557603836,0.8027614268523217,0.0860729327812535,0.957625687122345
28,2,2,0.8654982447624207,0.09276815503835678,0.8189881707504266,0.08851269782166543,0.9629111886024475
28,2,3,0.8775827884674072,0.09537437558174133,0.8340011939518691,0.09067820061875087,0.962566077709198
28,2,4,0.7974961996078491,0.08026205003261566,0.7467529309465063,0.07811772930795997,0.9621999263763428
28,2,5,0.7734427452087402,0.07689952105283737,0.7235852404490066,0.07528127892424306,0.9618664383888245
28,2,6,0.749609649181366,0.07366524636745453,0.6996469687973486,0.07260222424059441,0.95802903175354
28,2,7,0.8535840511322021,0.10467395931482315,0.8193748449324761,0.0990595519034578,0.9631068706512451
28,2,8,0.6945246458053589,0.07517808675765991,0.6427372457577997,0.07835059770362734,0.9630693793296814
28,2,9,0.7999464273452759,0.12482661008834839,0.7591683506725814,0.12013023268108582,0.9704592823982239
28,2,10,0.7352725267410278,0.11224678158760071,0.6937559878100921,0.11135458394131134,0.9692670702934265
28,2,11,0.8818151950836182,0.20085321366786957,0.8878986790903629,0.1998785675732306,0.9925153851509094
28,2,12,0.36034685373306274,0.18141204118728638,0.32559965286506093,0.18171557243399447,0.9913986325263977
28,2,13,0.8811514973640442,0.3367270231246948,0.9440355749331679,0.33832536190804907,0.6583191752433777
28,2,14,0.2189146876335144,0.33488035202026367,0.2104267418957961,0.3399810965566996,0.6131814122200012
28,2,15,0.8807869553565979,0.27967214584350586,0.9531410622297485,0.3822600903178755,0.6095407605171204
28,2,16,0.030879957601428032,0.4542197287082672,0.10864214312965047,0.46026032589534766,0.5905539393424988
28,2,17,0.8601815104484558,0.2667742967605591,0.9508167627496917,0.39747187073342344,0.5890045762062073
28,2,18,-0.051398638635873795,0.49355441331863403,0.056120836715068456,0.4998859560050908,0.5620061159133911
28,2,19,0.9038450717926025,0.2466806173324585,0.972484108953929,0.382777321541777,0.597017228603363
28,2,20,-0.03100557066500187,0.4940260350704193,0.07007966685580745,0.4986570514806011,0.5753005743026733
28,2,21,0.883994460105896,0.2528401017189026,0.9505888586589117,0.37842021676639115,0.6001825332641602
28,2,22,0.01933116465806961,0.48267337679862976,0.12144387442306935,0.48418101725027973,0.5891779661178589
28,2,23,0.7906950116157532,0.46433669328689575,0.7921129144041328,0.46058814890178,0.9718172550201416
28,2,24,0.5067259669303894,0.47095787525177,0.4652768439507375,0.46093292011134573,0.9661480188369751
28,2,25,0.7887545228004456,0.6943719983100891,0.750885273637886,0.6905432190114535,0.7570194005966187
28,2,26,0.6608277559280396,0.6988162398338318,0.5309581117167719,0.6878112719946168,0.6509036421775818
28,2,27,0.6512368321418762,0.8537155985832214,0.6397370469512897,0.8850624733249552,0.5500375628471375
28,2,28,0.6696502566337585,0.9009777307510376,0.5614731936845084,0.9051529012517044,0.545814037322998
28,2,29,0.5682228207588196,0.8619435429573059,0.5701909250011361,0.8990381236423851,0.552954375743866
28,2,30,0.6593281030654907,0.9167889356613159,0.5616581590189799,0.9215562698001212,0.4908297657966614
28,2,31,0.6648229360580444,0.9432341456413269,0.6708626193156478,0.9581945624650121,0.49940311908721924
28,2,32,0.7291434407234192,0.9789010882377625,0.6122789081739676,0.983396058517696,0.48544687032699585
29,1,0,0.25028061866760254,0.14470860362052917,0.2587470996110801,0.14360022992203797,0.9676114916801453
29,1,1,0.25494274497032166,0.1233457624912262,0.27069350344599735,0.1197414014505969,0.9617905616760254
29,1,2,0.26816657185554504,0.12021280825138092,0.286015438106798,0.11751182083699219,0.9665440917015076
29,1,3,0.2820303738117218,0.11699624359607697,0.30050643044816666,0.11503442086304261,0.966242253780365
29,1,4,0.23522108793258667,0.12618905305862427,0.24475690057023555,0.1214969417830308,0.9658533334732056
29,1,5,0.23365658521652222,0.12534670531749725,0.23817322783928752,0.12091703965217256,0.9655159115791321
29,1,6,0.23301976919174194,0.12424297630786896,0.23475968310516268,0.12002955808925649,0.9620591402053833
29,1,7,0.35403305292129517,0.10773434489965439,0.35571496922133927,0.10854803774733252,0.9667415022850037
29,1,8,0.2916910648345947,0.115376777946949,0.267756636924894,0.1160947778647417,0.9666232466697693
29,1,9,0.31474217772483826,0.15549200773239136,0.31543418942204016,0.15838739272779306,0.9733644723892212
29,1,10,0.2880629897117615,0.15825650095939636,0.2829900918897299,0.16121020438433115,0.9722508192062378
29,1,11,0.5053291320800781,0.20155788958072662,0.5373759056723109,0.19606831235114558,0.9932435750961304
29,1,12,0.44962385296821594,0.18914197385311127,0.34757081069303414,0.1994682430360763,0.9920787811279297
29,1,13,0.616844117641449,0.4070405066013336,0.6176082964290959,0.39385854666632686,0.6913326978683472
29,1,14,0.3967098593711853,0.36817482113838196,0.32430314030793017,0.36183290951502917,0.5696373581886292
29,1,15,0.26917022466659546,0.43814489245414734,0.29795933255029605,0.44228996139112625,0.6475261449813843
29,1,16,0.15517587959766388,0.42430227994918823,0.14390818984845458,0.4062937632280919,0.5484285950660706
29,1,17,0.17583517730236053,0.4648613929748535,0.20419204073664565,0.4678240095313245,0.6281237602233887
29,1,18,0.08800335973501205,0.4468625485897064,0.08285970603595119,0.43565755193626815,0.5235240459442139
29,1,19,0.16328714787960052,0.42653951048851013,0.18620361389892529,0.4373213746452063,0.6352577209472656
29,1,20,0.06309738010168076,0.4243863523006439,0.053353626359332856,0.4261625931527473,0.5359394550323486
29,1,21,0.19545340538024902,0.4176986813545227,0.21623865947643933,0.43039206903121696,0.6374329328536987
29,1,22,0.09172818809747696,0.4171358048915863,0.09137177307919142,0.40821439984394575,0.550756573677063
29,1,23,0.5791633129119873,0.5464436411857605,0.58502181317903,0.551753233269977,0.9703750610351562
29,1,24,0.6544858813285828,0.5465976595878601,0.5235363534890625,0.5566372071536051,0.9651737809181213
29,1,25,0.6769589185714722,0.7953572869300842,0.7140677471357797,0.8201873139627127,0.7352896928787231
29,1,26,0.7723138928413391,0.7957825064659119,0.5802113046531316,0.8213343022882709,0.6089222431182861
29,1,27,0.6762498021125793,1.028347373008728,0.7693857075266575,1.076858020072528,0.5155057311058044
29,1,28,1.0726423263549805,1.0672838687896729,0.7885532000101029,1.087030588955549,0.5065428018569946
29,1,29,0.7075998187065125,1.0592398643493652,0.7743577629847792,1.1064228585583815,0.5528672933578491
29,1,30,1.1325469017028809,1.0977996587753296,0.8484679083158436,1.1179023440086542,0.48337578773498535
29,1,31,0.6441958546638489,1.1005779504776,0.7499254430947635,1.1775364707452787,0.46621283888816833
29,1,32,1.0158627033233643,1.1468369960784912,0.7458953181082174,1.1895811308789408,0.4476849138736725
29,2,0,0.820334255695343,0.08883053064346313,0.7683859137320693,0.09646351516638031,0.9707751274108887
29,2,1,0.8527838587760925,0.07725591957569122,0.8114369001192248,0.08454567950480368,0.9654107093811035
29,2,2,0.8658443093299866,0.07976134866476059,0.8271137361867331,0.08699682166397307,0.9696540236473083
29,2,3,0.8778338432312012,0.08226065337657928,0.8416017489129226,0.08922015902923416,0.9693210124969482
29,2,4,0.8005055785179138,0.0696679949760437,0.7560763865781938,0.07665411092536668,0.9691418409347534
29,2,5,0.7780164480209351,0.06687750667333603,0.7330265857525716,0.07382562384322074,0.9688395261764526
29,2,6,0.7545106410980225,0.06438504904508591,0.7091634518101464,0.07117889843992334,0.9657551050186157
29,2,7,0.857980489730835,0.092255599796772,0.8260679880403613,0.09788106561694472,0.9694302678108215
29,2,8,0.6988945603370667,0.06956811249256134,0.6524784987911629,0.0768293267165047,0.9698566198348999
29,2,9,0.8176055550575256,0.11050816625356674,0.769305761062385,0.11846349051172016,0.975835382938385
29,2,10,0.754051148891449,0.09975589066743851,0.7042162930587754,0.10934532944016641,0.9749727249145508
29,2,11,0.9115371704101562,0.18721412122249603,0.8919950983508697,0.19768462119536118,0.9933226108551025
29,2,12,0.4136998951435089,0.17507778108119965,0.340896476567064,0.1805658719007538,0.9928516149520874
29,2,13,0.9065212607383728,0.3106013238430023,0.9375318838734312,0.33352037112248367,0.6874274015426636
29,2,14,0.2929459512233734,0.33246108889579773,0.22475212797954036,0.33867855814485587,0.6099210381507874
29,2,15,0.9050969481468201,0.22283564507961273,0.9448092228971635,0.3545202114769603,0.6487205028533936
29,2,16,0.13949398696422577,0.46588101983070374,0.11398964493454905,0.4612338342344952,0.5840917825698853
29,2,17,0.8509154319763184,0.16084177792072296,0.9334648485685907,0.3562032473229988,0.6222470998764038
29,2,18,0.07663846015930176,0.5047932863235474,0.05967597209067553,0.5007358921539363,0.5536531209945679
29,2,19,0.9214933514595032,0.1831285059452057,0.9636404968827649,0.347996611990227,0.6287368535995483
29,2,20,0.08715467900037766,0.5085717439651489,0.07303799579856153,0.500374508606174,0.5660938620567322
29,2,21,0.9055659174919128,0.19246625900268555,0.9427816770907289,0.34603853180627137,0.6294298768043518
29,2,22,0.12610232830047607,0.49534112215042114,0.12225067715805114,0.48611428015616326,0.5797641277313232
29,2,23,0.8387455344200134,0.4525396227836609,0.8001996598873021,0.4591940424369479,0.9723688960075378
29,2,24,0.5221213102340698,0.46495452523231506,0.4751375145676962,0.4616294282043804,0.9684121012687683
29,2,25,0.8307040929794312,0.7005292177200317,0.7647408241011197,0.6922730185867676,0.7553678750991821
29,2,26,0.6584752798080444,0.6954679489135742,0.5531254733508805,0.6891374833182284,0.6451573371887207
29,2,27,0.7562645077705383,0.8264365792274475,0.6599868747283221,0.874892285934316,0.5346604585647583
29,2,28,0.6714855432510376,0.9020289182662964,0.5805876487108224,0.9046118679247445,0.5467016100883484
29,2,29,0.7016957998275757,0.8229188323020935,0.5930537320291615,0.8858263192691752,0.5533670783042908
29,2,30,0.6604896783828735,0.9183804988861084,0.5788241635534428,0.9210062665605526,0.49213284254074097
29,2,31,0.7823670506477356,0.905239462852478,0.6902366400270327,0.9490096877869505,0.48479658365249634
29,2,32,0.7588670253753662,0.9822881817817688,0.6377763927577454,0.9832042003021906,0.48193272948265076
30,1,0,0.24394458532333374,0.1428195983171463,0.2561825998407032,0.14346504419796952,0.9736512899398804
30,1,1,0.24995173513889313,0.12056958675384521,0.26709939924567155,0.11988482246207798,0.9688159823417664
30,1,2,0.26292693614959717,0.11746206879615784,0.28201441265445215,0.11750320522747638,0.972631573677063
30,1,3,0.27680811285972595,0.11420882493257523,0.2963996537322323,0.1148914482789215,0.9723376035690308
30,1,4,0.23011529445648193,0.12367848306894302,0.24222028900537754,0.12187474558555157,0.972140908241272
30,1,5,0.22881630063056946,0.12303362786769867,0.23655242735132254,0.12128359402624167,0.9718450307846069
30,1,6,0.228516086935997,0.12225687503814697,0.23367827297209043,0.12041528993216931,0.9690686464309692
30,1,7,0.3454098701477051,0.10595856606960297,0.35392987528683834,0.10809958220557478,0.9724452495574951
30,1,8,0.2891683578491211,0.11578162759542465,0.2714669061601815,0.11604054889328526,0.9727899432182312
30,1,9,0.30939558148384094,0.15436895191669464,0.3143882901360455,0.15769143244932537,0.9782180786132812
30,1,10,0.2845897674560547,0.15771247446537018,0.2832671224369934,0.16060443631804447,0.9774225354194641
30,1,11,0.4913693964481354,0.19927218556404114,0.5293978771757629,0.19662318289246725,0.9939706325531006
30,1,12,0.472594678401947,0.1874110847711563,0.3693023729615647,0.19737953971214256,0.9934407472610474
30,1,13,0.6219178438186646,0.4106597900390625,0.6183546737356922,0.3967695003648034,0.7173764705657959
30,1,14,0.4161130487918854,0.3735099136829376,0.34024581306970975,0.36385573242346947,0.5718210935592651
30,1,15,0.29151856899261475,0.4396865963935852,0.2968437605920598,0.44183909919254516,0.6821574568748474
30,1,16,0.16781987249851227,0.42406797409057617,0.1480519703437783,0.40937336561873694,0.5482996106147766
30,1,17,0.20232045650482178,0.4667753577232361,0.2038679177174694,0.46764240783397626,0.6571539640426636
30,1,18,0.0874515101313591,0.4650721251964569,0.08365498184197193,0.4407557626155348,0.5215139389038086
30,1,19,0.1840313822031021,0.4264082610607147,0.1858274215236035,0.43543092085593277,0.6629219055175781
30,1,20,0.08378642052412033,0.4235500693321228,0.0586285117214969,0.42571014225845905,0.5333179831504822
30,1,21,0.21377065777778625,0.4186825454235077,0.21581124112379305,0.42836360695544046,0.6629270315170288
30,1,22,0.10811655223369598,0.41795504093170166,0.09427293735090776,0.40990167750626094,0.5478963851928711
30,1,23,0.595427393913269,0.5563783049583435,0.5868242948026778,0.5525542702410648,0.9712448716163635
30,1,24,0.6961851716041565,0.5651180744171143,0.5535886138470802,0.5581062164447516,0.9675419926643372
30,1,25,0.6755537390708923,0.8092374205589294,0.7073904134259953,0.8182904914917617,0.7386423945426941
30,1,26,0.7902969121932983,0.7956231236457825,0.6168214956050805,0.8168784514155937,0.6072491407394409
30,1,27,0.7151535749435425,1.0307977199554443,0.759978795290547,1.0688707147432621,0.5029424428939819
30,1,28,1.0719435214996338,1.0649797916412354,0.8380468532477293,1.0832095297634692,0.5120112895965576
30,1,29,0.758940577507019,1.058704137802124,0.7716866180237695,1.0981475650112684,0.5560541749000549
30,1,30,1.1325159072875977,1.0942928791046143,0.8980774037658982,1.113811000668368,0.4933444559574127
30,1,31,0.6813950538635254,1.1042460203170776,0.7380334063377497,1.164816805252404,0.45475998520851135
30,1,32,1.0178501605987549,1.1435914039611816,0.7933757955231632,1.181606110395319,0.44805580377578735
30,2,0,0.7698476910591125,0.08639582991600037,0.7686390626851475,0.09471955909775201,0.9762412905693054
30,2,1,0.820970356464386,0.07379211485385895,0.8130882938545108,0.08268287487609191,0.9718319773674011
30,2,2,0.8402648568153381,0.0764884278178215,0.8293920324414116,0.08517650060254668,0.9752495288848877
30,2,3,0.8564316034317017,0.0789891853928566,0.8441709975004473,0.08744790899486166,0.9749596118927002
30,2,4,0.7569059133529663,0.06564389169216156,0.7562200403750965,0.07474683208126041,0.9748581647872925
30,2,5,0.730101466178894,0.0632428303360939,0.7325199978094062,0.07199241065625309,0.9745931029319763
30,2,6,0.7027170658111572,0.06121860444545746,0.7080469139456379,0.0694535505133391,0.9721015691757202
30,2,7,0.8474202156066895,0.08842991292476654,0.8297679510438263,0.09624393765281099,0.974894106388092
30,2,8,0.6466197371482849,0.06621672958135605,0.6514637576542102,0.07499094910364666,0.9754263758659363
30,2,9,0.7798864841461182,0.1094428300857544,0.7711386197953105,0.1169009525929689,0.9803017377853394
30,2,10,0.7009491920471191,0.09998628497123718,0.7036504727394751,0.10772416088035341,0.9796414375305176
30,2,11,0.9046984910964966,0.18639005720615387,0.8941958013546676,0.195728069166908,0.9941930770874023
30,2,12,0.374644935131073,0.17889881134033203,0.34674667335541537,0.18027717134777452,0.9940701723098755
30,2,13,0.9115661978721619,0.3363245129585266,0.9330318853944154,0.3340060074603467,0.7003894448280334
30,2,14,0.28255027532577515,0.3502221405506134,0.2347784951789173,0.34067826388007577,0.6131801605224609
30,2,15,0.8957430124282837,0.4114091396331787,0.9362998652332443,0.3643885071248347,0.667302668094635
30,2,16,0.20305734872817993,0.4925236105918884,0.12945463623217043,0.4666574236922838,0.5869696736335754
30,2,17,0.8848556876182556,0.4468231201171875,0.9250348547126772,0.3719385230010543,0.6398534774780273
30,2,18,0.1533467173576355,0.5341590642929077,0.07594225637203711,0.5065296496875499,0.5577201843261719
30,2,19,0.8733227849006653,0.44405895471572876,0.9479576980383829,0.3646796767308433,0.6465122699737549
30,2,20,0.16443826258182526,0.5356658101081848,0.08890896155479022,0.5064924444760224,0.569303035736084
30,2,21,0.8554866909980774,0.4226611852645874,0.9276251200802856,0.3593377937137963,0.6465063095092773
30,2,22,0.20119841396808624,0.5203352570533752,0.13595429815014248,0.4920464758740333,0.5828312635421753
30,2,23,0.8098903894424438,0.4496447741985321,0.8018783037029525,0.4575399138618334,0.9731232523918152
30,2,24,0.49947240948677063,0.46372678875923157,0.4793547102175703,0.46199265238640036,0.9704687595367432
30,2,25,0.810560405254364,0.7081193327903748,0.7726864230867405,0.6950184407256947,0.7598830461502075
30,2,26,0.6043511629104614,0.7112328410148621,0.5620101179372627,0.6929662793341869,0.64369797706604
30,2,27,0.7164223790168762,0.8468031287193298,0.6697764632594501,0.8700239524427417,0.5411511659622192
30,2,28,0.6089535355567932,0.9152700901031494,0.5855041080819388,0.9064581510165637,0.5560802221298218
30,2,29,0.6573604345321655,0.8567774295806885,0.6042113405868229,0.8807914993434118,0.5782313346862793
30,2,30,0.6016771793365479,0.9320746660232544,0.58278444814681,0.9229236265623005,0.516706109046936
30,2,31,0.7772356867790222,0.9358821511268616,0.7053417614655811,0.9467354834866805,0.4939943253993988
30,2,32,0.6902181506156921,0.985239565372467,0.6468723911595756,0.9835566874867171,0.4921967387199402
31,1,0,0.2259548455476761,0.15313667058944702,0.25094328614102607,0.14514037358362725,0.9785295724868774
31,1,1,0.22975389659404755,0.12728866934776306,0.26062499473584205,0.12116723733568222,0.9745761752128601
31,1,2,0.24581950902938843,0.12263795733451843,0.27573969775667173,0.11839253123219336,0.9776532649993896
31,1,3,0.26269546151161194,0.11767299473285675,0.2905571624553988,0.11537317098284874,0.9774025678634644
31,1,4,0.2076902836561203,0.13321511447429657,0.2362344999091252,0.1238392347920165,0.9772272109985352
31,1,5,0.2064722627401352,0.1333969682455063,0.2313387162250376,0.12338203946739734,0.9769233465194702
31,1,6,0.20618554949760437,0.13319668173789978,0.2289134064439888,0.12262950299351935,0.9746571183204651
31,1,7,0.34569260478019714,0.1065405085682869,0.3525030681822749,0.10782958366806075,0.9773604869842529
31,1,8,0.27888667583465576,0.12410741299390793,0.2727520795350541,0.11743783230394594,0.9776439666748047
31,1,9,0.3051532208919525,0.160928875207901,0.31278860331688096,0.15825211737132322,0.9822109341621399
31,1,10,0.27372032403945923,0.16945861279964447,0.28161342320293575,0.16213812869889382,0.9815212488174438
31,1,11,0.5262793302536011,0.19233237206935883,0.5288577836420614,0.19588004430425282,0.9947611093521118
31,1,12,0.43916991353034973,0.20550063252449036,0.38142671174656273,0.1987862187550314,0.9940574169158936
31,1,13,0.6381205916404724,0.40893393754959106,0.6217795601820314,0.39887679560250466,0.7297697067260742
31,1,14,0.3860325515270233,0.39236754179000854,0.3481856672613231,0.3687973706590318,0.5685502886772156
31,1,15,0.26115885376930237,0.4499955177307129,0.2906575307306735,0.4432518976180629,0.699161171913147
31,1,16,0.19028979539871216,0.4475420117378235,0.15537561317293289,0.41599061459737446,0.5436350703239441
31,1,17,0.17844709753990173,0.49075084924697876,0.1994623983165016,0.4716468900331226,0.6727854013442993
31,1,18,0.12553320825099945,0.49610984325408936,0.09091619397058233,0.45035736212226674,0.5186108350753784
31,1,19,0.15629379451274872,0.44879406690597534,0.18070851133906712,0.43774595418060047,0.6787394881248474
31,1,20,0.09572471678256989,0.4788781404495239,0.06505964787741199,0.4349319511987193,0.5298762917518616
31,1,21,0.18734793365001678,0.43428149819374084,0.21087800236758114,0.42938859411444813,0.6781271696090698
31,1,22,0.1354077011346817,0.44134026765823364,0.10140508053331565,0.4153510391909042,0.5444316864013672
31,1,23,0.639735758304596,0.5505629181861877,0.5960014828380832,0.5522094052272168,0.9722601771354675
31,1,24,0.6320342421531677,0.5660616159439087,0.5672050017692366,0.5594841858453894,0.9655803442001343
31,1,25,0.7950195074081421,0.8233146071434021,0.7226049512310599,0.81916065365879,0.7248494029045105
31,1,26,0.7145563960075378,0.8237295746803284,0.6337961439349216,0.8180651127197754,0.5885125398635864
31,1,27,0.7871808409690857,1.088856816291809,0.7646931661004177,1.0723338128735678,0.49905112385749817
31,1,28,0.8782527446746826,1.1151254177093506,0.8450179944563426,1.0887417590648059,0.5046607255935669
31,1,29,0.8264601826667786,1.1173558235168457,0.7811871109987646,1.1014758075855575,0.5540556907653809
31,1,30,0.9397736191749573,1.1466153860092163,0.9053072714986324,1.1194973919960904,0.48258131742477417
31,1,31,0.7344663739204407,1.1953787803649902,0.7374156281828544,1.1701141200879985,0.45567333698272705
31,1,32,0.823694109916687,1.2138891220092773,0.7986310170133563,1.187202043280038,0.44717490673065186
31,2,0,0.7278348803520203,0.08750943839550018,0.76156432416206,0.09347070659152092,0.9805660247802734
31,2,1,0.7770563960075378,0.07326725125312805,0.8068418813174327,0.08105190292928852,0.9768021106719971
31,2,2,0.7945489287376404,0.0755406990647316,0.8233519219784574,0.08350737846536735,0.9795369505882263
31,2,3,0.8112751245498657,0.07771608233451843,0.8384687750227411,0.08576214844796874,0.979210376739502
31,2,4,0.7093503475189209,0.06798812747001648,0.7480921685679678,0.07357618442957653,0.9793104529380798
31,2,5,0.6811785101890564,0.06679605692625046,0.723615458825974,0.07109241368987473,0.9790619015693665
31,2,6,0.6519595384597778,0.06578917801380157,0.698317875861696,0.06881891853150224,0.977034866809845
31,2,7,0.8058245182037354,0.08697153627872467,0.8256186733394063,0.09463778158068303,0.9786514043807983
31,2,8,0.6018185615539551,0.07110631465911865,0.6428538588780753,0.07431816553902258,0.97968590259552
31,2,9,0.7404304146766663,0.11016802489757538,0.7658159593228134,0.11573477062096318,0.9837711453437805
31,2,10,0.6569991111755371,0.1027107685804367,0.6955605116425454,0.10685585723274965,0.9832861423492432
31,2,11,0.8744810223579407,0.18118421733379364,0.8907797645745265,0.19320839846587906,0.994667649269104
31,2,12,0.3078063428401947,0.18289056420326233,0.33999547751767234,0.18072977002339632,0.9946180582046509
31,2,13,0.9247201681137085,0.32975661754608154,0.9315921816214547,0.33327004370103425,0.7163909673690796
31,2,14,0.2608802616596222,0.36135029792785645,0.23930211821041686,0.3442602819493536,0.6101280450820923
31,2,15,0.8849514722824097,0.43915918469429016,0.9273941036618131,0.3773656517966405,0.668056845664978
31,2,16,0.23481029272079468,0.511871874332428,0.1477567252106817,0.4744979089417575,0.5781920552253723
31,2,17,0.8821606636047363,0.4841380715370178,0.9176007206071416,0.3914335553534199,0.6376127600669861
31,2,18,0.2206176519393921,0.5567983984947205,0.10110420197971981,0.5152479140433647,0.5474645495414734
31,2,19,0.8607268929481506,0.4786895513534546,0.9328122862354943,0.3844903717011848,0.6440122723579407
31,2,20,0.2222781628370285,0.5527021884918213,0.11209674033884952,0.5145057707997958,0.558834969997406
31,2,21,0.8358824253082275,0.4589093029499054,0.9116941837081445,0.3766321708122673,0.6445953845977783
31,2,22,0.2691955268383026,0.536386251449585,0.15911980999633296,0.4997350923308013,0.5732820630073547
31,2,23,0.7946211099624634,0.4735296070575714,0.8006212986689729,0.46031019143931706,0.9739075303077698
31,2,24,0.44173920154571533,0.4912641942501068,0.47283346770682383,0.4670660851411255,0.968641459941864
31,2,25,0.7888104915618896,0.7079950571060181,0.7754800117953368,0.6972664856144664,0.7468145489692688
31,2,26,0.5189131498336792,0.7251999378204346,0.5545374559434938,0.6985535968596356,0.626617968082428
31,2,27,0.7493411302566528,0.8860544562339783,0.6835877261974177,0.8728013009086754,0.5423282384872437
31,2,28,0.552302360534668,0.9347854256629944,0.5797489248603874,0.9113677823200902,0.5485762357711792
31,2,29,0.6933155655860901,0.9052872061729431,0.6196829646424735,0.8850365550457913,0.582121729850769
31,2,30,0.5516846179962158,0.952324628829956,0.5773939374264033,0.9280195183198829,0.505380392074585
31,2,31,0.8632428646087646,0.9769995212554932,0.7328154036370829,0.9519810927871547,0.4999065697193146
31,2,32,0.6608484983444214,1.0068697929382324,0.6492937292902271,0.9875966641178447,0.4907222092151642
32,1,0,0.23779723048210144,0.15789784491062164,0.24866587592620687,0.1473504413255143,0.9823483228683472
32,1,1,0.2316797524690628,0.13182641565799713,0.2556081656703838,0.12301368645429137,0.9789920449256897
32,1,2,0.24257560074329376,0.12752892076969147,0.26999092224419624,0.11997512101803208,0.9814668297767639
32,1,3,0.2543894648551941,0.12294665724039078,0.28428716690398204,0.11668497573342099,0.9811797142028809
32,1,4,0.21447189152240753,0.13711696863174438,0.23246338889444776,0.12613946724743536,0.981104850769043
32,1,5,0.21283991634845734,0.1369839310646057,0.22813348520585075,0.12573845189288355,0.9807928204536438
32,1,6,0.2116992175579071,0.1366576999425888,0.2259308714581819,0.12505980031741143,0.9788873195648193
32,1,7,0.3240644335746765,0.10951124876737595,0.3475741196032383,0.10812081356847499,0.980709969997406
32,1,8,0.2669026851654053,0.12658971548080444,0.2717389574795611,0.11902310654132017,0.9813585877418518
32,1,9,0.3049986660480499,0.16441750526428223,0.3114392988727891,0.15931998003947115,0.9852996468544006
32,1,10,0.27950406074523926,0.17045477032661438,0.28124812044477365,0.16357868772529024,0.9847463965415955
32,1,11,0.5200040936470032,0.19034673273563385,0.5273241712184299,0.1949216774142801,0.995184600353241
32,1,12,0.4389134347438812,0.19460941851139069,0.3913988834465527,0.19806282849244833,0.9946510791778564
32,1,13,0.6191592812538147,0.3930746912956238,0.621325766039356,0.397871865948517,0.7435469031333923
32,1,14,0.3418073058128357,0.35894775390625,0.347080912531482,0.3670911992753919,0.5677412748336792
32,1,15,0.2678297162055969,0.44253814220428467,0.28670169742027185,0.4431282933681879,0.6998028755187988
32,1,16,0.15564139187335968,0.4182879626750946,0.15542163864943506,0.4163884742518148,0.5439836382865906
32,1,17,0.18233881890773773,0.4617772400379181,0.19649556138713606,0.4699372474268109,0.6711792945861816
32,1,18,0.11430460959672928,0.43184950947761536,0.09496923174682778,0.4471505467808213,0.5181935429573059
32,1,19,0.16764038801193237,0.43060508370399475,0.17844460193857328,0.43650909813379374,0.6769759058952332
32,1,20,0.10280697792768478,0.42149126529693604,0.07160379553743736,0.43260346881938966,0.5295214056968689
32,1,21,0.19665054976940155,0.4239735007286072,0.2084131659789931,0.4284507053124649,0.6769418120384216
32,1,22,0.1256714016199112,0.4174480438232422,0.10561036276623441,0.4157142004522083,0.5456058979034424
32,1,23,0.6050474643707275,0.530315637588501,0.5975683944489361,0.5484155456613611,0.9733307361602783
32,1,24,0.6356676816940308,0.5421118140220642,0.5790850501857113,0.5564742241679274,0.9654296636581421
32,1,25,0.8187819719314575,0.7883360981941223,0.7393079534918756,0.8138178019353174,0.7104425430297852
32,1,26,0.750317394733429,0.8042210340499878,0.6540450037876109,0.8156667307565248,0.5814162492752075
32,1,27,0.8620505928993225,1.05118727684021,0.7816017130980901,1.068669533676351,0.5012028217315674
32,1,28,0.9591748118400574,1.0490777492523193,0.8648549950911749,1.0818649552854833,0.499421089887619
32,1,29,0.908959150314331,1.0844168663024902,0.8033978562574866,1.0985201935913491,0.5570037961006165
32,1,30,1.018147349357605,1.076632022857666,0.9249146943380995,1.1120648340826569,0.4755133390426636
32,1,31,0.8204596042633057,1.1473406553268433,0.7518321814211656,1.1661677313409944,0.4609261155128479
32,1,32,0.9445899724960327,1.1492648124694824,0.8240184279311736,1.1806249685516688,0.4465983510017395
32,2,0,0.7028184533119202,0.08770329505205154,0.7513733156654301,0.09247178655751291,0.9840829968452454
32,2,1,0.7513106465339661,0.07432617992162704,0.7972094644202045,0.07988696906883516,0.9810083508491516
32,2,2,0.7683531641960144,0.07621589303016663,0.8138120203448049,0.08224442983490612,0.9832319617271423
32,2,3,0.7838130593299866,0.07831985503435135,0.8289884725368246,0.08447307272963152,0.9829413890838623
32,2,4,0.6898065805435181,0.06888733059167862,0.7379811475950676,0.07276409771908843,0.9829348921775818
32,2,5,0.6626503467559814,0.06717996299266815,0.7130387604131903,0.07041481204626247,0.9826648235321045
32,2,6,0.6347789168357849,0.06568866968154907,0.687293795671168,0.06827680003446966,0.9809502959251404
32,2,7,0.7727027535438538,0.08787667751312256,0.8164406248859181,0.09346671829580937,0.9824331402778625
32,2,8,0.5784556865692139,0.0714811459183693,0.631680418248841,0.07382683487043316,0.9831686019897461
32,2,9,0.709577739238739,0.11011722683906555,0.7560606986139213,0.11476181220278138,0.9867044687271118
32,2,10,0.6360137462615967,0.10087315738201141,0.6852303144859708,0.10581964239942913,0.986244261264801
32,2,11,0.8380435109138489,0.17547890543937683,0.8816329331173792,0.19013653263232147,0.9953949451446533
32,2,12,0.28743308782577515,0.17664971947669983,0.33087885296889286,0.1800231380482981,0.9951619505882263
32,2,13,0.8972998261451721,0.3381039798259735,0.9256476345937248,0.33410726172342925,0.7475810050964355
32,2,14,0.23972220718860626,0.359292596578598,0.2393748664396759,0.3468646167208497,0.6096335649490356
32,2,15,0.8597315549850464,0.4647158682346344,0.9156530993511361,0.39253182992933355,0.6935861706733704
32,2,16,0.2548886239528656,0.5108408331871033,0.16636843197159973,0.48079833340575634,0.5824750065803528
32,2,17,0.867566704750061,0.5006386637687683,0.9089232502023611,0.4104066556356208,0.6567897200584412
32,2,18,0.23952104151248932,0.555353045463562,0.1251733149733901,0.5222013474924911,0.5528647303581238
32,2,19,0.8430803418159485,0.4937153458595276,0.9172314278565347,0.4034669672064204,0.6629647612571716
32,2,20,0.2446713000535965,0.5524256825447083,0.13514594655445158,0.5210799014409591,0.5639965534210205
32,2,21,0.8166099190711975,0.4862068295478821,0.895181314050613,0.39566972032447834,0.6641508936882019
32,2,22,0.27805617451667786,0.5380043387413025,0.17978952059993394,0.5063698537386506,0.5793325304985046
32,2,23,0.7689529657363892,0.4516615569591522,0.795132059250213,0.4588121116873841,0.9755916595458984
32,2,24,0.4053286015987396,0.47182491421699524,0.461119922750928,0.4678902927761458,0.968735933303833
32,2,25,0.769173800945282,0.7004789113998413,0.774387759712814,0.6978228370684908,0.7361059784889221
32,2,26,0.48150041699409485,0.7168208956718445,0.5418620078531984,0.7017186878828939,0.6207188963890076
32,2,27,0.7557599544525146,0.9059653282165527,0.6961129996080885,0.8785500595832518,0.5467053651809692
32,2,28,0.535234272480011,0.940863311290741,0.5720301138715328,0.9164800734509589,0.5454420447349548
32,2,29,0.7117363810539246,0.9283778071403503,0.6356680923816475,0.8925517591889575,0.5863600373268127
32,2,30,0.5404989719390869,0.9597299098968506,0.5709978249166308,0.9335160641955296,0.5028254985809326
32,2,31,0.8486883044242859,0.9972421526908875,0.7529511963379452,0.9598296428926247,0.5079169273376465
32,2,32,0.6272316575050354,1.0138081312179565,0.6454707800397652,0.9921392997526574,0.49335429072380066
33,1,0,0.2240877002477646,0.15512396395206451,0.2444065127771677,0.14869690243095054,0.9855226278305054
33,1,1,0.21976657211780548,0.12585939466953278,0.24939476398637142,0.1235065219620248,0.9827890992164612
33,1,2,0.2302580326795578,0.12212838977575302,0.2631021305419614,0.12034802826844652,0.9847957491874695
33,1,3,0.24084407091140747,0.11841260641813278,0.2767542691015746,0.1169841663337076,0.9845422506332397
33,1,4,0.20286080241203308,0.1305447667837143,0.2273325266708724,0.1269024371597379,0.9844048619270325
33,1,5,0.20141150057315826,0.13042214512825012,0.2235023034977642,0.1265496446104259,0.9840642809867859
33,1,6,0.2006450593471527,0.1301165372133255,0.2215487818918043,0.12593561218515414,0.9824703931808472
33,1,7,0.30923280119895935,0.10544765740633011,0.3409268731078343,0.10765786401185769,0.9841098785400391
33,1,8,0.25885653495788574,0.11911392956972122,0.2695072348990286,0.11903883447323524,0.9845099449157715
33,1,9,0.29289308190345764,0.1637582629919052,0.3082258474137244,0.16008866331639918,0.9879407286643982
33,1,10,0.26668912172317505,0.16751666367053986,0.2787258258479387,0.1642607106389413,0.9874251484870911
33,1,11,0.5117408037185669,0.19067297875881195,0.5246243174536799,0.19418583326418037,0.995834231376648
33,1,12,0.4405602812767029,0.18448305130004883,0.3999247498715132,0.1957102487716754,0.9950821995735168
33,1,13,0.5958212018013,0.39466333389282227,0.6169057132279046,0.39731618863236906,0.771791398525238
33,1,14,0.38645002245903015,0.35449185967445374,0.3539065709457949,0.3649085349313691,0.56087726354599
33,1,15,0.26873722672462463,0.44832655787467957,0.2835890893237931,0.44402862091762635,0.7210836410522461
33,1,16,0.21623578667640686,0.4187624156475067,0.16597212201953218,0.41679959967096686,0.5386784672737122
33,1,17,0.18054823577404022,0.47654011845588684,0.1937326213484307,0.4710808977660508,0.6857131123542786
33,1,18,0.13464905321598053,0.4440757930278778,0.1018488134053814,0.44661803831072117,0.5148876309394836
33,1,19,0.17556408047676086,0.4415718913078308,0.17794573603092834,0.43738595861537555,0.6913909316062927
33,1,20,0.1330379992723465,0.43005186319351196,0.08226204468340684,0.4321615701799703,0.5256235599517822
33,1,21,0.20112504065036774,0.432346373796463,0.2071507976524797,0.4291253997439574,0.6918399930000305
33,1,22,0.16248033940792084,0.42576491832733154,0.11547541327250174,0.4174552107644363,0.541281521320343
33,1,23,0.6338700652122498,0.5336688756942749,0.6038615961489175,0.5458607192770484,0.9746425747871399
33,1,24,0.6293975114822388,0.5246971845626831,0.5878108304880593,0.5509661078144786,0.9646444916725159
33,1,25,0.7741491198539734,0.8141693472862244,0.7453476983780268,0.813878679979945,0.7079594135284424
33,1,26,0.7300416827201843,0.7967411875724792,0.6672355689969304,0.8123875215615253,0.5727742314338684
33,1,27,0.8791130185127258,1.0613601207733154,0.7985371281960335,1.0674034819098295,0.50702965259552
33,1,28,0.9840821027755737,1.0591763257980347,0.8855761401451492,1.0779332826963035,0.49596312642097473
33,1,29,0.9397134780883789,1.0923364162445068,0.8270999604102073,1.0974491483391708,0.5655258297920227
33,1,30,1.0553148984909058,1.0868637561798096,0.9475852516359766,1.1076974540848845,0.4747306704521179
33,1,31,0.8261037468910217,1.1662474870681763,0.7647224751012548,1.1661815427546685,0.47026288509368896
33,1,32,0.9541468024253845,1.1630325317382812,0.8466415919477903,1.1775768750331463,0.44933757185935974
33,2,0,0.6377299427986145,0.09009923785924911,0.7316264322851473,0.09206090126881457,0.9869294762611389
33,2,1,0.6870434284210205,0.07482585310935974,0.7780688025656282,0.07901039857442199,0.9844048619270325
33,2,2,0.7082083225250244,0.07645521312952042,0.7954665413300182,0.08124173247813109,0.9862169623374939
33,2,3,0.728559672832489,0.07838165014982224,0.8115446776942985,0.08341802347352455,0.9859569072723389
33,2,4,0.6242273449897766,0.06961582601070404,0.7182150103223214,0.07221885760731042,0.9858849048614502
33,2,5,0.5994869470596313,0.0676807090640068,0.6933078390500643,0.06994130651893184,0.985595166683197
33,2,6,0.5731791257858276,0.06601321697235107,0.6674647365358632,0.0678847870279352,0.9841601252555847
33,2,7,0.7410168647766113,0.08736549317836761,0.803349842545157,0.09240997091169566,0.9855057001113892
33,2,8,0.5438788533210754,0.07399052381515503,0.6164356545676872,0.07385518114076818,0.9859969615936279
33,2,9,0.6588663458824158,0.11450499296188354,0.7391803366531274,0.11471733828600304,0.9890737533569336
33,2,10,0.588873028755188,0.10583201050758362,0.6684957490085923,0.10582178419434875,0.9886457324028015
33,2,11,0.8231351971626282,0.1727742701768875,0.8714850403357359,0.18712832736520407,0.9960700869560242
33,2,12,0.273197203874588,0.17705519497394562,0.32087277900372196,0.17950913133811502,0.9955480694770813
33,2,13,0.8524940609931946,0.337452232837677,0.9129517352278387,0.3346865711294683,0.7763156890869141
33,2,14,0.2234940379858017,0.3684719204902649,0.2366234651241852,0.3506088016755299,0.6024214625358582
33,2,15,0.773693323135376,0.4909518361091614,0.8909649589956093,0.4096256922139697,0.714904248714447
33,2,16,0.313608855009079,0.5183526873588562,0.19197884941736812,0.4873090066773194,0.5754815936088562
33,2,17,0.7998071312904358,0.5293895602226257,0.889965549611379,0.43108463543037806,0.6741329431533813
33,2,18,0.2907566726207733,0.5642797350883484,0.15398990287283823,0.5294973335923211,0.5471786856651306
33,2,19,0.7509012818336487,0.516162097454071,0.8882839599554961,0.4230485413012537,0.6801159381866455
33,2,20,0.33516380190849304,0.5598607063293457,0.1699909979772438,0.5278034546359859,0.557919979095459
33,2,21,0.7204698920249939,0.5097731947898865,0.8647675888838583,0.4154968408586591,0.681298553943634
33,2,22,0.32839712500572205,0.5439789295196533,0.20563875407509527,0.5128900290853978,0.5730680227279663
33,2,23,0.7610844969749451,0.44335871934890747,0.789229991122397,0.45613479318381894,0.976860523223877
33,2,24,0.40477892756462097,0.4690176248550415,0.4513468093022134,0.4680855202748577,0.9680264592170715
33,2,25,0.7386190891265869,0.6999563574790955,0.7681870413525671,0.6981923238352775,0.7338435053825378
33,2,26,0.48951295018196106,0.7238085865974426,0.5327825254678736,0.7055465446030131,0.6118157505989075
33,2,27,0.7491587996482849,0.9144948720932007,0.7053136616993614,0.884781370802409,0.5511517524719238
33,2,28,0.5364233255386353,0.9346797466278076,0.5658575502278643,0.9196334488805334,0.5397083163261414
33,2,29,0.7105411887168884,0.9341047406196594,0.6486631637196043,0.8997565012452766,0.5878612995147705
33,2,30,0.5531747341156006,0.9489354491233826,0.5679097734815697,0.9361874883682634,0.4974941611289978
33,2,31,0.7722504734992981,1.0035065412521362,0.7562952313662674,0.9674031325137636,0.5140976905822754
33,2,32,0.5758328437805176,1.0005816221237183,0.6333865216896707,0.9936016341011797,0.49235522747039795
34,1,0,0.20667515695095062,0.1537492871284485,0.23786513774418422,0.1495719604282205,0.9878642559051514
34,1,1,0.20716352760791779,0.12972763180732727,0.24207226520842173,0.12458403754998254,0.9857242703437805
34,1,2,0.21678774058818817,0.1263965368270874,0.2550706661118447,0.12139564335396606,0.98736172914505
34,1,3,0.22669537365436554,0.12295529246330261,0.2680724864941663,0.11801837621605529,0.9871662855148315
34,1,4,0.19453294575214386,0.13244836032390594,0.2216469992748244,0.12786298878761213,0.9867793321609497
34,1,5,0.1945548802614212,0.13166658580303192,0.2184850953987297,0.1274358853028437,0.9862381815910339
34,1,6,0.19443483650684357,0.130812406539917,0.21684961387595283,0.1267802539781993,0.9847673177719116
34,1,7,0.29516443610191345,0.10706236213445663,0.3329912557460939,0.10755473868152636,0.9868171811103821
34,1,8,0.24844366312026978,0.1174294650554657,0.26585733084417906,0.11876012532372675,0.9866189360618591
34,1,9,0.2702658474445343,0.15842238068580627,0.30164478712143794,0.15980009751649124,0.9899814128875732
34,1,10,0.24889953434467316,0.16041503846645355,0.273556156197695,0.1635946758507032,0.9892905354499817
34,1,11,0.5153604745864868,0.1843363493680954,0.5230196410524447,0.1924796860220169,0.9964353442192078
34,1,12,0.41124701499938965,0.18084320425987244,0.40188609739111797,0.19313456130331563,0.9949981570243835
34,1,13,0.5977413654327393,0.385695219039917,0.6135850828216787,0.3953030741047043,0.7977796196937561
34,1,14,0.327930748462677,0.32013627886772156,0.3494048144304981,0.3571448529155149,0.5591517686843872
34,1,15,0.240041121840477,0.4568539261817932,0.2760379690112729,0.4462504439630167,0.7404409646987915
34,1,16,0.14326605200767517,0.3730770945549011,0.16203741483037767,0.40921817462571847,0.5458507537841797
34,1,17,0.15825828909873962,0.49450039863586426,0.18758294312286908,0.4751393233327894,0.7017351984977722
34,1,18,0.1113954707980156,0.38523629307746887,0.10350249030281483,0.4359688747978862,0.5203161239624023
34,1,19,0.13878117501735687,0.46405771374702454,0.17115558781801998,0.442008426935143,0.7074260711669922
34,1,20,0.12757088243961334,0.3790540099143982,0.09011889936241019,0.4229501915489804,0.5313767194747925
34,1,21,0.17279236018657684,0.45258063077926636,0.20119476953991586,0.43319002165444215,0.7079693078994751
34,1,22,0.11766902357339859,0.3791084587574005,0.11585530764031897,0.41080700343730747,0.5501532554626465
34,1,23,0.6440070271492004,0.5593461394309998,0.6108219593333073,0.5481969438965228,0.9738603234291077
34,1,24,0.6009032726287842,0.5719035863876343,0.590078942592118,0.5545941441304854,0.9601215720176697
34,1,25,0.8200271725654602,0.8335077166557312,0.7583089462354957,0.8172798622085443,0.7130278944969177
34,1,26,0.7156546115875244,0.8331310153007507,0.6756325970563705,0.8159819323242976,0.5676966309547424
34,1,27,1.0054572820663452,1.1574006080627441,0.8345920502477866,1.0830305261844961,0.5081714987754822
34,1,28,0.9464707970619202,1.167170524597168,0.896140863967195,1.0934280446579776,0.4894961714744568
34,1,29,1.062577724456787,1.1882582902908325,0.8681655976420767,1.1132175829530946,0.5573391914367676
34,1,30,1.0167362689971924,1.201583743095398,0.959585363241774,1.124001725736928,0.46301016211509705
34,1,31,0.9629728198051453,1.2845255136489868,0.7992578862411668,1.1867481532885995,0.4711330831050873
34,1,32,0.9036998748779297,1.2831814289093018,0.8565396205594722,1.1959225851055126,0.4464063048362732
34,2,0,0.6644237041473389,0.0995059609413147,0.7199653680855549,0.09335045617443614,0.9882647395133972
34,2,1,0.7055251598358154,0.08580079674720764,0.7654789656267282,0.0801865367534065,0.9853559732437134
34,2,2,0.7247666716575623,0.08738352358341217,0.7831973682188546,0.08230550723905582,0.9870308637619019
34,2,3,0.74355548620224,0.08899037539958954,0.7997468721765219,0.08438315331708302,0.9863080382347107
34,2,4,0.6475914120674133,0.0804915577173233,0.7059590973783705,0.07365180331144308,0.9867073893547058
34,2,5,0.6225035786628723,0.07852163910865784,0.6810205070435522,0.07142755215107016,0.9864831566810608
34,2,6,0.5957152247428894,0.0769457072019577,0.6550130124932425,0.06945430049562754,0.9850941300392151
34,2,7,0.7483330368995667,0.09431229531764984,0.7938067859456678,0.09273941663395707,0.984907865524292
34,2,8,0.5521022081375122,0.08571675419807434,0.6052734394464121,0.07590999073922111,0.9867624640464783
34,2,9,0.6782456040382385,0.120298832654953,0.7286088899498819,0.11568405187817371,0.9892417788505554
34,2,10,0.6116077303886414,0.11391451209783554,0.6586275559442991,0.10722354867108001,0.9893432259559631
34,2,11,0.8244576454162598,0.17933793365955353,0.8633297651755465,0.18577894310009635,0.995976984500885
34,2,12,0.31204476952552795,0.17649713158607483,0.3193436218159374,0.17898749392996544,0.9951961636543274
34,2,13,0.8271694779396057,0.3268989026546478,0.8980584616158344,0.3333376593820505,0.7627885341644287
34,2,14,0.2468198984861374,0.35374125838279724,0.23838973338927236,0.3511513028212262,0.5941332578659058
34,2,15,0.8854877948760986,0.30158478021621704,0.8900163145911343,0.39085545309828096,0.7165007591247559
34,2,16,0.29981163144111633,0.48634466528892517,0.21071284136390184,0.48714200654074136,0.5712447166442871
34,2,17,0.8608831763267517,0.31062400341033936,0.8849249148150036,0.410148898456068,0.6774223446846008
34,2,18,0.24359750747680664,0.5516183972358704,0.1695490716000554,0.5333306134396482,0.5415024757385254
34,2,19,0.8636206984519958,0.2942590117454529,0.8840098134040076,0.40065970867390505,0.6831147074699402
34,2,20,0.29669424891471863,0.5470664501190186,0.19201582761838887,0.5311411840329486,0.5527891516685486
34,2,21,0.8585801124572754,0.2925371825695038,0.8636958929342323,0.3941252045304994,0.6853914856910706
34,2,22,0.2835235893726349,0.5330341458320618,0.21915768454507553,0.5163805231852412,0.571350634098053
34,2,23,0.7796239852905273,0.41023239493370056,0.7875660331918527,0.4481748732749647,0.9760751724243164
34,2,24,0.4367176592350006,0.42891281843185425,0.44881235761714877,0.46129396645773896,0.9638006091117859
34,2,25,0.7467848658561707,0.6750187277793884,0.7644784397608534,0.6941765379369608,0.7384920716285706
34,2,26,0.498250275850296,0.6984787583351135,0.5267963985049333,0.7043223490130927,0.606473445892334
34,2,27,0.7597231864929199,0.9159306287765503,0.7147512423145963,0.8901805597484587,0.5530648231506348
34,2,28,0.5497676134109497,0.9363724589347839,0.5630699293741911,0.9225336145856539,0.5339586734771729
34,2,29,0.7257478833198547,0.9216712713241577,0.6620429738698639,0.9035539965419885,0.5830451250076294
34,2,30,0.5547106862068176,0.9404435753822327,0.5656231952993295,0.9369246124364884,0.48874107003211975
34,2,31,0.788360595703125,1.0027421712875366,0.7618534024850141,0.9735293218753739,0.51600581407547
34,2,32,0.5999091267585754,1.0023412704467773,0.6275834710058784,0.9951154811079147,0.4895126521587372
35,1,0,0.19202031195163727,0.1572781205177307,0.22991521611802157,0.1509067509109486,0.9882076382637024
35,1,1,0.1956181526184082,0.12809449434280396,0.23401653655281116,0.1251920100511106,0.9857841730117798
35,1,2,0.20690929889678955,0.12405258417129517,0.24671844865874953,0.12185578447395598,0.987433671951294
35,1,3,0.21831445395946503,0.12004885077476501,0.25944295811132184,0.11837001643399726,0.9868033528327942
35,1,4,0.1778973489999771,0.13308696448802948,0.2140608762485027,0.12876777049763755,0.9864494800567627
35,1,5,0.17644672095775604,0.13266310095787048,0.21119607994879738,0.12834122825022667,0.9858229160308838
35,1,6,0.17481420934200287,0.1322018951177597,0.2095611146085514,0.12771927650197995,0.9839808940887451
35,1,7,0.2844809293746948,0.10430993884801865,0.3245784336257633,0.10699277955950395,0.985867440700531
35,1,8,0.23732544481754303,0.1223992258310318,0.26091220488631495,0.1193903799253529,0.9860455989837646
35,1,9,0.26025626063346863,0.16187889873981476,0.29446858865245445,0.16016010754086993,0.9895084500312805
35,1,10,0.2365393042564392,0.16787832975387573,0.26713878930493207,0.1643365748523818,0.9887450337409973
35,1,11,0.5066131353378296,0.18076570332050323,0.5201771084439792,0.19045045282333017,0.996262788772583
35,1,12,0.3754197657108307,0.19701921939849854,0.3972992479464234,0.1938073489150287,0.9942910075187683
35,1,13,0.5917720794677734,0.3903576731681824,0.6098052184273838,0.3944465482006958,0.7835338115692139
35,1,14,0.406843900680542,0.3974848687648773,0.3593687689938795,0.36413902888643535,0.5456680655479431
35,1,15,0.27706703543663025,0.4409070909023285,0.27621617834170054,0.4453249827865253,0.7350549697875977
35,1,16,0.19673655927181244,0.4464416801929474,0.16805256246690203,0.41567139555230637,0.5303183197975159
35,1,17,0.19981618225574493,0.46834832429885864,0.18970215743036167,0.47396308071313165,0.6949448585510254
35,1,18,0.2582568824291229,0.46258485317230225,0.13042601098841422,0.44058165685881945,0.5057357549667358
35,1,19,0.1939077228307724,0.4465312659740448,0.17509828156354543,0.4427917565119302,0.7002673149108887
35,1,20,0.25134730339050293,0.5108702778816223,0.11817417540257404,0.4382155647045293,0.5168564319610596
35,1,21,0.21522022783756256,0.4387342631816864,0.20362458952719847,0.43415028178779486,0.7019371390342712
35,1,22,0.26395130157470703,0.499605268239975,0.14161530557435517,0.4262252597609274,0.5373728275299072
35,1,23,0.6610009074211121,0.5842190384864807,0.6195245516434164,0.5544416663790459,0.9737745523452759
35,1,24,0.5242248773574829,0.635902464389801,0.5786523418966795,0.5687087576552988,0.9572840332984924
35,1,25,0.8434602618217468,0.8451076745986938,0.7730923360091883,0.8221028584402528,0.7265057563781738
35,1,26,0.5468404293060303,0.8774536848068237,0.6532434137802828,0.8266467207308688,0.5753864645957947
35,1,27,0.9979307055473328,1.2522013187408447,0.8630163307342529,1.1124748917584417,0.5140094757080078
35,1,28,0.7448199391365051,1.2583385705947876,0.8698179264151925,1.1221272796658937,0.4891687333583832
35,1,29,1.0254374742507935,1.2892900705337524,0.8955290966751325,1.143869524986814,0.5521395802497864
35,1,30,0.8042267560958862,1.2992037534713745,0.9325568098697391,1.1545013536064852,0.46245163679122925
35,1,31,0.9812284111976624,1.397091269493103,0.830942162903441,1.2234036177251717,0.474828839302063
35,1,32,0.7211623787879944,1.3862860202789307,0.8330014188248837,1.2290765735620197,0.44660064578056335
35,2,0,0.6503792405128479,0.09101752936840057,0.7078898658529993,0.09294643321588475,0.9878780245780945
35,2,1,0.688382625579834,0.07816093415021896,0.7520971805430784,0.07983574032187896,0.9831791520118713
35,2,2,0.707978367805481,0.0796627625823021,0.7701421738329183,0.08184782487153072,0.9852120280265808
35,2,3,0.7272534370422363,0.08109153062105179,0.7871657629587787,0.08381308422172166,0.9834315180778503
35,2,4,0.627042293548584,0.07452397793531418,0.6922605815499345,0.07380284237591388,0.9846974015235901
35,2,5,0.6006869673728943,0.0737198069691658,0.6670754790357909,0.07182453091720213,0.9847437739372253
35,2,6,0.5724378824234009,0.07339055091142654,0.6406779049070783,0.07013602447214137,0.9828664064407349
35,2,7,0.7394399046897888,0.08822318911552429,0.7843766430260906,0.09195723205223594,0.9803707599639893
35,2,8,0.5342721343040466,0.08639320731163025,0.5929518431183445,0.07772594906528484,0.9841874241828918
35,2,9,0.6721947193145752,0.11217976361513138,0.7188230293178893,0.11507714781521926,0.987648069858551
35,2,10,0.5997262597084045,0.10729621350765228,0.6484095051121891,0.10723613212047488,0.9879164099693298
35,2,11,0.8294252753257751,0.16674478352069855,0.8574525169255647,0.18248089733288214,0.9957994222640991
35,2,12,0.3050023317337036,0.17535653710365295,0.3168590612321088,0.17835864987022096,0.9944267868995667
35,2,13,0.894553542137146,0.31243255734443665,0.8974514474179462,0.32971523292477745,0.7598768472671509
35,2,14,0.24675428867340088,0.35005974769592285,0.23983859596076998,0.35096227130957536,0.5805802345275879
35,2,15,0.8518435955047607,0.3926563262939453,0.883398310181397,0.39116732822652056,0.7090696692466736
35,2,16,0.3312719762325287,0.4654772877693176,0.2316658206185575,0.4833878753835309,0.5548767447471619
35,2,17,0.8661340475082397,0.42925041913986206,0.8816690394093167,0.4134586168892272,0.670795738697052
35,2,18,0.3766346275806427,0.5119218230247498,0.20563321973330956,0.529620861241242,0.5260329842567444
35,2,19,1.0048367977142334,0.37233102321624756,0.9050093653507953,0.39574982636391104,0.6769711375236511
35,2,20,0.4377882480621338,0.5054315328598022,0.2348905759938961,0.5266855961737916,0.5377048254013062
35,2,21,0.980522096157074,0.3641519844532013,0.8839976776628571,0.38893003916305136,0.6817283034324646
35,2,22,0.4756295084953308,0.487077921628952,0.26391305235240176,0.511301713171544,0.5592198967933655
35,2,23,0.8002988696098328,0.4348357617855072,0.7897718333113318,0.44586400244548946,0.9756489396095276
35,2,24,0.42466607689857483,0.44954878091812134,0.4446278973567582,0.4592593253103361,0.9609068036079407
35,2,25,0.7567790150642395,0.7007144093513489,0.7631448200425962,0.6953089278781209,0.7496185302734375
35,2,26,0.48113706707954407,0.7225391268730164,0.51887874608316,0.7074786852874592,0.6094696521759033
35,2,27,0.7262553572654724,0.9380146861076355,0.7167441142321094,0.8984759394405647,0.5551055073738098
35,2,28,0.5219054222106934,0.9486777186393738,0.5559326904659657,0.9270645671619132,0.5291604995727539
35,2,29,0.6898913979530334,0.9445042014122009,0.6668695680253156,0.9106541005352855,0.5742022395133972
35,2,30,0.5333866477012634,0.9516246914863586,0.560035408157316,0.9394713610746704,0.4896923005580902
35,2,31,0.6928777694702148,1.0214722156524658,0.7498841468072378,0.9818435951016694,0.5137454271316528
35,2,32,0.510044515132904,1.0055466890335083,0.6071575349057523,0.9969224276416583,0.4837852716445923
36,1,0,0.17522215843200684,0.1599482148885727,0.220428406874839,0.1524728933783331,0.9871067404747009
36,1,1,0.17918889224529266,0.13224732875823975,0.22450634042716267,0.1264140438599541,0.9834128022193909
36,1,2,0.19162152707576752,0.12846235930919647,0.23716146590594603,0.12300007707112084,0.9852451682090759
36,1,3,0.2041509747505188,0.12431778013706207,0.24985208277503554,0.11940017917407922,0.9838693141937256
36,1,4,0.16198274493217468,0.13509543240070343,0.20502834769662182,0.12986374472806014,0.984100878238678
36,1,5,0.16167187690734863,0.1339198499917984,0.202607168399034,0.12930744421975623,0.9832633137702942
36,1,6,0.16152380406856537,0.13268980383872986,0.20123044492981065,0.12858015492407268,0.9813741445541382
36,1,7,0.27326229214668274,0.10352808982133865,0.31567826601756616,0.10639273425913223,0.9813500046730042
36,1,8,0.22575226426124573,0.11827047914266586,0.2548170956873001,0.11919643936941811,0.9835123419761658
36,1,9,0.24842526018619537,0.16522839665412903,0.28648419442202533,0.1610379206033605,0.9877492785453796
36,1,10,0.22256353497505188,0.16705965995788574,0.25940931685093815,0.16480817208627718,0.987029492855072
36,1,11,0.5112035274505615,0.18017370998859406,0.5186227254720299,0.18867027198913272,0.9961055517196655
36,1,12,0.36210986971855164,0.1826600432395935,0.3911990210721545,0.19187631499126998,0.9936726689338684
36,1,13,0.5798255205154419,0.3984886109828949,0.6046089175281535,0.3951466002411599,0.7812690138816833
36,1,14,0.39541855454444885,0.3894491195678711,0.3656183120599365,0.36852532916596364,0.5357429385185242
36,1,15,0.3065086007118225,0.43269428610801697,0.28146670739088575,0.4431368848890356,0.7300477027893066
36,1,16,0.222341850399971,0.41845765709877014,0.17746922564584247,0.41615393417040225,0.528687059879303
36,1,17,0.21440553665161133,0.46652042865753174,0.19398323041642157,0.4726739425970236,0.6922484040260315
36,1,18,0.167769655585289,0.4623648226261139,0.1369001229772181,0.4443563246120264,0.5029907822608948
36,1,19,0.20996253192424774,0.4289192259311676,0.18114207092741283,0.44038843787033655,0.6981287598609924
36,1,20,0.2185237556695938,0.4466184675693512,0.13560426738273273,0.4396710677771054,0.5148002505302429
36,1,21,0.23955696821212769,0.4222467541694641,0.20985374080412633,0.4320882012422341,0.7020121216773987
36,1,22,0.2157551646232605,0.4414368271827698,0.1544828156612581,0.4288606604719958,0.5388953685760498
36,1,23,0.6898853778839111,0.61918705701828,0.6317347127108994,0.5656754863026833,0.9743807911872864
36,1,24,0.5097777843475342,0.6771132946014404,0.5667005591150425,0.5875424028655446,0.9578825831413269
36,1,25,0.9137957692146301,0.988947331905365,0.7975609911586633,0.8511402459030306,0.735284149646759
36,1,26,0.48853275179862976,1.0124400854110718,0.6245793174637132,0.8590002713501038,0.569960355758667
36,1,27,0.9362812042236328,1.3555065393447876,0.8757316629649716,1.1548682152053455,0.5091962218284607
36,1,28,0.6585899591445923,1.3664695024490356,0.8330078985884726,1.1647508963062132,0.48071053624153137
36,1,29,0.9661678671836853,1.3946728706359863,0.9077876628348142,1.1876286592093683,0.5324141383171082
36,1,30,0.7242863178253174,1.411530613899231,0.8962653822445833,1.1993550803721782,0.4513165354728699
36,1,31,0.9179831147193909,1.505763053894043,0.8460546469240281,1.2727148751317374,0.46766266226768494
36,1,32,0.6178391575813293,1.499471664428711,0.7955014620655658,1.276281578873723,0.4383341372013092
36,2,0,0.6192511916160583,0.0862053856253624,0.69249932266677,0.091778844535231,0.9876938462257385
36,2,1,0.6586965918540955,0.07221901416778564,0.7358774991751657,0.078516444285915,0.9834744334220886
36,2,2,0.6810327768325806,0.07264355570077896,0.7546696801287753,0.08025347382984246,0.9852328896522522
36,2,3,0.7031677961349487,0.07300564646720886,0.7725830270157505,0.0819409442852483,0.9836283922195435
36,2,4,0.5915998220443726,0.07130299508571625,0.6747763165552746,0.07336990947450177,0.9845711588859558
36,2,5,0.5650458931922913,0.07133402675390244,0.649352728193687,0.07173958870396188,0.9838994741439819
36,2,6,0.5384116172790527,0.07168623059988022,0.622913910487249,0.07040448729133092,0.9822390675544739
36,2,7,0.7263436913490295,0.08000453561544418,0.7743094956100565,0.08988663112846898,0.9804857969284058
36,2,8,0.5124623775482178,0.0847407802939415,0.5789796860078416,0.07894096865478709,0.9840160012245178
36,2,9,0.6541309952735901,0.10650067031383514,0.7075984632054475,0.11359157004462361,0.9872074127197266
36,2,10,0.5765030384063721,0.10465716570615768,0.6359304802027719,0.1067894960156172,0.9872626066207886
36,2,11,0.8474883437156677,0.1689576506614685,0.8557264968379503,0.18013811444675107,0.9954382181167603
36,2,12,0.30698174238204956,0.17419737577438354,0.31514809180648873,0.1776379488700158,0.9940478205680847
36,2,13,0.8877078294754028,0.31161823868751526,0.8957636419224738,0.32657965836889424,0.7542612552642822
36,2,14,0.26065903902053833,0.3658199906349182,0.2434463485567184,0.3535363434805234,0.5674838423728943
36,2,15,0.9282752871513367,0.3286602199077606,0.8911801493093204,0.38032258339007396,0.7009497284889221
36,2,16,0.38289642333984375,0.4375697672367096,0.2579736114181236,0.4754426051491463,0.5451323986053467
36,2,17,0.9181814789772034,0.3477937579154968,0.887998850055358,0.40206492921713005,0.666493833065033
36,2,18,0.34786227345466614,0.4799576699733734,0.23036852249365894,0.5210078299838334,0.5151115655899048
36,2,19,0.9140113592147827,0.33369699120521545,0.9065686662161457,0.38498403900522254,0.6720952391624451
36,2,20,0.4119375944137573,0.4741959571838379,0.26571333335070874,0.5175816058367799,0.5272604823112488
36,2,21,0.8954384326934814,0.3283783495426178,0.8859795584741772,0.37842516683788263,0.6781295537948608
36,2,22,0.43096914887428284,0.4624505639076233,0.29298773941916423,0.5028297185898685,0.5529674887657166
36,2,23,0.814215898513794,0.44847768545150757,0.7940079430037175,0.4463166512256168,0.9760528802871704
36,2,24,0.42562589049339294,0.4588697552680969,0.44133542855110974,0.4591918623756644,0.9616270661354065
36,2,25,0.734549343585968,0.7272030115127563,0.7581886756318795,0.7008373428871579,0.7576369047164917
36,2,26,0.45061206817626953,0.7471155524253845,0.5070327697530338,0.7143508017794674,0.6064968705177307
36,2,27,0.6676380038261414,0.9126133918762207,0.7082278463682999,0.9009251735270707,0.54502934217453
36,2,28,0.45108357071876526,0.9459877014160156,0.5377188301615657,0.930343365090606,0.5189679861068726
36,2,29,0.626468300819397,0.9216964840888977,0.6598647854506428,0.9125669529929359,0.5549713969230652
36,2,30,0.46192607283592224,0.9566439390182495,0.5429957759763491,0.9424466844889909,0.4780935049057007
36,2,31,0.6221948862075806,1.004721760749817,0.727687361939329,0.9858081511506783,0.4965327978134155
36,2,32,0.41156792640686035,1.038960337638855,0.573088467293608,1.0042113628451381,0.4665258526802063
37,1,0,0.15664373338222504,0.16068199276924133,0.2093615853575379,0.15389481992763698,0.9774807095527649
37,1,1,0.16934962570667267,0.1314655840396881,0.21493896717478367,0.12728895558988657,0.9756704568862915
37,1,2,0.18482282757759094,0.12733492255210876,0.22808367670998236,0.1237508432396344,0.9789752960205078
37,1,3,0.20009811222553253,0.12275292724370956,0.2412232550601019,0.11998083551487072,0.9787651896476746
37,1,4,0.14158183336257935,0.13621936738491058,0.19402030868490422,0.1309645627972242,0.9741053581237793
37,1,5,0.13734237849712372,0.1353517770767212,0.1912830404663278,0.13035433590795653,0.9706240296363831
37,1,6,0.13331961631774902,0.13412931561470032,0.1894462674643296,0.12954126739853758,0.9665363430976868
37,1,7,0.26405614614486694,0.10633476078510284,0.30672494550983365,0.1063826949336491,0.9781630635261536
37,1,8,0.20923301577568054,0.12441214174032211,0.24691244820772462,0.12009978794035844,0.9710943698883057
37,1,9,0.2254096120595932,0.16724663972854614,0.27588844385610867,0.16211328971767788,0.9813981652259827
37,1,10,0.19491225481033325,0.17291520535945892,0.24821865865000295,0.16621241511927495,0.9770047664642334
37,1,11,0.5116598606109619,0.18950514495372772,0.5174167072798596,0.18881485116777327,0.9954630136489868
37,1,12,0.1466798335313797,0.24518164992332458,0.3485445449331966,0.201122028428075,0.9889466762542725
37,1,13,0.6137734055519104,0.43039530515670776,0.6061963715398443,0.40125711226625393,0.7717192769050598
37,1,14,0.2211177796125412,0.44977450370788574,0.34048646586622633,0.3826296607006603,0.5221378803253174
37,1,15,0.34412917494773865,0.42121338844299316,0.292338436192212,0.43933787418026965,0.7094789743423462
37,1,16,0.17118743062019348,0.4509434401988983,0.1763811983671589,0.42218475118039733,0.5228850245475769
37,1,17,0.24137917160987854,0.4598182737827301,0.20220250412412408,0.47044685627194976,0.6739018559455872
37,1,18,0.14342541992664337,0.49720874428749084,0.13803033912908957,0.45352333868414163,0.49914854764938354
37,1,19,0.22463276982307434,0.41652601957321167,0.1886832280487792,0.4362532003246893,0.6805508732795715
37,1,20,0.2060149908065796,0.4776822328567505,0.14782321266305956,0.44626100526146023,0.5128045678138733
37,1,21,0.2521176338195801,0.4104157090187073,0.2171819036301048,0.4283327141807339,0.684463620185852
37,1,22,0.21821045875549316,0.4505241811275482,0.16553976025241052,0.43261458893309934,0.5401981472969055
37,1,23,0.5889331698417664,0.653331995010376,0.6243131877931729,0.5808950183899835,0.9716038703918457
37,1,24,0.24983756244182587,0.6852566003799438,0.5113072381325678,0.6045133617273978,0.9551821947097778
37,1,25,0.7440187335014343,1.0866566896438599,0.788274129760084,0.8922133849424619,0.7188867926597595
37,1,26,0.18951435387134552,1.0946941375732422,0.5482557814625837,0.9001046461859028,0.5599229335784912
37,1,27,0.8094900250434875,1.5254151821136475,0.8642377704833193,1.219750322972285,0.49529409408569336
37,1,28,0.4788690209388733,1.5206292867660522,0.7710300832750795,1.2270375357014107,0.47022396326065063
37,1,29,0.8375524878501892,1.582870602607727,0.8955993460309322,1.2568854757473182,0.5064998865127563
37,1,30,0.5462522506713867,1.5693256855010986,0.8350171271193089,1.2641352916796182,0.43546536564826965
37,1,31,0.7566498517990112,1.6588677167892456,0.8305308714778113,1.3403611519298926,0.44934290647506714
37,1,32,0.5248656272888184,1.6594786643981934,0.7482547926242014,1.3434041146245757,0.42147594690322876
37,2,0,0.577394425868988,0.08567124605178833,0.6724975273226892,0.09072099306535207,0.9787926077842712
37,2,1,0.613318920135498,0.06947721540927887,0.7145757212870099,0.07695068905667368,0.975991427898407
37,2,2,0.6345975995063782,0.06899841129779816,0.7338016356895928,0.07830376694835899,0.979351282119751
37,2,3,0.655750572681427,0.06826058030128479,0.7522799899575137,0.07957093132623173,0.9786679148674011
37,2,4,0.5481732487678528,0.0699227824807167,0.6527689011140444,0.07277290613114708,0.9746667742729187
37,2,5,0.5215731263160706,0.06997378170490265,0.6271400118867163,0.07143378639513677,0.971767008304596
37,2,6,0.49368026852607727,0.07002012431621552,0.6004474501935639,0.07033792610825357,0.9676474332809448
37,2,7,0.6794782280921936,0.0759124904870987,0.7578406769527445,0.08746570234293562,0.977252721786499
37,2,8,0.4726370573043823,0.08144330233335495,0.5605053690219863,0.07937433218738149,0.9711815118789673
37,2,9,0.6104009747505188,0.10581930726766586,0.6907175096014112,0.11224532715838327,0.9812278747558594
37,2,10,0.5379900932312012,0.10779344290494919,0.6189201209707458,0.10696335546749434,0.9774324297904968
37,2,11,0.803946316242218,0.18981289863586426,0.8467457288421165,0.18181399086769023,0.9952991008758545
37,2,12,0.2475365251302719,0.17262892425060272,0.30341596080887206,0.17677040182154696,0.9894689321517944
37,2,13,0.9062851667404175,0.35514116287231445,0.8975862366457296,0.3315299213266629,0.749159038066864
37,2,14,0.29924651980400085,0.34953176975250244,0.25312552224307816,0.35284278528829727,0.5461837649345398
37,2,15,0.8724708557128906,0.4407329559326172,0.8879384182086527,0.3908028737090485,0.682091236114502
37,2,16,0.38433969020843506,0.4260519742965698,0.27993974764723134,0.4668769041668012,0.5249268412590027
37,2,17,0.8762858510017395,0.48297494649887085,0.8859697837404157,0.41611022071102566,0.648204505443573
37,2,18,0.4652937650680542,0.4544100761413574,0.2713379857907401,0.5094519799017613,0.49889257550239563
37,2,19,0.8419445157051086,0.45887723565101624,0.8953559021373203,0.39780857593617325,0.6554715633392334
37,2,20,0.49195432662963867,0.4463861882686615,0.3051583642318627,0.5052262795597386,0.5126913189888
37,2,21,0.8116386532783508,0.4557352364063263,0.8730771035759792,0.39184409651164653,0.662074089050293
37,2,22,0.48301467299461365,0.43353116512298584,0.32608306650068797,0.4908042584880891,0.5404967665672302
37,2,23,0.767991840839386,0.5042089223861694,0.7894991948853289,0.45635933946120727,0.9737221002578735
37,2,24,0.36732691526412964,0.5114723443984985,0.4284908210894889,0.46825953608507936,0.9589506387710571
37,2,25,0.7322795391082764,0.7339221239089966,0.7536984853055251,0.7065723557590771,0.7413185238838196
37,2,26,0.4004385769367218,0.7417537569999695,0.48851472908771765,0.7191000978617167,0.5958290100097656
37,2,27,0.6942934393882751,0.9213855862617493,0.7058138090722197,0.9044704983308531,0.5319774150848389
37,2,28,0.4392622709274292,0.948298454284668,0.5206186740600437,0.9334543400976515,0.509261965751648
37,2,29,0.635553240776062,0.9281631112098694,0.6556516749631625,0.9152690175068884,0.5357515811920166
37,2,30,0.45187291502952576,0.9558374881744385,0.5271728227840985,0.944766513552205,0.4641434848308563
37,2,31,0.6829939484596252,1.010462999343872,0.7199373783473205,0.9900808162892465,0.48310765624046326
37,2,32,0.5097934007644653,1.117440938949585,0.5621067710229133,1.0238861278394615,0.45379188656806946
38,1,0,0.12421645224094391,0.1280127316713333,0.19457919479202332,0.14940931271375896,0.9551746249198914
38,1,1,0.1656728982925415,0.1112898588180542,0.20639488112207255,0.12451704784352918,0.9478814005851746
38,1,2,0.19393602013587952,0.1110319122672081,0.2221642238379244,0.121547454589986,0.9564966559410095
38,1,3,0.21033857762813568,0.10915737599134445,0.23586995962783006,0.11810591934607084,0.9583609104156494
38,1,4,0.13457709550857544,0.1185191348195076,0.18370807978662157,0.1288085726562173,0.9490789175033569
38,1,5,0.11754601448774338,0.11942480504512787,0.1784856333202695,0.12846103923438282,0.9437299370765686
38,1,6,0.11166302859783173,0.11763637512922287,0.17594498397993866,0.12747895072469104,0.9371799230575562
38,1,7,0.25844258069992065,0.1168726310133934,0.29835170800392025,0.10819981767626793,0.9625203609466553
38,1,8,0.1622662991285324,0.120359405875206,0.23221691634322855,0.12014474651589889,0.9451303482055664
38,1,9,0.2069420963525772,0.1582435518503189,0.2639242014850037,0.16144308648231237,0.9655373096466064
38,1,10,0.14511939883232117,0.1677825003862381,0.23030955741756326,0.16648432076030678,0.9583684802055359
38,1,11,0.3738066554069519,0.19930145144462585,0.4924403360180177,0.19063139582085514,0.9951289892196655
38,1,12,-0.16548480093479156,0.2520309090614319,0.25815739158180806,0.20995145033165605,0.9831355810165405
38,1,13,0.5502923727035522,0.43556350469589233,0.5964991470846851,0.4072041032767447,0.7625366449356079
38,1,14,0.024453800171613693,0.4956318140029907,0.28523973456018886,0.40226478537703947,0.5004723072052002
38,1,15,0.33714011311531067,0.45118191838264465,0.30010722013219104,0.4413896457419261,0.6775932312011719
38,1,16,0.18484993278980255,0.4561876952648163,0.17784810989320785,0.4280790795779233,0.5007006525993347
38,1,17,0.2391182780265808,0.487434983253479,0.2086023260747677,0.4733902044467309,0.6421088576316833
38,1,18,0.23440015316009521,0.4778093099594116,0.15476714750883191,0.4577320235755284,0.48409536480903625
38,1,19,0.21466827392578125,0.4511870741844177,0.1931865915503273,0.4388404704472738,0.6510109901428223
38,1,20,0.2764866054058075,0.49250781536102295,0.17019019056897314,0.4542807288646141,0.4991868734359741
38,1,21,0.20934085547924042,0.4480116367340088,0.21582374327727805,0.43174254283198094,0.6560304760932922
38,1,22,0.27292904257774353,0.4798031151294708,0.18419652206346296,0.4407978475531467,0.5245883464813232
38,1,23,0.3244706690311432,0.688527524471283,0.5719218923880244,0.5995941248132659,0.9568081498146057
38,1,24,-0.07699517905712128,0.7265542149543762,0.40763314932004746,0.6257248246704262,0.9406211376190186
38,1,25,0.44801270961761475,1.1758785247802734,0.7287492901589305,0.94175473583957,0.7132576107978821
38,1,26,-0.05846748501062393,1.163374662399292,0.4412763855115548,0.9460562533431974,0.5531800985336304
38,1,27,0.626585841178894,1.6314233541488647,0.822789917035767,1.291922595026412,0.4854606091976166
38,1,28,0.3440213203430176,1.6214274168014526,0.6961365980228822,1.2961444227388694,0.4628937542438507
38,1,29,0.6608384847640991,1.691111445426941,0.8546591540815451,1.3330626248863031,0.489915132522583
38,1,30,0.41182175278663635,1.6686608791351318,0.7608008948063719,1.3350396469880568,0.42452219128608704
38,1,31,0.6269506216049194,1.7771614789962769,0.7950613782992186,1.41699594307026,0.43832284212112427
38,1,32,0.427832692861557,1.7880140542984009,0.692233166758806,1.421426942760629,0.4107692539691925
38,2,0,0.5546886324882507,0.11311802268028259,0.652024169898922,0.094602114300185,0.9570226669311523
38,2,1,0.5854060649871826,0.09594537317752838,0.6921203996760783,0.08024189050364006,0.9465247988700867
38,2,2,0.6086796522140503,0.09604883193969727,0.712052615897312,0.08137833191433501,0.9549600481987
38,2,3,0.6299006342887878,0.0954751968383789,0.7310094529298451,0.08232640122283803,0.9551355838775635
38,2,4,0.5204454064369202,0.09769496321678162,0.6297631255413603,0.07709191020105477,0.9488304257392883
38,2,5,0.49410778284072876,0.09924740344285965,0.6040105224623256,0.07625431779197098,0.9445082545280457
38,2,6,0.4674537479877472,0.09994708001613617,0.5773246824646512,0.07546992864011522,0.9380126595497131
38,2,7,0.6351948976516724,0.10953564196825027,0.7365237034395044,0.0912901053007924,0.957021951675415
38,2,8,0.4285889267921448,0.11201377958059311,0.5375706836883473,0.08503207484623607,0.9445210695266724
38,2,9,0.5870449542999268,0.13684004545211792,0.6727084753651418,0.11650756132718008,0.9642965793609619
38,2,10,0.5038055181503296,0.13879849016666412,0.5989166282099182,0.11248154468133213,0.9583852291107178
38,2,11,0.7726579308509827,0.22952362895011902,0.8338873178090899,0.1900877508213028,0.9946825504302979
38,2,12,0.14207346737384796,0.20414292812347412,0.275340748635857,0.18151442249792557,0.9845104217529297
38,2,13,0.9549118280410767,0.3567822575569153,0.9075304481923984,0.3359062068286028,0.7447870373725891
38,2,14,0.21599885821342468,0.3940597474575043,0.24668910470449845,0.3599892016341423,0.5352915525436401
38,2,15,0.8856712579727173,0.47402554750442505,0.8875457849677724,0.40525064259247096,0.6506447196006775
38,2,16,0.33735382556915283,0.5122484564781189,0.2898994243015841,0.47474464761377516,0.524431049823761
38,2,17,0.876217782497406,0.5159932971000671,0.8842805250435177,0.4334589532956074,0.6136074662208557
38,2,18,0.42950087785720825,0.5565983057022095,0.29885772001737126,0.517627916890565,0.5038132071495056
38,2,19,0.8630622625350952,0.5056703686714172,0.8897581497043794,0.41654761077680674,0.6224803328514099
38,2,20,0.46116065979003906,0.5569062232971191,0.33230053502737045,0.514189637751523,0.5185484290122986
38,2,21,0.8421610593795776,0.4928418695926666,0.8677183613195921,0.4093870318676151,0.6314921379089355
38,2,22,0.48742395639419556,0.5410401225090027,0.3541584459697732,0.4995167778192532,0.5442939400672913
38,2,23,0.7663871049880981,0.5423216819763184,0.7854940782186124,0.47128396058673244,0.9601597785949707
38,2,24,0.3194303512573242,0.5447397828102112,0.4095428429270735,0.48153412045376964,0.9458603262901306
38,2,25,0.7912670373916626,0.7673348784446716,0.7602116150670907,0.7171138632535415,0.7284872531890869
38,2,26,0.36371544003486633,0.7935376167297363,0.46682214753327067,0.7320193298830133,0.581963062286377
38,2,27,0.7799428701400757,1.0289809703826904,0.7186794126554787,0.9261127318238873,0.5103322863578796
38,2,28,0.47128552198410034,0.9682425856590271,0.5120629685044517,0.9394849474500627,0.4900493919849396
38,2,29,0.706646203994751,0.9516740441322327,0.6644959942814943,0.9215802020394596,0.5077115893363953
38,2,30,0.48854926228523254,0.9763315916061401,0.5204766027107741,0.9502378486175365,0.4446437656879425
38,2,31,0.7606947422027588,1.0582759380340576,0.7270040092915392,1.001914426880286,0.4579413831233978
38,2,32,0.508605420589447,1.0461416244506836,0.5528270041742805,1.0277427158031929,0.4332912564277649
39,2,0,0.47870129346847534,0.08537846803665161,0.6218532939239912,0.09300440597797337,0.9611978530883789
39,2,1,0.5380939841270447,0.07342687249183655,0.6653239427915798,0.0790614871421839,0.9514305591583252
39,2,2,0.5598219633102417,0.0759265124797821,0.685570005307642,0.08043408167615208,0.9589393138885498
39,2,3,0.580899178981781,0.07889333367347717,0.7048973756433252,0.08173183307390817,0.9590145945549011
39,2,4,0.4777836203575134,0.06803464889526367,0.6033243800201595,0.07552303075225675,0.9536008834838867
39,2,5,0.45638900995254517,0.06656381487846375,0.5783332444346932,0.07457571768052657,0.9497666954994202
39,2,6,0.43766868114471436,0.06498470902442932,0.5530387040472561,0.07365362343342073,0.9439465999603271
39,2,7,0.6135161519050598,0.09456685185432434,0.7151435783449448,0.09185759778036491,0.9604403376579285
39,2,8,0.406737744808197,0.0723513662815094,0.5148250634439505,0.08283531059160577,0.9498153328895569
39,2,9,0.5043296217918396,0.11035242676734924,0.643402596479816,0.11544147506583717,0.9678101539611816
39,2,10,0.42027127742767334,0.10083356499671936,0.5678143481719334,0.11046374956235838,0.9625106453895569
39,2,11,0.7154513597488403,0.19202852249145508,0.8133046681546169,0.19042385534724296,0.99509197473526
39,2,12,0.1673177182674408,0.17473958432674408,0.2565735227630345,0.18034098003984297,0.9860198497772217
39,2,13,0.8187695741653442,0.3407954275608063,0.8921186621102137,0.3367530013182592,0.7613492608070374
39,2,14,0.14699241518974304,0.33542031049728394,0.22937285204803778,0.35573144853715805,0.5759148001670837
39,2,15,0.8984534740447998,0.46907657384872437,0.8894352939852821,0.41632463652163465,0.6260872483253479
39,2,16,0.15179507434368134,0.47271275520324707,0.2658847440786542,0.4743927620786059,0.5460642576217651
39,2,17,0.9050976037979126,0.5021476745605469,0.8878876852891082,0.4453783997677735,0.5823042392730713
39,2,18,0.14396581053733826,0.5202293395996094,0.2719106267306467,0.5180784426800744,0.5183770656585693
39,2,19,0.8721683621406555,0.5061928033828735,0.8867104974488161,0.432113377616367,0.591234564781189
39,2,20,0.16659265756607056,0.520209550857544,0.3034625415167268,0.515232299835214,0.5336390733718872
39,2,21,0.8599172830581665,0.4932376742362976,0.8663671232493806,0.4239441203216666,0.599088191986084
39,2,22,0.18242105841636658,0.5023444294929504,0.3242656759820878,0.5000064862254308,0.5555984973907471
39,2,23,0.6376610994338989,0.45167332887649536,0.759780050927585,0.467885975891283,0.9629462957382202
39,2,24,0.332335889339447,0.4564891457557678,0.3961418064700348,0.4771938033899288,0.9503100514411926
39,2,25,0.6131264567375183,0.6765580177307129,0.7346282644917553,0.710082220564295,0.7511768937110901
39,2,26,0.3585984706878662,0.6838063597679138,0.4480200108783859,0.7236581600613324,0.6096139550209045
39,2,27,0.6256215572357178,0.8450596928596497,0.7025194881494364,0.9120425658183906,0.5466887354850769
39,2,28,0.421530157327652,0.8212875127792358,0.4963427085897001,0.9189439307256022,0.5149881839752197
39,2,29,0.63089519739151,0.8545918464660645,0.6586714580673237,0.9099564274752345,0.4889841377735138
39,2,30,0.4468691349029541,0.8353981971740723,0.5077017673517622,0.9302823686833256,0.44369614124298096
39,2,31,0.5501980185508728,0.8753863573074341,0.6962238117549038,0.9799202035490897,0.48459434509277344
39,2,32,0.4003019630908966,0.8747493028640747,0.526293103052974,1.0011270272039847,0.4605529010295868
40,1,0,0.21920418739318848,0.13791482150554657,0.20185284144410287,0.14601507656315502,0.965006947517395
40,1,1,0.22639138996601105,0.11537360399961472,0.2123007881322542,0.12181719689680362,0.9562073349952698
40,1,2,0.23582375049591064,0.11319056153297424,0.22619796506878895,0.11907989661426174,0.9629741907119751
40,1,3,0.24517841637134552,0.11105529218912125,0.23861854225986814,0.11602412474709271,0.9630424380302429
40,1,4,0.21201030910015106,0.11684378981590271,0.19206857033431704,0.1252754268320172,0.9580788016319275
40,1,5,0.21083635091781616,0.11576690524816513,0.18804289152203735,0.12471245964750395,0.9546223878860474
40,1,6,0.20997875928878784,0.1146940290927887,0.18599983054119754,0.1237035540302596,0.9493526816368103
40,1,7,0.3055756986141205,0.1020757257938385,0.3004846963796118,0.10639163198816845,0.9643393158912659
40,1,8,0.23441554605960846,0.10770969837903976,0.23286602241567853,0.11647269583818734,0.9546231627464294
40,1,9,0.2686035633087158,0.150542214512825,0.2653057742073859,0.15822418358974,0.9709966778755188
40,1,10,0.2324361652135849,0.15083393454551697,0.23093739895706275,0.1618624613039638,0.9661566615104675
40,1,11,0.5153871774673462,0.19005346298217773,0.49921803844453105,0.19046077733007769,0.9955770373344421
40,1,12,0.3466775715351105,0.1870337724685669,0.2843397134216364,0.20318234995976198,0.9872938990592957
40,1,13,0.6214783191680908,0.3924212157726288,0.6038774661699231,0.40283851665966197,0.784830629825592
40,1,14,0.30641689896583557,0.3359874486923218,0.29149443422683613,0.38267022940187434,0.5620633363723755
40,1,15,0.3068440556526184,0.4363056421279907,0.30209634978245836,0.4398885880701104,0.6629220247268677
40,1,16,0.14498397707939148,0.3989025354385376,0.16813905857722533,0.4194601384433899,0.5444635152816772
40,1,17,0.19860273599624634,0.4603109657764435,0.2056496189741025,0.46952787065763246,0.6228208541870117
40,1,18,0.07792608439922333,0.43137848377227783,0.13204427089900134,0.4499474938589031,0.5207052826881409
40,1,19,0.1900768280029297,0.43093279004096985,0.19226847010640563,0.4365055750617867,0.6308761239051819
40,1,20,0.07942795753479004,0.4246886074542999,0.14334257009973228,0.44553894759048945,0.5366285443305969
40,1,21,0.22333988547325134,0.41691499948501587,0.218043009862217,0.4273637628754706,0.6374626755714417
40,1,22,0.09955693036317825,0.41162964701652527,0.15916329209706856,0.4321813758084495,0.5586251020431519
40,1,23,0.6356568932533264,0.5570011138916016,0.590763599978297,0.5870082211527499,0.9645383358001709
40,1,24,0.5235305428504944,0.5597313046455383,0.4419330001464994,0.6062143300893207,0.9515433311462402
40,1,25,0.8025415539741516,0.7954188585281372,0.7505689335480745,0.8984165043128536,0.760123610496521
40,1,26,0.5858132243156433,0.7797713279724121,0.4840782891258492,0.8967886443972954,0.6053363084793091
40,1,27,0.8973129391670227,0.9984899759292603,0.8448261749798242,1.2047454915740916,0.5498104095458984
40,1,28,0.6716489195823669,0.995627224445343,0.6889033007882276,1.206848668966566,0.49622222781181335
40,1,29,0.9221227169036865,0.9653750061988831,0.8746048603812774,1.223650254997673,0.49712231755256653
40,1,30,0.7186118364334106,1.0204347372055054,0.7483340696483572,1.2415296854332312,0.4402611255645752
40,1,31,0.8502342104911804,1.1022292375564575,0.8113690005493379,1.32343812520472,0.48663073778152466
40,1,32,0.6230229139328003,1.0110549926757812,0.6717698392828546,1.2992010801431981,0.44403722882270813
40,2,0,0.5319567918777466,0.09715624153614044,0.6062436468167072,0.09372347210965763,0.9684823155403137
40,2,1,0.5860682129859924,0.08121219277381897,0.6515663520486646,0.07943395047512394,0.9605200290679932
40,2,2,0.6071949601173401,0.08316143602132797,0.6719656529898967,0.0809064183251681,0.9666054248809814
40,2,3,0.6270095705986023,0.08509401232004166,0.6913778016796437,0.08231412292879907,0.9666643738746643
40,2,4,0.5219895243644714,0.0776166096329689,0.5892050007159209,0.07588560015617318,0.9622107744216919
40,2,5,0.5006816983222961,0.0769483745098114,0.5648547606862971,0.07498662171441448,0.9591077566146851
40,2,6,0.48069679737091064,0.0762871652841568,0.5404838503298475,0.0741097119237133,0.9543678164482117
40,2,7,0.6590455770492554,0.0948081910610199,0.7054126081290213,0.09236859948469527,0.9677481055259705
40,2,8,0.4613170921802521,0.0840829387307167,0.5055440774820175,0.08305137138510145,0.9590920805931091
40,2,9,0.5669093728065491,0.1210157722234726,0.6301256524550782,0.11640694195941514,0.9738796949386597
40,2,10,0.4824574291706085,0.11753925681114197,0.5529949806396036,0.1116892810361614,0.9695246815681458
40,2,11,0.8575016260147095,0.19333113729953766,0.8209684307360193,0.1909273555729103,0.9959816336631775
40,2,12,0.2931535243988037,0.1949003040790558,0.26291503938247746,0.18286333249988526,0.9885402321815491
40,2,13,0.9723500609397888,0.34509068727493286,0.9060458735350017,0.3381972065670904,0.8005102276802063
40,2,14,0.2740591764450073,0.365742027759552,0.23712160378204122,0.3574655100370131,0.602864682674408
40,2,15,0.8632528781890869,0.4746478497982025,0.8848976918153969,0.4264422274101965,0.6843109726905823
40,2,16,0.2379864603281021,0.4896794557571411,0.2610495410663659,0.47704118792853417,0.5804519653320312
40,2,17,0.8547226786613464,0.5194278359413147,0.8821387457859421,0.4582301545375197,0.6421849727630615
40,2,18,0.17255599796772003,0.5323131680488586,0.25465412184181857,0.5205445366981877,0.5543001294136047
40,2,19,0.817893922328949,0.5133103728294373,0.8747688161183158,0.4462086666342024,0.6499692797660828
40,2,20,0.1973653882741928,0.5313351154327393,0.2850312807536468,0.5180221876154567,0.5692479610443115
40,2,21,0.8030595779418945,0.49911150336265564,0.8553832303539813,0.43699034681046084,0.6563608646392822
40,2,22,0.2156595140695572,0.517354428768158,0.3053970808387151,0.50301221030771,0.5897737741470337
40,2,23,0.7640498876571655,0.480758398771286,0.760519554173161,0.47011596778019055,0.9679558277130127
40,2,24,0.4194965660572052,0.4974295198917389,0.4001889954977604,0.480700171721876,0.9562126398086548
40,2,25,0.6523622274398804,0.721757173538208,0.7203469430325463,0.7121046907686783,0.7778688073158264
40,2,26,0.4056026041507721,0.7302340269088745,0.4406651719095893,0.7247971329274787,0.6337705850601196
40,2,27,0.591781735420227,0.9319785833358765,0.6832791535660933,0.9154969735676263,0.5800836086273193
40,2,28,0.42637187242507935,0.8610303401947021,0.4842003274203628,0.9088975164319824,0.5124635696411133
40,2,29,0.5707233548164368,0.9545172452926636,0.6434011996191563,0.9176833891025075,0.4945580065250397
40,2,30,0.45838335156440735,0.8732541799545288,0.49914860541442846,0.9203898100967249,0.4293157756328583
40,2,31,0.5469711422920227,1.013548493385315,0.6702616197167899,0.9857495172054256,0.5114693641662598
40,2,32,0.4014323353767395,0.968881368637085,0.5045896734793507,0.9955375990694082,0.4594033658504486
41,1,0,0.23356769979000092,0.11946763098239899,0.20735015491184763,0.14141416684272187,0.9715818762779236
41,1,1,0.23781228065490723,0.09525851160287857,0.21672201571983613,0.11721433791311903,0.9644167423248291
41,1,2,0.24873429536819458,0.092716284096241,0.23010323822290266,0.11451087233465664,0.9698917269706726
41,1,3,0.2598281502723694,0.0900120884180069,0.24229376389407367,0.1115160790731813,0.9699484705924988
41,1,4,0.21857884526252747,0.09761517494916916,0.19666302806622774,0.12048149781695627,0.9658971428871155
41,1,5,0.21662196516990662,0.09684763848781586,0.1929961969028527,0.11988304608292723,0.9630801677703857
41,1,6,0.21395929157733917,0.09589938819408417,0.1908456547195415,0.11888466174451372,0.9588151574134827
41,1,7,0.3088383674621582,0.08338789641857147,0.3019316694919652,0.10240530363408186,0.970935583114624
41,1,8,0.2394595593214035,0.08938747644424438,0.23400805497478344,0.11177850954567604,0.9631027579307556
41,1,9,0.28925174474716187,0.1267600804567337,0.2694554956925564,0.15277036839072344,0.9764624238014221
41,1,10,0.2531599998474121,0.13264760375022888,0.23478826716350626,0.15679885990399772,0.972527027130127
41,1,11,0.4682675898075104,0.18015626072883606,0.4938533252969641,0.1886757839265567,0.9963650107383728
41,1,12,0.35823941230773926,0.16469693183898926,0.29716496778048673,0.19651009501017638,0.9896200299263
41,1,13,0.578874409198761,0.3706437647342682,0.5995444076205079,0.39725793365777123,0.818510115146637
41,1,14,0.2805189788341522,0.31503531336784363,0.2895931566168468,0.37093404600055196,0.576568603515625
41,1,15,0.29753413796424866,0.41333743929862976,0.30130619990376495,0.43528703585197853,0.7135996222496033
41,1,16,0.13030476868152618,0.40198516845703125,0.16157981772620694,0.4164323938393826,0.5552310943603516
41,1,17,0.2358390986919403,0.4486596882343292,0.21088229668864122,0.46591184486162984,0.6743052005767822
41,1,18,0.08935394138097763,0.43796759843826294,0.12464208090424413,0.4478721779693764,0.531670093536377
41,1,19,0.2191971242427826,0.42484912276268005,0.19693549953004996,0.4344863110999774,0.681263267993927
41,1,20,0.10056817531585693,0.4376298189163208,0.13592579766882756,0.4441689921760843,0.5458642840385437
41,1,21,0.2408836930990219,0.41481083631515503,0.2220010630104925,0.42518914285506587,0.6860193610191345
41,1,22,0.11290782690048218,0.4226553440093994,0.15114208021943773,0.4305312732579599,0.5671421885490417
41,1,23,0.5289962291717529,0.5075879693031311,0.5800473326453394,0.5732221566596953,0.9672324061393738
41,1,24,0.642771303653717,0.5223124027252197,0.4769204714183807,0.5916483765936125,0.9568370580673218
41,1,25,0.5442407131195068,0.7614432573318481,0.7146171436582028,0.8745994285412496,0.7351680994033813
41,1,26,0.8142189979553223,0.7803530693054199,0.5418122252007709,0.8765550853998071,0.5990588068962097
41,1,27,0.5108150243759155,1.0044931173324585,0.786405357849295,1.1698598566459368,0.5389920473098755
41,1,28,1.172322154045105,1.0595107078552246,0.7738279599896515,1.1812215946210785,0.4773913025856018
41,1,29,0.48306772112846375,1.0443624258041382,0.8060055308878813,1.1924361884444756,0.489820271730423
41,1,30,1.223459243774414,1.0909024477005005,0.831781390666461,1.215327942607933,0.42787009477615356
41,1,31,0.3719381093978882,1.069156527519226,0.7342696641074746,1.2790689782897684,0.4733729362487793
41,1,32,1.1819543838500977,1.1497855186462402,0.7614684091604199,1.2732108564702138,0.42359647154808044
41,2,0,0.48528414964675903,0.08425895124673843,0.5852206847340643,0.09208402787988614,0.9744042754173279
41,2,1,0.5374317765235901,0.06809432059526443,0.631733632956622,0.07746958913895118,0.9679087400436401
41,2,2,0.5625560879707336,0.06893914192914963,0.6529566757387592,0.07883329081380674,0.9728456139564514
41,2,3,0.5887638926506042,0.06985172629356384,0.6735531441584682,0.0801551920918859,0.9728824496269226
41,2,4,0.4786210060119629,0.06658340990543365,0.5699912879276224,0.07427428271807357,0.9692528247833252
41,2,5,0.46464797854423523,0.06617393344640732,0.5474494747161649,0.07346011787560139,0.9667314887046814
41,2,6,0.4495682716369629,0.06595764309167862,0.5246967862185494,0.07269766638658028,0.962890625
41,2,7,0.6450682878494263,0.08249910175800323,0.6949437279423109,0.09065898433442464,0.973716139793396
41,2,8,0.459259957075119,0.07257122546434402,0.49751781885994484,0.08123594529525742,0.9667200446128845
41,2,9,0.5345129370689392,0.10600920766592026,0.6135206336778117,0.11460579602103445,0.9787824749946594
41,2,10,0.468099981546402,0.1019861027598381,0.5382560199107387,0.11000848461783243,0.9752478003501892
41,2,11,0.8010650277137756,0.18252556025981903,0.8175196735086753,0.18947204335280873,0.9966527223587036
41,2,12,0.24285376071929932,0.1727237105369568,0.25943890314560253,0.18110691173995136,0.9906391501426697
41,2,13,0.909003734588623,0.3379497230052948,0.9065581339736343,0.3381543493475491,0.8337604999542236
41,2,14,0.18274959921836853,0.34608808159828186,0.22769057349853347,0.3554945991234585,0.6159068942070007
41,2,15,0.8574891686439514,0.4812474846839905,0.880147421926222,0.43594854240413095,0.7324203252792358
41,2,16,0.10583405941724777,0.4892004430294037,0.23404550639796917,0.4791475856881296,0.5923346281051636
41,2,17,0.8588652610778809,0.5269091725349426,0.8781056358954474,0.47014792657971455,0.6905562877655029
41,2,18,0.09999383985996246,0.5325978398323059,0.22774724548806954,0.5226325733457301,0.5657994151115417
41,2,19,0.8259968757629395,0.5166499614715576,0.8663105456072329,0.45843289956828304,0.6972799897193909
41,2,20,0.14744287729263306,0.5303444266319275,0.26110672074787505,0.5201568302529374,0.5794788002967834
41,2,21,0.8118190169334412,0.5035262703895569,0.8478292891533854,0.44853549484774924,0.702284038066864
41,2,22,0.14161358773708344,0.5169807076454163,0.2768952244052451,0.5054321620559619,0.5998759269714355
41,2,23,0.6807732582092285,0.4631461501121521,0.7466766971388058,0.4689087476277319,0.9701691269874573
41,2,24,0.3377548158168793,0.47477853298187256,0.38935691100119185,0.47967453545634986,0.9609501957893372
41,2,25,0.5650165677070618,0.7104997634887695,0.6933226839657183,0.7118267510096448,0.7577434182167053
41,2,26,0.3416120707988739,0.7162398099899292,0.4234609752354578,0.7233148740253232,0.6341829895973206
41,2,27,0.5631434321403503,0.9009623527526855,0.6624000397264873,0.9129789055141981,0.5791411399841309
41,2,28,0.43349242210388184,0.8770371079444885,0.4754058122047732,0.903374930821966,0.5208434462547302
41,2,29,0.5598837733268738,0.9217401742935181,0.6289021331849562,0.9183859911486318,0.511432945728302
41,2,30,0.4771883189678192,0.8947697281837463,0.4953432163244463,0.9159497358745136,0.45309773087501526
41,2,31,0.47323763370513916,0.9979526996612549,0.6359407126915467,0.9878635242343287,0.5145318508148193
41,2,32,0.3528289794921875,0.9835872054100037,0.47818920511004487,0.9934673934602053,0.4671046733856201
42,1,0,0.2151854783296585,0.09474651515483856,0.20870732180690937,0.1333213578196721,0.9768824577331543
42,1,1,0.22610169649124146,0.0877186506986618,0.21834675873037251,0.11210201863873981,0.9710680246353149
42,1,2,0.23665638267993927,0.08731663972139359,0.23123827379790204,0.1097977768966844,0.9755173921585083
42,1,3,0.24749286472797394,0.08744080364704132,0.24319423602905388,0.10734392823887409,0.9755529761314392
42,1,4,0.20966626703739166,0.08414120227098465,0.19891568709421825,0.11418154689551739,0.9722145199775696
42,1,5,0.20829732716083527,0.08037930727005005,0.19564712152223832,0.11303403045727076,0.9698917269706726
42,1,6,0.20803050696849823,0.07645558565855026,0.19382310304778894,0.11152781572452745,0.9663688540458679
42,1,7,0.300403892993927,0.0871904045343399,0.301667090964794,0.09976932316587217,0.9763171672821045
42,1,8,0.23643794655799866,0.07579532265663147,0.2344288713887018,0.10554053392245652,0.9698851108551025
42,1,9,0.26431065797805786,0.11042910814285278,0.2685644218621578,0.145428768291519,0.980872392654419
42,1,10,0.23565027117729187,0.09532654285430908,0.2349375446861725,0.1461339841979448,0.9776181578636169
42,1,11,0.44746387004852295,0.17797209322452545,0.48580880845643604,0.18682162156428914,0.9969767332077026
42,1,12,0.28803277015686035,0.1608342081308365,0.29558306143100305,0.1903254510333611,0.9910333156585693
42,1,13,0.539028525352478,0.3658130168914795,0.5890457531027166,0.39180744741758444,0.8495599031448364
42,1,14,0.23262298107147217,0.3063235580921173,0.2797105982076888,0.35972367564254376,0.5724747180938721
42,1,15,0.39896026253700256,0.4127498269081116,0.3182666487831049,0.4313816059527109,0.7575300931930542
42,1,16,0.09569279849529266,0.4035842716693878,0.15014752096486414,0.41420661474638565,0.5660051703453064
42,1,17,0.29688960313796997,0.4511337876319885,0.22581474006130753,0.46335158060414006,0.71877521276474
42,1,18,0.04511008784174919,0.3974767029285431,0.1108365637598545,0.4391319317941643,0.5430050492286682
42,1,19,0.28884297609329224,0.4307265281677246,0.21289514230336126,0.43383515308744175,0.725127100944519
42,1,20,0.035733647644519806,0.39128950238227844,0.11852325675983945,0.4349972565730948,0.556644856929779
42,1,21,0.32512402534484863,0.42181289196014404,0.23991427697226547,0.4246044156307536,0.729390561580658
42,1,22,0.04590272530913353,0.39648839831352234,0.1328601020706187,0.42463001002495804,0.5783746242523193
42,1,23,0.5011148452758789,0.5025676488876343,0.5663459882770584,0.5609608888171305,0.9707057476043701
42,1,24,0.4849291741847992,0.49482008814811707,0.47830763382788133,0.574831781617106,0.9568730592727661
42,1,25,0.6559909582138062,0.7296165823936462,0.7044467523343143,0.8493834720190536,0.7550607323646545
42,1,26,0.5085864067077637,0.7060528993606567,0.5360525767417433,0.8468780862008604,0.6013143062591553
42,1,27,0.7169639468193054,0.9356108903884888,0.7743548008338371,1.129009972631766,0.5588361024856567
42,1,28,0.7078312039375305,0.9334493279457092,0.7623767195893782,1.137996047464675,0.4807477295398712
42,1,29,0.7296654582023621,0.8637447357177734,0.7927549715584463,1.134955568379725,0.5142351388931274
42,1,30,0.7805972695350647,0.9608338475227356,0.8229042611029018,1.170920873711493,0.4418153166770935
42,1,31,0.6747391819953918,0.8564873337745667,0.7239419614344982,1.2049636466286966,0.4909728765487671
42,1,32,0.6369589567184448,1.0157010555267334,0.7398269442829154,1.2282732680771538,0.4312445819377899
42,2,0,0.5181987881660461,0.0856052115559578,0.5735909602026148,0.09096186805714433,0.9790295958518982
42,2,1,0.5698336362838745,0.07115820050239563,0.6209943237822061,0.07637643401539343,0.9734485745429993
42,2,2,0.5972405672073364,0.07231970876455307,0.6432920344914691,0.07770510819977056,0.9774680137634277
42,2,3,0.6240673065185547,0.0739806741476059,0.6649708284815935,0.07908574784141155,0.9773696660995483
42,2,4,0.4954665005207062,0.06819990277290344,0.5570567505407348,0.07322218587977869,0.9746476411819458
42,2,5,0.4731062650680542,0.06732119619846344,0.5345465283774687,0.07239684021117933,0.9726440906524658
42,2,6,0.4523545801639557,0.06646689772605896,0.5121418924589237,0.07161847761056232,0.9694979190826416
42,2,7,0.6697514057159424,0.08541704714298248,0.6905778290355802,0.08975109122919465,0.9776715040206909
42,2,8,0.45549872517585754,0.07441242039203644,0.4902321089488944,0.08005406822676546,0.9726054072380066
42,2,9,0.5686343312263489,0.10712453722953796,0.6057370932558555,0.11330996967082357,0.9825657606124878
42,2,10,0.48303940892219543,0.10140802711248398,0.5286781715826381,0.10851875217141853,0.9797316193580627
42,2,11,0.8039506077766418,0.18659137189388275,0.8151689452705705,0.18897315226383293,0.9967378973960876
42,2,12,0.26736563444137573,0.16624470055103302,0.2608119031131566,0.1785320620714944,0.991889476776123
42,2,13,0.8794171214103699,0.3358168601989746,0.9018542700103364,0.3377495362657645,0.8480157256126404
42,2,14,0.16281846165657043,0.32702475786209106,0.21643471110077456,0.35056023756783616,0.6089112162590027
42,2,15,0.9188514351844788,0.46790412068367004,0.8868576149281648,0.44148763871432667,0.7294760942459106
42,2,16,0.0863770842552185,0.48036137223243713,0.20836017700826814,0.4793577857383477,0.5935415029525757
42,2,17,0.9097720980644226,0.5124655365943909,0.8835945554683918,0.47748543900389034,0.687772274017334
42,2,18,0.057279229164123535,0.5028637051582336,0.19807608568970875,0.5192071510510391,0.5650321245193481
42,2,19,0.8639280796051025,0.5038689970970154,0.8658979418794353,0.4663118739650676,0.6939926743507385
42,2,20,0.0684957355260849,0.5033683776855469,0.22755934143927747,0.5172480957017039,0.578778862953186
42,2,21,0.8525469899177551,0.490220844745636,0.8486463710216524,0.45576324436153476,0.7011292576789856
42,2,22,0.09003713726997375,0.49519309401512146,0.24435531902897362,0.5036585101583567,0.6007134914398193
42,2,23,0.7117299437522888,0.4730871021747589,0.7406185656455985,0.46963240774621084,0.9722580909729004
42,2,24,0.3875623345375061,0.47587093710899353,0.38904612537915845,0.47901578866210126,0.9605677127838135
42,2,25,0.6096862554550171,0.7223221659660339,0.6788028103159958,0.7136448234469274,0.7764081358909607
42,2,26,0.35194364190101624,0.7251731753349304,0.4110496019386863,0.7236366954029064,0.6352091431617737
42,2,27,0.6202266812324524,0.9140217900276184,0.6550875646741562,0.9131595083864749,0.5940912961959839
42,2,28,0.39787977933883667,0.8970140814781189,0.4619492797482066,0.9022732052557638,0.5216924548149109
42,2,29,0.640850305557251,0.9262071847915649,0.6309719486045126,0.9197407112935346,0.5277363061904907
42,2,30,0.4581127464771271,0.9114207625389099,0.48888877321581375,0.9151653421115494,0.4695475101470947
42,2,31,0.5367108583450317,0.9789776802062988,0.6187055619029275,0.9863243438285095,0.522840678691864
42,2,32,0.30208414793014526,0.9850025773048401,0.44753140636977107,0.9920011598336266,0.47026073932647705
43,1,0,0.21592681109905243,0.14058266580104828,0.2099577963252085,0.1345790776641565,0.9808998107910156
43,1,1,0.22032803297042847,0.11485626548528671,0.2186898776627645,0.11257901292606565,0.9759194254875183
43,1,2,0.23144851624965668,0.11171910166740417,0.23127468184471797,0.11013051323815626,0.9795655012130737
43,1,3,0.24227498471736908,0.10862521827220917,0.24303504412505142,0.10756581866321158,0.9794625639915466
43,1,4,0.20099738240242004,0.11746624112129211,0.19927619813499078,0.11475041574589095,0.976819634437561
43,1,5,0.19804051518440247,0.11643882840871811,0.19606161679815517,0.11362370190873247,0.9749049544334412
43,1,6,0.19512328505516052,0.11514350771903992,0.19404826516086057,0.11215401551912318,0.9718540906906128
43,1,7,0.3013336658477783,0.09780129790306091,0.30160935087909185,0.09942849861608649,0.9797930121421814
43,1,8,0.23401986062526703,0.10456305742263794,0.23435804177335584,0.105371258584776,0.9748320579528809
43,1,9,0.2765359878540039,0.14883717894554138,0.2699451935642037,0.14601906546461865,0.9841920137405396
43,1,10,0.24391943216323853,0.15137754380702972,0.23649336291031753,0.1470421576948664,0.9814783930778503
43,1,11,0.4496338963508606,0.18628491461277008,0.4795375458165517,0.18672867813268706,0.9970454573631287
43,1,12,0.33598339557647705,0.16947287321090698,0.3025875559848637,0.18671213094595115,0.9923301339149475
43,1,13,0.5276361107826233,0.3836517930030823,0.5783917546063904,0.39039478036712355,0.8624916672706604
43,1,14,0.21219554543495178,0.3066694140434265,0.2679951407971704,0.3505215749377908,0.5981665253639221
43,1,15,0.2625683844089508,0.4249102473258972,0.30860520673863434,0.43026073778436336,0.7551088929176331
43,1,16,0.07958807051181793,0.4124011695384979,0.1379027701089701,0.41389394739598945,0.5919172763824463
43,1,17,0.1686486452817917,0.45442476868629456,0.21589824765732998,0.4618053029964547,0.7163789868354797
43,1,18,-0.0305564496666193,0.4826146960258484,0.08624742633875164,0.446671708765696,0.5632584691047668
43,1,19,0.16114996373653412,0.42564937472343445,0.20392046750958157,0.4324172669027634,0.7220852375030518
43,1,20,-0.03319500759243965,0.4802806079387665,0.09213036645228738,0.4428496770492602,0.5767607092857361
43,1,21,0.19332042336463928,0.415134996175766,0.23183429820639437,0.42296412239535364,0.728266716003418
43,1,22,-0.005609411280602217,0.47573956847190857,0.10878147471537003,0.4334942834330371,0.6001920104026794
43,1,23,0.5903090238571167,0.5221965312957764,0.5704986387719039,0.5542402121524213,0.9732440710067749
43,1,24,0.4928804337978363,0.49826809763908386,0.48083225504603816,0.56154267765947,0.959802508354187
43,1,25,0.7580106854438782,0.7731893658638,0.7137372634102552,0.8361587031786523,0.7845399975776672
43,1,26,0.5287582278251648,0.7502472996711731,0.5347891023200417,0.8300958890227685,0.6042445302009583
43,1,27,0.8523491024971008,0.9234224557876587,0.7878925556596789,1.093188482202262,0.580859899520874
43,1,28,0.7236070036888123,1.0116983652114868,0.7556551765098508,1.1160420054082782,0.48207515478134155
43,1,29,0.9112729430198669,0.8101968169212341,0.813351413777623,1.0781682801603858,0.5378549098968506
43,1,30,0.7883406281471252,1.0451152324676514,0.8169126853133837,1.1490526830345957,0.4591066241264343
43,1,31,0.7977483868598938,1.131723165512085,0.736751088842647,1.1922523840515176,0.5092834234237671
43,1,32,0.6704193949699402,1.0765444040298462,0.7277827567398044,1.201878383181488,0.4371528923511505
43,2,0,0.5043901801109314,0.10241647809743881,0.5615823807151276,0.09294615427512033,0.9826108813285828
43,2,1,0.5587912797927856,0.08230999112129211,0.6102023502211388,0.0774041356711331,0.9776748418807983
43,2,2,0.5849447250366211,0.08193231374025345,0.6331701907924411,0.07843722945216175,0.98097825050354
43,2,3,0.6111940145492554,0.08205634355545044,0.6556431388571395,0.07960021397157625,0.9807942509651184
43,2,4,0.4917517304420471,0.08298607915639877,0.5457255386440447,0.07491350269790596,0.9786556363105774
43,2,5,0.473327100276947,0.08288256078958511,0.5239255217195203,0.07421323250823027,0.9769864678382874
43,2,6,0.4543962776660919,0.08289184421300888,0.5021246091966068,0.07357135638680554,0.9742743372917175
43,2,7,0.6683722138404846,0.08824566006660461,0.6867298829353665,0.08949038283026339,0.9807261228561401
43,2,8,0.4795740246772766,0.08695279061794281,0.4883858400110268,0.0812489728035529,0.9766872525215149
43,2,9,0.5626589059829712,0.11906968802213669,0.5982675031242246,0.11430755698595102,0.9853677153587341
43,2,10,0.4849643409252167,0.11827666312456131,0.5210982139968402,0.11020903246153206,0.9830190539360046
43,2,11,0.8105581998825073,0.18351435661315918,0.814370387127447,0.1880276936449771,0.9965115189552307
43,2,12,0.35314175486564636,0.17199720442295074,0.2768450450226799,0.17740019374240992,0.9929973483085632
43,2,13,0.8857511878013611,0.32763683795928955,0.8990643371238729,0.3359977807209464,0.8629603385925293
43,2,14,0.2517779469490051,0.32366102933883667,0.22256161977687605,0.34589831555920886,0.6310285925865173
43,2,15,0.9000045657157898,0.45127812027931213,0.8891351803450473,0.4431835652717601,0.7401952743530273
43,2,16,0.04837445169687271,0.46071597933769226,0.18052205878298827,0.4761277625564463,0.6187858581542969
43,2,17,0.8870999217033386,0.50042325258255,0.8842016458987156,0.48146034571570734,0.6961816549301147
43,2,18,-0.03985919430851936,0.5132631063461304,0.1565782005371089,0.5181776328994622,0.585579514503479
43,2,19,0.858106791973114,0.48434701561927795,0.8645484245659728,0.4694367355315935,0.7022496461868286
43,2,20,-0.05652567744255066,0.5332766175270081,0.17794455022684486,0.5200251048638926,0.5993471145629883
43,2,21,0.827318012714386,0.4729315936565399,0.8449505493769993,0.45873784262444556,0.7103195786476135
43,2,22,-0.005038124974817038,0.5109580755233765,0.2008441319744989,0.5049228589917771,0.6226203441619873
43,2,23,0.7523667216300964,0.47802871465682983,0.74265371511253,0.47108677023544976,0.9739865064620972
43,2,24,0.43303555250167847,0.4781724214553833,0.39667386385062053,0.4788697385251067,0.9630551338195801
43,2,25,0.6526594161987305,0.720966637134552,0.6742719536125429,0.7149130265417255,0.8006496429443359
43,2,26,0.39650487899780273,0.726193368434906,0.4085297707785083,0.7240794703716432,0.6378027200698853
43,2,27,0.6445510983467102,0.9249572157859802,0.653262373391693,0.9152032519278067,0.6137027740478516
43,2,28,0.437452495098114,0.9421976208686829,0.4577040222224128,0.9091952319931377,0.5237552523612976
43,2,29,0.663595974445343,0.9349826574325562,0.6366270122083315,0.9223813795096394,0.5524294972419739
43,2,30,0.47581321001052856,0.9595694541931152,0.4866235778323423,0.9228650866707204,0.484681636095047
43,2,31,0.5906585454940796,1.01522958278656,0.6138444887344405,0.9913342310083728,0.5413105487823486
43,2,32,0.30172309279441833,0.9975885152816772,0.42217078013933745,0.9929688875074195,0.47647616267204285
44,1,0,0.20622839033603668,0.1411413848400116,0.20931189955837734,0.13571570089119192,0.9840973019599915
44,1,1,0.21242685616016388,0.11576885730028152,0.21760510098230704,0.11313145343805597,0.9797700047492981
44,1,2,0.22396250069141388,0.11220759898424149,0.2300081472053293,0.11049022607055231,0.9827451109886169
44,1,3,0.23545144498348236,0.10862468928098679,0.2417214867279374,0.1077491898601385,0.9826080203056335
44,1,4,0.19348260760307312,0.11978542804718018,0.1982727426713626,0.11562246420888318,0.9804952144622803
44,1,5,0.19154779613018036,0.11926647275686264,0.19527984874408022,0.1146010300840369,0.9787827134132385
44,1,6,0.18960750102996826,0.11862783879041672,0.1932791517574472,0.11327530998741972,0.9761791229248047
44,1,7,0.29807478189468384,0.09669629484415054,0.30099720162938304,0.09895532201698791,0.9825685620307922
44,1,8,0.2401311993598938,0.1083938479423523,0.23535795651053723,0.10589472999106675,0.9784489274024963
44,1,9,0.27110400795936584,0.14714063704013824,0.2701458731630565,0.14621329530587704,0.9867267608642578
44,1,10,0.24410288035869598,0.15031081438064575,0.2378114088151694,0.14760824862117383,0.9843584895133972
44,1,11,0.48699507117271423,0.18589800596237183,0.4808292576497853,0.18658482643886617,0.9968361854553223
44,1,12,0.33235400915145874,0.1693667322397232,0.30774675248291644,0.18370684892562042,0.9926087260246277
44,1,13,0.5490860939025879,0.38074421882629395,0.5733123911493693,0.38872310057009396,0.8755779266357422
44,1,14,0.15238496661186218,0.1465608924627304,0.24790514039804457,0.31498519519024504,0.6017656326293945
44,1,15,0.2828836739063263,0.4228762686252594,0.3041475493560574,0.4289816797423809,0.7639374136924744
44,1,16,0.022930139675736427,0.14880569279193878,0.11792407123524515,0.3676231152020335,0.6181567907333374
44,1,17,0.19320161640644073,0.45385274291038513,0.2119651755081985,0.4604278229500773,0.7233268022537231
44,1,18,-0.020784836262464523,0.12885499000549316,0.06765290257325746,0.39111024208749195,0.5810697674751282
44,1,19,0.18220114707946777,0.4199848771095276,0.2001568639673649,0.4302635360325568,0.7292506694793701
44,1,20,-0.035208024084568024,0.12099194526672363,0.06999465150240733,0.3865750244326138,0.5939817428588867
44,1,21,0.2144668847322464,0.41165921092033386,0.2288252034146767,0.42100577713329357,0.7363079786300659
44,1,22,-0.013063283637166023,0.13403008878231049,0.08760421441873217,0.38116978628530196,0.6209679245948792
44,1,23,0.5858505368232727,0.5240946412086487,0.5731583466831045,0.5490151481381291,0.9742007851600647
44,1,24,0.48642852902412415,0.49651768803596497,0.48180150774763936,0.5502602307005827,0.9608744382858276
44,1,25,0.7714720964431763,0.796598494052887,0.7237524864863861,0.8292998948019257,0.7937081456184387
44,1,26,0.5421822667121887,0.7795867323875427,0.5360696415803542,0.8213358965846376,0.5996243357658386
44,1,27,0.850030779838562,1.089497447013855,0.7986730300155638,1.0925492284434657,0.5822576880455017
44,1,28,0.7268003821372986,1.0625948905944824,0.7506540729477167,1.1067716410544794,0.47836703062057495
44,1,29,0.9080106019973755,1.113479495048523,0.8297899571640557,1.084289490694643,0.5455560684204102
44,1,30,0.7948403358459473,1.0959627628326416,0.8130878912781577,1.1398443724047354,0.4608241617679596
44,1,31,0.7963959574699402,1.2179306745529175,0.7470981349679042,1.1967024721804491,0.5078319907188416
44,1,32,0.6576921939849854,1.164768099784851,0.7156197466840016,1.1954447500109324,0.4357130229473114
44,2,0,0.5063455700874329,0.09655781835317612,0.552001023421661,0.09357165667621421,0.9855663180351257
44,2,1,0.5599960088729858,0.07824701070785522,0.6014948965625667,0.07755010064623472,0.9815184473991394
44,2,2,0.58570796251297,0.07869604974985123,0.6249393396641039,0.07848204989752658,0.9841716885566711
44,2,3,0.612976610660553,0.0795651450753212,0.6482450218360816,0.07959414105903874,0.9840388894081116
44,2,4,0.4976775646209717,0.07735664397478104,0.5373929544109571,0.07533661432206225,0.9822372198104858
44,2,5,0.48269742727279663,0.07667477428913116,0.5167771220012957,0.07463953103622313,0.9806897044181824
44,2,6,0.46653077006340027,0.0762808546423912,0.49595416064230885,0.07404060039838425,0.9783804416656494
44,2,7,0.6780372858047485,0.08774176985025406,0.6852241807212834,0.0891875583406209,0.9838338494300842
44,2,8,0.48922398686408997,0.08363737165927887,0.4885309855503906,0.08166260327335735,0.9803360104560852
44,2,9,0.5572052597999573,0.11589188873767853,0.5911479067033875,0.11458192992958999,0.9878780245780945
44,2,10,0.4856233298778534,0.11409211903810501,0.5149484128141083,0.11088154790144274,0.9857813119888306
44,2,11,0.825684666633606,0.18536390364170074,0.8163303528049983,0.18756636630712098,0.9964984655380249
44,2,12,0.35479310154914856,0.17419184744358063,0.2903749723354967,0.17684454851413206,0.9932898283004761
44,2,13,0.9052193760871887,0.32327982783317566,0.9001304067110426,0.3337945616623335,0.8765888810157776
44,2,14,0.2474004626274109,0.2689629793167114,0.22686618845460393,0.3325445616494264,0.6355555057525635
44,2,15,0.8626592755317688,0.3925555348396301,0.8845466772879669,0.4344029424703972,0.7518697381019592
44,2,16,0.010771254077553749,0.415502667427063,0.15097607392755472,0.4656101433427234,0.6405670642852783
44,2,17,0.824396014213562,0.41609883308410645,0.873826440033951,0.47011943396500416,0.7053468823432922
44,2,18,-0.06101374700665474,0.44168394804000854,0.11865103032794833,0.5049007169617045,0.5990529656410217
44,2,19,0.8188410997390747,0.4013829827308655,0.856622368358997,0.45762774417041246,0.7112261056900024
44,2,20,-0.0658871978521347,0.4401177763938904,0.13541032188772031,0.5061542689180039,0.612571656703949
44,2,21,0.8104784488677979,0.39487966895103455,0.8389747960402281,0.4476582779151469,0.7193024754524231
44,2,22,-0.019598690792918205,0.4322279095649719,0.16241669520314728,0.4923067219336208,0.6398647427558899
44,2,23,0.8036107420921326,0.46816927194595337,0.7532290032215515,0.4705815009073829,0.9736459255218506
44,2,24,0.47252771258354187,0.4721977114677429,0.4098394570855372,0.4777141074902942,0.9636661410331726
44,2,25,0.7625795006752014,0.7158194780349731,0.6896047375121508,0.715070001701531,0.8074204921722412
44,2,26,0.4290257394313812,0.7291255593299866,0.4120812481993852,0.7249534378497878,0.6353387832641602
44,2,27,0.722100019454956,0.9171518683433533,0.6652076696654016,0.9155407152016811,0.6088148355484009
44,2,28,0.45785993337631226,0.9426785111427307,0.45773102155352624,0.9149993860526611,0.5193862318992615
44,2,29,0.7096492052078247,0.9254318475723267,0.6493000661002608,0.9229096797112782,0.5493670701980591
44,2,30,0.4941847324371338,0.9558026790618896,0.48793324579928055,0.928574555849996,0.47757163643836975
44,2,31,0.6851844191551208,0.9759657979011536,0.6262248450872496,0.9886716374753364,0.5292860269546509
44,2,32,0.35720545053482056,1.0002835988998413,0.4108985733304857,0.9942358585947214,0.46944573521614075
45,1,0,0.2104295939207077,0.1354420781135559,0.20950545789328212,0.13566831703283044,0.9868238568305969
45,1,1,0.21482031047344208,0.11033906042575836,0.21712281623858443,0.11264785204890243,0.983201801776886
45,1,2,0.22516198456287384,0.1071501076221466,0.22916881112824228,0.10991175718002229,0.9856001138687134
45,1,3,0.23573113977909088,0.10388568788766861,0.24068394677220337,0.10708006663899806,0.9854936003684998
45,1,4,0.19968196749687195,0.1137547418475151,0.19851678939635145,0.11529901114783517,0.9836976528167725
45,1,5,0.19914796948432922,0.11310574412345886,0.19594977162074612,0.11434207863165413,0.982195258140564
45,1,6,0.19848310947418213,0.11234589666128159,0.19418046547224643,0.1131143582708227,0.980042040348053
45,1,7,0.3029711842536926,0.0947447344660759,0.30133905774987063,0.09822607918110286,0.9853267669677734
45,1,8,0.24943628907203674,0.10510671138763428,0.23779694210839156,0.10575826497962298,0.9817929267883301
45,1,9,0.2712906002998352,0.14482663571834564,0.2703441131135476,0.14597315638854064,0.9889490008354187
45,1,10,0.24639907479286194,0.14930875599384308,0.23929892398721633,0.14790274162001626,0.9868876934051514
45,1,11,0.49232959747314453,0.18519186973571777,0.48282146487044075,0.1863435970162673,0.9968224167823792
45,1,12,0.35831767320632935,0.177873432636261,0.31651733605433413,0.18269649468067387,0.9933407306671143
45,1,13,0.5382646918296814,0.38531139492988586,0.5672367505432921,0.38813223237637384,0.887698769569397
45,1,14,0.20172934234142303,0.34906765818595886,0.23989767575610565,0.3208932844440212,0.5954895615577698
45,1,15,0.2815462052822113,0.4169901907444,0.3002310009015385,0.4269043558882868,0.774975597858429
45,1,16,0.09599444270133972,0.4147659242153168,0.11412398595228479,0.3757983461214305,0.6013017296791077
45,1,17,0.19863788783550262,0.44334888458251953,0.2096563554016413,0.45746873185428577,0.731770932674408
45,1,18,0.06485578417778015,0.4659910798072815,0.06716848067166821,0.40410638351558326,0.5653324127197266
45,1,19,0.18947984278202057,0.4037944972515106,0.19830732395712694,0.4256762255739691,0.7370897531509399
45,1,20,0.05455520749092102,0.41908904910087585,0.06731973689161261,0.3922109132257257,0.578779935836792
45,1,21,0.21305467188358307,0.39558306336402893,0.22609291641639637,0.41659994224346125,0.743816077709198
45,1,22,0.08574735373258591,0.4122295081615448,0.0872826409105102,0.3865533681921554,0.6070626974105835
45,1,23,0.5977303981781006,0.5221244692802429,0.5774166257520829,0.5443547026082088,0.9727262854576111
45,1,24,0.5560095310211182,0.5182717442512512,0.49468059326448577,0.5447154245306669,0.9603089094161987
45,1,25,0.7753444910049438,0.7838369011878967,0.7327004897120499,0.8214162824586702,0.7686039209365845
45,1,26,0.6330821514129639,0.7852108478546143,0.5529180726482434,0.8150732963376376,0.5869379639625549
45,1,27,0.8821049332618713,1.0638450384140015,0.813157067932893,1.08757419063622,0.564590334892273
45,1,28,0.8410837650299072,1.0744166374206543,0.7663564959992133,1.1011632395679987,0.4729934632778168
45,1,29,0.9264699816703796,1.0951625108718872,0.8465805293524266,1.0861729573791739,0.5331259965896606
45,1,30,0.8980822563171387,1.1066594123840332,0.8278441066475382,1.1340919632877735,0.44888877868652344
45,1,31,0.8596355319023132,1.172568678855896,0.7666518893235057,1.19252011747593,0.4913387894630432
45,1,32,0.8184032440185547,1.1806398630142212,0.7334740310605832,1.1928798190138887,0.4274962842464447
45,2,0,0.5332885980606079,0.09328431636095047,0.5487587329301908,0.0935218973182639,0.9878545999526978
45,2,1,0.5816089510917664,0.07577865570783615,0.5980491517446108,0.07724332191108656,0.9840975403785706
45,2,2,0.6045823693275452,0.07598069310188293,0.6214119295136253,0.07804885555809639,0.9862694144248962
45,2,3,0.6289616823196411,0.07672716677188873,0.6449037574763664,0.07909762225160655,0.9860921502113342
45,2,4,0.5198910236358643,0.07527513056993484,0.5343605170299861,0.07532596711703644,0.9847671389579773
45,2,5,0.5042414665222168,0.07452163845300674,0.514605481522326,0.07461911542108675,0.9834401607513428
45,2,6,0.4876122772693634,0.07397758960723877,0.49450921985340957,0.07402968875413189,0.9815563559532166
45,2,7,0.6865829229354858,0.08554284274578094,0.6854594839884742,0.08855633114941285,0.9856414198875427
45,2,8,0.4966692626476288,0.08322500437498093,0.48994063678496613,0.08193317811743843,0.9827674627304077
45,2,9,0.5767000317573547,0.11359298974275589,0.5886448584079413,0.11441066935574234,0.9893407225608826
45,2,10,0.5072711706161499,0.11177666485309601,0.5136186251931478,0.1110365601266484,0.987623929977417
45,2,11,0.8226603865623474,0.1840367466211319,0.8174267366833639,0.18695507470213127,0.9958493709564209
45,2,12,0.3829502463340759,0.1798158586025238,0.30645089805840353,0.17735913839326287,0.9938607215881348
45,2,13,0.9047423601150513,0.3269858956336975,0.9009291726342453,0.3326152587225629,0.880009651184082
45,2,14,0.29465606808662415,0.36123162508010864,0.2386293218160265,0.33751660041313625,0.6263165473937988
45,2,15,0.8909333944320679,0.41494524478912354,0.8856528815074091,0.43103147026073263,0.7507022023200989
45,2,16,0.0808391347527504,0.46008050441741943,0.13880467155056342,0.4646524122215089,0.622677206993103
45,2,17,0.8757401704788208,0.4437078535556793,0.8741578608688204,0.46554209494733184,0.7029025554656982
45,2,18,0.04060953110456467,0.49197903275489807,0.1051046045614006,0.5026621886782031,0.5823222994804382
45,2,19,0.862146258354187,0.4306138753890991,0.857579101843353,0.45294594064596044,0.7087196111679077
45,2,20,0.051492881029844284,0.4874604642391205,0.12084132051348408,0.5029152275031095,0.5967162847518921
45,2,21,0.8520818948745728,0.420919269323349,0.8412454530889191,0.44302414836828924,0.7185218334197998
45,2,22,0.1122995913028717,0.4787578284740448,0.15372464327372878,0.48995949313276455,0.6255066990852356
45,2,23,0.7933034300804138,0.44902873039245605,0.7601770713228605,0.4668467753536178,0.9729231595993042
45,2,24,0.49587395787239075,0.4592037796974182,0.42477663083930095,0.47450687790957546,0.9634866118431091
45,2,25,0.7421326041221619,0.7047613263130188,0.6987153598347318,0.7132842878933695,0.7794780731201172
45,2,26,0.4588739573955536,0.7172819375991821,0.4201957521029264,0.7236246522644264,0.6208422183990479
45,2,27,0.7460526823997498,0.916009783744812,0.679241653352267,0.9156219453235203,0.5897932052612305
45,2,28,0.5183592438697815,0.9530197381973267,0.46824917322407145,0.9215909184795108,0.5149656534194946
45,2,29,0.7486446499824524,0.9139924049377441,0.6665550063737438,0.921365054803493,0.5340703725814819
45,2,30,0.5697023272514343,0.9657986760139465,0.502128050762986,0.9350278930345607,0.4704413115978241
45,2,31,0.7104969620704651,0.9536295533180237,0.6408551626312022,0.9825969795853777,0.5166218280792236
45,2,32,0.38211479783058167,0.9999282956123352,0.4059096958183026,0.9952217898787233,0.4644339084625244
46,1,0,0.21811605989933014,0.13857710361480713,0.21099694739454047,0.13617207761982877,0.9889730215072632
46,1,1,0.22094804048538208,0.11198654770851135,0.21778530904771048,0.11253333120719708,0.9856203198432922
46,1,2,0.23150241374969482,0.10862577706575394,0.22957295099874594,0.10968905443969398,0.9875780940055847
46,1,3,0.24214302003383636,0.10533378273248672,0.24093662653704437,0.10677764548776668,0.9874290227890015
46,1,4,0.20394475758075714,0.11598890274763107,0.19945690766466254,0.11541848262872692,0.9861520528793335
46,1,5,0.202633336186409,0.11564009636640549,0.19710740149120987,0.11456686602317005,0.9848835468292236
46,1,6,0.2013661414384842,0.11515328288078308,0.1954250825494399,0.11346746187828391,0.9831351637840271
46,1,7,0.30601954460144043,0.09530926495790482,0.30214969477754855,0.09772092803540716,0.9870378971099854
46,1,8,0.24972443282604218,0.10669805109500885,0.23986317411950567,0.10592101298708559,0.9842599630355835
46,1,9,0.2781980633735657,0.1465921401977539,0.2717045079678115,0.14608034823046992,0.9903500080108643
46,1,10,0.2520720660686493,0.15039756894111633,0.24151170632033303,0.14833480489703918,0.9886890053749084
46,1,11,0.49727436900138855,0.18409088253974915,0.4853253686439637,0.18595346639927526,0.9962554574012756
46,1,12,0.3731013536453247,0.18239159882068634,0.32633257897071277,0.18264369515358317,0.9938684701919556
46,1,13,0.5795571208000183,0.3954445421695709,0.5693710646895577,0.3893987886066999,0.8915603160858154
46,1,14,0.19412513077259064,0.38429683446884155,0.23196024557897207,0.3318937830251318,0.5920853018760681
46,1,15,0.25624901056289673,0.4296773672103882,0.29260454097371086,0.4273846002068401,0.7748960256576538
46,1,16,0.08514557033777237,0.4372655749320984,0.10910138763616459,0.3864622403136622,0.606025218963623
46,1,17,0.17484690248966217,0.45818158984184265,0.20362207076032562,0.4575921806116568,0.7311387062072754
46,1,18,0.051781754940748215,0.4892507791519165,0.06450270785101166,0.4188884436331818,0.5694270133972168
46,1,19,0.1640416532754898,0.4163002669811249,0.1923674032393873,0.42405212603581205,0.7364159822463989
46,1,20,0.04864118620753288,0.48295411467552185,0.06408332838466717,0.4079676210768687,0.5838834047317505
46,1,21,0.19117043912410736,0.4075532555580139,0.22003902076078455,0.4150328945802055,0.7449875473976135
46,1,22,0.08562850207090378,0.4774906635284424,0.08699617703192171,0.4023439015148255,0.6145195960998535
46,1,23,0.6018713116645813,0.5416934490203857,0.5816545552624768,0.5438938142545633,0.9735652804374695
46,1,24,0.5285927057266235,0.5154385566711426,0.5005590824884374,0.5396410576797273,0.9617957472801208
46,1,25,0.8363039493560791,0.8359240293502808,0.7506973094483803,0.8239296960499226,0.7500697374343872
46,1,26,0.6134128570556641,0.795565128326416,0.5634129222492327,0.8116930681456483,0.5725572109222412
46,1,27,0.9116218090057373,1.1543159484863281,0.830258601115763,1.0991550472999232,0.5391117930412292
46,1,28,0.7875556349754333,1.135136365890503,0.7700299284921868,1.1070523869685567,0.4660226106643677
46,1,29,0.9546458721160889,1.186145544052124,0.8653548751512521,1.103537005357889,0.5015943646430969
46,1,30,0.8436282277107239,1.1782561540603638,0.8305787675115021,1.141750045809135,0.43167844414711
46,1,31,0.8811779022216797,1.2846401929855347,0.7865524530146921,1.2085166001389855,0.47082239389419556
46,1,32,0.7446696758270264,1.261968970298767,0.7354134645030851,1.204868815155167,0.4199450612068176
46,2,0,0.5455758571624756,0.09601040929555893,0.5482074959860178,0.09395286698048941,0.9898170232772827
46,2,1,0.5943064093589783,0.08019543439149857,0.5974009418729052,0.07775458672925666,0.9864609241485596
46,2,2,0.6174980401992798,0.08091571927070618,0.6207340752720145,0.07854535519959294,0.9882398247718811
46,2,3,0.6415282487869263,0.08177389204502106,0.6443191561503862,0.07956111110356152,0.9880044460296631
46,2,4,0.5340080261230469,0.07885859161615372,0.534299474932486,0.07593777923397657,0.9871434569358826
46,2,5,0.5175363421440125,0.07842318713665009,0.5151130628053587,0.07527794462380091,0.986030101776123
46,2,6,0.5008343458175659,0.07842092961072922,0.4956047494183971,0.07479022352264116,0.9845005869865417
46,2,7,0.6962360739707947,0.09116686135530472,0.6873262738262287,0.08900843402576757,0.9874072670936584
46,2,8,0.5116459727287292,0.09046599268913269,0.4937018074085127,0.08341119089731142,0.9853345155715942
46,2,9,0.5886994004249573,0.11501063406467438,0.5886543035123946,0.11451456755149957,0.9907325506210327
46,2,10,0.5194545388221741,0.11356956511735916,0.5146294073633698,0.11147523584699963,0.9893850088119507
46,2,11,0.8031413555145264,0.1874687820672989,0.8149518621253328,0.187044035155371,0.9954864382743835
46,2,12,0.41540879011154175,0.18774725496768951,0.3253810139156793,0.1791586178890341,0.994381844997406
46,2,13,0.9033677577972412,0.32721224427223206,0.9013514950961659,0.33167946283544025,0.8862755298614502
46,2,14,0.2978050410747528,0.35783717036247253,0.24889505271379056,0.3410376755076472,0.6264593005180359
46,2,15,0.8371527194976807,0.3945028483867645,0.8772418256339106,0.4246988396552414,0.756996214389801
46,2,16,0.07800712436437607,0.4699932932853699,0.12825697199733885,0.4655774446679241,0.6337324976921082
46,2,17,0.8038945198059082,0.4141431152820587,0.8619646030031697,0.45662755213109957,0.7098162770271301
46,2,18,0.029495377093553543,0.5035862922668457,0.09198135396231527,0.5028222207094949,0.5928896069526672
46,2,19,0.7910489439964294,0.40019869804382324,0.8460349749826617,0.44379719009723106,0.7152541875839233
46,2,20,0.03553704172372818,0.500780463218689,0.1060309713039859,0.5025455248594233,0.6076809167861938
46,2,21,0.7915242314338684,0.39395812153816223,0.8326223151063232,0.43451482564061283,0.7267665863037109
46,2,22,0.08060494065284729,0.4933722913265228,0.14103442440642197,0.4905505501884636,0.6381421685218811
46,2,23,0.8216857314109802,0.4561748802661896,0.7708482530729345,0.46499812316342515,0.9737818241119385
46,2,24,0.5024524927139282,0.46455416083335876,0.4382592298210752,0.4727828433624785,0.9647468328475952
46,2,25,0.7616870403289795,0.6976003646850586,0.7096408273597908,0.7105670111578619,0.7630418539047241
46,2,26,0.4716528356075287,0.7066579461097717,0.42912037910084466,0.720685016867457,0.6045908331871033
46,2,27,0.757486879825592,0.9085085391998291,0.6928232960814572,0.9143898486931442,0.5657432675361633
46,2,28,0.4903615713119507,0.9411420226097107,0.4720809368554337,0.924978586230464,0.506047248840332
46,2,29,0.7510097026824951,0.9245764017105103,0.6812172359227593,0.9219212197492447,0.5040913820266724
46,2,30,0.5479245781898499,0.9586468935012817,0.5100695930404593,0.9391209155703703,0.4570253789424896
46,2,31,0.7582942843437195,0.9905346632003784,0.6612638427741765,0.9839718812931746,0.49835848808288574
46,2,32,0.352215439081192,0.9979075193405151,0.39659632638193687,0.9956869168108937,0.45567432045936584
47,1,0,0.21478572487831116,0.1299646496772766,0.21165312722117313,0.13509693199415732,0.9907280206680298
47,1,1,0.21968595683574677,0.1032211035490036,0.21811446431520634,0.11092027434687254,0.9877251386642456
47,1,2,0.23304739594459534,0.0995844304561615,0.23017468582669082,0.1079386976388559,0.9893344640731812
47,1,3,0.24677567183971405,0.09572072327136993,0.24194795544884826,0.10486227360742746,0.9891356229782104
47,1,4,0.19547662138938904,0.1094365194439888,0.1987675559609478,0.11438239528320636,0.9882615208625793
47,1,5,0.19242750108242035,0.1101396381855011,0.19629686550756853,0.11380009760673562,0.9871689081192017
47,1,6,0.19040364027023315,0.11070352047681808,0.19455538423861582,0.11298878828987625,0.9857272505760193
47,1,7,0.3127172887325287,0.08907624334096909,0.30398027349104945,0.09622353259601066,0.9886056780815125
47,1,8,0.24808649718761444,0.10512690991163254,0.24128756453077246,0.10578349428230567,0.9864616990089417
47,1,9,0.2806590497493744,0.13861526548862457,0.2732555894108225,0.14478732407754222,0.991582453250885
47,1,10,0.2496374249458313,0.14582601189613342,0.24291918597882783,0.1479003224915154,0.9902005195617676
47,1,11,0.4987778067588806,0.17992109060287476,0.48765587655206816,0.1849086460547426,0.9959284663200378
47,1,12,0.3399885594844818,0.18684734404087067,0.3286983435858769,0.18337173597763887,0.9941385984420776
47,1,13,0.582558810710907,0.38739272952079773,0.5716556985736077,0.38905137693290825,0.8971489071846008
47,1,14,0.2751646339893341,0.3652152419090271,0.2394516484383013,0.33766984023937385,0.5957353115081787
47,1,15,0.25858575105667114,0.4258505702018738,0.2867074579296151,0.4271189388348637,0.779900312423706
47,1,16,0.1092376634478569,0.4363991916179657,0.10912498665762745,0.39512277955278025,0.6221660375595093
47,1,17,0.18582035601139069,0.4537140429019928,0.2005376850444157,0.4569205223168993,0.7361031770706177
47,1,18,0.020362770184874535,0.46938660740852356,0.05684879744184214,0.4276464403910644,0.5852153301239014
47,1,19,0.167857825756073,0.4159936308860779,0.18811993532547272,0.42265629225723855,0.7410767674446106
47,1,20,0.005082846153527498,0.46569886803627014,0.053848016299396985,0.41798223344748736,0.5997381210327148
47,1,21,0.19336670637130737,0.40660297870635986,0.21541645471260915,0.4135727097324323,0.751311719417572
47,1,22,0.04072515666484833,0.4617156386375427,0.07897221808292126,0.4126436125779462,0.6315169930458069
47,1,23,0.611869215965271,0.5349827408790588,0.5868915830345892,0.5423502630466366,0.975043773651123
47,1,24,0.5308495163917542,0.5403496026992798,0.5058092151910981,0.5397637593613345,0.9636512994766235
47,1,25,0.7681525945663452,0.8283342123031616,0.7537216284801577,0.8246925305332213,0.7255257964134216
47,1,26,0.6279699802398682,0.8162288665771484,0.57461390318167,0.8124786420569761,0.553016722202301
47,1,27,0.9369158744812012,1.1394816637039185,0.8487876240150644,1.1061468839295994,0.5162728428840637
47,1,28,0.7957366108894348,1.1387337446212769,0.7744850365599182,1.112543887602914,0.45737165212631226
47,1,29,0.993614673614502,1.1708234548568726,0.8876511752645445,1.1152124719686674,0.4704532325267792
47,1,30,0.8591771721839905,1.174621820449829,0.8355354560346986,1.1474480921682442,0.4184572696685791
47,1,31,0.8917636871337891,1.275298833847046,0.804829416810899,1.2201044485598256,0.4542250633239746
47,1,32,0.7466985583305359,1.257858395576477,0.737368394586066,1.2140596399167067,0.41206300258636475
47,2,0,0.5108098387718201,0.09205590933561325,0.5417240039835995,0.09362435072874381,0.9914690852165222
47,2,1,0.557595431804657,0.07382068783044815,0.5904995136600971,0.0770732700465772,0.9884531497955322
47,2,2,0.5842146873474121,0.0743459016084671,0.6144030172077027,0.07781804096973277,0.9899541139602661
47,2,3,0.6108142733573914,0.07524926960468292,0.6385112251001179,0.07881432959422648,0.9897292256355286
47,2,4,0.49697890877723694,0.07300352305173874,0.5278293646385274,0.0754296071584992,0.9889873266220093
47,2,5,0.47888946533203125,0.0729469284415245,0.5088333381869854,0.0748742525922888,0.9880834221839905
47,2,6,0.4635065495967865,0.0730549618601799,0.49004089500692866,0.07448971134290186,0.9868178367614746
47,2,7,0.6678637862205505,0.08535652607679367,0.683953961834428,0.0883759610562928,0.9889627695083618
47,2,8,0.47762587666511536,0.08450701087713242,0.49091657498064917,0.08360096109156595,0.9872090816497803
47,2,9,0.5585474371910095,0.11241655796766281,0.5834359389227023,0.1141512308066602,0.9921271800994873
47,2,10,0.4881700575351715,0.11116302013397217,0.5100437610158789,0.11142116872139651,0.9909080862998962
47,2,11,0.7919067144393921,0.18525303900241852,0.8109583491891338,0.18673387037553693,0.9960691928863525
47,2,12,0.3494989573955536,0.1867142915725708,0.3295605762888782,0.1804673366087289,0.9945772886276245
47,2,13,0.8521689772605896,0.33261656761169434,0.8928219309668206,0.331841746517397,0.8917497396469116
47,2,14,0.3248366117477417,0.3455486297607422,0.26207593153234876,0.34181894625655884,0.625254213809967
47,2,15,0.8392481207847595,0.4719737768173218,0.8706549091720968,0.43289711012199644,0.7702597975730896
47,2,16,0.14014826714992523,0.46415945887565613,0.1303169141332602,0.4653318805150728,0.6464459300041199
47,2,17,0.8394131660461426,0.509067952632904,0.8580567011906507,0.4657230106032356,0.7244356870651245
47,2,18,0.050477247685194016,0.5002738237380981,0.08478499655319871,0.5023808789322695,0.6069495677947998
47,2,19,0.7800811529159546,0.466738760471344,0.8345910445210185,0.4477727402395244,0.7289995551109314
47,2,20,0.03321760892868042,0.49737900495529175,0.09339402607283206,0.5016506954096188,0.6215137243270874
47,2,21,0.7586776614189148,0.4553186297416687,0.8197887920016761,0.438119690150151,0.7418305277824402
47,2,22,0.07836074382066727,0.48867207765579224,0.1301605814742976,0.49022523523523465,0.6524274349212646
47,2,23,0.7826346158981323,0.46465474367141724,0.7728900290558153,0.4649386592890289,0.9766488075256348
47,2,24,0.4708976745605469,0.47598734498023987,0.4439168083253586,0.47333782277469977,0.9665217995643616
47,2,25,0.7424111366271973,0.717979371547699,0.7153212694226326,0.7118509010579587,0.7474721074104309
47,2,26,0.45944905281066895,0.72190260887146,0.4343772003861361,0.7208958758654753,0.5864648818969727
47,2,27,0.7947586178779602,0.935451865196228,0.7105295932315882,0.9180394839604168,0.5539015531539917
47,2,28,0.49863317608833313,0.9206487536430359,0.4766826761107782,0.9242286882325491,0.4934968650341034
47,2,29,0.7900915145874023,0.9442948698997498,0.700132804661649,0.9257982869504053,0.46853822469711304
47,2,30,0.5564778447151184,0.937089204788208,0.518117363089776,0.9387690612131451,0.43290409445762634
47,2,31,0.6420312523841858,1.037450909614563,0.6579313893531619,0.993247766039039,0.4905488193035126
47,2,32,0.4476381838321686,0.9735059142112732,0.4054487684665936,0.9918432529384583,0.4479629099369049
48,1,0,0.22963352501392365,0.12264727801084518,0.21476848790271086,0.1329402090699973,0.9922245144844055
48,1,1,0.23882532119750977,0.09625989943742752,0.22170321069895785,0.10838040738559722,0.9895138144493103
48,1,2,0.2533945143222809,0.09274006634950638,0.23419848633856205,0.10530553677207344,0.9908695816993713
48,1,3,0.2677915394306183,0.08921582996845245,0.24642678357160797,0.1021514928584147,0.9906803965568542
48,1,4,0.20726768672466278,0.10306720435619354,0.20023990560249674,0.11242226865213802,0.9899348020553589
48,1,5,0.20046214759349823,0.10434876382350922,0.197018260571023,0.11216293800087997,0.989029586315155
48,1,6,0.1946558952331543,0.1055649071931839,0.1945727898482677,0.11170290229435381,0.9878280162811279
48,1,7,0.32573986053466797,0.08484829217195511,0.3077508609674891,0.09425300021270687,0.9899952411651611
48,1,8,0.2418476641178131,0.10235850512981415,0.24138455898823324,0.10519032529464169,0.988152265548706
48,1,9,0.2902678847312927,0.13227838277816772,0.2762031269256556,0.14262032666469815,0.9928476214408875
48,1,10,0.25249776244163513,0.13943757116794586,0.24457839202965218,0.1464344484593564,0.9916296005249023
48,1,11,0.4998685419559479,0.18293681740760803,0.4897715271995249,0.1845671628179693,0.9964465498924255
48,1,12,0.3406447470188141,0.1860903948545456,0.3307678378585359,0.1838425665311498,0.9944962859153748
48,1,13,0.575592577457428,0.38870713114738464,0.5723375306803201,0.38899176302196736,0.9017699360847473
48,1,14,0.2950969636440277,0.34242910146713257,0.24910385559190992,0.3384941201784052,0.5860912799835205
48,1,15,0.28751689195632935,0.4464546740055084,0.28684763158641696,0.4304692680908792,0.7916847467422485
48,1,16,0.12711723148822784,0.4231519401073456,0.11224239598262549,0.39998067396567427,0.6283383965492249
48,1,17,0.2066345363855362,0.4764070212841034,0.20159367465279374,0.46029698995936996,0.7491763830184937
48,1,18,0.052115850150585175,0.46420323848724365,0.056029070576280315,0.4339839187397127,0.593945324420929
48,1,19,0.1918659210205078,0.4348682761192322,0.18876870345469832,0.4247718264150001,0.7534937262535095
48,1,20,0.0404743067920208,0.4599614441394806,0.0515311419545258,0.42526092247345665,0.6077136993408203
48,1,21,0.21607710421085358,0.4242578148841858,0.21553086215216688,0.41542365124845376,0.7650206685066223
48,1,22,0.07025762647390366,0.4556707739830017,0.07746270567155672,0.42010424860935225,0.6391174793243408
48,1,23,0.6087067723274231,0.5400992631912231,0.5906718016658371,0.5419604292324417,0.9764319658279419
48,1,24,0.5512340068817139,0.5341504812240601,0.5136861267383567,0.5387915386868669,0.9631016850471497
48,1,25,0.7813942432403564,0.7971961498260498,0.758517686808995,0.8199270276250967,0.7092508673667908
48,1,26,0.6289365291595459,0.803771436214447,0.584036286031206,0.8109704131212693,0.5366240739822388
48,1,27,0.9315654039382935,1.0976872444152832,0.8631579414670877,1.104681546673069,0.5087697505950928
48,1,28,0.8243614435195923,1.096500277519226,0.7831351566861967,1.10976426102542,0.44693905115127563
48,1,29,0.9983406066894531,1.123555302619934,0.9068830522864602,1.1166575549475914,0.44942420721054077
48,1,30,0.8943637013435364,1.1317496299743652,0.8457408417141971,1.1447282924914077,0.40377306938171387
48,1,31,0.8622695803642273,1.231918454170227,0.8147934981968645,1.2221510031086973,0.44948187470436096
48,1,32,0.7534149885177612,1.2100911140441895,0.7401485580394022,1.2133723235820848,0.40618011355400085
48,2,0,0.4777529537677765,0.08054331690073013,0.5306247434892101,0.0913582078102176,0.9922786951065063
48,2,1,0.5281059145927429,0.060878414660692215,0.5796744636482468,0.07426742976874597,0.989086389541626
48,2,2,0.5540736317634583,0.06113099679350853,0.6039367513344926,0.07492688373317026,0.9902746081352234
48,2,3,0.5833942890167236,0.06151697784662247,0.6289507408570084,0.07581737696230927,0.9901591539382935
48,2,4,0.4650927186012268,0.061163946986198425,0.5169446840887646,0.07295815298770694,0.9896793961524963
48,2,5,0.45001375675201416,0.06143888086080551,0.4986294619601537,0.07254669982514063,0.9888360500335693
48,2,6,0.4364028573036194,0.06178482994437218,0.4807373493646869,0.07228875753784504,0.9879856705665588
48,2,7,0.6463186740875244,0.0724366083741188,0.6774292470680991,0.08561440910932176,0.9889007210731506
48,2,8,0.4537051320075989,0.07512127608060837,0.4844654217640089,0.08213215359683337,0.9872128963470459
48,2,9,0.5304350852966309,0.10061050206422806,0.5742430934247332,0.11180541846176426,0.9924943447113037
48,2,10,0.46179360151290894,0.10057186335325241,0.5016761012166776,0.1095417738956042,0.9914665818214417
48,2,11,0.7805831432342529,0.17517146468162537,0.8056934456677596,0.184730904275677,0.9963098764419556
48,2,12,0.32342013716697693,0.18514050543308258,0.32849703842541667,0.18127670634777734,0.9947001338005066
48,2,13,0.794813334941864,0.3158770799636841,0.8757997185715297,0.3290758067706701,0.8895635008811951
48,2,14,0.3020923137664795,0.33540958166122437,0.2690139435316486,0.3407088176221379,0.5884807705879211
48,2,15,0.6895344853401184,0.42522290349006653,0.8391195118938789,0.4315678563184341,0.7667853236198425
48,2,16,0.19917425513267517,0.4550413489341736,0.14226557970096773,0.4635493100201803,0.6118916273117065
48,2,17,0.7037864923477173,0.4730926752090454,0.8312177830728457,0.4669995043178782,0.7213531136512756
48,2,18,0.1374352127313614,0.4979432225227356,0.09391680008468083,0.5016123039175198,0.574439525604248
48,2,19,0.6248501539230347,0.4255799949169159,0.7980412299578368,0.44392704414625656,0.7249593138694763
48,2,20,0.1561218947172165,0.4903891086578369,0.10427697817684567,0.4996998571095557,0.5881193280220032
48,2,21,0.626848578453064,0.41786980628967285,0.7861835330557708,0.43461086976829905,0.7358629107475281
48,2,22,0.1870342493057251,0.4852856397628784,0.14002615195550533,0.48936971458497935,0.620274007320404
48,2,23,0.7450076341629028,0.4654541015625,0.7680575669875357,0.4650279201982536,0.9768038988113403
48,2,24,0.42701318860054016,0.48776775598526,0.4409881134161288,0.4758377491517411,0.9652343988418579
48,2,25,0.7133108973503113,0.7217808365821838,0.7149731105269657,0.7135709885950209,0.7307496070861816
48,2,26,0.4351763129234314,0.7378249168395996,0.434515586503052,0.7238289821328561,0.5651830434799194
48,2,27,0.8363521099090576,0.905174195766449,0.7324007866519681,0.9158107317290598,0.5423604249954224
48,2,28,0.5230188965797424,0.9364171028137207,0.48471792775405115,0.926340137853207,0.4804001450538635
48,2,29,0.8305386900901794,0.9153265953063965,0.722803854890574,0.9239843257668182,0.4567739963531494
48,2,30,0.5724225640296936,0.95111083984375,0.5275367956864901,0.9409070887267984,0.4262440800666809
48,2,31,0.7391223311424255,0.9577568173408508,0.672025567557163,0.9870952162180106,0.4801313579082489
48,2,32,0.40893518924713135,0.9893028140068054,0.4060525737991472,0.9914032894500643,0.4352659583091736
49,1,0,0.22515921294689178,0.11680765450000763,0.2165684190239542,0.13014516746640603,0.9927857518196106
49,1,1,0.23675024509429932,0.09146449714899063,0.2243100949885833,0.10544957687143501,0.9899653196334839
49,1,2,0.2506871223449707,0.08802562206983566,0.2370552505244719,0.10231160654588115,0.9910683035850525
49,1,3,0.26472634077072144,0.08457989990711212,0.2495974742632253,0.09910699958797255,0.9909707307815552
49,1,4,0.20838662981987,0.09792838990688324,0.20165102502838597,0.10991125917760819,0.9903015494346619
49,1,5,0.20280613005161285,0.09922593086957932,0.19802072432639517,0.10992175547122585,0.9893976449966431
49,1,6,0.19721733033657074,0.10048788785934448,0.19503078315092642,0.10976013503982428,0.9883834719657898
49,1,7,0.31988275051116943,0.08051089942455292,0.30985251505667427,0.09187228735613372,0.9898629784584045
49,1,8,0.23695622384548187,0.09857521206140518,0.24061759873850075,0.1040445534126976,0.987748384475708
49,1,9,0.28302574157714844,0.12534178793430328,0.2773848461876046,0.1396266348384552,0.9930472373962402
49,1,10,0.24763405323028564,0.1325983852148056,0.24510759153597325,0.14403745014392977,0.991847574710846
49,1,11,0.49249860644340515,0.1781797558069229,0.4902438158464434,0.18346083850268458,0.9966567754745483
49,1,12,0.32404085993766785,0.17966771125793457,0.3296026791785985,0.183119513031409,0.9942230582237244
49,1,13,0.5465908050537109,0.3663719892501831,0.567875496570193,0.38507201654891066,0.899865984916687
49,1,14,0.27414196729660034,0.32085150480270386,0.25344297092054713,0.3354373070006328,0.5517668128013611
49,1,15,0.2719607949256897,0.43584027886390686,0.2842685131048772,0.43139952005576926,0.7887973189353943
49,1,16,0.12018546462059021,0.41718733310699463,0.11361822925080511,0.40296189236694774,0.583111584186554
49,1,17,0.1973877102136612,0.4671233296394348,0.20086523262007522,0.4614793547055679,0.7469508647918701
49,1,18,0.08710072934627533,0.4312116801738739,0.061414785424038575,0.43350380541196265,0.5491040945053101
49,1,19,0.1803220510482788,0.4240894913673401,0.18730561915689195,0.4246536635265306,0.7503493428230286
49,1,20,0.08121457695960999,0.43608415126800537,0.05667601553595486,0.42713578756344767,0.5622525811195374
49,1,21,0.21225488185882568,0.41428032517433167,0.21496350248108767,0.4152256538220341,0.759952962398529
49,1,22,0.10827510803937912,0.43094879388809204,0.08280343973616752,0.42198280965278084,0.5952767729759216
49,1,23,0.5907983779907227,0.51106858253479,0.5906937210110729,0.5366058959559641,0.9767063856124878
49,1,24,0.5344841480255127,0.5037965774536133,0.5172899604465219,0.5327250545702569,0.9627774357795715
49,1,25,0.764795184135437,0.7819419503211975,0.7596049680476826,0.8133416138658617,0.7084928750991821
49,1,26,0.6664130687713623,0.7798885107040405,0.5983367728766353,0.805582905060973,0.5229607224464417
49,1,27,0.9128942489624023,1.0542945861816406,0.8717836840653447,1.0959427712368752,0.5054873824119568
49,1,28,0.9094789028167725,1.036913275718689,0.8050973329688089,1.0971209698535265,0.4374920725822449
49,1,29,0.9663445949554443,1.0830461978912354,0.9171984540322522,1.110831126296275,0.45209425687789917
49,1,30,0.9737970232963562,1.0677673816680908,0.868001828597829,1.1313700793721928,0.40500885248184204
49,1,31,0.8711901307106018,1.1733250617980957,0.8245762661335267,1.2136833295248046,0.4481947422027588
49,1,32,0.8796831369400024,1.141613483428955,0.7644133147412846,1.2009189656873493,0.3981342017650604
49,2,0,0.3690547049045563,0.09703121334314346,0.5025096370490508,0.09234077381395565,0.9922377467155457
49,2,1,0.4212050437927246,0.07512111216783524,0.5521014635193051,0.0744152663522004,0.988440752029419
49,2,2,0.4445555508136749,0.07400259375572205,0.576204357885262,0.07476681931621357,0.9892717003822327
49,2,3,0.46898701786994934,0.07324474304914474,0.6011165140165493,0.07537183760925784,0.9892212748527527
49,2,4,0.3729126453399658,0.07726690918207169,0.4918945308854956,0.07370440004949923,0.9892580509185791
49,2,5,0.36449116468429565,0.07750546932220459,0.47530694045256716,0.07340554152916194,0.9882573485374451
49,2,6,0.3575585186481476,0.07790925353765488,0.4593273672971265,0.07326222735254946,0.9878377914428711
49,2,7,0.549290120601654,0.08124089241027832,0.6551538378270444,0.08485694444874722,0.9866618514060974
49,2,8,0.4076763987541199,0.0860724151134491,0.4711370988908751,0.08281457236862842,0.9856112599372864
49,2,9,0.43957626819610596,0.1144818589091301,0.5508283252465445,0.11226893686771255,0.9915646910667419
49,2,10,0.3792679011821747,0.11744175106287003,0.4804005622532735,0.11091014357746848,0.9907184839248657
49,2,11,0.7221923470497131,0.1784294843673706,0.791197203184692,0.1836394761188793,0.9961191415786743
49,2,12,0.34900274872779846,0.19158843159675598,0.33205022367768267,0.18306294890437952,0.9945059418678284
49,2,13,0.71347576379776,0.3292553126811981,0.8475528513713397,0.32910689210503635,0.8934422135353088
49,2,14,0.31441327929496765,0.3368777334690094,0.2768865199259469,0.34004530936801114,0.5466099381446838
49,2,15,0.4992467761039734,0.3950040340423584,0.7796629762208251,0.4252291160417325,0.7647973895072937
49,2,16,0.17250078916549683,0.47025081515312195,0.14750616409653605,0.4647100480970956,0.5697565674781799
49,2,17,0.4369146227836609,0.4109829068183899,0.7621281513099476,0.4572827420223823,0.7205178737640381
49,2,18,0.14106552302837372,0.5022903084754944,0.10209307841517011,0.5017297168068994,0.5342124104499817
49,2,19,0.42473047971725464,0.39707812666893005,0.7326702410258585,0.4358027608463275,0.7228558659553528
49,2,20,0.14803431928157806,0.5001497268676758,0.11186434881306702,0.4997777624017212,0.5463117361068726
49,2,21,0.4448007345199585,0.3914855122566223,0.726460062281007,0.42713314141323416,0.7327890396118164
49,2,22,0.1803034394979477,0.48967111110687256,0.14700937695862903,0.4894219080949924,0.5789644718170166
49,2,23,0.6690004467964172,0.47684428095817566,0.7508527106229317,0.4670748951800901,0.9767999649047852
49,2,24,0.43205395340919495,0.48581594228744507,0.43944056490094624,0.47756619868816086,0.9651427865028381
49,2,25,0.593639612197876,0.7444701790809631,0.6938850903326025,0.7189267943211428,0.730715811252594
49,2,26,0.4773446321487427,0.7325534820556641,0.4419418673617106,0.7253402064222366,0.5481728911399841
49,2,27,0.8143784999847412,0.9198320508003235,0.7466319628486571,0.9165071908204637,0.5449901223182678
49,2,28,0.5856268405914307,0.9268605709075928,0.5022453870492589,0.9264302630188496,0.4720691442489624
49,2,29,0.847987711429596,0.9214593172073364,0.7445636995580965,0.923547035039117,0.4824598729610443
49,2,30,0.6761987805366516,0.9403882026672363,0.5533957046304682,0.9408172314466482,0.4333864748477936
49,2,31,0.6945134997367859,0.96886146068573,0.6759224507088086,0.9839359323102028,0.4893447160720825
49,2,32,0.46166399121284485,0.9829574227333069,0.4156988884461059,0.9899403405484744,0.43504494428634644
50,1,0,0.2503020763397217,0.12058646231889725,0.22241602392974308,0.12848940358107483,0.9928753972053528
50,1,1,0.26016080379486084,0.09280311316251755,0.23052507851888554,0.10325874662935153,0.9894548058509827
50,1,2,0.2746884226799011,0.08844949305057526,0.24357958642767424,0.09991009355501913,0.9902288913726807
50,1,3,0.28872519731521606,0.08413907140493393,0.25638121987621204,0.09651382587262046,0.9901823997497559
50,1,4,0.22692430019378662,0.10195256769657135,0.20603094107882766,0.10853271685842815,0.9900929927825928
50,1,5,0.21920697391033173,0.10398650169372559,0.2016918987211955,0.10889375974384502,0.9891020655632019
50,1,6,0.2114459127187729,0.1057976633310318,0.1978748053876896,0.10907386911761459,0.9885550737380981
50,1,7,0.33021068572998047,0.08232905715703964,0.3133801116033987,0.09021920499449342,0.9878935217857361
50,1,8,0.2438221424818039,0.10295692831277847,0.24117258525644922,0.10385620241480888,0.986555278301239
50,1,9,0.3107985556125641,0.12670257687568665,0.28317693378535586,0.13738769636334977,0.9923006296157837
50,1,10,0.2678680717945099,0.13880491256713867,0.2490517363278483,0.14313118508171865,0.991362452507019
50,1,11,0.4787987172603607,0.17956195771694183,0.48826117666067526,0.18278558734816924,0.9964921474456787
50,1,12,0.33619558811187744,0.18528848886489868,0.33074459823031416,0.18349514060757666,0.9944005012512207
50,1,13,0.5402655005455017,0.3713972270488739,0.5630902810072493,0.38270296950991955,0.9031707048416138
50,1,14,0.283362478017807,0.3319014310836792,0.25862879820952117,0.33482493033154964,0.5203267335891724
50,1,15,0.24736404418945312,0.42810994386672974,0.2778706486738516,0.43082980541779703,0.7870801687240601
50,1,16,0.13003110885620117,0.4366495609283447,0.11646185830276923,0.4088014979639662,0.5584771633148193
50,1,17,0.16253292560577393,0.45210596919059753,0.1942195500709561,0.4598557013038585,0.7461355924606323
50,1,18,0.07541259378194809,0.500973641872406,0.06383981174914147,0.44521124288269487,0.5279777646064758
50,1,19,0.15136103332042694,0.4190610349178314,0.18107434354355514,0.4236850210628799,0.7483301758766174
50,1,20,0.09128638356924057,0.5023703575134277,0.06267573994011556,0.44019360710397715,0.5395943522453308
50,1,21,0.17953398823738098,0.41003137826919556,0.20882161407638816,0.4143260168261222,0.757149875164032
50,1,22,0.11621636152267456,0.4464567303657532,0.08859537936122212,0.42622407777449534,0.5732060670852661
50,1,23,0.5918696522712708,0.5202816128730774,0.5908973646785673,0.5337776194410301,0.9772723317146301
50,1,24,0.5125467777252197,0.5107378959655762,0.5164684579749104,0.5289150016551643,0.9634158611297607
50,1,25,0.8086982369422913,0.8003069758415222,0.7681190131922901,0.81108351126938,0.7205893397331238
50,1,26,0.5888525247573853,0.7876483201980591,0.5966939049945831,0.8024754834369487,0.5126621127128601
50,1,27,0.9407380223274231,1.090191125869751,0.8837493009842302,1.0949465807268992,0.5121520757675171
50,1,28,0.7790581583976746,1.0653928518295288,0.8005846066488572,1.0916213394276586,0.43148916959762573
50,1,29,0.9962852001190186,1.1198420524597168,0.9309265225827683,1.1123919674633556,0.47389042377471924
50,1,30,0.84388267993927,1.1030945777893066,0.8638220942502591,1.1264694202813774,0.4156990647315979
50,1,31,0.8981090784072876,1.226387858390808,0.8373381085303455,1.2158842126943274,0.45658788084983826
50,1,32,0.7201206684112549,1.1836134195327759,0.7567329792492811,1.197920584649197,0.3983609080314636
50,2,0,0.3941059112548828,0.09408378601074219,0.48367599673433365,0.09264262830677791,0.9931553602218628
50,2,1,0.4428885877132416,0.07586094737052917,0.5331267929212471,0.07466562684767004,0.9895715117454529
50,2,2,0.46756577491760254,0.07553531974554062,0.557329793014299,0.07489990415809122,0.990332841873169
50,2,3,0.4939885437488556,0.07533693313598633,0.5825052452734729,0.07536579316986687,0.9902920126914978
50,2,4,0.39106863737106323,0.0769064798951149,0.4743814243160588,0.0742589599001475,0.9903101921081543
50,2,5,0.38008689880371094,0.07724316418170929,0.4587703380361357,0.07407018208436843,0.9894455075263977
50,2,6,0.3702239394187927,0.07782351225614548,0.44385586627444834,0.07405221667214076,0.9890538454055786
50,2,7,0.5647364854812622,0.08569420874118805,0.6394535938140358,0.08500193775322563,0.9876713752746582
50,2,8,0.40758833289146423,0.09031456708908081,0.460111267010329,0.0841136447474783,0.9867914915084839
50,2,9,0.4710577726364136,0.11261709034442902,0.5369812116430793,0.11232922748584423,0.9922221899032593
50,2,10,0.4071033298969269,0.11476793885231018,0.46767960536459185,0.11157827826000875,0.9913747906684875
50,2,11,0.7296174168586731,0.18471240997314453,0.7805136314031001,0.18382528284113137,0.996515154838562
50,2,12,0.333617627620697,0.1917499452829361,0.3323216654294309,0.18456767529152113,0.9947479367256165
50,2,13,0.7276780605316162,0.32827138900756836,0.8267191625256618,0.3289622037934378,0.9037846326828003
50,2,14,0.31083303689956665,0.325999915599823,0.28277107090542014,0.3376120306094325,0.5169904828071594
50,2,15,0.48126596212387085,0.30587130784988403,0.7275254118948465,0.4044857176051204,0.7829200625419617
50,2,16,0.17655165493488312,0.45821481943130493,0.15254036334662158,0.463585044841248,0.5469555258750916
50,2,17,0.39332762360572815,0.30286258459091187,0.6975543270062659,0.43041764851260855,0.7373055815696716
50,2,18,0.1286976933479309,0.5117363333702087,0.1067038718059732,0.5034630906450915,0.5157384276390076
50,2,19,0.38827574253082275,0.28635212779045105,0.6724132341080894,0.40980609407505525,0.7384302020072937
50,2,20,0.15238134562969208,0.5103421807289124,0.1188891877497996,0.5016077908104826,0.5263951420783997
50,2,21,0.41585713624954224,0.2890715003013611,0.6721700684688189,0.4031257425613791,0.7464348077774048
50,2,22,0.18666790425777435,0.47922372817993164,0.15388520749802603,0.48765534000220606,0.5576024651527405
50,2,23,0.6566932201385498,0.48499733209609985,0.7345008788518599,0.470180209293698,0.9786834120750427
50,2,24,0.4022066593170166,0.48219478130340576,0.43298553242151344,0.47836784533049886,0.9661511778831482
50,2,25,0.5281639695167542,0.7441551685333252,0.66504411109659,0.7232989244075295,0.7458711266517639
50,2,26,0.46776676177978516,0.7246850728988647,0.44641745404484423,0.7252267542478814,0.5496804714202881
50,2,27,0.6971064209938049,0.9333932995796204,0.7380428616511296,0.9194328555960503,0.557317316532135
50,2,28,0.5834019780158997,0.9094259142875671,0.5163336345540804,0.9234841019925293,0.47535642981529236
50,2,29,0.762309193611145,0.9419077634811401,0.7476383620938463,0.926728330851918,0.5122179388999939
50,2,30,0.6437956690788269,0.9230875968933105,0.5690929325187617,0.9377453411342253,0.448413223028183
50,2,31,0.5402958989143372,1.0102643966674805,0.652340201711959,0.98849885953386,0.5047359466552734
50,2,32,0.4454628527164459,0.9832402467727661,0.4208577269341511,0.9887798462931648,0.444131076335907
51,1,0,0.3194640278816223,0.10485053807497025,0.239270908381086,0.1243929343418812,0.9937001466751099
51,1,1,0.32018759846687317,0.07847074419260025,0.24609384100844983,0.09896299088920761,0.9904687404632568
51,1,2,0.3330869972705841,0.07490775734186172,0.2591213445814404,0.09557716590571372,0.9911841154098511
51,1,3,0.3452991545200348,0.07139132171869278,0.27182035130697735,0.09216005728375948,0.9911342859268188
51,1,4,0.28052061796188354,0.08927542716264725,0.2189592503347508,0.10519598699618697,0.9910406470298767
51,1,5,0.26712775230407715,0.09267398715019226,0.2130457581733376,0.1060836000088702,0.9902086853981018
51,1,6,0.2536894381046295,0.09582448750734329,0.20755647999279356,0.10677854992606958,0.9896900653839111
51,1,7,0.36563125252723694,0.07574805617332458,0.32244269050846547,0.08771213522390613,0.9888061881065369
51,1,8,0.26042887568473816,0.09956809878349304,0.2445091409767424,0.10311353262479021,0.9876678586006165
51,1,9,0.36847174167633057,0.11646318435668945,0.2979853594326243,0.13376190343808997,0.9928818345069885
51,1,10,0.31816408038139343,0.127019464969635,0.2610448294986884,0.14033975485612096,0.9919807314872742
51,1,11,0.4674670994281769,0.17942029237747192,0.48465799828191286,0.18220275781730802,0.9968500137329102
51,1,12,0.34194475412368774,0.18777160346508026,0.3326847819326002,0.18423579394022635,0.9947146773338318
51,1,13,0.546064019203186,0.3570065200328827,0.5601403192807242,0.3782496586539875,0.912375271320343
51,1,14,0.27012303471565247,0.32574623823165894,0.2606199466324421,0.33325233457856324,0.5121523141860962
51,1,15,0.2653387486934662,0.4151046574115753,0.2756996720908266,0.42810538269882104,0.8035023212432861
51,1,16,0.17358964681625366,0.43965867161750793,0.12637169573101792,0.41414999955848614,0.548617959022522
51,1,17,0.17780382931232452,0.4351116716861725,0.1913754241370166,0.45556757221575966,0.7613426446914673
51,1,18,0.11445236206054688,0.4815981090068817,0.07261774475067001,0.4515192548021637,0.5214126706123352
51,1,19,0.1766749918460846,0.4050130844116211,0.1803124037280239,0.4204497729509375,0.7623658180236816
51,1,20,0.10571523010730743,0.523358941078186,0.07013854929779315,0.4546313572159374,0.5321556329727173
51,1,21,0.20553633570671082,0.3963501453399658,0.20825264379735617,0.41121143964265766,0.7694492340087891
51,1,22,0.13669948279857635,0.5136702656745911,0.09693763397826188,0.44140694405303554,0.56456059217453
51,1,23,0.5986841917037964,0.5108315944671631,0.5922461286610606,0.5298012969972917,0.9794957637786865
51,1,24,0.536083996295929,0.5161339044570923,0.5198672811030732,0.5267008372634453,0.9661486148834229
51,1,25,0.754218339920044,0.7878882884979248,0.7657108144269995,0.807063976197604,0.7415298819541931
51,1,26,0.6384058594703674,0.7845481634140015,0.6039262313263457,0.7993693214231112,0.5283474326133728
51,1,27,0.889108419418335,1.0894336700439453,0.8846774934659083,1.0939917464228457,0.5309664011001587
51,1,28,0.7688217759132385,1.006235122680664,0.7950789881240802,1.0767969825539294,0.440773069858551
51,1,29,0.931451141834259,1.1234828233718872,0.9310173728420219,1.1143132090890857,0.5110927224159241
51,1,30,0.8370914459228516,1.1238209009170532,0.8591894308632952,1.1260107370838657,0.44043296575546265
51,1,31,0.8499805331230164,1.2252181768417358,0.8395282361860691,1.2175010298102755,0.47918209433555603
51,1,32,0.7613080143928528,1.2092612981796265,0.7575253557843806,1.1998851294055206,0.4118591547012329
51,2,0,0.4771902561187744,0.08997658640146255,0.48255262824188044,0.09218091089943298,0.9941855072975159
51,2,1,0.45668113231658936,0.069505475461483,0.5198581253201245,0.07377190105050427,0.9911940693855286
51,2,2,0.4790968596935272,0.0682816207408905,0.5437501836503271,0.0737535831526693,0.9918673038482666
51,2,3,0.5015621781349182,0.0671394094824791,0.568454075824035,0.07394087197566278,0.991837203502655
51,2,4,0.4042464792728424,0.0724174827337265,0.4622104189882331,0.07394005231423142,0.9917005300521851
51,2,5,0.3909621834754944,0.07311619818210602,0.4470039463088861,0.0739049752664445,0.9909237027168274
51,2,6,0.37843188643455505,0.0739092081785202,0.43250400824024837,0.07402745168202757,0.9904889464378357
51,2,7,0.5585463047027588,0.07654877752065659,0.625408689317376,0.08353772581843352,0.9896109104156494
51,2,8,0.4053933918476105,0.08500297367572784,0.4506201236632034,0.08426765459934442,0.9885709881782532
51,2,9,0.49623918533325195,0.1069643497467041,0.5299172070429956,0.11140003787253437,0.9932999610900879
51,2,10,0.43164515495300293,0.11126288771629333,0.4614327039789904,0.11152366133532882,0.9924560189247131
51,2,11,0.6809961795806885,0.1662081927061081,0.7632285519211052,0.18077290281205152,0.9970152378082275
51,2,12,0.354800820350647,0.18659266829490662,0.33621703345255727,0.18491836615361892,0.9949990510940552
51,2,13,0.6441466212272644,0.2781645655632019,0.7949293622431464,0.32015210827780405,0.915854275226593
51,2,14,0.281851589679718,0.3362102210521698,0.28261183951199986,0.3373692679415508,0.4924914836883545
51,2,15,0.4085859954357147,0.21407708525657654,0.6717640343475019,0.3713238941327677,0.8064427375793457
51,2,16,0.16850224137306213,0.4406452476978302,0.1553058104386065,0.45960980345109564,0.5205770134925842
51,2,17,0.36554592847824097,0.17845718562602997,0.6394848748390086,0.3864552745109631,0.7622829675674438
51,2,18,0.1369716078042984,0.4646305739879608,0.11195009744739717,0.4967305842934636,0.49502313137054443
51,2,19,0.3734665811061859,0.16566750407218933,0.6201777699656115,0.3672184108745788,0.7622525691986084
51,2,20,0.15130825340747833,0.46946489810943604,0.12450865096590276,0.4960362029589337,0.5051905512809753
51,2,21,0.3513788878917694,0.18897604942321777,0.6160817261328942,0.365802704046006,0.7673061490058899
51,2,22,0.18739119172096252,0.4663533866405487,0.15969327191500754,0.48396410213838864,0.5360607504844666
51,2,23,0.6439433097839355,0.46295401453971863,0.7187762396436569,0.46892857228057094,0.9809865355491638
51,2,24,0.45175814628601074,0.46027809381484985,0.4362382363702644,0.47523352668674834,0.9687397480010986
51,2,25,0.4872018098831177,0.7037578821182251,0.6340823267699838,0.7199130008718125,0.7654837369918823
51,2,26,0.4381029009819031,0.6719095706939697,0.4449772568574611,0.715978982517141,0.5645871758460999
51,2,27,0.5754376649856567,0.9365084171295166,0.7097469671041391,0.9223913615731922,0.57393479347229
51,2,28,0.5446497797966003,0.8911890387535095,0.5212413482031741,0.9178861123247661,0.4859030544757843
51,2,29,0.6353200078010559,0.9570033550262451,0.7281225918814157,0.9319758506667744,0.5448514223098755
51,2,30,0.5916361212730408,0.9481427669525146,0.5729994186069312,0.9395464335438247,0.47801363468170166
51,2,31,0.4628910422325134,1.054008960723877,0.619346396125011,0.9998656275193775,0.5252972841262817
51,2,32,0.39800509810447693,1.0056860446929932,0.4168975893401449,0.9917089919505657,0.45838212966918945
52,1,0,0.31104207038879395,0.1042981669306755,0.251726400477346,0.12091100591447765,0.9946805834770203
52,1,1,0.30643361806869507,0.07775130122900009,0.25656188882643294,0.0952874040438529,0.9919785857200623
52,1,2,0.3195881247520447,0.07382790744304657,0.26961146578764,0.09180836761907267,0.9926044344902039
52,1,3,0.33162638545036316,0.06995239108800888,0.2821956370382947,0.0883117712710231,0.992573618888855
52,1,4,0.2712534964084625,0.08756593614816666,0.22802932510218618,0.10214135967112944,0.9923779368400574
52,1,5,0.26100361347198486,0.09050293266773224,0.22136263182041627,0.10338422035696597,0.9916324615478516
52,1,6,0.2502201199531555,0.09331908077001572,0.21495405134105516,0.10444682048695549,0.9911302328109741
52,1,7,0.35937750339508057,0.07029145210981369,0.32884582292422715,0.08469380265554816,0.9905928373336792
52,1,8,0.26200196146965027,0.0962904691696167,0.2475399782512529,0.10193173534355018,0.9894158840179443
52,1,9,0.34923556447029114,0.11468351632356644,0.30687407703028496,0.13045618968174583,0.9939005970954895
52,1,10,0.30321425199508667,0.12434014678001404,0.2683566003132219,0.13756775787837844,0.9930400252342224
52,1,11,0.47355377674102783,0.16073086857795715,0.48273442928532323,0.17848205494304392,0.9973054528236389
52,1,12,0.3437559902667999,0.18481743335723877,0.3346026223287209,0.18433651861385342,0.9951040148735046
52,1,13,0.526458740234375,0.3530600070953369,0.5543017460102307,0.37388424426581135,0.9234024286270142
52,1,14,0.2898464500904083,0.3551737666130066,0.26568555847219827,0.3370509806281126,0.4922046959400177
52,1,15,0.2668549716472626,0.4087812006473541,0.27416762115533266,0.42475705581785256,0.8250336050987244
52,1,16,0.14417241513729095,0.4467824399471283,0.1294559078229823,0.41980651471110036,0.5316124558448792
52,1,17,0.18549424409866333,0.4320485591888428,0.19035679559866236,0.45149188754913405,0.7844101786613464
52,1,18,0.11718478798866272,0.4881073832511902,0.08034578473143655,0.4578622006472079,0.5104230046272278
52,1,19,0.1830311417579651,0.40140387415885925,0.18078324796154274,0.4171496919754261,0.7844290137290955
52,1,20,0.10751907527446747,0.5138931274414062,0.07661902850049755,0.4649120246426456,0.5208723545074463
52,1,21,0.20317743718624115,0.39499422907829285,0.2073736324208557,0.4084017240200858,0.7888972163200378
52,1,22,0.1413465142250061,0.50968998670578,0.10463821070919355,0.4532558182986369,0.5530714988708496
52,1,23,0.5985767245292664,0.5160676836967468,0.5933426097269779,0.527422054293342,0.9813535809516907
52,1,24,0.5183208584785461,0.5199994444847107,0.5195994724409595,0.5255401174983947,0.9683123826980591
52,1,25,0.7456498742103577,0.7969353795051575,0.7622347479083882,0.805309465307303,0.7576730251312256
52,1,26,0.5425095558166504,0.8055985569953918,0.5932710069140178,0.8004482440868989,0.549001157283783
52,1,27,0.8943007588386536,1.125749111175537,0.8863444442468937,1.0994964360031236,0.5390693545341492
52,1,28,0.7183499932289124,1.0984394550323486,0.7817611820857703,1.080547254833323,0.4506405293941498
52,1,29,0.9241959452629089,1.1641297340393066,0.9298358604694532,1.122952852396697,0.5263025164604187
52,1,30,0.772976279258728,1.1873741149902344,0.8442212138213936,1.136656663610158,0.458464652299881
52,1,31,0.8886108994483948,1.274017095565796,0.8480404494619939,1.2273045541925292,0.48915737867355347
52,1,32,0.7126213908195496,1.282637596130371,0.7497388517170147,1.2142510459338336,0.42151162028312683
52,2,0,0.47113195061683655,0.09054750204086304,0.48057420890994457,0.09189803841811063,0.9950570464134216
52,2,1,0.47063881158828735,0.07176090031862259,0.5113221084944533,0.07342363353940089,0.9924963712692261
52,2,2,0.49416476488113403,0.07096094638109207,0.535150580296051,0.07326993960884003,0.9930930137634277
52,2,3,0.5178553462028503,0.07003796100616455,0.5596784684735604,0.07326492273085253,0.9930762052536011
52,2,4,0.41788461804389954,0.0737890750169754,0.4545242100401564,0.07391390734811215,0.9928839206695557
52,2,5,0.40485018491744995,0.07462365180253983,0.43969485595212826,0.07402943168842716,0.9921931624412537
52,2,6,0.39231687784194946,0.07575780898332596,0.4255363305310655,0.0743271144923258,0.9917618632316589
52,2,7,0.580875039100647,0.07232984900474548,0.6176864043724021,0.08159619561940137,0.9910721182823181
52,2,8,0.4216407835483551,0.08849439769983292,0.445597365147086,0.0849996957779712,0.9900239706039429
52,2,9,0.49381494522094727,0.10650571435689926,0.5236585380576791,0.1105523596076878,0.9940541982650757
52,2,10,0.42871055006980896,0.11005369573831558,0.4557605871574896,0.11126909508661935,0.9932392835617065
52,2,11,0.706256628036499,0.16349923610687256,0.7533457564300927,0.17778005589970589,0.9973081350326538
52,2,12,0.35867324471473694,0.18636761605739594,0.3401084222335962,0.18516934474765798,0.995306670665741
52,2,13,0.6983509063720703,0.29227113723754883,0.7781560805695484,0.315319891503869,0.9252710938453674
52,2,14,0.32654353976249695,0.31858277320861816,0.29022957952180456,0.3341141589094037,0.47247952222824097
52,2,15,0.44539785385131836,0.20365288853645325,0.6322959216408666,0.3421417390353652,0.8273111581802368
52,2,16,0.17660588026046753,0.4380391836166382,0.15899671076888738,0.45587198054973865,0.5036532878875732
52,2,17,0.3871261775493622,0.17577286064624786,0.5954502977972689,0.34973995909493705,0.7846503853797913
52,2,18,0.14877307415008545,0.4647391736507416,0.11833378884639738,0.49118527836550036,0.48346850275993347
52,2,19,0.3947277069091797,0.17530515789985657,0.5808702243458143,0.33379270335441413,0.7837565541267395
52,2,20,0.16636070609092712,0.4678635597229004,0.13176527687569448,0.49115339221236143,0.49318939447402954
52,2,21,0.3999820351600647,0.1808868795633316,0.5784150672522022,0.3336025495088459,0.7862184643745422
52,2,22,0.2198735773563385,0.46768736839294434,0.1701335387948188,0.48114406838225654,0.5229297280311584
52,2,23,0.667609691619873,0.4665098786354065,0.7099020324515335,0.4685096949573802,0.9824169874191284
52,2,24,0.47073009610176086,0.4670967757701874,0.4422174134087942,0.473824135022857,0.9705245494842529
52,2,25,0.525724470615387,0.706613302230835,0.6152566276552013,0.7176089618963482,0.7790635824203491
52,2,26,0.4375830888748169,0.6864597797393799,0.4436965187071485,0.7108625823712094,0.5820696353912354
52,2,27,0.5906825065612793,0.9312224984169006,0.6890547026579652,0.9239210623033569,0.5796347260475159
52,2,28,0.5385410189628601,0.9185060262680054,0.5242387093320039,0.9179934652403051,0.4936046004295349
52,2,29,0.6502481698989868,0.9497936964035034,0.7146055036096658,0.9350630333803801,0.5562530159950256
52,2,30,0.6123213171958923,0.9507517218589783,0.5798168986659564,0.9414875149972938,0.49105092883110046
52,2,31,0.4813859164714813,1.0480915307998657,0.5953564690266633,1.0082290537157232,0.5326027870178223
52,2,32,0.3827948272228241,1.0342504978179932,0.4109859191817411,0.9990853543539823,0.46475809812545776
53,1,0,0.3639255464076996,0.1006692573428154,0.27122154964186107,0.11740359370015595,0.9954782724380493
53,1,1,0.3597409129142761,0.07396882027387619,0.2744849020858467,0.09159328247649909,0.9931616187095642
53,1,2,0.37087684869766235,0.07131175696849823,0.28720105714012223,0.08825676667053219,0.9937185049057007
53,1,3,0.38099178671836853,0.06849943846464157,0.29935505889289443,0.08487881081366443,0.9936966896057129
53,1,4,0.32301998138427734,0.08101138472557068,0.24452589965062058,0.09847994156674714,0.9934564828872681
53,1,5,0.309938907623291,0.08348024636507034,0.23674229240872416,0.09993537175943003,0.9928114414215088
53,1,6,0.2961585819721222,0.08593225479125977,0.2290506251578084,0.10123885473101002,0.9923310875892639
53,1,7,0.3861474096775055,0.07024805247783661,0.33878587626418055,0.08219113488856553,0.9919112324714661
53,1,8,0.2825663685798645,0.0926482304930687,0.253611910190056,0.10032365530191956,0.9908084869384766
53,1,9,0.3827579915523529,0.1154671385884285,0.32004493676600054,0.12785935456672684,0.9945915937423706
53,1,10,0.33241450786590576,0.12360332906246185,0.2794709209540196,0.13514851190121074,0.9937876462936401
53,1,11,0.48267412185668945,0.16832058131694794,0.4827239857810173,0.17672184747910974,0.9975648522377014
53,1,12,0.3290197253227234,0.18955686688423157,0.33363566289033453,0.18524067194406682,0.9953367114067078
53,1,13,0.5607038140296936,0.35480114817619324,0.5554106092820084,0.37057771392148997,0.9311609864234924
53,1,14,0.28371649980545044,0.351312518119812,0.26880967769241654,0.33952171727025665,0.501065194606781
53,1,15,0.27890101075172424,0.40819135308265686,0.2749874220714969,0.42188693208576056,0.8431426882743835
53,1,16,0.13720998167991638,0.4842030704021454,0.1307989991289184,0.43097967950447413,0.534174919128418
53,1,17,0.19836615025997162,0.43540921807289124,0.19174411500940375,0.4487054929322193,0.8032364249229431
53,1,18,0.09087612479925156,0.520991325378418,0.08216990799733423,0.4688150396264302,0.5154588222503662
53,1,19,0.19722962379455566,0.4076918959617615,0.18363268658017304,0.41551141264328245,0.8025296330451965
53,1,20,0.10381098091602325,0.5095887184143066,0.08133172444045646,0.4726591044735545,0.5254231095314026
53,1,21,0.2182786762714386,0.3998093903064728,0.20926268572900208,0.4069133988069468,0.8048176765441895
53,1,22,0.14396065473556519,0.5077008008956909,0.11145575287024102,0.4626995203868838,0.5555156469345093
53,1,23,0.6125354766845703,0.5196667313575745,0.596668166545486,0.5260787457780066,0.9826058149337769
53,1,24,0.5045998096466064,0.5207262635231018,0.5170007898857237,0.5247063777264971,0.9699600338935852
53,1,25,0.7570114731788635,0.7986235022544861,0.7613300867273112,0.8041514193000611,0.7877359390258789
53,1,26,0.5602529644966125,0.810390055179596,0.5875475604450425,0.8021703885311846,0.5892979502677917
53,1,27,0.9305759072303772,1.1458876132965088,0.8940142259134369,1.1075412258698916,0.5626557469367981
53,1,28,0.7227658629417419,1.1456443071365356,0.771526826514681,1.0918421931667577,0.47055867314338684
53,1,29,0.9488331079483032,1.1850593090057373,0.9331275096928803,1.1337279135108291,0.5467785596847534
53,1,30,0.7782644033432007,1.1993738412857056,0.8327768060330117,1.1475379111476218,0.48159950971603394
53,1,31,0.938662588596344,1.3067865371704102,0.8637762826852143,1.2411013576170735,0.5055270195007324
53,1,32,0.7322356104850769,1.3053674697875977,0.7467062210328717,1.2300729400691912,0.4339650869369507
53,2,0,0.4728870391845703,0.09387870132923126,0.4792427011089385,0.09224105166442234,0.9953995943069458
53,2,1,0.5682569742202759,0.07336249202489853,0.521198369165606,0.07341304559961617,0.9925598502159119
53,2,2,0.5845934748649597,0.07222622632980347,0.5437253122317041,0.07308919335166059,0.9933794140815735
53,2,3,0.5873469114303589,0.07082121819257736,0.5644737880615346,0.0728417135473208,0.9930634498596191
53,2,4,0.5084454417228699,0.07645546644926071,0.4638768689956019,0.0743540645971585,0.992880642414093
53,2,5,0.49265173077583313,0.07773992419242859,0.44887998635663645,0.07467205203062678,0.9924609661102295
53,2,6,0.45966818928718567,0.07923028618097305,0.43145300680726895,0.0751763254419833,0.9918485879898071
53,2,7,0.6057330965995789,0.07505504041910172,0.6156156887026103,0.08046323622979333,0.9911601543426514
53,2,8,0.44239920377731323,0.09044008702039719,0.445043482695689,0.08594196636990692,0.9896113276481628
53,2,9,0.5104180574417114,0.1110202744603157,0.5213647523995236,0.11063338989800783,0.9938578009605408
53,2,10,0.4408811032772064,0.11580830812454224,0.45318273415945803,0.11205526116422014,0.9930382966995239
53,2,11,0.7252983450889587,0.17247286438941956,0.7484846552570792,0.176860858993113,0.9973617196083069
53,2,12,0.3868115544319153,0.19266262650489807,0.34820740066469213,0.18646725413415216,0.9953052401542664
53,2,13,0.7348464727401733,0.3415583670139313,0.7706462815475028,0.3198672092197886,0.9271953701972961
53,2,14,0.31160804629325867,0.3371872901916504,0.29393408829785805,0.3346463843102724,0.4886332154273987
53,2,15,0.5859278440475464,0.46517857909202576,0.6242547858635608,0.36352665540298235,0.8257684707641602
53,2,16,0.192576065659523,0.445510596036911,0.1648175290094955,0.4540771327483562,0.5173158049583435
53,2,17,0.6206808686256409,0.48118168115615845,0.5998225684720673,0.3725912993028122,0.7850035429000854
53,2,18,0.14841744303703308,0.4795178771018982,0.12354809020017991,0.4891641163024113,0.4987958073616028
53,2,19,0.5959513187408447,0.46548765897750854,0.5834828854605322,0.35668828341606656,0.7840946912765503
53,2,20,0.16580669581890106,0.4750676155090332,0.13766625942384597,0.4883664583015748,0.508796215057373
53,2,21,0.5932475328445435,0.45378103852272034,0.5809846463761927,0.3544888138384084,0.7886552214622498
53,2,22,0.23212485015392303,0.4723033607006073,0.18088858384143414,0.47961270934468353,0.5386204123497009
53,2,23,0.6635012626647949,0.4933110773563385,0.7018555431860624,0.47280777101127297,0.9833585619926453
53,2,24,0.4680751860141754,0.49033093452453613,0.4466987064689548,0.4766840480648953,0.972038745880127
53,2,25,0.5025076270103455,0.7355636954307556,0.5956654520871485,0.7207198747141,0.8056224584579468
53,2,26,0.5065339207649231,0.7095800042152405,0.4545986678566421,0.7106404687161696,0.6065918803215027
53,2,27,0.44154614210128784,0.9431557059288025,0.6458748436785665,0.9272538662363131,0.5983040928840637
53,2,28,0.6235076189041138,0.9084124565124512,0.5414804885618832,0.9163338367460059,0.5076584815979004
53,2,29,0.49494701623916626,0.9495993256568909,0.6763162619076507,0.9375813942862039,0.5771144032478333
53,2,30,0.6558651924133301,0.9247453212738037,0.5930163860025335,0.9385867978121193,0.5154866576194763
53,2,31,0.242139995098114,1.021304726600647,0.5335409407753071,1.0104942696289831,0.5442271828651428
53,2,32,0.4830189049243927,0.9742698073387146,0.42348689844576315,0.9947848226144723,0.4741860032081604
54,1,0,0.2971133887767792,0.09511493146419525,0.2757087646485141,0.11354126259898059,0.994704008102417
54,1,1,0.3433349132537842,0.07484124600887299,0.28643241677514125,0.08869085838173753,0.9918792247772217
54,1,2,0.3535541892051697,0.07358235120773315,0.29871442701435336,0.0857144657219131,0.9928451180458069
54,1,3,0.3580560088157654,0.07172772288322449,0.3095383102537081,0.08260052634271074,0.9926127791404724
54,1,4,0.3069084584712982,0.07659582048654556,0.25534901305555374,0.09468775839084548,0.9916917085647583
54,1,5,0.29614320397377014,0.07721193134784698,0.24704717679100885,0.09599764823855154,0.9909478425979614
54,1,6,0.2775437831878662,0.07761920243501663,0.23746047409486762,0.09714571742649183,0.9897383451461792
54,1,7,0.37205931544303894,0.074410080909729,0.34455363084671403,0.08084336874386748,0.9913437962532043
54,1,8,0.27131301164627075,0.0846799910068512,0.25667885455740225,0.09761335638139816,0.9880251884460449
54,1,9,0.3333508372306824,0.11500643938779831,0.3223500556690282,0.12563274538218389,0.9936384558677673
54,1,10,0.288275808095932,0.1178983822464943,0.28099607525152376,0.13215974468831834,0.9922773838043213
54,1,11,0.4987325370311737,0.17073629796504974,0.48549753139174195,0.17568513893066887,0.997562050819397
54,1,12,0.24035361409187317,0.16226859390735626,0.31743662190256017,0.18125983316345143,0.9948683977127075
54,1,13,0.5558182597160339,0.3454698622226715,0.5554812032214476,0.36622648597854257,0.9311624765396118
54,1,14,0.24253450334072113,0.327467143535614,0.26425598740515116,0.337433459436496,0.487855464220047
54,1,15,0.3265295624732971,0.44031816720962524,0.28392683789908274,0.425080450562618,0.8372945189476013
54,1,16,0.16692396998405457,0.3918970823287964,0.1370615788348551,0.424203762396016,0.5307917594909668
54,1,17,0.25832509994506836,0.45640596747398376,0.20329706299714842,0.45003929813462307,0.7977495193481445
54,1,18,0.19790880382061005,0.41701552271842957,0.1022821892589061,0.45983090536112226,0.5136860609054565
54,1,19,0.25357940793037415,0.44680315256118774,0.19577087392028233,0.42093532249017224,0.7972463369369507
54,1,20,0.20048528909683228,0.4053838551044464,0.10203949376481597,0.46098544132594427,0.5244562029838562
54,1,21,0.27695947885513306,0.43435803055763245,0.2210096401177274,0.4116699260907908,0.8013506531715393
54,1,22,0.2296781688928604,0.40170779824256897,0.13200113219141937,0.45211817859530945,0.5559899210929871
54,1,23,0.6101027131080627,0.5294469594955444,0.5989955744008543,0.5266620806552403,0.9833155870437622
54,1,24,0.39630207419395447,0.5304122567176819,0.4960234492496348,0.5256946378646812,0.9717598557472229
54,1,25,0.764400064945221,0.8200011253356934,0.7618617657062678,0.8068974317698187,0.8138599395751953
54,1,26,0.41172000765800476,0.831913411617279,0.5569385179248177,0.8073256129055261,0.6113354563713074
54,1,27,0.8172739148139954,1.1674596071243286,0.880694410355098,1.1179360186259482,0.580569863319397
54,1,28,0.6321336030960083,1.1744614839553833,0.7472869468469012,1.1061849464138132,0.48432016372680664
54,1,29,0.8188223242759705,1.2070046663284302,0.9132652323469875,1.1464452206467808,0.5571010112762451
54,1,30,0.6930040121078491,1.2259422540664673,0.8084706385852561,1.1611472440129824,0.4989340901374817
54,1,31,0.8320377469062805,1.3262596130371094,0.8582748591440498,1.2558860051628697,0.517471432685852
54,1,32,0.6303849220275879,1.3292272090911865,0.7264924477663203,1.2472947328017017,0.4441184103488922
54,2,0,0.4198320508003235,0.09353518486022949,0.4689360968867049,0.09246516636065015,0.9949548840522766
54,2,1,0.5020513534545898,0.07461784780025482,0.517880741946331,0.07362168961749015,0.9921860694885254
54,2,2,0.5269380807876587,0.0740470215678215,0.5408167738159991,0.07325506592583489,0.9932168126106262
54,2,3,0.5485559701919556,0.07301207631826401,0.5617159549319761,0.07287121554110011,0.9929139018058777
54,2,4,0.4504404664039612,0.07621985673904419,0.4615491275236071,0.07467718328942842,0.9918819069862366
54,2,5,0.44040757417678833,0.07715082913637161,0.4474124332669189,0.07510133563877847,0.9912824630737305
54,2,6,0.4261220395565033,0.07826155424118042,0.4305296880817437,0.07571064629895183,0.9900158643722534
54,2,7,0.5995649695396423,0.08054238557815552,0.6128348229294226,0.08047694261135387,0.9917342662811279
54,2,8,0.4371625483036041,0.08829353004693985,0.4436784096046714,0.08634921714493067,0.9882878065109253
54,2,9,0.46878913044929504,0.11263380944728851,0.5122457749076466,0.11097982482203046,0.9938077330589294
54,2,10,0.40784579515457153,0.11551214754581451,0.4453209804382864,0.11265395489426196,0.9924659132957458
54,2,11,0.7184792160987854,0.17351779341697693,0.7432838904265968,0.1762818796863022,0.9976993799209595
54,2,12,0.36983415484428406,0.18270781636238098,0.35195496118949515,0.1858161560221795,0.9950461983680725
54,2,13,0.7009751200675964,0.354884535074234,0.7585559040100577,0.3259375664526293,0.9326345920562744
54,2,14,0.28194600343704224,0.3297663629055023,0.29185735715278127,0.3338011833264595,0.4737715423107147
54,2,15,0.5663684606552124,0.494968980550766,0.6142127625623787,0.3863783599071589,0.835695743560791
54,2,16,0.18644815683364868,0.40504249930381775,0.16856575016016612,0.44557325250145285,0.5188843607902527
54,2,17,0.5822486877441406,0.5317724943161011,0.5967775412621256,0.4002882969756496,0.7958661913871765
54,2,18,0.20063002407550812,0.43320468068122864,0.13692731021527552,0.47945727665711474,0.5025993585586548
54,2,19,0.5770420432090759,0.568153977394104,0.5823672593562458,0.3935401013907886,0.7951065301895142
54,2,20,0.21158991754055023,0.4333513081073761,0.15049606744648422,0.47882368708456785,0.5133467316627502
54,2,21,0.5638463497161865,0.5531486868858337,0.578015156165165,0.3890958248776401,0.799565315246582
54,2,22,0.2629909813404083,0.4268916845321655,0.1951413639724563,0.4704685015704666,0.544171929359436
54,2,23,0.6370339393615723,0.509921133518219,0.6906084344417882,0.47924189030292524,0.9847204089164734
54,2,24,0.4436596632003784,0.4986926317214966,0.44617238542059384,0.48049781236815153,0.9741182327270508
54,2,25,0.440299928188324,0.7461245656013489,0.5686348412196147,0.725122583914848,0.8291729092597961
54,2,26,0.488573282957077,0.7038044929504395,0.4604880886833352,0.7094564340864563,0.6177780032157898
54,2,27,0.3268411457538605,0.963975191116333,0.5900979588258595,0.9336199456323423,0.6154370903968811
54,2,28,0.6666368246078491,0.9071709513664246,0.5632354659501816,0.9147466558323187,0.5117813348770142
54,2,29,0.38604795932769775,0.9720034003257751,0.6256120684608372,0.9435484473951028,0.5912250280380249
54,2,30,0.7192351818084717,0.924685537815094,0.6149567616909384,0.9361785003181818,0.5270801186561584
54,2,31,0.13945525884628296,1.037902593612671,0.4644883146629628,1.0152445033778243,0.5570259690284729
54,2,32,0.5424003601074219,0.9637156128883362,0.44415277725947827,0.9893995198305808,0.4787863790988922
55,1,0,0.2662324011325836,0.09620503336191177,0.2740672735575014,0.11053756964459822,0.9951056241989136
55,1,1,0.3218284845352173,0.07632098346948624,0.29256852172384884,0.08654796098087804,0.9926053285598755
55,1,2,0.3355606496334076,0.07495108246803284,0.3051022019094826,0.08384995921867888,0.9935832619667053
55,1,3,0.3466678261756897,0.07321747392416,0.315975251105204,0.08097519758204443,0.9932777285575867
55,1,4,0.28741103410720825,0.08007630705833435,0.26090658204833833,0.09215637064379054,0.9921871423721313
55,1,5,0.2788238227367401,0.08167828619480133,0.2525552300561044,0.09351688586325255,0.991567075252533
55,1,6,0.2675344944000244,0.0832369327545166,0.24267313093803997,0.09473611542796305,0.9902200698852539
55,1,7,0.3716486096382141,0.07989151775836945,0.34924951441073077,0.08067853128548688,0.9923521280288696
55,1,8,0.27194449305534363,0.08980239182710648,0.259323630016776,0.09626040823816606,0.9888637661933899
55,1,9,0.31434178352355957,0.11469227820634842,0.32096292590200237,0.12373755320463894,0.9941781759262085
55,1,10,0.2709553837776184,0.11953186988830566,0.2792567984853328,0.12997213580677858,0.9928349256515503
55,1,11,0.4952293932437897,0.17228162288665771,0.4871832975922789,0.17509568924674088,0.9978690147399902
55,1,12,0.2863287329673767,0.19815747439861298,0.3120445903578149,0.18418749613948052,0.9951506853103638
55,1,13,0.5322626233100891,0.333700567483902,0.5514576162474081,0.36058843990027417,0.9333161115646362
55,1,14,0.2654481530189514,0.34099888801574707,0.26446244276413267,0.3380509529453104,0.5044395923614502
55,1,15,0.3063758909702301,0.4568321406841278,0.28781698119950677,0.43058416172414854,0.8463336825370789
55,1,16,0.16907556354999542,0.4570593535900116,0.14261079944312346,0.4298990041616904,0.5497666597366333
55,1,17,0.2584684491157532,0.4801967144012451,0.21286698074542584,0.4552664134924658,0.8073151707649231
55,1,18,0.1364121437072754,0.5059894919395447,0.10819857309090919,0.4678353025976093,0.5351710319519043
55,1,19,0.257852166891098,0.5001309514045715,0.20654160397306065,0.43468232849348365,0.8067767024040222
55,1,20,0.13466769456863403,0.4895850121974945,0.10769529525341079,0.46594230311070073,0.5458790063858032
55,1,21,0.24329730868339539,0.5319752097129822,0.22487180047820018,0.43257858407523675,0.8113697171211243
55,1,22,0.16289682686328888,0.48165079951286316,0.1373563422946896,0.4572369017773304,0.5761417150497437
55,1,23,0.6178651452064514,0.5371975302696228,0.6022650831569364,0.5284870894774811,0.9849241375923157
55,1,24,0.44434353709220886,0.5464195609092712,0.4870600581153933,0.5292858222825532,0.9751055240631104
55,1,25,0.7900153398513794,0.8318058252334595,0.7667412635623463,0.8112140658032606,0.832146942615509
55,1,26,0.4439649283885956,0.847490131855011,0.5373082633996655,0.8142893281924715,0.6323972344398499
55,1,27,0.8280336856842041,1.1643669605255127,0.8715606764087249,1.1259877225795183,0.5943350791931152
55,1,28,0.6377109289169312,1.1875274181365967,0.7282490746006044,1.1203055201452032,0.5007873773574829
55,1,29,0.8201358914375305,1.201085090637207,0.8970928022774366,1.1559227778584715,0.582920491695404
55,1,30,0.6825612187385559,1.2338838577270508,0.7865842835024194,1.1737706461337036,0.5301406383514404
55,1,31,0.8505333662033081,1.331267237663269,0.8569339481258977,1.26896940920899,0.5280725359916687
55,1,32,0.6414136290550232,1.3478269577026367,0.7117216298809266,1.2647566027057104,0.456796795129776
55,2,0,0.3965758681297302,0.09914415329694748,0.45637811809609746,0.09362200359734785,0.9933262467384338
55,2,1,0.4748217463493347,0.07798933237791061,0.5104145029490802,0.07437813677134858,0.9893329739570618
55,2,2,0.5026382207870483,0.07578041404485703,0.5341977513978635,0.07369241547377783,0.9911807179450989
55,2,3,0.5300484299659729,0.07407986372709274,0.5562268229976302,0.07308052561786739,0.9898732304573059
55,2,4,0.42577144503593445,0.08163624256849289,0.45534679469339,0.07588254074198407,0.9885852336883545
55,2,5,0.419254869222641,0.08245448768138885,0.4425322245175254,0.07637496779219463,0.9884446859359741
55,2,6,0.41269296407699585,0.08325427770614624,0.427439224158363,0.07701727868211657,0.9866414070129395
55,2,7,0.6030964851379395,0.0849539041519165,0.6111479291706409,0.08125232559262136,0.9891958236694336
55,2,8,0.4428022503852844,0.08986104279756546,0.4435266802419992,0.08695742674576896,0.9840877056121826
55,2,9,0.46735402941703796,0.11624693125486374,0.5044613233854951,0.11189207787132724,0.9908050298690796
55,2,10,0.4101414382457733,0.1202019602060318,0.4392224538333998,0.11396134505691707,0.9894143342971802
55,2,11,0.7215486764907837,0.17941737174987793,0.7395175191811294,0.17682490625877184,0.9973888993263245
55,2,12,0.4183141589164734,0.19762475788593292,0.36346936394466983,0.18786178617716165,0.9948517084121704
55,2,13,0.7104644179344177,0.34180590510368347,0.7502157595035173,0.32868680896226526,0.926243782043457
55,2,14,0.23752211034297943,0.3308962285518646,0.2824327247772403,0.333298086193901,0.49630919098854065
55,2,15,0.568996787071228,0.45945650339126587,0.6063717967787726,0.3990611169170739,0.828200101852417
55,2,16,0.14150582253932953,0.4426893889904022,0.16387594490799784,0.44507380820431,0.5479159951210022
55,2,17,0.5633978843688965,0.49284419417381287,0.5909911451744911,0.41636075291104013,0.7893589735031128
55,2,18,0.029533889144659042,0.47831758856773376,0.1182698761173642,0.47925990911844446,0.5334904193878174
55,2,19,0.5194573998451233,0.49801790714263916,0.5714521527839614,0.41168936776297166,0.7887123227119446
55,2,20,0.017604373395442963,0.4745714068412781,0.12739118896714166,0.4780872219138821,0.5446934700012207
55,2,21,0.5200645923614502,0.4999812841415405,0.5679620279881098,0.40836189627493347,0.7951343655586243
55,2,22,0.1295287311077118,0.456025630235672,0.18375676111443207,0.4679663315526882,0.5753596425056458
55,2,23,0.6677151918411255,0.47459152340888977,0.6866412537091939,0.4784364706183157,0.9853461384773254
55,2,24,0.43006932735443115,0.4759403467178345,0.4433824587287621,0.479708484716868,0.9765206575393677
55,2,25,0.5713156461715698,0.718025267124176,0.5690991097134983,0.7238932744438326,0.8399317264556885
55,2,26,0.46282267570495605,0.7234179973602295,0.46089239943801114,0.7118751821049663,0.6403371095657349
55,2,27,0.49771881103515625,0.9555806517601013,0.574055768896755,0.9374254092427075,0.6234475374221802
55,2,28,0.6138558983802795,0.871067225933075,0.5720148246063842,0.9071727245967713,0.5212126970291138
55,2,29,0.5296415686607361,0.9750100374221802,0.6089445561514676,0.9490018285618993,0.6055211424827576
55,2,30,0.7331470847129822,0.9656798839569092,0.6354966664285016,0.9412918066415672,0.5493580102920532
55,2,31,0.34207460284233093,1.0865392684936523,0.44321088136506787,1.0276171333251072,0.5618593692779541
55,2,32,0.5571333169937134,0.9671949148178101,0.4637841401980214,0.9855517648553124,0.48256534337997437
56,1,0,0.26739683747291565,0.10104355216026306,0.27291192065717873,0.10889301400790272,0.993563175201416
56,1,1,0.3184719383716583,0.07959103584289551,0.29705774134748364,0.08534297294742281,0.9898248910903931
56,1,2,0.33655768632888794,0.0770663395524025,0.3105545373715911,0.08267499504074974,0.9916192889213562
56,1,3,0.35391148924827576,0.07460209727287292,0.3225522062682252,0.07987135148544136,0.9904062747955322
56,1,4,0.2849249243736267,0.08279800415039062,0.2650688684807045,0.09053531919168178,0.9889781475067139
56,1,5,0.2784602642059326,0.08331620693206787,0.25704472587343813,0.0917498847812473,0.9887326955795288
56,1,6,0.2712551951408386,0.08336308598518372,0.24762696798628636,0.09276596586887871,0.9866622090339661
56,1,7,0.38420531153678894,0.083329938352108,0.35530920159480556,0.08113771391129786,0.9900493025779724
56,1,8,0.2775014042854309,0.08775307983160019,0.2624732092639134,0.09478681109928584,0.9846665263175964
56,1,9,0.3301040530204773,0.11699289828538895,0.32254633878200817,0.12256933937354049,0.9913452863693237
56,1,10,0.2872142791748047,0.11898726969957352,0.28063513206787827,0.12806924999174568,0.9897698163986206
56,1,11,0.5075020790100098,0.17708557844161987,0.49070406432420355,0.1754403003851505,0.997596800327301
56,1,12,0.24103982746601105,0.1622878462076187,0.299722368131616,0.18039262096461162,0.9947930574417114
56,1,13,0.5556226968765259,0.3385584056377411,0.552178976210312,0.35677095463239167,0.9322354793548584
56,1,14,0.24212108552455902,0.27714136242866516,0.2605909718546114,0.32748387779233273,0.5111950635910034
56,1,15,0.318353533744812,0.4459109306335449,0.293109873860937,0.43323953266634374,0.8418952226638794
56,1,16,0.16012157499790192,0.4131481647491455,0.14564475010019914,0.42699678705557154,0.5705345273017883
56,1,17,0.25695306062698364,0.46952253580093384,0.22051152337284488,0.45773621464537856,0.8055490255355835
56,1,18,0.10067197680473328,0.40892544388771057,0.10689489428614851,0.457615770274788,0.5563758611679077
56,1,19,0.25106436014175415,0.493696391582489,0.21426196961722876,0.44491997390068105,0.8052307963371277
56,1,20,0.138335183262825,0.40701526403427124,0.11300612294696094,0.45571978479123326,0.5677831172943115
56,1,21,0.26632893085479736,0.4749969244003296,0.2320599129861433,0.43993358176837455,0.8110585808753967
56,1,22,0.1865192949771881,0.3949805796146393,0.14588252339147734,0.44643575318723616,0.6002342700958252
56,1,23,0.632883608341217,0.5209839940071106,0.607572193128983,0.5271874796566726,0.9858854413032532
56,1,24,0.41502106189727783,0.5262544751167297,0.4745579506597422,0.5287608337043685,0.9776050448417664
56,1,25,0.7907605767250061,0.8446872234344482,0.7709037071015826,0.8170164696083676,0.8514450788497925
56,1,26,0.37683162093162537,0.8748629689216614,0.5093842445906924,0.8247980083994967,0.6594664454460144
56,1,27,0.8106768131256104,1.2198344469070435,0.8609980721222156,1.1422850683321188,0.6043683290481567
56,1,28,0.5704366564750671,1.2445396184921265,0.7007909387705192,1.1418995584238443,0.49971941113471985
56,1,29,0.8034224510192871,1.2651798725128174,0.8808261408792653,1.1749050156484577,0.5852183103561401
56,1,30,0.6336005330085754,1.3020566701889038,0.7599701162308388,1.1960716927601367,0.5359317660331726
56,1,31,0.8271220922470093,1.4019659757614136,0.8517667836941687,1.2920925767288272,0.5277602672576904
56,1,32,0.5373882055282593,1.4088200330734253,0.6813740949202058,1.289812226246285,0.45016565918922424
56,2,0,0.3934900760650635,0.10147078335285187,0.4454671174971949,0.09498150319130788,0.9938536286354065
56,2,1,0.47425395250320435,0.0795539915561676,0.5041457245799639,0.07527458274628256,0.9902964234352112
56,2,2,0.5064827799797058,0.07700540125370026,0.5293943136369732,0.07426618474548637,0.9919818043708801
56,2,3,0.5381976366043091,0.0743529200553894,0.5531029920707934,0.07330087550317847,0.99077308177948
56,2,4,0.41706639528274536,0.08239413052797318,0.4487101010465269,0.07701037820596929,0.9895159006118774
56,2,5,0.40920290350914,0.08260755985975266,0.43675476320051526,0.0774544725131858,0.9893285036087036
56,2,6,0.4041759967803955,0.08256524056196213,0.4234078867436949,0.07797818351106794,0.9874153733253479
56,2,7,0.6207108497619629,0.08483120799064636,0.6128044190515981,0.08187214990529523,0.9904667139053345
56,2,8,0.4577655494213104,0.08745011687278748,0.4459934877892681,0.08704274751486385,0.9856100082397461
56,2,9,0.47785714268684387,0.11638642847537994,0.4998505596879847,0.11267047296872851,0.9917460680007935
56,2,10,0.40964600443840027,0.11973235011100769,0.4340961117894904,0.11496088758057953,0.9903410077095032
56,2,11,0.696914553642273,0.18793214857578278,0.7321304695704,0.17874899764664434,0.9975218176841736
56,2,12,0.4298142194747925,0.17989864945411682,0.374981278765917,0.18648247395599155,0.9949711561203003
56,2,13,0.6736602783203125,0.3468974828720093,0.736927995126401,0.3318420910599163,0.9346845149993896
56,2,14,0.2972565293312073,0.27981042861938477,0.2850009185658292,0.3240206970233321,0.498944491147995
56,2,15,0.48678457736968994,0.4659098982810974,0.5855878510684956,0.41066061263308556,0.8381747603416443
56,2,16,0.15932385623455048,0.41110771894454956,0.16308754761546795,0.43918586745327914,0.5552994012832642
56,2,17,0.3928329348564148,0.4983421862125397,0.5564706735104061,0.43059246355157654,0.7993026971817017
56,2,18,0.12104352563619614,0.4232346713542938,0.11875022965511985,0.46954163354013567,0.5410634875297546
56,2,19,0.3718242347240448,0.4961458444595337,0.536674229735757,0.42635188230831733,0.7988194823265076
56,2,20,0.14076296985149384,0.41063302755355835,0.1297077103380431,0.4663824407921607,0.5520288348197937
56,2,21,0.37436220049858093,0.4744245111942291,0.5342404173159839,0.4198247334399997,0.8064237833023071
56,2,22,0.17885622382164001,0.39490121603012085,0.1829080053604807,0.4552858014478968,0.5841736793518066
56,2,23,0.6281844973564148,0.5155454874038696,0.6765004405423508,0.48486983642166,0.9857785701751709
56,2,24,0.4885837137699127,0.4863854944705963,0.4512206314120766,0.48086497955021074,0.9775847792625427
56,2,25,0.4337994158267975,0.7721332311630249,0.5455736832630432,0.7322591372361492,0.861308217048645
56,2,26,0.45077455043792725,0.732545018196106,0.45913975217709463,0.7154568159439537,0.6371147036552429
56,2,27,0.49365729093551636,0.9934666156768799,0.5600991477558301,0.9471464564769555,0.6168549060821533
56,2,28,0.5293747782707214,0.9372202754020691,0.5646213859291226,0.9123807785114633,0.4858330488204956
56,2,29,0.5777881145477295,1.017153263092041,0.6035440300099678,0.960827840868714,0.6038463711738586
56,2,30,0.5914708971977234,0.9660495519638062,0.6278626562215791,0.9455823145730473,0.538669228553772
56,2,31,0.21031661331653595,1.1124639511108398,0.4025967429358557,1.0423476034972852,0.5396662950515747
56,2,32,0.37786296010017395,1.0310221910476685,0.44886673314591047,0.9934366721921662,0.4467397630214691
57,1,0,0.27164730429649353,0.10302632302045822,0.27269291827185416,0.1078768954370877,0.9935081601142883
57,1,1,0.31444600224494934,0.08023527264595032,0.3000704607435962,0.0844583327830785,0.9894777536392212
57,1,2,0.33022522926330566,0.07875208556652069,0.31396294834756366,0.08199558171738996,0.9916397333145142
57,1,3,0.3445247411727905,0.07692936807870865,0.3263597287975477,0.0793618409362229,0.9902744889259338
57,1,4,0.2715487778186798,0.0840991735458374,0.26619121988515076,0.08942055129261665,0.9883440136909485
57,1,5,0.2612510621547699,0.08429869264364243,0.25777323353085513,0.09045926713509671,0.9882269501686096
57,1,6,0.25031253695487976,0.08348917961120605,0.24809206808866183,0.0911590497254745,0.985032856464386
57,1,7,0.386496365070343,0.08355345577001572,0.3607149738117753,0.08155608001799633,0.9906924366950989
57,1,8,0.2727290093898773,0.08819153159856796,0.26424976158700436,0.09364447522760302,0.984679639339447
57,1,9,0.31752532720565796,0.10684382915496826,0.3216767163616436,0.11984485348260733,0.9916616678237915
57,1,10,0.24790558218955994,0.11129336804151535,0.274961759936728,0.12516269266678717,0.9894732236862183
57,1,11,0.506432831287384,0.18042153120040894,0.4934291139884543,0.17630303285741877,0.9977198839187622
57,1,12,0.20751327276229858,0.17182107269763947,0.2837101546332284,0.17890789708043625,0.9948763847351074
57,1,13,0.566024124622345,0.3479202091693878,0.5545775475267477,0.3552378561293658,0.9400347471237183
57,1,14,0.2282889038324356,0.30820658802986145,0.2549917630510992,0.32414367707539066,0.5113871693611145
57,1,15,0.30085915327072144,0.46123069524765015,0.2944521353175754,0.4380908620134143,0.8519038558006287
57,1,16,0.18456079065799713,0.43056267499923706,0.15239175412398748,0.4276143603845157,0.5766738057136536
57,1,17,0.22718484699726105,0.4943356215953827,0.22166738074163403,0.4640811337743816,0.8158767819404602
57,1,18,0.1499319076538086,0.47006672620773315,0.11435729705087476,0.45977271614769033,0.56685870885849
57,1,19,0.21853698790073395,0.4824885129928589,0.2150023737278796,0.4514331011607658,0.8155882358551025
57,1,20,0.15233153104782104,0.4525446593761444,0.1198241930882682,0.45516989295059895,0.5778809189796448
57,1,21,0.23625120520591736,0.4727197289466858,0.2327858141219504,0.44561679072073507,0.8226436972618103
57,1,22,0.19304588437080383,0.4204147756099701,0.15406143108401288,0.4419261529958819,0.6109161376953125
57,1,23,0.6165382862091064,0.5399158000946045,0.609125276081167,0.5293924951938176,0.9863307476043701
57,1,24,0.328346848487854,0.5409184694290161,0.4491271495189791,0.5308669492619319,0.9784446358680725
57,1,25,0.7290164232254028,0.86641526222229,0.7636409206612916,0.8255835979636678,0.8625525832176208
57,1,26,0.3287653625011444,0.8954498767852783,0.4779363516287136,0.837058831548137,0.6402236223220825
57,1,27,0.7165985703468323,1.254755973815918,0.8358838037993663,1.1618275918447063,0.5723855495452881
57,1,28,0.5079658031463623,1.2713098526000977,0.6672056760736191,1.1643968404961351,0.4467330873012543
57,1,29,0.7101706862449646,1.3030263185501099,0.8511220318898738,1.1971773138362876,0.5686070919036865
57,1,30,0.564816415309906,1.3223823308944702,0.7259769016556538,1.218028093588122,0.5045709609985352
57,1,31,0.7307548522949219,1.4288510084152222,0.8307348752312976,1.3158725269366944,0.49233391880989075
57,1,32,0.4709686040878296,1.421459436416626,0.6447076291630598,1.3126999750039539,0.40615415573120117
57,2,0,0.4254692494869232,0.10134987533092499,0.4420019753908807,0.09608452995748001,0.9913583993911743
57,2,1,0.4944242537021637,0.07824663817882538,0.5024617529854224,0.07578930171449164,0.9867168068885803
57,2,2,0.5231353044509888,0.07694492489099503,0.5283102291656517,0.07473010146116456,0.9886104464530945
57,2,3,0.5511884093284607,0.07555648684501648,0.5527714222942266,0.07369150782665183,0.9866917729377747
57,2,4,0.43575555086135864,0.08057890087366104,0.446465872125607,0.07762840815627513,0.9857569932937622
57,2,5,0.42369788885116577,0.08014846593141556,0.43449280170480475,0.077921031087884,0.9855831265449524
57,2,6,0.40887683629989624,0.07925791293382645,0.4208904294887241,0.07819980370722443,0.9832054972648621
57,2,7,0.6303523182868958,0.08156256377696991,0.6158447984013757,0.08181853815241058,0.9866004586219788
57,2,8,0.46589750051498413,0.08487046509981155,0.4494423389097139,0.08666654724054453,0.9826158881187439
57,2,9,0.4981854259967804,0.10808633267879486,0.49956219210469904,0.1118765246777492,0.9883208870887756
57,2,10,0.4215046763420105,0.11032628268003464,0.43191481350977085,0.11415819789075232,0.9873181581497192
57,2,11,0.7275176048278809,0.1741023063659668,0.731331544077069,0.17794421433163535,0.9971466064453125
57,2,12,0.41062796115875244,0.18285109102725983,0.3811608679684919,0.18585355611526178,0.9949885606765747
57,2,13,0.6750447154045105,0.30209946632385254,0.7261916174145621,0.32668693428453843,0.9354183673858643
57,2,14,0.189958855509758,0.311954140663147,0.26849541458725873,0.3219303635133886,0.5148319005966187
57,2,15,0.48832303285598755,0.37679311633110046,0.5686948069749707,0.4047897807187231,0.8259723782539368
57,2,16,0.12043096870183945,0.4043383300304413,0.15569119798493755,0.43314496927705076,0.5782778263092041
57,2,17,0.442084938287735,0.3995228409767151,0.536593702401129,0.4252070789602587,0.7852592468261719
57,2,18,0.08766936510801315,0.45754122734069824,0.1133628919535683,0.4674627625300568,0.5630438327789307
57,2,19,0.425540953874588,0.39039120078086853,0.5173643693036303,0.420117821876573,0.7839998006820679
57,2,20,0.09006842970848083,0.44487544894218445,0.1228351425536174,0.4626556466743832,0.5730606317520142
57,2,21,0.4413736164569855,0.38232263922691345,0.5181132885131058,0.413323157257503,0.7931201457977295
57,2,22,0.11768274009227753,0.4233347475528717,0.17159074358948126,0.4497474927950236,0.6048170328140259
57,2,23,0.6417248249053955,0.4899713695049286,0.6704720095479988,0.48575340849842613,0.9856560230255127
57,2,24,0.4268239438533783,0.4956372380256653,0.4469927435720882,0.48342423857294836,0.9783404469490051
57,2,25,0.6312021017074585,0.7554934620857239,0.5604400060137762,0.7362854544839362,0.8639976978302002
57,2,26,0.35881510376930237,0.7420490980148315,0.4417140929005409,0.7200655014044834,0.6403117775917053
57,2,27,0.7513126134872437,0.9614487886428833,0.5934012127955258,0.9496242686927545,0.5928783416748047
57,2,28,0.5994588136672974,0.930040180683136,0.5706605472590341,0.9154404928296997,0.4502201974391937
57,2,29,0.7040455937385559,0.934266984462738,0.62100027766633,0.9562246105499393,0.5852774381637573
57,2,30,0.6462987065315247,0.9052252769470215,0.6310570275021585,0.9385851799991212,0.5142298936843872
57,2,31,0.6562069654464722,1.0767300128936768,0.4468471078165851,1.048307797862102,0.5166704654693604
57,2,32,0.5594815015792847,1.040802240371704,0.4680856638810852,1.0016506812157175,0.4205232858657837
58,1,0,0.21632730960845947,0.06170585751533508,0.262915525396273,0.0998703250326209,0.9915768504142761
58,1,1,0.28636765480041504,0.05604670196771622,0.297696563423981,0.07953406692481349,0.9871089458465576
58,1,2,0.3111872971057892,0.060911573469638824,0.3134822477422705,0.07834213384661716,0.9890634417533875
58,1,3,0.3415001630783081,0.06290029734373093,0.32898280769597626,0.07650977227783098,0.987238347530365
58,1,4,0.2091599404811859,0.04542478919029236,0.2562981584668853,0.08179169615681296,0.986171543598175
58,1,5,0.1593189388513565,0.013370162807404995,0.24067341565265699,0.07707876056622975,0.9859592914581299
58,1,6,0.13894623517990112,0.012943681329488754,0.22912924020112574,0.07758259710040655,0.9835278987884521
58,1,7,0.39062759280204773,0.08197776228189468,0.36589962658853314,0.08162910395986728,0.9874657392501831
58,1,8,0.13516294956207275,0.025096191093325615,0.24180901477314862,0.0817494624093234,0.9835124015808105
58,1,9,0.28651943802833557,0.10224147886037827,0.31558207657815057,0.11679485054080913,0.9889512658119202
58,1,10,0.17067542672157288,0.0755859762430191,0.25684583687748036,0.11656466139199577,0.9877356886863708
58,1,11,0.450785756111145,0.14771607518196106,0.4860350666166053,0.17134835419108604,0.9973109364509583
58,1,12,0.02717919647693634,0.1752253919839859,0.23894421921262046,0.17827012434947126,0.994623601436615
58,1,13,0.541688084602356,0.3232348561286926,0.5523446042335363,0.34969053965676483,0.9346423149108887
58,1,14,0.1061108335852623,0.3839866816997528,0.22909461722286936,0.33452536286056345,0.4964042603969574
58,1,15,0.3456205725669861,0.3837949335575104,0.30332664171511203,0.4286730540504785,0.8245925903320312
58,1,16,0.13528554141521454,0.45511969923973083,0.14942793669548146,0.43238141666620084,0.573667049407959
58,1,17,0.29438459873199463,0.4843900799751282,0.23428740569010384,0.4676001968253215,0.7819699645042419
58,1,18,0.1272495985031128,0.5182448625564575,0.11659073481984711,0.469916167216406,0.5667055249214172
58,1,19,0.2823733389377594,0.4526877999305725,0.22669268834168277,0.4516503867426852,0.7809372544288635
58,1,20,0.1362827867269516,0.4770503640174866,0.12267575423157419,0.458961438985565,0.5776236057281494
58,1,21,0.24807481467723846,0.4512732923030853,0.23543464012859325,0.44659649968432136,0.7909060120582581
58,1,22,0.13354068994522095,0.49414870142936707,0.15050565409581199,0.45098375778605626,0.6080421209335327
58,1,23,0.4154057204723358,0.535794198513031,0.5753835496254741,0.5305012960142328,0.9850095510482788
58,1,24,0.08744727820158005,0.5562597513198853,0.38581476840301,0.5352675951144407,0.977698564529419
58,1,25,0.4974481463432312,0.8767824172973633,0.7171757634641291,0.8344633838145308,0.870668351650238
58,1,26,0.03769483417272568,0.8743482828140259,0.4006920037795846,0.8435235199232953,0.6441214680671692
58,1,27,0.4982323944568634,1.2530585527420044,0.7768198408832769,1.1776694914874775,0.5907561182975769
58,1,28,0.2996712923049927,1.2229939699172974,0.6028570164959624,1.1745620756181936,0.4368155896663666
58,1,29,0.4824366271495819,1.299910068511963,0.7865699101820391,1.2150226074139239,0.5846207737922668
58,1,30,0.3760164678096771,1.2742488384246826,0.6647369743290918,1.2277803896960682,0.5115424394607544
58,1,31,0.5421069860458374,1.4385879039764404,0.780319891174475,1.3372017195410186,0.4971543848514557
58,1,32,0.22127939760684967,1.3880890607833862,0.5704503632160742,1.325784838607958,0.39791643619537354
58,2,0,0.37694162130355835,0.09261537343263626,0.4307133552187594,0.09548371097163458,0.9909776449203491
58,2,1,0.46458107233047485,0.07682648301124573,0.4958944407719527,0.0759689167468395,0.9872819185256958
58,2,2,0.49906668066978455,0.07877471297979355,0.5232416376855602,0.07543059491993541,0.9889788031578064
58,2,3,0.5352219939231873,0.08038310706615448,0.5497307639587036,0.07485053001011116,0.9874101281166077
58,2,4,0.34061482548713684,0.07318273931741714,0.4280772244617201,0.076858445585475,0.9856218099594116
58,2,5,0.33704444766044617,0.06818368285894394,0.4175681495576102,0.07623431383789694,0.9850243926048279
58,2,6,0.3402848541736603,0.06800393015146255,0.4068980648400295,0.0764336357136057,0.9829950928688049
58,2,7,0.6186515092849731,0.09376747161149979,0.6163308787679832,0.08388848689610805,0.9876057505607605
58,2,8,0.4448333978652954,0.07903032004833221,0.44864409401538446,0.0853438726828639,0.9834299683570862
58,2,9,0.46889975666999817,0.12262257188558578,0.49424745017018157,0.11373802664327767,0.9882051348686218
58,2,10,0.3022407591342926,0.11803261190652847,0.40937153676268456,0.11482921112235628,0.9863978028297424
58,2,11,0.6497995853424072,0.16671662032604218,0.7171779775204163,0.1759992674187033,0.9973048567771912
58,2,12,0.551632285118103,0.17373964190483093,0.4108327362530452,0.18375501686871745,0.9939430952072144
58,2,13,0.6450826525688171,0.28885647654533386,0.7121115945797379,0.32012835596323086,0.9356780052185059
58,2,14,0.27720367908477783,0.3216877579689026,0.27000382408783546,0.32188835100967345,0.4590127170085907
58,2,15,0.5197499990463257,0.2272714227437973,0.5602063521354747,0.3738848820690648,0.8235560059547424
58,2,16,0.23788681626319885,0.3062622547149658,0.1699602174340002,0.4110888229742311,0.5323843955993652
58,2,17,0.43849891424179077,0.2102942168712616,0.5195560007863618,0.38775022814631593,0.7762218713760376
58,2,18,0.23705127835273743,0.3103049397468567,0.13486165121211674,0.4401191271583088,0.5269965529441833
58,2,19,0.4611273407936096,0.1602855920791626,0.5076090445376513,0.37477156802653877,0.7743541598320007
58,2,20,0.2131064236164093,0.28719279170036316,0.13850984025507274,0.43211045314511237,0.5365331768989563
58,2,21,0.44928789138793945,0.16310837864875793,0.5061698057717956,0.369667847183131,0.7831448316574097
58,2,22,0.2067076414823532,0.29120397567749023,0.17767837218676227,0.42216161258641,0.5653306841850281
58,2,23,0.6181898713111877,0.4755996763706207,0.661404023088871,0.48399454329063724,0.9856776595115662
58,2,24,0.20360304415225983,0.46843358874320984,0.40453681272314285,0.4808271272492682,0.9780512452125549
58,2,25,0.4311658442020416,0.7267628908157349,0.5379663728063372,0.7346359539691987,0.848762571811676
58,2,26,0.30215978622436523,0.6752223968505859,0.4174460251499321,0.7122895209508436,0.6055484414100647
58,2,27,0.5948854684829712,0.9460970759391785,0.5936582511147159,0.9490133978427107,0.5834758281707764
58,2,28,0.5305620431900024,0.8863668441772461,0.5637083115491646,0.9104013869556715,0.4115724265575409
58,2,29,0.6952270269393921,0.9780886173248291,0.6338827255040759,0.9600133081417348,0.5993236899375916
58,2,30,0.6147254109382629,0.9125456213951111,0.6282274940923298,0.934072360260333,0.4997909963130951
58,2,31,0.5350514650344849,1.0253281593322754,0.46216162184988513,1.0443256564337657,0.4994444251060486
58,2,32,0.432500958442688,0.981891393661499,0.4619168615160114,0.998226920086993,0.3840852379798889
59,2,0,0.400046169757843,0.09685274958610535,0.4253977812189,0.09572079813568517,0.9908738136291504
59,2,1,0.43921327590942383,0.07972148060798645,0.4860621760240029,0.07661882425090337,0.9876678586006165
59,2,2,0.4547915458679199,0.07970362156629562,0.5113636729478518,0.07617065308556857,0.9892829060554504
59,2,3,0.4722477197647095,0.07982024550437927,0.5362816952617769,0.07571126781189613,0.988024890422821
59,2,4,0.4222504794597626,0.07955580949783325,0.4270680223077759,0.07732558792172195,0.9855082035064697
59,2,5,0.4239037036895752,0.0794144868850708,0.4186654875235877,0.07678507934997267,0.9845573902130127
59,2,6,0.4264945983886719,0.07914245128631592,0.4102936014476457,0.07690276145974845,0.983027994632721
59,2,7,0.5712568759918213,0.08803722262382507,0.6085147949449167,0.08460701607195767,0.9885392785072327
59,2,8,0.5257847905158997,0.08731336146593094,0.4620335647997794,0.08568495066921614,0.9836147427558899
59,2,9,0.4440959393978119,0.11362934857606888,0.4855495680415401,0.11371920672295671,0.9891195893287659
59,2,10,0.4178234934806824,0.11358800530433655,0.41083553401215966,0.1146142625987598,0.9871177673339844
59,2,11,0.7588069438934326,0.20571744441986084,0.7243958993754824,0.18115018308601336,0.9975450038909912
59,2,12,0.45590826869010925,0.19532549381256104,0.4186491228335628,0.18575938170819958,0.9939467906951904
59,2,13,0.7838640809059143,0.36723795533180237,0.7245637427989419,0.3282979091837172,0.9315798878669739
59,2,14,0.33770906925201416,0.32806169986724854,0.2817522373983394,0.3229575922718733,0.42902401089668274
59,2,15,0.6217972636222839,0.5029354691505432,0.5708916507042295,0.3963191929791466,0.8036422729492188
59,2,16,0.17043212056159973,0.41538673639297485,0.17004193841021248,0.4118331896390169,0.49685701727867126
59,2,17,0.6184186935424805,0.5409860014915466,0.5367265561405461,0.41440809576764764,0.7573980093002319
59,2,18,0.12793326377868652,0.4434933066368103,0.1336616081789,0.44070349282822247,0.49241065979003906
59,2,19,0.5668045282363892,0.5353277921676636,0.5178779797125671,0.402709024702188,0.7555608749389648
59,2,20,0.1070767343044281,0.43726515769958496,0.13306139499413921,0.43300323026763793,0.5027278661727905
59,2,21,0.5677586197853088,0.5211266875267029,0.5168547095125917,0.3960151823770219,0.7580000758171082
59,2,22,0.13755401968955994,0.42947348952293396,0.1707216205094598,0.4234280876884307,0.5294659733772278
59,2,23,0.6383979320526123,0.5153188705444336,0.6574172761924915,0.4894241093694589,0.986790120601654
59,2,24,0.4529743790626526,0.5047449469566345,0.412936919291459,0.4849719717880238,0.9794043898582458
59,2,25,0.5666075944900513,0.7434703707695007,0.5429304171414226,0.7361662232567412,0.8570834398269653
59,2,26,0.29629117250442505,0.730343759059906,0.39638909508426573,0.7154176824034001,0.6275651454925537
59,2,27,0.7043441534042358,0.9398492574691772,0.6128893853913704,0.9474260007306421,0.6188032031059265
59,2,28,0.6691782474517822,0.8810312151908875,0.5820305409885712,0.9053108411921384,0.4486827254295349
59,2,29,0.7605414390563965,0.9644463062286377,0.6558996119776814,0.9607810764993284,0.6078518629074097
59,2,30,0.7628636360168457,0.8964534997940063,0.6516369255062846,0.9275505066926754,0.5241410136222839
59,2,31,0.5102397203445435,0.9784353375434875,0.4704992091531724,1.0328928044634544,0.5398221611976624
59,2,32,0.5973139405250549,0.9520304203033447,0.48545909955724337,0.990215932581422,0.4256180226802826
60,1,0,0.47744643688201904,0.10766769200563431,0.32654526563910824,0.10217264151546765,0.9917657375335693
60,1,1,0.45939311385154724,0.08587813377380371,0.3456007801559524,0.08140721059799139,0.9888758659362793
60,1,2,0.4686371684074402,0.08395133912563324,0.35944191563424804,0.0799982764277888,0.9903342723846436
60,1,3,0.4776569902896881,0.08257641643285751,0.37301656776602504,0.0783009936439706,0.9892012476921082
60,1,4,0.42058607935905457,0.09314100444316864,0.3049728010235442,0.08514304894968831,0.9869111180305481
60,1,5,0.4019569456577301,0.09599646925926208,0.2884547711418027,0.08266591734126717,0.9860467910766602
60,1,6,0.3828861117362976,0.09889361262321472,0.27467330964717,0.08387692191908606,0.9846408367156982
60,1,7,0.46866005659103394,0.0899520292878151,0.39630444554834926,0.08408663027134486,0.9896666407585144
60,1,8,0.3639945685863495,0.10734202712774277,0.27797653969670233,0.08930907425314406,0.9851664304733276
60,1,9,0.506714940071106,0.12359993904829025,0.3722432191284338,0.11880413541774337,0.9901918172836304
60,1,10,0.4605271518230438,0.13101135194301605,0.31724329537375084,0.1208309326876183,0.9883679151535034
60,1,11,0.5580130219459534,0.19552427530288696,0.5073176617434779,0.17848929591837365,0.9977856278419495
60,1,12,0.3909810781478882,0.2081708163022995,0.2839767123462218,0.18710311924012515,0.9943932890892029
60,1,13,0.5668923854827881,0.3714056611061096,0.5566407390344739,0.35610427887793555,0.9357513189315796
60,1,14,0.2800391912460327,0.3696982264518738,0.24415107237405956,0.34491700938902803,0.46651458740234375
60,1,15,0.29779431223869324,0.4648039937019348,0.30169320034180996,0.4393479824812779,0.8222478032112122
60,1,16,0.15007363259792328,0.4435555636882782,0.14961856065834053,0.43568103392142243,0.5329554080963135
60,1,17,0.18421486020088196,0.5070211887359619,0.219488928559803,0.4792480155381567,0.7795745134353638
60,1,18,0.08573117852210999,0.470811128616333,0.10747429766969888,0.47018038131302536,0.527056872844696
60,1,19,0.16978037357330322,0.4810403287410736,0.20987027296800984,0.46033241133099073,0.7779830694198608
60,1,20,0.07466749101877213,0.4590354859828949,0.10848799233971786,0.45898329903734736,0.5370660424232483
60,1,21,0.2071351855993271,0.4650914967060089,0.22707496359302398,0.45205877308763254,0.7798219323158264
60,1,22,0.10864466428756714,0.4506896138191223,0.13813624106997194,0.45089692053802266,0.5624561905860901
60,1,23,0.5836136937141418,0.519942581653595,0.5778136647618618,0.5273834513700891,0.9868314862251282
60,1,24,0.48194271326065063,0.5184610486030579,0.4142525015108875,0.5303041737376748,0.9794147610664368
60,1,25,0.6665622591972351,0.764289915561676,0.7022170929761561,0.813715166934112,0.8299428820610046
60,1,26,0.5512324571609497,0.774495005607605,0.445278923936918,0.8231143481215474,0.6094889044761658
60,1,27,0.6873764395713806,1.0164291858673096,0.7503625502230709,1.1299011197302486,0.5851407647132874
60,1,28,0.6606220006942749,1.0401853322982788,0.6199314263677054,1.1347754340557779,0.4284643530845642
60,1,29,0.6875320672988892,1.0488836765289307,0.7572683458648641,1.1657977808576265,0.5881984233856201
60,1,30,0.6773216128349304,1.0686752796173096,0.6684531325804093,1.180646805412161,0.5063294768333435
60,1,31,0.6844044923782349,1.1207103729248047,0.7519443281445013,1.2729881787671486,0.5065051317214966
60,1,32,0.6535363793373108,1.1499080657958984,0.5950227003100936,1.2736638949449413,0.40062952041625977
60,2,0,0.5196019411087036,0.10149029642343521,0.44175731320375095,0.09672007963446391,0.992350161075592
60,2,1,0.5753335356712341,0.08130951970815659,0.5015627955642309,0.07743122992232793,0.989681601524353
60,2,2,0.5910378098487854,0.08006187528371811,0.5251939016478662,0.07684457767271693,0.9910515546798706
60,2,3,0.6060044169425964,0.07908593118190765,0.5483808976119506,0.07629571999328343,0.9900580644607544
60,2,4,0.5605320334434509,0.08493006974458694,0.4502726818194286,0.07864276261278279,0.9877806901931763
60,2,5,0.5648475885391235,0.08602648228406906,0.4440910469255195,0.07838586440939067,0.9870341420173645
60,2,6,0.56871497631073,0.08688526600599289,0.43785803996348027,0.07863195779344423,0.98580002784729
60,2,7,0.6915392875671387,0.08736473321914673,0.622928058616328,0.08508461153682247,0.9904297590255737
60,2,8,0.5750446915626526,0.09517686069011688,0.48167024359872807,0.08732914065711907,0.9860206246376038
60,2,9,0.597244918346405,0.11987833678722382,0.5049568095419456,0.11478598523857807,0.9909213781356812
60,2,10,0.5791196227073669,0.12550048530101776,0.4401246130409229,0.11650005467025917,0.988865852355957
60,2,11,0.853017270565033,0.19168700277805328,0.746755387894152,0.1829754299903556,0.9979357719421387
60,2,12,0.6005598306655884,0.20396897196769714,0.45032300878243997,0.18891447597692104,0.9943589568138123
60,2,13,0.900372326374054,0.3621804118156433,0.7551692725034332,0.33417134356220823,0.9379507303237915
60,2,14,0.4448951780796051,0.35668984055519104,0.31014225985542065,0.3288049516165982,0.42992687225341797
60,2,15,0.6070114970207214,0.5002468228340149,0.5771532543953538,0.4143725864721185,0.8170381188392639
60,2,16,0.1313878893852234,0.43629661202430725,0.16334041176623232,0.41607264307443903,0.4931131601333618
60,2,17,0.5537081360816956,0.5421058535575867,0.5396687134798165,0.43660637144513376,0.7697952389717102
60,2,18,0.04298156499862671,0.46007364988327026,0.11791569603554239,0.4440597774898849,0.4883798658847809
60,2,19,0.46777889132499695,0.5328344702720642,0.5091890645566448,0.42533094581202924,0.7667829394340515
60,2,20,0.026706889271736145,0.45406970381736755,0.11458502550263251,0.4366536198771947,0.4980933368206024
60,2,21,0.4732345640659332,0.515951931476593,0.5092909491785643,0.4168594812728071,0.7657016515731812
60,2,22,0.07527993619441986,0.4478752613067627,0.15414649360237825,0.42766471660698596,0.5222891569137573
60,2,23,0.8549758195877075,0.5175400376319885,0.6918315293069731,0.4942970822765175,0.9872381091117859
60,2,24,0.675934374332428,0.5152680277824402,0.4588396185314213,0.4902231406200896,0.980270504951477
60,2,25,0.7285057902336121,0.7491714954376221,0.5752454986056559,0.7384192369846997,0.8449579477310181
60,2,26,0.5641381144523621,0.7536489367485046,0.42558451735877983,0.7220458236304726,0.6348826885223389
60,2,27,0.8746757507324219,0.9834107160568237,0.6585791277101631,0.9536642436843459,0.6240597367286682
60,2,28,0.6916881203651428,0.959115743637085,0.601082660934918,0.9146433405692783,0.46989378333091736
60,2,29,0.939007580280304,1.0083109140396118,0.7053420458019195,0.969023617163759,0.6160089373588562
60,2,30,0.7843945026397705,1.02455472946167,0.6747184811812618,0.9443977576650513,0.5304718613624573
60,2,31,0.5535412430763245,1.065551996231079,0.48491531743480837,1.0385539767783774,0.5507022738456726
60,2,32,0.45669877529144287,1.014419436454773,0.48047437108547525,0.9944103203224481,0.446521520614624
61,1,0,0.36730092763900757,0.11682576686143875,0.3336116672384878,0.1047112507863619,0.9929133057594299
61,1,1,0.3866000771522522,0.09337765723466873,0.35270945285974786,0.08348088712448903,0.9905614852905273
61,1,2,0.3959837555885315,0.09058642387390137,0.3657768810448721,0.08183241698622402,0.9918136596679688
61,1,3,0.40403640270233154,0.08776454627513885,0.378393333922253,0.07994026997181182,0.9909275770187378
61,1,4,0.36164894700050354,0.09962879121303558,0.3148042268671697,0.08765264712669221,0.9886617660522461
61,1,5,0.35535523295402527,0.1016068384051323,0.3000633226074677,0.0859477958260338,0.9878621697425842
61,1,6,0.3496447503566742,0.10373800247907639,0.28768547192999133,0.08731833085489214,0.9866152405738831
61,1,7,0.4344169795513153,0.09061898291110992,0.40291199990492177,0.08521806462804216,0.9912894368171692
61,1,8,0.35872575640678406,0.1104622334241867,0.2919938903798226,0.09297451002992453,0.9868519306182861
61,1,9,0.40280500054359436,0.1291937232017517,0.37754052700168855,0.12060386959794843,0.9916877150535583
61,1,10,0.3736608624458313,0.13902156054973602,0.3270298028579415,0.12398273849540574,0.9895631074905396
61,1,11,0.5422517657279968,0.19523122906684875,0.5133735835007471,0.1813899678428534,0.9981260895729065
61,1,12,0.4201761782169342,0.23478040099143982,0.3076588590363188,0.19537126186212872,0.9939708113670349
61,1,13,0.5576201677322388,0.36632412672042847,0.5568103523737036,0.3578746006633365,0.9414132237434387
61,1,14,0.2835417687892914,0.3638254702091217,0.2509804483426178,0.34819326273004536,0.4233764410018921
61,1,15,0.26478812098503113,0.47146981954574585,0.2952952340242012,0.44491591597670405,0.8340479135513306
61,1,16,0.08971310406923294,0.4492109417915344,0.13922601286545452,0.4380249706785579,0.49301254749298096
61,1,17,0.18527565896511078,0.5091548562049866,0.2135581020368404,0.4844316635252555,0.7904941439628601
61,1,18,0.024247994646430016,0.4789249002933502,0.09302590105604287,0.4716950739151628,0.4837499260902405
61,1,19,0.1650094985961914,0.4762088656425476,0.20209122828650353,0.4630830633359463,0.7878363728523254
61,1,20,0.018579209223389626,0.4684816002845764,0.09287636377644841,0.4606285956577997,0.49430838227272034
61,1,21,0.19306886196136475,0.46443086862564087,0.2211800838982136,0.4542020573299181,0.7864783406257629
61,1,22,0.05412096530199051,0.4629284143447876,0.12355053191309898,0.45298117632033347,0.5206637382507324
61,1,23,0.5779890418052673,0.5371073484420776,0.577844034961985,0.529067837787003,0.9867538213729858
61,1,24,0.5235075950622559,0.5733980536460876,0.43323408082078574,0.5377764383559653,0.9782136082649231
61,1,25,0.5608781576156616,0.7050402760505676,0.6776371925568448,0.7948343979611652,0.7867620587348938
61,1,26,0.3929283916950226,0.7229042053222656,0.4361988539387551,0.8057086301574173,0.5973325967788696
61,1,27,0.5714762210845947,0.8693746328353882,0.7192177259944115,1.084432629256566,0.5688578486442566
61,1,28,0.4488848149776459,0.8894201517105103,0.5901583671794953,1.091974116327329,0.4320796728134155
61,1,29,0.6090948581695557,0.8923622965812683,0.7314942796277502,1.118058033027346,0.5687020421028137
61,1,30,0.5105593204498291,0.9145917296409607,0.6409803069066622,1.1342058451542902,0.5020302534103394
61,1,31,0.4699691832065582,0.9261565804481506,0.7027006270801653,1.2123018831563428,0.5039953589439392
61,1,32,0.37171322107315063,0.9680315852165222,0.556091784209157,1.2202518317640796,0.41139429807662964
61,2,0,0.4760582745075226,0.1199934184551239,0.4477033530208772,0.10075316044717088,0.9926202297210693
61,2,1,0.5468889474868774,0.09301392734050751,0.5094226457612204,0.08013096108940945,0.9906200170516968
61,2,2,0.5700991749763489,0.09122318029403687,0.5329806678732314,0.07933560704969786,0.9917380809783936
61,2,3,0.5933229327201843,0.08965141326189041,0.5561740445668161,0.0786094637212751,0.9910335540771484
61,2,4,0.5201154351234436,0.09698427468538284,0.46239279294071817,0.08182072697607543,0.9884479641914368
61,2,5,0.5254181623458862,0.09909456968307495,0.4582089601436867,0.08197423856009267,0.987596333026886
61,2,6,0.5349082350730896,0.09979064762592316,0.4547133428582335,0.08229835417930831,0.9867636561393738
61,2,7,0.67232346534729,0.09513018280267715,0.6314945963550131,0.08682473577422409,0.991248369216919
61,2,8,0.5910207629203796,0.10601794719696045,0.5006688148150047,0.09056731320637136,0.9865898489952087
61,2,9,0.5625315308570862,0.14440496265888214,0.5149443226017839,0.11991969208060366,0.9914024472236633
61,2,10,0.5188931226730347,0.1459924429655075,0.45379732445612353,0.12161180108698004,0.9889669418334961
61,2,11,0.7984384894371033,0.2111736685037613,0.7557193021984927,0.18786267928796302,0.9975327253341675
61,2,12,0.7034869194030762,0.22634248435497284,0.4944971988229848,0.19540320401504466,0.9932097792625427
61,2,13,0.7570517063140869,0.37012141942977905,0.7554952737812516,0.340403573686038,0.9385323524475098
61,2,14,0.44346654415130615,0.3562953472137451,0.33332269453049934,0.3335694170890179,0.3938885033130646
61,2,15,0.39064669609069824,0.4966628849506378,0.5446745020386998,0.4286581012412675,0.8193463683128357
61,2,16,0.04128270596265793,0.4348073899745941,0.14212607418643786,0.41931877358577124,0.45996955037117004
61,2,17,0.30732905864715576,0.5271527767181396,0.4991529830840293,0.45232901800511194,0.7736393809318542
61,2,18,-0.04878716915845871,0.446150541305542,0.0889030670292253,0.44442185820351526,0.4525412917137146
61,2,19,0.2797192633152008,0.5117919445037842,0.4691772283668917,0.440342352045303,0.7704414129257202
61,2,20,-0.08997292816638947,0.4401129484176636,0.07894387538212747,0.43725273429227257,0.4634471833705902
61,2,21,0.3113568127155304,0.5015168786048889,0.4748103349493378,0.43155694827692914,0.7666701078414917
61,2,22,-0.05351616442203522,0.4421701431274414,0.11796106512665314,0.43017771900151913,0.48880457878112793
61,2,23,0.7475182414054871,0.5485288500785828,0.7014910200368972,0.5037037497222032,0.9804825186729431
61,2,24,0.7512131929397583,0.5515996813774109,0.5099146992625387,0.5008713705186669,0.9723151922225952
61,2,25,0.6228753328323364,0.7626706957817078,0.5835053917519659,0.7426219427686115,0.7656501531600952
61,2,26,0.680199146270752,0.7524232268333435,0.4700133230524467,0.7273111046730031,0.5597406625747681
61,2,27,0.6126713752746582,0.9420270323753357,0.6506183276680145,0.9516483155262991,0.5530476570129395
61,2,28,0.7107745409011841,0.9292151927947998,0.620140783725624,0.917167864676821,0.40639618039131165
61,2,29,0.7016963958740234,0.9641789793968201,0.7047106628410347,0.9681845462724082,0.5643647313117981
61,2,30,0.7683085799217224,0.9519529342651367,0.6909712518107666,0.9457063917295384,0.4852031171321869
61,2,31,0.3845111131668091,0.9720721244812012,0.4674755808876495,1.0270182707204316,0.4834901690483093
61,2,32,0.6082450151443481,1.0086451768875122,0.5026855267928985,0.9968764357726125,0.3872408866882324
62,1,0,0.3082163631916046,0.12784670293331146,0.3292106226198912,0.10872041926446199,0.9926490783691406
62,1,1,0.35471871495246887,0.1016845852136612,0.35305742114335664,0.08663495945988432,0.9907925724983215
62,1,2,0.371536523103714,0.09978394210338593,0.3667744602179332,0.08494277298710885,0.9919877648353577
62,1,3,0.3876307010650635,0.09736686199903488,0.3799934272742675,0.0829596263096346,0.9913513660430908
62,1,4,0.32170844078063965,0.1036827564239502,0.316000089113474,0.0904299299651198,0.988355278968811
62,1,5,0.3153722882270813,0.10471148043870926,0.3027156197827682,0.08919894794853434,0.9872959852218628
62,1,6,0.30907678604125977,0.10483460128307343,0.2913922187940367,0.09035323188970326,0.9857403039932251
62,1,7,0.4350225627422333,0.09786546230316162,0.4084779905835611,0.08740905637093428,0.9917203187942505
62,1,8,0.31881067156791687,0.11322323977947235,0.2966415248020316,0.0964831307536013,0.9860537052154541
62,1,9,0.3617149889469147,0.14463132619857788,0.37479872066009473,0.12476772679075365,0.991702675819397
62,1,10,0.3136366009712219,0.14956556260585785,0.32470957327434613,0.1284163408248359,0.9885489344596863
62,1,11,0.5784087777137756,0.21358513832092285,0.5246577984773926,0.18697062499078637,0.997718334197998
62,1,12,0.36122700572013855,0.20298923552036285,0.3169502177039368,0.19669077459803566,0.9917618036270142
62,1,13,0.5434312224388123,0.3772450089454651,0.5544925465271876,0.3612309410686831,0.9423447847366333
62,1,14,0.25260722637176514,0.36497628688812256,0.25126217194776446,0.35110105786354473,0.3769931495189667
62,1,15,0.24986405670642853,0.47716543078422546,0.28741714167027715,0.45050600314448264,0.8347316980361938
62,1,16,0.05679504945874214,0.4425289034843445,0.12491601590527272,0.43880502554730305,0.45118170976638794
62,1,17,0.1806591898202896,0.5100972652435303,0.20785534108871312,0.488879626059101,0.791592538356781
62,1,18,0.005968108773231506,0.45751717686653137,0.0779105905314407,0.46923883050036197,0.44693881273269653
62,1,19,0.15892332792282104,0.48331472277641296,0.19460611229505917,0.46658872832377385,0.7886984944343567
62,1,20,-0.012880551628768444,0.4583761990070343,0.07450414791171225,0.4602385199469961,0.4576364755630493
62,1,21,0.18577571213245392,0.47485730051994324,0.21504255824563387,0.4577811655263531,0.7848857641220093
62,1,22,0.013082211837172508,0.4568789303302765,0.10435714647407189,0.453656232214921,0.4849972128868103
62,1,23,0.5918623208999634,0.5525287985801697,0.5802726062531693,0.5331334545922319,0.9798812866210938
62,1,24,0.46333304047584534,0.5578334927558899,0.4384509935410501,0.5412518280568442,0.9703648686408997
62,1,25,0.6151233315467834,0.7997006177902222,0.6667911708340105,0.7956772062461046,0.7729401588439941
62,1,26,0.22285857796669006,0.7494204044342041,0.39901711931590655,0.7959446507211895,0.5628494024276733
62,1,27,0.6186224222183228,1.0839089155197144,0.7017445807131588,1.0843419348265375,0.545102596282959
62,1,28,0.3737068474292755,0.9970419406890869,0.5524308626111137,1.0754875923293024,0.3922065794467926
62,1,29,0.660318911075592,1.128469705581665,0.7191421653635603,1.1198615703831993,0.5604134798049927
62,1,30,0.4469755291938782,1.0380538702011108,0.6071879227785819,1.1175068286927154,0.49022459983825684
62,1,31,0.5617914199829102,1.2019366025924683,0.6781954359397079,1.2105063212948535,0.46677204966545105
62,1,32,0.24809829890727997,1.1254980564117432,0.5022618438633228,1.2037962804127649,0.36760956048965454
62,2,0,0.46410948038101196,0.1245417520403862,0.45054581290606344,0.1048755945281062,0.9812658429145813
62,2,1,0.5311509370803833,0.09897131472826004,0.5131878061690629,0.08339540685732848,0.9754872918128967
62,2,2,0.5577005743980408,0.09713621437549591,0.5372646104449742,0.08241980083273885,0.9772343039512634
62,2,3,0.5840570330619812,0.09496758878231049,0.5610066048314529,0.0814436052689361,0.9751594066619873
62,2,4,0.48539960384368896,0.10078612715005875,0.46637965846978136,0.08510685182968314,0.9721755385398865
62,2,5,0.4786236882209778,0.10152088105678558,0.4617463701417499,0.08536113415021376,0.9712216854095459
62,2,6,0.47719886898994446,0.10147270560264587,0.4586098228363142,0.08562070481891527,0.971513569355011
62,2,7,0.7018229961395264,0.09591791778802872,0.6436991621565781,0.08839983919947472,0.9768773913383484
62,2,8,0.5839692950248718,0.10894119739532471,0.5151301853172006,0.09375088982668121,0.9736735820770264
62,2,9,0.5468607544898987,0.1467263400554657,0.5204766214217307,0.12456556036712789,0.981859564781189
62,2,10,0.475543737411499,0.1504863202571869,0.45756563706798536,0.12661636358960218,0.9772125482559204
62,2,11,0.8705762624740601,0.22143089771270752,0.775677833263153,0.19368157914891518,0.9929333925247192
62,2,12,0.5900176763534546,0.2269010990858078,0.5110863263905934,0.20086288354397716,0.9907234907150269
62,2,13,1.0463523864746094,0.37319567799568176,0.8063029535350572,0.3460878063617637,0.9169642925262451
62,2,14,0.37035858631134033,0.3557765781879425,0.33974340663064606,0.3374176148073591,0.3893769383430481
62,2,15,0.70232754945755,0.4550793766975403,0.5721042761352566,0.4332371324322191,0.777473509311676
62,2,16,0.0612831674516201,0.4069238007068634,0.12809240261472526,0.41717152388198614,0.46237653493881226
62,2,17,0.623775839805603,0.48031139373779297,0.5208143535447907,0.4571788274033202,0.7341403961181641
62,2,18,0.009947765618562698,0.41621384024620056,0.07519780773042513,0.4395329005322045,0.45500051975250244
62,2,19,0.6088074445724487,0.4566032588481903,0.49345801997225647,0.4431596432907659,0.7317324280738831
62,2,20,-0.004748413804918528,0.39408648014068604,0.0644142394819203,0.4297678795980542,0.467112272977829
62,2,21,0.6312099099159241,0.4493401348590851,0.5020209275174997,0.4346381231339766,0.7303740978240967
62,2,22,0.03139199689030647,0.39586177468299866,0.10293070580677362,0.42422905601476424,0.495135635137558
62,2,23,1.0131815671920776,0.5732742547988892,0.7559717843960689,0.5157765251935252,0.9714943766593933
62,2,24,0.6752707362174988,0.5592573285102844,0.5386922477175736,0.5109998605558692,0.9655138254165649
62,2,25,0.9982882738113403,0.8516484498977661,0.6562271027551901,0.761563999500841,0.7618193030357361
62,2,26,0.3446432054042816,0.7950266599655151,0.4482213275608338,0.7390613241044051,0.5692057609558105
62,2,27,0.9628540873527527,1.1108005046844482,0.705195312479585,0.979340584731885,0.5341499447822571
62,2,28,0.3062455356121063,0.9677972197532654,0.5652716076197168,0.9259487309697549,0.3843105733394623
62,2,29,0.9926578998565674,1.1487613916397095,0.7550060337493528,0.999624786242747,0.5357047319412231
62,2,30,0.3899082541465759,0.9911250472068787,0.6383652974295744,0.9535823185950426,0.47035905718803406
62,2,31,0.9227442145347595,1.2153342962265015,0.5473900279122048,1.0598135247739409,0.445086270570755
62,2,32,0.2363177090883255,1.0671296119689941,0.4561898583594209,1.0090679172555426,0.3511181175708771
63,2,0,0.4885024428367615,0.11381947994232178,0.457126285487274,0.10642483035858082,0.9830663204193115
63,2,1,0.5192837715148926,0.09678900241851807,0.5142436421147443,0.08571571963520036,0.9778627753257751
63,2,2,0.5403826832771301,0.09673979878425598,0.5378046197467324,0.08490067302870144,0.9794312715530396
63,2,3,0.5657371878623962,0.09684282541275024,0.561825919299233,0.08411153411545491,0.9775747060775757
63,2,4,0.4870148301124573,0.09750337153673172,0.4699552860069149,0.08725436641200612,0.9748623967170715
63,2,5,0.4817855954170227,0.0978422462940216,0.46521867386331756,0.0875233086541784,0.9739720225334167
63,2,6,0.47671863436698914,0.09815087914466858,0.4617474549698014,0.08779138184900259,0.9742426872253418
63,2,7,0.6522654294967651,0.10129862278699875,0.6451829724133564,0.0906343971610103,0.9791645407676697
63,2,8,0.5540602803230286,0.10290157794952393,0.5218796557341029,0.0953359572238127,0.9761969447135925
63,2,9,0.5475249290466309,0.13291853666305542,0.525164408893242,0.12601241490726467,0.983644962310791
63,2,10,0.5019083619117737,0.13185733556747437,0.46525474910832565,0.12752408973449048,0.9794313311576843
63,2,11,0.8174484968185425,0.20836994051933289,0.7829203949626007,0.19622629743705347,0.9935740232467651
63,2,12,0.5579124689102173,0.20005856454372406,0.5192067892218996,0.20072359572847004,0.9915114045143127
63,2,13,0.8072384595870972,0.35248133540153503,0.8064649626293782,0.3471951917929849,0.9167394638061523
63,2,14,0.4456799626350403,0.308282732963562,0.35814701013850514,0.3323678878447114,0.3729437291622162
63,2,15,0.6308049559593201,0.4383111000061035,0.5822873648317098,0.43411593008643,0.7599016427993774
63,2,16,0.32908299565315247,0.3076630234718323,0.16310806342545736,0.39814543326274027,0.45010384917259216
63,2,17,0.6014696955680847,0.4647020399570465,0.5348151377580487,0.45848192346800676,0.7150048613548279
63,2,18,0.3052578866481781,0.31131234765052795,0.1153124651623382,0.41724326944594237,0.4452071487903595
63,2,19,0.5656030774116516,0.4548497200012207,0.5059783440779206,0.4451847348682848,0.7149956226348877
63,2,20,0.28301000595092773,0.2956194281578064,0.10251677260323892,0.40644360360096526,0.4580409824848175
63,2,21,0.5726524591445923,0.4436553418636322,0.5142780744836964,0.43620006531164957,0.7133445143699646
63,2,22,0.3071586787700653,0.2966573238372803,0.13851361306777984,0.4020526415769111,0.4820677936077118
63,2,23,0.7531137466430664,0.42638248205184937,0.755476822584837,0.5002545299619656,0.9734917879104614
63,2,24,0.5827068090438843,0.40931883454322815,0.5463245085984804,0.4933379047129629,0.9680672883987427
63,2,25,0.589434802532196,0.5707533359527588,0.6446377182206119,0.7283318992907564,0.7139703631401062
63,2,26,0.4938957095146179,0.5537748336791992,0.4561416978542813,0.706796605032,0.5337022542953491
63,2,27,0.5899062752723694,0.6984187364578247,0.685161851193989,0.93028316476806,0.4961583614349365
63,2,28,0.47266867756843567,0.6902853846549988,0.5491906983110891,0.8848500105556626,0.3606552481651306
63,2,29,0.6319584846496582,0.716838002204895,0.7336194407881333,0.9502390211448287,0.5151774287223816
63,2,30,0.5024080276489258,0.7143617868423462,0.6147251317648875,0.9118588453115263,0.4465700089931488
63,2,31,0.45634812116622925,0.7457196712493896,0.5315814598950854,1.0049092846310808,0.41879838705062866
63,2,32,0.3232542872428894,0.7342830896377563,0.433077224035276,0.9610907890646422,0.3296944797039032
64,1,0,0.48256319761276245,0.11703761667013168,0.37463478640895426,0.11117625384602904,0.9847203493118286
64,1,1,0.470292866230011,0.0962504893541336,0.3877561294292067,0.0894742357783809,0.9799965620040894
64,1,2,0.4772263467311859,0.09491043537855148,0.3994605785290986,0.08788604977403021,0.9814236164093018
64,1,3,0.48412543535232544,0.09368737787008286,0.4108050558663892,0.0861273967720638,0.9797507524490356
64,1,4,0.4382916986942291,0.10003694146871567,0.3521992697244474,0.09326669028196616,0.9772704839706421
64,1,5,0.42006373405456543,0.10088963061571121,0.337447744820502,0.09265113160183662,0.9764650464057922
64,1,6,0.39942795038223267,0.10336773842573166,0.3233616251417727,0.0941964433346638,0.9766618609428406
64,1,7,0.47461700439453125,0.1019255667924881,0.4280316631153864,0.09169595454165853,0.9812012910842896
64,1,8,0.3785543143749237,0.1166483536362648,0.32086695053278774,0.1024388945043851,0.9784054160118103
64,1,9,0.5009217262268066,0.13702765107154846,0.4121351529243693,0.1283880498593872,0.9852639436721802
64,1,10,0.45704561471939087,0.14218683540821075,0.3638905532141907,0.13248286510285617,0.9814497828483582
64,1,11,0.6216652989387512,0.21159407496452332,0.5533568532653649,0.19424382810746976,0.9942143559455872
64,1,12,0.32352685928344727,0.22055824100971222,0.31889204051640363,0.20374056209907263,0.9923123121261597
64,1,13,0.5770886540412903,0.3762572109699249,0.5611666221489321,0.36566842632808916,0.923736035823822
64,1,14,0.28484484553337097,0.36333557963371277,0.261183652074171,0.3547138779141199,0.42078691720962524
64,1,15,0.25795453786849976,0.45651334524154663,0.27871364438120094,0.4522797135069751,0.7828815579414368
64,1,16,0.1730404645204544,0.43787267804145813,0.1391381488512944,0.43852977390868225,0.4952549934387207
64,1,17,0.17548179626464844,0.4850716292858124,0.19829132222112955,0.4877553427431503,0.7414430379867554
64,1,18,0.08713454008102417,0.47919031977653503,0.0806342145294708,0.4721773304617119,0.49061834812164307
64,1,19,0.15253596007823944,0.4682402014732361,0.18217482184920047,0.4670762912396605,0.7415130734443665
64,1,20,0.0768006294965744,0.4623095691204071,0.07518214404129467,0.46084995904204923,0.5029510855674744
64,1,21,0.17699600756168365,0.45682331919670105,0.20380118694057303,0.4574983860535175,0.7394789457321167
64,1,22,0.11378690600395203,0.45092371106147766,0.10714155261001565,0.4528494938174207,0.5243827104568481
64,1,23,0.6558674573898315,0.529060423374176,0.6026263726194093,0.5319309143744279,0.9754256010055542
64,1,24,0.4379541277885437,0.5323408246040344,0.4383043070615531,0.5386206253309526,0.9703560471534729
64,1,25,0.7658982276916504,0.7600030899047852,0.6961124843625504,0.7851373362623805,0.7392138242721558
64,1,26,0.5074132084846497,0.7503098249435425,0.4310927629623298,0.7824589727394089,0.5657283663749695
64,1,27,0.8753597736358643,0.9481221437454224,0.7531924203458327,1.044007537817315,0.5201611518859863
64,1,28,0.568567156791687,0.9658359289169312,0.5571961825839757,1.0430387343678678,0.38858842849731445
64,1,29,0.885878324508667,0.9674023985862732,0.7685441112362754,1.0747027760550358,0.5030348896980286
64,1,30,0.5784252882003784,0.9725736379623413,0.5986911905441813,1.0745842514311417,0.4366837441921234
64,1,31,0.8447365760803223,1.0232173204421997,0.7275392636783902,1.1549886127106495,0.4334103763103485
64,1,32,0.5550774335861206,1.0579402446746826,0.5178715191308265,1.1605994497165575,0.34930235147476196
64,2,0,0.5845667719841003,0.11132699996232986,0.4792797382425093,0.10727386785086988,0.9849169850349426
64,2,1,0.623676598072052,0.08997669070959091,0.5332565356456674,0.08645368967194264,0.9800890684127808
64,2,2,0.631290078163147,0.08907181024551392,0.5540390375934227,0.08562308252161009,0.9816276431083679
64,2,3,0.6381581425666809,0.08824658393859863,0.5750747427747456,0.08482769276401676,0.9801556468009949
64,2,4,0.6193060874938965,0.09158502519130707,0.4959345276810862,0.08800440744656936,0.9773697257041931
64,2,5,0.5853519439697266,0.09154538810253143,0.4860973595467746,0.08821989936585249,0.9767218232154846
64,2,6,0.5538105368614197,0.09209002554416656,0.47773422984961983,0.08853587737919685,0.9769492745399475
64,2,7,0.6785708069801331,0.09687718003988266,0.6509705758935682,0.09171566733976556,0.9823868274688721
64,2,8,0.6045051217079163,0.10182258486747742,0.5362235495366219,0.09645947039577966,0.9780977368354797
64,2,9,0.6218196153640747,0.13172584772109985,0.541950888560268,0.12700198434963475,0.9860241413116455
64,2,10,0.6048779487609863,0.13554728031158447,0.4895348641059189,0.12891380688954496,0.9813782572746277
64,2,11,0.8782976865768433,0.20879560708999634,0.7994843358057852,0.19840375710939062,0.9941091537475586
64,2,12,0.5550859570503235,0.22050148248672485,0.5254267979132861,0.20415058421212953,0.9914644956588745
64,2,13,0.8947206139564514,0.39336246252059937,0.8217889698002292,0.3552011097070172,0.9221808910369873
64,2,14,0.40986374020576477,0.3645232617855072,0.36711681070926955,0.3379416395976354,0.40836426615715027
64,2,15,0.5708474516868591,0.48851916193962097,0.5803056127061481,0.44355239150731635,0.7827870845794678
64,2,16,0.10985265672206879,0.38304033875465393,0.15387105865203107,0.3955284774399286,0.486642986536026
64,2,17,0.5076937079429626,0.5209183692932129,0.5301146157510719,0.4693143866749885,0.7384305596351624
64,2,18,0.023628706112504005,0.4405103027820587,0.09939184203702321,0.42127523891606083,0.4785911738872528
64,2,19,0.4671008586883545,0.5071090459823608,0.49923796040254576,0.45592817618471465,0.7375730872154236
64,2,20,-0.014180133119225502,0.4213277995586395,0.08223743707321045,0.4090222504715393,0.4924291968345642
64,2,21,0.48958325386047363,0.49306339025497437,0.5099984451172638,0.4460639616352597,0.7316378355026245
64,2,22,0.02684990130364895,0.3978845179080963,0.1191118406618147,0.40133075087181536,0.5131742358207703
64,2,23,0.8899039030075073,0.5285772681236267,0.7788500264833699,0.5051633748312078,0.972665548324585
64,2,24,0.6204248666763306,0.5232697129249573,0.5591853013133834,0.49852587832960793,0.9697381258010864
64,2,25,0.9346699118614197,0.7660425305366516,0.6953010658344408,0.7348696538913158,0.7559936046600342
64,2,26,0.49077847599983215,0.7556964755058289,0.4621460495047267,0.7152770385028303,0.5988560318946838
64,2,27,1.026749849319458,0.961668074131012,0.7449219595186988,0.935723192581274,0.5474674105644226
64,2,28,0.40439242124557495,0.952213704586029,0.5240065531934164,0.8965389524638718,0.43657082319259644
64,2,29,1.0275872945785522,0.9775217175483704,0.7849759039509364,0.9549674236397431,0.4942095875740051
64,2,30,0.4372151792049408,0.9746557474136353,0.5838214330060532,0.9227538680883779,0.4621027708053589
64,2,31,0.9456349611282349,1.0204449892044067,0.6041750135544487,1.0076008411229371,0.4584575891494751
64,2,32,0.25178417563438416,1.003380537033081,0.40151138219038124,0.9684233635416741,0.3910404443740845
65,1,0,0.45740726590156555,0.12248461693525314,0.38900434462031724,0.11313519688077196,0.9864048957824707
65,1,1,0.460941880941391,0.09635656327009201,0.40045770916235623,0.0906662999796348,0.9820467233657837
65,1,2,0.4693009555339813,0.09390454739332199,0.41158033812404465,0.08892846593464686,0.9834389686584473
65,1,3,0.4766620695590973,0.09169881045818329,0.42223219174974164,0.08709236411793182,0.9821131229400635
65,1,4,0.43119382858276367,0.10248033702373505,0.36591137238917454,0.09486266599346561,0.9795777201652527
65,1,5,0.4102187752723694,0.10430415719747543,0.3500771861879852,0.09466980097271695,0.9789913296699524
65,1,6,0.3901021182537079,0.10657167434692383,0.3349423624325461,0.09634026786666312,0.9791668653488159
65,1,7,0.47698676586151123,0.0998212993144989,0.4365217489333376,0.09310337016422081,0.9841237664222717
65,1,8,0.4004899561405182,0.11723247170448303,0.3346883533308853,0.10500184823452205,0.9801754951477051
65,1,9,0.47926637530326843,0.14282700419425964,0.4237838493068084,0.13088953953747312,0.9874075651168823
65,1,10,0.44147151708602905,0.15031464397907257,0.37735672401924025,0.13557246248012084,0.983208179473877
65,1,11,0.6223639845848083,0.2095334529876709,0.5653316856873489,0.19689276125747843,0.9946961998939514
65,1,12,0.3541567325592041,0.22389252483844757,0.3250053237604248,0.2072324075935644,0.9922651648521423
65,1,13,0.6064754724502563,0.39416444301605225,0.5690234746280486,0.3706073293473214,0.9293344020843506
65,1,14,0.2865721881389618,0.37436968088150024,0.26558355533416067,0.3581196993121775,0.461020827293396
65,1,15,0.30042484402656555,0.49726635217666626,0.28247584143613663,0.4600806188508583,0.8041445016860962
65,1,16,0.12985007464885712,0.4449569582939148,0.13752927634354906,0.4396429891077387,0.5324575901031494
65,1,17,0.19030797481536865,0.5160500407218933,0.19690850818327177,0.492659325748864,0.7636910080909729
65,1,18,0.06655948609113693,0.48295846581459045,0.07819584955149464,0.4740449125084745,0.5240703821182251
65,1,19,0.17141643166542053,0.5092319846153259,0.1803111801368576,0.47438567771996,0.7629359364509583
65,1,20,0.052674274891614914,0.46631109714508057,0.07128179584585362,0.4617958233379471,0.5369746088981628
65,1,21,0.2011389285326004,0.49293217062950134,0.20334012464729187,0.4636410201326945,0.7573358416557312
65,1,22,0.08420060575008392,0.4528065025806427,0.10316610596910615,0.4528420489838989,0.5558040142059326
65,1,23,0.6634906530380249,0.5325112342834473,0.6131855557843001,0.5320314105466548,0.9745676517486572
65,1,24,0.4660496413707733,0.5319934487342834,0.44311296130793904,0.5374727638895795,0.9716613292694092
65,1,25,0.7878996133804321,0.784026026725769,0.71205109870699,0.7849448832728286,0.76627516746521
65,1,26,0.5569177269935608,0.767452597618103,0.452964006900093,0.7798591311905969,0.6090462803840637
65,1,27,0.899139404296875,0.9766817092895508,0.7785768164997005,1.032324958124839,0.540418803691864
65,1,28,0.6846097111701965,1.0209487676620483,0.5793445438668875,1.0392108249383252,0.4312199652194977
65,1,29,0.8908998966217041,0.9785339832305908,0.7898102867096326,1.0580008266500538,0.4773011803627014
65,1,30,0.7000195980072021,1.0415842533111572,0.616291443431566,1.0688638797297887,0.4415157437324524
65,1,31,0.952752411365509,1.079531192779541,0.7668029271306683,1.1418917075979231,0.44886940717697144
65,1,32,0.7295394539833069,1.1244288682937622,0.5547582164301146,1.1543288655160004,0.3798249661922455
65,2,0,0.536491334438324,0.11286196112632751,0.4892041712572008,0.10824172470009766,0.9876791834831238
65,2,1,0.5901014804840088,0.08958703279495239,0.5431172520210356,0.08699634412264881,0.9837564826011658
65,2,2,0.6013270616531372,0.0880606397986412,0.5622395875983751,0.08604522704155725,0.9850223660469055
65,2,3,0.6116216778755188,0.08666497468948364,0.5814105580865309,0.08514587379850223,0.9838426113128662
65,2,4,0.5837030410766602,0.09195458889007568,0.5111736158666308,0.08868854452325334,0.981473445892334
65,2,5,0.5459244251251221,0.09193477034568787,0.49647632176173073,0.08886327817106351,0.9809326529502869
65,2,6,0.5298415422439575,0.09195206314325333,0.48677185361898906,0.08912752155585708,0.9810834527015686
65,2,7,0.6500065326690674,0.0961616039276123,0.650803627142182,0.0924856763352777,0.9856709241867065
65,2,8,0.5919539332389832,0.10242336243391037,0.5458906266487488,0.09749242715949924,0.9818390607833862
65,2,9,0.5830270648002625,0.13287930190563202,0.5490728777064829,0.12801994369566932,0.9886190295219421
65,2,10,0.5654785633087158,0.13591572642326355,0.502716166629761,0.13012658983647268,0.9846819639205933
65,2,11,0.8389929533004761,0.20272234082221985,0.8063342234894788,0.19915170668548737,0.9952022433280945
65,2,12,0.5768182277679443,0.21650181710720062,0.5343401398683485,0.2062902510623893,0.9922690391540527
65,2,13,0.8798912763595581,0.38023120164871216,0.8318682687589856,0.35953885340567227,0.9359323978424072
65,2,14,0.41607946157455444,0.35552293062210083,0.37560823390166326,0.34098781410633333,0.4547876715660095
65,2,15,0.49879181385040283,0.4795773923397064,0.5661551543372236,0.4497976305930384,0.8221835494041443
65,2,16,0.09411361813545227,0.36111781001091003,0.14350426079449347,0.3895633782853128,0.5314975380897522
65,2,17,0.39725449681282043,0.5107185244560242,0.5070150725838225,0.4764933040725033,0.783465564250946
65,2,18,0.0014029414160177112,0.34942659735679626,0.08237310188200689,0.4088062461567009,0.5166069269180298
65,2,19,0.35202527046203613,0.48849526047706604,0.47363205898643856,0.46157336855722386,0.7824668288230896
65,2,20,-0.03531147539615631,0.3309077322483063,0.06180947610704279,0.3954632885121377,0.5303741097450256
65,2,21,0.36316409707069397,0.47398117184638977,0.4844587030121482,0.45090246614888285,0.7759214043617249
65,2,22,0.0008866865537129343,0.3382803201675415,0.09856593404490951,0.3903915302101899,0.5484440922737122
65,2,23,0.8069981932640076,0.532046377658844,0.783728665196404,0.5098224865823971,0.9758526086807251
65,2,24,0.5905981659889221,0.5268067717552185,0.5646303026444346,0.5034274629692304,0.9725014567375183
65,2,25,0.9306485056877136,0.778923511505127,0.7363455769034848,0.7425085716784926,0.7857781052589417
65,2,26,0.4205704629421234,0.762741208076477,0.4549374087641795,0.7235081413880371,0.6349500417709351
65,2,27,1.1566977500915527,0.950070858001709,0.8171121784742774,0.938208842358035,0.5719438195228577
65,2,28,0.3994547426700592,0.9668505191802979,0.5023568642707577,0.9087405132197054,0.4660758674144745
65,2,29,1.1981871128082275,0.9742341637611389,0.8574205078497118,0.9583057704216658,0.4753127992153168
65,2,30,0.540288507938385,1.0079482793807983,0.5762728447552152,0.9375447291417551,0.45650824904441833
65,2,31,1.004083514213562,0.9989787340164185,0.6742609423820514,1.0061073441874668,0.47634777426719666
65,2,32,0.30524593591690063,1.041719913482666,0.3847926055588314,0.981144027662494,0.41071900725364685
66,1,0,0.4267154335975647,0.12151575833559036,0.3955422612377612,0.11458683035929228,0.9888747334480286
66,1,1,0.4451237618923187,0.09609595686197281,0.40820299078919015,0.09160671106020493,0.9853333234786987
66,1,2,0.4554981589317322,0.09380260109901428,0.41919569842032756,0.08977264712950253,0.9864823818206787
66,1,3,0.4649942219257355,0.09166621416807175,0.42964687693800774,0.0878845299579577,0.9854193925857544
66,1,4,0.42301005125045776,0.10100924968719482,0.37581622036090145,0.09592727097394728,0.983241856098175
66,1,5,0.40050432085990906,0.10195527970790863,0.3588229722733244,0.09593170871309245,0.9827419519424438
66,1,6,0.388545960187912,0.10304754227399826,0.34423993504831374,0.09750200544787546,0.9828245043754578
66,1,7,0.4815506637096405,0.09956901520490646,0.44433001151649426,0.09422324829131985,0.9870705008506775
66,1,8,0.40058183670043945,0.11208625137805939,0.3461218094993935,0.10622892074028645,0.9834529161453247
66,1,9,0.45866790413856506,0.1399867683649063,0.42983111915271843,0.13246534420426664,0.9897255897521973
66,1,10,0.42375773191452026,0.14375804364681244,0.385403282164355,0.13699031436691997,0.9861405491828918
66,1,11,0.6196746826171875,0.20807024836540222,0.5747577019052805,0.19882902571696323,0.9956750273704529
66,1,12,0.4189523458480835,0.22312375903129578,0.34132012388035504,0.20998564020079705,0.9928605556488037
66,1,13,0.6306675672531128,0.38846173882484436,0.5797182086602701,0.37370085030892686,0.9414408802986145
66,1,14,0.3104163706302643,0.3757782578468323,0.2733577447505776,0.36117926855390026,0.4984600245952606
66,1,15,0.30810418725013733,0.49185651540756226,0.28691733920628837,0.46558853303376685,0.8395707011222839
66,1,16,0.11534181237220764,0.4240838587284088,0.13368449257906542,0.43694734285173725,0.5702579617500305
66,1,17,0.21291549503803253,0.5140324234962463,0.1996817832990583,0.49636290038338204,0.8042139410972595
66,1,18,0.06370756775140762,0.449493944644928,0.07568580807079713,0.46979026562104026,0.5553727149963379
66,1,19,0.1837754249572754,0.5041460990905762,0.18091114813784365,0.4795439258518023,0.8033459186553955
66,1,20,0.047359030693769455,0.4367079436779022,0.06713608759374957,0.45744805965242796,0.5684588551521301
66,1,21,0.21289004385471344,0.4872428774833679,0.20499436532907414,0.46773107382709517,0.797207236289978
66,1,22,0.07370024919509888,0.4277583956718445,0.09805895509083841,0.4484950188075279,0.5849842429161072
66,1,23,0.6544671654701233,0.5393242239952087,0.6203431918069297,0.5332945892447741,0.97650545835495
66,1,24,0.508163332939148,0.5433897376060486,0.4543997430623693,0.538497592900121,0.9726651310920715
66,1,25,0.7939198017120361,0.805400013923645,0.726263208410737,0.7884892869757268,0.7839249968528748
66,1,26,0.5547800064086914,0.7968431115150452,0.4706493250523159,0.7828017569526741,0.6356641054153442
66,1,27,0.9553951025009155,1.0348942279815674,0.8093591235429243,1.0327699105224655,0.5562926530838013
66,1,28,0.6205636858940125,1.0795458555221558,0.5864912492446138,1.0462040891790374,0.4539027512073517
66,1,29,0.9683378338813782,1.0677719116210938,0.8208916836353091,1.0596933700097195,0.46534857153892517
66,1,30,0.6524189114570618,1.110297679901123,0.6225543825088566,1.0760478645347213,0.43926942348480225
66,1,31,0.9517113566398621,1.1312397718429565,0.7990014675418062,1.1400464818956395,0.4626336097717285
66,1,32,0.6487464308738708,1.181470513343811,0.5710799499532664,1.1590327838813095,0.3934512734413147
66,2,0,0.5132989287376404,0.10611419379711151,0.49337971025026406,0.1078732751155136,0.9897850155830383
66,2,1,0.5653409361839294,0.0843842476606369,0.5469683221287096,0.08654397000544309,0.9866183996200562
66,2,2,0.5807737708091736,0.08359210193157196,0.5654509578636623,0.08562038629632943,0.9876730442047119
66,2,3,0.5949804782867432,0.08291202783584595,0.5837614310989186,0.0847590111284254,0.9867480397224426
66,2,4,0.5522220134735107,0.08654780685901642,0.5182908006386178,0.08831780761048742,0.9846383929252625
66,2,5,0.521392285823822,0.08722244203090668,0.5007942840404669,0.08857911940300621,0.9841287136077881
66,2,6,0.5107064843177795,0.08789403736591339,0.490919626383094,0.08891391030845223,0.9841882586479187
66,2,7,0.6396154165267944,0.09513481706380844,0.6488655063260292,0.09294446650303194,0.9882868528366089
66,2,8,0.5597517490386963,0.09926225244998932,0.5482919769106818,0.09779892541277863,0.984539270401001
66,2,9,0.560787558555603,0.1271650493144989,0.5511022360041972,0.12787189723745168,0.9906476736068726
66,2,10,0.5302528142929077,0.12909501791000366,0.5074886779086184,0.12994794627260817,0.9872035384178162
66,2,11,0.8147103190422058,0.20249538123607635,0.8077850882436854,0.1997307915687217,0.9960647225379944
66,2,12,0.5493285655975342,0.22336345911026,0.5369368920428049,0.2092483492774618,0.9929928779602051
66,2,13,0.8221997022628784,0.3898903429508209,0.8301934853290217,0.3647996420062583,0.9465858340263367
66,2,14,0.3409641981124878,0.3582034707069397,0.36960268280724745,0.3439706052718289,0.48065629601478577
66,2,15,0.38680726289749146,0.4670826494693756,0.5349298855197633,0.45279244894019155,0.8526241779327393
66,2,16,0.12784770131111145,0.33094000816345215,0.14079173141657045,0.37939361605286315,0.5457476377487183
66,2,17,0.2884390652179718,0.4647305905818939,0.46891527447430975,0.47445562880800796,0.8170264959335327
66,2,18,0.08211974054574966,0.3234967291355133,0.08232922678919896,0.3939952057280845,0.530045211315155
66,2,19,0.26289764046669006,0.44624271988868713,0.4369076966385593,0.4589173280142337,0.8159367442131042
66,2,20,0.06807465106248856,0.3065626919269562,0.06289462140438752,0.3800271097144587,0.542632520198822
66,2,21,0.2952044606208801,0.4400542080402374,0.45149883913664346,0.44902325416632066,0.8079482316970825
66,2,22,0.0960724949836731,0.3122011423110962,0.0981341092682562,0.37681937580222646,0.5591935515403748
66,2,23,0.781181275844574,0.5329729914665222,0.7832875038736693,0.5138342671488031,0.9761558175086975
66,2,24,0.5466695427894592,0.5285809636116028,0.5615183817994408,0.5077866058690975,0.9722635746002197
66,2,25,1.0014225244522095,0.7895270586013794,0.7826159628492795,0.7506622868777513,0.7993370890617371
66,2,26,0.43666890263557434,0.7784811854362488,0.45177211145507074,0.733043569214876,0.6603837013244629
66,2,27,1.1878737211227417,0.9834664463996887,0.8820345877888927,0.9460567508198984,0.5743674039840698
66,2,28,0.4525059163570404,0.9882940053939819,0.4937111003487759,0.9225497270115335,0.4791254699230194
66,2,29,1.221346139907837,1.0097638368606567,0.9211327829719091,0.9672305379681174,0.451707661151886
66,2,30,0.6140657663345337,1.0595697164535522,0.582824837225767,0.9587532754327494,0.4391799867153168
66,2,31,1.1654316186904907,1.0634618997573853,0.7605746248432894,1.0160565225404063,0.46936336159706116
66,2,32,0.48079028725624084,1.1107220649719238,0.40146436323986046,1.0036703592312255,0.4050460159778595
67,1,0,0.4278597831726074,0.11113713681697845,0.4011441885753418,0.11398938246765887,0.9907626509666443
67,1,1,0.4376591145992279,0.08831247687339783,0.4133084715245019,0.09103618964838658,0.987907350063324
67,1,2,0.44845712184906006,0.08702981472015381,0.4242674009479001,0.08929762969849155,0.9888635277748108
67,1,3,0.4581912159919739,0.08581069856882095,0.4345941830703491,0.0875253806948706,0.9880304336547852
67,1,4,0.4161686897277832,0.09178586304187775,0.38281260087159463,0.09521001105281232,0.9860873222351074
67,1,5,0.3956316113471985,0.09284970164299011,0.3652042344519792,0.09539794580065386,0.9856064319610596
67,1,6,0.38737431168556213,0.09384702891111374,0.3517192631578373,0.09686900089144528,0.9856117963790894
67,1,7,0.47886478900909424,0.09456069767475128,0.4503166460611987,0.09428168523964155,0.989421010017395
67,1,8,0.38273677229881287,0.10421012341976166,0.352469448600687,0.10587930293672257,0.9858826994895935
67,1,9,0.45928290486335754,0.13244988024234772,0.4349358493195182,0.1324626662977897,0.991544246673584
67,1,10,0.4228000044822693,0.13490423560142517,0.3918866183746913,0.13662904395903178,0.9883962869644165
67,1,11,0.598759651184082,0.20604997873306274,0.5789171483506748,0.2000797551184614,0.9964436292648315
67,1,12,0.41218307614326477,0.22954438626766205,0.35361766277842116,0.21337463516728347,0.9934303164482117
67,1,13,0.6169633269309998,0.38422128558158875,0.586175199529214,0.375523258176372,0.9496945738792419
67,1,14,0.3561352789402008,0.3707354962825775,0.2877280478068392,0.36283460315844906,0.5161111950874329
67,1,15,0.2904013693332672,0.4801121950149536,0.28752073439037024,0.46810470574616414,0.8664107918739319
67,1,16,0.13305839896202087,0.4075438380241394,0.13357606940726469,0.43185101557952665,0.5783862471580505
67,1,17,0.20974111557006836,0.4878906011581421,0.20142429186617813,0.4948953731420559,0.8334282040596008
67,1,18,0.07361171394586563,0.4315692186355591,0.07532661300324642,0.46316389390351065,0.5616908669471741
67,1,19,0.1754990965127945,0.46101242303848267,0.17997378642846493,0.47633302657898086,0.8325018286705017
67,1,20,0.0650908350944519,0.42282313108444214,0.06678188748803887,0.4514457932111337,0.5737959146499634
67,1,21,0.20605821907520294,0.45309633016586304,0.20517859949286618,0.4651956513856427,0.8250210881233215
67,1,22,0.088519386947155,0.41609981656074524,0.0964065052295587,0.4428796541965132,0.5900080800056458
67,1,23,0.6106055974960327,0.5404914021492004,0.6186564320974477,0.534541136222793,0.9768733978271484
67,1,24,0.5539581179618835,0.5372663140296936,0.4716918492833197,0.5382843635805095,0.9725549817085266
67,1,25,0.7799948453903198,0.8025661706924438,0.7355829737591074,0.7909280204454626,0.7534357309341431
67,1,26,0.6407142281532288,0.7914047837257385,0.5002498275165299,0.7842919329761757,0.621710479259491
67,1,27,0.9154462218284607,1.019239902496338,0.8277889271411706,1.0304259375403937,0.5302132964134216
67,1,28,0.7953134179115295,1.0506863594055176,0.6228795381345933,1.0469803872423187,0.4440799355506897
67,1,29,0.9344416856765747,1.0537018775939941,0.8406223438319966,1.0586556221449828,0.43522194027900696
67,1,30,0.8269526362419128,1.0863206386566162,0.6581670917382743,1.0778273431892462,0.4215303659439087
67,1,31,0.9349876046180725,1.1077711582183838,0.8226466101848005,1.1344518387487375,0.43393874168395996
67,1,32,0.805578351020813,1.153295636177063,0.6119736675842934,1.158039096921087,0.3734239935874939
67,2,0,0.48045825958251953,0.10498049855232239,0.4911412286865993,0.10737228739062757,0.9915335774421692
67,2,1,0.5245893597602844,0.08342752605676651,0.5430903402157734,0.08600424262663678,0.9889639019966125
67,2,2,0.5425244569778442,0.08277577906847,0.5614780269612055,0.0851277415105974,0.9898378252983093
67,2,3,0.5591508746147156,0.0822480246424675,0.5794964523255494,0.08432414898546386,0.9891259670257568
67,2,4,0.5016804933547974,0.0855601355433464,0.5154129570908275,0.08784021998987265,0.9872470498085022
67,2,5,0.49119582772254944,0.0862182155251503,0.49913163765793395,0.08817025098771601,0.9867279529571533
67,2,6,0.4875341057777405,0.08686176687479019,0.49033329524970276,0.08855851725250562,0.986752986907959
67,2,7,0.611939013004303,0.09159374982118607,0.6424638242412024,0.09271055243236744,0.9903838038444519
67,2,8,0.5072240233421326,0.09839113801717758,0.5411714533995469,0.0979014811286682,0.9866852164268494
67,2,9,0.5323852896690369,0.125483900308609,0.5478591904756163,0.12745833645022245,0.9922022819519043
67,2,10,0.4929342269897461,0.1271551102399826,0.5049671804541499,0.12946426830069174,0.9890223145484924
67,2,11,0.7854880690574646,0.19934026896953583,0.803921320043479,0.19966316370894993,0.9967509508132935
67,2,12,0.5108417272567749,0.22107811272144318,0.5324144661137697,0.21129764713390933,0.9933062791824341
67,2,13,0.7915161848068237,0.3800886869430542,0.8234879745108665,0.3674484758007812,0.9541492462158203
67,2,14,0.3450387418270111,0.35228827595710754,0.3653458026994968,0.34541134275731666,0.5091408491134644
67,2,15,0.36091527342796326,0.4231700003147125,0.5046378631276469,0.44765814543504273,0.876839280128479
67,2,16,0.08601626008749008,0.3269239068031311,0.13129061907056386,0.37029304652253525,0.5697341561317444
67,2,17,0.27304208278656006,0.42632949352264404,0.4347956897293334,0.4661095439140858,0.8437422513961792
67,2,18,0.030449550598859787,0.3189438283443451,0.0733311770521786,0.3809691340356588,0.5495836734771729
67,2,19,0.23589691519737244,0.4044725000858307,0.4018878333696785,0.44947365584796073,0.8427150249481201
67,2,20,0.010769360698759556,0.3045899569988251,0.053853882614358056,0.3669339213947617,0.5615904331207275
67,2,21,0.2720711827278137,0.40077686309814453,0.4202593732329108,0.44065628033690685,0.834138810634613
67,2,22,0.045317523181438446,0.31038886308670044,0.08897327164177767,0.3652925409473004,0.5789868235588074
67,2,23,0.7287561893463135,0.5159724950790405,0.773828899508952,0.5142045695113919,0.9771475195884705
67,2,24,0.5583310723304749,0.5146669745445251,0.5609663855408068,0.5089783306801047,0.9728338122367859
67,2,25,0.6025726199150085,0.77821284532547,0.7512703516185286,0.7554371814859873,0.7638683915138245
67,2,26,0.4691307544708252,0.7644758820533752,0.4547796971333511,0.7384918601035051,0.6162866950035095
67,2,27,0.9625051617622375,0.9674996137619019,0.896004323726514,0.9497724039924796,0.5388674139976501
67,2,28,0.5577913522720337,0.9836718440055847,0.5048291818800058,0.9331537063644152,0.44177764654159546
67,2,29,1.0732874870300293,0.9837732911109924,0.9476035292959485,0.9700966721713191,0.42524224519729614
67,2,30,0.7083868980407715,1.0503880977630615,0.6046503486877569,0.9746654273345966,0.4106880724430084
67,2,31,0.9275853037834167,1.082558035850525,0.7896435710591033,1.0275955906352723,0.4427941143512726
67,2,32,0.5620642304420471,1.122273564338684,0.42940950448582527,1.0242820947478293,0.36869096755981445
68,1,0,0.3960098922252655,0.10973533987998962,0.4002549471458248,0.11325261260770236,0.992287814617157
68,1,1,0.4160618782043457,0.08751392364501953,0.41378532245411764,0.09042617170876632,0.9899588823318481
68,1,2,0.43016859889030457,0.08666101843118668,0.42528950097699236,0.08884100963319042,0.9907665848731995
68,1,3,0.44332531094551086,0.08572499454021454,0.43610656110026064,0.0872135896544052,0.9901281595230103
68,1,4,0.39450719952583313,0.08997227251529694,0.38483848461030074,0.09430284522932407,0.9883216619491577
68,1,5,0.38310229778289795,0.09096261858940125,0.3683053357022927,0.09462977448047291,0.9877965450286865
68,1,6,0.3742106258869171,0.0920318067073822,0.3556167570886162,0.09603121857122962,0.9876879453659058
68,1,7,0.47555598616600037,0.09208063036203384,0.4546906861825997,0.09390050177262557,0.9912845492362976
68,1,8,0.375635027885437,0.10336974263191223,0.35648385408972144,0.10544468778238328,0.9875434637069702
68,1,9,0.43756070733070374,0.13020719587802887,0.43539043583589254,0.13207205839589575,0.9929239749908447
68,1,10,0.4014575183391571,0.1326206773519516,0.3935445034845602,0.1359348285898327,0.9899617433547974
68,1,11,0.6347576975822449,0.19586080312728882,0.5886033515708754,0.1993490636296194,0.9970714449882507
68,1,12,0.4011937975883484,0.2253187745809555,0.36186825348859497,0.21544375388965006,0.9937289357185364
68,1,13,0.6561802625656128,0.3787105977535248,0.5983235444548899,0.3760752650351378,0.9580565094947815
68,1,14,0.32996490597724915,0.37104350328445435,0.29505152832504206,0.36425649538731897,0.5325354337692261
68,1,15,0.2911253273487091,0.4379422068595886,0.28814501198106957,0.46287671055367247,0.8887004852294922
68,1,16,0.07631814479827881,0.39732396602630615,0.1236436050321899,0.42586573455059595,0.5893908739089966
68,1,17,0.21449023485183716,0.4449928402900696,0.203687819395852,0.4862407560508416,0.8583148717880249
68,1,18,0.03913459554314613,0.42155835032463074,0.06905239217929786,0.4559500186571549,0.5701990723609924
68,1,19,0.18474018573760986,0.41913902759552,0.1807993052755813,0.46641167945969014,0.8574103116989136
68,1,20,0.02812764048576355,0.4179225265979767,0.06008031816311877,0.4456346923585515,0.5823253393173218
68,1,21,0.21198086440563202,0.41474562883377075,0.20635679326847164,0.45644594080760403,0.8494974970817566
68,1,22,0.03840125724673271,0.40359336137771606,0.08634417072599307,0.436068382178508,0.6010369658470154
68,1,23,0.6666399240493774,0.5414246320724487,0.6269777535810017,0.5357334028946089,0.977986752986908
68,1,24,0.49139606952667236,0.5458816885948181,0.4751060588829372,0.5396002984610717,0.9727292060852051
68,1,25,0.7457358241081238,0.7931557297706604,0.7373416862857076,0.7913138200201002,0.7522453665733337
68,1,26,0.5178686380386353,0.8061749935150146,0.5033025029139123,0.7880839279514621,0.59609055519104
68,1,27,0.9552987813949585,1.0261765718460083,0.8499545915930644,1.0296899729411875,0.5059584379196167
68,1,28,0.6504768133163452,1.0534946918487549,0.6276625366097701,1.0481086896017133,0.4106020927429199
68,1,29,0.986793577671051,1.053286075592041,0.8660461607463608,1.0577256164414168,0.403511106967926
68,1,30,0.6978635191917419,1.08772873878479,0.6650495433007639,1.079542473918104,0.3906670808792114
68,1,31,0.9308192133903503,1.1413654088974,0.8414399573281164,1.1356493013127382,0.4132634997367859
68,1,32,0.6601300239562988,1.1658626794815063,0.6203250057192417,1.159394220223306,0.34103330969810486
68,2,0,0.4595601260662079,0.1062581017613411,0.4856671234624347,0.10717933661393576,0.993000864982605
68,2,1,0.5029641389846802,0.08506707847118378,0.5361332844604993,0.0858419486701793,0.990889847278595
68,2,2,0.5224238634109497,0.08396078646183014,0.5547070549604219,0.08492565198352926,0.9916133880615234
68,2,3,0.5397177934646606,0.08261936157941818,0.5725997185927039,0.08402891460360286,0.991049587726593
68,2,4,0.4737912714481354,0.08800867199897766,0.5081963059386092,0.08786939109485783,0.9894149899482727
68,2,5,0.46498167514801025,0.08897924423217773,0.49321180723466174,0.08831034834626557,0.9889280796051025
68,2,6,0.45438647270202637,0.08994035422801971,0.48410164525290056,0.0887978209130904,0.9888544678688049
68,2,7,0.6041901111602783,0.09399410337209702,0.6358283138610941,0.09293283445737281,0.9920781850814819
68,2,8,0.4870798885822296,0.10061869025230408,0.5317891711834626,0.09837206065747776,0.9886713624000549
68,2,9,0.5201197862625122,0.12561547756195068,0.5430515383738996,0.12713918959986073,0.9935144782066345
68,2,10,0.47365519404411316,0.12854622304439545,0.4995397750632739,0.12930528537256467,0.990814745426178
68,2,11,0.8256081938743591,0.1936006247997284,0.8076793087241844,0.19861311829003173,0.997302770614624
68,2,12,0.47416481375694275,0.22151793539524078,0.5223097394896395,0.2130680461163112,0.9942499995231628
68,2,13,0.7865055203437805,0.3858795464038849,0.8170766164302321,0.37064196813797057,0.9606893658638
68,2,14,0.31419891119003296,0.35896795988082886,0.35647506931076745,0.34775990912497873,0.5415264964103699
68,2,15,0.3537576198577881,0.3652913570404053,0.4783910701677381,0.43335933277063515,0.8902866244316101
68,2,16,0.20336253941059113,0.37820300459861755,0.14379840795389517,0.37166314210924883,0.6007038354873657
68,2,17,0.26233989000320435,0.36066934466362,0.40477611735522045,0.44779254758672427,0.854655385017395
68,2,18,0.223716601729393,0.3820895552635193,0.09949116884706127,0.38116316386848215,0.5780832767486572
68,2,19,0.21485041081905365,0.34693798422813416,0.369315853003255,0.4316627745004694,0.8530562520027161
68,2,20,0.24403873085975647,0.36139315366744995,0.08697634612312444,0.36597425801665173,0.588002622127533
68,2,21,0.25417694449424744,0.3498189151287079,0.3913548296949104,0.42488297031813077,0.84315425157547
68,2,22,0.2623715102672577,0.36095041036605835,0.11915705895813801,0.36454050987019876,0.6041285395622253
68,2,23,0.7777403593063354,0.5213053226470947,0.7745063351615236,0.5154344748086828,0.9794187545776367
68,2,24,0.5216071605682373,0.521796464920044,0.5541425100778541,0.511198911580483,0.9747149348258972
68,2,25,0.650287389755249,0.7940650582313538,0.7337304731724463,0.7621341588658238,0.7698400020599365
68,2,26,0.40039530396461487,0.7677767276763916,0.4453465390989305,0.7435676004179833,0.6077806949615479
68,2,27,1.0891339778900146,0.978818416595459,0.929644498164527,0.9548066967639723,0.5323391556739807
68,2,28,0.5426809191703796,0.9915028810501099,0.5113914012715995,0.9432757808369717,0.42860156297683716
68,2,29,1.1296107769012451,0.9927185773849487,0.9792958199589742,0.9740167757172111,0.40864133834838867
68,2,30,0.6955428719520569,1.056949496269226,0.6204331908072811,0.9889498637437538,0.397304892539978
68,2,31,1.0115253925323486,1.10562002658844,0.8283259132926001,1.0411387683334241,0.43784478306770325
68,2,32,0.5299611687660217,1.144717812538147,0.4468746784373793,1.0452135010345698,0.3537321388721466
69,1,0,0.3807741403579712,0.11107958108186722,0.39687948362374487,0.1128762825793046,0.9936039447784424
69,1,1,0.4099506437778473,0.08875603973865509,0.4131211941721685,0.09013693922802864,0.9916861653327942
69,1,2,0.42547789216041565,0.08715839684009552,0.4253221251047295,0.0885496156239776,0.9923619031906128
69,1,3,0.4394132196903229,0.08533354848623276,0.4366792361819984,0.08688800317089071,0.9918549060821533
69,1,4,0.38286417722702026,0.09235474467277527,0.38449657343253074,0.0939654714829601,0.9902550578117371
69,1,5,0.3721178472042084,0.09345857053995132,0.36896562905643515,0.09442694908941472,0.9897692799568176
69,1,6,0.35879087448120117,0.0945630818605423,0.35616647551610925,0.09577696903358197,0.989578127861023
69,1,7,0.48493608832359314,0.09264218807220459,0.45993307601425903,0.09368259044643361,0.9927951693534851
69,1,8,0.36839157342910767,0.10521488636732101,0.3585466657710782,0.10540489263110395,0.9892879128456116
69,1,9,0.4315311312675476,0.1304146945476532,0.43472204227796785,0.13178503721614948,0.9941027760505676
69,1,10,0.389331579208374,0.13389410078525543,0.3928148590596084,0.1355814126099311,0.9915735721588135
69,1,11,0.6605249047279358,0.18922176957130432,0.6010850129229319,0.19759477910556045,0.9975674748420715
69,1,12,0.38577279448509216,0.22732914984226227,0.36601080264226205,0.21750269259422922,0.9945523142814636
69,1,13,0.6684374213218689,0.3698018193244934,0.610490819461731,0.3749886831313439,0.9639087915420532
69,1,14,0.28252336382865906,0.37409067153930664,0.2928812021713354,0.36595999053176104,0.5617200136184692
69,1,15,0.2904813885688782,0.4081476628780365,0.28854963240938863,0.4533836538403996,0.9006690382957458
69,1,16,0.16470520198345184,0.42345210909843445,0.13076304244514894,0.4254477348219265,0.6186767220497131
69,1,17,0.21046403050422668,0.4366128742694855,0.20486149982785476,0.4776338388655539,0.8678155541419983
69,1,18,0.13630612194538116,0.4520587921142578,0.08072230143528869,0.4552760929536515,0.5969563126564026
69,1,19,0.1776789426803589,0.4084491729736328,0.1802588990132637,0.45635678276601116,0.8663938045501709
69,1,20,0.12486308068037033,0.44134727120399475,0.07132062647147508,0.44489214047103975,0.6071691513061523
69,1,21,0.20688708126544952,0.40342170000076294,0.20644862507100453,0.4472490604576449,0.8572529554367065
69,1,22,0.15958400070667267,0.4336550831794739,0.09905506425581836,0.4356504389306609,0.6246586441993713
69,1,23,0.678610622882843,0.5368825197219849,0.6359329355443334,0.5359324031642628,0.9801519513130188
69,1,24,0.47745436429977417,0.5365486145019531,0.4755127447900564,0.539071787706165,0.974371075630188
69,1,25,0.7519062161445618,0.7993015646934509,0.7398649401877615,0.7926973948556622,0.7546005249023438
69,1,26,0.56312096118927,0.7881984710693359,0.5136799255795123,0.7881037635203918,0.5841829776763916
69,1,27,0.9652034044265747,1.0121418237686157,0.8699815474451837,1.0266495274667027,0.5016785264015198
69,1,28,0.7356983423233032,1.0326288938522339,0.6464318889240936,1.045426784029788,0.3986518085002899
69,1,29,0.9941415786743164,1.0361552238464355,0.8883140445295795,1.0539878092641215,0.3878006339073181
69,1,30,0.7741559147834778,1.0698693990707397,0.6840054951881989,1.0778668841317514,0.3793739974498749
69,1,31,0.9225859045982361,1.1318351030349731,0.855526436148604,1.1349887116199404,0.40934139490127563
69,1,32,0.7686535120010376,1.1547716856002808,0.6461256116621688,1.1585936160429602,0.3278476297855377
69,2,0,0.4641380310058594,0.11861545592546463,0.4819365065574366,0.1091604186875123,0.9940592646598816
69,2,1,0.50094074010849,0.09603118896484375,0.5300325237960387,0.08760696736843883,0.9923709034919739
69,2,2,0.518430233001709,0.09561033546924591,0.5484181234516473,0.08677652077859378,0.9929655194282532
69,2,3,0.5351782441139221,0.09531725198030472,0.5661121252359932,0.0859843876360762,0.9925428032875061
69,2,4,0.47270068526268005,0.09459930658340454,0.5020429601051262,0.0890350512778745,0.9910234808921814
69,2,5,0.46884411573410034,0.0934179425239563,0.4889889529030372,0.0891949699819599,0.9905234575271606
69,2,6,0.46736687421798706,0.09263492375612259,0.4812022196108995,0.08946237146957485,0.9904117584228516
69,2,7,0.6050809621810913,0.10206450521945953,0.630498851098605,0.09451460666401477,0.993347704410553
69,2,8,0.5276979207992554,0.10309863090515137,0.5310806003612031,0.09919068058932613,0.9900771379470825
69,2,9,0.5105845332145691,0.13867655396461487,0.5374237216876813,0.12913781650835127,0.9943538904190063
69,2,10,0.4778067469596863,0.13673043251037598,0.495773801628152,0.13059139062563518,0.9919171929359436
69,2,11,0.8162514567375183,0.1884835809469223,0.8091641392572188,0.19685844501572497,0.9976698756217957
69,2,12,0.5859640836715698,0.21794231235980988,0.5333539535664025,0.21391225020821183,0.9945946335792542
69,2,13,0.7144985198974609,0.3614034056663513,0.7992584279610313,0.36904167613040645,0.9663823843002319
69,2,14,0.4196615219116211,0.3593479096889496,0.3674379172061888,0.349767310983503,0.5224728584289551
69,2,15,0.3101738393306732,0.3073998987674713,0.4491131781527085,0.41146429018715525,0.8955678939819336
69,2,16,0.2970424294471741,0.33104100823402405,0.17045798195751105,0.3646199738509278,0.5718499422073364
69,2,17,0.19827498495578766,0.2701112926006317,0.36879367145112674,0.4168591134340886,0.8541626930236816
69,2,18,0.2929883301258087,0.32209593057632446,0.1331940380492942,0.3709162513879307,0.5534179210662842
69,2,19,0.21116961538791656,0.24986127018928528,0.34179886370098284,0.4000081275231271,0.8519814014434814
69,2,20,0.2854491174221039,0.30667153000831604,0.12155098385391636,0.3556864144138042,0.5622196197509766
69,2,21,0.24395786225795746,0.2659125030040741,0.36571652621054457,0.3972224511331587,0.8408141732215881
69,2,22,0.3145664632320404,0.31339016556739807,0.15319489682980195,0.35566911954101027,0.5787909030914307
69,2,23,0.8272527456283569,0.5163624882698059,0.7836550142683077,0.515595184079036,0.9802234172821045
69,2,24,0.6412264704704285,0.5147828459739685,0.5692624635501347,0.5118196109537444,0.9746845364570618
69,2,25,0.6702580451965332,0.7927668690681458,0.722718169292707,0.7674437288508119,0.7592419385910034
69,2,26,0.6233181357383728,0.7662592530250549,0.4763307926931386,0.7474998076750143,0.5503914952278137
69,2,27,0.9489668011665344,0.9712163209915161,0.9329926675331054,0.9576497569921474,0.5064260363578796
69,2,28,0.8650203943252563,1.023743987083435,0.5732789054801629,0.9572442066175336,0.37747278809547424
69,2,29,0.9880970120429993,0.9857568144798279,0.9808204070507792,0.9760505191570008,0.41390755772590637
69,2,30,0.9235148429870605,1.051409363746643,0.6733953148203194,0.9997863425327292,0.37251603603363037
69,2,31,0.8968392610549927,1.1482717990875244,0.8402156892466491,1.0597507518305995,0.41512906551361084
69,2,32,0.8146423697471619,1.1342517137527466,0.5112638761902575,1.0606736026859813,0.3143324553966522
70,1,0,0.3923804759979248,0.122369185090065,0.3961002851628011,0.1145206445048515,0.9944782853126526
70,1,1,0.40972813963890076,0.09815450012683868,0.41253355824884486,0.0915256807027747,0.9929133057594299
70,1,2,0.4235060513019562,0.09688577055931091,0.42500761797058056,0.08999355539442792,0.9934918284416199
70,1,3,0.4367804527282715,0.09527086466550827,0.43669676402061874,0.08834003522185228,0.9931167960166931
70,1,4,0.38440924882888794,0.09826438874006271,0.3844814513584884,0.09471001428349295,0.9915481209754944
70,1,5,0.3782573640346527,0.09710174053907394,0.37057513967321903,0.09489018186505621,0.9910283088684082
70,1,6,0.3706415295600891,0.09671325981616974,0.35867422863819065,0.09593911173402592,0.9907271862030029
70,1,7,0.4873692989349365,0.0995793268084526,0.46468815308501366,0.09470391359957155,0.9938521981239319
70,1,8,0.38891735672950745,0.1086256206035614,0.36381079290930474,0.10596268242377581,0.9902207255363464
70,1,9,0.43477633595466614,0.14291460812091827,0.4347314443979369,0.1337129980163075,0.9947686791419983
70,1,10,0.3982056975364685,0.14193890988826752,0.39374854904871004,0.13668255545037244,0.9923790097236633
70,1,11,0.6593818664550781,0.18954354524612427,0.611198040331129,0.19620020379468803,0.9978905916213989
70,1,12,0.4520275294780731,0.2261190116405487,0.3809449099535606,0.21899517372962393,0.9947157502174377
70,1,13,0.5938501358032227,0.36672285199165344,0.60760770445386,0.3735569275873162,0.9685405492782593
70,1,14,0.3401762545108795,0.3732163608074188,0.30108297096103454,0.36721685572159274,0.5511620044708252
70,1,15,0.2632708251476288,0.3941645324230194,0.28416875627815447,0.44311038010541337,0.9053590893745422
70,1,16,0.2126602679491043,0.41569042205810547,0.1449801439266103,0.4237575577839788,0.5977720022201538
70,1,17,0.17648006975650787,0.421936571598053,0.1999424737141232,0.4679725512358242,0.8672952055931091
70,1,18,0.16725249588489532,0.43292468786239624,0.0957457642701962,0.45140288136386153,0.5792157053947449
70,1,19,0.17225205898284912,0.3972417116165161,0.17887201468940808,0.44610158809242284,0.86539626121521
70,1,20,0.15238730609416962,0.42828208208084106,0.08539319915787938,0.4420143270975602,0.5884855389595032
70,1,21,0.1986009031534195,0.39207667112350464,0.20508930856407454,0.43767896982540033,0.8551612496376038
70,1,22,0.1768539398908615,0.42624393105506897,0.11255904741744484,0.4340210458545674,0.6057226657867432
70,1,23,0.6736306548118591,0.5342802405357361,0.6424684797027492,0.5356462827675565,0.9810362458229065
70,1,24,0.5154929757118225,0.53270423412323,0.48244446328632923,0.5379689028305376,0.9749431014060974
70,1,25,0.7195244431495667,0.8126315474510193,0.7363404070274538,0.7961514734844639,0.7551503777503967
70,1,26,0.49426406621932983,0.8041287660598755,0.5103157044373717,0.7908801601919374,0.5505489706993103
70,1,27,0.8892039656639099,1.0454356670379639,0.8733122554890657,1.0299045593259526,0.4857190251350403
70,1,28,0.5815110802650452,1.0828676223754883,0.6351675800735697,1.0519177169618494,0.36189568042755127
70,1,29,0.8959975242614746,1.0759211778640747,0.8896449159465962,1.0577885102751008,0.39707791805267334
70,1,30,0.5987150073051453,1.113173484802246,0.669197837655011,1.0839874148146504,0.3556700646877289
70,1,31,0.8782986402511597,1.174575686454773,0.8594726441165418,1.1418521188497308,0.39509275555610657
70,1,32,0.6062673926353455,1.2010308504104614,0.639215088523882,1.1659518372064746,0.2967807650566101
70,2,0,0.5053225755691528,0.11890017241239548,0.48598914013332345,0.11084755288471089,0.9944660663604736
70,2,1,0.5447746515274048,0.09812559932470322,0.532586561436399,0.08942906259031297,0.9932239651679993
70,2,2,0.5578118562698364,0.09768632054328918,0.5500453026094786,0.08866639845460403,0.9936578869819641
70,2,3,0.57206130027771,0.09730199724435806,0.5671425322455171,0.08794493323448792,0.9934699535369873
70,2,4,0.5302999019622803,0.09661158174276352,0.5069404009639704,0.09034738345383585,0.9918370246887207
70,2,5,0.5320541858673096,0.09482865035533905,0.49645625508499913,0.09017072376494473,0.9911630153656006
70,2,6,0.5332776308059692,0.09363497048616409,0.49023428375790434,0.0901850341297988,0.9911389946937561
70,2,7,0.6418551206588745,0.10254837572574615,0.632466095631663,0.09590615632820186,0.994072437286377
70,2,8,0.585324764251709,0.10556849092245102,0.5404894291995985,0.1002953424329824,0.9906275868415833
70,2,9,0.5421736240386963,0.1378823071718216,0.5382463837021754,0.1306525045193399,0.9946395754814148
70,2,10,0.5201153755187988,0.13661524653434753,0.4999921428949092,0.13163473511396293,0.992344319820404
70,2,11,0.7903914451599121,0.1901358664035797,0.8059114288086556,0.1956940560421363,0.9979061484336853
70,2,12,0.6361716389656067,0.21724790334701538,0.5512140618041076,0.21448994570859362,0.9944289326667786
70,2,13,0.6065095663070679,0.37964096665382385,0.7656868356295975,0.3708777486595662,0.968395471572876
70,2,14,0.4996398389339447,0.3555833697319031,0.39042240262715583,0.35077465834043653,0.501541018486023
70,2,15,0.2974276542663574,0.2818455100059509,0.42272557661579063,0.3889306378960786,0.8701838850975037
70,2,16,0.5111779570579529,0.36432793736457825,0.2300641684571078,0.3645694011420256,0.5456738471984863
70,2,17,0.19129414856433868,0.2537083327770233,0.3378913483039546,0.38846754813068296,0.8228287696838379
70,2,18,0.4924865961074829,0.35428932309150696,0.19608417388419624,0.3680355046776415,0.5311251282691956
70,2,19,0.20888996124267578,0.24049298465251923,0.3186905275015789,0.3722522401589245,0.8206897377967834
70,2,20,0.4748659133911133,0.34015485644340515,0.1833838727744361,0.3529955367134874,0.5395175218582153
70,2,21,0.23330138623714447,0.2743687331676483,0.3426944717891009,0.37586915166978124,0.8119368553161621
70,2,22,0.5003668069839478,0.3442930579185486,0.21394158081182457,0.3536984387150331,0.5557923316955566
70,2,23,0.8001317381858826,0.5093811750411987,0.7865097314728732,0.514518898760749,0.9821953177452087
70,2,24,0.6762534976005554,0.5126731395721436,0.5878498612007106,0.5119674209115281,0.9763375520706177
70,2,25,0.677545428276062,0.7952751517295837,0.7148850823103521,0.7722673469530901,0.7605226635932922
70,2,26,0.5925377607345581,0.7725481986999512,0.49652482404410025,0.7518407193628468,0.5162904262542725
70,2,27,0.9189777374267578,1.0572474002838135,0.9305647705458242,0.974948731347771,0.49321115016937256
70,2,28,0.7972222566604614,1.0499838590621948,0.612320654681147,0.9733487626734305,0.3469378352165222
70,2,29,1.0123189687728882,1.074149250984192,0.9862804227427453,0.993088389562626,0.4164395332336426
70,2,30,0.8772933483123779,1.0778193473815918,0.7089211122990084,1.0133310901977346,0.35079583525657654
70,2,31,0.7998468279838562,1.1931496858596802,0.8332169153135894,1.0829441198052663,0.4042060077190399
70,2,32,0.7413232922554016,1.161613941192627,0.5513794473596405,1.0782065867196158,0.29169678688049316
71,1,0,0.421933650970459,0.1215256080031395,0.4005773578089382,0.11573395456417783,0.9949318170547485
71,1,1,0.44530045986175537,0.09954530745744705,0.4182134292748392,0.09291478011114938,0.9937770962715149
71,1,2,0.45632386207580566,0.0984102338552475,0.43043579204512716,0.09145144652089883,0.9941946864128113
71,1,3,0.4681772291660309,0.09703867882490158,0.44215342908299926,0.0898467795874098,0.994025707244873
71,1,4,0.4354099631309509,0.09984032064676285,0.39331430317215177,0.09559857015396046,0.9924483299255371
71,1,5,0.42500945925712585,0.09858971834182739,0.3800170160830937,0.09553090448094284,0.9918118715286255
71,1,6,0.41172584891319275,0.09902580082416534,0.36787588644016006,0.09647368547938734,0.9916697144508362
71,1,7,0.5273718237876892,0.1026960089802742,0.47556359671379506,0.09608824311585475,0.9945716857910156
71,1,8,0.4233280122280121,0.11259063333272934,0.3741358893817597,0.10711067818622244,0.9911312460899353
71,1,9,0.45667997002601624,0.14091594517230988,0.4385348042930927,0.1349606077580733,0.9951046705245972
71,1,10,0.4273513853549957,0.1411535143852234,0.39957347159527,0.13745689872240383,0.9929507374763489
71,1,11,0.6481534242630005,0.19670459628105164,0.6176047593119058,0.19628755113659904,0.9981050491333008
71,1,12,0.5057579874992371,0.2265445590019226,0.4026399861052332,0.22030280327439808,0.9945812821388245
71,1,13,0.5808873772621155,0.38148292899131775,0.6029768167497914,0.3749298061294782,0.9707598090171814
71,1,14,0.37475845217704773,0.3749498426914215,0.31386967116108977,0.36855629415511654,0.5363054275512695
71,1,15,0.24616733193397522,0.3818439543247223,0.2775805039142987,0.43248128405164227,0.88267982006073
71,1,16,0.31984415650367737,0.42925021052360535,0.17542053239535493,0.42470888126406336,0.5759264826774597
71,1,17,0.1659393310546875,0.4113081693649292,0.1940481052607889,0.4581432181037249,0.8394392728805542
71,1,18,0.24379509687423706,0.4547116160392761,0.12149762816318843,0.45197591407447407,0.5619187951087952
71,1,19,0.1737029254436493,0.38684260845184326,0.17797674050633816,0.43582137942131055,0.8375547528266907
71,1,20,0.23966443538665771,0.4369412362575531,0.11223228424452832,0.4411356819641557,0.5707835555076599
71,1,21,0.19508083164691925,0.3874610662460327,0.20335561164956945,0.42896956534763825,0.8295305371284485
71,1,22,0.28457918763160706,0.43176954984664917,0.14250183051947674,0.43363112614341537,0.5874578356742859
71,1,23,0.667107880115509,0.5260998010635376,0.6467384667301906,0.5339926371874661,0.9829710125923157
71,1,24,0.5449846982955933,0.531799852848053,0.49329495143526436,0.5369004059022779,0.976704478263855
71,1,25,0.7157226800918579,0.8178660273551941,0.7327678065232083,0.799914251918116,0.7542840838432312
71,1,26,0.5182586312294006,0.8171201944351196,0.5116915151443476,0.7954277484706077,0.5181401968002319
71,1,27,0.8804057240486145,1.076250672340393,0.8745409060207014,1.0379415002783536,0.47271236777305603
71,1,28,0.6608450412750244,1.106431245803833,0.6396175977841747,1.061373308543425,0.33318987488746643
71,1,29,0.8976486325263977,1.1061171293258667,0.8910312677464283,1.066169732729531,0.4036515951156616
71,1,30,0.7051562070846558,1.1367710828781128,0.6754315036549777,1.0931424700292574,0.33655625581741333
71,1,31,0.8783841133117676,1.201311469078064,0.8627494391754824,1.1521670726183704,0.38595637679100037
71,1,32,0.7004280686378479,1.2285032272338867,0.6498349145597175,1.1768042257847302,0.2760937213897705
71,2,0,0.5374133586883545,0.11449134349822998,0.49490808194086067,0.11147861990595553,0.9950249791145325
71,2,1,0.5797441601753235,0.0965343713760376,0.5407644563201577,0.09065975696017599,0.993929922580719
71,2,2,0.5999387502670288,0.0951608270406723,0.5586983459155445,0.08979126299999984,0.9943516850471497
71,2,3,0.6240801215171814,0.09458605200052261,0.5770193283949558,0.08909521025999913,0.9942668676376343
71,2,4,0.5479665994644165,0.09489567577838898,0.5140537109421753,0.09113512225767043,0.9927063584327698
71,2,5,0.5386664271354675,0.09357146173715591,0.5037751063656921,0.09075969224905661,0.9920662641525269
71,2,6,0.5287094712257385,0.09365814924240112,0.4969047759379084,0.09078653880452912,0.9920193552970886
71,2,7,0.6845621466636658,0.1024976447224617,0.6415017323428727,0.09704783538114084,0.9947044253349304
71,2,8,0.5513787269592285,0.10806586593389511,0.5423757569840169,0.10164128402093914,0.9914158582687378
71,2,9,0.5773166418075562,0.13590486347675323,0.545020158446536,0.13156220301917476,0.9949329495429993
71,2,10,0.535518229007721,0.13345745205879211,0.5061508020904791,0.13195039364182615,0.9927699565887451
71,2,11,0.7893414497375488,0.19115403294563293,0.8030405678137559,0.1949077497100304,0.9981027245521545
71,2,12,0.5747750401496887,0.21633361279964447,0.5552970465129661,0.21480923261579318,0.9938701391220093
71,2,13,0.7723955512046814,0.36915984749794006,0.7668488186839754,0.3705802432287212,0.9662107229232788
71,2,14,0.4459402561187744,0.35139188170433044,0.40005255824372477,0.35088154535201527,0.4937728941440582
71,2,15,0.4392921030521393,0.3173297643661499,0.4255957944431788,0.3765047188847111,0.8392286896705627
71,2,16,0.43247881531715393,0.35697802901268005,0.26533029754583637,0.3632544956402531,0.5333253741264343
71,2,17,0.34208548069000244,0.31270959973335266,0.33861772282559266,0.37531849994891253,0.7904879450798035
71,2,18,0.41928228735923767,0.35934022068977356,0.234995635510846,0.36652933793480547,0.5243922472000122
71,2,19,0.35297179222106934,0.28529641032218933,0.32463303278735334,0.35715454692981213,0.788052499294281
71,2,20,0.40966200828552246,0.3392888009548187,0.22283589517362667,0.3506209453630312,0.5322396159172058
71,2,21,0.3796679675579071,0.2928980886936188,0.3491042032146732,0.36146507356954244,0.7809716463088989
71,2,22,0.44185397028923035,0.340333491563797,0.25368040650164897,0.3513830850933825,0.5482392907142639
71,2,23,0.8135684132575989,0.47778451442718506,0.7911993387278248,0.5081505549719109,0.9838047027587891
71,2,24,0.6535628437995911,0.49519607424736023,0.5992519818935163,0.5090616502852751,0.9770916104316711
71,2,25,0.6781973838806152,0.7883444428443909,0.7085249264434198,0.7750527743375706,0.7738394737243652
71,2,26,0.588353157043457,0.787861168384552,0.5124707988290019,0.7580851582493541,0.5332514047622681
71,2,27,0.8508368134498596,1.0600441694259644,0.9167256163940269,0.9897224485957764,0.5085623264312744
71,2,28,0.7604357004165649,1.0559039115905762,0.6380844720032003,0.9876803901557827,0.3473949134349823
71,2,29,0.9257906079292297,1.09072744846344,0.9757866669413492,1.0100462216311945,0.4320038855075836
71,2,30,0.8455086946487427,1.089388132095337,0.7326715326262785,1.0265320822565989,0.3440268039703369
71,2,31,0.6965393424034119,1.2036137580871582,0.8094523276426353,1.1039163855935146,0.41290807723999023
71,2,32,0.6932126879692078,1.1788710355758667,0.5760460892664547,1.0956915238480476,0.28535860776901245
72,1,0,0.4247857332229614,0.11765647679567337,0.40477260328000636,0.116066898369686,0.995405375957489
72,1,1,0.44864189624786377,0.09853598475456238,0.42348758035408557,0.09388837270129657,0.9943726658821106
72,1,2,0.46535345911979675,0.0962328314781189,0.4364888687746943,0.09227956144774763,0.9947887659072876
72,1,3,0.48366764187812805,0.09451639652252197,0.449351459869266,0.09065553406816489,0.9947119355201721
72,1,4,0.40575310587882996,0.09818535298109055,0.39546915084056017,0.09604656003375955,0.9931562542915344
72,1,5,0.39097121357917786,0.09781696647405624,0.38191459176761255,0.09592681067243763,0.9925370216369629
72,1,6,0.37668341398239136,0.0987938717007637,0.36940149971736197,0.09687550180600267,0.9923296570777893
72,1,7,0.5262539982795715,0.10183464735746384,0.48435508118289805,0.09708352403940546,0.9951072931289673
72,1,8,0.3912390470504761,0.11210627853870392,0.3770991846469061,0.10797589984295847,0.9916967153549194
72,1,9,0.46754705905914307,0.13867798447608948,0.4435632704540365,0.13560442054372607,0.9953455924987793
72,1,10,0.42573001980781555,0.1375206559896469,0.4041065934524759,0.13746793963562398,0.9932715892791748
72,1,11,0.6490528583526611,0.1978120356798172,0.6230558124056027,0.1965515593415359,0.9982825517654419
72,1,12,0.4580332338809967,0.22367079555988312,0.41224848935077196,0.22088610010757645,0.9939475655555725
72,1,13,0.6389357447624207,0.3744528293609619,0.6092105892524154,0.37484720653960946,0.9688411951065063
72,1,14,0.35765448212623596,0.3660704791545868,0.3214619109888394,0.36812579165451653,0.5129358768463135
72,1,15,0.32485541701316833,0.4048963189125061,0.2857787656640052,0.4277004086165003,0.8546341061592102
72,1,16,0.2383488118648529,0.41684871912002563,0.18633853749674684,0.4233474093811135,0.5543195009231567
72,1,17,0.23666229844093323,0.43589651584625244,0.20143708683112815,0.45428815931099203,0.8099893927574158
72,1,18,0.17961862683296204,0.43759089708328247,0.13158011098012276,0.44948377204012285,0.5463030934333801
72,1,19,0.22679592669010162,0.4108699858188629,0.1864431988465984,0.43149728142328364,0.8078348636627197
72,1,20,0.1705857664346695,0.41964656114578247,0.1223551666990223,0.4374119900917266,0.5551884770393372
72,1,21,0.258075475692749,0.40292319655418396,0.21284707437438644,0.42445556023593045,0.8013396263122559
72,1,22,0.19715549051761627,0.41963356733322144,0.15198184104377088,0.4312061380115292,0.5731889009475708
72,1,23,0.6837226748466492,0.507096529006958,0.6531501744140626,0.5293312527170327,0.9845080971717834
72,1,24,0.532752513885498,0.5229213237762451,0.5001359510301976,0.5344786208454487,0.9770369529724121
72,1,25,0.7273474335670471,0.8158329129219055,0.7318290034343545,0.8026722166177799,0.7722281217575073
72,1,26,0.5150989890098572,0.8127126097679138,0.5122816502605708,0.7984225351017487,0.5308032631874084
72,1,27,0.9045372605323792,1.0822645425796509,0.8797401067721702,1.0456271587383459,0.4929058849811554
72,1,28,0.6437849402427673,1.0895508527755737,0.640339350072893,1.0662569597124083,0.3342452943325043
72,1,29,0.9313302040100098,1.1139559745788574,0.8980183546311937,1.0744567698239444,0.4201887547969818
72,1,30,0.6946343183517456,1.1222554445266724,0.6787587885934818,1.09818838436953,0.33904406428337097
72,1,31,0.86166912317276,1.2178394794464111,0.8625623549694672,1.1635620036735848,0.3961624503135681
72,1,32,0.64627605676651,1.2166244983673096,0.649218560314343,1.183708165522223,0.2722366154193878
72,2,0,0.4590539038181305,0.11483491957187653,0.4886925030326909,0.11205989142459592,0.9947933554649353
72,2,1,0.4997257590293884,0.09544932097196579,0.5336489934687508,0.09148928869625776,0.9936206340789795
72,2,2,0.5184748768806458,0.09320640563964844,0.5517243999883145,0.09038272646938468,0.9940236806869507
72,2,3,0.5388479232788086,0.09164085984230042,0.5704015762274668,0.08953607599730652,0.9941800832748413
72,2,4,0.4657304286956787,0.0949525460600853,0.5056733918475335,0.09179626418936868,0.9926252365112305
72,2,5,0.4596678614616394,0.09435225278139114,0.4961269073026928,0.09138188576662994,0.9918806552886963
72,2,6,0.45325350761413574,0.09477648884057999,0.48933574681729747,0.09147756423837504,0.9918601512908936
72,2,7,0.629152774810791,0.09908026456832886,0.6393624612163094,0.0973998141279299,0.9943337440490723
72,2,8,0.47637447714805603,0.10663154721260071,0.5309236095048542,0.10250558118980979,0.9909940361976624
72,2,9,0.5035767555236816,0.13480332493782043,0.5378344385485452,0.13212352517392262,0.9937601089477539
72,2,10,0.4647871255874634,0.1337853968143463,0.4989789299812734,0.13226818001469495,0.9914828538894653
72,2,11,0.7865400314331055,0.19150647521018982,0.8001817434396471,0.19431868835404642,0.9979934096336365
72,2,12,0.5568369030952454,0.21732978522777557,0.5555637182026003,0.2152457516641044,0.9934296011924744
72,2,13,0.704791784286499,0.36428093910217285,0.7560822793667639,0.36948918194119656,0.9657654166221619
72,2,14,0.42213425040245056,0.3524022698402405,0.4038790161601261,0.3511449023756617,0.48738396167755127
72,2,15,0.3443675935268402,0.30871692299842834,0.41149491501889296,0.36474188294172016,0.8466281890869141
72,2,16,0.4540957808494568,0.3320296108722687,0.29820507392228496,0.3578421770362204,0.5240214467048645
72,2,17,0.1892043948173523,0.30545541644096375,0.3126270476949278,0.363194753990146,0.7945458889007568
72,2,18,0.4710409641265869,0.3282695710659027,0.2761626997670104,0.35989623000085114,0.5172076225280762
72,2,19,0.2524236738681793,0.2723313868045807,0.3121011349531593,0.3424280852594356,0.7919977307319641
72,2,20,0.4702860414981842,0.3108281195163727,0.26600664044719247,0.3437217309605411,0.5249079465866089
72,2,21,0.292610228061676,0.2795158922672272,0.3393043491548417,0.3472388339272044,0.7843559384346008
72,2,22,0.48084756731987,0.31440508365631104,0.29328856387177704,0.3449724456323704,0.5408526659011841
72,2,23,0.8010599613189697,0.4934910833835602,0.7929074235539805,0.5056108445513374,0.9838217496871948
72,2,24,0.6048592925071716,0.510434091091156,0.6002231739852341,0.5092993266438551,0.9763827323913574
72,2,25,0.6622404456138611,0.7930293679237366,0.7004987464073331,0.7781674760332725,0.7809603810310364
72,2,26,0.48564454913139343,0.7877960205078125,0.5078215650954482,0.7632348044607283,0.5425499081611633
72,2,27,0.7575002312660217,1.0556352138519287,0.889021320489679,1.0011592311216848,0.5106993317604065
72,2,28,0.6296027898788452,1.0552364587783813,0.6366153474175084,0.9994029054970932,0.3455989956855774
72,2,29,0.7968336343765259,1.0890846252441406,0.944631528009151,1.0237658889846923,0.42639660835266113
72,2,30,0.6938774585723877,1.086910605430603,0.7259458123038434,1.037006880954374,0.33717504143714905
72,2,31,0.6191367506980896,1.1726930141448975,0.7763081026549573,1.115851156761656,0.41395699977874756
72,2,32,0.5667113065719604,1.1734092235565186,0.5744291636848142,1.1091814558018707,0.283969908952713
73,1,0,0.352534681558609,0.123135045170784,0.39571234407508227,0.11729115456567972,0.9952170252799988
73,1,1,0.37676799297332764,0.10020861029624939,0.41538576945180883,0.09498306079750776,0.9941250681877136
73,1,2,0.3938453495502472,0.09722479432821274,0.4290948072846038,0.09313605833579035,0.9945178031921387
73,1,3,0.4103967547416687,0.09481079876422882,0.4425977581589317,0.09137519416484328,0.9946641325950623
73,1,4,0.3337481915950775,0.10360889136791229,0.3847610833717374,0.09735643214694893,0.99314945936203
73,1,5,0.32303595542907715,0.10407302528619766,0.3717005125950702,0.0973378419800747,0.9924342632293701
73,1,6,0.3130299150943756,0.10523442924022675,0.3596230699128942,0.09832338702324843,0.992294192314148
73,1,7,0.472146600484848,0.10135041922330856,0.48224015782474783,0.09782252016988169,0.9948012828826904
73,1,8,0.3434585630893707,0.11239136010408401,0.37126773290084203,0.10874062979606573,0.9913772344589233
73,1,9,0.4040129780769348,0.14093418419361115,0.4367061885339889,0.13652752749563996,0.9943045377731323
73,1,10,0.3616879880428314,0.144891157746315,0.3967515829977699,0.13875371058900324,0.9921051859855652
73,1,11,0.6404241919517517,0.19956083595752716,0.6260650848779342,0.19707272512085205,0.9981849789619446
73,1,12,0.43891578912734985,0.21947650611400604,0.4168702065262536,0.22064198939834906,0.9935783743858337
73,1,13,0.6541652083396912,0.3652989864349365,0.6170059424398681,0.37319325979363666,0.9686744809150696
73,1,14,0.3561038672924042,0.3638094365596771,0.32746714115388514,0.36737822839507117,0.4749501645565033
73,1,15,0.2879430055618286,0.4018027186393738,0.2861535730647319,0.4232121903392194,0.8611857295036316
73,1,16,0.27685508131980896,0.4068279266357422,0.20205606931390485,0.4204852973787528,0.5284143686294556
73,1,17,0.15758681297302246,0.4463525414466858,0.1938334943374864,0.4529136132723644,0.8133652806282043
73,1,18,0.26089245080947876,0.4385213553905487,0.15406031421128294,0.44758477611903336,0.5246450901031494
73,1,19,0.19879788160324097,0.41471555829048157,0.18858346340329105,0.42858970846200034,0.8111310601234436
73,1,20,0.21217748522758484,0.4313691556453705,0.1379518128843089,0.4363653576180512,0.5334053039550781
73,1,21,0.2314942330121994,0.40269383788108826,0.21607802777786034,0.42068459786879275,0.8040793538093567
73,1,22,0.26942381262779236,0.42332959175109863,0.17239121268660493,0.42984182744491,0.5511847138404846
73,1,23,0.6811573505401611,0.5360254645347595,0.6580042851595254,0.5304907273929701,0.9839162230491638
73,1,24,0.5261356234550476,0.5452648401260376,0.5046418535758459,0.536347083943083,0.9746217131614685
73,1,25,0.7397993206977844,0.8263745903968811,0.7332095594887926,0.8067796979960549,0.7701613306999207
73,1,26,0.4295770227909088,0.8220474720001221,0.4979240322760221,0.8025165875547489,0.5238043665885925
73,1,27,0.8989779353141785,1.0922526121139526,0.8830734765907091,1.0537126224714979,0.4873129725456238
73,1,28,0.5344743132591248,1.0943487882614136,0.6219483114986407,1.0711257443180544,0.3262765109539032
73,1,29,0.9483319520950317,1.1243317127227783,0.9067444140635902,1.083106577271162,0.4132465720176697
73,1,30,0.606156587600708,1.129431962966919,0.6661587797994426,1.1036039285186288,0.33308419585227966
73,1,31,0.8275671005249023,1.2247517108917236,0.8564958521674529,1.174177722711776,0.3914870619773865
73,1,32,0.5238852500915527,1.2182281017303467,0.6274328205393352,1.18969219833926,0.26775068044662476
73,2,0,0.401000052690506,0.11397146433591843,0.47346673030784364,0.11239093892553435,0.9947433471679688
73,2,1,0.4353328347206116,0.09190582484006882,0.5165732193668631,0.0915614214669998,0.9936978816986084
73,2,2,0.4534386396408081,0.0901452824473381,0.5346539183288623,0.09034160782561927,0.9940242767333984
73,2,3,0.4716353416442871,0.08891502767801285,0.5532473967307808,0.08942852660984034,0.9944132566452026
73,2,4,0.4000539183616638,0.09260158240795135,0.4873251622960372,0.09193572510671198,0.9928750395774841
73,2,5,0.39325276017189026,0.09196406602859497,0.47825706362041404,0.09148270410961257,0.9920182824134827
73,2,6,0.38572627305984497,0.09202153980731964,0.47133777649166275,0.09157176642279008,0.9921299815177917
73,2,7,0.5487257838249207,0.09725207090377808,0.6236240957545611,0.09737422921466828,0.9945377111434937
73,2,8,0.42552706599235535,0.10120915621519089,0.5126142183146736,0.10228106960176617,0.9910897612571716
73,2,9,0.4451848566532135,0.13229985535144806,0.521745578378712,0.13215406056150777,0.9933425188064575
73,2,10,0.408198744058609,0.13254575431346893,0.4832155912900078,0.13231624815948267,0.9910350441932678
73,2,11,0.7202069163322449,0.1912440061569214,0.7862991694024412,0.19378619422523755,0.9980883598327637
73,2,12,0.508235514163971,0.21099688112735748,0.5473562314393878,0.21450987778019617,0.9930911064147949
73,2,13,0.6389281749725342,0.34928199648857117,0.7357231411355981,0.36598776411714007,0.9675275683403015
73,2,14,0.4153699278831482,0.3526611030101776,0.40586960048953946,0.3514074759239005,0.44192153215408325
73,2,15,0.2755677103996277,0.28160950541496277,0.3878598861129685,0.35030975390049557,0.8576447367668152
73,2,16,0.504452109336853,0.32819417119026184,0.3341431539095275,0.35270342809685573,0.49537980556488037
73,2,17,0.15542961657047272,0.26878342032432556,0.2852759579716372,0.34679896395833576,0.803778886795044
73,2,18,0.5302857756614685,0.32656970620155334,0.3205065810187928,0.3541192568144912,0.49300259351730347
73,2,19,0.1693023294210434,0.24377645552158356,0.28726611175370725,0.32529372378836763,0.8005844950675964
73,2,20,0.5201932787895203,0.30966073274612427,0.31036173006672807,0.33781730882367006,0.5005186796188354
73,2,21,0.20866231620311737,0.24952885508537292,0.31659190100507406,0.33026853779007637,0.7919477224349976
73,2,22,0.5315566062927246,0.31099921464920044,0.33484609521563957,0.3390832562831483,0.5163292288780212
73,2,23,0.754449725151062,0.5020416975021362,0.786240001221627,0.5049927063775067,0.984010636806488
73,2,24,0.5787718892097473,0.5033081769943237,0.5965060640221898,0.5082616480178062,0.9748748540878296
73,2,25,0.6548015475273132,0.7997757196426392,0.6925745287358746,0.7819118217714646,0.7859134078025818
73,2,26,0.39192864298820496,0.7887848019599915,0.4876825381142655,0.7676627146000649,0.5395647287368774
73,2,27,0.7193593978881836,1.055118203163147,0.8594916712858403,1.0105185130832108,0.5140438079833984
73,2,28,0.5477089285850525,1.05793297290802,0.6211784750023949,1.0095564585251633,0.34126436710357666
73,2,29,0.7686424851417542,1.0887233018875122,0.9139948242483066,1.0350365957968664,0.4164744019508362
73,2,30,0.6181514263153076,1.091435432434082,0.7072187714586634,1.0464477612490752,0.33331531286239624
73,2,31,0.5175973176956177,1.1764696836471558,0.7311601593134058,1.1263676836682106,0.41441673040390015
73,2,32,0.48064514994621277,1.1770050525665283,0.5581430727724909,1.120950518399367,0.2832597494125366
74,1,0,0.32335951924324036,0.11507696658372879,0.3831557290972465,0.11690769651709532,0.9951753616333008
74,1,1,0.34702494740486145,0.09222167730331421,0.40352336890604895,0.09450483033690432,0.9942030906677246
74,1,2,0.363578736782074,0.09028216451406479,0.4177270153297765,0.09264180509119742,0.994517982006073
74,1,3,0.3797129988670349,0.08862914144992828,0.4316873899362264,0.09089961898698333,0.9948743581771851
74,1,4,0.30773958563804626,0.09454307705163956,0.3713923572118216,0.09686920020949559,0.9933967590332031
74,1,5,0.29798051714897156,0.09477302432060242,0.35890609784651767,0.0968936563974371,0.9925851225852966
74,1,6,0.2882300913333893,0.09549789875745773,0.3472333820987396,0.09783405360711442,0.9926090240478516
74,1,7,0.4358154833316803,0.09535497426986694,0.4741895570639486,0.09739518177993842,0.9949838519096375
74,1,8,0.3226289749145508,0.10438650101423264,0.3628326205463861,0.10798652347847723,0.9915627837181091
74,1,9,0.3706511855125427,0.1342613250017166,0.42524470208894743,0.13613506085399701,0.9939315319061279
74,1,10,0.32910746335983276,0.13591066002845764,0.38501380516807737,0.13826133540158025,0.9917430877685547
74,1,11,0.5763983726501465,0.19468386471271515,0.6174514414195431,0.19665901475175873,0.9982709288597107
74,1,12,0.39298364520072937,0.20446152985095978,0.4127307978731078,0.21783864490073118,0.9933151006698608
74,1,13,0.5887519121170044,0.35374921560287476,0.6121090222915663,0.3698241524021969,0.9703801870346069
74,1,14,0.33091044425964355,0.37059512734413147,0.32806348312671924,0.36793535502260316,0.4528106153011322
74,1,15,0.23832403123378754,0.37972620129585266,0.277858989284951,0.4156718387948634,0.8713241815567017
74,1,16,0.25918909907341003,0.4214675724506378,0.21196688159625102,0.4206554036522307,0.5176795721054077
74,1,17,0.13966239988803864,0.4260059595108032,0.18443736987369025,0.44825022195663305,0.8221166729927063
74,1,18,0.20902900397777557,0.4542221128940582,0.16359506744390692,0.44873439754062566,0.5169813632965088
74,1,19,0.14148534834384918,0.4059775769710541,0.18041590399187402,0.4246712831814405,0.8192430734634399
74,1,20,0.20224648714065552,0.444379597902298,0.14910733592699227,0.4377535233930944,0.5251739025115967
74,1,21,0.17300310730934143,0.39286527037620544,0.20860905686409398,0.41586307158993707,0.8113526105880737
74,1,22,0.24628786742687225,0.4351068437099457,0.1852164478659322,0.4307537182265011,0.5426850914955139
74,1,23,0.6091944575309753,0.5166194438934326,0.6495394581450147,0.5280876252492458,0.9849434494972229
74,1,24,0.4704556465148926,0.520948588848114,0.4987157215224343,0.5336792809880363,0.9756270051002502
74,1,25,0.7567608952522278,0.820838987827301,0.7372908482933942,0.809215384392413,0.7796504497528076
74,1,26,0.39411234855651855,0.8196976184844971,0.479890790241734,0.8054933757851799,0.5326406359672546
74,1,27,0.7674769163131714,1.0982794761657715,0.8629860818794668,1.0614406258834121,0.48512011766433716
74,1,28,0.5037009716033936,1.1141911745071411,0.6013985503057814,1.078593063654972,0.3215964734554291
74,1,29,0.7945893406867981,1.130309820175171,0.8872570708192421,1.0912923822842162,0.39671599864959717
74,1,30,0.549169659614563,1.152563214302063,0.6458284611165179,1.1120947080307608,0.32249799370765686
74,1,31,0.6974081993103027,1.2404881715774536,0.8288149707160403,1.1856836121558765,0.38804933428764343
74,1,32,0.48192858695983887,1.24154531955719,0.6021255943059463,1.1986856220794846,0.26492074131965637
74,2,0,0.2714076042175293,0.11149457842111588,0.4382636664881946,0.1122357113554449,0.9940776824951172
74,2,1,0.3141653835773468,0.09013176709413528,0.4813090133674731,0.09131383655825291,0.9933894276618958
74,2,2,0.3311806917190552,0.088727205991745,0.49920296562637173,0.09006202713865044,0.993686854839325
74,2,3,0.34880155324935913,0.08772192895412445,0.5176259504852853,0.08913297871259991,0.9943413734436035
74,2,4,0.2887231111526489,0.09182129800319672,0.4527279501825215,0.09191590961528102,0.9922236204147339
74,2,5,0.2877149283885956,0.09211354702711105,0.4450718967650938,0.09159194970669059,0.9910787343978882
74,2,6,0.28687962889671326,0.09258066117763519,0.43921803712492413,0.09174648275791966,0.9914892911911011
74,2,7,0.42876848578453064,0.09484630823135376,0.5896833141950787,0.09693643405684475,0.9945394396781921
74,2,8,0.34458810091018677,0.10094329714775085,0.4833701217462066,0.10204939727245933,0.9897505640983582
74,2,9,0.31816932559013367,0.12991297245025635,0.4862765764572643,0.13176594358994603,0.9927822947502136
74,2,10,0.28447389602661133,0.13097341358661652,0.4485939279037456,0.13208369915136844,0.9897267818450928
74,2,11,0.6028968095779419,0.1823926568031311,0.7543642987323591,0.19181249134017098,0.9982107281684875
74,2,12,0.4419454038143158,0.19748541712760925,0.5290443971696703,0.21156023096104531,0.9918949007987976
74,2,13,0.5501433610916138,0.34203946590423584,0.7034068863321187,0.3618376348603155,0.9706155061721802
74,2,14,0.360003262758255,0.35612279176712036,0.39791596752144465,0.3522241463909669,0.41279515624046326
74,2,15,0.19962893426418304,0.3012120723724365,0.3550790967175431,0.341794882230048,0.8638280630111694
74,2,16,0.3134183883666992,0.3229675889015198,0.33055209633586347,0.34754944221677087,0.4732891619205475
74,2,17,0.0989052951335907,0.2888142168521881,0.25282070036472815,0.3367401245183246,0.8090418577194214
74,2,18,0.2810434401035309,0.31572777032852173,0.3136648739576326,0.3474632890818305,0.47469109296798706
74,2,19,0.10014549642801285,0.2672422230243683,0.25467969460521045,0.31522327709995046,0.8052197694778442
74,2,20,0.26289668679237366,0.30017295479774475,0.3021307653310598,0.33129101703735686,0.4821659028530121
74,2,21,0.13848091661930084,0.2705414295196533,0.28558290073206793,0.3199069138110289,0.7962551712989807
74,2,22,0.29727044701576233,0.30160632729530334,0.3283319733707944,0.3325860258427328,0.4988299608230591
74,2,23,0.6712743043899536,0.4924163818359375,0.7662625927216603,0.5028140314758502,0.9848594665527344
74,2,24,0.5222768187522888,0.4940342605113983,0.5836231120831414,0.5057968271042056,0.9754260778427124
74,2,25,0.6295391321182251,0.7928431034088135,0.6816380378573141,0.7838054218687311,0.7974135875701904
74,2,26,0.38187482953071594,0.7840540409088135,0.46930153749311343,0.770502611563167,0.5424060225486755
74,2,27,0.7261830568313599,1.0471839904785156,0.8363143212827057,1.0168749085969637,0.519577145576477
74,2,28,0.5213738083839417,1.049839735031128,0.6038436067329872,1.0165408095237787,0.3389476239681244
74,2,29,0.7860071659088135,1.072386384010315,0.8917461002980237,1.0415117628769825,0.4099167585372925
74,2,30,0.5947009921073914,1.0775282382965088,0.6876682945454572,1.0518350348003338,0.3329508304595947
74,2,31,0.5051223039627075,1.1812920570373535,0.6917517699947074,1.1358947197765554,0.42033013701438904
74,2,32,0.4446256756782532,1.1669083833694458,0.5384184315162482,1.1289201086261453,0.2860504984855652
