frame_id,person_id,landmark_id,raw_x,raw_y,filtered_x,filtered_y,visibility
1,1,0,0.7991724014282227,0.1380230188369751,0.7991724014282227,0.1380230188369751,0.9967628717422485
1,1,1,0.7727684378623962,0.11101145297288895,0.7727684378623962,0.11101145297288895,0.9943892359733582
1,1,2,0.7671993970870972,0.1100652888417244,0.7671993970870972,0.1100652888417244,0.993362545967102
1,1,3,0.759544849395752,0.10879462957382202,0.759544849395752,0.10879462957382202,0.9944862723350525
1,1,4,0.7665302157402039,0.11092960834503174,0.7665302157402039,0.11092960834503174,0.995433509349823
1,1,5,0.75762939453125,0.11022704839706421,0.75762939453125,0.11022704839706421,0.9948592185974121
1,1,6,0.7464460730552673,0.10918612033128738,0.7464460730552673,0.10918612033128738,0.9957430958747864
1,1,7,0.6685369610786438,0.11707472801208496,0.6685369610786438,0.11707472801208496,0.995796799659729
1,1,8,0.6576136946678162,0.11817711591720581,0.6576136946678162,0.11817711591720581,0.9971990585327148
1,1,9,0.7797311544418335,0.16289281845092773,0.7797311544418335,0.16289281845092773,0.9984983205795288
1,1,10,0.7701935768127441,0.16077667474746704,0.7701935768127441,0.16077667474746704,0.9993687272071838
1,1,11,0.626334011554718,0.28913283348083496,0.626334011554718,0.28913283348083496,0.9951091408729553
1,1,12,0.41105756163597107,0.27758491039276123,0.41105756163597107,0.27758491039276123,0.9987622499465942
1,1,13,0.6922787427902222,0.5083929300308228,0.6922787427902222,0.5083929300308228,0.15165571868419647
1,1,14,0.226211279630661,0.5138688683509827,0.226211279630661,0.5138688683509827,0.9515945911407471
1,1,15,0.7823765277862549,0.6823453903198242,0.7823765277862549,0.6823453903198242,0.3029581308364868
1,1,16,0.20159606635570526,0.6975833773612976,0.20159606635570526,0.6975833773612976,0.8831697106361389
1,1,17,0.823662281036377,0.7256604433059692,0.823662281036377,0.7256604433059692,0.25316575169563293
1,1,18,0.1707088053226471,0.7449532747268677,0.1707088053226471,0.7449532747268677,0.8336763978004456
1,1,19,0.8076930046081543,0.7238840460777283,0.8076930046081543,0.7238840460777283,0.25547030568122864
1,1,20,0.213541179895401,0.7386326193809509,0.213541179895401,0.7386326193809509,0.8335750102996826
1,1,21,0.7740969657897949,0.7116789221763611,0.7740969657897949,0.7116789221763611,0.281347393989563
1,1,22,0.23387546837329865,0.7258617281913757,0.23387546837329865,0.7258617281913757,0.8067150115966797
1,1,23,0.617952823638916,0.6609181761741638,0.617952823638916,0.6609181761741638,0.9686374068260193
1,1,24,0.40267184376716614,0.6710213422775269,0.40267184376716614,0.6710213422775269,0.9723419547080994
1,1,25,0.7248777747154236,0.9049693942070007,0.7248777747154236,0.9049693942070007,0.29978466033935547
1,1,26,0.50840163230896,0.9367290735244751,0.50840163230896,0.9367290735244751,0.6151890754699707
1,1,27,0.691907525062561,1.090214490890503,0.691907525062561,1.090214490890503,0.09868418425321579
1,1,28,0.4740642011165619,1.1345198154449463,0.4740642011165619,1.1345198154449463,0.3725507855415344
1,1,29,0.6517775058746338,1.1137925386428833,0.6517775058746338,1.1137925386428833,0.09037161618471146
1,1,30,0.4212713837623596,1.1616945266723633,0.4212713837623596,1.1616945266723633,0.3099260926246643
1,1,31,0.8158987164497375,1.1718624830245972,0.8158987164497375,1.1718624830245972,0.2341056913137436
1,1,32,0.6429193019866943,1.212774395942688,0.6429193019866943,1.212774395942688,0.34321513772010803
1,2,0,0.6718987822532654,0.1255766600370407,0.6718987822532654,0.1255766600370407,0.9970576167106628
1,2,1,0.7046533226966858,0.0997227281332016,0.7046533226966858,0.0997227281332016,0.9949192404747009
1,2,2,0.7132497429847717,0.09945917129516602,0.7132497429847717,0.09945917129516602,0.9939955472946167
1,2,3,0.7129874229431152,0.09932544082403183,0.7129874229431152,0.09932544082403183,0.9950075149536133
1,2,4,0.6831334233283997,0.10013993084430695,0.6831334233283997,0.10013993084430695,0.995859682559967
1,2,5,0.6793749928474426,0.10019687563180923,0.6793749928474426,0.10019687563180923,0.9953358769416809
1,2,6,0.6757804751396179,0.10001763701438904,0.6757804751396179,0.10001763701438904,0.9961320757865906
1,2,7,0.7604377269744873,0.11325600743293762,0.7604377269744873,0.11325600743293762,0.9961980581283569
1,2,8,0.7055041790008545,0.11251917481422424,0.7055041790008545,0.11251917481422424,0.9974561929702759
1,2,9,0.6981285810470581,0.15450641512870789,0.6981285810470581,0.15450641512870789,0.9986274838447571
1,2,10,0.6750546097755432,0.1555059254169464,0.6750546097755432,0.1555059254169464,0.9993969202041626
1,2,11,0.8350529670715332,0.27102819085121155,0.8350529670715332,0.27102819085121155,0.9955487251281738
1,2,12,0.6991310715675354,0.27234283089637756,0.6991310715675354,0.27234283089637756,0.9987475872039795
1,2,13,0.6525699496269226,0.447540283203125,0.6525699496269226,0.447540283203125,0.23591497540473938
1,2,14,0.48897042870521545,0.4324711859226227,0.48897042870521545,0.4324711859226227,0.8744896054267883
1,2,15,0.3047234117984772,0.3642716109752655,0.3047234117984772,0.3642716109752655,0.37144747376441956
1,2,16,0.2741747796535492,0.3679482638835907,0.2741747796535492,0.3679482638835907,0.8265044689178467
1,2,17,0.20053309202194214,0.3512769639492035,0.20053309202194214,0.3512769639492035,0.3253582715988159
1,2,18,0.183375746011734,0.3580445349216461,0.183375746011734,0.3580445349216461,0.7810908555984497
1,2,19,0.19503624737262726,0.31861111521720886,0.19503624737262726,0.31861111521720886,0.32737603783607483
1,2,20,0.18713045120239258,0.3286046087741852,0.18713045120239258,0.3286046087741852,0.7805390357971191
1,2,21,0.2280617356300354,0.3195054829120636,0.2280617356300354,0.3195054829120636,0.34978142380714417
1,2,22,0.2191445380449295,0.3319077789783478,0.2191445380449295,0.3319077789783478,0.7577303051948547
1,2,23,0.6830471158027649,0.7030527591705322,0.6830471158027649,0.7030527591705322,0.9701021909713745
1,2,24,0.722331702709198,0.7029017210006714,0.722331702709198,0.7029017210006714,0.9729583859443665
1,2,25,0.4980195462703705,0.9473080039024353,0.4980195462703705,0.9473080039024353,0.3441464900970459
1,2,26,0.7350308299064636,0.9545750617980957,0.7350308299064636,0.9545750617980957,0.5694289803504944
1,2,27,0.4783077836036682,1.1905229091644287,0.4783077836036682,1.1905229091644287,0.11540475487709045
1,2,28,0.8286995887756348,1.1879369020462036,0.8286995887756348,1.1879369020462036,0.3421137034893036
1,2,29,0.520706832408905,1.228988528251648,0.520706832408905,1.228988528251648,0.13332660496234894
1,2,30,0.8785074353218079,1.2214106321334839,0.8785074353218079,1.2214106321334839,0.30368319153785706
1,2,31,0.3228304088115692,1.2408137321472168,0.3228304088115692,1.2408137321472168,0.22371459007263184
1,2,32,0.6947885751724243,1.2348235845565796,0.6947885751724243,1.2348235845565796,0.31434181332588196
2,1,0,0.7430944442749023,0.12773261964321136,0.7894449725031788,0.13624047166304373,0.9970383048057556
2,1,1,0.7531737685203552,0.099884532392025,0.7693732159027385,0.10908395150977848,0.9950414299964905
2,1,2,0.7621583938598633,0.09929745644330978,0.7663263106174655,0.10820001187118548,0.9941459894180298
2,1,3,0.7608999609947205,0.09915285557508469,0.7597795246080128,0.10712447260349764,0.9951295852661133
2,1,4,0.733765721321106,0.1004192978143692,0.7608507760868277,0.10910895515074312,0.9959962964057922
2,1,5,0.7289793491363525,0.10012256354093552,0.7526637723243533,0.10847671588408321,0.9954962134361267
2,1,6,0.7247955203056335,0.09999698400497437,0.7426943908467667,0.1075943913303631,0.9962395429611206
2,1,7,0.7584278583526611,0.11332565546035767,0.6841454828004142,0.11642542523575729,0.9961897134780884
2,1,8,0.7353858351707458,0.11259301006793976,0.6711130310973745,0.11720994993035831,0.9975423216819763
2,1,9,0.750461757183075,0.15478289127349854,0.774658091891431,0.1614880740772059,0.9985938668251038
2,1,10,0.7304810881614685,0.15521393716335297,0.7633083268327954,0.1598132103586447,0.9993794560432434
2,1,11,0.7037965655326843,0.2749163508415222,0.6397794866073915,0.2866699026771184,0.9955511093139648
2,1,12,0.6088024377822876,0.26142948865890503,0.4455045387503092,0.27478590552095783,0.9987723231315613
2,1,13,0.6851515769958496,0.4937745928764343,0.6910442618779392,0.5058603494646761,0.22960983216762543
2,1,14,0.42351168394088745,0.46117427945137024,0.2605803746688741,0.5047292550086364,0.8829032778739929
2,1,15,0.7106437087059021,0.620526134967804,0.7699277230800726,0.6716202141161796,0.36660313606262207
2,1,16,0.2810781002044678,0.6556566953659058,0.2153929052948678,0.6903137530543589,0.8329436182975769
2,1,17,0.6838340759277344,0.6636022925376892,0.7993464136524481,0.7148937434079239,0.319730281829834
2,1,18,0.23370079696178436,0.7133654952049255,0.18163782680986992,0.7394780018122465,0.7871598601341248
2,1,19,0.733994722366333,0.6764177680015564,0.7949023518997305,0.715652548530939,0.32297244668006897
2,1,20,0.2729509174823761,0.708115816116333,0.22384757807428743,0.7333431544218214,0.7869791984558105
2,1,21,0.7071736454963684,0.637538731098175,0.762484495521585,0.6988114038577226,0.345535546541214
2,1,22,0.2921805679798126,0.6903781890869141,0.2439898989019258,0.719710463672563,0.7639115452766418
2,1,23,0.7115845084190369,0.6969509124755859,0.6342127118036587,0.6671647500089676,0.9708064794540405
2,1,24,0.634397029876709,0.7024610042572021,0.44307904930348324,0.6764709169758445,0.9737498164176941
2,1,25,0.6532469987869263,0.9700218439102173,0.7124467170177339,0.9162565996221025,0.35369935631752014
2,1,26,0.6453505754470825,0.9823770523071289,0.5322147517468147,0.944644813673969,0.5740399956703186
2,1,27,0.6411375403404236,1.1998306512832642,0.6831022331568884,1.1092593223580218,0.11681368201971054
2,1,28,0.5857544541358948,1.2176789045333862,0.49347059224641104,1.148956524266084,0.33655452728271484
2,1,29,0.627571165561676,1.233113408088684,0.6475826259691148,1.1345294977041136,0.13424094021320343
2,1,30,0.5451010465621948,1.2515478134155273,0.442794835731829,1.1772965001808413,0.2968663275241852
2,1,31,0.7062066793441772,1.278904676437378,0.7968406588011485,1.1904586779752282,0.21919187903404236
2,1,32,0.6526557207107544,1.2954552173614502,0.6446058582011188,1.2271278701362152,0.3057810068130493
2,2,0,0.6612710356712341,0.11970090866088867,0.6700577796491547,0.12455897218261269,0.9973241686820984
2,2,1,0.6980794072151184,0.09426233172416687,0.7035146880060114,0.09877699211307729,0.9955244660377502
2,2,2,0.7118644118309021,0.09421345591545105,0.7130098341992357,0.09855062371042468,0.9947174787521362
2,2,3,0.7156534194946289,0.09451659023761749,0.7134491324922841,0.0984925683002943,0.9956023693084717
2,2,4,0.6743622422218323,0.095274917781353,0.681614111016896,0.09929732979524204,0.9963856935501099
2,2,5,0.6721001863479614,0.09579156339168549,0.6781149338171294,0.0994339034938865,0.9959322214126587
2,2,6,0.6708497405052185,0.096232570707798,0.6749264896866936,0.0993620997616496,0.9966009259223938
2,2,7,0.7723286747932434,0.11323285102844238,0.762497627145192,0.11325199741891694,0.9965615272521973
2,2,8,0.7157130837440491,0.11189493536949158,0.7072726050243465,0.11241107279139619,0.9977784156799316
2,2,9,0.6932634711265564,0.14825113117694855,0.697285963220195,0.15342297937296856,0.9987239837646484
2,2,10,0.6640329360961914,0.14950376749038696,0.6731453461306164,0.1544663398317035,0.9994263648986816
2,2,11,0.8398959040641785,0.26399412751197815,0.8358917440757483,0.2698098394227063,0.995941162109375
2,2,12,0.7013890147209167,0.2656325399875641,0.6995221077544014,0.2711805705423003,0.9988215565681458
2,2,13,0.6412928104400635,0.4402843415737152,0.6506164171775252,0.44628349244317317,0.3061043620109558
2,2,14,0.5118186473846436,0.42802950739860535,0.49292978902929446,0.4317019145339749,0.819912314414978
2,2,15,0.3236112594604492,0.35738447308540344,0.30799609133424694,0.3630787133820487,0.428679496049881
2,2,16,0.27953970432281494,0.35959190130233765,0.27510397738262155,0.3665008229861161,0.8030363321304321
2,2,17,0.21044132113456726,0.3474540412425995,0.20224941833763774,0.35061486957682664,0.3850092887878418
2,2,18,0.21296904981136322,0.35030505061149597,0.18850499893922346,0.35670397097513334,0.7579238414764404
2,2,19,0.22234874963760376,0.31989586353302,0.1997698566234173,0.3188336046019193,0.3878903388977051
2,2,20,0.2161644548177719,0.32559117674827576,0.19216267902427614,0.32808272329964283,0.75699782371521
2,2,21,0.2586141526699066,0.319607675075531,0.233357379173627,0.319523179656921,0.4074757993221283
2,2,22,0.27215126156806946,0.3317800462245941,0.22833837567226653,0.3318856593205154,0.7367177605628967
2,2,23,0.7125076055526733,0.7197853326797485,0.6881533283980119,0.7059518086503793,0.9717880487442017
2,2,24,0.7244547009468079,0.7009442448616028,0.7226993673096846,0.7025627234978471,0.9748777151107788
2,2,25,0.44586414098739624,0.9497436881065369,0.4889735979642015,0.9477298239787576,0.4092170298099518
2,2,26,0.7531769871711731,0.9615286588668823,0.7381749273839733,0.9557794729644228,0.5490299463272095
2,2,27,0.4340890049934387,1.195326805114746,0.47064020756173325,1.1913549234422842,0.14283263683319092
2,2,28,0.838205873966217,1.2707359790802002,0.8303462695441224,1.2023109564647079,0.3198260962963104
2,2,29,0.4835946559906006,1.222253680229187,0.5142729201761068,1.2278220136054383,0.18282027542591095
2,2,30,0.8886717557907104,1.2908042669296265,0.8802681359252827,1.2334526408341844,0.3105727732181549
2,2,31,0.30754271149635315,1.2530053853988647,0.32018181044705357,1.242925743397405,0.2155160754919052
2,2,32,0.7085080146789551,1.295560598373413,0.6971653603682538,1.2453606579870387,0.28652074933052063
3,1,0,0.7387396097183228,0.12294188141822815,0.7806509010344017,0.1339366243967686,0.9955406785011292
3,1,1,0.7462105751037598,0.09660813957452774,0.7653593313211376,0.10692269576022992,0.9936423897743225
3,1,2,0.7600739598274231,0.09629853069782257,0.7652433829861599,0.1061382862896888,0.9930375814437866
3,1,3,0.7600886225700378,0.09635153412818909,0.7598330518220031,0.10525831081015241,0.9942026734352112
3,1,4,0.7286195158958435,0.09747197479009628,0.7552638564580482,0.10709306578248041,0.9948773384094238
3,1,5,0.724614143371582,0.09765753895044327,0.7478023012560462,0.10660254174281744,0.9944218993186951
3,1,6,0.7211427688598633,0.09800011664628983,0.7389598625259723,0.10593246458573687,0.9951789975166321
3,1,7,0.7266114950180054,0.11242599040269852,0.691508749506171,0.11573275694071469,0.9954195022583008
3,1,8,0.7165433168411255,0.11190342903137207,0.6789909774343637,0.11629086926481061,0.997053325176239
3,1,9,0.742271900177002,0.1512388437986374,0.7690442907325855,0.15971266053821534,0.9978452324867249
3,1,10,0.7191094160079956,0.1528177708387375,0.7556441985642599,0.15860155026017853,0.9989758133888245
3,1,11,0.6397397518157959,0.26623061299324036,0.6397726057031798,0.28312824106099777,0.9953690767288208
3,1,12,0.5915889143943787,0.25335708260536194,0.47091324730016054,0.2710726700024373,0.9987980127334595
3,1,13,0.5663866400718689,0.4848700165748596,0.669376361470789,0.502223144441421,0.28060147166252136
3,1,14,0.5414451360702515,0.5168646574020386,0.30962824822931795,0.5068315172195981,0.8313327431678772
3,1,15,0.48382627964019775,0.6316445469856262,0.7199578465172702,0.6646892760309735,0.393929660320282
3,1,16,0.3013207018375397,0.6896795630455017,0.2303115235753312,0.690203927789763,0.8008442521095276
3,1,17,0.45770999789237976,0.6862514615058899,0.739578381862946,0.7099294649375845,0.35499680042266846
3,1,18,0.2679217755794525,0.7433139681816101,0.19661843390402237,0.7401423553814985,0.7522311806678772
3,1,19,0.45972737669944763,0.6733199954032898,0.7362760818193325,0.7083124586454851,0.3577815890312195
3,1,20,0.299454927444458,0.7361903786659241,0.23697031565303806,0.7338362524314322,0.7513317465782166
3,1,21,0.45707830786705017,0.6557194590568542,0.7091123133456334,0.6913394680954982,0.375834584236145
3,1,22,0.3189738392829895,0.7186265587806702,0.25700419149242926,0.7195227569281671,0.7299944162368774
3,1,23,0.6621841788291931,0.69967120885849,0.6390606307394455,0.6727994189309013,0.9702064990997314
3,1,24,0.569543182849884,0.7030400037765503,0.4650623273885946,0.6810755806284658,0.9739359021186829
3,1,25,0.5593534111976624,0.9582851529121399,0.6858134969990619,0.9235439143875751,0.3914150893688202
3,1,26,0.5998003482818604,0.9763582348823547,0.5439424067283407,0.9501418872402233,0.5451545119285583
3,1,27,0.5856443643569946,1.1949388980865479,0.6661759515507706,1.1241347476113146,0.13688990473747253
3,1,28,0.5675123929977417,1.228583812713623,0.506321021380149,1.1627786522050165,0.30675575137138367
3,1,29,0.5560961961746216,1.2334721088409424,0.6316962977117679,1.1517144414885787,0.1773349642753601
3,1,30,0.4917225241661072,1.2642511129379272,0.4512801602507609,1.1923938608488656,0.3040383458137512
3,1,31,0.7560654282569885,1.2633285522460938,0.7897709145352109,1.2031052654984038,0.20766060054302216
3,1,32,0.7308686375617981,1.295440435409546,0.6595827713221024,1.238981907237784,0.27403074502944946
3,2,0,0.6430431604385376,0.1238166093826294,0.6653758391817893,0.12443041381212397,0.9959734678268433
3,2,1,0.6851937770843506,0.09757741540670395,0.7003402951135781,0.09856925305803663,0.9942623376846313
3,2,2,0.7051829099655151,0.09725433588027954,0.7116541211310312,0.09832613586366509,0.9937172532081604
3,2,3,0.7165190577507019,0.09706193208694458,0.7139808027305572,0.09824481333982982,0.9947651624679565
3,2,4,0.6564514636993408,0.09803467988967896,0.6772533809137112,0.09907866750043907,0.9953761696815491
3,2,5,0.653570294380188,0.09811843186616898,0.6738613845181473,0.09920609331448915,0.994961678981781
3,2,6,0.6517277359962463,0.09816623479127884,0.6709063429196152,0.09915500351740428,0.995642364025116
3,2,7,0.7562484741210938,0.11421635746955872,0.7614152535097216,0.11341900118518199,0.9958665370941162
3,2,8,0.6889893412590027,0.1125398650765419,0.7041047387643422,0.11243337593045599,0.9973350167274475
3,2,9,0.676912784576416,0.15258802473545074,0.6937557642458196,0.15327838604670527,0.9980434775352478
3,2,10,0.6433933973312378,0.15292878448963165,0.6679885714275483,0.15420006795574132,0.9990540742874146
3,2,11,0.7963916659355164,0.25935429334640503,0.8290433649792706,0.267998675792314,0.9957528114318848
3,2,12,0.6960954070091248,0.2611841559410095,0.6989286423809081,0.26944896393095913,0.9988158941268921
3,2,13,0.5801914930343628,0.43727535009384155,0.6383950688025717,0.44472312343477166,0.35188519954681396
3,2,14,0.5438232421875,0.43228593468666077,0.5017565281001934,0.4318030514997146,0.7661171555519104
3,2,15,0.33060410618782043,0.3593588173389435,0.3119137987662233,0.3624344642525817,0.452828586101532
3,2,16,0.3084932267665863,0.3616088926792145,0.28089182146456965,0.36565355928184756,0.7661242485046387
3,2,17,0.22122038900852203,0.34709349274635315,0.20553650877820065,0.35000500565055503,0.41608816385269165
3,2,18,0.2396720051765442,0.352347731590271,0.19737925519056715,0.35594949905045425,0.7205982804298401
3,2,19,0.23443327844142914,0.3178073465824127,0.20577880209178423,0.3186558812783228,0.418540894985199
3,2,20,0.27897924184799194,0.32843106985092163,0.20723599165753215,0.3281430473543331,0.7190180420875549
3,2,21,0.269305944442749,0.3195195198059082,0.23958934642252053,0.3195225458778179,0.4340435862541199
3,2,22,0.2894556522369385,0.33129817247390747,0.23894154526123024,0.3317839220034354,0.7001407146453857
3,2,23,0.6737862825393677,0.7239675521850586,0.6856643023854339,0.7090732978732674,0.9704717397689819
3,2,24,0.7139862775802612,0.7051234841346741,0.7211901200130194,0.7030062064037035,0.9743531942367554
3,2,25,0.41372695565223694,0.9250161051750183,0.47591360909957947,0.943793787000346,0.4438910484313965
3,2,26,0.7282096147537231,0.956215500831604,0.736448710056914,0.9558549812144433,0.5280130505561829
3,2,27,0.4270685315132141,1.1674909591674805,0.4630849841097696,1.187219418733862,0.1612023264169693
3,2,28,0.7974409461021423,1.2399539947509766,0.8246423943679638,1.208837011982658,0.2957383990287781
3,2,29,0.4771561920642853,1.202480673789978,0.507838216579571,1.223430292235186,0.2229822725057602
3,2,30,0.8464991450309753,1.2950820922851562,0.8744143991035849,1.2441448346628754,0.3248782157897949
3,2,31,0.3005966246128082,1.2181845903396606,0.31678823256355704,1.2386381134088125,0.20591016113758087
3,2,32,0.6856189966201782,1.2737624645233154,0.6951651741753074,1.2502832216071322,0.25957709550857544
4,1,0,0.7659701108932495,0.12421335279941559,0.7781074938555759,0.13225234614206507,0.9952338337898254
4,1,1,0.755845308303833,0.09784963726997375,0.763711309601124,0.10535107901518485,0.9937232136726379
4,1,2,0.7613367438316345,0.09743081778287888,0.7645667880006378,0.10463001287690858,0.9932587742805481
4,1,3,0.763507068157196,0.09711159765720367,0.7604693541585181,0.1038471930263676,0.994381844997406
4,1,4,0.7437372207641602,0.09786735475063324,0.7532670882955093,0.10549499955009865,0.9948984384536743
4,1,5,0.7374833822250366,0.09752707183361053,0.7460148118112578,0.10503050719665401,0.9944781064987183
4,1,6,0.7306093573570251,0.09725555777549744,0.7375134362774385,0.10442948634814062,0.9951719045639038
4,1,7,0.7443861961364746,0.11083253473043442,0.700680141073741,0.11488405690440086,0.9954284429550171
4,1,8,0.7241590023040771,0.10933741182088852,0.6868233854034572,0.1150864822773636,0.9970985054969788
4,1,9,0.754274845123291,0.1529373824596405,0.7664855187835858,0.1585391417168769,0.9975955486297607
4,1,10,0.7386821508407593,0.15308842062950134,0.7527053691180497,0.1576466793660293,0.9987895488739014
4,1,11,0.6378986239433289,0.2659832239151001,0.6394480688997338,0.28015769540493707,0.9953679442405701
4,1,12,0.5756357312202454,0.24958941340446472,0.4891053333214934,0.26734999576225754,0.998816728591919
4,1,13,0.6026328802108765,0.4902738928794861,0.657795130995665,0.5001531403329057,0.3231593668460846
4,1,14,0.491238534450531,0.49641507863998413,0.34124991845896535,0.5050271295197805,0.7800236940383911
4,1,15,0.4818687438964844,0.6358460783958435,0.6784325101195414,0.6596901439856528,0.4153350293636322
4,1,16,0.38111260533332825,0.6410081386566162,0.2565442057524611,0.6816720575392168,0.7601727843284607
4,1,17,0.4725703001022339,0.6873902678489685,0.6929688450121384,0.706023688674243,0.38299891352653503
4,1,18,0.36600416898727417,0.6926558613777161,0.22610036904890018,0.7319073459949874,0.7124391794204712
4,1,19,0.5045381188392639,0.6775920391082764,0.6958659024542924,0.7029876653610985,0.3857869803905487
4,1,20,0.4017658233642578,0.6818317174911499,0.2656493724580286,0.7248165111629665,0.7115269303321838
4,1,21,0.4999639093875885,0.6598987579345703,0.6726659176207694,0.685889706086026,0.4001467823982239
4,1,22,0.4010642170906067,0.6643571257591248,0.2820591662196089,0.7099538427716695,0.6920093297958374
4,1,23,0.6424267888069153,0.6994451284408569,0.6396436104856402,0.6774173734456223,0.9694618582725525
4,1,24,0.5491676330566406,0.6968645453453064,0.4796638541291868,0.6838110655820767,0.9740447402000427
4,1,25,0.4834708273410797,0.9318345785140991,0.6505606050870824,0.9249799737252641,0.4301404654979706
4,1,26,0.5632197260856628,0.9694245457649231,0.54728261922661,0.9534830163385661,0.5228299498558044
4,1,27,0.4627499580383301,1.1869956254959106,0.6307332625851827,1.1350410075770494,0.15538784861564636
4,1,28,0.523302435874939,1.2254376411437988,0.5092632137779588,1.1736498100975492,0.2830059230327606
4,1,29,0.5404567718505859,1.22384774684906,0.6158529402845755,1.1642329406095357,0.2176523059606552
4,1,30,0.4582299590110779,1.2680447101593018,0.4524839162248217,1.2055241875177078,0.3157097399234772
4,1,31,0.6111401319503784,1.2576478719711304,0.7586712753980221,1.212565954586854,0.1958310455083847
4,1,32,0.6804563999176025,1.2949213981628418,0.6631997452747831,1.2486852927813146,0.2472136914730072
4,2,0,0.6506369709968567,0.11832446604967117,0.6628223674194869,0.12337284831830019,0.9957035779953003
4,2,1,0.6895296573638916,0.09205807745456696,0.698467600591688,0.09744148734701574,0.9943425059318542
4,2,2,0.7062163352966309,0.09180442243814468,0.7107123018741233,0.0971965445956325,0.9939243197441101
4,2,3,0.7191324830055237,0.09161967039108276,0.7148730610999855,0.09709730402751385,0.9949343204498291
4,2,4,0.6589511036872864,0.09270086884498596,0.6740822180602719,0.0979740077231188,0.9954017400741577
4,2,5,0.6541712284088135,0.09289219230413437,0.6704496071728339,0.09811250296139659,0.995021641254425
4,2,6,0.6501010060310364,0.09295222163200378,0.6673012138462033,0.09808066298557813,0.9956454038619995
4,2,7,0.7565367221832275,0.10839877277612686,0.7605703108177224,0.11254951339419732,0.9958794116973877
4,2,8,0.6850602030754089,0.1059311181306839,0.7008048943798724,0.11130715513070671,0.9973827004432678
4,2,9,0.6841198801994324,0.1481572687625885,0.6920866277204268,0.15239142192467842,0.9978264570236206
4,2,10,0.6480956077575684,0.14795833826065063,0.6645416317721184,0.15311898027688461,0.9988986849784851
4,2,11,0.7812594175338745,0.2581208348274231,0.8207566969230032,0.2662876149042545,0.9957596063613892
4,2,12,0.7016631960868835,0.2526422441005707,0.6994022259490954,0.26653706147014805,0.9988769292831421
4,2,13,0.5958709716796875,0.43948739767074585,0.6310217212567721,0.44381630628644103,0.39004960656166077
4,2,14,0.5451123118400574,0.4245970547199249,0.5092742688882737,0.4305549134829147,0.7155928015708923
4,2,15,0.32163846492767334,0.35607922077178955,0.3135983188026013,0.36133371186093277,0.47140562534332275
4,2,16,0.34267571568489075,0.3576233685016632,0.29161085331605535,0.3642626296002416,0.7252762317657471
4,2,17,0.2123059332370758,0.3446880280971527,0.20670901356284932,0.3490841136212022,0.44029659032821655
4,2,18,0.3327844738960266,0.3494096100330353,0.22092287260438243,0.35481675905820104,0.6820094585418701
4,2,19,0.22345930337905884,0.3162745535373688,0.2088421756075085,0.31824347551319265,0.442825049161911
4,2,20,0.3064013719558716,0.3227182924747467,0.22445972610193074,0.3272034854224283,0.680300235748291
4,2,21,0.25955814123153687,0.31731393933296204,0.24304943413300686,0.3191400544943549,0.45500656962394714
4,2,22,0.36454465985298157,0.32813188433647156,0.26077442837158343,0.33115142656721686,0.6626595854759216
4,2,23,0.6532177925109863,0.720181405544281,0.6800400367326549,0.7109975394808054,0.9709870219230652
4,2,24,0.7258101105690002,0.7020100355148315,0.7219902782285715,0.7028336936070494,0.9755314588546753
4,2,25,0.39058971405029297,0.9164896607398987,0.4611001033574665,0.9390616302315913,0.481827050447464
4,2,26,0.7360659241676331,0.9520095586776733,0.736382421987881,0.955188989636117,0.5195555686950684
4,2,27,0.40359586477279663,1.1401563882827759,0.452764784553823,1.1790579495606606,0.18099094927310944
4,2,28,0.8397627472877502,1.2222211360931396,0.8272619866776318,1.2111556856240504,0.2817426323890686
4,2,29,0.4723048508167267,1.1687074899673462,0.501678302700703,1.2139383168763203,0.26069375872612
4,2,30,0.8891761898994446,1.2724173069000244,0.8769718431606679,1.249044966334403,0.34444859623908997
4,2,31,0.29052624106407166,1.1938667297363281,0.31223683358385257,1.2308745858052967,0.19604243338108063
4,2,32,0.7170786261558533,1.2638165950775146,0.6989624424687751,1.252627760628068,0.24096724390983582
5,1,0,0.7597310543060303,0.11802556365728378,0.7749234722065457,0.12978763006069494,0.9942800998687744
5,1,1,0.7482537031173706,0.09116262942552567,0.761033260413133,0.10289300674675982,0.993033766746521
5,1,2,0.7541683316230774,0.09085443615913391,0.7627655168286945,0.10224349822230568,0.9927819967269897
5,1,3,0.761599600315094,0.09067808836698532,0.7606650863507888,0.10156578667260528,0.9939906597137451
5,1,4,0.7329683303833008,0.091591477394104,0.7497497916339506,0.10308631005321618,0.9943199157714844
5,1,5,0.7253506779670715,0.09162825345993042,0.7424341650311193,0.10270869398608579,0.9939587116241455
5,1,6,0.7170261144638062,0.09177561849355698,0.7339634463510571,0.10223737320134867,0.9946572780609131
5,1,7,0.7247018814086914,0.10509022325277328,0.7048430137093241,0.11318755225504955,0.9950715899467468
5,1,8,0.7050132751464844,0.10429538786411285,0.6899750682244953,0.11321717436874168,0.9968463778495789
5,1,9,0.7528330683708191,0.1473531275987625,0.7641203430652488,0.15660140006459586,0.9970459342002869
5,1,10,0.7326589822769165,0.14789220690727234,0.7492318280730372,0.15595699491697265,0.9984679222106934
5,1,11,0.6153679490089417,0.2609380781650543,0.6352750810771645,0.27682749686838604,0.9951117038726807
5,1,12,0.5510501265525818,0.25186288356781006,0.49985242273562347,0.26466683220135406,0.9988293647766113
5,1,13,0.5628383159637451,0.4865202009677887,0.6413044244219971,0.49779134650541673,0.35562822222709656
5,1,14,0.47744235396385193,0.530884325504303,0.36493141835802667,0.5095083182101792,0.7352362871170044
5,1,15,0.4374851584434509,0.6263523101806641,0.636404816385166,0.6539112171552078,0.43076062202453613
5,1,16,0.39149928092956543,0.6964830756187439,0.2800093474464608,0.6842380328676031,0.7234504222869873
5,1,17,0.2886887490749359,0.6752670407295227,0.6221085191505042,0.7006926099560733,0.40342870354652405
5,1,18,0.38852164149284363,0.7509632706642151,0.25436436530281664,0.7352091632378356,0.6764628291130066
5,1,19,0.2653973698616028,0.6655767560005188,0.6203573565058156,0.6965019014300999,0.4059719145298004
5,1,20,0.41540849208831787,0.7385961413383484,0.29170007641166057,0.7272037269923737,0.6751531362533569
5,1,21,0.30597713589668274,0.6491130590438843,0.6084664140414321,0.6795140205015956,0.4173717796802521
5,1,22,0.42338472604751587,0.719218373298645,0.3066366267452044,0.7115586341038613,0.657443642616272
5,1,23,0.6329885125160217,0.697733461856842,0.6384909129730204,0.6809376753179213,0.9680681228637695
5,1,24,0.5516700148582458,0.70525062084198,0.4921603092143925,0.6875261627486624,0.9738447666168213
5,1,25,0.5664896368980408,0.9653533101081848,0.635965046859951,0.9319799434916887,0.45814067125320435
5,1,26,0.5770192742347717,0.986887514591217,0.5524367543314976,0.959273508732802,0.5073431730270386
5,1,27,0.5214752554893494,1.1942200660705566,0.6117507098098318,1.1453073457662537,0.16991356015205383
5,1,28,0.5463419556617737,1.2383402585983276,0.5156913366279401,1.1848741074506666,0.2662219703197479
5,1,29,0.5088582038879395,1.2314305305480957,0.5972649710238844,1.1758931396910657,0.24670691788196564
5,1,30,0.4765814244747162,1.2814924716949463,0.4566599304048055,1.2187097418712853,0.33213895559310913
5,1,31,0.6587099432945251,1.261821985244751,0.7413087907258172,1.2211083061193542,0.18571746349334717
5,1,32,0.7395697236061096,1.3054288625717163,0.6764551574568314,1.2585283950632928,0.22749555110931396
5,2,0,0.6072733402252197,0.11723286658525467,0.6531868395964776,0.12230938696188783,0.9948391318321228
5,2,1,0.6446509957313538,0.09141208976507187,0.6891330643635913,0.09639718293418599,0.9937161803245544
5,2,2,0.6633328795433044,0.0911506861448288,0.702495887969742,0.0961493886075478,0.9934874773025513
5,2,3,0.6831743717193604,0.09100238233804703,0.7093785453417976,0.09604164862179457,0.9945746660232544
5,2,4,0.617426335811615,0.09200005978345871,0.6642543689705152,0.09693930903123339,0.9948754906654358
5,2,5,0.6140475273132324,0.09205494821071625,0.6606658585456905,0.09706332078088648,0.9945448040962219
5,2,6,0.6111690402030945,0.09200652688741684,0.6575643631919186,0.09702860835464044,0.9951728582382202
5,2,7,0.7152173519134521,0.10719499737024307,0.7527057992542965,0.11162211871511242,0.995553195476532
5,2,8,0.6720774173736572,0.1050812229514122,0.6958258397156787,0.1102288041427814,0.9971500635147095
5,2,9,0.6425153017044067,0.1460607349872589,0.683489533768111,0.15129492362925298,0.9973250031471252
5,2,10,0.6105263233184814,0.14573965966701508,0.655172573235685,0.15184081447552825,0.9985995888710022
5,2,11,0.7278415560722351,0.24555765092372894,0.804621579632743,0.2626955546996351,0.9955067038536072
5,2,12,0.6811859607696533,0.24416705965995789,0.6962459745623797,0.2626606266372151,0.9988204836845398
5,2,13,0.5911098122596741,0.4486638605594635,0.6241018483794164,0.44465588308423903,0.419405996799469
5,2,14,0.5650550127029419,0.4426977336406708,0.5189500627630965,0.4326584620627962,0.6735486388206482
5,2,15,0.3346215486526489,0.36331719160079956,0.3172412281234425,0.36167721295508126,0.4864201545715332
5,2,16,0.3610292375087738,0.3865794539451599,0.30365717471050246,0.36812984296253143,0.6884186863899231
5,2,17,0.22621777653694153,0.34573808312416077,0.21008934178386673,0.3485046208125391,0.4606667757034302
5,2,18,0.3197844624519348,0.366254985332489,0.2380937208293604,0.3567982060946209,0.6460780501365662
5,2,19,0.23285989463329315,0.31889474391937256,0.21300434565904616,0.3183562583401398,0.4628734588623047
5,2,20,0.315433144569397,0.3471129536628723,0.24025676838294796,0.33065328605557315,0.6450374126434326
5,2,21,0.2686624825000763,0.32374686002731323,0.24748828097069972,0.31993792882498867,0.4725605547428131
5,2,22,0.3541257381439209,0.3520590662956238,0.27698554358020316,0.33477429339006026,0.6294036507606506
5,2,23,0.6352174282073975,0.6995687484741211,0.6722676144260391,0.7090177276296254,0.9673898220062256
5,2,24,0.7135561108589172,0.6934030055999756,0.7205293570093927,0.7012001115112082,0.9728215932846069
5,2,25,0.43430212140083313,0.925643265247345,0.4564557288513453,0.936737024440608,0.5047679543495178
5,2,26,0.7078174948692322,0.9441270232200623,0.731431565235963,0.9532727438417866,0.49243003129959106
5,2,27,0.45040667057037354,1.1719144582748413,0.4523563988925943,1.177820639821304,0.19057589769363403
5,2,28,0.7573210000991821,1.2067099809646606,0.8151247946814298,1.2103857175678965,0.2603045403957367
5,2,29,0.4933122992515564,1.214409351348877,0.5002291906895721,1.2140198873647392,0.2906760573387146
5,2,30,0.8077043294906616,1.2572898864746094,0.8649517647187696,1.2504731006479584,0.35691404342651367
5,2,31,0.32142290472984314,1.2138547897338867,0.31382803120154273,1.2279257462060444,0.1863669902086258
5,2,32,0.6614434123039246,1.2390525341033936,0.6924579175385933,1.2502759706320656,0.21974265575408936
6,1,0,0.7486045360565186,0.12191244214773178,0.7703621940145743,0.1284235550925856,0.9943922758102417
6,1,1,0.7252031564712524,0.0962095782160759,0.7548218514948711,0.10173539996254173,0.9934602975845337
6,1,2,0.7243009209632874,0.09583131968975067,0.7560968729573997,0.10113288249902211,0.9933029413223267
6,1,3,0.7258197069168091,0.09542282670736313,0.7546245660303733,0.10050180933333842,0.9944208860397339
6,1,4,0.7183529138565063,0.09638828784227371,0.7443076383361992,0.10192617505885054,0.9946715235710144
6,1,5,0.7109177112579346,0.09617078304290771,0.736971265781337,0.10157629661688675,0.9943557977676392
6,1,6,0.7027376890182495,0.09585507959127426,0.7285509825530113,0.10113193467690612,0.9949557781219482
6,1,7,0.7119415998458862,0.10848107933998108,0.7060725450171609,0.11237241360130873,0.9954149723052979
6,1,8,0.6911702752113342,0.10761179029941559,0.6901820507385142,0.11224632234816931,0.997046172618866
6,1,9,0.7308263182640076,0.14896947145462036,0.7583490207571165,0.15527947016773205,0.9970519542694092
6,1,10,0.7192754149436951,0.14953261613845825,0.7440395803553923,0.15484426569520082,0.9984560608863831
6,1,11,0.6128183603286743,0.2566860318183899,0.6313836107756555,0.27333747223667626,0.995173990726471
6,1,12,0.5693092942237854,0.2428976595401764,0.5119055212130068,0.2608945810457759,0.9988240003585815
6,1,13,0.5999036431312561,0.48527416586875916,0.6341260726116569,0.4956229213206416,0.38410335779190063
6,1,14,0.48852330446243286,0.5191274881362915,0.3864137958820104,0.5111745583181054,0.6986793875694275
6,1,15,0.5490617156028748,0.6214815378189087,0.6212394602512123,0.6482898668525313,0.446805864572525
6,1,16,0.413149893283844,0.6847786903381348,0.3031577793269217,0.6843316603921651,0.6919928193092346
6,1,17,0.543012261390686,0.6676792502403259,0.6083781328843478,0.6949699852378464,0.4240092635154724
6,1,18,0.40817326307296753,0.7400559186935425,0.28112286451726515,0.7360486014106505,0.6470211744308472
6,1,19,0.5635576844215393,0.6592559814453125,0.6105040477458542,0.6900447722403334,0.42628589272499084
6,1,20,0.44040897488594055,0.72762531042099,0.317567348371243,0.7272767337941629,0.6463375091552734
6,1,21,0.5521718263626099,0.6450235247612,0.5987009832424848,0.6735350775946791,0.43560880422592163
6,1,22,0.4417976140975952,0.7081717252731323,0.33013775145238317,0.7109720606475283,0.6299441456794739
6,1,23,0.6229021549224854,0.6837469935417175,0.6357901336137051,0.6814242082572447,0.9668293595314026
6,1,24,0.5549800395965576,0.6989307999610901,0.503059476370388,0.6895017897069835,0.9725678563117981
6,1,25,0.5863116979598999,0.948186457157135,0.6273536266945932,0.9347878069205118,0.48209327459335327
6,1,26,0.5856523513793945,0.9737668037414551,0.558194480107361,0.9617844180010607,0.48968082666397095
6,1,27,0.5643094182014465,1.1910125017166138,0.6035234820021298,1.1532330375284023,0.17980052530765533
6,1,28,0.5556954741477966,1.221576452255249,0.522627226120664,1.191236906977767,0.24898692965507507
6,1,29,0.5279181599617004,1.234789252281189,0.5852310588259297,1.186110314435633,0.2763105630874634
6,1,30,0.48433366417884827,1.2660939693450928,0.4614562059656762,1.2269270161372918,0.3455779254436493
6,1,31,0.7069365382194519,1.2504576444625854,0.7353503313181945,1.2261952484461571,0.1791049838066101
6,1,32,0.6958035230636597,1.2820874452590942,0.6798076828290929,1.262611030534933,0.2102029025554657
6,2,0,0.5448224544525146,0.12237384915351868,0.6343601870433081,0.12232054994747858,0.994941234588623
6,2,1,0.5715769529342651,0.09637284278869629,0.668703873622436,0.0963929679305339,0.9941005706787109
6,2,2,0.5834590196609497,0.09551113098859787,0.681808454223317,0.09603885895372198,0.9939574003219604
6,2,3,0.5970394015312195,0.09460344910621643,0.6898590262313276,0.09579258380333176,0.9949632883071899
6,2,4,0.554940938949585,0.09748721867799759,0.6452622945553919,0.09703419250091609,0.9951918125152588
6,2,5,0.554527759552002,0.097378671169281,0.6422272174998233,0.09711793075166483,0.9949036240577698
6,2,6,0.555191159248352,0.0969531238079071,0.6397817758397157,0.0970155366115398,0.9954438805580139
6,2,7,0.6679452061653137,0.105906181037426,0.737990353023236,0.11063211555168519,0.9958624243736267
6,2,8,0.6212130188941956,0.10584729164838791,0.6828761073291142,0.10946995450402595,0.9973322153091431
6,2,9,0.5798563957214355,0.14685095846652985,0.6654874153845893,0.1505252561457801,0.9973318576812744
6,2,10,0.5581017732620239,0.14795567095279694,0.6383137088213244,0.15116794277103052,0.998593270778656
6,2,11,0.6678534150123596,0.2402333766222,0.7808399802281714,0.258803135989931,0.995576024055481
6,2,12,0.6291506886482239,0.2417406588792801,0.6846036043559927,0.25903562179911743,0.998877227306366
6,2,13,0.6177794933319092,0.46386751532554626,0.6230067923586879,0.4479846968062378,0.4447302520275116
6,2,14,0.5358991026878357,0.4493435323238373,0.5218866389380324,0.43554927714883745,0.6396558284759521
6,2,15,0.3544761538505554,0.381847620010376,0.32369644552563803,0.3651722549799068,0.5005283951759338
6,2,16,0.3986222445964813,0.4080323874950409,0.3201492968799812,0.37504808423506236,0.6573861837387085
6,2,17,0.2620467245578766,0.3624592125415802,0.21910089210586492,0.3509221613489577,0.4787698984146118
6,2,18,0.3073975741863251,0.39459407329559326,0.2501201683019209,0.3633507801765077,0.6174895763397217
6,2,19,0.2707344889640808,0.3366325795650482,0.22301886664925297,0.321522921083679,0.48065513372421265
6,2,20,0.3072238862514496,0.3694823086261749,0.2518768935976177,0.3373851847943882,0.6170336008071899
6,2,21,0.3029675781726837,0.3418896198272705,0.2571116955613492,0.32374182772647486,0.48832398653030396
6,2,22,0.34181877970695496,0.3741738498210907,0.2882346849423549,0.34160522426789325,0.6017575263977051
6,2,23,0.605911374092102,0.684766948223114,0.6607537345508073,0.7048151411953537,0.9681377410888672
6,2,24,0.6758320927619934,0.6816617846488953,0.7127786997035414,0.6978146578514397,0.9738137722015381
6,2,25,0.35266584157943726,0.8902248740196228,0.43842627077041124,0.9286712191096571,0.5309656262397766
6,2,26,0.6792735457420349,0.9382827281951904,0.7223851618198239,0.9506757421067206,0.49846312403678894
6,2,27,0.39325425028800964,1.1090041399002075,0.44210344728050033,1.1658789848390259,0.20955093204975128
6,2,28,0.7607313394546509,1.192617654800415,0.8056900326777375,1.2073071680740763,0.26401275396347046
6,2,29,0.44509240984916687,1.1420612335205078,0.49066528644973695,1.2015318001059743,0.32142549753189087
6,2,30,0.8078203797340393,1.2415577173233032,0.8550412840383389,1.248928804917276,0.3816400468349457
6,2,31,0.2692365050315857,1.1504446268081665,0.3060957328349641,1.2144770364113884,0.1871151328086853
6,2,32,0.6588395833969116,1.2249759435653687,0.6866303219001437,1.245891416127936,0.21744893491268158
7,1,0,0.7182340621948242,0.12304873019456863,0.7613209777658171,0.12749264231554844,0.9950577020645142
7,1,1,0.686886727809906,0.09602581709623337,0.7430334527388107,0.10074649758802029,0.9943422079086304
7,1,2,0.6794968247413635,0.09542451053857803,0.7428014466982579,0.10014418989445042,0.994211733341217
7,1,3,0.6716201901435852,0.09484171867370605,0.7402147800556585,0.09952148050218683,0.9951713681221008
7,1,4,0.6824050545692444,0.09640766680240631,0.7335679742376876,0.10097037238789763,0.9953941106796265
7,1,5,0.6736171841621399,0.09604547917842865,0.7259792989849375,0.10061836165218475,0.9951122999191284
7,1,6,0.6640507578849792,0.09550775587558746,0.717359775399179,0.10015782684134318,0.9956240057945251
7,1,7,0.6825515031814575,0.10657016187906265,0.7019965136232044,0.11136745818287412,0.996013879776001
7,1,8,0.641956090927124,0.10562559217214584,0.6818186276078472,0.11109957747268855,0.9974515438079834
7,1,9,0.6881371140480042,0.14978286623954773,0.7461647123197438,0.15432746195763253,0.9973681569099426
7,1,10,0.6811479330062866,0.14966848492622375,0.7331279957266217,0.15394783250643024,0.9986139535903931
7,1,11,0.6155645847320557,0.2626588046550751,0.6286429165650268,0.27148764559798666,0.9954853057861328
7,1,12,0.5297377705574036,0.24643681943416595,0.514995222400503,0.25838983123272197,0.9989187717437744
7,1,13,0.6308763027191162,0.5030882954597473,0.6335632507789862,0.49691599555837146,0.4068613052368164
7,1,14,0.39266103506088257,0.5103106498718262,0.38749585764901395,0.511024950769639,0.6686716079711914
7,1,15,0.624761700630188,0.6471233367919922,0.6218494600819463,0.648087850751631,0.4601919651031494
7,1,16,0.37838417291641235,0.6839035153388977,0.3162143533399052,0.6842575172241095,0.6687255501747131
7,1,17,0.6282805800437927,0.6934298276901245,0.611826573136979,0.6947032625086376,0.44150984287261963
7,1,18,0.31352803111076355,0.7370253801345825,0.2867400197094784,0.7362177558086452,0.6266289353370667
7,1,19,0.6405090689659119,0.6855748295783997,0.6157045151359071,0.6892706043821045,0.4438989758491516
7,1,20,0.32584133744239807,0.7286818623542786,0.31900053183703014,0.7275200711175903,0.6267468333244324
7,1,21,0.6250534057617188,0.6713339686393738,0.603267924444555,0.6731538843522553,0.45130863785743713
7,1,22,0.34977635741233826,0.7116720676422119,0.3335406195308886,0.7110932838644074,0.6107483506202698
7,1,23,0.619551956653595,0.6923844218254089,0.6329767858815483,0.6833228223823516,0.9678651094436646
7,1,24,0.561241090297699,0.7018236517906189,0.5131525223831229,0.6916363664473094,0.9740462899208069
7,1,25,0.6251018643379211,0.9236878752708435,0.6269636578141771,0.9328649836676827,0.5067711472511292
7,1,26,0.6147105693817139,0.9847861528396606,0.5679980579897785,0.9657704012976954,0.5009561777114868
7,1,27,0.5863574147224426,1.2019872665405273,0.6005492657286032,1.1616882385198444,0.19789017736911774
7,1,28,0.5773451924324036,1.2375246286392212,0.5321183778624535,1.199263755928397,0.2559467554092407
7,1,29,0.5504592061042786,1.242961049079895,0.5792032742758219,1.195972055318467,0.3054710924625397
7,1,30,0.509882926940918,1.2825109958648682,0.4698545162993747,1.2365686441691754,0.3702653646469116
7,1,31,0.7168233394622803,1.26813805103302,0.7321401927368123,1.2334676864781484,0.17856140434741974
7,1,32,0.6817079186439514,1.3008801937103271,0.680136767336042,1.269245764568844,0.20964686572551727
7,2,0,0.5026693940162659,0.12121845781803131,0.6114649178822601,0.12212969353386453,0.9955348968505859
7,2,1,0.5325037240982056,0.09621816128492355,0.6450214261252593,0.09636269637847113,0.9948878884315491
7,2,2,0.5453388690948486,0.09533902257680893,0.658078967764318,0.09591766523316485,0.994767963886261
7,2,3,0.5590720176696777,0.0943644791841507,0.6671215053829653,0.0955452672765367,0.9956302046775818
7,2,4,0.511745810508728,0.09761081635951996,0.6220483492974926,0.09713404859962291,0.9958339333534241
7,2,5,0.5091097354888916,0.0977402925491333,0.6190829236553224,0.09722570760763768,0.995570957660675
7,2,6,0.50748610496521,0.09752549976110458,0.6167809332262985,0.0971038486503339,0.996027946472168
7,2,7,0.6319664120674133,0.10728995501995087,0.7195715927064816,0.11005329304024573,0.996396541595459
7,2,8,0.5632007122039795,0.1068945825099945,0.6620772926137761,0.10902394094230325,0.9976885914802551
7,2,9,0.5337023735046387,0.14666152000427246,0.6425757024199402,0.1498560924386767,0.997607946395874
7,2,10,0.5087922811508179,0.14700952172279358,0.6157970659204486,0.1504477359553071,0.9987216591835022
7,2,11,0.6306984424591064,0.2375381737947464,0.7547224803855274,0.2551183123385266,0.9958162307739258
7,2,12,0.5902359485626221,0.24664603173732758,0.6682155355564993,0.256889307980561,0.9988358616828918
7,2,13,0.6445627808570862,0.46159684658050537,0.626742074349508,0.45034288740544404,0.4653145968914032
7,2,14,0.5667481422424316,0.46347612142562866,0.5296658211876238,0.4403894493735818,0.6059938669204712
7,2,15,0.36642444133758545,0.38865193724632263,0.3311051896260753,0.36924111882501676,0.5128403306007385
7,2,16,0.3941349685192108,0.45554637908935547,0.3329899704345298,0.3890217599126954,0.612213671207428
7,2,17,0.27722033858299255,0.371817022562027,0.2291830656511912,0.3545428126202084,0.49494314193725586
7,2,18,0.3225831091403961,0.46479180455207825,0.26269601014130584,0.3809709462478493,0.5772161483764648
7,2,19,0.28197282552719116,0.34748393297195435,0.2332460646220024,0.32602211720655194,0.4968889057636261
7,2,20,0.33002105355262756,0.43891704082489014,0.26544100277210636,0.3550211770991533,0.5777710676193237
7,2,21,0.310301274061203,0.3541429340839386,0.2663373066686587,0.3290112210894826,0.5029382109642029
7,2,22,0.35642626881599426,0.43727177381515503,0.3000677203618055,0.3582195002703872,0.5643013715744019
7,2,23,0.5809978246688843,0.6757230758666992,0.6469092273621275,0.699772840982292,0.9677038788795471
7,2,24,0.6405055522918701,0.6748747825622559,0.7002359169941972,0.6938394031562706,0.9730821847915649
7,2,25,0.39738205075263977,0.8906863331794739,0.43130982098576764,0.9220858348088017,0.5511873960494995
7,2,26,0.6479977369308472,0.9266738295555115,0.7094746321309137,0.9465163142034434,0.4905284345149994
7,2,27,0.4706425368785858,1.1715730428695679,0.4470498160469457,1.1668651967617174,0.2105368822813034
7,2,28,0.7149105668067932,1.2183220386505127,0.7899267834598948,1.209215253973543,0.25630196928977966
7,2,29,0.5224320292472839,1.2055742740631104,0.4961716049483741,1.2022319224839828,0.3455605208873749
7,2,30,0.7673805952072144,1.2663350105285645,0.8398210109990009,1.2519446297997887,0.393300324678421
7,2,31,0.36639368534088135,1.2397830486297607,0.31655649271687697,1.2188626253208148,0.17872728407382965
7,2,32,0.605823814868927,1.2698696851730347,0.6726030141231873,1.2500467445423964,0.20509912073612213
8,1,0,0.7256581783294678,0.1242942363023758,0.755138598363525,0.12693871874546456,0.9955810904502869
8,1,1,0.6966620683670044,0.09623558819293976,0.7349920855581583,0.09996523416672769,0.9949765205383301
8,1,2,0.6897788047790527,0.0953894704580307,0.7336048333445676,0.09932069395121797,0.9948505759239197
8,1,3,0.6816155314445496,0.09444741904735565,0.730049220065861,0.09864266753186891,0.9956797361373901
8,1,4,0.6878262162208557,0.09662625193595886,0.7256359423467105,0.10021799962195131,0.9959476590156555
8,1,5,0.6764687299728394,0.09605170041322708,0.717392750428499,0.09982744101387371,0.9957011342048645
8,1,6,0.6641930341720581,0.09526092559099197,0.7081381307744318,0.099309702032225,0.9961363077163696
8,1,7,0.6296225190162659,0.10539091378450394,0.6894362059518284,0.11033230968489177,0.9963116645812988
8,1,8,0.5889852046966553,0.10334774851799011,0.6656977553198562,0.10975687475707428,0.9977569580078125
8,1,9,0.6928933262825012,0.15148238837718964,0.7369248865237953,0.15383473635147127,0.9975476264953613
8,1,10,0.6824007630348206,0.15012843906879425,0.7243301206542985,0.15328634942210653,0.9986940026283264
8,1,11,0.6143606305122375,0.2639119625091553,0.6261685812585781,0.2701754600538248,0.9957256317138672
8,1,12,0.5018159747123718,0.2362080067396164,0.5127120719224174,0.25454602627883904,0.9989014267921448
8,1,13,0.645821750164032,0.4815446436405182,0.6356868405509406,0.4942528970758333,0.4276239275932312
8,1,14,0.3431093990802765,0.463937371969223,0.379799282475469,0.502859218533949,0.6419200897216797
8,1,15,0.7650704383850098,0.6368961334228516,0.6467573914692568,0.6461491195473327,0.47424525022506714
8,1,16,0.2548730969429016,0.6531804800033569,0.3055723445739956,0.6788708549256243,0.6400859355926514
8,1,17,0.7829864621162415,0.6812984347343445,0.6416178176540686,0.6923810019333375,0.4584047496318817
8,1,18,0.20779725909233093,0.7057420015335083,0.27303713969612825,0.73093541122171,0.6033744215965271
8,1,19,0.7837887406349182,0.6824851632118225,0.6449577642572676,0.6880953241193615,0.4611808657646179
8,1,20,0.24445532262325287,0.7068148851394653,0.3060626700748965,0.7239323062233117,0.6042780876159668
8,1,21,0.7728981971740723,0.662467896938324,0.6327918361044357,0.6713027880953105,0.46767595410346985
8,1,22,0.2630457282066345,0.6912514567375183,0.3213071894307241,0.707655209510096,0.5891585350036621
8,1,23,0.6179538369178772,0.6776348352432251,0.6303740772872759,0.6823376613794733,0.9668606519699097
8,1,24,0.5545065402984619,0.679827868938446,0.5203227773758282,0.6895907548861762,0.9732250571250916
8,1,25,0.6197898387908936,0.9196595549583435,0.6257210860995172,0.9305772834725006,0.5295417308807373
8,1,26,0.6227936744689941,0.8973663449287415,0.5775027043720302,0.9539004736420872,0.49883922934532166
8,1,27,0.5460557341575623,1.2091914415359497,0.591097066866763,1.1699261702810038,0.20342136919498444
8,1,28,0.5757092833518982,1.2587136030197144,0.5396769528342557,1.2095771472239845,0.2615237534046173
8,1,29,0.5192873477935791,1.2462246417999268,0.568808869182211,1.204687507221195,0.33329862356185913
8,1,30,0.5304088592529297,1.3013980388641357,0.4803598583240991,1.2478171052319293,0.38399630784988403
8,1,31,0.6374061107635498,1.2901915311813354,0.7156882402576945,1.243307362937223,0.1754542887210846
8,1,32,0.6143741607666016,1.3385919332504272,0.6687261144819499,1.2812795393997976,0.20978659391403198
8,2,0,0.4566749930381775,0.12051591277122498,0.5845350741845041,0.12185022039502401,0.9959862232208252
8,2,1,0.48952433466911316,0.09533283114433289,0.6179679698208373,0.09618434835055197,0.9954416751861572
8,2,2,0.5003979206085205,0.09472426772117615,0.6306437574352811,0.09571099630964164,0.9953232407569885
8,2,3,0.5129456520080566,0.09380171447992325,0.640298993954838,0.09524331915230189,0.9960663914680481
8,2,4,0.47529393434524536,0.09571614116430283,0.5965226229338638,0.09688849807831983,0.9963169097900391
8,2,5,0.47648513317108154,0.09559266269207001,0.5942832630083792,0.09694289815613895,0.9960842728614807
8,2,6,0.4789244532585144,0.09498441219329834,0.5928092505492676,0.09673680092159007,0.9964732527732849
8,2,7,0.5804686546325684,0.10652291774749756,0.6953823024444206,0.10944187050793351,0.9966528415679932
8,2,8,0.5399348735809326,0.10453251004219055,0.6408481148437388,0.1082460515758924,0.9979608058929443
8,2,9,0.48989900946617126,0.14561563730239868,0.6160151947496915,0.14912167613508434,0.9977496862411499
8,2,10,0.47061389684677124,0.14534692466259003,0.5905458322508883,0.14956428930735882,0.9987738728523254
8,2,11,0.6203959584236145,0.23960234224796295,0.7313670200615391,0.2524301466631739,0.9960395097732544
8,2,12,0.5858176946640015,0.24062147736549377,0.6539112796775965,0.25407081773040224,0.9988598227500916
8,2,13,0.6790537238121033,0.45709559321403503,0.635815158783879,0.45151249583060066,0.48404911160469055
8,2,14,0.5820035934448242,0.45639488101005554,0.5387434590076251,0.4431624557046866,0.581744909286499
8,2,15,0.3685959577560425,0.3858307898044586,0.3376048136353319,0.37211539735913357,0.52561354637146
8,2,16,0.3656531274318695,0.4637114703655243,0.338651843646073,0.4019848807536267,0.5857225060462952
8,2,17,0.2730672061443329,0.36928287148475647,0.2367925459742535,0.35709649065199695,0.5102819800376892
8,2,18,0.28684183955192566,0.48016270995140076,0.266880414318641,0.39819928553434897,0.5549917221069336
8,2,19,0.27676114439964294,0.34343522787094116,0.24079146831844053,0.32903913721905265,0.5125244855880737
8,2,20,0.27591678500175476,0.4440663158893585,0.26725567997135175,0.37048247933423956,0.5558874607086182
8,2,21,0.3065759241580963,0.34718868136405945,0.27331389335086387,0.3321607459086507,0.5176061987876892
8,2,22,0.30035194754600525,0.44724905490875244,0.3001169408076016,0.3736780867435968,0.5428478717803955
8,2,23,0.5617587566375732,0.6688811779022217,0.6321258986776948,0.6944183405377718,0.9663335084915161
8,2,24,0.6481945514678955,0.6651014685630798,0.6912097690856773,0.6888585341557824,0.9720437526702881
8,2,25,0.42701393365859985,0.8999983072280884,0.43056580079520573,0.9182583794536326,0.5702086091041565
8,2,26,0.656812310218811,0.914591372013092,0.700340612395678,0.9409825423954514,0.4770366847515106
8,2,27,0.5002163052558899,1.1613894701004028,0.45627140045083364,1.1659168043123302,0.21353261172771454
8,2,28,0.7241038084030151,1.2143115997314453,0.7785055952290745,1.2100979275205082,0.25540658831596375
8,2,29,0.5528210997581482,1.1968251466751099,0.5059983374713871,1.201295474096104,0.3720787465572357
8,2,30,0.7779744863510132,1.2631319761276245,0.8290910714929998,1.2538826035790636,0.40062808990478516
8,2,31,0.3843117952346802,1.2186781167984009,0.32831362356311994,1.2188306736405368,0.1776793748140335
8,2,32,0.5840085744857788,1.2555546760559082,0.6572201852364349,1.2510007152381353,0.20424002408981323
9,1,0,0.704384446144104,0.11730252206325531,0.7463360479083304,0.1252695280747378,0.9956546425819397
9,1,1,0.668613076210022,0.09126299619674683,0.7234742383576279,0.09845786698214115,0.9951685070991516
9,1,2,0.6594472527503967,0.09052261710166931,0.720734272646431,0.09779672154981048,0.9950396418571472
9,1,3,0.6482937335968018,0.08952021598815918,0.7158567564249265,0.0970624926707652,0.9958024024963379
9,1,4,0.6631686687469482,0.09128172695636749,0.7147981174320074,0.09867008299044346,0.9961638450622559
9,1,5,0.652967095375061,0.09065371751785278,0.7062144970601538,0.09823838246448999,0.9959351420402527
9,1,6,0.6420820355415344,0.08965963870286942,0.6966764251213466,0.09763810869029847,0.9963409304618835
9,1,7,0.5685772895812988,0.10161210596561432,0.6684309784543949,0.10882182977010602,0.9962784051895142
9,1,8,0.5713856816291809,0.0991906002163887,0.6493193614571431,0.10792652402870062,0.997935950756073
9,1,9,0.6637077927589417,0.14222325384616852,0.7242179124427505,0.15182326551492445,0.9975414872169495
9,1,10,0.6568429470062256,0.1413668543100357,0.7126195983526079,0.15122150210491855,0.9986831545829773
9,1,11,0.5987715721130371,0.2579670250415802,0.6214203144411085,0.2680605402307973,0.9956427216529846
9,1,12,0.49609169363975525,0.23605912923812866,0.5098324850201985,0.2513428568630079,0.9989075660705566
9,1,13,0.6496326923370361,0.4776999056339264,0.6381028609541358,0.49138497675389353,0.44055691361427307
9,1,14,0.32039493322372437,0.4616742432117462,0.36949394533386154,0.4957183539939206,0.6200852394104004
9,1,15,0.7160587906837463,0.6051208972930908,0.6587832157395503,0.6390354659754642,0.480121910572052
9,1,16,0.23583509027957916,0.693485677242279,0.293470655700351,0.6814028252856885,0.6154127717018127
9,1,17,0.7216472029685974,0.675416886806488,0.6555095667038193,0.6894418141125953,0.46706220507621765
9,1,18,0.18826359510421753,0.7463629245758057,0.2583195433257491,0.7336082431210016,0.5815245509147644
9,1,19,0.7384875416755676,0.6657496094703674,0.6611995300554052,0.6842230987906622,0.4697968065738678
9,1,20,0.2223554253578186,0.7413008809089661,0.2915306478072634,0.7269416045126104,0.5827587842941284
9,1,21,0.7171571254730225,0.653896689414978,0.6474382305645904,0.6682869818852974,0.47503000497817993
9,1,22,0.24127990007400513,0.7258215546607971,0.30741554528770587,0.7108028056824829,0.5675911903381348
9,1,23,0.5538010597229004,0.6794281601905823,0.6170833619663112,0.6818337770031884,0.9630212783813477
9,1,24,0.5599635243415833,0.6867265701293945,0.5271956137134787,0.6890947193169092,0.9703501462936401
9,1,25,0.6086075305938721,0.922173261642456,0.6227559780583348,0.9291215858886596,0.5428982973098755
9,1,26,0.5954214930534363,0.9959649443626404,0.5806073927839,0.9611940166099068,0.48050791025161743
9,1,27,0.630898118019104,1.2184220552444458,0.5979976518076625,1.1783365010648494,0.20444545149803162
9,1,28,0.6159557700157166,1.269832968711853,0.5529165182208404,1.220030613895244,0.2531869411468506
9,1,29,0.6092532277107239,1.2583364248275757,0.5758211391898178,1.213992940906989,0.3550525903701782
9,1,30,0.5813031792640686,1.3137882947921753,0.49789334235844945,1.2592640711834546,0.3868112862110138
9,1,31,0.7437289953231812,1.294409155845642,0.7205481447167107,1.2521703092548468,0.17350544035434723
9,1,32,0.6570900678634644,1.34645676612854,0.6667103876980446,1.2925884612468994,0.20393532514572144
9,2,0,0.44903698563575745,0.10924090445041656,0.5609750780367339,0.11966582824781018,0.9953586459159851
9,2,1,0.48135295510292053,0.08831309527158737,0.5942129642416933,0.09482095519057053,0.9950955510139465
9,2,2,0.4869115352630615,0.08917581290006638,0.6056458727417493,0.09457907151414542,0.9949405789375305
9,2,3,0.4926915168762207,0.08998998999595642,0.6146241692047775,0.09433345266022115,0.9956358671188354
9,2,4,0.4830479621887207,0.08698903024196625,0.5768049913621858,0.09517368984955372,0.9959424138069153
9,2,5,0.4897625744342804,0.08697686344385147,0.5761263666745817,0.0952165556086272,0.9957100749015808
9,2,6,0.49689531326293945,0.08667004108428955,0.5761517813498578,0.0949930052260098,0.9961640238761902
9,2,7,0.538901150226593,0.10694513469934464,0.6681568279487854,0.10900947650853571,0.9962009787559509
9,2,8,0.545210063457489,0.10039135813713074,0.624238726139413,0.10688552741043443,0.9979684948921204
9,2,9,0.47078970074653625,0.13612984120845795,0.5907564915807072,0.14687099190141156,0.9973910450935364
9,2,10,0.46814075112342834,0.1347007006406784,0.5692707560255924,0.14698920067161148,0.9984016418457031
9,2,11,0.5896775722503662,0.24468018114566803,0.7067259004290735,0.25108776655872306,0.9958561658859253
9,2,12,0.6099966168403625,0.21726346015930176,0.6462964863617989,0.2476898073234553,0.998767077922821
9,2,13,0.6687167882919312,0.45820337533950806,0.6415183925482908,0.45267139341733253,0.49295374751091003
9,2,14,0.5896810293197632,0.4261014461517334,0.5475778721414777,0.4402064734650213,0.561288595199585
9,2,15,0.3777090907096863,0.38706308603286743,0.3445580775218738,0.37470506305498996,0.5266513228416443
9,2,16,0.34732359647750854,0.4024468958377838,0.34015393279030476,0.402064889503014,0.5607361197471619
9,2,17,0.2724636495113373,0.37388816475868225,0.2429763673692396,0.3600057852503484,0.5122669339179993
9,2,18,0.2591482400894165,0.39551523327827454,0.26554112180095035,0.39773445017065195,0.5316822528839111
9,2,19,0.2768475115299225,0.3486934006214142,0.24704209500674335,0.3324446918806834,0.5142554044723511
9,2,20,0.2559928894042969,0.37787535786628723,0.26530464028385603,0.3717629975452105,0.5327811241149902
9,2,21,0.3083673119544983,0.35275328159332275,0.2793905227171983,0.33572897866810475,0.5165994167327881
9,2,22,0.26763829588890076,0.38712549209594727,0.2944871178047359,0.3760077312342748,0.5198295712471008
9,2,23,0.5361299514770508,0.6648257970809937,0.6154542130820341,0.6892892180241349,0.9613230228424072
9,2,24,0.6653975248336792,0.657095193862915,0.6867363695772613,0.6833528000091705,0.9670163989067078
9,2,25,0.44111937284469604,0.8952789902687073,0.43239394588633157,0.9142762705735606,0.5716166496276855
9,2,26,0.6471681594848633,0.9041152596473694,0.6911179698759891,0.9345911311697294,0.45418494939804077
9,2,27,0.5311840772628784,1.142561674118042,0.46927328592380174,1.1618695369716696,0.22148150205612183
9,2,28,0.7387906312942505,1.1427005529403687,0.7716198981245538,1.1984030385543187,0.24300329387187958
9,2,29,0.5924302339553833,1.1795189380645752,0.5210046892963978,1.197521943710903,0.3863525390625
9,2,30,0.7847625017166138,1.1842645406723022,0.8214044137026236,1.2418015752142724,0.3909435570240021
9,2,31,0.4197574853897095,1.183633804321289,0.3441925525391097,1.2127291527632635,0.1784868687391281
9,2,32,0.6344155073165894,1.1791189908981323,0.6532683662327482,1.2385260162252216,0.19789020717144012
10,1,0,0.6870431900024414,0.10389848053455353,0.7360499495833415,0.12156631036882803,0.9952744841575623
10,1,1,0.6534321904182434,0.0832718163728714,0.7113194531316167,0.09582688683391179,0.9950459003448486
10,1,2,0.64435213804245,0.08374615758657455,0.7074767330766454,0.09536254729235497,0.9948896765708923
10,1,3,0.631544828414917,0.08402598649263382,0.7012193711075559,0.09480406655136202,0.9955517053604126
10,1,4,0.6514526605606079,0.08169194310903549,0.7038076371398336,0.09572846535249828,0.995927631855011
10,1,5,0.643671452999115,0.0809767097234726,0.6953634961611712,0.09524761469809079,0.9957197904586792
10,1,6,0.633202075958252,0.07976265996694565,0.6856635377760668,0.09454094062015518,0.9961506128311157
10,1,7,0.5379781723022461,0.0997142419219017,0.6457517795025624,0.10724423029590766,0.9959725141525269
10,1,8,0.5558635592460632,0.09245246648788452,0.6330900657444937,0.10524562355828719,0.9979987144470215
10,1,9,0.6491192579269409,0.1292741894721985,0.7111836467422998,0.1479157784362373,0.9973150491714478
10,1,10,0.6468971967697144,0.12699954211711884,0.7012159009708399,0.1470239132101717,0.9983772039413452
10,1,11,0.5753952264785767,0.2541903853416443,0.6134390900153249,0.26565763352772354,0.9955409169197083
10,1,12,0.5007635951042175,0.19384132325649261,0.5082615969327181,0.24136806212731954,0.9988166689872742
10,1,13,0.6365488171577454,0.4598557949066162,0.637833733009047,0.4859198697588062,0.4501588046550751
10,1,14,0.3477467894554138,0.43878743052482605,0.3657255481361937,0.48584270862761436,0.6028438806533813
10,1,15,0.7068424820899963,0.5783450603485107,0.6671176191542287,0.628506485369617,0.4857981503009796
10,1,16,0.24607394635677338,0.6072187423706055,0.285251274822016,0.6685276685288579,0.598149299621582
10,1,17,0.7124377489089966,0.6522608399391174,0.6653845457099592,0.6829959585230878,0.4731767773628235
10,1,18,0.18978329002857208,0.6608667373657227,0.24642667656273162,0.7209840022187206,0.5676791667938232
10,1,19,0.7260075211524963,0.6465239524841309,0.6724440370600818,0.6776873083936913,0.4761744439601898
10,1,20,0.22450248897075653,0.6648772358894348,0.2798999943951211,0.7161738217439829,0.5691010355949402
10,1,21,0.7033409476280212,0.6325573921203613,0.6571350877435829,0.6620930133876195,0.47912102937698364
10,1,22,0.24089445173740387,0.648876965045929,0.2958730445602585,0.7000591009245007,0.5548792481422424
10,1,23,0.5672783255577087,0.6431683301925659,0.6084456708009878,0.6751302724197932,0.9603493809700012
10,1,24,0.5302686095237732,0.6398681998252869,0.5277278184466826,0.6805575148004434,0.966841459274292
10,1,25,0.6656286120414734,0.9718496799468994,0.6301897965494013,0.9365303471028166,0.5681043863296509
10,1,26,0.49989452958106995,0.9752368330955505,0.5665964118662719,0.963626847939708,0.479520320892334
10,1,27,0.6554524898529053,1.171188473701477,0.6079642866687573,1.1770984090353787,0.22169229388237
10,1,28,0.48891034722328186,1.209359884262085,0.5418112283182372,1.2181821677806868,0.25955483317375183
10,1,29,0.6442304849624634,1.1964190006256104,0.5876919618647539,1.210948050672978,0.3742717206478119
10,1,30,0.466147780418396,1.2335561513900757,0.4923907116537985,1.2548087859191304,0.3809441328048706
10,1,31,0.7120152711868286,1.2703101634979248,0.719070115231764,1.255313320915753,0.1808839589357376
10,1,32,0.5818648338317871,1.3161627054214478,0.6519801625638824,1.2966737333255518,0.21030619740486145
10,2,0,0.44376447796821594,0.10098068416118622,0.5406059664467553,0.11642829058316623,0.9954102039337158
10,2,1,0.4802069067955017,0.07988547533750534,0.5744026376845763,0.0922334059559152,0.9952902793884277
10,2,2,0.48832032084465027,0.08084268122911453,0.58525669988847,0.09219934848487356,0.9951291680335999
10,2,3,0.4969065189361572,0.08193919062614441,0.594166623778724,0.09218632954208542,0.9957337975502014
10,2,4,0.47553643584251404,0.07892800122499466,0.5592147365490459,0.09235903810767214,0.9960517287254333
10,2,5,0.48018336296081543,0.07903251051902771,0.5594638213609596,0.09241258912938502,0.9958457350730896
10,2,6,0.4851806163787842,0.07888075709342957,0.560355062470356,0.09220148394889024,0.9962877035140991
10,2,7,0.5488362312316895,0.09936237335205078,0.6474197446908314,0.10733839613181044,0.9961943626403809
10,2,8,0.5383546948432922,0.09231262654066086,0.6093276590531598,0.10436082193295068,0.998101532459259
10,2,9,0.46968427300453186,0.12804275751113892,0.5697138649512722,0.14360864721917194,0.9974092245101929
10,2,10,0.4576946198940277,0.1278810054063797,0.5498841049142178,0.14367831963384203,0.9982897043228149
10,2,11,0.6025764346122742,0.23108574748039246,0.6886336317531595,0.24762191896300711,0.9958178997039795
10,2,12,0.5908743739128113,0.21654187142848969,0.6366829865804017,0.2422908441315751,0.9986999034881592
10,2,13,0.6890132427215576,0.4481055438518524,0.6497548528084679,0.4518806134633176,0.5027546286582947
10,2,14,0.5385453701019287,0.42835620045661926,0.5460132848104695,0.4381536222185862,0.5510960817337036
10,2,15,0.36911508440971375,0.38084614276885986,0.3488137751574521,0.3757687147805391,0.534277617931366
10,2,16,0.321289986371994,0.4030030071735382,0.3368854040513657,0.40222734885494626,0.5565349459648132
10,2,17,0.259568452835083,0.3656771779060364,0.2458510672251005,0.3609880720017131,0.521154522895813
10,2,18,0.22267289459705353,0.3917323648929596,0.258108056488321,0.3966948797723253,0.5290294289588928
10,2,19,0.2655074894428253,0.34053346514701843,0.2502415399159555,0.33384577151400674,0.5233185291290283
10,2,20,0.24940909445285797,0.37474700808525085,0.2625506889899903,0.3722797883486853,0.5299932956695557
10,2,21,0.29891782999038696,0.34443020820617676,0.2827740697170406,0.3372361714323008,0.5242586135864258
10,2,22,0.27526572346687317,0.38175472617149353,0.2911566202337679,0.377003116643267,0.5187448859214783
10,2,23,0.5812568068504333,0.6434253454208374,0.6095261140749848,0.6813359855609395,0.9603383541107178
10,2,24,0.6394645571708679,0.6343938112258911,0.6785386338725159,0.6748620564907524,0.9650097489356995
10,2,25,0.5164250135421753,0.9145287871360779,0.4469823851788639,0.9143199993552358,0.5959460139274597
10,2,26,0.5698135495185852,0.8835973143577576,0.6700350000932294,0.9257469557218363,0.45639824867248535
10,2,27,0.5728353261947632,1.15318763256073,0.4872630189878432,1.1603656918748984,0.22928780317306519
10,2,28,0.6705246567726135,1.1327600479125977,0.7540599388607666,1.187013163038286,0.2419521063566208
10,2,29,0.6322999000549316,1.1907272338867188,0.5403422358782155,1.196345057654545,0.3910228908061981
10,2,30,0.7290613651275635,1.1707857847213745,0.8053688895435893,1.2294774680954241,0.3630004823207855
10,2,31,0.4448752701282501,1.2010889053344727,0.3616806364503808,1.2107126956132885,0.1815347671508789
10,2,32,0.5702342987060547,1.1779693365097046,0.6388533873046693,1.2280202788268684,0.19692011177539825
11,1,0,0.6230815649032593,0.09198413789272308,0.7164206995053916,0.11643898787690798,0.9956052899360657
11,1,1,0.5985444188117981,0.07153163105249405,0.6917239016606147,0.09161658658106664,0.9954642653465271
11,1,2,0.5931307673454285,0.07257698476314545,0.6876072772325571,0.09141405177034707,0.995296835899353
11,1,3,0.5856394171714783,0.07338251173496246,0.6811347387541297,0.0910920911772776,0.9958652257919312
11,1,4,0.5956175923347473,0.07119917124509811,0.6850113476624283,0.09147757699360437,0.9962407350540161
11,1,5,0.5897167325019836,0.07204684615135193,0.6770104573180882,0.09122711818828598,0.9960581064224243
11,1,6,0.582499623298645,0.07275023311376572,0.6677431521542254,0.0907649556738107,0.9964780211448669
11,1,7,0.5346934199333191,0.08887235075235367,0.6264554569665587,0.10406100129041208,0.9962323904037476
11,1,8,0.5284773707389832,0.08296722173690796,0.6149172051326046,0.10138507239815221,0.9982104897499084
11,1,9,0.5881726741790771,0.11666623502969742,0.6898029659460372,0.14249918809190373,0.9975048899650574
11,1,10,0.5849316716194153,0.11819621175527573,0.6810084773765537,0.14202747238378227,0.9983840584754944
11,1,11,0.573630690574646,0.21212069690227509,0.6065371890567898,0.25637168306748914,0.9957775473594666
11,1,12,0.48603543639183044,0.2046843022108078,0.5044101175970854,0.23500849899554627,0.9987988471984863
11,1,13,0.6383483409881592,0.40631306171417236,0.6379228492884156,0.4721013166258326,0.46213310956954956
11,1,14,0.3480609655380249,0.4303168058395386,0.3626649588056281,0.4762111902743534,0.5946109890937805
11,1,15,0.6867974400520325,0.5652226805686951,0.6705275793714275,0.6175267255902112,0.4956459105014801
11,1,16,0.21362578868865967,0.600579559803009,0.2728211765462496,0.6567370026995248,0.5965172052383423
11,1,17,0.6947131752967834,0.5817713737487793,0.6704678077640078,0.6654134951434035,0.48332053422927856
11,1,18,0.14853255450725555,0.6533709168434143,0.22942446251089346,0.709251590019283,0.5684085488319397
11,1,19,0.7181971073150635,0.6169914603233337,0.6803779142711316,0.6671573825518109,0.48659229278564453
11,1,20,0.19244977831840515,0.6655622124671936,0.2647164168558485,0.7073960326932763,0.5696575045585632
11,1,21,0.6956786513328552,0.604569673538208,0.6638173710036706,0.6521144246732935,0.48850685358047485
11,1,22,0.21776685118675232,0.650248646736145,0.282315614950762,0.6914204670812609,0.5577574372291565
11,1,23,0.5935590267181396,0.6221677660942078,0.6058665838427146,0.6659441155809801,0.9603727459907532
11,1,24,0.5577046871185303,0.5985396504402161,0.53292363403657,0.6663194096378287,0.9659925103187561
11,1,25,0.6627983450889587,0.9425991177558899,0.63584215778423,0.937581472864514,0.5753377676010132
11,1,26,0.5157186388969421,0.8870084285736084,0.5577724025496686,0.9503282293080618,0.46930018067359924
11,1,27,0.6743320226669312,1.1021404266357422,0.6194801254644337,1.1640886650491928,0.22436323761940002
11,1,28,0.5722643136978149,1.0800472497940063,0.5470896466279123,1.194162025093475,0.24898618459701538
11,1,29,0.6696536540985107,1.1232807636260986,0.6019202683928461,1.1957266860822309,0.377104252576828
11,1,30,0.5663483142852783,1.0889559984207153,0.5052265020190436,1.2259449340352202,0.3544454276561737
11,1,31,0.7337297797203064,1.173300862312317,0.7216098494654077,1.241076186706801,0.18309545516967773
11,1,32,0.6418687105178833,1.183388113975525,0.650228621241023,1.2769892457324,0.20534436404705048
11,2,0,0.45123428106307983,0.11142581701278687,0.5250876909343775,0.11556187826664283,0.99541175365448
11,2,1,0.4683241546154022,0.09183517098426819,0.5559742159978434,0.09216444249020855,0.995454728603363
11,2,2,0.4712459146976471,0.09269258379936218,0.5654455328187772,0.0922847636624694,0.9952188730239868
11,2,3,0.47310248017311096,0.09333427995443344,0.5731253910669517,0.09238512779594764,0.9957355856895447
11,2,4,0.47380486130714417,0.09049955010414124,0.5443861612025523,0.09203701120916834,0.9961948394775391
11,2,5,0.4814480245113373,0.09054121375083923,0.5459219897937356,0.09208850345460781,0.996005117893219
11,2,6,0.48849043250083923,0.09045083075761795,0.5478832455072447,0.09189830610017434,0.996479868888855
11,2,7,0.5142319798469543,0.10866788774728775,0.6242630249963883,0.10756863434966168,0.9963072538375854
11,2,8,0.5400477051734924,0.10265879333019257,0.5973053503683182,0.10406606531654093,0.9982940554618835
11,2,9,0.48035669326782227,0.13648350536823273,0.5541981117288919,0.14237451683730473,0.9974521398544312
11,2,10,0.48393669724464417,0.13560143113136292,0.5384412112172522,0.1422792992389414,0.9983195662498474
11,2,11,0.561601996421814,0.24732235074043274,0.66655128811069,0.24757004204016583,0.9960135817527771
11,2,12,0.6508462429046631,0.21916337311267853,0.639136685915462,0.2382830568352419,0.9988417029380798
11,2,13,0.611909031867981,0.45520836114883423,0.6431936113849529,0.4524569396109848,0.5068401098251343
11,2,14,0.599254310131073,0.4067756235599518,0.555247837475592,0.432714746306617,0.5385522246360779
11,2,15,0.3147331476211548,0.40284666419029236,0.3429059664446787,0.38046164058524107,0.5296915173530579
11,2,16,0.38115784525871277,0.44014254212379456,0.34456231095501505,0.40880064229348767,0.5415172576904297
11,2,17,0.20771901309490204,0.3855117857456207,0.2392401488936618,0.36523799268940654,0.5157070159912109
11,2,18,0.3284834325313568,0.4411160349845886,0.27032081521567314,0.4043976107530406,0.5181636810302734
11,2,19,0.22390048205852509,0.35797131061553955,0.24567643274255707,0.3380266394230631,0.5180285573005676
11,2,20,0.2990609407424927,0.43067529797554016,0.26888014847255126,0.3824099493701162,0.5193821787834167
11,2,21,0.261653870344162,0.3641405999660492,0.27911435097738685,0.341899000115265,0.5157155990600586
11,2,22,0.3144013285636902,0.4325411915779114,0.29518474451873467,0.38663675772318545,0.5096476674079895
11,2,23,0.568594217300415,0.6276751160621643,0.602429163855094,0.6720284999086245,0.9598510265350342
11,2,24,0.7029764652252197,0.6258456707000732,0.6827736541954761,0.666361341567485,0.9654134511947632
11,2,25,0.46772974729537964,0.8733617067337036,0.450577459865672,0.9072184861312836,0.5951101183891296
11,2,26,0.6290640830993652,0.898204505443573,0.6629312724708013,0.9209734568932452,0.44842344522476196
11,2,27,0.542939305305481,1.1261961460113525,0.4969206778760649,1.1544424455669386,0.23963847756385803
11,2,28,0.7173659205436707,1.135365605354309,0.7476985775225867,1.1780554247445711,0.23791013658046722
11,2,29,0.6034819483757019,1.1624373197555542,0.5512969674138922,1.190467241261638,0.4016224145889282
11,2,30,0.7567242980003357,1.1754415035247803,0.7969327259015709,1.220104813180327,0.34767910838127136
11,2,31,0.44424188137054443,1.168363094329834,0.37601334758627447,1.2033696434083105,0.19003507494926453
11,2,32,0.6522278189659119,1.1775099039077759,0.6411703723068013,1.2192600711597346,0.1953372210264206
12,1,0,0.47505977749824524,0.10424639284610748,0.6743210466284884,0.11432681292054632,0.994961678981781
12,1,1,0.48535969853401184,0.08725661784410477,0.655766073834341,0.09086146855915976,0.9946688413619995
12,1,2,0.4796522557735443,0.08774387091398239,0.6513705249571426,0.09077841368256334,0.9944213032722473
12,1,3,0.4713670313358307,0.08786606788635254,0.6445801301063298,0.09053338414249246,0.9950516819953918
12,1,4,0.5016739368438721,0.08559063822031021,0.6530877514381767,0.09045795095352634,0.9956457614898682
12,1,5,0.5097723603248596,0.08509242534637451,0.6479041410486451,0.09016457289354526,0.9954435229301453
12,1,6,0.5143799781799316,0.0844540148973465,0.6410627020623783,0.0896718779810955,0.995952844619751
12,1,7,0.4602002501487732,0.09942997246980667,0.5975209836802641,0.10325893096140391,0.9954057335853577
12,1,8,0.5034735798835754,0.09513592720031738,0.5955537244230055,0.10030269994221448,0.9980079531669617
12,1,9,0.4644083082675934,0.12412075698375702,0.6505068856100149,0.13931482261348674,0.9972431659698486
12,1,10,0.4754635691642761,0.1259736865758896,0.6451942771539829,0.13924608426661464,0.9982559084892273
12,1,11,0.5290805697441101,0.23393568396568298,0.5930927394103938,0.25248380203644644,0.9956700205802917
12,1,12,0.5198399424552917,0.22171376645565033,0.5070833581429514,0.23270531846243478,0.9988788962364197
12,1,13,0.5511831045150757,0.45605432987213135,0.622862892043256,0.4693211043282626,0.4631633460521698
12,1,14,0.500523567199707,0.39503565430641174,0.38663705736276377,0.46211965222703416,0.5810246467590332
12,1,15,0.3289530873298645,0.4729974567890167,0.6107703182101276,0.5923897801236806,0.4844211935997009
12,1,16,0.33876919746398926,0.5224593281745911,0.28426410005748814,0.6333901984916925,0.5741643905639648
12,1,17,0.23023785650730133,0.4918026626110077,0.5932256125398626,0.6351923492665811,0.47222962975502014
12,1,18,0.321494996547699,0.5604864954948425,0.24541251218681762,0.6833746638739466,0.5454782843589783
12,1,19,0.3182968199253082,0.37080565094947815,0.6169942695903267,0.6153814359399074,0.4750105142593384
12,1,20,0.36552006006240845,0.49483171105384827,0.2822255477487992,0.6703511236818863,0.5468401908874512
12,1,21,0.3151179850101471,0.36894485354423523,0.6028006287794253,0.6026609145428065,0.4732818305492401
12,1,22,0.3704081177711487,0.47948789596557617,0.2976110517887429,0.6544863521443016,0.532831609249115
12,1,23,0.5870037078857422,0.5609242916107178,0.6025982310872937,0.6477003575076963,0.9560902714729309
12,1,24,0.5928152799606323,0.5784367322921753,0.543313820816594,0.6510604907894801,0.9628279805183411
12,1,25,0.6080477237701416,0.8686238527297974,0.6310249404537032,0.9256152888844078,0.5841041207313538
12,1,26,0.5491399168968201,0.8871335983276367,0.5562771209470283,0.939363973696165,0.4664832651615143
12,1,27,0.5818777680397034,1.1090601682662964,0.6129611255945255,1.1545435863489468,0.23746249079704285
12,1,28,0.6213533878326416,1.0374999046325684,0.5599786728898866,1.1669050299818795,0.2531839907169342
12,1,29,0.5880327224731445,1.1557326316833496,0.5995143477149119,1.188792566694847,0.38771775364875793
12,1,30,0.6488153338432312,1.0954533815383911,0.5301992142736739,1.2032589774943294,0.34386146068573
12,1,31,0.59366375207901,1.1425436735153198,0.6993680949857869,1.2239627275852751,0.19533444941043854
12,1,32,0.6324775218963623,1.064929723739624,0.6471530077394574,1.2400328951995345,0.21098832786083221
12,2,0,0.40938183665275574,0.1151464655995369,0.5049809797554073,0.11548994005252157,0.9935916066169739
12,2,1,0.4196648895740509,0.09785531461238861,0.5322725339545599,0.09315010349758897,0.9935023784637451
12,2,2,0.4187338948249817,0.09895134717226028,0.5399271320563238,0.09343945209190727,0.9930621385574341
12,2,3,0.4167815148830414,0.09987083077430725,0.5459237725865181,0.09368172409333198,0.9932225346565247
12,2,4,0.43068063259124756,0.09524727612733841,0.524628263643713,0.0925929887282485,0.9946646690368652
12,2,5,0.43897321820259094,0.09466367214918137,0.5273419418245593,0.09253448177773743,0.9946193695068359
12,2,6,0.4467398226261139,0.09409643709659576,0.5303148164288173,0.09227898316628598,0.9951898455619812
12,2,7,0.44443151354789734,0.1135210394859314,0.5929529528801144,0.10859960109227121,0.994691014289856
12,2,8,0.49113526940345764,0.10724969208240509,0.5788610467589606,0.10461742900534088,0.997915506362915
12,2,9,0.42295825481414795,0.13743719458580017,0.5313813847877408,0.14151939019511392,0.9967942237854004
12,2,10,0.43176788091659546,0.13710062205791473,0.5199091594272729,0.1413823642642741,0.9978994727134705
12,2,11,0.48398247361183167,0.2414206862449646,0.6347620108954143,0.24650495659594648,0.9957639575004578
12,2,12,0.6005752682685852,0.2215699404478073,0.6324512225809569,0.2353873788248619,0.9989073872566223
12,2,13,0.5241033434867859,0.4532974064350128,0.6224968743722165,0.4526024875395071,0.49791407585144043
12,2,14,0.5384852886199951,0.3980257213115692,0.5523435961399724,0.4267013579622165,0.5300697684288025
12,2,15,0.1968400925397873,0.43135154247283936,0.3175006560780817,0.3892877641013786,0.5157269835472107
12,2,16,0.2952952980995178,0.4091566801071167,0.3360180871866561,0.40886229835860943,0.5238162279129028
12,2,17,0.07129286229610443,0.43743565678596497,0.21000989892706826,0.37776764543783026,0.5014507174491882
12,2,18,0.2330506443977356,0.4205610156059265,0.2638594987188544,0.4071980050525474,0.4997347593307495
12,2,19,0.0942818894982338,0.40815290808677673,0.21934012035549522,0.3501960536239124,0.5027619004249573
12,2,20,0.18612425029277802,0.4062322974205017,0.2545136371090946,0.38653824573899653,0.5009910464286804
12,2,21,0.13374264538288116,0.4078434109687805,0.2538303097682272,0.35334127848164487,0.4953961670398712
12,2,22,0.19505427777767181,0.40891143679618835,0.2777929383540499,0.3904966707409134,0.48994722962379456
12,2,23,0.4901815950870514,0.6008157134056091,0.5829255564721793,0.6596701243332412,0.9538902044296265
12,2,24,0.679411768913269,0.5935524106025696,0.6821914146617812,0.653725364678416,0.961109459400177
12,2,25,0.425841748714447,0.8634468913078308,0.4462907718770604,0.899628549053582,0.6151189804077148
12,2,26,0.6037781238555908,0.8636219501495361,0.6526694323179258,0.9110247272194515,0.45667970180511475
12,2,27,0.4653966724872589,1.1045063734054565,0.4914564823037919,1.1457819943478362,0.2638285756111145
12,2,28,0.6909452676773071,1.0949572324752808,0.7378537698933594,1.1636292966013437,0.250888466835022
12,2,29,0.5102908611297607,1.1461750268936157,0.5441871789495853,1.1827869091110736,0.4187717139720917
12,2,30,0.697803795337677,1.1382486820220947,0.7797153108665029,1.2058948388163335,0.35261794924736023
12,2,31,0.4032410681247711,1.136391520500183,0.3807322688840261,1.1917476347620923,0.20422492921352386
12,2,32,0.6194803714752197,1.12527334690094,0.6374118416421148,1.2029383330322116,0.2048012614250183
13,1,0,0.6254510283470154,0.10406111180782318,0.6658456585307294,0.11254854498626027,0.9939712285995483
13,1,1,0.58717280626297,0.0883968248963356,0.6438631241249869,0.09043463275604759,0.9937913417816162
13,1,2,0.581908643245697,0.08910354226827621,0.6393165258502953,0.09048836035337891,0.9934099912643433
13,1,3,0.5756626725196838,0.08969127386808395,0.6326207965287693,0.09038755159220759,0.9935799241065979
13,1,4,0.579186737537384,0.08624422550201416,0.6402617327886778,0.08972816453042005,0.9948965907096863
13,1,5,0.5718945860862732,0.08586961030960083,0.6347113492355496,0.08942071498240867,0.9948598742485046
13,1,6,0.5632892847061157,0.0855146273970604,0.6275630569967747,0.08895187382468764,0.9953621029853821
13,1,7,0.533309280872345,0.10281144082546234,0.5863798355194854,0.10318143772416129,0.9948568940162659
13,1,8,0.5167322754859924,0.09680868685245514,0.5818717475635276,0.09969757554142611,0.9979726076126099
13,1,9,0.5992881655693054,0.1236182302236557,0.641623544781123,0.1365953489230034,0.9969570636749268
13,1,10,0.5934109687805176,0.12648482620716095,0.6362128784413268,0.13703535962312388,0.9980158805847168
13,1,11,0.47049182653427124,0.22313803434371948,0.5717836166138612,0.24739748823179947,0.9960076808929443
13,1,12,0.4965267479419708,0.2153741419315338,0.5052546862214178,0.22970250020016583,0.99896639585495
13,1,13,0.5876482725143433,0.4478110074996948,0.6167582820577379,0.4655937726480388,0.46781226992607117
13,1,14,0.4075948894023895,0.4296789765357971,0.3902686568798372,0.4564963864867172,0.5743285417556763
13,1,15,0.3642856180667877,0.5480532646179199,0.5677695417768482,0.5847017259240043,0.48709696531295776
13,1,16,0.24240396916866302,0.5919228196144104,0.2770060453745254,0.626200281436783,0.5612417459487915
13,1,17,0.3365960419178009,0.4453984498977661,0.5484407254773589,0.6021380518879396,0.4703265428543091
13,1,18,0.20064733922481537,0.6401098966598511,0.23765008003111468,0.6758726934862901,0.5323623418807983
13,1,19,0.3691461682319641,0.6431026458740234,0.5737535991693304,0.6201858680946095,0.47371965646743774
13,1,20,0.21487699449062347,0.6177591681480408,0.27053916939303896,0.6612292675849273,0.5344987511634827
13,1,21,0.2159915268421173,0.5341901779174805,0.5350377276380237,0.5907792273464391,0.4679904580116272
13,1,22,0.22722692787647247,0.599306046962738,0.28539682011918244,0.6449148147088866,0.5208642482757568
13,1,23,0.5300494432449341,0.6383429169654846,0.5900075032589278,0.6460794634209484,0.9559131264686584
13,1,24,0.5607017874717712,0.6457995772361755,0.546326492199222,0.650149308432717,0.9623479247093201
13,1,25,0.574181854724884,0.89500492811203,0.6211645402448259,0.9203095909418093,0.590176522731781
13,1,26,0.515383243560791,0.9365692734718323,0.5491867938770275,0.9388799721165455,0.455387681722641
13,1,27,0.5663197636604309,1.1235973834991455,0.6048728693065903,1.1491796255665616,0.2572088837623596
13,1,28,0.5785077214241028,1.1917015314102173,0.5631891553672234,1.17120223805893,0.25311776995658875
13,1,29,0.5544828176498413,1.154125452041626,0.591705648571208,1.1827829841533148,0.400997519493103
13,1,30,0.5552219152450562,1.230019211769104,0.5345356975448974,1.2078967739819757,0.3417331874370575
13,1,31,0.6442022919654846,1.1978827714920044,0.6897991043701202,1.21944289677971,0.20570972561836243
13,1,32,0.6031692028045654,1.2687891721725464,0.6395262250047437,1.2450169092400625,0.21270878612995148
13,2,0,0.47582733631134033,0.11230090260505676,0.4999279481994748,0.11493763915721045,0.992567241191864
13,2,1,0.464620977640152,0.09464183449745178,0.5205333141873901,0.09340843920768879,0.9927092790603638
13,2,2,0.4570513367652893,0.0955980122089386,0.5255395524225811,0.09381327575366445,0.9921714663505554
13,2,3,0.44917014241218567,0.09670116752386093,0.5291199520507249,0.09420465074863381,0.9917854070663452
13,2,4,0.49269169569015503,0.09269474446773529,0.5190924277360656,0.09261060989609461,0.993954062461853
13,2,5,0.5046501159667969,0.09245668351650238,0.5234096704918692,0.09252100936480816,0.9940906763076782
13,2,6,0.5164838433265686,0.09239905327558517,0.5279186838506713,0.09229977586774729,0.9945945143699646
13,2,7,0.459564745426178,0.11035124957561493,0.5697611408299766,0.10890295129369033,0.9940353035926819
13,2,8,0.552624523639679,0.10519455373287201,0.5743140370032347,0.10471737184068204,0.9977745413780212
13,2,9,0.47802382707595825,0.13524320721626282,0.5221265009806916,0.14043233390017804,0.9962450861930847
13,2,10,0.5049763321876526,0.1355566531419754,0.5173220487955803,0.14037334488517175,0.9974936246871948
13,2,11,0.44017675518989563,0.2385411560535431,0.6008681475678685,0.2451255290995412,0.9960311055183411
13,2,12,0.6694425344467163,0.21658621728420258,0.6388641453029633,0.2321297264235036,0.9988953471183777
13,2,13,0.4341624975204468,0.44701480865478516,0.5896983349494059,0.4516347026314344,0.5154765248298645
13,2,14,0.5932914018630981,0.3742576837539673,0.5594432937126137,0.41760533051645254,0.5257430672645569
13,2,15,0.13121210038661957,0.46077418327331543,0.28506035026254284,0.4016937232952227,0.5240281224250793
13,2,16,0.30251356959342957,0.4182521104812622,0.3302102480982806,0.4104887997028245,0.5104513168334961
13,2,17,0.055670931935310364,0.4716123640537262,0.18315889169074678,0.39406464837808913,0.5034221410751343
13,2,18,0.24572886526584625,0.4263482093811035,0.2607180985653379,0.41051617469771506,0.4853789210319519
13,2,19,0.059017717838287354,0.4641502797603607,0.1914431927544571,0.36999717479562794,0.5060569047927856
13,2,20,0.24545854330062866,0.41627436876296997,0.2529451339862906,0.39169228430731384,0.4873407483100891
13,2,21,0.0871986374258995,0.4540620446205139,0.22483008084921566,0.37083597153967846,0.4953443706035614
13,2,22,0.25278210639953613,0.4174703061580658,0.2734585376438281,0.39517151047344673,0.4763544797897339
13,2,23,0.4967784881591797,0.5904332399368286,0.5679687199789023,0.6476553540565376,0.9557825922966003
13,2,24,0.7107962965965271,0.5929690003395081,0.6871491982529591,0.6431849112294672,0.9613177180290222
13,2,25,0.4541642367839813,0.8486579656600952,0.4476545476580862,0.8907884056809852,0.6173696517944336
13,2,26,0.6205788850784302,0.8360905647277832,0.6471069098048151,0.8980190856937983,0.4510684311389923
13,2,27,0.5189164876937866,1.094399333000183,0.4962156851559645,1.1368702708048115,0.2913965880870819
13,2,28,0.6942368745803833,1.0800235271453857,0.7302906741703076,1.1491148180248414,0.2489343136548996
13,2,29,0.5644344687461853,1.1388710737228394,0.5476955589724073,1.1751719262063203,0.4355064034461975
13,2,30,0.711677610874176,1.1230313777923584,0.7679090322278116,1.1915095490682914,0.3446495831012726
13,2,31,0.42674174904823303,1.1153188943862915,0.38871080877681413,1.1784819950473557,0.22219955921173096
13,2,32,0.6319194436073303,1.104299545288086,0.6364605602434171,1.1858063111638977,0.206053227186203
14,1,0,0.7039726972579956,0.11304677277803421,0.6724556456284444,0.11263482472698413,0.9931814074516296
14,1,1,0.6749633550643921,0.09160128980875015,0.6492537613677211,0.09063667066168231,0.9932971596717834
14,1,2,0.6682133078575134,0.09178425371646881,0.6443249034951624,0.09071277986131233,0.9927968978881836
14,1,3,0.6597310900688171,0.09191936999559402,0.6373192868526295,0.09065282988163958,0.9924728870391846
14,1,4,0.6707733273506165,0.09025932848453522,0.6455502543685114,0.08982014803240396,0.9944471120834351
14,1,5,0.6623815298080444,0.08966626226902008,0.6395069676365597,0.08946323689174188,0.9945651888847351
14,1,6,0.653057336807251,0.08905132859945297,0.6319812758919998,0.088969096529207,0.9950310587882996
14,1,7,0.5866872668266296,0.10412878543138504,0.5864330736775049,0.10334549527129185,0.9944793581962585
14,1,8,0.5893880724906921,0.1007896438241005,0.5831736418486724,0.09988669598206176,0.9979491829872131
14,1,9,0.6729599833488464,0.1367180496454239,0.6470551561555314,0.13661659716835994,0.9965442419052124
14,1,10,0.665647566318512,0.13638947904109955,0.6413145714852622,0.1369235098212584,0.9977018237113953
14,1,11,0.5083137154579163,0.25047925114631653,0.56077148235179,0.24793120846637268,0.9961778521537781
14,1,12,0.5313698649406433,0.23060713708400726,0.5097806293888673,0.2298591609829876,0.9989755749702454
14,1,13,0.5294991731643677,0.46656909584999084,0.6016079041644559,0.46576267486393863,0.47955262660980225
14,1,14,0.38637393712997437,0.44148290157318115,0.38959413112028946,0.45389531194857397,0.571688175201416
14,1,15,0.6318286657333374,0.6041491031646729,0.5788837467708895,0.5880713974179392,0.4942888915538788
14,1,16,0.20445838570594788,0.6319509744644165,0.2644155417311365,0.6271963015703454,0.5552651286125183
14,1,17,0.6173691749572754,0.616277277469635,0.5604013211476883,0.6045875657595898,0.47249656915664673
14,1,18,0.10528803616762161,0.6917117238044739,0.2146377342340448,0.67861684434785,0.5292955040931702
14,1,19,0.6498385667800903,0.6491419672966003,0.5869589639296569,0.6252045214404275,0.4765433073043823
14,1,20,0.14067921042442322,0.6900800466537476,0.247963517476815,0.6662296761911031,0.5314382314682007
14,1,21,0.6197186708450317,0.6095615029335022,0.5497386518197068,0.5940335655834308,0.4687231779098511
14,1,22,0.16503164172172546,0.6746295094490051,0.2644777292487067,0.6500650904685006,0.5197391510009766
14,1,23,0.5563957095146179,0.6495383381843567,0.5841810353196814,0.6466785004768687,0.9587233066558838
14,1,24,0.5566415786743164,0.6584532856941223,0.5481133224104701,0.6515876704853538,0.9638917446136475
14,1,25,0.5930716395378113,0.9300349950790405,0.6162955515691667,0.9219942379180001,0.5844250321388245
14,1,26,0.5189492106437683,0.9483356475830078,0.5439457688943694,0.9405178819084681,0.4546912908554077
14,1,27,0.555205762386322,1.163101077079773,0.5962591246955394,1.1515914224066433,0.275083065032959
14,1,28,0.5634308457374573,1.1991041898727417,0.5632310094373179,1.176038073057554,0.24896332621574402
14,1,29,0.5187745690345764,1.1973661184310913,0.5790484331759509,1.1853094638463832,0.40936478972435
14,1,30,0.5424730777740479,1.2370084524154663,0.5359105539572058,1.2129424582938741,0.33433273434638977
14,1,31,0.6427496671676636,1.2425581216812134,0.6816399586556585,1.2234485545326288,0.21614748239517212
14,1,32,0.546256959438324,1.2754486799240112,0.6233294357601586,1.2502915911481058,0.21113000810146332
14,2,0,0.49866655468940735,0.1137891337275505,0.4997095016963457,0.11473874476732766,0.9911951422691345
14,2,1,0.48795104026794434,0.09483204036951065,0.5148854357702379,0.09365497579213065,0.9913780689239502
14,2,2,0.47937506437301636,0.09558267891407013,0.5175340324938806,0.09411970086877608,0.990900456905365
14,2,3,0.47061529755592346,0.0964784249663353,0.5189707228408007,0.09459842878184366,0.9898262619972229
14,2,4,0.5144651532173157,0.09309057891368866,0.5182910019443583,0.09269372767305434,0.9927244186401367
14,2,5,0.5241854786872864,0.09272650629281998,0.523544020008998,0.09255659563441059,0.993200421333313
14,2,6,0.5338879227638245,0.09250891208648682,0.5289525606650749,0.09233599236377615,0.9934442639350891
14,2,7,0.47350701689720154,0.10822378844022751,0.553044298750264,0.10878533777098848,0.9925494194030762
14,2,8,0.5614381432533264,0.10385774075984955,0.5720834342145745,0.10456850505608695,0.9973311424255371
14,2,9,0.49646270275115967,0.13279485702514648,0.517678812781729,0.13910944273679424,0.9951019287109375
14,2,10,0.5214754939079285,0.13248291611671448,0.5180413887944245,0.13900662939755296,0.9964346885681152
14,2,11,0.4034704864025116,0.22576946020126343,0.5664814037847142,0.24177167368523045,0.9960634112358093
14,2,12,0.6930397748947144,0.21123869717121124,0.6482610419062574,0.22850973819446346,0.9984248876571655
14,2,13,0.3645917475223541,0.39963382482528687,0.5504527031284481,0.44261559792448035,0.5296881198883057
14,2,14,0.649776816368103,0.3717682659626007,0.5751288992900585,0.4096567510089955,0.5204904675483704
14,2,15,0.14277756214141846,0.46173062920570374,0.2603156265339043,0.4121091319373127,0.5365139245986938
14,2,16,0.3920692801475525,0.43683698773384094,0.340942345618515,0.41505515273892263,0.5021741390228271
14,2,17,0.07820387929677963,0.479024201631546,0.16492631011498657,0.4088147517966136,0.5108125805854797
14,2,18,0.3329083323478699,0.45387762784957886,0.2732464761611326,0.4180349073025848,0.4792259633541107
14,2,19,0.08288031071424484,0.466590017080307,0.1725818327403624,0.38677282639468147,0.513798177242279
14,2,20,0.2977063059806824,0.448020339012146,0.260706891477588,0.401463185216502,0.4811438322067261
14,2,21,0.10979785770177841,0.45899680256843567,0.2048408869162211,0.38614332971086845,0.5025317668914795
14,2,22,0.3081888258457184,0.441680908203125,0.2794790849452673,0.40323684874752075,0.47134166955947876
14,2,23,0.5112695097923279,0.5684272646903992,0.55813329671572,0.6339026720847186,0.960767388343811
14,2,24,0.6972426176071167,0.567176878452301,0.6888976123892188,0.6299924531277411,0.964857280254364
14,2,25,0.4972976744174957,0.8261752724647522,0.45626410896172304,0.8795775611090451,0.6247036457061768
14,2,26,0.6335618495941162,0.8073537945747375,0.6447603399828503,0.8822757056771096,0.4749733805656433
14,2,27,0.5206904411315918,1.0532824993133545,0.50045712145191,1.1223589377552243,0.3360650837421417
14,2,28,0.705826997756958,1.0300405025482178,0.7260511538661145,1.1284208024754554,0.28224650025367737
14,2,29,0.5611845254898071,1.0983552932739258,0.5500324048746821,1.161838810535673,0.46280619502067566
14,2,30,0.73502516746521,1.071751356124878,0.7622088570844398,1.1706962559886633,0.37303438782691956
14,2,31,0.425859659910202,1.07651686668396,0.39515110555715677,1.1607704822267713,0.2640432119369507
14,2,32,0.5909475684165955,0.9940766096115112,0.6285682475029737,1.1524130448353258,0.2329857349395752
15,1,0,0.7261600494384766,0.10971066355705261,0.6817706125739227,0.11212840102821806,0.9917873740196228
15,1,1,0.6991272568702698,0.08825104683637619,0.6579032764217924,0.09022352079554247,0.991901159286499
15,1,2,0.6927839517593384,0.08848823606967926,0.6527287526873571,0.09032752821380212,0.9914356470108032
15,1,3,0.6847258806228638,0.08892142027616501,0.645540355226756,0.09035298480339443,0.9905543327331543
15,1,4,0.6941683292388916,0.08635932207107544,0.6539817342699892,0.08922077188606271,0.9931754469871521
15,1,5,0.6854724884033203,0.08510566502809525,0.6474778043035497,0.08870853409522363,0.9935739040374756
15,1,6,0.6753873825073242,0.08382807672023773,0.6395077121523557,0.08807868473290209,0.993847668170929
15,1,7,0.6045783162117004,0.10166794061660767,0.5895769913646303,0.1030549772567843,0.9929611682891846
15,1,8,0.6038593053817749,0.09736126661300659,0.5867580043394051,0.09944933231544506,0.9974493980407715
15,1,9,0.6973229646682739,0.1306757777929306,0.6557731510695756,0.13558763722111947,0.9954139590263367
15,1,10,0.6893977522850037,0.12963861227035522,0.649653147665766,0.1356617023218734,0.9967018961906433
15,1,11,0.5461154580116272,0.25194039940834045,0.5582323607986884,0.24862556629840407,0.9961637854576111
15,1,12,0.5087496638298035,0.223011314868927,0.5096020910969907,0.22867306976863067,0.9985325932502747
15,1,13,0.5726145505905151,0.47302350401878357,0.596582713669437,0.46702031139798117,0.4881749451160431
15,1,14,0.3787575960159302,0.3998197019100189,0.38771695980251736,0.44451576360592965,0.5634003281593323
15,1,15,0.6893277764320374,0.63542240858078,0.5980724474627543,0.5962828498384242,0.49657878279685974
15,1,16,0.3890635669231415,0.6292195320129395,0.28608177738400836,0.6275466860796961,0.5345690250396729
15,1,17,0.720491349697113,0.6903736591339111,0.5882565597362319,0.6194813697068536,0.47230786085128784
15,1,18,0.38144317269325256,0.7002736926078796,0.24366823408377503,0.6823696052288255,0.5057703256607056
15,1,19,0.7237977981567383,0.6962578296661377,0.6107522083359647,0.6375350294247556,0.47598499059677124
15,1,20,0.42294877767562866,0.7028652429580688,0.2784250519118863,0.672580834834477,0.5077831745147705
15,1,21,0.6958220601081848,0.6747390031814575,0.5751461324700271,0.6080431456010676,0.4665737748146057
15,1,22,0.42478832602500916,0.686057984828949,0.29237246422165,0.6563047147099036,0.4950169026851654
15,1,23,0.5822208523750305,0.648605227470398,0.5838415685712585,0.6470121720142075,0.961998701095581
15,1,24,0.5347773432731628,0.6561318635940552,0.545803001013316,0.652374697982709,0.9664655923843384
15,1,25,0.641686201095581,0.9376835227012634,0.6206958152788187,0.9247124433204529,0.591609001159668
15,1,26,0.57121342420578,0.9478453397750854,0.5486715977563094,0.9417870614442267,0.4761015474796295
15,1,27,0.6075435280799866,1.162779688835144,0.5982139123046019,1.15352955436632,0.31648486852645874
15,1,28,0.580022394657135,1.1931051015853882,0.5661402577032923,1.1789950899149184,0.2787059545516968
15,1,29,0.5815754532814026,1.196840524673462,0.5794860718061817,1.1873069986915756,0.43667367100715637
15,1,30,0.5531328320503235,1.2317851781845093,0.538894504250174,1.2162073049402147,0.35973817110061646
15,1,31,0.6992877721786499,1.237717628479004,0.684697651918018,1.2259205985138268,0.25560688972473145
15,1,32,0.6361054182052612,1.260556697845459,0.6255427070902685,1.252069747325555,0.23452959954738617
15,2,0,0.5203163623809814,0.1169605702161789,0.5032801931361447,0.11512352556684222,0.9916386008262634
15,2,1,0.5059309005737305,0.09732060879468918,0.513334341987765,0.09428982604856243,0.9920189380645752
15,2,2,0.49331530928611755,0.09744744747877121,0.5133369652246761,0.09469602679625222,0.9915375709533691
15,2,3,0.48057126998901367,0.09774434566497803,0.5123133171711014,0.09514326099916111,0.9906359910964966
15,2,4,0.5409640669822693,0.09605881571769714,0.5222199655808409,0.0932765213368358,0.9932121634483337
15,2,5,0.5530739426612854,0.0953182801604271,0.5286622499784136,0.09303487823020651,0.9935867190361023
15,2,6,0.5659902095794678,0.09458696842193604,0.5353735068540809,0.09272582187954535,0.9938272833824158
15,2,7,0.4675583839416504,0.107836052775383,0.5382024170546891,0.1086209447119935,0.9929741621017456
15,2,8,0.5893331170082092,0.10474732518196106,0.5750721101967331,0.10459947163175703,0.9974468946456909
15,2,9,0.5080428719520569,0.13247722387313843,0.5160096536613771,0.13796070752729933,0.9953294992446899
15,2,10,0.5413593649864197,0.13286784291267395,0.5220821875182452,0.13794337503695644,0.9965757727622986
15,2,11,0.34211108088493347,0.2252495288848877,0.5273644672516893,0.23890910024355821,0.9962230920791626
15,2,12,0.7307699918746948,0.2195732444524765,0.6625845950147472,0.22696178271125328,0.9982276558876038
15,2,13,0.2625609040260315,0.393909215927124,0.5001667991003352,0.4341687265556766,0.5365991592407227
15,2,14,0.7811247706413269,0.37101829051971436,0.6110221012837485,0.4029579234393883,0.5439485311508179
15,2,15,0.15691472589969635,0.43390098214149475,0.2423538098025911,0.4158853208433654,0.5198476910591125
15,2,16,0.6723328828811646,0.40095970034599304,0.398900186618015,0.4126132007690134,0.4870055913925171
15,2,17,0.10428229719400406,0.45666182041168213,0.1544053216679838,0.4171124043152195,0.4874870777130127
15,2,18,0.6470815539360046,0.4154304563999176,0.33870987847487954,0.4175838580276503,0.46125346422195435
15,2,19,0.12946313619613647,0.4458963871002197,0.16510520525955283,0.3970295294839171,0.4894915819168091
15,2,20,0.6110793948173523,0.4022190272808075,0.3220189956692805,0.4015940781492557,0.4630126953125
15,2,21,0.15076112747192383,0.43694984912872314,0.19546056275369456,0.3949549954760297,0.47439271211624146
15,2,22,0.6093062162399292,0.39876413345336914,0.3371607598232561,0.40246220250793174,0.45247626304626465
15,2,23,0.46881330013275146,0.5527851581573486,0.5426241017239855,0.6198212113664878,0.9651393890380859
15,2,24,0.6755034923553467,0.5460213422775269,0.6865772078713768,0.615414383822142,0.9687162041664124
15,2,25,0.4865133762359619,0.7922664880752563,0.46150716045146634,0.8644181441224524,0.6317113041877747
15,2,26,0.6530254483222961,0.7879093885421753,0.6461919669647399,0.8658878366467373,0.513502299785614
15,2,27,0.5384228229522705,0.9784224033355713,0.5070391819107746,1.0973255143731737,0.37874728441238403
15,2,28,0.6876543760299683,0.964377760887146,0.7193942650398334,1.0998732465676442,0.3274369239807129
15,2,29,0.5606526136398315,1.043697476387024,0.551872104315754,1.141307532928181,0.4883171319961548
15,2,30,0.6788357496261597,0.975000262260437,0.7477348499527302,1.1366081199282612,0.4040490388870239
15,2,31,0.46942758560180664,1.0216881036758423,0.40804236519911075,1.136584771310378,0.31116655468940735
15,2,32,0.6217588782310486,0.9715652465820312,0.627388820782519,1.1209251254067343,0.27013978362083435
16,1,0,0.7500863671302795,0.11811934411525726,0.6936251170370921,0.11316604369022627,0.9922090172767639
16,1,1,0.7250065207481384,0.09444862604141235,0.6695469657451167,0.09095527820395695,0.9925382733345032
16,1,2,0.7189157009124756,0.09398125112056732,0.6642131281826703,0.0909603155047683,0.9920742511749268
16,1,3,0.7109540700912476,0.09351543337106705,0.6568902972706891,0.09090068033824907,0.9913226962089539
16,1,4,0.7199833989143372,0.09374555945396423,0.6654339101009716,0.09000443914095137,0.9936665296554565
16,1,5,0.7115875482559204,0.09275949746370316,0.6586010801401222,0.08941012772465005,0.9939874410629272
16,1,6,0.7013658881187439,0.09164103120565414,0.6502396115160782,0.08869564486241442,0.9942499995231628
16,1,7,0.6189571619033813,0.10413480550050735,0.594669242286337,0.10324197795427677,0.9933986663818359
16,1,8,0.6178532242774963,0.1023663580417633,0.5921477994944062,0.0999545200287458,0.9975953698158264
16,1,9,0.7228429317474365,0.14284661412239075,0.6674110126854093,0.1368449536042323,0.9956395030021667
16,1,10,0.7131920456886292,0.14328153431415558,0.6606771784292206,0.13698153621244308,0.9968380928039551
16,1,11,0.5510996580123901,0.25524085760116577,0.5569969169964415,0.24977136844920234,0.9961721301078796
16,1,12,0.516440212726593,0.23876675963401794,0.5107864985975556,0.23042153100639218,0.9983620047569275
16,1,13,0.5850549936294556,0.485426664352417,0.5945857532199421,0.4702095146540714,0.49007198214530945
16,1,14,0.3849560618400574,0.46221888065338135,0.3872388156670084,0.44758305128688025,0.5851294994354248
16,1,15,0.7066515684127808,0.6514248847961426,0.6169361940697307,0.6058476396900212,0.47703817486763
16,1,16,0.4003599286079407,0.6643420457839966,0.30593941380478473,0.6339255968798458,0.5227871537208557
16,1,17,0.736981987953186,0.710337221622467,0.6141258643409361,0.6352578012219753,0.448038786649704
16,1,18,0.3577507436275482,0.7198487520217896,0.2634917638940345,0.6888671904188254,0.49203386902809143
16,1,19,0.7326237559318542,0.7140282988548279,0.6319336519727535,0.6508117794970021,0.45065629482269287
16,1,20,0.4022662937641144,0.7160068154335022,0.2999505973481748,0.6801107263095663,0.49398645758628845
16,1,21,0.710109293460846,0.6954942941665649,0.598611950858022,0.6232268165378348,0.43761977553367615
16,1,22,0.4153422713279724,0.6999903321266174,0.3137459658912893,0.6638796851150125,0.48108619451522827
16,1,23,0.5826548337936401,0.6573810577392578,0.5836360532969487,0.6488083170116454,0.9660279154777527
16,1,24,0.5183061361312866,0.6662436723709106,0.541037422498543,0.6547773966691798,0.9701535701751709
16,1,25,0.6467583775520325,0.9504974484443665,0.625212616487923,0.9291811115059913,0.5920864343643188
16,1,26,0.5256294012069702,0.9620438814163208,0.5446785992427248,0.9452970832279912,0.5128156542778015
16,1,27,0.6083032488822937,1.1656394004821777,0.5999616173303544,1.1556273887645088,0.35460779070854187
16,1,28,0.5425184369087219,1.2010060548782349,0.5620467498965558,1.182809257152163,0.32443979382514954
16,1,29,0.5779491662979126,1.1985483169555664,0.5792199122181236,1.1892543242094595,0.4606200158596039
16,1,30,0.5242812633514404,1.2372422218322754,0.5363628153449348,1.2198522319343263,0.39354103803634644
16,1,31,0.7079704999923706,1.2441338300704956,0.6887306338048822,1.229076322090135,0.29807940125465393
16,1,32,0.6424309611320496,1.27518892288208,0.6284687381938677,1.256076078767813,0.27221766114234924
16,2,0,0.5045219659805298,0.1194223016500473,0.5034952386671607,0.11586804390856772,0.9902948141098022
16,2,1,0.49029165506362915,0.09971918165683746,0.5093412313147662,0.09523018493840921,0.9913815259933472
16,2,2,0.4784022271633148,0.09966912120580673,0.5072808900079767,0.09555734989840874,0.9909154772758484
16,2,3,0.4662652313709259,0.09980379045009613,0.5043280290925802,0.09595044132842892,0.9900766015052795
16,2,4,0.5233341455459595,0.09895843267440796,0.522412914443204,0.09426063008749726,0.9924278855323792
16,2,5,0.534793496131897,0.09836166352033615,0.5297241934084423,0.09395746919274942,0.9927394390106201
16,2,6,0.5471354126930237,0.09780056029558182,0.5374110370561573,0.09360475205379082,0.9929754734039307
16,2,7,0.4578361511230469,0.10906010866165161,0.5242515534576935,0.10869699605297348,0.9925147294998169
16,2,8,0.5738158226013184,0.106204554438591,0.5748545489688756,0.10487743838567423,0.9970048069953918
16,2,9,0.4943220913410187,0.13477694988250732,0.5122515301270949,0.13740932111469373,0.9945390224456787
16,2,10,0.5256257057189941,0.13533297181129456,0.5226958836878333,0.13749129412309719,0.9956910014152527
16,2,11,0.33911755681037903,0.22787326574325562,0.49458049736163406,0.23699738238383153,0.9960793852806091
16,2,12,0.7220454216003418,0.21831028163433075,0.672899876755979,0.22546320581584076,0.9977946281433105
16,2,13,0.26290664076805115,0.3924442231655121,0.4587866076325619,0.4269341965915456,0.5375350117683411
16,2,14,0.7660816311836243,0.3716704547405243,0.6379991713566407,0.3975347486860083,0.5640026926994324
16,2,15,0.1685493439435959,0.4286012351512909,0.22954456406856688,0.418088189879312,0.4858958423137665
16,2,16,0.6166982650756836,0.40051424503326416,0.43686377776291807,0.41051725516223725,0.47552725672721863
16,2,17,0.12152057141065598,0.4490801990032196,0.14870497750004025,0.4226536258651528,0.44770750403404236
16,2,18,0.6103560924530029,0.4229191243648529,0.3861357279504763,0.41850791930210546,0.447651207447052
16,2,19,0.14743295311927795,0.4327857196331024,0.16204324360915554,0.40322813313255285,0.44901135563850403
16,2,20,0.5791818499565125,0.4111507833003998,0.36689674274305145,0.40324949773256996,0.44939231872558594
16,2,21,0.16335295140743256,0.42950624227523804,0.18989506084801427,0.4009444924599981,0.4328311085700989
16,2,22,0.5823096632957458,0.40685486793518066,0.37992653866735215,0.4032229850210683,0.43863481283187866
16,2,23,0.4669434726238251,0.5628576278686523,0.5294885591778157,0.6099398647081193,0.9679763913154602
16,2,24,0.6685892939567566,0.554200291633606,0.6834605420216173,0.604794358217937,0.9708554744720459
16,2,25,0.4970783591270447,0.812318742275238,0.467673638885536,0.8553819019208151,0.6307583451271057
16,2,26,0.6279304623603821,0.8021824359893799,0.6430278665636845,0.8548347624312527,0.5300295948982239
16,2,27,0.5436499118804932,0.9884216785430908,0.5133860745844733,1.0784047530235508,0.40132009983062744
16,2,28,0.6595742106437683,0.974879264831543,0.7090165339598514,1.0781464894952912,0.3445844054222107
16,2,29,0.5550147294998169,1.0641170740127563,0.552416367147266,1.1279093469116477,0.5029988288879395
16,2,30,0.6892159581184387,1.0454933643341064,0.7375832261624932,1.120786355088584,0.41794395446777344
16,2,31,0.4344156086444855,1.0457090139389038,0.4126130740045787,1.1208046832945953,0.32655009627342224
16,2,32,0.5960714817047119,0.9705249667167664,0.621960461448057,1.0947622308044271,0.2819940149784088
17,1,0,0.763455867767334,0.12196020036935806,0.7057430838806888,0.11468933663667465,0.9907610416412354
17,1,1,0.7381855249404907,0.0966608077287674,0.6814576293368383,0.09194347829288506,0.9916553497314453
17,1,2,0.7321612238883972,0.09595513343811035,0.6760037302342652,0.09182540157310087,0.9911743998527527
17,1,3,0.7240933179855347,0.09525518119335175,0.6685513476717442,0.09165485107780412,0.9905641078948975
17,1,4,0.7326680421829224,0.09654030203819275,0.6771003839926414,0.091136481564771,0.9926834106445312
17,1,5,0.7239519953727722,0.09574469178915024,0.6699401412904513,0.09050729759986076,0.9929062128067017
17,1,6,0.7132693529129028,0.0948343425989151,0.6611751662140158,0.08975888370836702,0.9932193160057068
17,1,7,0.6288802027702332,0.10465198010206223,0.6005996454951674,0.1034861593841984,0.9927247762680054
17,1,8,0.6236256957054138,0.10324416309595108,0.5976039917249104,0.1005242462001218,0.9970071315765381
17,1,9,0.7388383150100708,0.1472155898809433,0.6798066272719445,0.138641403870037,0.9947706460952759
17,1,10,0.7273357510566711,0.14709404110908508,0.6722435742095869,0.1387332581919004,0.9959644079208374
17,1,11,0.547935426235199,0.2586163580417633,0.5554273007692329,0.25130346849878354,0.9960013628005981
17,1,12,0.49590373039245605,0.24079492688179016,0.5082080885843897,0.23221845908426922,0.9979285001754761
17,1,13,0.5874801278114319,0.48957571387290955,0.5933550015031553,0.47356512436644876,0.49058082699775696
17,1,14,0.41394421458244324,0.45599400997161865,0.39186713958952996,0.4490399493008082,0.5965422987937927
17,1,15,0.733060359954834,0.658332884311676,0.6371154142769991,0.6149508723312404,0.4470151960849762
17,1,16,0.48015910387039185,0.6867663860321045,0.3362671652166986,0.6430905908559522,0.49653390049934387
17,1,17,0.7663220167160034,0.7158144116401672,0.6406018179606268,0.6492415651634613,0.4129962921142578
17,1,18,0.48478570580482483,0.7449579834938049,0.3020682050844178,0.698596829446886,0.4642268419265747
17,1,19,0.7645105719566345,0.7127829790115356,0.6549832142218245,0.6615633107798492,0.4149140417575836
17,1,20,0.5286217927932739,0.7372246980667114,0.3398218425266722,0.6900181393867693,0.4659123420715332
17,1,21,0.739861249923706,0.6963176727294922,0.6231755252271823,0.6359117582088931,0.4006706774234772
17,1,22,0.5250532031059265,0.719875156879425,0.35057054256853076,0.6735927489498185,0.45267558097839355
17,1,23,0.5960527658462524,0.6675284504890442,0.5857870651081918,0.65205191731382,0.9691717028617859
17,1,24,0.5216973423957825,0.6777400374412537,0.5376863447004537,0.6587565947808717,0.9723476767539978
17,1,25,0.6647384166717529,0.9525083899497986,0.6320654515214946,0.9332235457272087,0.593874454498291
17,1,26,0.530312716960907,0.9675348997116089,0.5421897740675208,0.9491505943375045,0.5249927639961243
17,1,27,0.603860080242157,1.1677546501159668,0.6006367952534001,1.1577282412003431,0.3742446005344391
17,1,28,0.5363253951072693,1.2045131921768188,0.5575891240976539,1.1865701880035624,0.3343675434589386
17,1,29,0.5632100105285645,1.201214075088501,0.5764461293183993,1.1913261479948891,0.47391220927238464
17,1,30,0.5323179960250854,1.2459322214126587,0.5356622877772562,1.2243720552894277,0.4019983410835266
17,1,31,0.7071410417556763,1.2452541589736938,0.6919205333180369,1.2318792111318069,0.31083497405052185
17,1,32,0.6463561654090881,1.2735573053359985,0.6315679784820575,1.2591048969363372,0.2771783173084259
17,2,0,0.5148093700408936,0.11866509914398193,0.5054551724300121,0.11635245270024841,0.9912691116333008
17,2,1,0.4967016577720642,0.09898689389228821,0.507151582736939,0.0958808104102947,0.9922869205474854
17,2,2,0.4827069640159607,0.09928465634584427,0.5030222328671689,0.09620288257311992,0.9918200969696045
17,2,3,0.4677104949951172,0.09981509298086166,0.4979799160064765,0.09661976360233877,0.9913197755813599
17,2,4,0.535010576248169,0.09793016314506531,0.5245952780282448,0.09489615587249324,0.9931603670120239
17,2,5,0.5483595728874207,0.09752555191516876,0.5329530919598113,0.09457542292647551,0.9933091402053833
17,2,6,0.5627161860466003,0.09731975942850113,0.541796467909613,0.09424815440601633,0.9936493039131165
17,2,7,0.4479624032974243,0.11057823151350021,0.5110100724960834,0.10902278937728836,0.9932331442832947
17,2,8,0.5838041305541992,0.10875026136636734,0.5764047668666998,0.10554817601385885,0.9970594644546509
17,2,9,0.4978898763656616,0.1350550353527069,0.509763425008486,0.13700159887502056,0.9949759840965271
17,2,10,0.5374199748039246,0.1354711651802063,0.5252467842619735,0.13714144567310357,0.9960178732872009
17,2,11,0.29648223519325256,0.2218734323978424,0.46007069586673965,0.234377165742759,0.9962422251701355
17,2,12,0.7170857191085815,0.22335603833198547,0.6805617412545705,0.22509828287862566,0.9976835250854492
17,2,13,0.18045659363269806,0.3808576166629791,0.41018393630135846,0.41894402382919516,0.5348770022392273
17,2,14,0.8169877529144287,0.36466461420059204,0.6691617144482835,0.3918369738113492,0.6256551742553711
17,2,15,0.2067113071680069,0.37408456206321716,0.22558776321395438,0.4104579796125339,0.41717320680618286
17,2,16,0.7406539916992188,0.381504625082016,0.4899521481282699,0.40548873777863476,0.46205025911331177
17,2,17,0.20694977045059204,0.37827855348587036,0.15880886983154582,0.4149589311710187,0.38286566734313965
17,2,18,0.7425205111503601,0.38313621282577515,0.44851290092905516,0.4123760685081291,0.4298975467681885
17,2,19,0.24051502346992493,0.3619929850101471,0.17566423536127482,0.3960785847927971,0.38440707325935364
17,2,20,0.6998660564422607,0.37902337312698364,0.42513489138276656,0.3990511921822311,0.431667685508728
17,2,21,0.2506031394004822,0.3626147210597992,0.20042704574475698,0.3942992681066552,0.3713228702545166
17,2,22,0.6986408829689026,0.3767872750759125,0.43564768074763216,0.39864146089754127,0.42026853561401367
17,2,23,0.41878166794776917,0.5430229306221008,0.51025349976568,0.5983284676496666,0.9720495939254761
17,2,24,0.6754702925682068,0.5336556434631348,0.6820765318264407,0.5924488373358704,0.9742257595062256
17,2,25,0.44583672285079956,0.7667437791824341,0.46388964329320065,0.8399914495839365,0.6282815933227539
17,2,26,0.6331690549850464,0.7241581678390503,0.6413201001113545,0.8321164761346366,0.5458879470825195
17,2,27,0.48416921496391296,0.9613043665885925,0.5083221328183912,1.058054926473442,0.4245144724845886
17,2,28,0.6422613859176636,0.9006978273391724,0.6974332750707877,1.0472535258162747,0.35393574833869934
17,2,29,0.5101151466369629,1.0223904848098755,0.5450817278245198,1.1095785604735398,0.5139139294624329
17,2,30,0.6621778607368469,0.9335048198699951,0.7244955818311196,1.0881719572979167,0.4230007231235504
17,2,31,0.5100173950195312,0.9660735130310059,0.4295300667053842,1.09388507009023,0.35268157720565796
17,2,32,0.6305818557739258,0.9278110861778259,0.6234538196100743,1.0657058056030453,0.2935243248939514
18,1,0,0.7682086825370789,0.12320424616336823,0.7165805739842518,0.11616424703728212,0.9920259118080139
18,1,1,0.7408610582351685,0.09736275672912598,0.691762905933829,0.09288209151200813,0.9929108023643494
18,1,2,0.7351446747779846,0.09658472239971161,0.686263387954217,0.09264969449107414,0.992482602596283
18,1,3,0.7274484038352966,0.09561919420957565,0.6787686190172493,0.09234144103543905,0.992063581943512
18,1,4,0.7340035438537598,0.09731989353895187,0.6869711802212499,0.0922074664913849,0.9937227964401245
18,1,5,0.724077582359314,0.09673614799976349,0.6793304007238243,0.0915861540687854,0.9938504099845886
18,1,6,0.7119181156158447,0.09597773849964142,0.6699757484568873,0.09083600858391726,0.994178056716919
18,1,7,0.6352201700210571,0.10446682572364807,0.6066011253310533,0.10365598708255536,0.993750810623169
18,1,8,0.6242281794548035,0.10384773463010788,0.6022182012862519,0.10109983456911568,0.9972776770591736
18,1,9,0.7454923391342163,0.1491786390542984,0.6912038924665119,0.14046672239487717,0.9953740835189819
18,1,10,0.7334473133087158,0.1485329270362854,0.6828617409756281,0.14043077376438176,0.996357262134552
18,1,11,0.5673028230667114,0.2614167332649231,0.5574845236061357,0.2530553219078497,0.9963619112968445
18,1,12,0.4760694205760956,0.23845703899860382,0.5026372401254388,0.23329900081290889,0.9978632926940918
18,1,13,0.6325756311416626,0.4956839382648468,0.6001548620695075,0.47739800113326175,0.49261805415153503
18,1,14,0.3609396517276764,0.47376152873039246,0.38650644247847654,0.45332417972346645,0.6561199426651001
18,1,15,0.7582268118858337,0.6491158604621887,0.6581645089778474,0.6208733195186968,0.39011451601982117
18,1,16,0.41823315620422363,0.6812639832496643,0.35049635787132705,0.6497086830479747,0.49265798926353455
18,1,17,0.8158425688743591,0.7121105790138245,0.6711077819068476,0.6601491854964001,0.3583216965198517
18,1,18,0.40783223509788513,0.7402223944664001,0.3204418540447366,0.7058141693091351,0.45505598187446594
18,1,19,0.8109074234962463,0.710860013961792,0.682110950954055,0.6701126750595219,0.36093154549598694
18,1,20,0.450464129447937,0.7366697788238525,0.35904578404569387,0.6981081477904266,0.4570923149585724
18,1,21,0.7848609089851379,0.6942530870437622,0.6513103318490654,0.6460324542579707,0.34974485635757446
18,1,22,0.45413240790367126,0.718116819858551,0.3685604258332003,0.6813133158129067,0.44327330589294434
18,1,23,0.607572078704834,0.6730631589889526,0.5895620596592249,0.6556927447960919,0.9725940823554993
18,1,24,0.4990979731082916,0.6793085336685181,0.5309962251379412,0.6623177851592522,0.9752222299575806
18,1,25,0.6782623529434204,0.9747037291526794,0.6400765046805006,0.9404156557662977,0.6049264669418335
18,1,26,0.5149103403091431,0.9849154353141785,0.5374618997798359,0.9553506740366783,0.5467603206634521
18,1,27,0.5994705557823181,1.1890431642532349,0.6004348294362096,1.1631561744239978,0.402617871761322
18,1,28,0.5015274286270142,1.2346174716949463,0.5478645269505606,1.1949025741439536,0.35707613825798035
18,1,29,0.5610517859458923,1.2160476446151733,0.5737790440821383,1.1956103698743066,0.48792392015457153
18,1,30,0.4857946038246155,1.2726961374282837,0.5270137397840979,1.2327525153678356,0.41027843952178955
18,1,31,0.6922236680984497,1.2749444246292114,0.6919730277483519,1.239346496964948,0.3405625522136688
18,1,32,0.6384429335594177,1.3166543245315552,0.632758764225453,1.2690879863503717,0.3024282455444336
18,2,0,0.5258652567863464,0.1230846717953682,0.508991756861453,0.11751851188629989,0.9923768639564514
18,2,1,0.5068433880805969,0.10394790023565292,0.5070982116936901,0.09727813299663458,0.9933875799179077
18,2,2,0.491804838180542,0.10383579134941101,0.5010790423503194,0.09752498222656482,0.9929699897766113
18,2,3,0.4763985276222229,0.10385800153017044,0.49424020229995225,0.09787348726592986,0.9926390647888184
18,2,4,0.5466738343238831,0.10285574942827225,0.5284211626116296,0.0962748542762379,0.9940665364265442
18,2,5,0.5613561868667603,0.10212641209363937,0.5378758619189902,0.09588333001551443,0.994124174118042
18,2,6,0.5765301585197449,0.10158181190490723,0.5478175915518882,0.09551840917055324,0.994477391242981
18,2,7,0.4513694941997528,0.11430241912603378,0.5006634540273843,0.10993721179338596,0.9941165447235107
18,2,8,0.5949103832244873,0.11294310539960861,0.5796111728770418,0.1068290459728538,0.9972719550132751
18,2,9,0.507078230381012,0.13974368572235107,0.5092983883038839,0.1374764871581576,0.9955217242240906
18,2,10,0.5470008254051208,0.14032061398029327,0.5290163993694897,0.1376920371383064,0.9963741302490234
18,2,11,0.2749761641025543,0.22623881697654724,0.42783866653330666,0.23296749692899102,0.9965329766273499
18,2,12,0.7172574400901794,0.22378955781459808,0.6869233786537524,0.2248716410435512,0.9975948333740234
18,2,13,0.1462104767560959,0.3808667063713074,0.3641075834909041,0.4123425928424139,0.5363875031471252
18,2,14,0.8342031240463257,0.35737642645835876,0.6978841357615408,0.3858632282980923,0.6842219233512878
18,2,15,0.22023776173591614,0.35559573769569397,0.22466114371256182,0.40094178544452613,0.36063870787620544
18,2,16,0.7748537063598633,0.3820359408855438,0.5397122646402692,0.40142453776240283,0.46393999457359314
18,2,17,0.23524165153503418,0.36905089020729065,0.17207513767984986,0.4069980456814053,0.32974669337272644
18,2,18,0.7685782313346863,0.3987714946269989,0.504473697814509,0.410019192572353,0.4259335398674011
18,2,19,0.2729567885398865,0.35672199726104736,0.1925616587770734,0.38925512945409674,0.33208340406417847
18,2,20,0.7226108312606812,0.38777658343315125,0.4771109504139764,0.3970981001282519,0.42843756079673767
18,2,21,0.2686540186405182,0.35626882314682007,0.21226613879357867,0.38770599259005756,0.3224170207977295
18,2,22,0.7183105945587158,0.38189706206321716,0.48501363314546303,0.3957403638847294,0.4160307049751282
18,2,23,0.4063276946544647,0.556318461894989,0.49220028347511685,0.5910443533155231,0.9751799702644348
18,2,24,0.6570873856544495,0.5495547652244568,0.677745890974347,0.5850112368031023,0.9769664406776428
18,2,25,0.430020272731781,0.7712855935096741,0.4580184896655104,0.8280689992290697,0.6407799124717712
18,2,26,0.6258472800254822,0.7279595732688904,0.6386394104627424,0.8140229955886386,0.5715258121490479
18,2,27,0.46499043703079224,0.967441737651825,0.5008085851229626,1.0423205358664247,0.45480528473854065
18,2,28,0.6199404001235962,0.8488889336585999,0.683982488525341,1.0126975309360544,0.37878280878067017
18,2,29,0.4697173833847046,0.9788699746131897,0.5320012782513485,1.0868546609483483,0.5303239822387695
18,2,30,0.6028662919998169,0.8744281530380249,0.7033558931449909,1.050919731933261,0.43428343534469604
18,2,31,0.4864012598991394,0.9695987105369568,0.43939536355602116,1.0722817535030496,0.3865148425102234
18,2,32,0.6020122170448303,0.8722326159477234,0.6197383644644526,1.0320067198218306,0.32053104043006897
19,1,0,0.7768270373344421,0.12655200064182281,0.727032370530783,0.11796366353275271,0.9929673671722412
19,1,1,0.7493630647659302,0.10072020441293716,0.7017548214449426,0.09423974299691139,0.9938378930091858
19,1,2,0.7434660196304321,0.09990108758211136,0.6961862239889326,0.09390569719528115,0.9934418797492981
19,1,3,0.7358213067054749,0.09891024976968765,0.6886653981054359,0.09347919100524368,0.9931934475898743
19,1,4,0.7430516481399536,0.10066168010234833,0.696699034962191,0.09367186083609004,0.9944932460784912
19,1,5,0.733599841594696,0.10000595450401306,0.6887436001490561,0.09304458603749274,0.994526743888855
19,1,6,0.7217900156974792,0.09919789433479309,0.6789624291355761,0.09228440636632551,0.9948789477348328
19,1,7,0.6439065933227539,0.10698671638965607,0.6130685674582744,0.10423282962336605,0.9944949746131897
19,1,8,0.6317753195762634,0.1067965105175972,0.6073411677250681,0.10208650097707152,0.997445821762085
19,1,9,0.753361165523529,0.1525818407535553,0.7019878025473311,0.1425654702209555,0.995803952217102
19,1,10,0.7405688166618347,0.15188223123550415,0.6928722358052459,0.1424145135547532,0.9966612458229065
19,1,11,0.5517034530639648,0.2604326903820038,0.5564832357871382,0.2543331492414974,0.9965378642082214
19,1,12,0.48495662212371826,0.24111606180667877,0.499573849006749,0.23465300476044976,0.9977759718894958
19,1,13,0.6604437828063965,0.4997254014015198,0.6106140442540369,0.48126704771883094,0.4899981915950775
19,1,14,0.3838561773300171,0.5022374987602234,0.3860474587728284,0.4618069808093559,0.7064777612686157
19,1,15,0.7850674390792847,0.6570666432380676,0.6802240709866952,0.6271477596290208,0.33513593673706055
19,1,16,0.47897061705589294,0.711639404296875,0.37283038938247093,0.6604532261377705,0.48514288663864136
19,1,17,0.875807523727417,0.7069683074951172,0.7067735364232399,0.6682682869306511,0.307590126991272
19,1,18,0.48500174283981323,0.7729934453964233,0.3490799857080192,0.7174711335806049,0.44272032380104065
19,1,19,0.8760380148887634,0.7049388885498047,0.7158889034781564,0.6761498535671371,0.310504674911499
19,1,20,0.5317466259002686,0.7654164433479309,0.3891080109724952,0.7097875352634393,0.4452943205833435
19,1,21,0.8450661301612854,0.6916074156761169,0.6850581901995145,0.6539354998819376,0.3025505542755127
19,1,22,0.5271363258361816,0.746273398399353,0.39615222276977263,0.6925844453788986,0.4318416118621826
19,1,23,0.6258604526519775,0.685977578163147,0.5958547341605718,0.6609419629908844,0.9756650328636169
19,1,24,0.5105295181274414,0.6995623111724854,0.5274498126510355,0.6687746640587786,0.9780535697937012
19,1,25,0.7240666747093201,0.9769009351730347,0.6546578498945368,0.9467407693722301,0.6085264682769775
19,1,26,0.547116219997406,0.99820876121521,0.5391342301809334,0.96278200058814,0.5736233592033386
19,1,27,0.6288943886756897,1.1950294971466064,0.6053674042169874,1.168680990572451,0.42559483647346497
19,1,28,0.5637029409408569,1.2437248229980469,0.5506085826708836,1.2033695574594716,0.3727003335952759
19,1,29,0.5793673992156982,1.2230595350265503,0.5747469455729024,1.200367685257175,0.5021970272064209
19,1,30,0.5423603057861328,1.2827880382537842,0.5296725457363898,1.2414302278284732,0.41999566555023193
19,1,31,0.7473323941230774,1.275931715965271,0.7015755835150193,1.2456889535773008,0.3671901822090149
19,1,32,0.6185526251792908,1.3213083744049072,0.6302976240074831,1.2781452088094822,0.3169807493686676
19,2,0,0.5476593375205994,0.11992445588111877,0.5156956126003382,0.11793518107572536,0.9932904839515686
19,2,1,0.5254174470901489,0.10085780918598175,0.5102723014025783,0.09789809482373017,0.9942682385444641
19,2,2,0.5108409523963928,0.10064490884542465,0.5027700075090914,0.09806531285186872,0.99387526512146
19,2,3,0.4949694275856018,0.10065853595733643,0.49436648484769347,0.09835581654355956,0.9937041997909546
19,2,4,0.5658107399940491,0.09997489303350449,0.5349032027964434,0.0969156639355655,0.9948087930679321
19,2,5,0.5789079070091248,0.09931232780218124,0.5449901588130606,0.09647719325272217,0.9947576522827148
19,2,6,0.5931654572486877,0.09890246391296387,0.5556812040483252,0.09610448799358313,0.9951419830322266
19,2,7,0.4657423794269562,0.10946881026029587,0.49460974503404914,0.10985609722059961,0.9948211908340454
19,2,8,0.6097057461738586,0.10952269285917282,0.5848273764807895,0.10729554452214034,0.9974533915519714
19,2,9,0.5253556370735168,0.1351783126592636,0.5120803657631866,0.13707848311248857,0.9959705471992493
19,2,10,0.5670670866966248,0.13537560403347015,0.5356131850342469,0.13729087079729566,0.9967267513275146
19,2,11,0.2855744957923889,0.22122564911842346,0.4030966874106786,0.23093343454171197,0.9966912865638733
19,2,12,0.7138806581497192,0.218057319521904,0.6915953785398451,0.22369135806709706,0.9974699020385742
19,2,13,0.1372000128030777,0.36373913288116455,0.32454452602074435,0.40391359094601437,0.5321769714355469
19,2,14,0.8382157683372498,0.3390364348888397,0.7222882992214306,0.37774277674126056,0.7285906672477722
19,2,15,0.2183375358581543,0.32036715745925903,0.22356586506879447,0.38695483271719516,0.3102603256702423
19,2,16,0.8075674176216125,0.3652428984642029,0.5864717357792805,0.39515212340649314,0.45781031250953674
19,2,17,0.24758724868297577,0.33113840222358704,0.18518126665044904,0.39383144098401607,0.28404417634010315
19,2,18,0.7987317442893982,0.3799084424972534,0.5558833302384322,0.40480017498179044,0.4160732924938202
19,2,19,0.28810927271842957,0.31892555952072144,0.20915519428326912,0.37705038516579886,0.2867254912853241
19,2,20,0.7749274969100952,0.3699193000793457,0.5291474103516471,0.39238768580657585,0.41911977529525757
19,2,21,0.28147947788238525,0.3200848698616028,0.22427676354298065,0.3759722114309161,0.28038057684898376
19,2,22,0.7662181258201599,0.36556312441825867,0.5341230616207613,0.390509811954544,0.4064696133136749
19,2,23,0.40021365880966187,0.5466634035110474,0.47622675377156937,0.5833485957565516,0.9779095649719238
19,2,24,0.6562223434448242,0.5375534892082214,0.6740162295235398,0.5767811950037661,0.9794331789016724
19,2,25,0.43356576561927795,0.7529491782188416,0.45378088100601344,0.8150310319661848,0.6419024467468262
19,2,26,0.6340146660804749,0.7068180441856384,0.6378384278179102,0.7953983149502746,0.5846542716026306
19,2,27,0.4567667543888092,0.9467551112174988,0.4931717364937444,1.025723759321375,0.47145453095436096
19,2,28,0.6394973993301392,0.8369019031524658,0.6762686478360487,0.9820936381485148,0.38232970237731934
19,2,29,0.518455445766449,1.008607029914856,0.5296545805397332,1.0732725051231855,0.5409075021743774
19,2,30,0.6162457466125488,0.8645778894424438,0.6882313909206168,1.0184696068142605,0.4345622956752777
19,2,31,0.46354609727859497,0.9947776198387146,0.4435806149368118,1.0588289146667071,0.4012278914451599
19,2,32,0.609613835811615,0.8500154614448547,0.6179845572060088,1.0003183082149476,0.32292065024375916
20,1,0,0.7912490963935852,0.12616924941539764,0.7381742803756379,0.11938498128253827,0.9938789010047913
20,1,1,0.7625325918197632,0.10030893981456757,0.7122989711159063,0.09529094194994688,0.994737982749939
20,1,2,0.7567189335823059,0.09969589859247208,0.7066877797960128,0.09490856508474786,0.9943755269050598
20,1,3,0.7493077516555786,0.09895209968090057,0.6991860084391771,0.09442709448000186,0.9942423701286316
20,1,4,0.7552127242088318,0.10026624798774719,0.7068497098917087,0.09481404200445988,0.9952437877655029
20,1,5,0.7449036240577698,0.09979991614818573,0.6984852854754687,0.09421464900101324,0.9951945543289185
20,1,6,0.7326168417930603,0.09926721453666687,0.6882687842094839,0.09349387814045194,0.9955539107322693
20,1,7,0.6617829203605652,0.10616334527730942,0.6215168028115124,0.10456715780792622,0.9952225089073181
20,1,8,0.6419097185134888,0.10705512762069702,0.6133336414600556,0.10294705014810655,0.9976536631584167
20,1,9,0.7667697668075562,0.15308119356632233,0.7132279754820092,0.14438706129292544,0.996281087398529
20,1,10,0.7540290951728821,0.15211264789104462,0.7034822733924637,0.1440944361181295,0.997008740901947
20,1,11,0.5900818705558777,0.27052661776542664,0.5623074042708901,0.2571387486777201,0.9967573881149292
20,1,12,0.474812388420105,0.2426014244556427,0.49528269884268206,0.23602976703104003,0.9976708292961121
20,1,13,0.6400886178016663,0.5023608207702637,0.6157226979461468,0.4849221877853781,0.48785725235939026
20,1,14,0.33782991766929626,0.4937288463115692,0.3776855082176567,0.46734021613010157,0.7492846846580505
20,1,15,0.8167303800582886,0.6717736124992371,0.7039598824550289,0.634886015637439,0.29126593470573425
20,1,16,0.42525920271873474,0.7323346734046936,0.38192391600760167,0.6729278802026921,0.4873737394809723
20,1,17,0.9005110263824463,0.7322189807891846,0.7405185011498249,0.6793639533184636,0.26652082800865173
20,1,18,0.41786715388298035,0.7960729002952576,0.3610166970170586,0.7311148132140461,0.4412442743778229
20,1,19,0.8995957970619202,0.7328613996505737,0.7478771738190809,0.6859873539089951,0.2699834704399109
20,1,20,0.4874183237552643,0.7944060564041138,0.40618302421056524,0.7244782404654675,0.44487786293029785
20,1,21,0.8670269250869751,0.7185742855072021,0.7167420865419634,0.6651507772058061,0.26547303795814514
20,1,22,0.48553743958473206,0.774719774723053,0.41167289957497116,0.7068429790260073,0.4310357868671417
20,1,23,0.6518404483795166,0.7000143527984619,0.605566133287614,0.6677161019257574,0.9782567024230957
20,1,24,0.4780407249927521,0.7109768986701965,0.5188809027110766,0.6760921248526083,0.9802168011665344
20,1,25,0.7549940943717957,1.0032470226287842,0.6720855507509004,0.956542621843615,0.6159095764160156
20,1,26,0.5517541170120239,1.019742727279663,0.5413204537930302,0.9726628205208312,0.5802394151687622
20,1,27,0.6544819474220276,1.231374740600586,0.6138851566683882,1.179558173933173,0.44273510575294495
20,1,28,0.5329437851905823,1.2762978076934814,0.5475479325773553,1.216026270253665,0.3765864074230194
20,1,29,0.6083979606628418,1.2612265348434448,0.5805802081991718,1.210925937545042,0.5144960880279541
20,1,30,0.48746857047080994,1.3168041706085205,0.5223547899881205,1.2545123522319421,0.42168477177619934
20,1,31,0.7607922554016113,1.3234657049179077,0.7118484185839239,1.259189095228268,0.382305383682251
20,1,32,0.7076176404953003,1.3579614162445068,0.6437182908451198,1.2920001816765647,0.3228760063648224
20,2,0,0.5585634708404541,0.11338754743337631,0.5231286194176914,0.11714755639867226,0.9940272569656372
20,2,1,0.5377466082572937,0.0960785523056984,0.5150339611301441,0.09758298610060247,0.9950175881385803
20,2,2,0.5237167477607727,0.09584517031908035,0.5063996397974195,0.09768082351031616,0.9946438074111938
20,2,3,0.5091062188148499,0.09595824033021927,0.49692009483644783,0.09794059661830692,0.9945904016494751
20,2,4,0.5777201652526855,0.09596414119005203,0.5423273754909979,0.09675088334356864,0.9953781366348267
20,2,5,0.5905764102935791,0.09572175145149231,0.5528951674868671,0.09634636988128009,0.9952146410942078
20,2,6,0.604887843132019,0.09585297852754593,0.5642149463448792,0.09606093358910174,0.9956133961677551
20,2,7,0.48519113659858704,0.1047859713435173,0.49297824381772154,0.1089779660287783,0.9954016208648682
20,2,8,0.6247776746749878,0.10638974606990814,0.5917538964239802,0.1071386824804777,0.9974637627601624
20,2,9,0.5365152955055237,0.12872661650180817,0.5163148758013604,0.1356318211352983,0.9963477849960327
20,2,10,0.5759514570236206,0.1292603611946106,0.542607050352309,0.13589988585465496,0.996929407119751
20,2,11,0.28771722316741943,0.2109939008951187,0.3830465421808186,0.22747842068360116,0.9969345927238464
20,2,12,0.7348750829696655,0.21607397496700287,0.6990999144802831,0.22237194800572563,0.9972262382507324
20,2,13,0.1575535237789154,0.355806827545166,0.29548031620810367,0.3955708509366316,0.5317836403846741
20,2,14,0.8438659906387329,0.34368085861206055,0.7434192413543951,0.37183820322272326,0.7611665725708008
20,2,15,0.25913006067276,0.34838801622390747,0.22973109551138693,0.38026844018743544,0.27211233973503113
20,2,16,0.7081224918365479,0.371055543422699,0.6076160161664838,0.3909762781208963,0.45434778928756714
20,2,17,0.3074808716773987,0.3737294375896454,0.20643777213799525,0.3903482588096535,0.24763500690460205
20,2,18,0.6799569129943848,0.3816259801387787,0.5774505822304609,0.4007842881795446,0.41056546568870544
20,2,19,0.3479039669036865,0.36002081632614136,0.233282580806414,0.37409985460460365,0.2507442831993103
20,2,20,0.6748076677322388,0.376871794462204,0.5544831950969338,0.3896995357560365,0.41433021426200867
20,2,21,0.3347893953323364,0.3447405695915222,0.24347783619317917,0.3705587300707603,0.24771180748939514
20,2,22,0.6721611022949219,0.36680546402931213,0.5581274587185194,0.3864019891548547,0.40201622247695923
20,2,23,0.3996415138244629,0.536800742149353,0.4629338162101045,0.5752765690226819,0.9803075194358826
20,2,24,0.6531983613967896,0.5275628566741943,0.6704089266462071,0.5682453852367396,0.9815943241119385
20,2,25,0.4196699261665344,0.7454313635826111,0.44786780468831144,0.8029531502153835,0.6497560143470764
20,2,26,0.6457290649414062,0.6902525424957275,0.6392051779366074,0.7771324881713776,0.5941747426986694
20,2,27,0.454315721988678,0.9670484066009521,0.48643515384419855,1.0155449119424036,0.4914211928844452
20,2,28,0.6497546434402466,0.8587170243263245,0.6716735252740254,0.9606488302939691,0.3979046940803528
20,2,29,0.5127583146095276,1.0142502784729004,0.5267271547450947,1.0630333838942276,0.556110143661499
20,2,30,0.6558399200439453,0.8886869549751282,0.6826166414640676,0.9959069611995576,0.4463655650615692
20,2,31,0.46006760001182556,0.9754268527030945,0.44643710189416136,1.044349790334427,0.4234720468521118
20,2,32,0.6130228042602539,0.8630193471908569,0.617125198015439,0.9764435831760375,0.3372373878955841
21,1,0,0.8066142201423645,0.1272372305393219,0.7500504514018242,0.12074508195547191,0.9945825934410095
21,1,1,0.777167558670044,0.10049200057983398,0.7235542126637715,0.09619175385610024,0.995474100112915
21,1,2,0.7707774639129639,0.09981392323970795,0.7178076137164783,0.09575815476727093,0.9951364398002625
21,1,3,0.7628447413444519,0.09905607998371124,0.7102309262812502,0.09522881079200368,0.9950950741767883
21,1,4,0.770033597946167,0.10061857849359512,0.7178120904813934,0.09581939318717772,0.9958065152168274
21,1,5,0.7596936821937561,0.10009225457906723,0.7091042902007877,0.09523265805579352,0.9956576824188232
21,1,6,0.74733567237854,0.09948747605085373,0.698515601505153,0.09453198084113815,0.9960208535194397
21,1,7,0.6785463094711304,0.10729331523180008,0.6314095595951641,0.10503928714115938,0.9958209991455078
21,1,8,0.6567302942276001,0.10794557631015778,0.6208584676136106,0.10381277859888521,0.9976970553398132
21,1,9,0.7790086269378662,0.1546003222465515,0.7246417793282537,0.14615624213343184,0.9966587424278259
21,1,10,0.7684579491615295,0.15393272042274475,0.7147561321859868,0.1457986428397401,0.9972102642059326
21,1,11,0.592607855796814,0.27200233936309814,0.5675593299099186,0.25971383739505727,0.9970610737800598
21,1,12,0.4909643828868866,0.24306204915046692,0.4945347960571878,0.23724780971572906,0.9974784255027771
21,1,13,0.6256663203239441,0.5026628375053406,0.6174451566382817,0.48799598747084955,0.4853483736515045
21,1,14,0.3352321982383728,0.48519137501716614,0.3703244664204259,0.47043317283326613,0.7790578007698059
21,1,15,0.7884448766708374,0.6625744104385376,0.7186273843337351,0.6396848267578559,0.2542591392993927
21,1,16,0.3852694630622864,0.6978999972343445,0.382503329721899,0.6772555698255075,0.4854978024959564
21,1,17,0.8568025231361389,0.7122470736503601,0.7607260151144595,0.6850639764692751,0.2323593944311142
21,1,18,0.3748388886451721,0.7569706439971924,0.36341131914654484,0.7355957711061387,0.4377414286136627
21,1,19,0.8630543351173401,0.7093878984451294,0.767891663358272,0.6900424892473301,0.2358408123254776
21,1,20,0.4338693916797638,0.7554230690002441,0.41098154901074807,0.7298419672424784,0.4412364661693573
21,1,21,0.8369516134262085,0.6957531571388245,0.7376341612355001,0.6704550865829663,0.23366236686706543
21,1,22,0.42865532636642456,0.7374053001403809,0.41461529465886565,0.7121403434689644,0.42644426226615906
21,1,23,0.65212082862854,0.6979935169219971,0.6136393277379925,0.6729640359453828,0.9801396727561951
21,1,24,0.4522453248500824,0.7050051093101501,0.5073184620410526,0.6811033595603864,0.9820762872695923
21,1,25,0.7782270312309265,1.0050450563430786,0.6905248109197475,0.9649540761006604,0.6158875226974487
21,1,26,0.5580481886863708,1.0233898162841797,0.5442186640768502,0.9814606511183804,0.5955784916877747
21,1,27,0.6396400928497314,1.2362004518508911,0.6183486103692217,1.1893836664911932,0.4591149091720581
21,1,28,0.5389437079429626,1.2912640571594238,0.5460575473585881,1.229084719352126,0.39566558599472046
21,1,29,0.5908451080322266,1.2650160789489746,0.5823583364765741,1.220308003194276,0.525700569152832
21,1,30,0.494255930185318,1.3326884508132935,0.5174847834449724,1.2680819792586022,0.4364464282989502
21,1,31,0.7252948880195618,1.3241207599639893,0.7141778940352164,1.2704553152505917,0.4021596908569336
21,1,32,0.7128838300704956,1.3736215829849243,0.6557206393346603,1.3061692934979323,0.3404417634010315
21,2,0,0.5532543659210205,0.11172758787870407,0.5283502329443347,0.11620882358739432,0.9946789741516113
21,2,1,0.5340777635574341,0.09487104415893555,0.5183336697730061,0.09711331887159641,0.9956276416778564
21,2,2,0.5196181535720825,0.0944758728146553,0.5086896018546021,0.09712576641241508,0.995318591594696
21,2,3,0.5036649107933044,0.09438196569681168,0.49808833202228375,0.09732428000653082,0.9953049421310425
21,2,4,0.5750125050544739,0.09506667405366898,0.5479930367115955,0.09645921284045561,0.995820164680481
21,2,5,0.5883380174636841,0.09481848031282425,0.5590393645797347,0.09608177199073498,0.9956424832344055
21,2,6,0.602163553237915,0.09486018866300583,0.5707940264499648,0.09585299221937976,0.9960135817527771
21,2,7,0.48023831844329834,0.1015460342168808,0.49077120312142686,0.10769068545995002,0.9958472847938538
21,2,8,0.6207656860351562,0.10487622022628784,0.5967822657905495,0.10674686361168925,0.9974711537361145
21,2,9,0.5320354104042053,0.12410002946853638,0.5190384922580614,0.13363416002319872,0.9965763688087463
21,2,10,0.5731117129325867,0.1245935708284378,0.5478944024113267,0.13394129750571426,0.9970158338546753
21,2,11,0.29149046540260315,0.20285092294216156,0.36714770485792564,0.22321050078067356,0.9972154498100281
21,2,12,0.7371495366096497,0.21171681582927704,0.7056965391558985,0.22052619969880768,0.9973996877670288
21,2,13,0.16859158873558044,0.33708617091178894,0.2734222784617299,0.3854251989013376,0.5310345888137817
21,2,14,0.8093259930610657,0.3493419289588928,0.7548551480217387,0.36793986804728473,0.791023850440979
21,2,15,0.2741733491420746,0.365217000246048,0.23743744324057006,0.37766078938419056,0.2471112310886383
21,2,16,0.7088893055915833,0.3701784014701843,0.6252076380532502,0.3873724423635666,0.46132004261016846
21,2,17,0.3183434307575226,0.38313165307044983,0.2258817408305852,0.389098282769207,0.22421424090862274
21,2,18,0.6672070026397705,0.38339778780937195,0.5930364742316381,0.3977718820179061,0.4153040945529938
21,2,19,0.35474535822868347,0.3652323782444,0.2543932077033405,0.37256385873005904,0.22718746960163116
21,2,20,0.6519982218742371,0.37032994627952576,0.5714202130834495,0.3863433380490674,0.41891539096832275
21,2,21,0.34528353810310364,0.36004337668418884,0.26116154765742494,0.3687372034616953,0.22573351860046387
21,2,22,0.6549224853515625,0.36098116636276245,0.574938979274387,0.3819964836484517,0.40504249930381775
21,2,23,0.42095768451690674,0.503085732460022,0.45565555920853756,0.5627480726105062,0.9819135069847107
21,2,24,0.6544057726860046,0.49882742762565613,0.6676363145350024,0.5561991132074344,0.983439564704895
21,2,25,0.3933503329753876,0.7162927389144897,0.43841150202251394,0.7879069636155229,0.6521000266075134
21,2,26,0.6195107698440552,0.687510073184967,0.6357926609516058,0.7615705922465127,0.6298325657844543
21,2,27,0.44766977429389954,0.9279661774635315,0.47971430140275584,1.0003388238970357,0.5101011395454407
21,2,28,0.6355445384979248,0.8905082941055298,0.6654102316212147,0.9484767238534055,0.442792683839798
21,2,29,0.48095178604125977,0.9503629207611084,0.5187892913566108,1.0434559881472625,0.5706525444984436
21,2,30,0.6341013312339783,0.9211877584457397,0.6742029158879445,0.9829384739089448,0.4822758436203003
21,2,31,0.39353176951408386,0.9714021682739258,0.43726090153425723,1.0316895955726868,0.45040279626846313
21,2,32,0.5933253765106201,0.9191909432411194,0.6130008141582644,0.9665118410610775,0.3741203844547272
22,1,0,0.8005869388580322,0.13145186007022858,0.7588151907381601,0.12259977928682574,0.9951959252357483
22,1,1,0.7774224877357483,0.10369806736707687,0.7328977311231177,0.09749192093467465,0.9960483908653259
22,1,2,0.7718822360038757,0.10291098803281784,0.7271869801091498,0.09699708243792714,0.9957705140113831
22,1,3,0.7647522687911987,0.10202859342098236,0.7196879029234761,0.09640657478171816,0.9957589507102966
22,1,4,0.7697587013244629,0.10360153019428253,0.7268217757374398,0.09716734677764088,0.9962252974510193
22,1,5,0.7594093084335327,0.10280682146549225,0.7178288256961145,0.09654458008176013,0.9960659146308899
22,1,6,0.7465279698371887,0.10194800049066544,0.7068419431337123,0.0958165046568663,0.9964002370834351
22,1,7,0.678160548210144,0.11071684956550598,0.639516834658341,0.10602264254010614,0.9962474703788757
22,1,8,0.6550489068031311,0.11085038632154465,0.6267853333964246,0.10503174405837533,0.9977177977561951
22,1,9,0.7684828042984009,0.15943114459514618,0.7322437711898566,0.1484559840760987,0.9968991279602051
22,1,10,0.7575109601020813,0.1584225296974182,0.7221695371943686,0.14798556016049672,0.9973050355911255
22,1,11,0.6014009118080139,0.27539438009262085,0.5734256591959347,0.26243052831351377,0.9973848462104797
22,1,12,0.48497194051742554,0.24092859029769897,0.4928783136903939,0.2378852836170439,0.9976511597633362
22,1,13,0.634825587272644,0.49677932262420654,0.6204565105875766,0.4895174056939925,0.48557406663894653
22,1,14,0.32358843088150024,0.46952012181282043,0.3622197906663396,0.47027505478083853,0.8088592886924744
22,1,15,0.7977593541145325,0.6544533967971802,0.7323633509980892,0.6422434468462666,0.2327156513929367
22,1,16,0.3598540425300598,0.7065696120262146,0.37857849162590285,0.6823363811431882,0.5037417411804199
22,1,17,0.8312276005744934,0.7036389112472534,0.7729608057840403,0.688282408370953,0.21175146102905273
22,1,18,0.24926337599754333,0.7642971277236938,0.3435766363049036,0.7405702990318613,0.4566330909729004
22,1,19,0.8431785106658936,0.7030289173126221,0.7809587505184138,0.6922922344744669,0.21499469876289368
22,1,20,0.2519320547580719,0.772260844707489,0.38330756272772026,0.7371970464634696,0.4601365327835083
22,1,21,0.8186368942260742,0.6902271509170532,0.7516957086387293,0.6738810638528082,0.21428148448467255
22,1,22,0.2731921076774597,0.755647599697113,0.39002112856535537,0.7196843840129539,0.44492772221565247
22,1,23,0.6564366817474365,0.6753647923469543,0.6210601152449484,0.6733798067196796,0.9824950695037842
22,1,24,0.4821707010269165,0.6821619272232056,0.5029603110649049,0.6812866783540004,0.9844142198562622
22,1,25,0.7858036160469055,0.9820300936698914,0.7070716104551756,0.9679126636771559,0.6269874572753906
22,1,26,0.5867805480957031,1.0002775192260742,0.5515985654906383,0.9847210282421442,0.6441361904144287
22,1,27,0.6321728229522705,1.188094973564148,0.6207435542753692,1.189160494239478,0.48161807656288147
22,1,28,0.5497557520866394,1.2526623010635376,0.5466980393432651,1.2331705654987146,0.4553963243961334
22,1,29,0.5825939774513245,1.2121427059173584,0.5823991428754574,1.218893667283836,0.5432640910148621
22,1,30,0.5012796521186829,1.2896274328231812,0.5146771633384134,1.2718154433766173,0.4816701412200928
22,1,31,0.7084107995033264,1.2760833501815796,0.7131790287266124,1.2714300925887834,0.4329688251018524
22,1,32,0.7214104533195496,1.3366349935531616,0.6671186626432595,1.3114498993325947,0.39089760184288025
22,2,0,0.5651249289512634,0.11072816699743271,0.5347255660786406,0.11525957793190134,0.9954017400741577
22,2,1,0.5452314615249634,0.09353363513946533,0.5229953366259839,0.09649335574534254,0.9962316751480103
22,2,2,0.5299113392829895,0.09277847409248352,0.5123669206204889,0.09637284427260939,0.9959909915924072
22,2,3,0.5131159424781799,0.09215468913316727,0.5006918419804386,0.09642891908876872,0.9959821105003357
22,2,4,0.5878205895423889,0.09377726167440414,0.5548982534444816,0.09599473997629403,0.9963239431381226
22,2,5,0.6017252206802368,0.09333207458257675,0.5664407851909811,0.09560556554456347,0.9961687922477722
22,2,6,0.615811288356781,0.09317465871572495,0.5786002449242842,0.09538914592866353,0.9964798092842102
22,2,7,0.49248847365379333,0.09863737225532532,0.4910685979266674,0.10612248992987007,0.9963534474372864
22,2,8,0.6306896805763245,0.10222868621349335,0.6026600184455138,0.10596434128916375,0.9976545572280884
22,2,9,0.5435457229614258,0.1228695660829544,0.5232855456227422,0.13176944412982647,0.996929943561554
22,2,10,0.5849634408950806,0.12396831065416336,0.5543208220300793,0.13221375025848547,0.9972546696662903
22,2,11,0.2972022593021393,0.1970832794904709,0.3550094803527662,0.21868247609160338,0.9975430369377136
22,2,12,0.7441800236701965,0.2035364806652069,0.7123684692026321,0.21758257457008914,0.997679591178894
22,2,13,0.16286110877990723,0.33273157477378845,0.25421205092465843,0.3762857376264758,0.5334146022796631
22,2,14,0.8249418139457703,0.34001466631889343,0.7670178380811786,0.36309997611365163,0.8210827708244324
22,2,15,0.2882671058177948,0.36351558566093445,0.246253074776866,0.3752102104071628,0.23692229390144348
22,2,16,0.7180140018463135,0.3697628676891327,0.6413243483356919,0.3843213645996243,0.48640918731689453
22,2,17,0.3346889913082123,0.3789609372615814,0.24478563080175497,0.3873422561960094,0.21277986466884613
22,2,18,0.6702335476875305,0.38806161284446716,0.6064363365496254,0.39608985691999754,0.4387170672416687
22,2,19,0.3738255500793457,0.36250928044319153,0.2751497134311003,0.37082217453904626,0.21540650725364685
22,2,20,0.6296635270118713,0.37175577878952026,0.5815243108082015,0.38381609268758066,0.4424497187137604
22,2,21,0.3631030321121216,0.3573586642742157,0.2788689430620481,0.36676609987539066,0.2149811089038849
22,2,22,0.6365386247634888,0.36425527930259705,0.5856263690066821,0.3789225880612931,0.42739856243133545
22,2,23,0.41414251923561096,0.5046728253364563,0.4484577041037282,0.5526735545058822,0.9841166138648987
22,2,24,0.6679433584213257,0.4993153214454651,0.6676894860177874,0.5463316332836989,0.9857414364814758
22,2,25,0.3865661919116974,0.7207628488540649,0.4294194149894537,0.7762560534945852,0.6632157564163208
22,2,26,0.631243109703064,0.6874971985816956,0.6350047035339602,0.7487145958432271,0.677111029624939
22,2,27,0.4535267651081085,0.9281890392303467,0.4751758150542179,0.9878174176058436,0.5320716500282288
22,2,28,0.6419296264648438,0.889803409576416,0.6613411985788167,0.9382981492618885,0.5042520761489868
22,2,29,0.4871804714202881,0.9491828083992004,0.5133103647608117,1.027084271327608,0.5878662467002869
22,2,30,0.6394692659378052,0.9216294288635254,0.668181757007165,0.9723017973417644,0.528968870639801
22,2,31,0.4091828465461731,0.9735107421875,0.4323945083744114,1.0215970245965436,0.48235222697257996
22,2,32,0.5978878736495972,0.9279862642288208,0.610382504565331,0.9598324982023507,0.4306405484676361
23,1,0,0.7961082458496094,0.13627637922763824,0.7652805018121651,0.12496913985781566,0.9958324432373047
23,1,1,0.7753403186798096,0.10771403461694717,0.7402569290459868,0.09926263577570575,0.9965792894363403
23,1,2,0.7707259058952332,0.1068740263581276,0.7347365216919557,0.09870798786022388,0.9963609576225281
23,1,3,0.7650420665740967,0.10601892322301865,0.7275526299711496,0.09807163316354199,0.9963598847389221
23,1,4,0.7657384276390076,0.10742224752902985,0.7335688916648935,0.09894374287905802,0.9966692924499512
23,1,5,0.7549518942832947,0.10648608952760696,0.724264635016095,0.09826667303166367,0.9965278506278992
23,1,6,0.7428247928619385,0.10555869340896606,0.713079865261466,0.0975040606723343,0.9968115091323853
23,1,7,0.6851792931556702,0.11491890251636505,0.6474350881890588,0.10756362634957632,0.9966921210289001
23,1,8,0.6582701802253723,0.11459864675998688,0.6322427465100541,0.10668892802366282,0.9978760480880737
23,1,9,0.769804060459137,0.16328303515911102,0.7387554629955824,0.15102473987053144,0.9972009658813477
23,1,10,0.7573001384735107,0.16307322680950165,0.7282595586719717,0.15059948752470395,0.9975109696388245
23,1,11,0.5652588605880737,0.2727786600589752,0.5720110610281949,0.26422307929250155,0.9977228045463562
23,1,12,0.5310673713684082,0.24876241385936737,0.49949913335875995,0.23976949993966035,0.9979009628295898
23,1,13,0.6137542128562927,0.4986647367477417,0.6192956348803065,0.49110189133904597,0.49224257469177246
23,1,14,0.37227359414100647,0.5059084296226501,0.36396134200409047,0.47645232162364043,0.8348183631896973
23,1,15,0.8622889518737793,0.6179958581924438,0.7549505586997174,0.6380414144900086,0.23046806454658508
23,1,16,0.39692288637161255,0.7210533022880554,0.38175697285131643,0.6890488267853426,0.5205259323120117
23,1,17,0.9712238907814026,0.6335289478302002,0.8074988720777089,0.6787851097601704,0.20813298225402832
23,1,18,0.3774411678314209,0.77753084897995,0.34944698772342153,0.7469779014736693,0.471523255109787
23,1,19,0.9993470311164856,0.6289500594139099,0.819025499855141,0.6813023337512998,0.2109895646572113
23,1,20,0.4193323850631714,0.7762320637702942,0.3895527978511578,0.7439647062620913,0.47489941120147705
23,1,21,0.9656949639320374,0.6235795021057129,0.7889925009253195,0.66515713462883,0.21096643805503845
23,1,22,0.4226086437702179,0.7584966421127319,0.39566988822223226,0.7264133775819428,0.4582717716693878
23,1,23,0.5626042485237122,0.6964097619056702,0.6109194924723987,0.6773706822922235,0.9842004776000977
23,1,24,0.499563604593277,0.7094128131866455,0.5023720405270724,0.6861614205197646,0.9859796166419983
23,1,25,0.6369065046310425,1.0008729696273804,0.6948954988950765,0.9736260844986907,0.6448341012001038
23,1,26,0.5205798149108887,1.0357571840286255,0.5462220183208293,0.9935725616543123,0.6998717784881592
23,1,27,0.4690212905406952,1.2223631143569946,0.5943499540838826,1.1949159607767943,0.5127584934234619
23,1,28,0.500822126865387,1.273543357849121,0.5387427191754159,1.240170443994908,0.5160026550292969
23,1,29,0.4177360534667969,1.2544879913330078,0.5537432780771576,1.2250641633266721,0.5666875839233398
23,1,30,0.5817696452140808,1.3062822818756104,0.5263190496728409,1.2777902828309158,0.5336995124816895
23,1,31,0.5436442494392395,1.2875992059707642,0.683671064413268,1.2742314744673633,0.46764254570007324
23,1,32,0.8053765892982483,1.35039484500885,0.6911603690490349,1.3182019271381982,0.44010576605796814
23,2,0,0.5480589866638184,0.10563130676746368,0.537035447946151,0.11359176058786728,0.9959331750869751
23,2,1,0.533274233341217,0.08776821196079254,0.5247758878271513,0.09498201994591755,0.9966685771942139
23,2,2,0.5186525583267212,0.08747957646846771,0.5134556124945622,0.09483237889144559,0.9964852929115295
23,2,3,0.5031457543373108,0.08737852424383163,0.5011168180474046,0.09486122922364422,0.9964761137962341
23,2,4,0.5713533759117126,0.08735401928424835,0.5577492070306559,0.09449803141753939,0.9966968894004822
23,2,5,0.5852547287940979,0.08697059750556946,0.5697006513951952,0.0941098536927223,0.9965549111366272
23,2,6,0.6004557013511658,0.08692406117916107,0.5823874571135202,0.09392286801302605,0.9968125224113464
23,2,7,0.488499253988266,0.0966777354478836,0.49062362652995456,0.1044864705137127,0.9966793060302734
23,2,8,0.6274633407592773,0.09846397489309311,0.606958428821982,0.10466520453316548,0.9977527260780334
23,2,9,0.5309971570968628,0.11955150961875916,0.5246212785463543,0.1296528782703422,0.9970901608467102
23,2,10,0.5690421462059021,0.11994005739688873,0.5568712513296571,0.13008752158146542,0.9973705410957336
23,2,11,0.30727601051330566,0.1972121000289917,0.34673142848121247,0.21496203449200793,0.9976078867912292
23,2,12,0.8264109492301941,0.20193949341773987,0.7321849827072385,0.21487237645425555,0.9977161884307861
23,2,13,0.18565045297145844,0.3419974148273468,0.24231435941901933,0.37034187271267804,0.5318271517753601
23,2,14,0.8013569712638855,0.34818440675735474,0.7729705808168271,0.360515875452056,0.8314229846000671
23,2,15,0.2954617142677307,0.3608799874782562,0.25478715729547036,0.37272756435821713,0.21677176654338837
23,2,16,0.668549120426178,0.3715433180332184,0.6460428788781842,0.38210773052030683,0.4759368598461151
23,2,17,0.33927416801452637,0.3699592351913452,0.26119481056663774,0.38433045254717896,0.19661010801792145
23,2,18,0.6218282580375671,0.3765275180339813,0.6091030974279493,0.39270024040982476,0.43185102939605713
23,2,19,0.37457919120788574,0.3614131510257721,0.29241954287383787,0.36919234676084006,0.19924642145633698
23,2,20,0.6160635948181152,0.36739838123321533,0.5875119152920323,0.3809716229885518,0.4350517690181732
23,2,21,0.3641311824321747,0.3536878526210785,0.29367174972311394,0.3645004401325633,0.19937680661678314
23,2,22,0.6306648254394531,0.35862410068511963,0.5934365072948744,0.37540533931272113,0.4203665852546692
23,2,23,0.41630759835243225,0.5226362943649292,0.4428848383354237,0.5474672677433368,0.9855497479438782
23,2,24,0.6957964897155762,0.5193567872047424,0.6725609074354555,0.5416565773608621,0.987097442150116
23,2,25,0.39489665627479553,0.7222682237625122,0.42343487380519446,0.7668917303802113,0.6795167922973633
23,2,26,0.6529595255851746,0.7102646231651306,0.6381156294868596,0.7420484429381264,0.7282106280326843
23,2,27,0.4767906069755554,0.9291612505912781,0.47545546320035437,0.977641914578723,0.5596078038215637
23,2,28,0.6521409749984741,0.9258091449737549,0.6597475453517706,0.9361345786800692,0.5600233674049377
23,2,29,0.5115584135055542,0.9540917277336121,0.5130069619265336,1.0144162803339702,0.6088322997093201
23,2,30,0.6730150580406189,0.9500026106834412,0.6690188615602982,0.9684375856458012,0.5769923329353333
23,2,31,0.43918853998184204,0.9621326923370361,0.4335712775389836,1.0112810661016014,0.5060583353042603
23,2,32,0.5976505279541016,0.9521853923797607,0.6081768537893267,0.9585079197776929,0.46687084436416626
24,1,0,0.8088117837905884,0.13914352655410767,0.7728287169041316,0.1274247747640259,0.9960657358169556
24,1,1,0.7796836495399475,0.10829773545265198,0.747092582188951,0.10082767555712209,0.9966769814491272
24,1,2,0.77329021692276,0.10729445517063141,0.7414206373825016,0.100195296486461,0.9965329766273499
24,1,3,0.7662698030471802,0.10637819021940231,0.7342651206831537,0.09951044490668037,0.9965590238571167
24,1,4,0.7776730060577393,0.10848168283700943,0.7412165671424402,0.10059590850417896,0.9967682957649231
24,1,5,0.7705256342887878,0.10773969441652298,0.7322868342126876,0.09990759023361437,0.9966239333152771
24,1,6,0.7627004384994507,0.10712321847677231,0.7216855206600449,0.09917029894981269,0.9968646764755249
24,1,7,0.6847593188285828,0.11509566009044647,0.6539058056219766,0.10886824944922159,0.996796190738678
24,1,8,0.6877524852752686,0.11648650467395782,0.6418714465882136,0.10838608124378689,0.9978029727935791
24,1,9,0.7828582525253296,0.16563044488430023,0.7464029067109791,0.15355513115927677,0.9970813989639282
24,1,10,0.7780525088310242,0.16620983183383942,0.7368951531790919,0.15330401097353258,0.9974768757820129
24,1,11,0.5268945693969727,0.2775685489177704,0.5641876075675133,0.26653505121325693,0.9976202249526978
24,1,12,0.5685287714004517,0.26313483715057373,0.5114778505882174,0.2438185342663007,0.9979099035263062
24,1,13,0.6364562511444092,0.5160509347915649,0.6222688841376189,0.49542557597921244,0.48646095395088196
24,1,14,0.3921075463294983,0.5385617017745972,0.36883956636650356,0.48722792775025614,0.8418004512786865
24,1,15,0.8982908725738525,0.5656726360321045,0.7798799239346264,0.6254820045975181,0.21070687472820282
24,1,16,0.4169825613498688,0.7513169646263123,0.3878635005030862,0.6998520356249577,0.5122392177581787
24,1,17,0.9585675597190857,0.5696871280670166,0.8337786041216095,0.659830596155525,0.193674236536026
24,1,18,0.4037911295890808,0.8050044178962708,0.35887322373581415,0.7570439307481182,0.4683798551559448
24,1,19,1.0085142850875854,0.5547123551368713,0.8520266048615026,0.6592972547809041,0.19631953537464142
24,1,20,0.43114596605300903,0.7994263172149658,0.3967645569681262,0.7535850532864102,0.4708177447319031
24,1,21,0.981673538684845,0.5583897829055786,0.8225527202688527,0.6466088310556608,0.19652719795703888
24,1,22,0.4332135319709778,0.7832584381103516,0.40217871321880677,0.736274105659283,0.4530477821826935
24,1,23,0.5486297011375427,0.716096818447113,0.6001125304427332,0.684084723312662,0.9827361106872559
24,1,24,0.5309938192367554,0.7383341193199158,0.507332756831994,0.6952103752464568,0.9862595796585083
24,1,25,0.6719867587089539,0.9663360118865967,0.6909256550238948,0.9723633818611711,0.6373723149299622
24,1,26,0.6674371361732483,1.0457510948181152,0.56728937607893,1.0026225375648896,0.7396478056907654
24,1,27,0.5270966291427612,1.157839298248291,0.5826800648396765,1.1884882187774408,0.5187351703643799
24,1,28,0.6244804859161377,1.30237877368927,0.5536282405584182,1.2509632605485355,0.5615754127502441
24,1,29,0.4731169044971466,1.189302921295166,0.5397472588353512,1.218864711877562,0.5740516185760498
24,1,30,0.5682547092437744,1.3417292833328247,0.5335902398703485,1.2888839382233752,0.5771282315254211
24,1,31,0.6159695386886597,1.2089735269546509,0.6719232320738596,1.262908556336507,0.4729526937007904
24,1,32,0.8230378031730652,1.3711962699890137,0.7140882583047622,1.3273936251866474,0.46359753608703613
24,2,0,0.532146692276001,0.10909788310527802,0.5361887336492368,0.11281344741889707,0.9962250590324402
24,2,1,0.5164076089859009,0.091445691883564,0.5233263804511151,0.09436956634944493,0.996828556060791
24,2,2,0.5009077191352844,0.09116299450397491,0.5112818613116819,0.09419687884203631,0.9967063665390015
24,2,3,0.48418503999710083,0.09119465947151184,0.4981832312416422,0.09422621669329032,0.9967322945594788
24,2,4,0.5582874417304993,0.09042630344629288,0.5578424149911181,0.09379284102368203,0.9968525171279907
24,2,5,0.5717394351959229,0.08970215171575546,0.5700537306433853,0.09334646760392817,0.9967015981674194
24,2,6,0.5862711071968079,0.08939021080732346,0.583060070214006,0.09313783752064327,0.9969106316566467
24,2,7,0.4668155908584595,0.10047110915184021,0.4864978064417035,0.10379104352477958,0.9968835711479187
24,2,8,0.6195065379142761,0.10050029307603836,0.6091322132220567,0.10394387349096085,0.9977194666862488
24,2,9,0.5118710398674011,0.12265230715274811,0.5224124613771043,0.12844032907390007,0.9971299767494202
24,2,10,0.5558367371559143,0.12161795049905777,0.55669209812178,0.12862046626642565,0.9974390864372253
24,2,11,0.28332245349884033,0.2021859586238861,0.33572975236652164,0.2127487416547697,0.9976317286491394
24,2,12,0.8288107514381409,0.2076331526041031,0.7489663726416308,0.21361848176621895,0.9977606534957886
24,2,13,0.17891451716423035,0.3456871807575226,0.23131415498871416,0.3660692300964475,0.5275053381919861
24,2,14,0.8226913809776306,0.3640657365322113,0.7815937234285502,0.36113067255441117,0.8350457549095154
24,2,15,0.27699965238571167,0.35646677017211914,0.25863627463454264,0.3699102924506349,0.20354507863521576
24,2,16,0.6779705882072449,0.3839840590953827,0.6515772650209971,0.38243267395883346,0.4683559536933899
24,2,17,0.31741300225257874,0.3631713390350342,0.2709466546535882,0.38066398239194527,0.188175231218338
24,2,18,0.6503262519836426,0.39203760027885437,0.6162508025663606,0.3925854882531228,0.4292656481266022
24,2,19,0.3364718556404114,0.3508107662200928,0.30005826768202976,0.36600743691919624,0.19072861969470978
24,2,20,0.6622046828269958,0.3826780617237091,0.6004759141436501,0.3812671434092951,0.431566447019577
24,2,21,0.3431428074836731,0.3496324419975281,0.3022514620269751,0.36192458745561057,0.19086067378520966
24,2,22,0.6554871797561646,0.3753208518028259,0.6042021810361583,0.3753907085119257,0.4158228635787964
24,2,23,0.39891865849494934,0.5292270183563232,0.43526108822322934,0.5443068500651299,0.9842711091041565
24,2,24,0.709763765335083,0.5245142579078674,0.6790105573598642,0.5386864917874222,0.9873828887939453
24,2,25,0.4112979769706726,0.7201879620552063,0.42133234961860483,0.7587926183893419,0.6728277206420898
24,2,26,0.6944239139556885,0.7189669609069824,0.6478830746196457,0.7380486080136724,0.7643121480941772
24,2,27,0.5114539265632629,0.9195677638053894,0.48169608708986317,0.9675675594993343,0.5645676851272583
24,2,28,0.7307201027870178,0.9359734654426575,0.6720641100506554,0.9361066781435232,0.6008897423744202
24,2,29,0.5503032803535461,0.9520434737205505,0.5194728300825882,1.0035948147192728,0.6152867674827576
24,2,30,0.7318770289421082,0.9626774787902832,0.6799245855455793,0.9674399188546688,0.6158936023712158
24,2,31,0.4997539818286896,0.9314268231391907,0.44505499385820546,0.9974193748878162,0.5073205232620239
24,2,32,0.6773601174354553,0.9328649044036865,0.6201822748523973,0.9540638239322395,0.48475900292396545
25,1,0,0.7775868773460388,0.14687325060367584,0.7736528097614849,0.1307946508046795,0.996307909488678
25,1,1,0.7432656288146973,0.11350422352552414,0.7464297904303466,0.1030237192218784,0.9968695044517517
25,1,2,0.7328934073448181,0.11239518225193024,0.7399435938248399,0.10230873447076846,0.9967882037162781
25,1,3,0.7224724292755127,0.11143827438354492,0.7322222498942897,0.10157673652665049,0.9968249797821045
25,1,4,0.7548798322677612,0.11390173435211182,0.7435836195046984,0.10290100980701036,0.9968900084495544
25,1,5,0.752751886844635,0.1132040023803711,0.7358329669271334,0.10221106005332758,0.9967259168624878
25,1,6,0.7506138682365417,0.11263413727283478,0.7266994260774369,0.10150278540856986,0.9969086050987244
25,1,7,0.6441433429718018,0.11989133059978485,0.6522147374021052,0.11077775702042636,0.9970168471336365
25,1,8,0.6889905333518982,0.12272323668003082,0.6500426537258335,0.11086992704741173,0.9977173209190369
25,1,9,0.7409542798995972,0.17245687544345856,0.745459210502238,0.15683022019907245,0.9970884323120117
25,1,10,0.7514429092407227,0.17362096905708313,0.739415503297421,0.15682446258868946,0.9974652528762817
25,1,11,0.45595791935920715,0.2726331055164337,0.5453844328423186,0.2675912493343848,0.9976984858512878
25,1,12,0.548734188079834,0.26551735401153564,0.5179367898285216,0.24757858596991805,0.9979458451271057
25,1,13,0.4992883503437042,0.5048821568489075,0.6008935660775148,0.49706364474430337,0.48556116223335266
25,1,14,0.3750568628311157,0.5334867238998413,0.3699164217679875,0.49524974164465857,0.8427259922027588
25,1,15,0.698715090751648,0.5531769394874573,0.7657903738689811,0.6129336654912695,0.19475670158863068
25,1,16,0.35570117831230164,0.7127154469490051,0.3822885648591049,0.7020804663024406,0.5028629899024963
25,1,17,0.734203577041626,0.5570429563522339,0.8164837763748205,0.6419757721079491,0.18184059858322144
25,1,18,0.3414733409881592,0.7514272928237915,0.35585851176007693,0.7560711305629056,0.46448105573654175
25,1,19,0.7725840210914612,0.5433497428894043,0.8382368663199918,0.6391485202863204,0.1841660887002945
25,1,20,0.2880663275718689,0.7504027485847473,0.37787980650438857,0.7530339192534202,0.46653589606285095
25,1,21,0.7613279223442078,0.5471270680427551,0.8119310411387098,0.6293299660536202,0.18381386995315552
25,1,22,0.29799407720565796,0.7405462861061096,0.3840805705318719,0.7370140181567676,0.44852253794670105
25,1,23,0.5038010478019714,0.7231670022010803,0.583385923063409,0.6908605834665111,0.9840658903121948
25,1,24,0.5655189752578735,0.7357518672943115,0.5174265256201026,0.7022395351008738,0.987606942653656
25,1,25,0.6263660788536072,0.954321026802063,0.6797241589892464,0.9692372818601076,0.6240386962890625
25,1,26,0.7329239845275879,0.9715648293495178,0.5961152099518672,0.9972392375365847,0.7593081593513489
25,1,27,0.5571517944335938,1.1554532051086426,0.5782559069535409,1.1827618440545569,0.5194116234779358
25,1,28,0.6882925033569336,1.2896082401275635,0.5770425136609556,1.257663224533068,0.5796815752983093
25,1,29,0.5121448040008545,1.1928601264953613,0.534963333288465,1.2143579612962603,0.5765007734298706
25,1,30,0.6070166826248169,1.330071210861206,0.5463336239258952,1.2960252107254904,0.600283682346344
25,1,31,0.6540880799293518,1.19600248336792,0.668833035733463,1.251299087981612,0.4696747362613678
25,1,32,0.8887173533439636,1.3520585298538208,0.7444877056696811,1.3316680378735077,0.4672771096229553
25,2,0,0.5505382418632507,0.11347547918558121,0.5386747191056381,0.1129280942155605,0.9958824515342712
25,2,1,0.5262019038200378,0.09665065258741379,0.5238243794121155,0.0947646107835996,0.9966958165168762
25,2,2,0.5090105533599854,0.09638213366270065,0.5108885098554835,0.09457532585169619,0.9965704083442688
25,2,3,0.4913196563720703,0.09641750901937485,0.4969944136892631,0.0946057093592408,0.9967089295387268
25,2,4,0.5708741545677185,0.09501668810844421,0.560100014150981,0.09400478330048703,0.9966068863868713
25,2,5,0.5862324833869934,0.09381318092346191,0.5728567793461424,0.09342728981846489,0.996316134929657
25,2,6,0.6039793491363525,0.09287191182374954,0.5866849555462007,0.09309178660757332,0.9966104626655579
25,2,7,0.4652087986469269,0.10587964951992035,0.4828088030466252,0.10415275163118008,0.996816873550415
25,2,8,0.6298251152038574,0.10358279943466187,0.6127178466942084,0.10388134535720661,0.9972648024559021
25,2,9,0.5308446288108826,0.12803158164024353,0.5238730345443092,0.12836954511198792,0.9967672228813171
25,2,10,0.5759062767028809,0.1269146203994751,0.5600213522506795,0.1283250485382276,0.9970570206642151
25,2,11,0.27637726068496704,0.21091239154338837,0.3254331639851795,0.2124307219308232,0.9972078800201416
25,2,12,0.8041020631790161,0.2094702571630478,0.7585301210677431,0.2129000410190875,0.9976152777671814
25,2,13,0.16617168486118317,0.3622226417064667,0.22001104875827235,0.365403035571141,0.5177202224731445
25,2,14,0.8116198182106018,0.37128275632858276,0.786798103112851,0.3628892516255939,0.84062260389328
25,2,15,0.3040579855442047,0.35891035199165344,0.2665127164722648,0.36800479375271394,0.17931295931339264
25,2,16,0.6852096319198608,0.3860986530780792,0.6574074132162172,0.3830675840771403,0.45689213275909424
25,2,17,0.3377681076526642,0.3558322489261627,0.2825414671764109,0.37636064240626005,0.16777154803276062
25,2,18,0.6537502408027649,0.38318297266960144,0.6227520915898329,0.3909567875334237,0.42241451144218445
25,2,19,0.3785613179206848,0.3501824140548706,0.31368485170177923,0.3632657029086223,0.16976313292980194
25,2,20,0.569614052772522,0.37118223309516907,0.5951267136252493,0.37952020286302907,0.42434030771255493
25,2,21,0.3773917555809021,0.35100701451301575,0.315292993531504,0.3600333629491991,0.1696797013282776
25,2,22,0.5787663459777832,0.36890462040901184,0.5997941664083603,0.37426728887640587,0.4086849093437195
25,2,23,0.37528109550476074,0.5225837230682373,0.42485554419893834,0.5405425752901614,0.9846739172935486
25,2,24,0.694632887840271,0.5222558975219727,0.6817171585616756,0.5358397820693123,0.9879783391952515
25,2,25,0.46349194645881653,0.7583852410316467,0.42864240375327906,0.758722071436166,0.6540102958679199
25,2,26,0.740321934223175,0.7832427620887756,0.6639352476132259,0.7458855042188336,0.7797811627388
25,2,27,0.5082127451896667,0.9631083607673645,0.48629165612345915,0.966795249217987,0.5471639633178711
25,2,28,0.7626676559448242,0.9826818704605103,0.6877967016477957,0.9441833564530753,0.6034558415412903
25,2,29,0.5383139848709106,0.9998853802680969,0.5227374138978448,1.0029523736662378,0.6045142412185669
25,2,30,0.740324854850769,0.9862751364707947,0.6904031107167863,0.9707034411069001,0.62922602891922
25,2,31,0.48226872086524963,0.9931012392044067,0.4515065409839799,0.9966714984510067,0.45992574095726013
25,2,32,0.8540595769882202,1.059640884399414,0.6609673839632094,0.9724044979629911,0.45220133662223816
26,1,0,0.763087809085846,0.15629377961158752,0.771822681506789,0.13521373884830568,0.9962478876113892
26,1,1,0.7261544466018677,0.12063383311033249,0.7429165576530052,0.10607489005147434,0.9969704151153564
26,1,2,0.7141475081443787,0.11875473707914352,0.7354730067123014,0.10515810889279445,0.9968684911727905
26,1,3,0.7029501795768738,0.11686570197343826,0.7271487279002172,0.1042255548107054,0.9969881772994995
26,1,4,0.7441132664680481,0.12127312272787094,0.7436753404078346,0.10608427932305686,0.9968836307525635
26,1,5,0.7441004514694214,0.12007574737071991,0.7372650106005593,0.10530636257896905,0.996622622013092
26,1,6,0.7444405555725098,0.11887126415967941,0.7297733123818045,0.10451206811961496,0.9968753457069397
26,1,7,0.6357606053352356,0.12389075756072998,0.6493639548454568,0.11304944010059706,0.9971030354499817
26,1,8,0.6896681189537048,0.12986832857131958,0.6569128029399462,0.11416177325835604,0.9974955916404724
26,1,9,0.7266584634780884,0.1801757514476776,0.7422016341544743,0.16087582060462519,0.99702388048172
26,1,10,0.741098940372467,0.18182891607284546,0.7397070403454226,0.1611577573894782,0.997294545173645
26,1,11,0.45582982897758484,0.26355451345443726,0.5298344255149529,0.2668921200622498,0.9974611401557922
26,1,12,0.5268081426620483,0.25663378834724426,0.5194734598102696,0.24914710898524453,0.9978320002555847
26,1,13,0.624739408493042,0.4734180271625519,0.6050259183020201,0.49296600582455113,0.5247136950492859
26,1,14,0.3161776065826416,0.5192682147026062,0.36059540374506993,0.49941204519697224,0.8543447852134705
26,1,15,0.8683084845542908,0.4505394697189331,0.7835982919936476,0.5846745286760285,0.23855723440647125
26,1,16,0.21734176576137543,0.7072592377662659,0.3535831760488402,0.7029774185399263,0.5076338052749634
26,1,17,0.9569315910339355,0.4678809940814972,0.8409080953997591,0.6116699077564753,0.21856150031089783
26,1,18,0.1410188376903534,0.7734794616699219,0.3184147087046977,0.7590873249030522,0.4740511178970337
26,1,19,0.9490265250205994,0.44253069162368774,0.8574865121305981,0.6048988551471606,0.22147661447525024
26,1,20,0.1513766497373581,0.7765308022499084,0.3383894014233046,0.7571057699616485,0.4759944677352905
26,1,21,0.9167907238006592,0.4448757767677307,0.8301471188955891,0.5972108419785443,0.22021490335464478
26,1,22,0.17057164013385773,0.7576548457145691,0.3468700806721741,0.7405906268378831,0.4604753851890564
26,1,23,0.5066642165184021,0.7167782187461853,0.5700693104517021,0.6953522585381894,0.9857674837112427
26,1,24,0.5455102324485779,0.7158254981040955,0.5222939087178696,0.7045931889434532,0.9887229800224304
26,1,25,0.6129738688468933,0.9822937846183777,0.6681417872696661,0.9714991747380145,0.6203411221504211
26,1,26,0.6684600710868835,0.949491560459137,0.6086705390155578,0.9889588783822199,0.7779679894447327
26,1,27,0.5818505883216858,1.165852427482605,0.5788784658504792,1.179832140584817,0.5122327208518982
26,1,28,0.6832774877548218,1.1940358877182007,0.595498091790979,1.2466237783775105,0.5783114433288574
26,1,29,0.5473373532295227,1.1988320350646973,0.5371069399785544,1.211668071514928,0.5793886184692383
26,1,30,0.6421595215797424,1.2230725288391113,0.5629756773547719,1.2833642642088356,0.6083948612213135
26,1,31,0.6724355220794678,1.2089155912399292,0.6694569460732587,1.2439501527975687,0.43508121371269226
26,1,32,0.84919273853302,1.2542157173156738,0.7626767782630423,1.3182243605584572,0.43617019057273865
26,2,0,0.5353741645812988,0.12309242784976959,0.5381031027597697,0.11468879706402718,0.9951991438865662
26,2,1,0.5168519020080566,0.1075938493013382,0.5226166962674689,0.0969871161715018,0.9964577555656433
26,2,2,0.5023604035377502,0.10677126795053482,0.5094113111265645,0.09668808032919085,0.9962870478630066
26,2,3,0.4874878227710724,0.10617297142744064,0.4953476775631431,0.09660951708222977,0.9965518712997437
26,2,4,0.5583202838897705,0.10769712179899216,0.5597918004102839,0.0963768715058273,0.9961408376693726
26,2,5,0.5715379118919373,0.10693784803152084,0.572628381049289,0.09576787325371486,0.9956794381141663
26,2,6,0.5861632823944092,0.10622967034578323,0.5865946156285354,0.09536778203170788,0.996040403842926
26,2,7,0.463090181350708,0.11304522305727005,0.47939208212766443,0.10569307899323624,0.9965320825576782
26,2,8,0.6135001182556152,0.11312175542116165,0.6128533164012433,0.10548195837192262,0.9964600801467896
26,2,9,0.5169627666473389,0.13558243215084076,0.5226761288211192,0.1296188767645194,0.9963901042938232
26,2,10,0.5603166818618774,0.13686633110046387,0.5600724951351,0.1298045283458505,0.9966022968292236
26,2,11,0.28444704413414,0.20924684405326843,0.31832674013987616,0.21187931458874995,0.9971398115158081
26,2,12,0.8099517822265625,0.21521848440170288,0.76744864428203,0.21330155546391222,0.9975736141204834
26,2,13,0.16260282695293427,0.35744011402130127,0.21005228176101975,0.36402375884736754,0.5467699766159058
26,2,14,0.8213290572166443,0.3839777708053589,0.7927841049584786,0.3665434790231773,0.847306489944458
26,2,15,0.3045266270637512,0.3414062261581421,0.2731031317974102,0.363395015151399,0.2190110832452774
26,2,16,0.7074151039123535,0.38808345794677734,0.6660804455006205,0.38393631745020945,0.4598899185657501
26,2,17,0.33806541562080383,0.3375735878944397,0.29217267979486417,0.3696360271631671,0.2014395296573639
26,2,18,0.6769493818283081,0.38548216223716736,0.6321529627899615,0.39000858665152266,0.429839164018631
26,2,19,0.37822091579437256,0.328986793756485,0.3248823519627461,0.3573234830208704,0.20396049320697784
26,2,20,0.6269853711128235,0.3736257255077362,0.6006490931361,0.3784992711364127,0.4316106140613556
26,2,21,0.37057048082351685,0.3320471942424774,0.3248813782313091,0.35518290048413464,0.20274904370307922
26,2,22,0.6336772441864014,0.3717052936553955,0.6056678046026618,0.3738235921251339,0.41811251640319824
26,2,23,0.38372716307640076,0.510486900806427,0.4177244806007714,0.535333099686247,0.9866220355033875
26,2,24,0.7190760970115662,0.51268470287323,0.6881938992872232,0.5318272014448169,0.9894720315933228
26,2,25,0.40437746047973633,0.7237233519554138,0.4244373589884536,0.7526549229667086,0.6497849225997925
26,2,26,0.7622861862182617,0.7866916656494141,0.6810171100718091,0.7529605768774618,0.798006534576416
26,2,27,0.44120365381240845,0.8858951926231384,0.47847315238762433,0.952751605566942,0.5399655699729919
26,2,28,0.7887011766433716,1.0072970390319824,0.7053233982184693,0.955133452868781,0.6085817813873291
26,2,29,0.4297587275505066,0.960645318031311,0.5065912378797189,0.9956166755381448,0.602965772151947
26,2,30,0.7714052796363831,1.0079889297485352,0.704464445804766,0.9771673794663683,0.6387873291969299
26,2,31,0.4125070869922638,0.946311891078949,0.44474507000241614,0.9879374426963158,0.4305826425552368
26,2,32,0.8161439895629883,1.0239653587341309,0.6879649254481818,0.9813471094644507,0.43532928824424744
27,1,0,0.7659344673156738,0.1615843027830124,0.7708028354472972,0.13978396963317086,0.9955340623855591
27,1,1,0.7344250679016113,0.12929275631904602,0.741445705900612,0.1100983515230047,0.9966591596603394
27,1,2,0.7233545780181885,0.1273273229598999,0.7333736863959986,0.10899972668101789,0.9965352416038513
27,1,3,0.7134149074554443,0.12514345347881317,0.7247694516282605,0.1078502006849856,0.9967585802078247
27,1,4,0.7503699064254761,0.1300053745508194,0.7448348775843052,0.11022969207596602,0.9963340759277344
27,1,5,0.7499569654464722,0.12907733023166656,0.7394637262347368,0.10942574034198255,0.9959220290184021
27,1,6,0.7501146793365479,0.12808598577976227,0.7332979991910259,0.10859727401576214,0.9962029457092285
27,1,7,0.6486212611198425,0.12827172875404358,0.6492353391950194,0.11568670135304575,0.9967817664146423
27,1,8,0.693629264831543,0.13686181604862213,0.6632780423896427,0.11809543912006394,0.9966585636138916
27,1,9,0.7254943251609802,0.18355894088745117,0.7393069660581889,0.16480655233558372,0.9965559244155884
27,1,10,0.7385175228118896,0.18419720232486725,0.7395010435356763,0.1651502790327608,0.9967710375785828
27,1,11,0.4566376805305481,0.27015820145606995,0.5171309676634398,0.26745776528978205,0.9973323941230774
27,1,12,0.5568424463272095,0.25973275303840637,0.525951949449127,0.2509808162067729,0.9977545142173767
27,1,13,0.5686843991279602,0.4659552276134491,0.5987257441725937,0.48828473177627185,0.5243108868598938
27,1,14,0.37581464648246765,0.5435168743133545,0.36323213645602276,0.5070598427774461,0.8544617295265198
27,1,15,0.8549407720565796,0.46202391386032104,0.7959792849648916,0.5633566521709008,0.2379479706287384
27,1,16,0.37491172552108765,0.7324631810188293,0.35727901840473636,0.7080880201725723,0.4963628351688385
27,1,17,0.8795119524002075,0.4686400592327118,0.8476009885549863,0.5867947140067913,0.21762050688266754
27,1,18,0.3607429265975952,0.7778667211532593,0.3257540143525654,0.7623412056791735,0.463199645280838
27,1,19,0.9058213233947754,0.4419862926006317,0.8658689548727156,0.5765488292047181,0.2209460437297821
27,1,20,0.36389675736427307,0.7791739702224731,0.34280988651227134,0.7609298751509137,0.46456846594810486
27,1,21,0.8761512637138367,0.46149927377700806,0.8381248057023899,0.573613564214758,0.21849462389945984
27,1,22,0.37299737334251404,0.765631914138794,0.35139808957797614,0.7449303130878722,0.44939664006233215
27,1,23,0.5072653889656067,0.7276915311813354,0.5591729533920043,0.7009579212489958,0.9871134757995605
27,1,24,0.5416961908340454,0.730591893196106,0.5256557770028182,0.7090989252900876,0.9899126291275024
27,1,25,0.6570767760276794,0.9148308038711548,0.6662250144889995,0.9616691620562925,0.5998901724815369
27,1,26,0.6607916355133057,0.9744046926498413,0.6177105811605093,0.9864374178025033,0.7863355278968811
27,1,27,0.6929442286491394,1.0799810886383057,0.598698964277483,1.1624889843344817,0.4949345588684082
27,1,28,0.6944615244865417,1.0169756412506104,0.6126867052644576,1.2065812618165104,0.5764751434326172
27,1,29,0.6453244686126709,1.1138116121292114,0.5559079239870364,1.1946723724488872,0.5626933574676514
27,1,30,0.6463007926940918,1.1695016622543335,0.5774413225866524,1.263579148081619,0.6179258227348328
27,1,31,0.8354886770248413,1.111901044845581,0.698352077544956,1.220992380276057,0.3982592225074768
27,1,32,0.8714466094970703,1.1795740127563477,0.7815742756165441,1.2941141724399292,0.4153576195240021
27,2,0,0.5097380876541138,0.1192731261253357,0.5331869224610317,0.11548277805219227,0.9948763251304626
27,2,1,0.49302834272384644,0.10516668856143951,0.5174882982484732,0.0984039269904918,0.9963427186012268
27,2,2,0.4780387282371521,0.10476023703813553,0.503973369120358,0.09808628080303046,0.9962118864059448
27,2,3,0.4611259698867798,0.10450996458530426,0.48941537595585305,0.09797796826485373,0.9964902997016907
27,2,4,0.5320377945899963,0.10445410758256912,0.5549816081015667,0.09777595201337198,0.9958933591842651
27,2,5,0.545805811882019,0.10363706946372986,0.5679797516979992,0.09713091007195199,0.9954259395599365
27,2,6,0.5600928664207458,0.10287878662347794,0.5820016327960348,0.09666876186305186,0.995730459690094
27,2,7,0.4356216490268707,0.11188536882400513,0.471802335352036,0.10676560192162013,0.9964521527290344
27,2,8,0.5889797806739807,0.10874436795711517,0.6087161515896288,0.10604696760825368,0.9959939122200012
27,2,9,0.4891808331012726,0.13034364581108093,0.5168698795606478,0.12974438827221443,0.9959424734115601
27,2,10,0.5342586636543274,0.12976832687854767,0.5555988254556802,0.12979825930465877,0.9960209131240845
27,2,11,0.26753127574920654,0.21047787368297577,0.30951693478683345,0.21163661578195872,0.9970727562904358
27,2,12,0.8046001195907593,0.2028493881225586,0.7738893997684351,0.21149097712136647,0.9975913763046265
27,2,13,0.16623304784297943,0.3481898903846741,0.20245395465025146,0.36128048828001824,0.5462072491645813
27,2,14,0.8771423697471619,0.3638491928577423,0.8074296132669997,0.36607686957243846,0.8501566052436829
27,2,15,0.31639328598976135,0.3465389907360077,0.2806094727430928,0.3604745644780793,0.218246728181839
27,2,16,0.740342378616333,0.37088343501091003,0.6789693257568863,0.3816750530976305,0.4517260193824768
27,2,17,0.36083608865737915,0.3367593586444855,0.3040877604277397,0.36393712153139934,0.20041204988956451
27,2,18,0.6947441101074219,0.36499592661857605,0.6430125019398742,0.38567386906851553,0.4220923185348511
27,2,19,0.3874673843383789,0.3325769901275635,0.33574069403161433,0.35303492639877326,0.20329926908016205
27,2,20,0.6773489713668823,0.36428314447402954,0.6139621023231514,0.37603640214976286,0.42341476678848267
27,2,21,0.38053762912750244,0.33783161640167236,0.33453557068454653,0.35217659829988296,0.2011488676071167
27,2,22,0.6872652769088745,0.366744726896286,0.6198329592059199,0.3725974789858348,0.41023728251457214
27,2,23,0.40462979674339294,0.4994433522224426,0.4154559643665763,0.529111330064609,0.9878643155097961
27,2,24,0.7608941197395325,0.49831873178482056,0.7008109607955588,0.5260186608853885,0.9904976487159729
27,2,25,0.4289535880088806,0.7141798138618469,0.42521954347506163,0.745984436479897,0.6350851655006409
27,2,26,0.8061432838439941,0.7662014961242676,0.7027668169011533,0.7552544223488172,0.8060045838356018
27,2,27,0.4461427330970764,0.9125752449035645,0.4728690273956222,0.9457858012919349,0.5245480537414551
27,2,28,0.8429095149040222,0.9902113080024719,0.7292478207295219,0.9612142836046449,0.60514897108078
27,2,29,0.472324401140213,0.9502341151237488,0.5006511036952793,0.9877469883818346,0.5901784300804138
27,2,30,0.814422070980072,1.0009173154830933,0.7235688004769633,0.9812830822288923,0.6472704410552979
27,2,31,0.43862184882164,0.8996758460998535,0.44368451322871516,0.9726125067422943,0.3951350748538971
27,2,32,0.8171324729919434,1.013830304145813,0.7104200136736688,0.9869777127167831,0.41272950172424316
28,1,0,0.7269651889801025,0.15255646407604218,0.7632014396031903,0.14199664166532452,0.9944870471954346
28,1,1,0.7074061036109924,0.12465246766805649,0.7355450149694678,0.11261980153762954,0.9958760142326355
28,1,2,0.6958701610565186,0.12342531979084015,0.7268718552145761,0.11149890083589525,0.9959912896156311
28,1,3,0.6849656701087952,0.12195571511983871,0.7178683576112402,0.11029389899580527,0.9961833953857422
28,1,4,0.7289509773254395,0.12405900657176971,0.7420829395738276,0.11262552057202274,0.9951804876327515
28,1,5,0.7319000959396362,0.12313777208328247,0.7381536300755895,0.11180124206917161,0.9949359893798828
28,1,6,0.7351508736610413,0.1223696619272232,0.7336188809525017,0.11098323629515654,0.9949944019317627
28,1,7,0.622785747051239,0.12430896610021591,0.644651403049801,0.11718021234658205,0.9963850378990173
28,1,8,0.6890695095062256,0.13101418316364288,0.6677478365247013,0.12033345662857642,0.9955077171325684
28,1,9,0.6862483024597168,0.17072133719921112,0.7301041098741352,0.16583100228720649,0.9955363869667053
28,1,10,0.7059237360954285,0.17086255550384521,0.7336805716252309,0.16613964821350355,0.9955762028694153
28,1,11,0.41743892431259155,0.26390913128852844,0.4998154483088903,0.26684318023616654,0.9969841837882996
28,1,12,0.5681480169296265,0.2441602498292923,0.5332683484487585,0.24979945172490992,0.9977429509162903
28,1,13,0.3535219728946686,0.456301748752594,0.5559509710614436,0.4827408898827187,0.5049239993095398
28,1,14,0.4992971420288086,0.5627668499946594,0.3868909263381506,0.5167228281019998,0.8573707938194275
28,1,15,0.5270639061927795,0.507911741733551,0.7490353758666731,0.5537391510911669,0.20079675316810608
28,1,16,0.5894825458526611,0.7396125197410583,0.3977701582223719,0.7135523190371496,0.4763665497303009
28,1,17,0.5376869440078735,0.514920711517334,0.7934343396060237,0.5743212376360751,0.1855868548154831
28,1,18,0.5536653995513916,0.7997268438339233,0.365491555579045,0.7688225850043188,0.44221141934394836
28,1,19,0.5683779120445251,0.5038473606109619,0.8138928229759774,0.5639313965791016,0.18808433413505554
28,1,20,0.551923394203186,0.802792489528656,0.37924942121231897,0.7681883830898009,0.44231685996055603
28,1,21,0.5741674900054932,0.5076523423194885,0.7920534273600623,0.5621682571644251,0.18618205189704895
28,1,22,0.5565253496170044,0.7894918918609619,0.387138764965907,0.7526574170035223,0.42761239409446716
28,1,23,0.4433514475822449,0.7213186621665955,0.5390462080161718,0.7044859659251405,0.986984133720398
28,1,24,0.5764889717102051,0.7086352109909058,0.5344720516074989,0.7090186224850373,0.989963948726654
28,1,25,0.4922580420970917,0.9759213328361511,0.6359416229290988,0.9641382780988487,0.5834887623786926
28,1,26,0.734554648399353,1.0162402391433716,0.6380156964133377,0.9916030194964607,0.7876917719841003
28,1,27,0.5296178460121155,1.2289570569992065,0.5867112982947754,1.1740222874280972,0.4820116460323334
28,1,28,0.8100830316543579,1.2590141296386719,0.6470727932060069,1.2156753396424884,0.5764681100845337
28,1,29,0.49677759408950806,1.2835187911987305,0.5456500747262608,1.210099030511151,0.5553767085075378
28,1,30,0.7473673820495605,1.3122657537460327,0.6070178322642849,1.2720225680714312,0.6323018670082092
28,1,31,0.6631758213043213,1.2603123188018799,0.6922541487575745,1.2278094682314278,0.366033673286438
28,1,32,1.0278958082199097,1.2884782552719116,0.8245458198031677,1.2931380283956788,0.3923022150993347
28,2,0,0.5283830761909485,0.11827880144119263,0.5323549164616239,0.1159670081415537,0.9943744540214539
28,2,1,0.5081380605697632,0.10190584510564804,0.5158686544302608,0.099010420539943,0.9958966970443726
28,2,2,0.4932482838630676,0.10186486691236496,0.5021154976804656,0.09874069563517848,0.9960051774978638
28,2,3,0.4770645201206207,0.10202903300523758,0.48727577260203364,0.09867957952475212,0.9961936473846436
28,2,4,0.5477961301803589,0.10001542419195175,0.5537370245244282,0.09816378914663934,0.9951653480529785
28,2,5,0.5604872703552246,0.09896912425756454,0.5666819808218111,0.09744925254778924,0.9949364066123962
28,2,6,0.574005126953125,0.09799925237894058,0.580616539186807,0.09689917308590158,0.994977593421936
28,2,7,0.4496522843837738,0.10728158056735992,0.46796403277637805,0.10685495570126347,0.9963334202766418
28,2,8,0.6006880402565002,0.10133727639913559,0.6073255820153617,0.10523127150435922,0.9953436255455017
28,2,9,0.5069514513015747,0.13193775713443756,0.5151517846770522,0.13012424057408808,0.9954073429107666
28,2,10,0.5520390868186951,0.12998023629188538,0.5549823168198064,0.1298297725619695,0.9953567981719971
28,2,11,0.26920634508132935,0.2044731080532074,0.30252780174257343,0.21039583859430278,0.99703449010849
28,2,12,0.8199694752693176,0.19924961030483246,0.7818801976575607,0.20937035039134333,0.9977520704269409
28,2,13,0.16404898464679718,0.3406819701194763,0.1957955686678462,0.35771121583305066,0.5334740877151489
28,2,14,0.953421950340271,0.3561217784881592,0.8328222492620454,0.3643524227396294,0.8489609360694885
28,2,15,0.3065430521965027,0.3272339701652527,0.2851039112620506,0.3547125119455534,0.18921925127506256
28,2,16,0.9622681736946106,0.35496512055397034,0.7284461750233105,0.3770459602190836,0.43407297134399414
28,2,17,0.3511337637901306,0.32512736320495605,0.3122463064716552,0.3572085635061996,0.17622622847557068
28,2,18,1.0050777196884155,0.35163360834121704,0.7063935934664655,0.37977305970460246,0.40343838930130005
28,2,19,0.3893129527568817,0.3140776455402374,0.3450328276205554,0.3462807642980247,0.17824804782867432
28,2,20,0.8321729898452759,0.3512675166130066,0.6519979821578565,0.37174396249710123,0.40363067388534546
28,2,21,0.38071247935295105,0.317393034696579,0.34254318731803046,0.3461468041784923,0.17601622641086578
28,2,22,0.8255611658096313,0.35293814539909363,0.6556796312518547,0.36919104573182393,0.39093053340911865
28,2,23,0.3832326829433441,0.48747745156288147,0.4098704143471454,0.5218925262857966,0.9881538152694702
28,2,24,0.7500153183937073,0.48202192783355713,0.7093443266802781,0.5183896269010762,0.9908453226089478
28,2,25,0.36361122131347656,0.7004987001419067,0.41453102638373246,0.7380968495164746,0.6227932572364807
28,2,26,0.8211982846260071,0.7493177056312561,0.7233487537334001,0.7542261708174204,0.8079661726951599
28,2,27,0.43420571088790894,0.8681795597076416,0.4661658887168678,0.9323152727596083,0.5253234505653381
28,2,28,0.8520178198814392,0.9786623120307922,0.7505865133789873,0.9642373435762294,0.6144838929176331
28,2,29,0.4514358639717102,0.9017391204833984,0.4921158453272504,0.9728143868235224,0.5940950512886047
28,2,30,0.8230976462364197,0.9938493371009827,0.740855863773772,0.9834600000240601,0.6660919785499573
28,2,31,0.42630648612976074,0.8972173929214478,0.4406735779463894,0.9595266296721636,0.3916276693344116
28,2,32,0.8287835121154785,0.9998264312744141,0.7309902416797356,0.9892035853109282,0.420750230550766
29,1,0,0.7008621096611023,0.14860796928405762,0.7523858678377742,0.14314175789795702,0.9946191310882568
29,1,1,0.6835838556289673,0.11970273405313492,0.7265328123778384,0.11384661947045152,0.9960623979568481
29,1,2,0.6706553101539612,0.11855299025774002,0.71712034777896,0.11272072184920698,0.9962255358695984
29,1,3,0.657715916633606,0.11730434000492096,0.7074328840050649,0.11150815816764818,0.996371865272522
29,1,4,0.7132460474967957,0.11962977051734924,0.7370849078859908,0.11383870722268818,0.9952907562255859
29,1,5,0.7204732298851013,0.11889950931072235,0.7350902768804398,0.11303071666413941,0.9951229095458984
29,1,6,0.7283463478088379,0.11820219457149506,0.732705688507427,0.11223362004088637,0.9950526356697083
29,1,7,0.5983180403709412,0.11983437091112137,0.6366166466988006,0.11763987161123621,0.9965716004371643
29,1,8,0.6959837079048157,0.1260785013437271,0.6726416175041591,0.12132850216920937,0.995468020439148
29,1,9,0.6655771136283875,0.17004844546318054,0.7189082516480944,0.16656143271721255,0.9956263899803162
29,1,10,0.6930366158485413,0.17065896093845367,0.7266336318334348,0.1669223673666203,0.9955723881721497
29,1,11,0.41201090812683105,0.27964475750923157,0.4845700842987354,0.26906089188425486,0.9971345067024231
29,1,12,0.5869417786598206,0.2603600025177002,0.5425780203270141,0.251628810717755,0.9979371428489685
29,1,13,0.20439273118972778,0.5233224630355835,0.4944285967189379,0.489777001389403,0.5016368627548218
29,1,14,0.6039484739303589,0.6100887060165405,0.42472402894654276,0.5329364492324923,0.8583120107650757
29,1,15,0.46573784947395325,0.5868242383003235,0.699559067158804,0.5594741832087927,0.17285838723182678
29,1,16,0.6698878407478333,0.7796903848648071,0.44527822255374466,0.7250282729131504,0.46299776434898376
29,1,17,0.4992560148239136,0.589735746383667,0.7420411380546563,0.5769917933092675,0.161638543009758
29,1,18,0.6888072490692139,0.8198918700218201,0.4220238745852439,0.7776798737224643,0.42530620098114014
29,1,19,0.5471838116645813,0.5870299935340881,0.7673366455478365,0.5679341300665668,0.16347022354602814
29,1,20,0.7017640471458435,0.8445521593093872,0.4356401506253147,0.7814427155474125,0.42453765869140625
29,1,21,0.5419521927833557,0.5921958684921265,0.7484179405345331,0.5673728095001155,0.16171565651893616
29,1,22,0.6462663412094116,0.7916483283042908,0.4323612515016009,0.7594174221351978,0.40843793749809265
29,1,23,0.40709561109542847,0.7786155939102173,0.5161055471167887,0.7173516543344923,0.9886028170585632
29,1,24,0.5854516625404358,0.7545747756958008,0.5433137618283954,0.7169184218849978,0.9912571310997009
29,1,25,0.525107741355896,0.9396088719367981,0.6166844348642688,0.9598873705461499,0.5743089318275452
29,1,26,0.77889084815979,0.9794250726699829,0.6625145523694358,0.9894933843988604,0.7920732498168945
29,1,27,0.6020531058311462,1.151536226272583,0.5893692733928276,1.170125725972633,0.48270344734191895
29,1,28,0.8502324223518372,1.1811963319778442,0.6824691005120337,1.2096983609219287,0.5859385132789612
29,1,29,0.5766252875328064,1.2002066373825073,0.5510190628349373,1.208385448492058,0.5574097633361816
29,1,30,0.7886567711830139,1.2279384136199951,0.6386442054851129,1.2643783597645075,0.647011935710907
29,1,31,0.7312420010566711,1.1663769483566284,0.6990136242515207,1.2171514850323448,0.3611929416656494
29,1,32,1.0365819931030273,1.189234972000122,0.8614987182347328,1.275088841468628,0.39921459555625916
29,2,0,0.5106909871101379,0.11883527785539627,0.5286009135676829,0.11646375131014795,0.994161069393158
29,2,1,0.48663416504859924,0.10113992542028427,0.5108016442850613,0.09937921205320184,0.9958735108375549
29,2,2,0.4688137173652649,0.10088293254375458,0.49634282633143395,0.09911169224529798,0.9960108995437622
29,2,3,0.4489963948726654,0.10082003474235535,0.48063927059066963,0.09905026755762754,0.9961913228034973
29,2,4,0.5314525365829468,0.09959621727466583,0.5498754173379325,0.0984118544460547,0.995002031326294
29,2,5,0.5467975735664368,0.09849818050861359,0.5632365247205647,0.09763090189047723,0.9947510361671448
29,2,6,0.563344419002533,0.09739343076944351,0.577623960471894,0.0969847653183402,0.9946936964988708
29,2,7,0.42477717995643616,0.10598576813936234,0.46047561204188214,0.10670443393201808,0.9963732361793518
29,2,8,0.5969054698944092,0.10108163952827454,0.6055205581584905,0.10451258709157421,0.9950273633003235
29,2,9,0.4889156222343445,0.1334005892276764,0.5106048630430929,0.1306916641064215,0.9951479434967041
29,2,10,0.5428438186645508,0.1315341293811798,0.5528795167680925,0.1301249323766183,0.9949119091033936
29,2,11,0.2574518322944641,0.20815366506576538,0.2947113291636279,0.2100075335561311,0.9970079660415649
29,2,12,0.837756335735321,0.20042824745178223,0.7915725880740694,0.2078214234893397,0.9976452589035034
29,2,13,0.17413760721683502,0.33336538076400757,0.19204255822724525,0.3534921408404892,0.5225322246551514
29,2,14,1.1046724319458008,0.36658671498298645,0.8802832932773654,0.3647393626202123,0.8374897241592407
29,2,15,0.3153046667575836,0.32795196771621704,0.29033854717517643,0.3500746384066165,0.16030700504779816
29,2,16,0.8378576636314392,0.3514914810657501,0.7474557684563701,0.3726172720148906,0.42078766226768494
29,2,17,0.3493601679801941,0.322445273399353,0.31868053590580836,0.3511822844019922,0.1509929895401001
29,2,18,0.8049829006195068,0.351626455783844,0.7235175215147699,0.37489476630002394,0.3874877393245697
29,2,19,0.3808555006980896,0.3129686415195465,0.3512429755017513,0.340506300844548,0.15255483984947205
29,2,20,0.7413470149040222,0.35103639960289,0.6675124650712181,0.36815578614274436,0.38678881525993347
29,2,21,0.37843140959739685,0.3188965916633606,0.34876470186841135,0.341423997914416,0.1510891616344452
29,2,22,0.7417837381362915,0.35265323519706726,0.6706291881306,0.3663257569704359,0.3726001977920532
29,2,23,0.41456735134124756,0.537489116191864,0.4106838991498278,0.5245946610761284,0.989177405834198
29,2,24,0.8093651533126831,0.532719612121582,0.7267170859863691,0.5208722259974082,0.9914231300354004
29,2,25,0.4023956060409546,0.7196018695831299,0.412428758277451,0.7348922720597075,0.6016502380371094
29,2,26,0.8166249394416809,0.7549180388450623,0.739546832127811,0.7543459843510005,0.8033426403999329
29,2,27,0.47180286049842834,0.9297551512718201,0.4671422120816532,0.9318718986306407,0.5071068406105042
29,2,28,0.9058372378349304,1.0006691217422485,0.7775969430970734,0.9705531487308311,0.59869384765625
29,2,29,0.516994833946228,0.9711052179336548,0.4964273735268057,0.9725183922708395,0.5857881903648376
29,2,30,0.8576587438583374,0.9757132530212402,0.7611537524307866,0.982118171837828,0.6694105863571167
29,2,31,0.46716225147247314,0.9254137873649597,0.4452642963641091,0.9536131961233778,0.36775991320610046
29,2,32,0.84398353099823,0.978951096534729,0.7506240366540996,0.9874276014128569,0.3918191194534302
30,1,0,0.6911559700965881,0.14653915166854858,0.7417631238110791,0.14373014724663044,0.9944527745246887
30,1,1,0.6806999444961548,0.11944402754306793,0.7185849654729467,0.11481608992689038,0.9960799813270569
30,1,2,0.668045163154602,0.11913371831178665,0.7086094234530442,0.1138314793440414,0.9962799549102783
30,1,3,0.6545865535736084,0.11867401003837585,0.6982669057935281,0.11274934140491806,0.9963693618774414
30,1,4,0.7107409834861755,0.11675012111663818,0.7325193000277388,0.11434292307211691,0.9951440691947937
30,1,5,0.7179371118545532,0.11533396691083908,0.732118320464975,0.11342959984746814,0.9950104355812073
30,1,6,0.7255474328994751,0.11425040662288666,0.731465822172642,0.11258288965377207,0.99477618932724
30,1,7,0.616811990737915,0.12176019698381424,0.6331850171019008,0.11835347976460171,0.9966139197349548
30,1,8,0.7038675546646118,0.12277063727378845,0.6780541161486463,0.12157824860680606,0.995331346988678
30,1,9,0.6536850333213806,0.16494305431842804,0.7075913507527962,0.16628116337540128,0.9954972267150879
30,1,10,0.6807956099510193,0.1621849238872528,0.7186848916762725,0.1661018641638175,0.9952499270439148
30,1,11,0.4264252781867981,0.2890859842300415,0.47448346017400256,0.2725307394389273,0.9971519112586975
30,1,12,0.5746643543243408,0.2689400017261505,0.5481398009836437,0.2546281626064744,0.9977868795394897
30,1,13,0.183597594499588,0.5770943760871887,0.4400981586867204,0.5049374926204633,0.4981674551963806
30,1,14,0.518031895160675,0.6404176354408264,0.44092768271027377,0.5516092005880012,0.8231123089790344
30,1,15,0.19339992105960846,0.724246084690094,0.6105757915614355,0.5881489353297654,0.1657695472240448
30,1,16,0.5318368077278137,0.8116238713264465,0.46030689047445567,0.7400631411645107,0.44308707118034363
30,1,17,0.17577175796031952,0.7656901478767395,0.6423142570889746,0.6098537766146684,0.1610826998949051
30,1,18,0.5183606147766113,0.8716692328453064,0.43875522249626203,0.7940020687313208,0.40719375014305115
30,1,19,0.2689772844314575,0.7675507068634033,0.6797449433118687,0.6027087789430552,0.16332858800888062
30,1,20,0.5119068026542664,0.8746334314346313,0.44887781429318024,0.7976258400418637,0.4066426455974579
30,1,21,0.2428636997938156,0.7518250942230225,0.6595431512440965,0.5994912710251691,0.16100898385047913
30,1,22,0.5110310316085815,0.8588162660598755,0.44601693536650083,0.7766818231516126,0.3919554054737091
30,1,23,0.43816274404525757,0.7263082265853882,0.5025764338853388,0.7189030901551637,0.9897440671920776
30,1,24,0.6521649956703186,0.7497078776359558,0.5622252797420433,0.7226021970552216,0.9918641448020935
30,1,25,0.5788288116455078,0.876213014125824,0.6101214522180642,0.9453609835013298,0.5579021573066711
30,1,26,0.7080509066581726,0.9196053743362427,0.6704109767311152,0.9773654098827866,0.7760911583900452
30,1,27,0.6781372427940369,1.0816574096679688,0.6047822831872962,1.1547648669974997,0.4740520715713501
30,1,28,0.8136749267578125,1.0732184648513794,0.705280016738115,1.185967013328874,0.5745737552642822
30,1,29,0.6783716678619385,1.12605881690979,0.5731571679964516,1.1940936157727489,0.5569208860397339
30,1,30,0.7773346304893494,1.1061031818389893,0.6627616652887441,1.236839394158267,0.6558086276054382
30,1,31,0.7695868611335754,1.1081469058990479,0.7112607797239678,1.1982132072870388,0.34332403540611267
30,1,32,0.941982090473175,1.098634123802185,0.8754700963592559,1.2443699937135144,0.37330636382102966
30,2,0,0.5078775882720947,0.12265349924564362,0.52501000330693,0.11753583390461819,0.9939820170402527
30,2,1,0.47268784046173096,0.10303858667612076,0.5041938829332268,0.10001297832744419,0.9958168864250183
30,2,2,0.4511701762676239,0.10378094762563705,0.48850961721131564,0.09992038409252281,0.9960250854492188
30,2,3,0.4271227717399597,0.10512269288301468,0.4713568623766458,0.10010202583381686,0.9960774779319763
30,2,4,0.5273363590240479,0.09970808029174805,0.5459696664696565,0.09863633156166528,0.9947316646575928
30,2,5,0.5463112592697144,0.09833964705467224,0.560304072361808,0.09775363841836192,0.9946123957633972
30,2,6,0.5671688914299011,0.09709717333316803,0.5758128794153816,0.09700423116126984,0.9943516254425049
30,2,7,0.40619176626205444,0.11358800530433655,0.45105988437041156,0.10789671365322975,0.9963393807411194
30,2,8,0.60800701379776,0.10163163393735886,0.6059511716121806,0.10401364714367974,0.994858980178833
30,2,9,0.48967209458351135,0.14214056730270386,0.5069776368349893,0.13267496133839796,0.9949085116386414
30,2,10,0.5553048849105835,0.1385832130908966,0.5532995500609286,0.1315900314038688,0.9943422079086304
30,2,11,0.2497987449169159,0.23662994801998138,0.2869232343381175,0.21462144547936557,0.9970477819442749
30,2,12,0.8721327781677246,0.22218073904514313,0.8055570703574283,0.21030910976415615,0.9974233508110046
30,2,13,0.20288297533988953,0.41294994950294495,0.19392039472762548,0.36380688539517714,0.491777628660202
30,2,14,0.9759715795516968,0.4236597418785095,0.8969016589521017,0.37496071457578156,0.7668092250823975
30,2,15,0.4150310158729553,0.3960869014263153,0.3120125337715303,0.3580536310812229,0.1558898389339447
30,2,16,0.8337503671646118,0.4319505989551544,0.7624385341736142,0.382910388109679,0.4029759168624878
30,2,17,0.4439994990825653,0.38511091470718384,0.34046389458867693,0.3570637181192588,0.15381838381290436
30,2,18,0.8175680637359619,0.4277850389480591,0.7398508250281586,0.38406837060818844,0.3719639778137207
30,2,19,0.4918460249900818,0.35952624678611755,0.37569425340549956,0.3438018803712681,0.1559247374534607
30,2,20,0.7485331892967224,0.4153285324573517,0.6815772888394424,0.37633630685208364,0.3713732063770294
30,2,21,0.4983625113964081,0.36435309052467346,0.37478715713219873,0.34539738102642353,0.15337800979614258
30,2,22,0.7544103860855103,0.41759589314460754,0.6851743974222363,0.3752179250262128,0.35822802782058716
30,2,23,0.36380213499069214,0.5900893807411194,0.4025538926495864,0.5359587403342181,0.9904574751853943
30,2,24,0.8698849081993103,0.5726402997970581,0.7516162569278015,0.5298508789836914,0.9921292066574097
30,2,25,0.43678614497184753,0.7587283253669739,0.41664982997677297,0.7390229282054199,0.5773841738700867
30,2,26,0.8322181701660156,0.7459731698036194,0.7556395878890978,0.7528956905899586,0.7709029316902161
30,2,27,0.5596126914024353,0.9494563937187195,0.4831998819436113,0.9349186172709761,0.5107795000076294
30,2,28,0.9165233373641968,0.921530544757843,0.8017555528168122,0.9620513373172809,0.5898767113685608
30,2,29,0.6237857937812805,0.9844335317611694,0.5185664871766115,0.9745824770312032,0.5933530926704407
30,2,30,0.8810098767280579,0.9348883628845215,0.7819841663863918,0.9739277102151227,0.6775705218315125
30,2,31,0.5908727049827576,0.9551265835762024,0.4705897210241799,0.9538752812892012,0.38134679198265076
30,2,32,0.882819652557373,0.9682143330574036,0.7736076374461879,0.9840984950238002,0.3852282166481018
31,1,0,0.9207690954208374,0.33204567432403564,0.7729283466338494,0.17652532264802295,0.9494591355323792
31,1,1,0.8873729109764099,0.35982146859169006,0.7479622672051486,0.1575559327432761,0.958855152130127
31,1,2,0.8731305599212646,0.35701343417167664,0.7372404403060846,0.15625093375615987,0.9640546441078186
31,1,3,0.8592351675033569,0.35556814074516296,0.7262766521628145,0.15510499068486858,0.9592491984367371
31,1,4,0.9179238677024841,0.3716123402118683,0.7648047274870865,0.15923853704943938,0.9501579999923706
31,1,5,0.9283643960952759,0.375925213098526,0.7663026917811435,0.15924434744663193,0.9490291476249695
31,1,6,0.9384398460388184,0.37973132729530334,0.767530446650002,0.15921616991617205,0.9430485963821411
31,1,7,0.8341423273086548,0.3533289134502411,0.6681949395159188,0.1593314163569775,0.9713613390922546
31,1,8,0.9453003406524658,0.377555251121521,0.7247046351944583,0.1662466081990723,0.9531686305999756
31,1,9,0.9101228713989258,0.22521451115608215,0.7428771493965921,0.17650477282779126,0.9805281162261963
31,1,10,0.9531257748603821,0.2564897835254669,0.7595689420794428,0.18179692405110953,0.9731623530387878
31,1,11,0.8395110964775085,0.42969730496406555,0.5383874832825106,0.2998758809941219,0.9884827136993408
31,1,12,0.7384413480758667,0.4419271647930145,0.5812828412315028,0.2872453189728124,0.9901170134544373
31,1,13,0.6309400796890259,0.6729989647865295,0.47333453374996187,0.5341877680383801,0.4527629315853119
31,1,14,0.4896819591522217,0.7599811553955078,0.4493829480238273,0.5879190443806798,0.7440067529678345
31,1,15,0.6458439230918884,0.7664180994033813,0.6166893394834652,0.6191852331365971,0.16981811821460724
31,1,16,0.5725530385971069,0.8754898309707642,0.4798104998997452,0.7636105500380274,0.4268054962158203
31,1,17,0.613479733467102,0.7748257517814636,0.6373163042249658,0.6385636479920388,0.17544175684452057
31,1,18,0.5600522756576538,0.8981279134750366,0.4598372667986073,0.8120900763382122,0.3984179198741913
31,1,19,0.634844958782196,0.7655740976333618,0.6719586883386751,0.6310502179089889,0.18088451027870178
31,1,20,0.5522504448890686,0.9038473963737488,0.4668348176718452,0.816079065503761,0.39949050545692444
31,1,21,0.644400417804718,0.7590338587760925,0.6569195497596104,0.6272517672734755,0.17612169682979584
31,1,22,0.5697882175445557,0.8860933780670166,0.4675304466347405,0.7956910358889098,0.38460618257522583
31,1,23,0.8287708759307861,0.7685034871101379,0.5596163132850263,0.7275052423664723,0.9829413890838623
31,1,24,0.8088711500167847,0.8016744256019592,0.6052535060596681,0.7363277427661216,0.9877095818519592
31,1,25,0.8364676237106323,0.7400100231170654,0.6495841760798979,0.9095808788095077,0.5227182507514954
31,1,26,0.5923904180526733,0.8625812530517578,0.6568685198622612,0.9574195906368571,0.7301650643348694
31,1,27,0.7165745496749878,0.8901605606079102,0.6242064721143513,1.1085791154958575,0.4677925109863281
31,1,28,0.6885088682174683,0.9467041492462158,0.7023743248610665,1.1442357635250553,0.5664780735969543
31,1,29,0.6801183819770813,0.8850590586662292,0.5917392829629913,1.1400815182166415,0.5453580021858215
31,1,30,0.6881158351898193,0.92823326587677,0.6671556659965867,1.1829026559395042,0.6477280259132385
31,1,31,0.6740111708641052,0.9966074824333191,0.7048030266431741,1.163089490352266,0.3606802821159363
31,1,32,0.7247484922409058,1.0308713912963867,0.8492518492480461,1.20716097232192,0.37957262992858887
31,2,0,0.49361130595207214,0.13471120595932007,0.5195675339638042,0.120511641321807,0.9529414176940918
31,2,1,0.4552030861377716,0.11780612915754318,0.4956976114576044,0.1030958794361494,0.9620574712753296
31,2,2,0.4331095218658447,0.11888338625431061,0.47889995753918235,0.10320609305730802,0.9666430950164795
31,2,3,0.4102025032043457,0.12063917517662048,0.4607472382012151,0.10366065471008933,0.9624511003494263
31,2,4,0.5141866207122803,0.11344417184591293,0.540460513010104,0.10120175759658079,0.9540818929672241
31,2,5,0.5333510041236877,0.11163181066513062,0.5556328072119867,0.1001579343209608,0.9529920220375061
31,2,6,0.551791250705719,0.11049668490886688,0.5716500322635367,0.09934167694450499,0.9477577209472656
31,2,7,0.3931286633014679,0.1284215748310089,0.44101040540936576,0.11145321190996488,0.9732866883277893
31,2,8,0.5967058539390564,0.11424705386161804,0.6043497081032186,0.1057863187949328,0.9566395282745361
31,2,9,0.46183979511260986,0.14821705222129822,0.4991504738213256,0.13536765406458476,0.980854868888855
31,2,10,0.5334928631782532,0.14595669507980347,0.5498675688272765,0.1340789915012266,0.9737416505813599
31,2,11,0.2608904540538788,0.24187415838241577,0.28241156539179046,0.21934468401813098,0.989112377166748
31,2,12,0.8490034937858582,0.2310151904821396,0.8130905703854435,0.2138970286191627,0.9908244609832764
31,2,13,0.20309020578861237,0.3796732425689697,0.19550876262179684,0.3665557843422665,0.47166261076927185
31,2,14,1.1134964227676392,0.38092005252838135,0.9346541038501793,0.37599288269290204,0.7407388687133789
31,2,15,0.3714933395385742,0.39101988077163696,0.3223313105349118,0.3637680770205025,0.1591876894235611
31,2,16,0.8686226010322571,0.37736618518829346,0.7808855159748663,0.38195013476754447,0.3900289833545685
31,2,17,0.43966424465179443,0.38178935647010803,0.35769378919382444,0.36134865568354,0.1648475080728531
31,2,18,0.7935318946838379,0.35905230045318604,0.7491620501902455,0.37973306233953996,0.36452826857566833
31,2,19,0.4590257704257965,0.3625006377696991,0.39016106483406665,0.347041776865456,0.169584259390831
31,2,20,0.783149242401123,0.35435807704925537,0.6992205330204477,0.37252780703082916,0.3653055727481842
31,2,21,0.46727752685546875,0.37040454149246216,0.3908483924895034,0.34973114371850667,0.1648326814174652
31,2,22,0.7903575897216797,0.3589717149734497,0.7034468734278654,0.37240318384330406,0.3521139621734619
31,2,23,0.3737843930721283,0.6276238560676575,0.39756753859357363,0.5518761740712175,0.9842399954795837
31,2,24,0.8660576939582825,0.577605664730072,0.7715024150781262,0.5381324753942303,0.9883322715759277
31,2,25,0.44971051812171936,0.7986969947814941,0.4223806601360338,0.7493752480090351,0.5388903617858887
31,2,26,0.980542004108429,0.7939478754997253,0.7948493595623967,0.7600134899808628,0.7427180409431458
31,2,27,0.5382687449455261,0.9797287583351135,0.4927519907829501,0.9426888513792375,0.49671176075935364
31,2,28,0.8796565532684326,0.9374281167984009,0.8152774497571703,0.9577841491571777,0.5836257338523865
31,2,29,0.582574725151062,1.0097302198410034,0.5296721818177391,0.9806754493720489,0.5766832828521729
31,2,30,0.8429501056671143,0.9488299489021301,0.7925610932229762,0.9695782187257711,0.6690466403961182
31,2,31,0.5837230682373047,0.9648241996765137,0.49024777653575025,0.9557719306242488,0.3806171119213104
31,2,32,0.999190092086792,1.07660973072052,0.812936995643058,1.0001632325842538,0.38440021872520447
32,1,0,0.9641610980033875,0.5853784084320068,0.8062345885009277,0.24819527092943552,0.8926064372062683
32,1,1,0.959144651889801,0.537207841873169,0.78476493255211,0.2240498655079531,0.9068335890769958
32,1,2,0.9501467943191528,0.5299098491668701,0.7743454332837236,0.2216836124806395,0.9118677377700806
32,1,3,0.941452145576477,0.5226196050643921,0.7637796307674846,0.21945001466596428,0.9052959680557251
32,1,4,0.9667245149612427,0.5510839819908142,0.7999835411215009,0.2278929234336217,0.893989086151123
32,1,5,0.9670457243919373,0.5539414882659912,0.8012752896961238,0.22840423371571159,0.8895897269248962
32,1,6,0.9668538570404053,0.5565089583396912,0.8022542815889261,0.22883624162005312,0.8849666714668274
32,1,7,0.8896883726119995,0.504976749420166,0.7068064425069279,0.21980831237989176,0.920730471611023
32,1,8,0.9267510175704956,0.5589733719825745,0.7599058588820856,0.23505719432665212,0.899283230304718
32,1,9,0.9274001121520996,0.5859848260879517,0.7750083803509138,0.2482856002321377,0.949917197227478
32,1,10,0.9459002614021301,0.5989815592765808,0.792016909988406,0.2549450483004628,0.9363705515861511
32,1,11,0.8555457592010498,0.5547218918800354,0.593833663169037,0.34434555343380563,0.9654012322425842
32,1,12,0.5768283009529114,0.6301695704460144,0.5805113471482224,0.3472410917248871,0.9648277163505554
32,1,13,0.7531293630599976,0.7603411078453064,0.5221924505150901,0.573617050158072,0.43274980783462524
32,1,14,0.4557299315929413,0.8489906787872314,0.4504822784206693,0.633483772023894,0.6952386498451233
32,1,15,0.7370193600654602,0.8117088079452515,0.637601371680622,0.6527176148955297,0.16404856741428375
32,1,16,0.539357602596283,0.8721233010292053,0.4901409254641567,0.7824631418750008,0.3929506838321686
32,1,17,0.7273166179656982,0.812977135181427,0.6529430248748426,0.6689253001444252,0.17630836367607117
32,1,18,0.5483061075210571,0.8807073831558228,0.47519848408223075,0.8239971334633481,0.37537527084350586
32,1,19,0.7369674444198608,0.7918335795402527,0.6832378176471977,0.6590277420887594,0.18392200767993927
32,1,20,0.5333605408668518,0.877827525138855,0.4783783311110328,0.8267919799342159,0.37938809394836426
32,1,21,0.7367818355560303,0.7842961549758911,0.6707819872824173,0.6545756467732725,0.17718759179115295
32,1,22,0.5471831560134888,0.861470103263855,0.48135714608166075,0.8071046091377887,0.36480316519737244
32,1,23,0.827088475227356,0.8511247634887695,0.6063070786342286,0.7489920615628306,0.9517966508865356
32,1,24,0.660666823387146,0.8991476893424988,0.6148655655818515,0.7646613333401996,0.963586688041687
32,1,25,0.8201049566268921,0.7623382806777954,0.6792647407227301,0.883969794875226,0.4885212481021881
32,1,26,0.47370898723602295,0.8793853521347046,0.6249763362712955,0.9438746205736652,0.6817165613174438
32,1,27,0.689041256904602,0.836300790309906,0.6354558656209003,1.0610425464753859,0.45743170380592346
32,1,28,0.6271569728851318,0.8828375339508057,0.6893196006459273,1.0986133720440667,0.5452995300292969
32,1,29,0.6502069234848022,0.8193713426589966,0.6018819928318382,1.0840085555805807,0.5329280495643616
32,1,30,0.6488699913024902,0.8490877747535706,0.6639874143634695,1.124515600364917,0.6279260516166687
32,1,31,0.6362485289573669,0.9362674951553345,0.6929069493769942,1.1235426756761164,0.356638103723526
32,1,32,0.6574673652648926,0.9564637541770935,0.8158495087261566,1.1634202260146,0.3633299767971039
32,2,0,0.7327725291252136,0.30391955375671387,0.5567247519970825,0.1524474751832156,0.9028234481811523
32,2,1,0.7382814884185791,0.2620493173599243,0.5380119394756652,0.13075339089957977,0.9154853820800781
32,2,2,0.7555227279663086,0.25574108958244324,0.5272006026763506,0.12974172368597678,0.9201732873916626
32,2,3,0.7727183699607849,0.24978429079055786,0.5152771917427604,0.1290760693457046,0.9140547513961792
32,2,4,0.6842400431632996,0.2739022672176361,0.5654664510196453,0.13126356178617102,0.9037188291549683
32,2,5,0.6612774729728699,0.2753218114376068,0.5739854402150875,0.13065077610138892,0.8998300433158875
32,2,6,0.6385186910629272,0.2766774594783783,0.5832529970578,0.1302146088727559,0.8953763246536255
32,2,7,0.7941761612892151,0.22929461300373077,0.5028162460887056,0.13193214690024754,0.9279979467391968
32,2,8,0.6024990081787109,0.26506930589675903,0.6040292032021534,0.1335014423873919,0.90854811668396
32,2,9,0.7780839800834656,0.3100105822086334,0.54785796169113,0.16576933539145483,0.9544482827186584
32,2,10,0.7149385213851929,0.32258135080337524,0.5785947529286938,0.16690688179406343,0.9421343207359314
32,2,11,1.0541179180145264,0.2865360379219055,0.4191337840323516,0.23100375834524825,0.9687444567680359
32,2,12,0.5163335204124451,0.378560334444046,0.761243404275187,0.2425529276560601,0.9680167436599731
32,2,13,1.0402967929840088,0.5748264193534851,0.3454967272389911,0.4028477237213878,0.4591049551963806
32,2,14,0.49017196893692017,0.6563066244125366,0.8566586053227457,0.42494344931422784,0.6904818415641785
32,2,15,1.0777667760849,0.8174338340759277,0.45610842510408467,0.4433983109464949,0.2332640141248703
32,2,16,0.4551040530204773,0.8900337815284729,0.7239191665254904,0.47127525244987734,0.42855772376060486
32,2,17,1.1423845291137695,0.8682748079299927,0.49677040767632696,0.4504671951139025,0.24252162873744965
32,2,18,0.4290999174118042,0.9544007182121277,0.6932055191099195,0.4809620361968532,0.40652135014533997
32,2,19,0.9229305386543274,0.8792471289634705,0.4838947487705858,0.44067404437722224,0.2513463795185089
32,2,20,0.433809369802475,0.9589357972145081,0.6528935669044227,0.47586046355023814,0.4122764468193054
32,2,21,0.839620053768158,0.8748589158058167,0.4696086908840138,0.4420990234705123,0.2458352893590927
32,2,22,0.6413676142692566,0.9013660550117493,0.6926766491124738,0.4654561633872176,0.4019460678100586
32,2,23,1.046114206314087,0.6816725134849548,0.5120578335190124,0.5744407718971011,0.9562515020370483
32,2,24,0.712418258190155,0.7259541749954224,0.7612526652129787,0.5708411577607608,0.9668049812316895
32,2,25,0.9857691526412964,0.7964390516281128,0.521589904196774,0.7575368447024766,0.4793241620063782
32,2,26,0.5649280548095703,0.8121389746665955,0.7547593918681089,0.769054232627531,0.6549409031867981
32,2,27,0.8075444102287292,0.9023794531822205,0.5477798483643275,0.9356999708873166,0.4412422180175781
32,2,28,0.7096563577651978,0.8855467438697815,0.7969290958565981,0.9452475594197977,0.5241672396659851
32,2,29,0.7862953543663025,0.9062464833259583,0.5744542405884229,0.9677576703159619,0.5112333297729492
32,2,30,0.6973521709442139,0.883063793182373,0.7760266180187867,0.9545574583171893,0.6110246181488037
32,2,31,0.791631817817688,0.9698135852813721,0.5429110014268429,0.9582045533473418,0.3537648022174835
32,2,32,0.6240935921669006,1.037475824356079,0.780049977380158,1.00663192495396,0.365517258644104
33,2,0,0.4310968518257141,0.09064358472824097,0.5348877113127162,0.1417250263494072,0.9124215245246887
33,2,1,0.4111330509185791,0.07655486464500427,0.5159566583536177,0.12135254056290974,0.9238610863685608
33,2,2,0.3964643180370331,0.0777912437915802,0.5044722276524349,0.12073140673866051,0.928068220615387
33,2,3,0.3817022442817688,0.0793156698346138,0.4920534151567972,0.12044616560869645,0.9225566387176514
33,2,4,0.45126375555992126,0.07517650723457336,0.5456220834073111,0.12153459780952791,0.9132742285728455
33,2,5,0.4653104245662689,0.07556125521659851,0.5551046847097679,0.12109513333059434,0.9097751379013062
33,2,6,0.4796740412712097,0.07619309425354004,0.5652603382254215,0.12084452017933178,0.9057692885398865
33,2,7,0.3682610094547272,0.09172725677490234,0.4794214384477228,0.12496143811244971,0.9351449608802795
33,2,8,0.5076953768730164,0.0885317325592041,0.5872987115628407,0.12570350943655637,0.9176492691040039
33,2,9,0.41009870171546936,0.10869160294532776,0.5239036349846401,0.15586823336482858,0.9589090347290039
33,2,10,0.4545646607875824,0.10663160681724548,0.5570364220247234,0.156450116985934,0.9478471875190735
33,2,11,0.2110823392868042,0.1920604109764099,0.38288346703907605,0.22425202145284986,0.971837043762207
33,2,12,0.7101859450340271,0.18450123071670532,0.7523880791013118,0.23248257528423397,0.9711841344833374
33,2,13,0.10999784618616104,0.3302922546863556,0.30443116414042326,0.3902559273630217,0.5107870697975159
33,2,14,0.8950243592262268,0.2966001629829407,0.8633100054191177,0.40263272829774666,0.7190704345703125
33,2,15,0.23578287661075592,0.3792155981063843,0.417705549755118,0.43226266066753666,0.2244906723499298
33,2,16,0.776955246925354,0.37081775069236755,0.7331180821645423,0.453827144512161,0.4130248725414276
33,2,17,0.2609436511993408,0.3969944417476654,0.45564707256698034,0.4411927656449018,0.22624368965625763
33,2,18,0.7506070137023926,0.3911428451538086,0.7031629453210909,0.4653667996175534,0.3816470205783844
33,2,19,0.3140735626220703,0.37902870774269104,0.45433814472595013,0.4299795668998044,0.2337617427110672
33,2,20,0.7260816693305969,0.38365909457206726,0.6655954927248605,0.45985050400552785,0.38590872287750244
33,2,21,0.3138643801212311,0.37207359075546265,0.4425131442828597,0.42994766798433154,0.22948822379112244
33,2,22,0.7222434878349304,0.3760162591934204,0.69780136480463,0.4499268395191932,0.37676572799682617
33,2,23,0.3928694427013397,0.4689609408378601,0.4913453007499475,0.5561169223283432,0.9602726101875305
33,2,24,0.6618102192878723,0.4594075381755829,0.7439807700923877,0.5514796095697788,0.9695377349853516
33,2,25,0.48578017950057983,0.6850558519363403,0.5153823383828069,0.7449579134361132,0.5216096043586731
33,2,26,0.6351462602615356,0.6670980453491211,0.7339715167932872,0.7513443088677463,0.6592875123023987
33,2,27,0.5838615894317627,0.9225442409515381,0.5540350300617518,0.9334208780266359,0.47149690985679626
33,2,28,0.6864191889762878,0.8888149261474609,0.7777285891907532,0.93545847757355,0.5345731377601624
33,2,29,0.5936365127563477,0.941865086555481,0.5777780037087608,0.9632703300829215,0.5452082753181458
33,2,30,0.6784225106239319,0.9272091388702393,0.7590749261884916,0.9498176194451174,0.6181171536445618
33,2,31,0.5637315511703491,0.9294496774673462,0.5465188345380635,0.9532207340849422,0.36369645595550537
33,2,32,0.7301182746887207,0.912331759929657,0.7713903738430413,0.9902556181126269,0.3638662099838257
34,1,0,0.8720427751541138,0.14924165606498718,0.8256904123488925,0.21891991243195771,0.9210075736045837
34,1,1,0.8552972674369812,0.1185351088643074,0.8056195878758646,0.1928289308549105,0.9313139915466309
34,1,2,0.8496095538139343,0.11655568331480026,0.7966014504524946,0.19057738005488964,0.9351239800453186
34,1,3,0.8434245586395264,0.1142754852771759,0.7873333220518122,0.18832994553779542,0.9301382899284363
34,1,4,0.8563061952590942,0.11967381834983826,0.816631599141722,0.19586996329056233,0.9217830896377563
34,1,5,0.8518537282943726,0.11903011053800583,0.8162235856112534,0.19603869704357313,0.9186480045318604
34,1,6,0.8469434976577759,0.11818620562553406,0.8154603460909792,0.19609224851530843,0.9150278568267822
34,1,7,0.7850196957588196,0.11868944764137268,0.7299360627219038,0.1898908490870089,0.9415112733840942
34,1,8,0.7934896349906921,0.1232181265950203,0.7698277921264007,0.20196045067018048,0.925799548625946
34,1,9,0.8455687165260315,0.17171470820903778,0.7958713194621945,0.22564312382835114,0.9628275632858276
34,1,10,0.843605101108551,0.17258891463279724,0.8072639797739747,0.23058880080674593,0.9529449343681335
34,1,11,0.6937935948371887,0.2611311674118042,0.6234086857041345,0.3197347580043813,0.9743863344192505
34,1,12,0.6441001296043396,0.25987228751182556,0.5993100574518823,0.3213994619303689,0.9740352034568787
34,1,13,0.7083603143692017,0.4874836206436157,0.5773753813712852,0.5481413067124282,0.466200053691864
34,1,14,0.4313581585884094,0.4948122799396515,0.4448341578980583,0.5924221076270829,0.7453246116638184
34,1,15,0.809624433517456,0.6604620814323425,0.6885749868699514,0.6550043264968427,0.21228180825710297
34,1,16,0.24059051275253296,0.6678059101104736,0.4160690397344415,0.7485296756468692,0.4659005403518677
34,1,17,0.8265212178230286,0.7168548107147217,0.7043788615017701,0.683089860355156,0.2152005136013031
34,1,18,0.16764964163303375,0.7061646580696106,0.3837971671414041,0.7891214750877138,0.4353019893169403
34,1,19,0.8378727436065674,0.721766471862793,0.7290417321663883,0.6775748214200219,0.22181835770606995
34,1,20,0.18707777559757233,0.7032209634780884,0.39183606232476187,0.790213289831509,0.43963924050331116
34,1,21,0.815569281578064,0.7097992300987244,0.713659851287208,0.6708983978285544,0.21836869418621063
34,1,22,0.20678706467151642,0.6976322531700134,0.39981466598316345,0.7747092444812196,0.4303765892982483
34,1,23,0.7073909640312195,0.6925610899925232,0.6362151782461605,0.7323121216310208,0.9629957675933838
34,1,24,0.6838972568511963,0.7056061029434204,0.6352758482362574,0.7472047388628533,0.9717375636100769
34,1,25,0.8008440732955933,0.9120203256607056,0.7152526137370652,0.8922558395452529,0.5045756697654724
34,1,26,0.7424671649932861,0.9223029017448425,0.6597506865569476,0.9375032403654212,0.6773957014083862
34,1,27,0.7077421545982361,1.1234856843948364,0.6568298206386692,1.0795017446912591,0.45226195454597473
34,1,28,0.667862057685852,1.1562144756317139,0.6829820166824458,1.1156393746060083,0.5343703627586365
34,1,29,0.6732988953590393,1.1504740715026855,0.6229984912480631,1.1036584513278862,0.5305466055870056
34,1,30,0.6207523345947266,1.1853586435317993,0.6512116558781941,1.1425010102561886,0.6106824278831482
34,1,31,0.7916853427886963,1.188407063484192,0.7221310159384311,1.1427187248419983,0.3605613708496094
34,1,32,0.7782495021820068,1.2268235683441162,0.8047402195862314,1.1821636763230152,0.37470492720603943
34,2,0,0.56419837474823,0.12118743360042572,0.5399679483024226,0.13816633413934273,0.9285505414009094
34,2,1,0.540386438369751,0.1033485159277916,0.52019030663786,0.11823309193889169,0.9379392862319946
34,2,2,0.5235944986343384,0.10371483862400055,0.507785569728904,0.11778313557810095,0.9413202404975891
34,2,3,0.5063138008117676,0.10454938560724258,0.4945239765218536,0.11769199976209502,0.9368812441825867
34,2,4,0.5844932198524475,0.10081158578395844,0.5523612940233177,0.11794375529910635,0.9293218851089478
34,2,5,0.5990917682647705,0.09957291185855865,0.5627320271062365,0.11736571631244017,0.9264134168624878
34,2,6,0.6132706999778748,0.0987454503774643,0.5735863155523979,0.11701507971817365,0.9232094883918762
34,2,7,0.4918046295642853,0.1136581301689148,0.481566668325556,0.12300337404211573,0.947065532207489
34,2,8,0.6438499689102173,0.10674751549959183,0.5971083648169945,0.12241902529952085,0.9329188466072083
34,2,9,0.5432001948356628,0.13624733686447144,0.527247194579183,0.15246847604213165,0.9662471413612366
34,2,10,0.5894371867179871,0.13398151099681854,0.5626527564909076,0.15255659976063402,0.9573405981063843
34,2,11,0.2900344729423523,0.2256186157464981,0.3667609495994297,0.22448868539633604,0.9767142534255981
34,2,12,0.8408397436141968,0.20692381262779236,0.7677458848006634,0.22805315832034842,0.9763885140419006
34,2,13,0.21713533997535706,0.3859480619430542,0.28927561560721277,0.3895098381393588,0.5106138586997986
34,2,14,0.9904738068580627,0.3521188497543335,0.8854149501980756,0.3938719895769202,0.7571978569030762
34,2,15,0.40102580189704895,0.39753949642181396,0.4148158535505715,0.4262435047453361,0.19895003736019135
34,2,16,0.7338576912879944,0.40220320224761963,0.7332461634600813,0.4448738024012334,0.4289977550506592
34,2,17,0.4393676221370697,0.40873822569847107,0.45282677944295435,0.4355672890971506,0.1999310851097107
34,2,18,0.6815940737724304,0.41297200322151184,0.6994254337179747,0.4562796406599622,0.3992164134979248
34,2,19,0.49102112650871277,0.4115535318851471,0.46069780048995773,0.4267870637110778,0.20583276450634003
34,2,20,0.6457335352897644,0.40928906202316284,0.6621539347993385,0.4510818129475537,0.403043270111084
34,2,21,0.4732896685600281,0.3828299939632416,0.44784780939780044,0.42177699357298465,0.20335805416107178
34,2,22,0.6572874784469604,0.4055323302745819,0.6907770635813354,0.44222902009875464,0.39577516913414
34,2,23,0.49851706624031067,0.5316543579101562,0.49258757142333226,0.5518776116846814,0.9662303328514099
34,2,24,0.7583938837051392,0.5133992433547974,0.746477787050223,0.5448776728211483,0.9737967252731323
34,2,25,0.5660367608070374,0.7393268346786499,0.5241679128897748,0.7439826093567768,0.5451746582984924
34,2,26,0.7625080347061157,0.7206228971481323,0.7389174460601244,0.7460193364658603,0.6909210681915283
34,2,27,0.6409167051315308,0.9705886840820312,0.5691198836854469,0.9398644344355783,0.48758819699287415
34,2,28,0.7980183362960815,0.9239570498466492,0.7812443339561015,0.9334660729844826,0.542618989944458
34,2,29,0.6550772190093994,1.0005779266357422,0.5911951941493475,0.9697381434161777,0.5649942755699158
34,2,30,0.7872772216796875,0.9544630646705627,0.7639628847405388,0.950622184426331,0.6278781890869141
34,2,31,0.6254444718360901,0.9782575368881226,0.5602190729568775,0.9575596293477511,0.3740560710430145
34,2,32,0.8196576237678528,0.9762201309204102,0.7797610385489051,0.9878240531797621,0.3676852881908417
35,1,0,0.774726390838623,0.1237383559346199,0.8168514809275937,0.20239043621449734,0.9351351261138916
35,1,1,0.7620975971221924,0.09784174710512161,0.7980730554879408,0.17633329648380403,0.9437721967697144
35,1,2,0.7516517043113708,0.09666907042264938,0.7888070171850091,0.17426962250236375,0.9468674659729004
35,1,3,0.7407322525978088,0.09540640562772751,0.7792521438486963,0.1721936668371216,0.9427842497825623
35,1,4,0.7760246396064758,0.09779098629951477,0.8095911375966034,0.1788358510757956,0.935868501663208
35,1,5,0.7754841446876526,0.09701677411794662,0.8091601283137243,0.17884033836700822,0.9332813024520874
35,1,6,0.7736423015594482,0.0962132140994072,0.8082096464566426,0.17874458636426663,0.9303333759307861
35,1,7,0.6979939341545105,0.10069598257541656,0.7243993657712645,0.1744037588558272,0.9520631432533264
35,1,8,0.7283324599266052,0.1037723496556282,0.7626331358960918,0.1849073279228353,0.9392544031143188
35,1,9,0.7402247190475464,0.1443198323249817,0.7862189155237466,0.21152614169300032,0.9693377017974854
35,1,10,0.753589391708374,0.1444452852010727,0.7979542024020457,0.21563292614418125,0.9613694548606873
35,1,11,0.5994314551353455,0.2291303277015686,0.6192536337755359,0.3040021305374112,0.9784930348396301
35,1,12,0.5706270933151245,0.2223389446735382,0.5943387481826979,0.3041942694950777,0.9787015914916992
35,1,13,0.3705315589904785,0.4428084194660187,0.541333601922019,0.5298431363378326,0.48545461893081665
35,1,14,0.36797448992729187,0.44090211391448975,0.43149363127360224,0.5660641043209776,0.7746387124061584
35,1,15,0.32184192538261414,0.5831862092018127,0.6243676671327572,0.6425407753007009,0.19413860142230988
35,1,16,0.2665996253490448,0.6105431914329529,0.3900690193999275,0.72453543850238,0.4763302206993103
35,1,17,0.25919005274772644,0.6316563487052917,0.6262541652498615,0.6741693667321266,0.19496753811836243
35,1,18,0.20706678926944733,0.6584044694900513,0.35302997625374866,0.7663962183730909,0.44519829750061035
35,1,19,0.3101702332496643,0.6284990310668945,0.6555928487178767,0.6690638403194774,0.20063069462776184
35,1,20,0.21052251756191254,0.6687231063842773,0.3602666578139099,0.7690979487246121,0.4492916464805603
35,1,21,0.3169000744819641,0.6230292916297913,0.6441337406550063,0.6625969872350616,0.19818204641342163
35,1,22,0.24055694043636322,0.6515859961509705,0.37210376761573677,0.7533090391442253,0.44119444489479065
35,1,23,0.6376774907112122,0.6577529311180115,0.6364684232865373,0.71937174435033,0.9689662456512451
35,1,24,0.6204071044921875,0.6765556931495667,0.6326998869897731,0.7349444541719033,0.9760393500328064
35,1,25,0.7426329255104065,0.892236053943634,0.7199980246229433,0.8922524132335177,0.5363042950630188
35,1,26,0.6673884987831116,0.8863000869750977,0.6610736383597864,0.9286226868833367,0.6984058618545532
35,1,27,0.6148378252983093,1.087949275970459,0.6495488789105576,1.0809649599963695,0.4762033522129059
35,1,28,0.4951240122318268,0.9480829834938049,0.6502671864660078,1.0864770311307748,0.5371707081794739
35,1,29,0.455817312002182,1.1113817691802979,0.5939023219091298,1.1049961881359365,0.5574180483818054
35,1,30,0.3732769191265106,1.0732618570327759,0.6026802438511724,1.1304855941632939,0.6235384345054626
35,1,31,0.7357247471809387,1.153648018836975,0.7244860192453837,1.1446119605622715,0.3663877844810486
35,1,32,0.6091600060462952,1.1016958951950073,0.7706726179931556,1.1681951176721308,0.3688836693763733
35,2,0,0.4934093952178955,0.11761146038770676,0.5318941081399045,0.13460464311079723,0.9413442015647888
35,2,1,0.4739828407764435,0.10016793757677078,0.5121774420488898,0.1151030442840524,0.9491813778877258
35,2,2,0.4585984945297241,0.10046190768480301,0.4992552597970058,0.11478205043604471,0.9519267678260803
35,2,3,0.44204333424568176,0.10114707797765732,0.4854215947637465,0.114825484221651,0.9482964873313904
35,2,4,0.5124127864837646,0.09937915951013565,0.5454350782459788,0.11472712536783453,0.9420780539512634
35,2,5,0.5256175398826599,0.09907077997922897,0.5562977126382369,0.11419583542980236,0.9397060871124268
35,2,6,0.5397672653198242,0.09896382689476013,0.5677238885286706,0.11388744395972152,0.9370913505554199
35,2,7,0.4188307523727417,0.10883346945047379,0.47068226567224575,0.12054851925892186,0.9566242694854736
35,2,8,0.5574731826782227,0.10529274493455887,0.5902365288253947,0.11945173504835263,0.9450691938400269
35,2,9,0.47185465693473816,0.13304762542247772,0.517638910216026,0.14910339912974804,0.9721066355705261
35,2,10,0.5136500000953674,0.13289949297904968,0.5541544227612387,0.14915056382531225,0.9649442434310913
35,2,11,0.21990880370140076,0.2172188013792038,0.3412196385480493,0.22322947961757553,0.980415403842926
35,2,12,0.7640529870986938,0.2075492888689041,0.767106307717107,0.22450030815788996,0.9807361364364624
35,2,13,0.14076611399650574,0.36567673087120056,0.26344502912186374,0.3853797008652923,0.516433596611023
35,2,14,0.9288299679756165,0.33280161023139954,0.8929429244380638,0.3832770395429848,0.7927807569503784
35,2,15,0.317224383354187,0.3781093657016754,0.39786725502958176,0.41789619824216345,0.17829060554504395
35,2,16,0.8642144203186035,0.44794613122940063,0.7560152416670016,0.4454059027743548,0.4648662209510803
35,2,17,0.3656645119190216,0.3886268734931946,0.43769422191132407,0.4274273312373923,0.17828507721424103
35,2,18,0.8578306436538696,0.4841129779815674,0.7269871448649533,0.461103755611449,0.42572903633117676
35,2,19,0.4174595773220062,0.3788660764694214,0.45320070232811144,0.4184768431924788,0.18338194489479065
35,2,20,0.8336657285690308,0.47786858677864075,0.6920077964128748,0.4557243969198704,0.4289666712284088
35,2,21,0.4130202531814575,0.3768211603164673,0.44181051503127533,0.41398166018488075,0.18167373538017273
35,2,22,0.8209215998649597,0.467229962348938,0.7134025665262285,0.446561829356261,0.4200669229030609
35,2,23,0.41707879304885864,0.5152559876441956,0.4794825369827441,0.545528842244636,0.9714875221252441
35,2,24,0.6945286989212036,0.5018258690834045,0.7374676971364562,0.5374127265046944,0.9775112271308899
35,2,25,0.5362775325775146,0.7241324782371521,0.5262657791395371,0.7405430934568589,0.5667587518692017
35,2,26,0.7021646499633789,0.705759584903717,0.7325459074841882,0.7390390768793521,0.70130455493927
35,2,27,0.6211687922477722,0.9560803771018982,0.5781474461885125,0.9426739266852759,0.5075913667678833
35,2,28,0.8501837849617004,0.9142223000526428,0.7932073970725498,0.9301316795116219,0.5445612072944641
35,2,29,0.6339672803878784,0.9787701964378357,0.5986116579597606,0.9713026524933344,0.586606502532959
35,2,30,0.8186330199241638,0.9462463855743408,0.7734457195507077,0.9498643225674798,0.6341877579689026
35,2,31,0.5948306322097778,0.9679763317108154,0.5662190998854691,0.9593640591201227,0.3846419155597687
35,2,32,0.8526974320411682,0.9287432432174683,0.7924192566824731,0.9775748047069693,0.3741661608219147
36,1,0,0.813395082950592,0.13510048389434814,0.8162528751870917,0.19071439462469045,0.947063148021698
36,1,1,0.7917962074279785,0.10798856616020203,0.7969858911528808,0.16447385095028508,0.9541457295417786
36,1,2,0.7808253169059753,0.10673607140779495,0.7874244976930969,0.16255121586894108,0.9566441178321838
36,1,3,0.7701610326766968,0.10541323572397232,0.7776774095360871,0.16060619839975016,0.9533367156982422
36,1,4,0.8137304186820984,0.10864448547363281,0.810308033845335,0.1666553096339472,0.9477028846740723
36,1,5,0.8178515434265137,0.10825689882040024,0.810665630576489,0.16659161920174875,0.9456037878990173
36,1,6,0.8215577602386475,0.10782618820667267,0.810522092980301,0.16643762017113287,0.9432078003883362
36,1,7,0.7307654023170471,0.11434677988290787,0.7255019969725097,0.16398500187099532,0.9608944654464722
36,1,8,0.7989423871040344,0.11776141077280045,0.768927756968914,0.1732563357386493,0.9504616260528564
36,1,9,0.7873489856719971,0.15813876688480377,0.7864146184136326,0.20226630148241626,0.9748061299324036
36,1,10,0.8071082234382629,0.16003172099590302,0.799539858481847,0.2059884712664792,0.9683737754821777
36,1,11,0.6312083601951599,0.25931575894355774,0.6213246256079504,0.29625340675457207,0.9821414947509766
36,1,12,0.706511914730072,0.26395198702812195,0.6138294009652758,0.29721712851373827,0.9826330542564392
36,1,13,0.35294368863105774,0.5229381322860718,0.5085251879685954,0.5286471487936297,0.5212118029594421
36,1,14,0.45896756649017334,0.49596893787384033,0.436255256011014,0.5539001547209041,0.80545574426651
36,1,15,0.22861255705356598,0.6404387354850769,0.555018462737586,0.6421767423940992,0.2017301321029663
36,1,16,0.28159967064857483,0.668198823928833,0.3712239727514108,0.7147630499840005,0.5100069046020508
36,1,17,0.1790146827697754,0.6771512627601624,0.547762802967353,0.6746857925194417,0.19845573604106903
36,1,18,0.18645969033241272,0.7029368281364441,0.3240402542392086,0.7553859198075606,0.47084808349609375
36,1,19,0.17339448630809784,0.6786736845970154,0.5708795419715613,0.6707284715522482,0.20270784199237823
36,1,20,0.19324706494808197,0.7003734707832336,0.3311983356366368,0.7571722702839835,0.4737809896469116
36,1,21,0.20845571160316467,0.6711934208869934,0.567698373022916,0.664086028735871,0.19804322719573975
36,1,22,0.23645304143428802,0.6937061548233032,0.3485170735651996,0.742969053141844,0.4641706347465515
36,1,23,0.6208160519599915,0.7567311525344849,0.633756652523869,0.7258485699086774,0.973732590675354
36,1,24,0.727837324142456,0.7757304906845093,0.6492221157190927,0.7420160742567461,0.9794635772705078
36,1,25,0.6542171835899353,0.9688984155654907,0.7085842674404675,0.9055557576485485,0.5317647457122803
36,1,26,0.7905572652816772,1.0246473550796509,0.6835836769188786,0.9452992936078993,0.7072569727897644
36,1,27,0.6492094993591309,1.103200912475586,0.6494901078370452,1.0848181036945936,0.48243024945259094
36,1,28,0.7904853820800781,1.1682082414627075,0.6746511560418074,1.100665003941457,0.552200198173523
36,1,29,0.6374271512031555,1.137271761894226,0.6014493968652339,1.110590704790459,0.5748187303543091
36,1,30,0.7372003197669983,1.2100080251693726,0.6260691530575283,1.1442891948345824,0.6489739418029785
36,1,31,0.692320704460144,1.110709547996521,0.7189105523705248,1.1387350209760063,0.36751994490623474
36,1,32,0.898542582988739,1.1844749450683594,0.7929009397212816,1.1710156511520236,0.38341647386550903
36,2,0,0.4540405571460724,0.13066326081752777,0.5183806334220568,0.13392203190418997,0.9455618262290955
36,2,1,0.4322267770767212,0.11264511942863464,0.4982990992085846,0.11467737300231497,0.9539692997932434
36,2,2,0.41711366176605225,0.11259173601865768,0.4849956823589535,0.11440272778422912,0.9557285904884338
36,2,3,0.40147867798805237,0.11291177570819855,0.47084854841608753,0.11449406739809098,0.9533502459526062
36,2,4,0.4753251373767853,0.11004213988780975,0.5332685085624044,0.11391571057325599,0.9474130868911743
36,2,5,0.4911043047904968,0.1084463968873024,0.5449859977191973,0.11320003119193903,0.9446570873260498
36,2,6,0.5072842836380005,0.10736468434333801,0.5572384978465075,0.11275767413645685,0.9431021213531494
36,2,7,0.39510366320610046,0.11801892518997192,0.4575646340893593,0.12011043477199027,0.9592859148979187
36,2,8,0.5427375435829163,0.11405102163553238,0.5819993440502271,0.11851633956686265,0.9479814767837524
36,2,9,0.43469980359077454,0.14784769713878632,0.5032405439411713,0.14888594059364588,0.9704578518867493
36,2,10,0.4802091717720032,0.14538119733333588,0.5413208181269611,0.14849774766237117,0.9629150032997131
36,2,11,0.2334086298942566,0.21823924779891968,0.3224902166940108,0.22236518816876283,0.9822232127189636
36,2,12,0.756578266620636,0.21505577862262726,0.765282571972246,0.2228643308583801,0.9831436276435852
36,2,13,0.1784828007221222,0.35782960057258606,0.24869522012152412,0.3806048938527483,0.5303593277931213
36,2,14,0.9552783370018005,0.3370136022567749,0.9037577644073336,0.3752544609319606,0.7788806557655334
36,2,15,0.33765503764152527,0.35469186305999756,0.38742185974449334,0.406930454184859,0.18879354000091553
36,2,16,0.8234695196151733,0.4132954180240631,0.7677200485728335,0.43984005879088767,0.4666365683078766
36,2,17,0.36251723766326904,0.3489547073841095,0.424647005468312,0.41380641781591226,0.18605348467826843
36,2,18,0.7890706658363342,0.4201260507106781,0.7377583106823243,0.4539990748912877,0.43063637614250183
36,2,19,0.44931498169898987,0.3443082869052887,0.45252774743465657,0.40560469997406773,0.18996120989322662
36,2,20,0.7384138703346252,0.4145372807979584,0.700055224843252,0.4485833724283087,0.4331691265106201
36,2,21,0.46026915311813354,0.3463144600391388,0.44500884230591065,0.40224012209591603,0.18606862425804138
36,2,22,0.7457498908042908,0.4126494228839874,0.7190096706728516,0.4406833462088832,0.4246175289154053
36,2,23,0.46458300948143005,0.5409379005432129,0.4769013066154525,0.5447337161980245,0.9750229716300964
36,2,24,0.7141668796539307,0.5174036026000977,0.7334298563869783,0.5339456519910956,0.9795995950698853
36,2,25,0.5652408003807068,0.7578858733177185,0.5330232088660145,0.7435479187211362,0.5685155391693115
36,2,26,0.7577251195907593,0.7332979440689087,0.7369095102468783,0.7380447075057256,0.7185403108596802
36,2,27,0.6706728339195251,0.9628720283508301,0.5942148591045476,0.9461737672326195,0.5197588205337524
36,2,28,0.8298977017402649,0.941316545009613,0.7995681105249022,0.9320692183775318,0.5690838098526001
36,2,29,0.7079514861106873,0.9722723960876465,0.6176084701628359,0.9714705883401444,0.6095775961875916
36,2,30,0.8140465021133423,0.9565579891204834,0.780485177306037,0.9510237004715175,0.6673288941383362
36,2,31,0.6330586075782776,0.9918302893638611,0.5778171309058578,0.964991739167478,0.3957460820674896
36,2,32,0.7706235647201538,0.9786662459373474,0.7886424315961762,0.9777638162593237,0.38915690779685974
37,1,0,0.693432629108429,0.14765572547912598,0.7949056188956116,0.1832483297677208,0.9502125978469849
37,1,1,0.6836159825325012,0.12303480505943298,0.7772867723606147,0.15728896350127824,0.9579223394393921
37,1,2,0.6722341775894165,0.1227509081363678,0.7674079740131765,0.15565079725126496,0.9596819877624512
37,1,3,0.6596753001213074,0.12232520431280136,0.7571705587396577,0.1539694929046691,0.9574657082557678
37,1,4,0.7129321694374084,0.12136657536029816,0.7933961353030371,0.15880204569823478,0.9518334269523621
37,1,5,0.720258891582489,0.12060832232236862,0.7949673853234283,0.15861775104156492,0.9494480490684509
37,1,6,0.7272893190383911,0.11974383145570755,0.7960726451910659,0.15834037640693582,0.9478404521942139
37,1,7,0.6347742676734924,0.13156332075595856,0.709747880863794,0.15836509725865683,0.9629375338554382
37,1,8,0.7269765138626099,0.13042397797107697,0.7616539263822912,0.16582956547116343,0.9524634480476379
37,1,9,0.670346200466156,0.16824868321418762,0.766244970734935,0.1963694855690187,0.9725084900856018
37,1,10,0.6996983885765076,0.17060710489749908,0.7821984699688787,0.1998550071718489,0.9653575420379639
37,1,11,0.48420172929763794,0.29287177324295044,0.5974815059906012,0.29566774975318005,0.9834980368614197
37,1,12,0.690494954586029,0.26338061690330505,0.6271362870644988,0.29135172538191145,0.9844691753387451
37,1,13,0.3232184648513794,0.5671511888504028,0.47625654369901577,0.5353226629240374,0.48681408166885376
37,1,14,0.5979658961296082,0.6137954592704773,0.46439490033258046,0.5642909698757241,0.7509680986404419
37,1,15,0.4577975273132324,0.698968231678009,0.538132533503239,0.652028194558365,0.1759386509656906
37,1,16,0.7503703832626343,0.7953571081161499,0.43762731890349643,0.7287533588492121,0.4409146010875702
37,1,17,0.46676647663116455,0.7124066948890686,0.5337014287004546,0.6812253805627507,0.175404354929924
37,1,18,0.7670900821685791,0.829269289970398,0.40178175425242774,0.7682087297416061,0.40738824009895325
37,1,19,0.508355975151062,0.7116168141365051,0.5600311580426568,0.6778178621654458,0.17896300554275513
37,1,20,0.7357953786849976,0.8299673795700073,0.40211195759161206,0.769805796678239,0.40911272168159485
37,1,21,0.5180448889732361,0.7086299061775208,0.5590864671686427,0.6718100789246795,0.1749318391084671
37,1,22,0.7230063676834106,0.8168129920959473,0.4140954660076907,0.7557850126946462,0.4010610580444336
37,1,23,0.5342893600463867,0.7283202409744263,0.6164805405012368,0.7262766230979718,0.9743190407752991
37,1,24,0.8046809434890747,0.7494052052497864,0.676268934744995,0.7432959419882498,0.9788503646850586
37,1,25,0.503730058670044,0.8223288655281067,0.6728914692042754,0.891107196257868,0.5201078653335571
37,1,26,0.7424919009208679,0.883622407913208,0.6938029594853646,0.934598858812408,0.6965747475624084
37,1,27,0.5916586518287659,1.0414633750915527,0.6394580027029029,1.0773004755233953,0.48127231001853943
37,1,28,0.6967941522598267,1.0686758756637573,0.6784882390110161,1.095120023012506,0.5513150691986084
37,1,29,0.6082595586776733,1.0775055885314941,0.6026289577019115,1.1048555569436649,0.5725534558296204
37,1,30,0.6464583277702332,1.0844357013702393,0.629602113767133,1.1339055194975751,0.6620773673057556
37,1,31,0.5942119359970093,1.096096158027649,0.6972355281158515,1.1313417000008088,0.36847323179244995
37,1,32,0.720466673374176,1.1546739339828491,0.7803301326703568,1.168184324234157,0.37926340103149414
37,2,0,0.550772488117218,0.1232537180185318,0.5239954198804071,0.13207400350284657,0.9402463436126709
37,2,1,0.5312885046005249,0.10299564152956009,0.504017571115572,0.11265373175918543,0.9518150091171265
37,2,2,0.5149101614952087,0.10256053507328033,0.4901806645477956,0.11235127950690069,0.9524476528167725
37,2,3,0.4971063733100891,0.10238106548786163,0.47539924000209244,0.1123956889601478,0.9517872333526611
37,2,4,0.5738754868507385,0.1007869616150856,0.5403090275702184,0.11164130240607431,0.945254921913147
37,2,5,0.5885857343673706,0.09919511526823044,0.5525460835566518,0.11077377322643556,0.9415202736854553
37,2,6,0.6050578951835632,0.0978420227766037,0.5655313109107962,0.11017356679187797,0.9416323304176331
37,2,7,0.47601592540740967,0.10781373083591461,0.46076164694415267,0.11798022025682142,0.9548899531364441
37,2,8,0.633159875869751,0.10547421127557755,0.5908724649741268,0.11625694282619799,0.9444763660430908
37,2,9,0.5303096175193787,0.1383846253156662,0.5079319401635386,0.1470668494949331,0.9607564806938171
37,2,10,0.5787385702133179,0.1377018541097641,0.5478077624491228,0.1466276122495363,0.9504532217979431
37,2,11,0.2838219404220581,0.21691402792930603,0.315786435852785,0.22142105232754067,0.9812195301055908
37,2,12,0.8243510127067566,0.205207958817482,0.7755296096578014,0.2198051458877099,0.9826429486274719
37,2,13,0.28651565313339233,0.35503649711608887,0.25525231873967014,0.37617380380412874,0.4732060134410858
37,2,14,0.9732061624526978,0.3834685981273651,0.915809254503084,0.3766772650032884,0.7039313912391663
37,2,15,0.4697432816028595,0.3831689655780792,0.4017133094349999,0.4028127767471542,0.17090877890586853
37,2,16,0.906126856803894,0.447500616312027,0.7917877644105756,0.44116697196737653,0.4076721966266632
37,2,17,0.5083930492401123,0.3808712661266327,0.4391864531008034,0.4080974641800991,0.171301007270813
37,2,18,0.921517550945282,0.458944708108902,0.7697558094607669,0.45485566076058276,0.378050833940506
37,2,19,0.5372376441955566,0.36540487408638,0.4672346669822929,0.39863498736690145,0.17482085525989532
37,2,20,0.8595973253250122,0.4569377303123474,0.7278157860003082,0.45003050064145794,0.3792819082736969
37,2,21,0.5383922457695007,0.366636723279953,0.4612257359617203,0.396068170773954,0.1712072640657425
37,2,22,0.8403669595718384,0.45391157269477844,0.7401019778670236,0.4429750434327947,0.372159481048584
37,2,23,0.40171942114830017,0.5651612877845764,0.4638529516920817,0.5482733473410614,0.9692853093147278
37,2,24,0.7250864505767822,0.533051073551178,0.7319846617575353,0.5337907331810096,0.9707403182983398
37,2,25,0.5290579795837402,0.7580685019493103,0.5323364815103978,0.746063554838484,0.5241429209709167
37,2,26,0.6680484414100647,0.7532976865768433,0.7249601103216607,0.7406872845166391,0.6627658009529114
37,2,27,0.6049390435218811,0.9573831558227539,0.5960725918676802,0.9481155579724114,0.47995683550834656
37,2,28,0.6831535696983337,0.9577245116233826,0.779338060284492,0.9365153836913762,0.5149961113929749
37,2,29,0.6717129349708557,0.9789830446243286,0.6269930945584787,0.9727718180775059,0.5833060145378113
37,2,30,0.7033944129943848,0.9881350994110107,0.767104403371675,0.9574574666392671,0.6356752514839172
37,2,31,0.4875844419002533,1.0231831073760986,0.5621492599359047,0.9750863960358941,0.35890763998031616
37,2,32,0.5829709768295288,1.0254229307174683,0.7528063672209068,0.9860287915795777,0.3514697849750519
38,1,0,0.6336019039154053,0.13233301043510437,0.7668372388900239,0.17441787596180894,0.9349805116653442
38,1,1,0.621749222278595,0.10711494833230972,0.7502264457480282,0.14858726791186158,0.948107123374939
38,1,2,0.6132885217666626,0.10561282187700272,0.7405955007247718,0.14697272822446608,0.9498217105865479
38,1,3,0.6046086549758911,0.103383868932724,0.7306302877728759,0.14519629906459133,0.9485308527946472
38,1,4,0.6514204144477844,0.10576128959655762,0.768705309093138,0.149602385441954,0.9402419328689575
38,1,5,0.6564602255821228,0.10438022762537003,0.7708822784958821,0.14921018160034416,0.9368113875389099
38,1,6,0.661562442779541,0.10234712809324265,0.7726853751241592,0.14862776448744774,0.9353914260864258
38,1,7,0.5909887552261353,0.10991276055574417,0.6891089841035654,0.149962415689496,0.951904833316803
38,1,8,0.6570671796798706,0.11165419965982437,0.7434857598763761,0.156432792896174,0.9399319291114807
38,1,9,0.6064206957817078,0.1525411754846573,0.7384352699886868,0.1887697726851408,0.9534801840782166
38,1,10,0.6321972608566284,0.15345467627048492,0.7561056918856937,0.19180869492130004,0.9389915466308594
38,1,11,0.5367403030395508,0.254626989364624,0.5869438098169879,0.2885519482616091,0.9804944396018982
38,1,12,0.6265740394592285,0.24544408917427063,0.6270389210945171,0.28339095128222036,0.9811257123947144
38,1,13,0.5674663782119751,0.5414839386940002,0.4920944800513787,0.5363898165689172,0.43906742334365845
38,1,14,0.631833016872406,0.5042715668678284,0.49353628488682866,0.553878646884635,0.651025652885437
38,1,15,0.6605257391929626,0.692364513874054,0.5594043999371331,0.659021761422375,0.1665751188993454
38,1,16,0.6586254239082336,0.7490530610084534,0.47615231975659417,0.7322708163644963,0.37862879037857056
38,1,17,0.680587112903595,0.7180002927780151,0.5592483819663715,0.687600780531015,0.1690233051776886
38,1,18,0.3959786593914032,0.7846762537956238,0.40077667263118577,0.7710618302656697,0.3525698482990265
38,1,19,0.695454478263855,0.7087903022766113,0.5835765023465549,0.6831863922780871,0.1725471466779709
38,1,20,0.5420822501182556,0.7856486439704895,0.4264529836263634,0.7725506167513416,0.3531540632247925
38,1,21,0.6946824193000793,0.6994497179985046,0.5826621370256596,0.6766004472871314,0.1689833551645279
38,1,22,0.610644519329071,0.7716966867446899,0.44833334730458496,0.7585417641868485,0.3474422097206116
38,1,23,0.6400413513183594,0.693421483039856,0.6205635049444929,0.720581458863031,0.9657219648361206
38,1,24,0.7166722416877747,0.6937921643257141,0.6832741688329034,0.7347105937769768,0.9672540426254272
38,1,25,0.6057542562484741,0.8814086318016052,0.6612417830852303,0.8894271922508025,0.500042200088501
38,1,26,0.536690890789032,0.8910221457481384,0.6664674512622379,0.9270427560907611,0.6232121586799622
38,1,27,0.6279121041297913,1.112267255783081,0.6374578989774858,1.083362011808497,0.4467533528804779
38,1,28,0.5250727534294128,1.1075403690338135,0.6517988036577967,1.097271642559666,0.47774356603622437
38,1,29,0.6667532324790955,1.1457966566085815,0.6137547967163071,1.1119540031857775,0.5486072301864624
38,1,30,0.5268524885177612,1.1375315189361572,0.6117539028573059,1.134533496702754,0.6047676801681519
38,1,31,0.5226327180862427,1.1758832931518555,0.6668408274323989,1.139065278086794,0.3322739899158478
38,1,32,0.442864328622818,1.1816189289093018,0.721299138332045,1.1705117238803493,0.3257911205291748
38,2,0,0.5209667086601257,0.12112078070640564,0.5234708883713738,0.13017660454477595,0.9380895495414734
38,2,1,0.49317073822021484,0.10352765768766403,0.502138606981296,0.11107293128031628,0.9511707425117493
38,2,2,0.47497040033340454,0.10451871901750565,0.48754549287442406,0.1109945915079927,0.9525912404060364
38,2,3,0.45600414276123047,0.10592091083526611,0.4720386285433073,0.11127422988225313,0.9517229795455933
38,2,4,0.5397464632987976,0.10019678622484207,0.5402116062380755,0.10965876830323414,0.9435929656028748
38,2,5,0.5541254281997681,0.09917376935482025,0.5528195926548474,0.108764294695707,0.9399541616439819
38,2,6,0.5695692896842957,0.09858638048171997,0.5662306550842632,0.10816630952620143,0.9391193389892578
38,2,7,0.4362959861755371,0.11383980512619019,0.456521813440647,0.1172631328215651,0.954469621181488
38,2,8,0.5964647531509399,0.10552994906902313,0.5918410479152599,0.11439874489257884,0.9429454207420349
38,2,9,0.4931357502937317,0.13966405391693115,0.5053685385666946,0.14578461868098638,0.9538801312446594
38,2,10,0.5430444478988647,0.13609527051448822,0.5469827775453577,0.14480314473882366,0.9394696354866028
38,2,11,0.2406281679868698,0.23163563013076782,0.30274216975864127,0.2231904616948324,0.9806458950042725
38,2,12,0.7166458368301392,0.2120904177427292,0.7653145834089435,0.21846887262944667,0.9809249639511108
38,2,13,0.15927115082740784,0.4031314551830292,0.23858380208825988,0.38084587220189736,0.4710095226764679
38,2,14,0.9127022624015808,0.3335733115673065,0.91527116304813,0.36920327126121955,0.6442669034004211
38,2,15,0.2605845332145691,0.4514103829860687,0.3771710860538614,0.41124084693868107,0.1628713458776474
38,2,16,0.8173819780349731,0.3803772032260895,0.7962233639770505,0.4306208828862771,0.34782347083091736
38,2,17,0.28576207160949707,0.45430877804756165,0.41249631014817245,0.4161111382384109,0.16383220255374908
38,2,18,0.7840317487716675,0.38534101843833923,0.7722290683718436,0.44279283789128615,0.32409200072288513
38,2,19,0.3447301983833313,0.4276892840862274,0.4459427822878338,0.40367081350532336,0.16703371703624725
38,2,20,0.7376334071159363,0.3774367570877075,0.7295164261470714,0.4374322113398688,0.3246387541294098
38,2,21,0.3383667767047882,0.43091240525245667,0.43987191924482566,0.40210858328158694,0.16433735191822052
38,2,22,0.7413696646690369,0.3760331869125366,0.7403215142812829,0.43135953737921,0.31989750266075134
38,2,23,0.3584476113319397,0.5459385514259338,0.4455424261914036,0.5478690008236017,0.9669971466064453
38,2,24,0.7537186145782471,0.5024968981742859,0.7357508082441205,0.5283664633722317,0.967698335647583
38,2,25,0.4618183672428131,0.7474615573883057,0.5200991640378181,0.7463056580108587,0.519416093826294
38,2,26,0.7723569869995117,0.7345195412635803,0.7331795496861322,0.7396190127273107,0.6317623853683472
38,2,27,0.5283501744270325,0.9677213430404663,0.5843212820322845,0.9515127052214801,0.4558175206184387
38,2,28,0.8623650670051575,0.9658620953559875,0.7937517837400642,0.9416018524081848,0.4661295413970947
38,2,29,0.5886353254318237,0.995771586894989,0.6203430417381931,0.9767574546705988,0.5665783882141113
38,2,30,0.8916454315185547,0.999589741230011,0.7887519673117399,0.9647627746386785,0.6067219972610474
38,2,31,0.40996280312538147,1.0351539850234985,0.5356747289713795,0.9855071210168529,0.33096078038215637
38,2,32,0.8108816146850586,1.042395830154419,0.7628808312050305,0.9958064425111058,0.30915045738220215
39,1,0,0.5786109566688538,0.11810556054115295,0.7340576069381416,0.1646497976740158,0.9423756003379822
39,1,1,0.5711337924003601,0.10084939002990723,0.7190459670911136,0.14030866136358583,0.9540842771530151
39,1,2,0.5639862418174744,0.1011132001876831,0.7098496658146446,0.13902030787011235,0.9558191895484924
39,1,3,0.5574806928634644,0.10096283257007599,0.7004898566239423,0.13752622388007035,0.9547650814056396
39,1,4,0.5907896161079407,0.09979016333818436,0.7377308647548083,0.14096351715101954,0.9471920132637024
39,1,5,0.5953423380851746,0.09987349063158035,0.7403236243436278,0.1406539074837728,0.944180428981781
39,1,6,0.6009989976882935,0.09972526878118515,0.7428010151219948,0.14014690276538205,0.9428827166557312
39,1,7,0.5383927226066589,0.11297111213207245,0.6628912107948793,0.14354952023859915,0.9578168392181396
39,1,8,0.6035671830177307,0.11353394389152527,0.7191541959218266,0.14899444507537507,0.9468631148338318
39,1,9,0.5551014542579651,0.13876229524612427,0.7065123367836056,0.18009698479501354,0.9559364914894104
39,1,10,0.5748416185379028,0.1383122056722641,0.7245451505371173,0.18252983989140523,0.9421974420547485
39,1,11,0.4691649377346039,0.2619801461696625,0.5664759381902943,0.28394682630024654,0.9815439581871033
39,1,12,0.6016148924827576,0.2305486798286438,0.6226328772537866,0.2742257317221584,0.9821574687957764
39,1,13,0.5588497519493103,0.49335163831710815,0.5036776084813946,0.5289272419702243,0.4359467923641205
39,1,14,0.6438838243484497,0.5102691650390625,0.5196899125255954,0.5463168756882981,0.6481618285179138
39,1,15,0.6380259394645691,0.6844035387039185,0.5730510219770427,0.66342051159154,0.15770156681537628
39,1,16,0.630007266998291,0.7568319439888,0.502919203086145,0.7365272234755169,0.3513622283935547
39,1,17,0.6085935831069946,0.6946902871131897,0.5678057883718316,0.6888287409084527,0.15971732139587402
39,1,18,0.5871700048446655,0.8011793494224548,0.4332357559863148,0.7762820185435,0.32652366161346436
39,1,19,0.6767731308937073,0.7066864371299744,0.5997598652138163,0.6872587979555272,0.16279473900794983
39,1,20,0.5875447988510132,0.8466941714286804,0.45448477106768714,0.7854187052303526,0.32615748047828674
39,1,21,0.6771206259727478,0.7011160254478455,0.5990653480102348,0.6808489680878659,0.1597939133644104
39,1,22,0.6083784103393555,0.7966667413711548,0.476182166239268,0.7651514553517005,0.32130101323127747
39,1,23,0.5376404523849487,0.6785953640937805,0.606167968621936,0.7133015225788945,0.965033233165741
39,1,24,0.7378568649291992,0.7020146250724792,0.6927418779362351,0.7290430490015749,0.9663757681846619
39,1,25,0.41301247477531433,0.9295318126678467,0.6179352830053146,0.8963804872845246,0.48319846391677856
39,1,26,0.6293120384216309,0.9583756327629089,0.6600260306525919,0.9324737980148267,0.6431121230125427
39,1,27,0.48872295022010803,1.1506962776184082,0.6115862997413803,1.0950458535799892,0.4260469377040863
39,1,28,0.46412262320518494,1.1539759635925293,0.6191155500983347,1.1071078170721231,0.4814460873603821
39,1,29,0.5050996541976929,1.1766319274902344,0.5948774749333123,1.123175998730657,0.5391300916671753
39,1,30,0.402701199054718,1.1504793167114258,0.5753246954968418,1.137296139909671,0.6236326098442078
39,1,31,0.4241710603237152,1.2517061233520508,0.6245111200189013,1.158637296564185,0.3113040328025818
39,1,32,0.3963528573513031,1.292445421218872,0.6644782230265814,1.1917042757137841,0.3209680914878845
39,2,0,0.5238240957260132,0.12122561782598495,0.5235320542268933,0.12862614068599892,0.9434446096420288
39,2,1,0.4985886514186859,0.09929163753986359,0.5015237936156066,0.10903203557864063,0.9552165269851685
39,2,2,0.4764072597026825,0.10044349730014801,0.48561603420017546,0.10916687302606994,0.9572125673294067
39,2,3,0.4525541067123413,0.1021101251244545,0.4686625113814168,0.10968683939020087,0.9561108946800232
39,2,4,0.5571539402008057,0.09525308758020401,0.5431470162487648,0.10716304874835415,0.9470999836921692
39,2,5,0.5773299336433411,0.09367763996124268,0.5570671919067148,0.1061505460729796,0.9443718194961548
39,2,6,0.5994054675102234,0.0925125777721405,0.571981287834882,0.10545426924111946,0.9423407912254333
39,2,7,0.4340442419052124,0.11218280345201492,0.452626739738946,0.11638323464083022,0.9592158198356628
39,2,8,0.6381914019584656,0.10245215892791748,0.5998787520864711,0.11232920510083852,0.9478603005409241
39,2,9,0.5024530291557312,0.14344912767410278,0.504863614256676,0.14538015212917593,0.9571025371551514
39,2,10,0.5618647336959839,0.13834668695926666,0.5495610492743743,0.14368485988326898,0.9437013268470764
39,2,11,0.2668823301792145,0.2405584305524826,0.2965257317054989,0.22619965636384892,0.982322633266449
39,2,12,0.8182024955749512,0.20925134420394897,0.7744877510143889,0.21687222584584118,0.9806682467460632
39,2,13,0.23943467438220978,0.4678010642528534,0.23873115585735302,0.3959433408864342,0.45142069458961487
39,2,14,0.826181173324585,0.39749544858932495,0.8998020539730166,0.3741068248455428,0.5961387753486633
39,2,15,0.26325660943984985,0.6804587244987488,0.35737736426035305,0.4582387001636836,0.1641942858695984
39,2,16,0.6940792798995972,0.4667320251464844,0.7784807785303363,0.4368811355231296,0.32110539078712463
39,2,17,0.26775887608528137,0.7216109037399292,0.38732366691102094,0.46950041017200367,0.16667617857456207
39,2,18,0.6964314579963684,0.476237028837204,0.7590733424003409,0.4485903018330289,0.3001805543899536
39,2,19,0.2948034107685089,0.7113865613937378,0.4196513697756083,0.45745094680731874,0.16948777437210083
39,2,20,0.6076048016548157,0.4679700434207916,0.7083277153597418,0.4427254068417524,0.30003780126571655
39,2,21,0.30636751651763916,0.6954208016395569,0.4166603462805094,0.4533494506758182,0.166021928191185
39,2,22,0.5957689881324768,0.4658545255661011,0.715180717068946,0.4373393293168677,0.29566115140914917
39,2,23,0.39317718148231506,0.6340392231941223,0.4364601767502108,0.5628298072488801,0.9655519723892212
39,2,24,0.7731449007987976,0.6159445643424988,0.7422336541622345,0.5435723487296169,0.9641032814979553
39,2,25,0.4174228608608246,0.8380900025367737,0.5022640475327533,0.7622438529301439,0.4786384701728821
39,2,26,0.6752427816390991,0.821246325969696,0.7231291240522463,0.7537891365231771,0.6114383339881897
39,2,27,0.49284371733665466,1.0709202289581299,0.5684365997948239,0.9722647695615448,0.4122547209262848
39,2,28,0.6641228199005127,0.9600965976715088,0.7712164444616618,0.9448063789110612,0.4500267803668976
39,2,29,0.574923038482666,1.1119626760482788,0.6124669344070338,1.0002661274751337,0.5378466248512268
39,2,30,0.6728624701499939,0.9684642553329468,0.7686134721008272,0.9654038335854391,0.6108675003051758
39,2,31,0.35154590010643005,1.1054373979568481,0.5036127515504566,1.0063503769843245,0.29531657695770264
39,2,32,0.6517990231513977,1.0740928649902344,0.7435804826734658,1.009395253122656,0.2976541519165039
40,1,0,0.9170627593994141,0.2894692122936249,0.7659226768299594,0.18634604624577913,0.865198016166687
40,1,1,0.8800278902053833,0.19109538197517395,0.7470579452068606,0.149116908803128,0.8770644664764404
40,1,2,0.8790529370307922,0.17779114842414856,0.73929944814899,0.1457421433330603,0.8830775022506714
40,1,3,0.8780753016471863,0.1467098593711853,0.731406293677852,0.13911700806785185,0.8770544528961182
40,1,4,0.8836920261383057,0.18913012742996216,0.7631177567439555,0.14931668969864226,0.8709206581115723
40,1,5,0.888292670249939,0.18636398017406464,0.7660613031685498,0.14858047797108356,0.8723507523536682
40,1,6,0.8921204805374146,0.17534120380878448,0.7687746488406266,0.14624801092815398,0.8679287433624268
40,1,7,0.6821286678314209,0.17187060415744781,0.6662244938118459,0.14845810173283586,0.8836865425109863
40,1,8,0.9279336929321289,0.257309228181839,0.7555353530713822,0.16781255349843355,0.8791983723640442
40,1,9,0.9600717425346375,0.3275710642337799,0.7507553211540795,0.20574845279324094,0.8931737542152405
40,1,10,0.9748212695121765,0.3314642906188965,0.7682110386100455,0.20843645854901138,0.8770991563796997
40,1,11,1.2887167930603027,0.40307357907295227,0.6942512459673689,0.3046499712336833,0.931000828742981
40,1,12,0.8148853182792664,0.39545542001724243,0.6561177053406965,0.29529571456948517,0.9711974263191223
40,1,13,0.9790809750556946,0.6424052119255066,0.5871761859338421,0.5486453446595979,0.4080439507961273
40,1,14,0.6044259667396545,0.6833277344703674,0.534401250338469,0.5701408344908432,0.5997661352157593
40,1,15,0.795266330242157,0.8297215700149536,0.6117878433009815,0.6923629258290713,0.15589144825935364
40,1,16,0.5908170938491821,0.8619434237480164,0.5181810793871995,0.7583274690235521,0.3753206729888916
40,1,17,0.774243950843811,0.8722891211509705,0.603775038557693,0.7207738387940292,0.16181322932243347
40,1,18,0.5320903658866882,0.9014219045639038,0.4504056556731255,0.7980340406710578,0.356169193983078
40,1,19,0.7675613760948181,0.8766694664955139,0.6289635362089111,0.7202458392166787,0.16642914712429047
40,1,20,0.5753610730171204,0.9176040887832642,0.47549337153625426,0.808400246273343,0.35715511441230774
40,1,21,0.7548900842666626,0.8528441786766052,0.6261750691314812,0.7107874393831753,0.162308931350708
40,1,22,0.6239678263664246,0.8970606923103333,0.5018883876242404,0.7880847894518431,0.34924471378326416
40,1,23,1.2363994121551514,0.8384199142456055,0.7173660556259616,0.7350498134681702,0.9480552673339844
40,1,24,0.910628616809845,0.8076045513153076,0.7307206113608308,0.7426797292871519,0.9561570882797241
40,1,25,0.949592113494873,0.7654864192008972,0.6759394127603864,0.873624270735075,0.4409031271934509
40,1,26,0.49637338519096375,0.7006089091300964,0.6315468520856626,0.8920420343484942,0.5814046263694763
40,1,27,0.7239521145820618,0.8437364101409912,0.6311104108799841,1.0511978695996904,0.3994297385215759
40,1,28,0.5683241486549377,0.8011959195137024,0.6103064785842669,1.0536461190900692,0.44260212779045105
40,1,29,0.7043601870536804,0.8101069927215576,0.6138990086991792,1.06845190789378,0.5133020281791687
40,1,30,0.630235493183136,0.7732536792755127,0.5848492370720682,1.073565604639653,0.5880654454231262
40,1,31,0.5529330372810364,0.9781414270401001,0.6120890521447184,1.1272111872899202,0.2934257984161377
40,1,32,0.3978714644908905,0.9415609240531921,0.6179387770484472,1.1480613202563463,0.3019949793815613
40,2,0,0.6276021599769592,0.14553551375865936,0.541610315111935,0.1315558408990364,0.8775757551193237
40,2,1,0.5882901549339294,0.11371907591819763,0.5165883778055466,0.10984380877799575,0.8883739709854126
40,2,2,0.5706663131713867,0.11260107904672623,0.5003819161657818,0.10976163881554764,0.8939948081970215
40,2,3,0.551190972328186,0.11052418500185013,0.4829894976151592,0.10983184688564476,0.8884269595146179
40,2,4,0.6317338943481445,0.11165126413106918,0.55852850723739,0.10794038187246803,0.8828620314598083
40,2,5,0.6452558636665344,0.11030666530132294,0.5723793571282707,0.10687035488684042,0.8843193054199219
40,2,6,0.6590521931648254,0.10859837383031845,0.5870988697744585,0.10599878812583746,0.8802539706230164
40,2,7,0.514308750629425,0.12421993166208267,0.46332809177087264,0.11774064149558208,0.8945571184158325
40,2,8,0.666359543800354,0.12197422981262207,0.6114142823285028,0.1139999267451824,0.8906916379928589
40,2,9,0.6081425547599792,0.16921426355838776,0.5228040305464919,0.14951048407776682,0.9027385711669922
40,2,10,0.6463552117347717,0.1699417680501938,0.5663717172205253,0.14823538223343435,0.8880392909049988
40,2,11,0.421492338180542,0.2696346640586853,0.3182479113133539,0.23373115008329282,0.9368773102760315
40,2,12,0.6414936184883118,0.26976490020751953,0.7513649886578587,0.2260462581945673,0.9737785458564758
40,2,13,0.4265929162502289,0.5463663935661316,0.271447557007716,0.4221099841785612,0.3799065947532654
40,2,14,0.7180208563804626,0.5777887105941772,0.8681509248128685,0.409594366488793,0.5972054600715637
40,2,15,0.6816887259483337,0.6925920248031616,0.41408607974430145,0.49910816731263213,0.14970320463180542
40,2,16,0.637921154499054,0.8031613230705261,0.7540372249484133,0.5010077153079782,0.3772333860397339
40,2,17,0.7231614589691162,0.7125071883201599,0.44606798090903044,0.5118901057465713,0.1567508578300476
40,2,18,0.6423647999763489,0.9056473970413208,0.738792080435444,0.5288248119409804,0.3580264747142792
40,2,19,0.7329958081245422,0.7009095549583435,0.4744240626057776,0.49992007711650366,0.16128619015216827
40,2,20,0.6873109936714172,0.9014231562614441,0.70468594669894,0.5232518615660312,0.3579525947570801
40,2,21,0.7280752658843994,0.6922968029975891,0.4710925220708097,0.4950259714494711,0.15768878161907196
40,2,22,0.6883066296577454,0.860751211643219,0.7105231631559005,0.5115936552370107,0.3504233658313751
40,2,23,0.5745760798454285,0.6953177452087402,0.4604773676191991,0.5858641932296288,0.9448186755180359
40,2,24,0.7260594964027405,0.6774904727935791,0.7394314039126522,0.5668563873076579,0.9537113308906555
40,2,25,0.5932891368865967,0.900293231010437,0.5180702186687124,0.786249133094217,0.42415499687194824
40,2,26,0.6339512467384338,0.9180893898010254,0.7076447299141977,0.782381551902232,0.5683180689811707
40,2,27,0.7177186608314514,1.154735803604126,0.5944039128991166,1.004036639861838,0.3758541941642761
40,2,28,0.7200866341590881,1.144965410232544,0.7623486358029904,0.9796763871505367,0.41980886459350586
40,2,29,0.7869825959205627,1.1912572383880615,0.6428464810680817,1.0335299789744254,0.4906149208545685
40,2,30,0.722263514995575,1.1696653366088867,0.7605758343714667,1.0009928934225782,0.5661492347717285
40,2,31,0.5635193586349487,1.235147476196289,0.5140054663912189,1.0462436175381298,0.2764164209365845
40,2,32,0.6495313048362732,1.2391834259033203,0.7272478387793477,1.0494624132242856,0.28663092851638794
41,1,0,1.0223170518875122,0.5759353041648865,0.8106643622114895,0.2546003492723897,0.8016785383224487
41,1,1,1.016230821609497,0.5300631523132324,0.7940473722167912,0.21583979569223738,0.8161179423332214
41,1,2,1.0273525714874268,0.5265384912490845,0.7896130398372025,0.21243846087148233,0.8195953965187073
41,1,3,1.0388720035552979,0.5227072834968567,0.7851416331157252,0.20630821142041383,0.8154146075248718
41,1,4,0.9794715642929077,0.5357145667076111,0.8008272574211626,0.21700536756348346,0.8150316476821899
41,1,5,0.9665677547454834,0.5365787744522095,0.8009921967813081,0.21655273804669212,0.8156515955924988
41,1,6,0.9526267647743225,0.536663293838501,0.8007882483155537,0.2146485822751013,0.8160659670829773
41,1,7,1.059313416481018,0.3259359896183014,0.7350984411260046,0.1793560276121386,0.8271322250366211
41,1,8,0.9208330512046814,0.5380592942237854,0.784302388620691,0.2326410058001489,0.8332826495170593
41,1,9,1.057827115058899,0.5868655443191528,0.804421414469801,0.272501789416123,0.83579021692276
41,1,10,1.0233761072158813,0.5933475494384766,0.8127368557089731,0.2758619034767725,0.8263232707977295
41,1,11,1.4499965906143188,0.5938038229942322,0.8280950760709133,0.3551577087943895,0.8787351250648499
41,1,12,0.5377823114395142,0.6302708983421326,0.6355527957534941,0.3538869671193934,0.961771547794342
41,1,13,1.3497966527938843,0.865278422832489,0.7222572891309692,0.6039981117227571,0.3466742932796478
41,1,14,0.37693771719932556,0.91343092918396,0.5070044871079475,0.6302011676761263,0.5829988718032837
41,1,15,0.9451128840446472,0.893879234790802,0.6700863430161726,0.7274710683616734,0.14445917308330536
41,1,16,0.4631158411502838,0.9269936084747314,0.5086297912913248,0.7876835438197246,0.39943766593933105
41,1,17,0.8284167647361755,0.9133423566818237,0.6429377884055031,0.7543141658586032,0.15091954171657562
41,1,18,0.4504230320453644,0.9460230469703674,0.4504086648053316,0.8237753778497878,0.38444244861602783
41,1,19,0.8383222222328186,0.8786096572875977,0.665445283733082,0.7478004768336991,0.15651357173919678
41,1,20,0.4745791256427765,0.9228390455245972,0.47533504907585145,0.8282858903699454,0.3889349699020386
41,1,21,0.8510110378265381,0.8642534613609314,0.6653720325816574,0.7374859498339682,0.15260840952396393
41,1,22,0.5159115791320801,0.9039608836174011,0.5043178617258208,0.8082210479405403,0.3777267038822174
41,1,23,1.3359708786010742,1.0322335958480835,0.8264820891302043,0.7869724790567236,0.937609076499939
41,1,24,0.7910124659538269,1.0440815687179565,0.7411804553843069,0.7953458963075041,0.953812301158905
41,1,25,1.1570367813110352,1.1463037729263306,0.7604535388886242,0.9212306455669356,0.38501879572868347
41,1,26,0.562804102897644,1.1749703884124756,0.619617968077274,0.9414525687786972,0.5209993720054626
41,1,27,0.968781054019928,1.373916745185852,0.690177503333886,1.1076237447347639,0.3428885340690613
41,1,28,0.7113985419273376,1.4226911067962646,0.6278657381223722,1.1182601151365879,0.387332946062088
41,1,29,0.9249182343482971,1.3676786422729492,0.6682611471769724,1.1207334740902497,0.447429895401001
41,1,30,0.7723233103752136,1.4017142057418823,0.6174967944289292,1.1309492831525247,0.5188263058662415
41,1,31,0.8835869431495667,1.5257534980773926,0.6594871095328697,1.1970515574284883,0.2592315077781677
41,1,32,0.6688159704208374,1.6116724014282227,0.6267623593442301,1.2294600667813034,0.26876017451286316
41,2,0,0.6383209824562073,0.34835317730903625,0.5584064764936595,0.16934322679191716,0.8179360032081604
41,2,1,0.6581586599349976,0.31005918979644775,0.5412085165043041,0.14472373827512483,0.8298479318618774
41,2,2,0.6729919910430908,0.31033003330230713,0.5304279621035737,0.14470343351974688,0.8335751295089722
41,2,3,0.6881967782974243,0.3108351528644562,0.5187444662245289,0.1448498615859819,0.830301821231842
41,2,4,0.6194598078727722,0.3088938593864441,0.5690993603039849,0.14294967116733426,0.8290921449661255
41,2,5,0.6036466360092163,0.3084957003593445,0.5777990293193649,0.141997398722301,0.8296330571174622
41,2,6,0.5879757404327393,0.3079165816307068,0.5872507222519889,0.1411770895844903,0.8302450776100159
41,2,7,0.7065719962120056,0.32343098521232605,0.505758550805689,0.15358021396420501,0.8403137922286987
41,2,8,0.5670697689056396,0.32792139053344727,0.603724880141112,0.1512828493327173,0.8457489609718323
41,2,9,0.6627613306045532,0.3920651078224182,0.5471425081838852,0.19181975482952263,0.8482524156570435
41,2,10,0.6099738478660583,0.39116179943084717,0.5739322364720313,0.1906099809571522,0.8399957418441772
41,2,11,0.865916907787323,0.5314759612083435,0.41464612827527964,0.2857525996530206,0.888749361038208
41,2,12,0.41888606548309326,0.5257945656776428,0.6932147221289024,0.2784209049709817,0.9622401595115662
41,2,13,0.9968653321266174,0.8768872022628784,0.39979917978919377,0.5019383690595345,0.3603973090648651
41,2,14,0.40315502882003784,0.8203793168067932,0.7865040919931264,0.4816072317711404,0.5392988324165344
41,2,15,0.6860685348510742,0.8951075077056885,0.46157142758990904,0.5684998346680581,0.1718822568655014
41,2,16,0.40142056345939636,0.8706085681915283,0.6923282491966034,0.5657232516052926,0.3765236735343933
41,2,17,0.6431638598442078,0.9104207158088684,0.48040232793797666,0.5817308933499399,0.17940683662891388
41,2,18,0.3960213363170624,0.9025366306304932,0.6788239114535651,0.5942690255240758,0.36859655380249023
41,2,19,0.6264265179634094,0.8684799671173096,0.500867181247316,0.5644514467925571,0.184353306889534
41,2,20,0.34880852699279785,0.8756491541862488,0.642400577836667,0.5849245940144132,0.37371495366096497
41,2,21,0.6267892718315125,0.8659018874168396,0.4981812531515812,0.5599672002860684,0.17956992983818054
41,2,22,0.35656309127807617,0.869727373123169,0.6485768388359097,0.5742805428242876,0.3640821874141693
41,2,23,0.8121972680091858,1.1673823595046997,0.5220285200719038,0.6883208825548903,0.8646864891052246
41,2,24,0.4884578585624695,1.1722620725631714,0.6956427053529975,0.6735965418437263,0.8734326958656311
41,2,25,1.0115580558776855,1.0474168062210083,0.6047928679753998,0.8318304746763397,0.38694190979003906
41,2,26,0.3344345986843109,1.0306808948516846,0.6422919907025534,0.825700439837267,0.48678168654441833
41,2,27,0.3837634027004242,1.1134899854660034,0.5576966668275951,1.023053219341245,0.3165019154548645
41,2,28,0.36085349321365356,1.0828590393066406,0.6919840737574807,0.9976001042467105,0.3562961518764496
41,2,29,0.31313851475715637,1.1122889518737793,0.5851863373702185,1.0472011126983412,0.4113682508468628
41,2,30,0.333156555891037,1.0877550840377808,0.6856106192244235,1.0160568297493127,0.4827554225921631
41,2,31,0.1529521495103836,1.1340084075927734,0.45080422776753765,1.0614821507130172,0.24113363027572632
41,2,32,0.3894805908203125,1.0883296728134155,0.6681634273300594,1.0562010087725842,0.2526857852935791
42,1,0,1.4390476942062378,0.5163722038269043,0.9215308953261458,0.30028912220012055,0.7867130637168884
42,1,1,1.489926815032959,0.4367673099040985,0.9170649986509308,0.2543527873352626,0.7922284007072449
42,1,2,1.530587077140808,0.4362044930458069,0.920775178349073,0.25144956251575873,0.7959723472595215
42,1,3,1.5717074871063232,0.4359586536884308,0.9245593758032437,0.24635221215694905,0.7876788973808289
42,1,4,1.3994837999343872,0.4359012842178345,0.9063568040167433,0.2551619275060304,0.804436206817627
42,1,5,1.3670848608016968,0.43460363149642944,0.9006861272217179,0.254561051793796,0.8100025057792664
42,1,6,1.3340791463851929,0.4332386553287506,0.8946149908307659,0.25275150186887263,0.8151695728302002
42,1,7,1.6615636348724365,0.4555168151855469,0.8999820621686516,0.227575803020695,0.7862783670425415
42,1,8,1.3396867513656616,0.45488572120666504,0.8820801320340526,0.27138514780066225,0.8374248743057251
42,1,9,1.5353798866271973,0.5800108909606934,0.9337736246094548,0.32624633758958543,0.786225438117981
42,1,10,1.4120280742645264,0.5800012946128845,0.9183810720993577,0.3290122322788606,0.7945172190666199
42,1,11,2.1433889865875244,0.7459945678710938,1.0648352156785932,0.42363373469607646,0.8084936738014221
42,1,12,0.9996399879455566,0.7263532280921936,0.6992909982627856,0.41910931854427935,0.9424437880516052
42,1,13,1.6440224647521973,1.022682785987854,0.8862966263817066,0.677413745912047,0.33079272508621216
42,1,14,0.41044095158576965,1.0379345417022705,0.4902340685842018,0.7016735945455279,0.5314812064170837
42,1,15,0.9729159474372864,0.826271653175354,0.7230043558939623,0.7446314383136751,0.15894772112369537
42,1,16,0.5311009287834167,0.7798029780387878,0.5125238227717266,0.7863185458604928,0.39041391015052795
42,1,17,0.7489377856254578,0.7971152067184448,0.6613520992975812,0.7617356771229261,0.16712266206741333
42,1,18,0.586233377456665,0.7260751128196716,0.47402583961866773,0.8068069631784306,0.37878119945526123
42,1,19,0.6709377765655518,0.7625268697738647,0.666396565079727,0.7503518118588245,0.17256705462932587
42,1,20,0.5511007308959961,0.6505617499351501,0.4884854945739438,0.7973451209000483,0.3872108459472656
42,1,21,0.6656969785690308,0.7665996551513672,0.665428303784303,0.7425320497203589,0.16783350706100464
42,1,22,0.5554382801055908,0.6763628721237183,0.5131841573962271,0.785296709420984,0.37209513783454895
42,1,23,1.912674903869629,1.6500244140625,1.0207015579719978,0.9402876271246655,0.7786726355552673
42,1,24,1.1961085796356201,1.5969139337539673,0.8210361483914802,0.9374848486057196,0.7875264286994934
42,1,25,1.379058837890625,1.660478115081787,0.8695671850791602,1.052079979797746,0.35042253136634827
42,1,26,0.6925780773162842,1.525158166885376,0.6322801677157021,1.0443013705668363,0.44113588333129883
42,1,27,1.2476799488067627,1.955518126487732,0.7883349894526706,1.2581784394068793,0.28597772121429443
42,1,28,1.0086686611175537,1.831514835357666,0.6945626922009516,1.2444125766085972,0.32204198837280273
42,1,29,1.267806053161621,2.0214521884918213,0.7739509744279142,1.2809116167883703,0.3717362582683563
42,1,30,1.0747190713882446,1.8587173223495483,0.6977596285494957,1.2597218607337013,0.43606704473495483
42,1,31,1.038679599761963,2.0020828247070312,0.7258991340085019,1.339819520852538,0.21895484626293182
42,1,32,0.9450445175170898,1.9612255096435547,0.6824042493545367,1.3589587343650638,0.22961343824863434
42,2,0,1.1262266635894775,0.727681577205658,0.6584094617945154,0.2676494014901829,0.7928509712219238
42,2,1,1.2047492265701294,0.6995526552200317,0.6583978832061192,0.2424018165099766,0.7967038154602051
42,2,2,1.2200709581375122,0.7021518349647522,0.6523204642558497,0.24285022261207817,0.8019862771034241
42,2,3,1.2356266975402832,0.7049532532691956,0.6455524922566002,0.24347178751570595,0.792607307434082
42,2,4,1.1779592037200928,0.7010434865951538,0.6764591154296627,0.24121197285306434,0.8040516972541809
42,2,5,1.1745622158050537,0.7050701379776001,0.6829884330307716,0.24115082939228655,0.8107116222381592
42,2,6,1.1716253757476807,0.7088994979858398,0.6902190078790362,0.24116294781651265,0.8140321969985962
42,2,7,1.2795262336730957,0.7639843821525574,0.6428563858958171,0.26121771927212406,0.789085328578949
42,2,8,1.1869186162948608,0.7677696943283081,0.7064814703380355,0.2600124233327102,0.8303377032279968
42,2,9,1.1070345640182495,0.7834907174110413,0.6457264714023464,0.2960969127889245,0.7789117097854614
42,2,10,1.0768535137176514,0.786544144153595,0.6623364376772699,0.2956516393544038,0.7839981317520142
42,2,11,1.2828195095062256,0.9927068948745728,0.5689006259043056,0.4107689318368648,0.7581848502159119
42,2,12,0.9625925421714783,1.0217442512512207,0.7402392913225543,0.41000824623531107,0.8701096773147583
42,2,13,1.195578694343567,0.9509363770484924,0.5408996650261908,0.5807412984515852,0.3398098349571228
42,2,14,0.9352648258209229,0.9428443908691406,0.8123791907008528,0.5625871369185591,0.4894944131374359
42,2,15,0.8737626671791077,0.7592588663101196,0.5338358704472439,0.6017244402301111,0.17620418965816498
42,2,16,0.6656109094619751,0.6879606246948242,0.6876977756795726,0.5869698866484666,0.370459645986557
42,2,17,0.8031299114227295,0.7116981744766235,0.5368323285927028,0.6043264080257569,0.18715937435626984
42,2,18,0.6718143224716187,0.6257534027099609,0.6776097802359516,0.5997266713609111,0.36404991149902344
42,2,19,0.8450118899345398,0.6883985996246338,0.5610795729554736,0.585996390764181,0.1924211084842682
42,2,20,0.5267825126647949,0.6648180484771729,0.6223090084052435,0.5987937880803061,0.372720867395401
42,2,21,0.8678961396217346,0.7038040161132812,0.5629163726848091,0.5849842808783822,0.18578334152698517
42,2,22,0.5326715111732483,0.620844304561615,0.6284351688583074,0.5823557166740968,0.3583241105079651
42,2,23,1.3004347085952759,1.8185991048812866,0.6599694020447453,0.8906678084091655,0.7009509205818176
42,2,24,1.1205328702926636,1.8338768482208252,0.7701580713138874,0.881494138770899,0.708885133266449
42,2,25,1.4026389122009277,1.1456400156021118,0.746260781182462,0.8866855979100702,0.3407631814479828
42,2,26,0.9011722207069397,1.1698291301727295,0.6874698235762485,0.8859095417167565,0.40155482292175293
42,2,27,0.6818456053733826,1.1040844917297363,0.579275791187096,1.0371197397728933,0.27645355463027954
42,2,28,0.8425122499465942,1.0217721462249756,0.7181683242855104,1.0017890628592396,0.29621827602386475
42,2,29,0.4841674268245697,1.1269004344940186,0.5676395440801583,1.0610358591955402,0.3487670421600342
42,2,30,0.7660630345344543,1.04021418094635,0.6995759071712735,1.0202432396177656,0.4004480242729187
42,2,31,0.7212384343147278,0.9565256834030151,0.49801463853937,1.043249618763859,0.21815170347690582
42,2,32,0.9374080300331116,0.8177939057350159,0.7151645557213845,1.0146206844243384,0.21791082620620728
43,1,0,1.2540651559829712,0.629231870174408,0.979694639472475,0.3578166163686672,0.8082759380340576
43,1,1,1.3046191930770874,0.584419310092926,0.984963818927138,0.31207843099060073,0.8115194439888
43,1,2,1.3269275426864624,0.5874704718589783,0.9919723266973243,0.3102269477138325,0.816474974155426
43,1,3,1.3497134447097778,0.5908141136169434,0.9991302369155044,0.3066212128438192,0.8080529570579529
43,1,4,1.2435537576675415,0.5808103680610657,0.9653437848187236,0.3121074619090096,0.8164225816726685
43,1,5,1.2184338569641113,0.5814546942710876,0.956238394066033,0.3117264518888039,0.8217330574989319
43,1,6,1.1935324668884277,0.5818594098091125,0.9468456319371962,0.3103079138708826,0.8248982429504395
43,1,7,1.3435062170028687,0.6372107267379761,0.9778205213357625,0.2993853866203547,0.803887665271759
43,1,8,1.1374744176864624,0.6308594346046448,0.9266485091709572,0.3343087680275405,0.8398605585098267
43,1,9,1.2496955394744873,0.6945534944534302,0.989006065154858,0.3907335159194536,0.7881618142127991
43,1,10,1.166756510734558,0.6897363066673279,0.9617160552470333,0.3921575183251984,0.7898633480072021
43,1,11,1.463191270828247,0.9311385750770569,1.134670590778288,0.5128588138534076,0.7436248660087585
43,1,12,0.5203481316566467,0.8286033868789673,0.6681375575868075,0.49089541187525954,0.8450692892074585
43,1,13,1.2416075468063354,0.9146165251731873,0.9484958862782973,0.7187846093053478,0.34470853209495544
43,1,14,0.6251946091651917,0.7454458475112915,0.5137001031867484,0.7092639738088616,0.46446657180786133
43,1,15,0.6665922999382019,0.42559269070625305,0.713219045053895,0.6888549682570734,0.1947626918554306
43,1,16,0.5551855564117432,0.18473245203495026,0.5199211541595319,0.6802646732655854,0.3684416711330414
43,1,17,0.7457081079483032,0.3751613199710846,0.6759969828993578,0.6940167545649628,0.20603829622268677
43,1,18,0.6687524318695068,0.1462337076663971,0.5079444745553497,0.690152624092417,0.3642881214618683
43,1,19,0.8181101083755493,0.3282204866409302,0.6927883084953917,0.676326245582352,0.21056175231933594
43,1,20,0.5940394401550293,0.1115860641002655,0.5068225371939853,0.6761534399784525,0.3722569942474365
43,1,21,0.8366125226020813,0.36068251729011536,0.6952245483554901,0.6756499958853093,0.20546835660934448
43,1,22,0.5750076770782471,0.14703479409217834,0.5239102122804061,0.672655795594111,0.3580319285392761
43,1,23,1.3717056512832642,2.0447497367858887,1.0821421400334625,1.1378802515463797,0.632280707359314
43,1,24,0.908842146396637,2.0568394660949707,0.8362823363563576,1.1378242798377962,0.6397575736045837
43,1,25,1.4612529277801514,1.5033475160598755,0.973855616622734,1.1312907672890629,0.3314010500907898
43,1,26,0.5745359659194946,1.5244460105895996,0.6222631761692121,1.1286498895259622,0.3740946054458618
43,1,27,1.0731359720230103,1.7519291639328003,0.8380788662527586,1.344956922478406,0.2599745988845825
43,1,28,0.8653584718704224,1.7755917310714722,0.7242918362799208,1.3378690758963543,0.27366140484809875
43,1,29,0.9942768812179565,1.8060193061828613,0.8123600020729854,1.3732870769470864,0.3243985176086426
43,1,30,0.9074674844741821,1.8216890096664429,0.7343047277768224,1.3586841725977516,0.3721763491630554
43,1,31,1.0980968475341797,1.7489477396011353,0.7910740240282691,1.4115461164111438,0.20835648477077484
43,1,32,0.8427873849868774,1.7901611328125,0.7103114469684367,1.4346035150379504,0.20562481880187988
43,2,0,0.816343367099762,0.6701014041900635,0.685890183521782,0.33818737215385003,0.7702763676643372
43,2,1,0.9600566029548645,0.6304559111595154,0.7111130391915067,0.3103871975327475,0.7681664228439331
43,2,2,0.9891356229782104,0.6328003406524658,0.7112410571978807,0.3111716389803233,0.7764107584953308
43,2,3,1.018690586090088,0.6353651285171509,0.7108979806716673,0.31213764356975093,0.7659727334976196
43,2,4,0.917705774307251,0.6340150833129883,0.7185410182226412,0.31003907254053475,0.7694928050041199
43,2,5,0.9088985919952393,0.6392154097557068,0.7223770183644675,0.31091076005697393,0.778213381767273
43,2,6,0.9001715183258057,0.6441395878791809,0.7268078115007155,0.31179401988736744,0.7783228754997253
43,2,7,0.5477264523506165,0.6811045408248901,0.6263372687208132,0.33485003343026154,0.7558791637420654
43,2,8,0.9213883280754089,0.7099524140357971,0.7439391811982414,0.338985095160525,0.7922667860984802
43,2,9,0.7882169485092163,0.7367041707038879,0.6705085887809812,0.3734100149352804,0.7302706241607666
43,2,10,0.7248731851577759,0.7425885796546936,0.6731867669231901,0.3740901258236549,0.7304413318634033
43,2,11,1.3388118743896484,0.9951257109642029,0.7053204620758564,0.5137429435665413,0.6805065870285034
43,2,12,0.32906168699264526,1.0257422924041748,0.6681568830606297,0.5186122601137814,0.7675860524177551
43,2,13,1.8341127634048462,1.0830274820327759,0.7735243768240669,0.6690374605039728,0.32778775691986084
43,2,14,0.4647558033466339,1.0411694049835205,0.7515513829787789,0.6466575819408055,0.4207511246204376
43,2,15,1.7209829092025757,0.9445220232009888,0.746710326006363,0.6617000278471632,0.18148712813854218
43,2,16,0.5352261662483215,0.7899098992347717,0.6611727671492275,0.6223287254391413,0.33426234126091003
43,2,17,1.7783766984939575,0.9221302270889282,0.75980452129903,0.6598879495064671,0.19317251443862915
43,2,18,0.6337594985961914,0.7533237934112549,0.670006083454623,0.626449185240489,0.331827849149704
43,2,19,1.8121182918548584,0.8839950561523438,0.7858162113377786,0.6380646607609938,0.19786310195922852
43,2,20,0.5532045960426331,0.7056847214698792,0.610317093644913,0.6173644890409328,0.3394491374492645
43,2,21,1.7875726222991943,0.8874536752700806,0.7827483582186543,0.637840715670351,0.1936694085597992
43,2,22,0.48713669180870056,0.7135238647460938,0.6038621282040222,0.6051606673003755,0.3270518183708191
43,2,23,1.1945044994354248,2.0751099586486816,0.7540290551330194,1.103078837976374,0.569129228591919
43,2,24,0.5868978500366211,2.1084399223327637,0.7382487444432636,1.101797991192637,0.5758635997772217
43,2,25,0.9193016886711121,1.4585890769958496,0.7763862660616817,0.9874221202612651,0.32634642720222473
43,2,26,-0.19713962078094482,1.3942911624908447,0.5302279894058747,0.9752903904195482,0.34333938360214233
43,2,27,0.28913140296936035,1.487059235572815,0.5285938023841514,1.116087792226915,0.2440972775220871
43,2,28,-0.16530869901180267,1.294797420501709,0.5611314629577394,1.0529760177391896,0.25262412428855896
43,2,29,0.12348395586013794,1.5256906747817993,0.4896997172082803,1.142621949452871,0.30014440417289734
43,2,30,-0.21901622414588928,1.321683645248413,0.5361306457984634,1.0729164020090594,0.3466233015060425
43,2,31,0.1989453285932541,1.365360140800476,0.44575938363218415,1.0995692354225195,0.19540545344352722
43,2,32,-0.24619342386722565,1.0879334211349487,0.5439011329083658,1.0273442445247514,0.19202595949172974
44,2,0,0.3343093991279602,0.1438448131084442,0.6243673732707955,0.3043389008554132,0.7911340594291687
44,2,1,0.3518986105918884,0.1242627203464508,0.6482418557847789,0.2779779054240564,0.789417028427124
44,2,2,0.375925749540329,0.12348079681396484,0.6525948818761081,0.2784880924731551,0.7968769669532776
44,2,3,0.38828104734420776,0.12325452268123627,0.6544945642184169,0.2792453297065615,0.7875964641571045
44,2,4,0.30827581882476807,0.12788456678390503,0.6466250351480264,0.27832485248811295,0.7893806099891663
44,2,5,0.29053109884262085,0.12815578281879425,0.6466295981012584,0.27909146878837376,0.7965289950370789
44,2,6,0.2728140652179718,0.12843206524848938,0.6471232701793791,0.27986851199138374,0.7955328822135925
44,2,7,0.42057618498802185,0.1252046674489975,0.5904882875833427,0.29831995851225535,0.7795173525810242
44,2,8,0.262123167514801,0.13035346567630768,0.65930189158461,0.30263296117504124,0.8046784400939941
44,2,9,0.37468674778938293,0.15408846735954285,0.6188285066728435,0.3351829483624378,0.7555514574050903
44,2,10,0.31155508756637573,0.15641985833644867,0.6098854786334107,0.33615280035783424,0.7509164214134216
44,2,11,0.5512422323226929,0.17690852284431458,0.6785213015946868,0.4548309855281599,0.7120587229728699
44,2,12,0.2150813341140747,0.17962206900119781,0.5886291770869672,0.45932024251565245,0.7867012023925781
44,2,13,0.6711546182632446,0.23732499778270721,0.7557496982921199,0.5933164459415488,0.3725394010543823
44,2,14,0.21098686754703522,0.2385130524635315,0.6564210423826068,0.5751197822121891,0.416637659072876
44,2,15,0.6805030107498169,0.27936747670173645,0.7352253957483246,0.5947354570712027,0.2057477831840515
44,2,16,0.27455246448516846,0.20635497570037842,0.5934438314326514,0.5493984514417753,0.32849547266960144
44,2,17,0.6975973844528198,0.29317185282707214,0.7490148906164592,0.5956881058037222,0.2150144875049591
44,2,18,0.2932223677635193,0.19857259094715118,0.6040199701401632,0.5514059474825249,0.32656481862068176
44,2,19,0.672452449798584,0.2897354066371918,0.7661234120646169,0.5771167027037031,0.2187771201133728
44,2,20,0.2846474051475525,0.1953715682029724,0.553368699201929,0.5433658386374653,0.32997453212738037
44,2,21,0.6583423614501953,0.2848975658416748,0.7611300433092345,0.5760770328628966,0.21660134196281433
44,2,22,0.2945883572101593,0.19852301478385925,0.5498069696599632,0.5338867715855911,0.3168591260910034
44,2,23,0.5399377346038818,0.32855531573295593,0.7167217003641819,0.9659017134177712,0.6107149124145508
44,2,24,0.3619338572025299,0.32550352811813354,0.6723471537643568,0.9643038481213677,0.6111099720001221
44,2,25,0.5029330253601074,0.4133738875389099,0.7286490900075041,0.8863113328906584,0.3886820673942566
44,2,26,0.3234791159629822,0.42546290159225464,0.49419824388374234,0.8785138146145538,0.38607650995254517
44,2,27,0.5705300569534302,0.49446719884872437,0.5358650009378679,1.006441135660478,0.30734649300575256
44,2,28,0.47038471698760986,0.490420937538147,0.5453717798986167,0.9539176599322502,0.2919674813747406
44,2,29,0.5897958278656006,0.5003283619880676,0.5070848954519559,1.0292604333680426,0.33376848697662354
44,2,30,0.5118355751037598,0.49698740243911743,0.5319197459151406,0.9714633179571921,0.36291569471359253
44,2,31,0.5604321956634521,0.5524297952651978,0.4656853866476807,1.0032693116934028,0.2545998990535736
44,2,32,0.44793564081192017,0.5405169725418091,0.5272323236590347,0.9418096271243479,0.2298894226551056
46,1,0,0.39695635437965393,0.1137506440281868,0.7526823164636156,0.2632610503998201,0.8114911913871765
46,1,1,0.36368659138679504,0.09577923268079758,0.7427892595353878,0.22831827633946833,0.8101196885108948
46,1,2,0.36237823963165283,0.0969686508178711,0.7465243612511192,0.22764851796216673,0.8167533278465271
46,1,3,0.36048468947410583,0.09802322834730148,0.7501187793639689,0.22585361307376195,0.8084748387336731
46,1,4,0.37570998072624207,0.093240886926651,0.7356187540690768,0.2273495324925432,0.8100204467773438
46,1,5,0.377916157245636,0.0938851535320282,0.7309609022235612,0.22736700450396508,0.8163496255874634
46,1,6,0.3972122073173523,0.10068368911743164,0.7328424409935271,0.22914153971451623,0.8155966997146606
46,1,7,0.3151850402355194,0.11739235371351242,0.7193602601036146,0.22894982507033432,0.8013193607330322
46,1,8,0.37075671553611755,0.11964502930641174,0.7101868600441132,0.25118432544312025,0.8240020871162415
46,1,9,0.3689144253730774,0.1348762810230255,0.7472988138333869,0.2915909920102985,0.7797606587409973
46,1,10,0.3866529166698456,0.1369016170501709,0.7377205300601312,0.29324894616079533,0.7756198048591614
46,1,11,0.2259114682674408,0.2362312376499176,0.7788394956854909,0.40563242003795674,0.7407683730125427
46,1,12,0.3648843467235565,0.2331734597682953,0.5505355875407467,0.3910275891317606,0.8078502416610718
46,1,13,0.21664433181285858,0.3961237072944641,0.6627261902443713,0.5936184514138387,0.3464834988117218
46,1,14,0.43687957525253296,0.39587342739105225,0.48401973832436834,0.5877119278904891,0.3943411111831665
46,1,15,0.2880294620990753,0.45430296659469604,0.5480004951407926,0.5979968923159351,0.19297954440116882
46,1,16,0.4816741645336151,0.4570423364639282,0.5051535339965258,0.5938093029294488,0.30969271063804626
46,1,17,0.29514628648757935,0.47138282656669617,0.5281129906761995,0.6077918657391546,0.20184272527694702
46,1,18,0.5016620755195618,0.4782331585884094,0.5055200596306444,0.6080895658800899,0.3100071847438812
46,1,19,0.3074321150779724,0.4582260847091675,0.5431437997298119,0.5918632878044191,0.20544962584972382
46,1,20,0.5013259053230286,0.4636964201927185,0.5047013743861076,0.5938811076035331,0.3120071589946747
46,1,21,0.3142359256744385,0.45297712087631226,0.5472869740628484,0.5894098990494464,0.2033398300409317
46,1,22,0.4799659252166748,0.4581393599510193,0.506941200080242,0.5895836784758105,0.29922741651535034
46,1,23,0.3021997809410095,0.524312436580658,0.777364653090161,0.8987670488297331,0.6493805050849915
46,1,24,0.4266258180141449,0.520056962966919,0.677141848497626,0.8970569992538013,0.6493672132492065
46,1,25,0.3641946613788605,0.7370333075523376,0.7362590007343119,0.9781769098563482,0.3885159194469452
46,1,26,0.45811760425567627,0.72962486743927,0.5587521226587425,0.9736703898907676,0.35719239711761475
46,1,27,0.4218771457672119,0.9448954463005066,0.6763810005332762,1.1895765124249742,0.3107505142688751
46,1,28,0.46213778853416443,0.9214736223220825,0.6226970384023176,1.1760996397140397,0.2747078239917755
46,1,29,0.4383513927459717,0.9826950430870056,0.6671546767944065,1.2216089353616226,0.34868717193603516
46,1,30,0.468700647354126,0.9543946385383606,0.6313677632759306,1.2016489929994283,0.34708940982818604
46,1,31,0.4042102098464966,0.9666430950164795,0.6408442846990752,1.2386219987827782,0.2533215880393982
46,1,32,0.44693949818611145,0.9527791738510132,0.6082412316069237,1.2472151871653199,0.2192472219467163
46,2,0,0.417291522026062,0.10834028571844101,0.5629596554494354,0.24623143014025467,0.8279309272766113
46,2,1,0.4068881571292877,0.0927569568157196,0.5766170976160343,0.22307842165996064,0.8276581764221191
46,2,2,0.3952832520008087,0.09400615841150284,0.5762086091932288,0.22380854475157533,0.8331964015960693
46,2,3,0.38275620341300964,0.09547845274209976,0.5738009498254805,0.2247785832785047,0.8257113695144653
46,2,4,0.4399622678756714,0.09060616791248322,0.5853404342376267,0.22268207330684053,0.8274158835411072
46,2,5,0.4526631534099579,0.0918092131614685,0.5891256077485542,0.22357862492828687,0.8329060673713684
46,2,6,0.4641163945198059,0.09185793250799179,0.5928810647498335,0.2241389460396206,0.8326447010040283
46,2,7,0.3696834444999695,0.10537691414356232,0.5249918100319625,0.24112243491516044,0.8204826712608337
46,2,8,0.47949302196502686,0.10046922415494919,0.6060110906526504,0.24269020806117164,0.8408723473548889
46,2,9,0.4078865647315979,0.12699630856513977,0.5562693103717143,0.2734461461608529,0.800806999206543
46,2,10,0.43796494603157043,0.12633082270622253,0.5589413594191716,0.27392890733524006,0.7972093224525452
46,2,11,0.24018855392932892,0.22644390165805817,0.5479007655450552,0.3870755300412847,0.766385555267334
46,2,12,0.6728363037109375,0.20936113595962524,0.613533308613673,0.3851309729623086,0.8265051245689392
46,2,13,0.4025079011917114,0.3416815996170044,0.6506896318579862,0.518624278652681,0.33786213397979736
46,2,14,0.7928487062454224,0.3312903642654419,0.6968144941864156,0.5027566456620245,0.375354140996933
46,2,15,0.539260983467102,0.3517162799835205,0.6771350904178913,0.5226128298385387,0.17809194326400757
46,2,16,0.7255387902259827,0.3748437166213989,0.6325519993356284,0.49767071478555364,0.28701260685920715
46,2,17,0.5640867948532104,0.35607337951660156,0.6942095297084647,0.5245810839211258,0.18552003800868988
46,2,18,0.7253231406211853,0.3892623782157898,0.6399248572350821,0.5033691399651425,0.2895831763744354
46,2,19,0.596990168094635,0.3401525020599365,0.7160160752845474,0.5068002075017763,0.1886923909187317
46,2,20,0.6943631172180176,0.3788917362689972,0.5951200136103586,0.4946360748660701,0.2915635108947754
46,2,21,0.5981224775314331,0.33908745646476746,0.712843651466159,0.5057529581168546,0.18751180171966553
46,2,22,0.6735477447509766,0.37443795800209045,0.5864353773075939,0.4866510146308394,0.2803908586502075
46,2,23,0.40018707513809204,0.4979811906814575,0.6226381290528132,0.8263825279116596,0.6832789778709412
46,2,24,0.5866713523864746,0.4895167648792267,0.6470065582345937,0.8227187255082862,0.6827614903450012
46,2,25,0.5334442257881165,0.6984063982963562,0.6707793430457623,0.8306114077009854,0.4209219217300415
46,2,26,0.6181301474571228,0.715109646320343,0.5308811410786285,0.830102196936112,0.36194854974746704
46,2,27,0.6454528570175171,0.8741203546524048,0.5682944897297727,0.9672640122946518,0.31667646765708923
46,2,28,0.6946355104446411,0.9041759967803955,0.589577001466468,0.9392166932116233,0.2852589190006256
46,2,29,0.6747327446937561,0.8968018889427185,0.5567574984997932,0.990042333537276,0.3613394498825073
46,2,30,0.7263891696929932,0.9412754774093628,0.5895689831463677,0.9625452042371596,0.3528732359409332
46,2,31,0.6495224833488464,0.9167640805244446,0.5201745001430859,0.9776826256513174,0.242526575922966
46,2,32,0.7090836763381958,0.9464073181152344,0.581126252288924,0.9431670483455143,0.2148151695728302
47,1,0,0.43632620573043823,0.11224481463432312,0.6973775900675188,0.2369912654049121,0.8439404368400574
47,1,1,0.4066731929779053,0.0875115767121315,0.6839958462612258,0.20383194076602373,0.8434520363807678
47,1,2,0.40118831396102905,0.0879335105419159,0.6861020089543826,0.2033528358706675,0.848504364490509
47,1,3,0.3949422240257263,0.0881209522485733,0.6879569057894857,0.20190409713280189,0.8419225811958313
47,1,4,0.4065631031990051,0.08529362082481384,0.6780719446300708,0.20264503156949798,0.8432126045227051
47,1,5,0.4004625976085663,0.08469617366790771,0.6731592085202678,0.20255511490665046,0.8482733368873596
47,1,6,0.39733514189720154,0.0848698765039444,0.6741561096185508,0.2040500723221552,0.8481875061988831
47,1,7,0.32782062888145447,0.09828542172908783,0.6507616681001163,0.2062341869879367,0.8371860980987549
47,1,8,0.3379376232624054,0.09575598686933517,0.6450028101460917,0.22414353049913813,0.8559134602546692
47,1,9,0.4001741111278534,0.13747438788414001,0.6865601220095559,0.2647794956819342,0.81974858045578
47,1,10,0.39841046929359436,0.13699401915073395,0.6783624369151491,0.2660637018767727,0.8168768882751465
47,1,11,0.2147613763809204,0.23619350790977478,0.6795130028738838,0.3761420854705412,0.788766622543335
47,1,12,0.3136618137359619,0.2268047034740448,0.509223931825056,0.36244938774747665,0.8437957763671875
47,1,13,0.23223631083965302,0.45675981044769287,0.5872175564060271,0.5698212710454639,0.30579450726509094
47,1,14,0.4045601189136505,0.47033393383026123,0.47022682586150477,0.5673138856375713,0.4314480721950531
47,1,15,0.2770441174507141,0.5879759788513184,0.5006959350784815,0.5962610155055345,0.1616290658712387
47,1,16,0.60006183385849,0.5939390063285828,0.5216358511579616,0.5938317646081714,0.3211600184440613
47,1,17,0.3254750072956085,0.6209296584129333,0.49280736860964003,0.6100678028105985,0.16918565332889557
47,1,18,0.6333610415458679,0.6298804879188538,0.5277436499558406,0.6118654020498757,0.3182903528213501
47,1,19,0.375765860080719,0.6143454909324646,0.5140121729522762,0.5957590930849964,0.17196787893772125
47,1,20,0.6451305747032166,0.6180352568626404,0.5291223631528833,0.5980667084285574,0.3182773292064667
47,1,21,0.3280199468135834,0.6049986481666565,0.5090652268380882,0.592110626194785,0.17093677818775177
47,1,22,0.6013715863227844,0.6034669280052185,0.5233402879814767,0.5919887398765035,0.3040313124656677
47,1,23,0.31861183047294617,0.6553817391395569,0.6968324767626297,0.8563165623421627,0.7131404876708984
47,1,24,0.44741958379745483,0.6574323177337646,0.637085895167449,0.8552668518012909,0.7135281562805176
47,1,25,0.3781801462173462,0.8792737722396851,0.6735847869744432,0.9609995065834839,0.39383697509765625
47,1,26,0.5230918526649475,0.8992854356765747,0.552570144448556,0.9607605668138353,0.3927115201950073
47,1,27,0.3168487250804901,1.1047937870025635,0.6134494115667932,1.174857982123586,0.3032955527305603
47,1,28,0.5022991299629211,1.1331032514572144,0.6017722194492989,1.1686445711043785,0.30119070410728455
47,1,29,0.26536667346954346,1.151472568511963,0.5967392016534713,1.2094385018559082,0.3549443781375885
47,1,30,0.45142072439193726,1.1793859004974365,0.6000380048543958,1.1977912454614286,0.36863577365875244
47,1,31,0.4567500054836273,1.1307798624038696,0.6087881759710014,1.2198870910555852,0.2410275638103485
47,1,32,0.41077762842178345,1.1589419841766357,0.573843003051932,1.2318886980284718,0.22827795147895813
47,2,0,0.3321724832057953,0.10664794594049454,0.5227173790311298,0.2219590211260953,0.855404794216156
47,2,1,0.31815674901008606,0.08991893380880356,0.5315128665567184,0.19992752201614333,0.8558651208877563
47,2,2,0.297433465719223,0.09064355492591858,0.5275301059503154,0.20065669245364992,0.8593212962150574
47,2,3,0.2798210084438324,0.09146462380886078,0.5224445449785446,0.20160073640084183,0.8536970615386963
47,2,4,0.37895235419273376,0.08915550261735916,0.5493788082196118,0.19946711347737114,0.8556870222091675
47,2,5,0.4044051468372345,0.08895815163850784,0.5569601014596848,0.20017273286057974,0.859605610370636
47,2,6,0.4221050441265106,0.08893413841724396,0.5631559924306957,0.2006310637830864,0.8604194521903992
47,2,7,0.27475547790527344,0.09882773458957672,0.48133417411637414,0.21637668484840608,0.8510572910308838
47,2,8,0.4446941018104553,0.09550509601831436,0.5779402978117995,0.21709031681578042,0.8683918118476868
47,2,9,0.31704962253570557,0.12387542426586151,0.5145463282512347,0.24742939136356998,0.8356022834777832
47,2,10,0.3742571175098419,0.12377048283815384,0.5267820589755554,0.24780949074708958,0.8333477973937988
47,2,11,0.15327496826648712,0.19235123693943024,0.4787607911910515,0.35315954423222284,0.8087681531906128
47,2,12,0.6778125166893005,0.19911561906337738,0.6246856498099975,0.3527404560149118,0.8588071465492249
47,2,13,0.2228841930627823,0.3478931188583374,0.575671756306169,0.48890762898714263,0.31318584084510803
47,2,14,0.8282940983772278,0.3324469327926636,0.719671623055867,0.4731137237560542,0.41630688309669495
47,2,15,0.23097530007362366,0.4134729504585266,0.5988510419813088,0.5036510930759516,0.1611408293247223
47,2,16,0.5633313059806824,0.4061807692050934,0.6205397809304392,0.48178374594901835,0.29912814497947693
47,2,17,0.23651088774204254,0.43187448382377625,0.6138739886836857,0.5084823593788844,0.16605234146118164
47,2,18,0.5005562901496887,0.42734819650650024,0.6156887831063372,0.4901744606254305,0.2968161702156067
47,2,19,0.26145684719085693,0.41961684823036194,0.636238853543547,0.491663101525038,0.16833671927452087
47,2,20,0.4666898846626282,0.4195358157157898,0.5727934971336648,0.4816015412784677,0.296256422996521
47,2,21,0.2729072868824005,0.4124167859554291,0.6356657398145282,0.48954458803192125,0.16729851067066193
47,2,22,0.47924405336380005,0.4131600260734558,0.5678128641037165,0.4738964030421911,0.2844504714012146
47,2,23,0.29230979084968567,0.4988478124141693,0.5648713620717202,0.7691135598345151,0.7403236031532288
47,2,24,0.5998927354812622,0.49313536286354065,0.63883618603582,0.7650889011299873,0.7406086325645447
47,2,25,0.42565953731536865,0.6669175028800964,0.6280216780181882,0.8021250306154419,0.3938978314399719
47,2,26,0.6445982456207275,0.7083747386932373,0.5506393821009711,0.8089454596693819,0.38826611638069153
47,2,27,0.433247447013855,0.8414306044578552,0.5448133083181274,0.9453904486672583,0.3026261329650879
47,2,28,0.6847119927406311,0.9003850817680359,0.6060974351778446,0.9324841786035482,0.30149292945861816
47,2,29,0.45542845129966736,0.867027759552002,0.5391565619924403,0.968660531733055,0.37026092410087585
47,2,30,0.7095337510108948,0.9316689968109131,0.6104165782864186,0.9571932480673366,0.3841153085231781
47,2,31,0.3839437663555145,0.8782421350479126,0.496486690391267,0.9604106122496469,0.23480013012886047
47,2,32,0.66214919090271,0.9471544027328491,0.5951900738321657,0.9438576056420878,0.22246700525283813
48,1,0,0.45044365525245667,0.12145108729600906,0.6542975220680768,0.21691383829064786,0.8696414232254028
48,1,1,0.4288131296634674,0.0954136922955513,0.6394657760373021,0.18499611203592614,0.8699290156364441
48,1,2,0.42106568813323975,0.09553717076778412,0.6398390682948789,0.18462204407397265,0.8730683922767639
48,1,3,0.4141622483730316,0.09591300040483475,0.6401529049132267,0.18349131198341248,0.8680248260498047
48,1,4,0.4378948509693146,0.09427405148744583,0.6361788609261844,0.18381743764884706,0.8698201179504395
48,1,5,0.43615058064460754,0.09375306218862534,0.6318226116389996,0.18365238892106295,0.8733718395233154
48,1,6,0.4365498423576355,0.09404747933149338,0.6327145859217983,0.18493809718626414,0.874108612537384
48,1,7,0.36062419414520264,0.10866007208824158,0.6000801794665347,0.18928788885871067,0.8656442761421204
48,1,8,0.4048154950141907,0.10798051953315735,0.6031077401456377,0.20395752676313406,0.881279706954956
48,1,9,0.41675958037376404,0.144815593957901,0.6394587853371604,0.24393065441298528,0.851751983165741
48,1,10,0.4248056709766388,0.145176500082016,0.6341179967677752,0.24505380907059188,0.8498327732086182
48,1,11,0.2198391556739807,0.2446453720331192,0.5988141851777349,0.35328119060829244,0.8272764086723328
48,1,12,0.36558660864830017,0.23144671320915222,0.48424243789078614,0.3396746247746614,0.8728932738304138
48,1,13,0.2896544635295868,0.45898422598838806,0.53522780008071,0.5505636778066806,0.2886565327644348
48,1,14,0.4550180435180664,0.4829872250556946,0.46759190737309453,0.5526739838300757,0.472105473279953
48,1,15,0.4630250930786133,0.5765175819396973,0.49416484523088816,0.5928399604143963,0.14650876820087433
48,1,16,0.7551835179328918,0.6562541723251343,0.5623633317154177,0.6046614071837386,0.34223100543022156
48,1,17,0.4877491593360901,0.6043003797531128,0.4919312728195354,0.6090688653800171,0.15152092278003693
48,1,18,0.8130227327346802,0.7059077024459839,0.5775692152719764,0.6281961370387114,0.3309732973575592
48,1,19,0.5103198885917664,0.6011400818824768,0.5133726862954413,0.5966910566982823,0.15350940823554993
48,1,20,0.8231828808784485,0.6978804469108582,0.5804949080763169,0.6154025917959066,0.32839328050613403
48,1,21,0.5107722282409668,0.5936014652252197,0.509360835189175,0.5923688032553948,0.1527354121208191
48,1,22,0.7987090349197388,0.6784771680831909,0.5714205643701987,0.6070043428515791,0.3146078884601593
48,1,23,0.30525755882263184,0.6707460880279541,0.6282266858656506,0.8240047580025441,0.7643797397613525
48,1,24,0.49247312545776367,0.6753165125846863,0.6119339910370832,0.8239387373044976,0.7656137943267822
48,1,25,0.3408189117908478,0.9073001146316528,0.6153834903850143,0.9516856015921049,0.3727995455265045
48,1,26,0.5920424461364746,0.9228994846343994,0.5594136607869011,0.9541967819225196,0.4245571196079254
48,1,27,0.30201253294944763,1.1164357662200928,0.5590128325919487,1.1647236233379201,0.288899302482605
48,1,28,0.5588688254356384,1.1693840026855469,0.5943330075300118,1.1687726256601307,0.3281387686729431
48,1,29,0.25348055362701416,1.1625661849975586,0.5366838052483989,1.2013105522183511,0.3622988760471344
48,1,30,0.4889923334121704,1.2167026996612549,0.580743995896141,1.201068121773569,0.4112614691257477
48,1,31,0.4269375205039978,1.1361005306243896,0.5771247178891177,1.2053416064822429,0.22973386943340302
48,1,32,0.7239172458648682,1.1801812648773193,0.5999481329999686,1.2229207485277,0.2435569316148758
49,1,0,0.5599504113197327,0.12785261869430542,0.637912465504119,0.20144986578935772,0.8820380568504333
49,1,1,0.5346025228500366,0.09737778455018997,0.6212486592224182,0.1697833380808458,0.882308304309845
49,1,2,0.5263196229934692,0.09743472188711166,0.6201131082302187,0.1694843063966343,0.8851617574691772
49,1,3,0.5166341662406921,0.09767290949821472,0.6186830252377641,0.1685918752512768,0.8806829452514648
49,1,4,0.5440003871917725,0.09526244550943375,0.6201713990268417,0.16844160080805887,0.8820512294769287
49,1,5,0.5421876311302185,0.09401941299438477,0.6162580120815171,0.16808888080333592,0.8852306008338928
49,1,6,0.5417426824569702,0.09271697700023651,0.6169172182412846,0.1689239614237783,0.8858953714370728
49,1,7,0.4701835513114929,0.11109768599271774,0.5774975631145417,0.17571594609659466,0.8786974549293518
49,1,8,0.5076345801353455,0.10703793168067932,0.5865264332352873,0.18712513913281714,0.8926428556442261
49,1,9,0.5313131809234619,0.15209046006202698,0.6206695986407548,0.22798286541496304,0.8662145733833313
49,1,10,0.5376648902893066,0.15131601691246033,0.6173660565063408,0.22877557646641147,0.864551842212677
49,1,11,0.2967054843902588,0.26651376485824585,0.5460219072143855,0.33821663685249725,0.8442159295082092
49,1,12,0.4673657715320587,0.24545098841190338,0.4813183636961788,0.32331181469398634,0.8855686187744141
49,1,13,0.24713583290576935,0.4961825907230377,0.4849063511503359,0.5411310787084369,0.27011170983314514
49,1,14,0.5323605537414551,0.5049628615379333,0.4788297798043101,0.5443999623437028,0.5167590975761414
49,1,15,0.3571169972419739,0.6725743412971497,0.47033380421351484,0.6066805696628906,0.1361011564731598
49,1,16,0.6617602705955505,0.7078196406364441,0.5796276240223187,0.6225802699459164,0.3781352639198303
49,1,17,0.3476714491844177,0.7009080648422241,0.4668407534204523,0.6250164149073314,0.1415010392665863
49,1,18,0.6994339227676392,0.7620283365249634,0.5987503563352593,0.6514643934582802,0.36048683524131775
49,1,19,0.4077228307723999,0.7129623889923096,0.4950186681833764,0.6168958878890349,0.14305227994918823
49,1,20,0.7010574340820312,0.7603889107704163,0.601448870331981,0.6406184388819153,0.3551265001296997
49,1,21,0.4017113447189331,0.7017092108726501,0.49065830220282697,0.61136531523119,0.14278486371040344
49,1,22,0.6724672317504883,0.7470859885215759,0.5889723254090603,0.6313637079505652,0.33874958753585815
49,1,23,0.35332512855529785,0.6662822961807251,0.5802278018770274,0.7965641749355094,0.7867316007614136
49,1,24,0.5464600920677185,0.6643041968345642,0.6005733245511271,0.7961638025003792,0.7879311442375183
49,1,25,0.3309738039970398,0.9209043979644775,0.5657103446378987,0.9463503901743832,0.35539042949676514
49,1,26,0.6711375713348389,0.904708981513977,0.5788258276557233,0.9456143107972357,0.43891921639442444
49,1,27,0.3012997806072235,1.1563454866409302,0.5140380028688648,1.163272459454024,0.2736397087574005
49,1,28,0.7036702036857605,1.1761130094528198,0.6133291685613391,1.1700440770164766,0.33160826563835144
49,1,29,0.2586146593093872,1.207849383354187,0.4881270024983957,1.202443154669193,0.3519962728023529
49,1,30,0.6445629596710205,1.2321864366531372,0.5918167552185414,1.2064620859423403,0.417907178401947
49,1,31,0.420749306678772,1.1685888767242432,0.5499175530021501,1.198970226837773,0.21938957273960114
49,1,32,0.9267328381538391,1.185179352760315,0.6570918812679483,1.2163777353255332,0.23981906473636627
