frame_id,person_id,landmark_id,raw_x,raw_y,filtered_x,filtered_y,visibility
3,1,0,0.7399082779884338,0.18329381942749023,0.7399082779884338,0.18329381942749023,0.9148090481758118
3,1,1,0.6544654369354248,0.14825281500816345,0.6544654369354248,0.14825281500816345,0.8145610690116882
3,1,2,0.6706194877624512,0.14207696914672852,0.6706194877624512,0.14207696914672852,0.8486778736114502
3,1,3,0.6873999834060669,0.13590991497039795,0.6873999834060669,0.13590991497039795,0.800341784954071
3,1,4,0.5913379192352295,0.16700530052185059,0.5913379192352295,0.16700530052185059,0.8653485774993896
3,1,5,0.5595334768295288,0.17554965615272522,0.5595334768295288,0.17554965615272522,0.9093936681747437
3,1,6,0.5277099609375,0.18416760861873627,0.5277099609375,0.18416760861873627,0.8886516690254211
3,1,7,0.6485943794250488,0.14973828196525574,0.6485943794250488,0.14973828196525574,0.7937754392623901
3,1,8,0.44238829612731934,0.21561788022518158,0.44238829612731934,0.21561788022518158,0.9630133509635925
3,1,9,0.8097935914993286,0.20370422303676605,0.8097935914993286,0.20370422303676605,0.9578462839126587
3,1,10,0.7104289531707764,0.23147262632846832,0.7104289531707764,0.23147262632846832,0.9861119985580444
3,1,11,0.9510051012039185,0.21192286908626556,0.9510051012039185,0.21192286908626556,0.9783238768577576
3,1,12,0.464963436126709,0.4574199914932251,0.464963436126709,0.4574199914932251,0.996867835521698
3,1,13,1.4880176782608032,0.2924973666667938,1.4880176782608032,0.2924973666667938,0.5341096520423889
3,1,14,0.6638891696929932,0.7644579410552979,0.6638891696929932,0.7644579410552979,0.9623182415962219
3,1,15,1.9571404457092285,0.35303211212158203,1.9571404457092285,0.35303211212158203,0.2531690299510956
3,1,16,0.8106216192245483,0.9635107517242432,0.8106216192245483,0.9635107517242432,0.3761799931526184
3,1,17,2.0993056297302246,0.3605988621711731,2.0993056297302246,0.3605988621711731,0.1748761236667633
3,1,18,0.8377836346626282,1.0263830423355103,0.8377836346626282,1.0263830423355103,0.23497961461544037
3,1,19,2.1131696701049805,0.3694179356098175,2.1131696701049805,0.3694179356098175,0.18454207479953766
3,1,20,0.8224113583564758,1.0195385217666626,0.8224113583564758,1.0195385217666626,0.2613191604614258
3,1,21,2.0570132732391357,0.3814690411090851,2.0570132732391357,0.3814690411090851,0.21526481211185455
3,1,22,0.8343097567558289,0.995432436466217,0.8343097567558289,0.995432436466217,0.27435094118118286
3,1,23,1.687200665473938,0.49601495265960693,1.687200665473938,0.49601495265960693,0.7004691362380981
3,1,24,1.453166127204895,0.6404399275779724,1.453166127204895,0.6404399275779724,0.5945246815681458
3,1,25,2.3429739475250244,0.6762675642967224,2.3429739475250244,0.6762675642967224,0.2390887588262558
3,1,26,2.107809066772461,0.814683198928833,2.107809066772461,0.814683198928833,0.37661445140838623
3,1,27,2.9152770042419434,0.8110917806625366,2.9152770042419434,0.8110917806625366,0.02860543318092823
3,1,28,2.638819694519043,0.9387000799179077,2.638819694519043,0.9387000799179077,0.0716133713722229
3,1,29,2.994169235229492,0.8374694585800171,2.994169235229492,0.8374694585800171,0.02096627652645111
3,1,30,2.697702407836914,0.9648935794830322,2.697702407836914,0.9648935794830322,0.10269720107316971
3,1,31,3.11362624168396,0.8516957759857178,3.11362624168396,0.8516957759857178,0.032311514019966125
3,1,32,2.884415864944458,0.9448222517967224,2.884415864944458,0.9448222517967224,0.0455995537340641
4,1,0,0.7378619909286499,0.233612060546875,0.7395538991831214,0.19202064490117657,0.8815873265266418
4,1,1,0.6671515107154846,0.19535253942012787,0.6566631313826413,0.15642065578229142,0.7813633680343628
4,1,2,0.6854099035263062,0.18753983080387115,0.6731818936519798,0.1499605646467016,0.8087472319602966
4,1,3,0.7042051553726196,0.1798451840877533,0.6903116174888428,0.14352826538867244,0.7639107704162598
4,1,4,0.5983937382698059,0.21751463413238525,0.5925600397091612,0.17576531789647437,0.8392224311828613
4,1,5,0.5661851763725281,0.22594445943832397,0.5606855867983728,0.18428978008259161,0.8826494812965393
4,1,6,0.5341533422470093,0.23438918590545654,0.5288259820845437,0.19287764416683112,0.8672628998756409
4,1,7,0.6357115507125854,0.17637231945991516,0.6463625865925726,0.15435421045316813,0.7527734041213989
4,1,8,0.44834762811660767,0.25983160734176636,0.4434204628470136,0.2232845791712658,0.9439021348953247
4,1,9,0.7895062565803528,0.24159859120845795,0.8062782763287527,0.21027389335974894,0.9452404379844666
4,1,10,0.704421877861023,0.2799605429172516,0.7093885157312732,0.23988155196104588,0.9819623231887817
4,1,11,0.9240373969078064,0.23782876133918762,0.9463312982924048,0.21641250498712933,0.9758649468421936
4,1,12,0.5534476041793823,0.5044906735420227,0.48032704807888754,0.4655827887460862,0.9966453313827515
4,1,13,1.533489465713501,0.29670342803001404,1.4959028236717014,0.2932258254531338,0.5356029868125916
4,1,14,0.7306123971939087,0.7624098658561707,0.6754668505932294,0.7641032525584878,0.9370536804199219
4,1,15,1.9828096628189087,0.3528258204460144,1.961589032861744,0.35299638822209867,0.23207345604896545
4,1,16,0.790530264377594,0.9540032744407654,0.8071402832610417,0.9618638644021599,0.3581121265888214
4,1,17,2.122616767883301,0.3599156439304352,2.103345265391011,0.36048054634628474,0.16011151671409607
4,1,18,0.7981449961662292,1.0134189128875732,0.8309112038689638,1.0241371596557278,0.22601579129695892
4,1,19,2.1286089420318604,0.367443710565567,2.115844541001578,0.3690760373441506,0.16901516914367676
4,1,20,0.7841293215751648,1.0064069032669067,0.8157744014690055,1.0172636121317429,0.2515776753425598
4,1,21,2.0701258182525635,0.37939706444740295,2.059284877298592,0.38111021306605947,0.19727908074855804
4,1,22,0.8074430227279663,0.9807928204536438,0.8296534672344709,0.992896167783609,0.2643841803073883
4,1,23,1.773113489151001,0.532535970211029,1.702116662811712,0.5023462669116316,0.6489288210868835
4,1,24,1.501386284828186,0.6922036409378052,1.4615285500549828,0.6494178344704832,0.5533109307289124
4,1,25,2.507540702819824,0.721014678478241,2.371612960924674,0.684026877233942,0.23924066126346588
4,1,26,2.2698628902435303,0.8659572005271912,2.1360086468019426,0.8235760394742994,0.355804979801178
4,1,27,3.1824731826782227,0.8794113397598267,2.961918678749464,0.822947021218267,0.03034713678061962
4,1,28,2.9256861209869385,1.0172603130340576,2.6889242800946658,0.9523365319590564,0.06894306093454361
4,1,29,3.2660136222839355,0.9061225056648254,3.041628856639748,0.8493826871838878,0.021291419863700867
4,1,30,2.9932329654693604,1.0445427894592285,2.7493335692598135,0.9787195068488468,0.09861397743225098
4,1,31,3.3891258239746094,0.9384547472000122,3.161729226309653,0.8667590614481809,0.0319424644112587
4,1,32,3.187737226486206,1.0393259525299072,2.9374203902016123,0.9612340010712346,0.04293674975633621
5,1,0,0.7200328707695007,0.2267640382051468,0.7361714446697675,0.1980434696639746,0.8496956825256348
5,1,1,0.6629995107650757,0.19236542284488678,0.6577606158367522,0.16265196512277127,0.7531961798667908
5,1,2,0.664711594581604,0.18075218796730042,0.6717147123590943,0.15529770982252378,0.7769138216972351
5,1,3,0.6834298372268677,0.17335255444049835,0.6891196481166711,0.14869759120163503,0.7370494604110718
5,1,4,0.6083282232284546,0.21210983395576477,0.5952919219230736,0.18206600282707175,0.8167163133621216
5,1,5,0.5813374519348145,0.2196207195520401,0.564264105645177,0.19041456499474213,0.8580919504165649
5,1,6,0.5546236038208008,0.22722969949245453,0.533296839589901,0.1988325598659517,0.8489805459976196
5,1,7,0.6188093423843384,0.17360611259937286,0.6415872190040985,0.15769000622135543,0.735867977142334
5,1,8,0.4591454565525055,0.25110992789268494,0.44614485876228194,0.228107147085896,0.9257320165634155
5,1,9,0.7608579397201538,0.23812267184257507,0.7984020645308327,0.21510052502311347,0.9229879379272461
5,1,10,0.6851680874824524,0.2740376889705658,0.7051911926325286,0.24580247030744767,0.9679652452468872
5,1,11,0.8126596808433533,0.1980687975883484,0.9230903252871185,0.21323416041610557,0.9693406224250793
5,1,12,0.5233427286148071,0.4361630380153656,0.4877857456292171,0.4604836452087971,0.992560625076294
5,1,13,1.254414677619934,0.20819035172462463,1.453780970545439,0.27846253979514185,0.4944603741168976
5,1,14,0.6820691823959351,0.6428971290588379,0.6766104089046804,0.7430374642437003,0.8896616101264954
5,1,15,1.3451447486877441,0.25874635577201843,1.8528679326020745,0.3366288159579949,0.21172814071178436
5,1,16,0.6544539332389832,0.7018581032752991,0.7805782026628001,0.9164870485007682,0.35270845890045166
5,1,17,1.4009149074554443,0.2716703712940216,1.979147063084405,0.34506017882013235,0.1470213383436203
5,1,18,0.6370151042938232,0.7265354990959167,0.7971385480789932,0.97214096394818,0.22854556143283844
5,1,19,1.3427273035049438,0.2647830843925476,1.9788661046907956,0.3509589526146712,0.1555681675672531
5,1,20,0.5909079313278198,0.7083504796028137,0.7765711869827492,0.9632729799557358,0.25555750727653503
5,1,21,1.3216108083724976,0.27086299657821655,1.9287209992638654,0.36195537945196726,0.18139080703258514
5,1,22,0.6167997717857361,0.6945469975471497,0.7925578412260257,0.9407682118337565,0.267813116312027
5,1,23,1.6972538232803345,0.49772101640701294,1.7012744392373156,0.5015451977319575,0.609052300453186
5,1,24,1.4474636316299438,0.660912275314331,1.45909188893793,0.6514090238016562,0.5231512188911438
5,1,25,2.373414993286133,0.6745991110801697,2.371925038395595,0.6823938019155661,0.2629872262477875
5,1,26,2.1594350337982178,0.8193376660346985,2.140068284886549,0.8228419840637371,0.3526093065738678
5,1,27,2.9719653129577637,0.8245753645896912,2.963659006566351,0.8232290166236601,0.03245319053530693
5,1,28,2.7247912883758545,0.9861646890640259,2.6951421725088,0.9582005412042344,0.07384053617715836
5,1,29,3.0537703037261963,0.837608277797699,3.0437321915728575,0.8473429839199405,0.02234521508216858
5,1,30,2.785860776901245,0.9969096779823303,2.7556660441018743,0.9818712376921963,0.099344402551651
5,1,31,3.168484687805176,0.923315703868866,3.162899325930011,0.8765696767646655,0.03116903081536293
5,1,32,2.963815450668335,1.0093730688095093,2.9419949345892498,0.9695823525025603,0.04143974557518959
6,1,0,0.7802709341049194,0.22716963291168213,0.7438183080253876,0.20309168734250502,0.8639652729034424
6,1,1,0.7358397841453552,0.18430688977241516,0.6713133698318685,0.1664044072366875,0.7734400033950806
6,1,2,0.7240188121795654,0.1754189431667328,0.6807864911974506,0.15878422757080127,0.7976226806640625
6,1,3,0.7295390963554382,0.16960249841213226,0.6961276178637285,0.15231998565352112,0.7587236166000366
6,1,4,0.667072594165802,0.2028154581785202,0.607749049694202,0.1856614443797639,0.8317888975143433
6,1,5,0.6313733458518982,0.21196435391902924,0.5759089023120854,0.19414877715306017,0.8713347911834717
6,1,6,0.5960859060287476,0.22362452745437622,0.5441905887402043,0.20312900483988325,0.8610494136810303
6,1,7,0.6382268071174622,0.17275381088256836,0.6410052351804112,0.1602997979459959,0.7589861750602722
6,1,8,0.4808007776737213,0.22820226848125458,0.4521525017988362,0.22812361937965214,0.9324404001235962
6,1,9,0.7747414112091064,0.23274363577365875,0.7943018160703769,0.21815741678393266,0.9293730854988098
6,1,10,0.7220190763473511,0.26544860005378723,0.7081067634207183,0.2492066158712809,0.9706305265426636
6,1,11,0.7759594321250916,0.1963385045528412,0.8974988758921778,0.21030684139638298,0.9720863699913025
6,1,12,0.5002304911613464,0.4625490605831146,0.489941620322133,0.4608413369417354,0.9932233095169067
6,1,13,1.202287197113037,0.23102544248104095,1.4099004139710227,0.2702361006446256,0.5138572454452515
6,1,14,0.6578269600868225,0.6674726009368896,0.6733558305620155,0.7299220945981033,0.8898216485977173
6,1,15,1.4754536151885986,0.2659926116466522,1.786767045654974,0.32437070821808894,0.28163567185401917
6,1,16,0.6823644638061523,0.7751971483230591,0.7635202010549181,0.8919156632115868,0.3277188539505005
6,1,17,1.5676186084747314,0.2725665271282196,1.9069973885077396,0.3324790337210179,0.21909724175930023
6,1,18,0.7788829803466797,0.809023380279541,0.7939754639531665,0.9437549826866322,0.2152995616197586
6,1,19,1.5755506753921509,0.2575487196445465,1.9081723772224817,0.334737601400445,0.22665701806545258
6,1,20,0.605837345123291,0.7086592316627502,0.7468532258665098,0.9188436604849181,0.24183806777000427
6,1,21,1.5294667482376099,0.26959675550460815,1.8587480931270774,0.3459171495652698,0.24889826774597168
6,1,22,0.6334086656570435,0.6928635239601135,0.7648659143845224,0.897518278347609,0.2513800859451294
6,1,23,1.5702201128005981,0.5060005784034729,1.6784903317966704,0.5023168426966915,0.6412383317947388
6,1,24,1.3823256492614746,0.6610363721847534,1.4457675574963198,0.653076681843047,0.5633080005645752
6,1,25,2.2686405181884766,0.7125692367553711,2.353983736163773,0.6876240452909115,0.32622960209846497
6,1,26,2.0722804069519043,0.8434224724769592,2.128305533350025,0.8264081284082362,0.4110473692417145
6,1,27,2.8468117713928223,0.8485842347145081,2.9433536337651733,0.8276231475892202,0.07726848870515823
6,1,28,2.6731789112091064,1.013511300086975,2.691336308543574,0.9677946784739702,0.15011000633239746
6,1,29,2.9013772010803223,0.8650048971176147,3.018975286832928,0.8504031360300235,0.0460299588739872
6,1,30,2.727156400680542,1.0338046550750732,2.750724833920827,0.9908786317823269,0.1679009646177292
6,1,31,3.047093629837036,0.9240491390228271,3.142775587363393,0.8848034760597063,0.08905040472745895
6,1,32,2.904527425765991,1.0523748397827148,2.9354994290619993,0.9839552818396451,0.10700956732034683
7,1,0,0.7787100076675415,0.22418858110904694,0.749866868014271,0.2067473708613088,0.870354413986206
7,1,1,0.745437502861023,0.181122824549675,0.6841781075003566,0.16895433525994163,0.7884281873703003
7,1,2,0.7373778820037842,0.1749362349510193,0.6906031371822412,0.1615826417413701,0.8092220425605774
7,1,3,0.732547402381897,0.16826489567756653,0.70244136484749,0.1550825019575218,0.7737404704093933
7,1,4,0.7178384065628052,0.19995467364788055,0.6268763817754773,0.18813767810954213,0.8443464636802673
7,1,5,0.7012938261032104,0.20998813211917877,0.5977037123370857,0.19689299725589418,0.8805675506591797
7,1,6,0.68374103307724,0.22263166308403015,0.5684579696323357,0.20650827619572967,0.871680736541748
7,1,7,0.62616366147995,0.1717209368944168,0.6384339620393108,0.1622782842703616,0.7776814699172974
7,1,8,0.5596516728401184,0.2278462052345276,0.4708283460315207,0.22807557898667316,0.9382382035255432
7,1,9,0.7755318880081177,0.2304695099592209,0.791049578578675,0.22029030071306707,0.9278092980384827
7,1,10,0.7537986636161804,0.2624281644821167,0.7160301300725265,0.2514971121670076,0.969708263874054
7,1,11,0.5524590015411377,0.19534704089164734,0.8371291714983132,0.20771507675150352,0.9723213315010071
7,1,12,0.5048564672470093,0.45541319251060486,0.49252559613356656,0.45990118796651835,0.9931337237358093
7,1,13,0.7086926102638245,0.23936057090759277,1.2859207163759327,0.26488439325015684,0.4680534899234772
7,1,14,0.6571269631385803,0.6809884905815125,0.6705440958637485,0.7214357393012903,0.8851107358932495
7,1,15,0.7141618132591248,0.28084954619407654,1.5950598419327644,0.31682424298005096,0.2570318281650543
7,1,16,0.6885926127433777,0.770068347454071,0.7505156586174522,0.8707377784145599,0.3487824499607086
7,1,17,0.7110710144042969,0.31938931345939636,1.692488036802382,0.33021138117611964,0.20015184581279755
7,1,18,0.7589297890663147,0.7931665182113647,0.7879001546164198,0.9175590972716983,0.23794503509998322
7,1,19,0.713973879814148,0.2984198331832886,1.6939810010726895,0.3284415436053211,0.20694029331207275
7,1,20,0.6088808178901672,0.7712120413780212,0.7228611405350344,0.8931642318658202,0.2656265199184418
7,1,21,0.7100514769554138,0.2856827974319458,1.6529875569438552,0.3354674085479824,0.2270868569612503
7,1,22,0.6304492354393005,0.7532603740692139,0.7414946523401902,0.872428245664525,0.272316038608551
7,1,23,1.2883155345916748,0.495401531457901,1.610132608273278,0.5011190644510386,0.6726866960525513
7,1,24,1.2241990566253662,0.6353091597557068,1.4071430871075112,0.6499982246641077,0.6038538813591003
7,1,25,1.5304192304611206,0.5519270896911621,2.207853210266771,0.6640295166420932,0.3149683475494385
7,1,26,1.481676459312439,0.7553502917289734,2.014160200321837,0.8140767166501524,0.42684778571128845
7,1,27,1.739907145500183,0.7293634414672852,2.727468642266092,0.8105572118495074,0.08050602674484253
7,1,28,1.567665934562683,0.9199097752571106,2.4902229147229655,0.9594904902315607,0.1709091067314148
7,1,29,1.729257345199585,0.7628703117370605,2.7870436163030883,0.8352051482602406,0.0516912080347538
7,1,30,1.4969372749328613,0.9467466473579407,2.525486416672506,0.9832261346017429,0.1826305240392685
7,1,31,1.9744446277618408,0.7804916501045227,2.9334005041570754,0.866683130980502,0.09145563840866089
7,1,32,1.8133419752120972,1.0039838552474976,2.7346656890208325,0.9874257408586,0.1267804503440857
8,1,0,0.7872549891471863,0.2311360090970993,0.756348675394556,0.21097386779556376,0.882790207862854
8,1,1,0.7469785213470459,0.1866610199213028,0.6950738460358648,0.17202224823774442,0.8091356158256531
8,1,2,0.7392829656600952,0.1820296198129654,0.6990454006925981,0.16512563762259866,0.8278428316116333
8,1,3,0.7292307019233704,0.17820660769939423,0.707084231900985,0.15908970532004263,0.7958756685256958
8,1,4,0.734017014503479,0.19912999868392944,0.6454897812764714,0.19004185615770247,0.8596029281616211
8,1,5,0.7181435227394104,0.20576633512973785,0.6186358989385385,0.1984300102164516,0.8922152519226074
8,1,6,0.6998034715652466,0.21562615036964417,0.5912930015110873,0.2080876586575592,0.8842241764068604
8,1,7,0.6178869605064392,0.19105051457881927,0.6348736245448373,0.16726510260781247,0.7997421026229858
8,1,8,0.5827972292900085,0.22618259489536285,0.4902833504998795,0.22774775099501626,0.9443321228027344
8,1,9,0.7767022848129272,0.255253404378891,0.788563974709054,0.22635125187272576,0.9345412850379944
8,1,10,0.7624652981758118,0.2712160646915436,0.7240825680254457,0.25491388317209307,0.9725483655929565
8,1,11,0.5491756796836853,0.2686196565628052,0.7868319312599699,0.21828127326600205,0.9745430946350098
8,1,12,0.5120099186897278,0.45565417408943176,0.4959016900016162,0.45916563567452756,0.9937100410461426
8,1,13,0.7128239870071411,0.35285723209381104,1.1849641606488386,0.280158970078331,0.43236857652664185
8,1,14,0.5919337868690491,0.7265745997428894,0.6568989354349385,0.7223257745712073,0.888931393623352
8,1,15,0.7222593426704407,0.37208274006843567,1.4399358574364054,0.3264092725013639,0.24396561086177826
8,1,16,0.5860090255737305,0.8156408667564392,0.7218870270538448,0.8611806896055082,0.38306403160095215
8,1,17,0.7301090955734253,0.39228296279907227,1.5209897346819676,0.3409803989208073,0.19212836027145386
8,1,18,0.5929630994796753,0.857041597366333,0.7539449923426024,0.9070600030913791,0.2746242880821228
8,1,19,0.6924608945846558,0.3688114881515503,1.515304393539953,0.33544090227111567,0.19863206148147583
8,1,20,0.5301270484924316,0.8437753319740295,0.6892916443276822,0.8845986350344182,0.30461591482162476
8,1,21,0.6898753643035889,0.36260154843330383,1.4813570943106358,0.3401700661368239,0.2157624363899231
8,1,22,0.5429245233535767,0.8257510662078857,0.7069026877779057,0.8643336158504096,0.30732375383377075
8,1,23,1.3399121761322021,0.5773200392723083,1.5629575979787027,0.5143450637123288,0.6976710557937622
8,1,24,1.333932638168335,0.6832884550094604,1.3944371812030432,0.6557688883857604,0.6380122303962708
8,1,25,1.7759147882461548,0.6440083980560303,2.132077508910723,0.6605603492157666,0.292865127325058
8,1,26,1.8052936792373657,0.7547922730445862,1.977761491012085,0.8037920879372464,0.42410755157470703
8,1,27,2.1979451179504395,0.7929068803787231,2.634295439181157,0.8074990661848671,0.07587607949972153
8,1,28,2.1889657974243164,0.9203242063522339,2.4375725190579476,0.9527000559642476,0.1668999195098877
8,1,29,2.2351796627044678,0.833996057510376,2.689872492054554,0.8349957613747732,0.05465421825647354
8,1,30,2.1240200996398926,0.9628735780715942,2.455110740028198,0.9796995134184999,0.1916629523038864
8,1,31,2.3640904426574707,0.7940726280212402,2.8331107782511866,0.8540816728755413,0.0898708775639534
8,1,32,2.5362296104431152,0.9404780864715576,2.7000911593677053,0.9792843247533694,0.12767797708511353
9,1,0,0.7747603058815002,0.218055859208107,0.7595387973413172,0.21220052314008095,0.8858858346939087
9,1,1,0.75490802526474,0.1804344207048416,0.7054540291376796,0.17347935923438917,0.8226131200790405
9,1,2,0.749890923500061,0.17593838274478912,0.7078638231055164,0.1669986979153696,0.8391218185424805
9,1,3,0.7452384829521179,0.1712993085384369,0.7136990123408165,0.16120482806984995,0.811103343963623
9,1,4,0.7180648446083069,0.1913531869649887,0.6580851199658803,0.19026894930063154,0.8681869506835938
9,1,5,0.6968525052070618,0.1969221532344818,0.6322126298973042,0.198168881801368,0.8965174555778503
9,1,6,0.673904299736023,0.2040904313325882,0.6056344580520967,0.20739537302041483,0.8901837468147278
9,1,7,0.6186879873275757,0.16710522770881653,0.632069381657727,0.1672374168304995,0.8158075213432312
9,1,8,0.5876942873001099,0.21222081780433655,0.507201511313772,0.22505768616903044,0.9467284679412842
9,1,9,0.6992267966270447,0.25013482570648193,0.7730518518341529,0.23047281710659195,0.9371002912521362
9,1,10,0.695499062538147,0.25864025950431824,0.7191284912937514,0.25555925500256194,0.9727452397346497
9,1,11,0.4777746796607971,0.24250294268131256,0.7328141573818181,0.22247881385345916,0.9742082357406616
9,1,12,0.3347216248512268,0.4021090567111969,0.46785491111903793,0.4492681627046939,0.9925875663757324
9,1,13,0.6984549760818481,0.3351562023162842,1.0994757296780164,0.2896986263437595,0.39928075671195984
9,1,14,0.4330080449581146,0.6294508576393127,0.6178669190462329,0.7061976350932754,0.8687099814414978
9,1,15,0.8136105537414551,0.3445199728012085,1.32940599929302,0.32954721976668333,0.226644828915596
9,1,16,0.45176491141319275,0.6453549861907959,0.674730123386667,0.8235633902307427,0.3789913058280945
9,1,17,0.8401659727096558,0.35553520917892456,1.4006420087489755,0.34350196712633957,0.1798260509967804
9,1,18,0.4708496928215027,0.6468912363052368,0.7045041492906857,0.8616538814740121,0.277393639087677
9,1,19,0.8333652019500732,0.3334711492061615,1.3947532205369924,0.33509977789482576,0.18617033958435059
9,1,20,0.4183477759361267,0.632753312587738,0.6419897574131159,0.8406558566695684,0.3084585666656494
9,1,21,0.8138212561607361,0.33737266063690186,1.3634052475677823,0.3396855955319715,0.20182844996452332
9,1,22,0.41984763741493225,0.6283196806907654,0.6567641186345595,0.8231725888595434,0.31160011887550354
9,1,23,1.1457659006118774,0.5228247046470642,1.4898059918133368,0.5158138650860089,0.7177222371101379
9,1,24,1.07646644115448,0.6311122179031372,1.3388481394437493,0.6514959114260496,0.6657291054725647
9,1,25,1.5030243396759033,0.5912125706672668,2.0210790923781055,0.6485262880829148,0.2887119948863983
9,1,26,1.4144436120986938,0.7258056402206421,1.878559115692471,0.7902554530403576,0.4162290394306183
9,1,27,1.8690441846847534,0.716632068157196,2.498711964588558,0.7917205805275538,0.07920932024717331
9,1,28,1.905274748802185,0.7944757342338562,2.3439080901193754,0.92517001962399,0.16138383746147156
9,1,29,1.8913116455078125,0.7466406226158142,2.548245879746001,0.8196546026697966,0.06233838573098183
9,1,30,1.9195525646209717,0.8137169480323792,2.3608589253890697,0.9508129034858311,0.18874883651733398
9,1,31,2.0886144638061523,0.7303264737129211,2.701284789342826,0.8325711869539127,0.09391491115093231
9,1,32,2.1923093795776367,0.7963957786560059,2.610805814905617,0.9474394615829415,0.12751725316047668
10,1,0,0.6490359306335449,0.21295972168445587,0.7403394087737635,0.21233199715852916,0.8808816075325012
10,1,1,0.6517907977104187,0.1718234270811081,0.696146159645906,0.17319258609295232,0.8214767575263977
10,1,2,0.6600040197372437,0.1670418679714203,0.6995639940643295,0.16700617371721485,0.8344674706459045
10,1,3,0.6674540638923645,0.16181710362434387,0.705679613979664,0.16131085825625852,0.8094110488891602
10,1,4,0.6084685921669006,0.1817595213651657,0.649480210743527,0.18879498900629138,0.8654423356056213
10,1,5,0.5841392874717712,0.1853960156440735,0.6238757459143953,0.19595614666553793,0.890324592590332
10,1,6,0.5595463514328003,0.1896878182888031,0.5976423366637971,0.20432731157707978,0.8875373601913452
10,1,7,0.584097683429718,0.14794297516345978,0.6237501075455039,0.16389424700214167,0.815962553024292
10,1,8,0.4507346451282501,0.19280274212360382,0.49740655064360456,0.2194666589409114,0.9401907324790955
10,1,9,0.615302562713623,0.23736672103405,0.7456048062657499,0.2316668873832795,0.9345511198043823
10,1,10,0.5637491941452026,0.24296268820762634,0.6920957688569723,0.2533770730525298,0.9703554511070251
10,1,11,0.493468701839447,0.1961902379989624,0.6910669709725006,0.21792280683141127,0.9728554487228394
10,1,12,0.20125338435173035,0.37690186500549316,0.4213177066066237,0.4367091775057132,0.9908669590950012
10,1,13,0.6897407174110413,0.3129017651081085,1.0276396891599944,0.29371953611264257,0.3741687536239624
10,1,14,0.2647484242916107,0.5767687559127808,0.5560687934944952,0.6836971166441169,0.852950930595398
10,1,15,0.8319705128669739,0.3315391540527344,1.2419526034776849,0.3298921848275958,0.21326501667499542
10,1,16,0.2915671765804291,0.6321693062782288,0.6076137114061841,0.7902284999894077,0.39236128330230713
10,1,17,0.8490174412727356,0.3435140550136566,1.3035001602236242,0.3435040603948309,0.17098696529865265
10,1,18,0.2886180579662323,0.6460726261138916,0.6315851403759489,0.8240790215762694,0.29658418893814087
10,1,19,0.8371679782867432,0.3293851912021637,1.2965428862881907,0.3341100072866402,0.17784683406352997
10,1,20,0.26401662826538086,0.6409241557121277,0.575792149888628,0.8058598417819643,0.3309711515903473
10,1,21,0.8233781456947327,0.33806112408638,1.2683391883523363,0.33940427035681864,0.19286438822746277
10,1,22,0.28111329674720764,0.6253014802932739,0.5909777036557082,0.7887026992325127,0.33799463510513306
10,1,23,0.9313560724258423,0.44159311056137085,1.3914754436243144,0.5029323441108953,0.7428358197212219
10,1,24,0.7901484966278076,0.5546757578849792,1.2422650700827682,0.634680718007718,0.6965032815933228
10,1,25,1.0565810203552246,0.5765265226364136,1.8492156509778777,0.6360310243017794,0.28792253136634827
10,1,26,0.923294723033905,0.7162758708000183,1.7083960649807712,0.7774158488293266,0.4148392379283905
10,1,27,1.1086664199829102,0.7066688537597656,2.2479569426032144,0.776954436088091,0.08912727236747742
10,1,28,0.8971014618873596,0.8227419853210449,2.0825167844543135,0.9073778253025282,0.16364726424217224
10,1,29,1.0766794681549072,0.7263140678405762,2.2821628953529336,0.8034453882768562,0.07163388282060623
10,1,30,0.8487470746040344,0.8341935873031616,2.087153488018715,0.9305470104712029,0.19077785313129425
10,1,31,1.247517466545105,0.7610344290733337,2.438563075725446,0.8201564389646774,0.10185365378856659
10,1,32,1.0158591270446777,0.8588042259216309,2.3214465556563812,0.9320494862356491,0.13589894771575928
11,1,0,0.5374833345413208,0.21280956268310547,0.7049966282342853,0.212414698742315,0.890936553478241
11,1,1,0.5338535904884338,0.17488758265972137,0.6679048719299707,0.17348612491119847,0.8376543521881104
11,1,2,0.5406758189201355,0.1716611683368683,0.6719179136227744,0.16781239553151459,0.8493552207946777
11,1,3,0.5473665595054626,0.16831381618976593,0.6781340611889899,0.1625238212072747,0.8270310759544373
11,1,4,0.5051916241645813,0.18251529335975647,0.6243854207883107,0.18770732454819003,0.8773300051689148
11,1,5,0.4885098934173584,0.1856045424938202,0.6003391006207796,0.1941629944364155,0.899592399597168
11,1,6,0.4716387689113617,0.1897212415933609,0.5757397003975303,0.2017968577839705,0.8972669243812561
11,1,7,0.5016145706176758,0.16692419350147247,0.6025221849203045,0.16441899288066394,0.8330655097961426
11,1,8,0.3993523120880127,0.19559171795845032,0.4803764497665959,0.2153292504394818,0.9445732831954956
11,1,9,0.5273920297622681,0.23650068044662476,0.707568949567098,0.2325040807727546,0.9404817223548889
11,1,10,0.4849652349948883,0.23829853534698486,0.656003597272886,0.2507647287289005,0.9726556539535522
11,1,11,0.4473944306373596,0.22140055894851685,0.64855949596255,0.21852511484658524,0.9744821190834045
11,1,12,0.24676980078220367,0.37013956904411316,0.39093223494969176,0.4251581918084611,0.9906832575798035
11,1,13,0.6214195489883423,0.30876463651657104,0.9564271485350302,0.2963260870940239,0.3581951856613159
11,1,14,0.3273509740829468,0.5434911847114563,0.5161885253575565,0.6593151606125842,0.8323501348495483
11,1,15,0.7850877642631531,0.3361721634864807,1.161729105650385,0.33097989783320697,0.21229684352874756
11,1,16,0.349869966506958,0.6508132815361023,0.5626330067243682,0.7659842922864804,0.40112364292144775
11,1,17,0.8238412141799927,0.3436281681060791,1.219211771361538,0.3435255522872876,0.17413468658924103
11,1,18,0.3253883123397827,0.6813215017318726,0.5780712462264235,0.799250942243527,0.3123852610588074
11,1,19,0.7529744505882263,0.3349824547767639,1.2008428544760492,0.334261093421512,0.18265458941459656
11,1,20,0.32581308484077454,0.6821977496147156,0.5321763795247181,0.7843650422618994,0.3489614725112915
11,1,21,0.7903590798377991,0.3455818295478821,1.1843509226405724,0.34047423971288293,0.196969136595726
11,1,22,0.34382879734039307,0.6626017689704895,0.5478593459602079,0.7667824256094313,0.3581819534301758
11,1,23,0.7978554964065552,0.4540599286556244,1.2868402921810005,0.4944566382750442,0.7666282057762146
11,1,24,0.7529991269111633,0.5220145583152771,1.1562904127439921,0.6151041641146706,0.7254330515861511
11,1,25,0.874167263507843,0.577903151512146,1.675399626828635,0.6259473620333433,0.2678384482860565
11,1,26,0.9541845917701721,0.6081189513206482,1.5748118281273327,0.7479494358487965,0.4089343249797821
11,1,27,0.9365969300270081,0.6268443465232849,2.0118678513382156,0.7508424732348657,0.09020021557807922
11,1,28,0.8883767127990723,0.6631717085838318,1.8682594155293732,0.8647782318998429,0.1609981507062912
11,1,29,0.9358580708503723,0.6333279609680176,2.0395267785744893,0.773835420833645,0.07616814970970154
11,1,30,0.8441768288612366,0.6707080006599426,1.8638086156511384,0.8851992808742657,0.19135814905166626
11,1,31,1.0473114252090454,0.6353877782821655,2.1875169007432556,0.7879822468099795,0.1056935116648674
11,1,32,0.9924756288528442,0.683967649936676,2.082065530899022,0.888768816025964,0.13671427965164185
12,1,0,0.39777296781539917,0.19830629229545593,0.6513035626505289,0.2099705002586474,0.9017229676246643
12,1,1,0.409286767244339,0.1713286191225052,0.6227719633120087,0.17311248393235878,0.8538123965263367
12,1,2,0.42056557536125183,0.1693945676088333,0.6280624576092617,0.16808639450574617,0.864341676235199
12,1,3,0.43184220790863037,0.1673131138086319,0.6351680001095613,0.16335330608266277,0.8442630171775818
12,1,4,0.3753713071346283,0.17701484262943268,0.5809410663956301,0.18585510487850943,0.8895206451416016
12,1,5,0.35938531160354614,0.17987531423568726,0.5583111175571249,0.1916877241863282,0.9095416069030762
12,1,6,0.34384697675704956,0.18316730856895447,0.5353031268167728,0.1985689589426093,0.907435953617096
12,1,7,0.4188538193702698,0.1666453331708908,0.5705406654108635,0.16480455567674554,0.8497055768966675
12,1,8,0.30486419796943665,0.19277922809123993,0.44982268058832536,0.21142159895409052,0.9500579833984375
12,1,9,0.4054175019264221,0.21755847334861755,0.6547700859660155,0.22991477699981774,0.9463720321655273
12,1,10,0.35684385895729065,0.22079156339168549,0.6037322666131459,0.24556957801115406,0.9753260016441345
12,1,11,0.3915182948112488,0.22945261001586914,0.6037020077539206,0.22041805929999952,0.9770011305809021
12,1,12,0.274004727602005,0.2710498571395874,0.37061234807581533,0.39834755386913334,0.9913064241409302
12,1,13,0.5502570867538452,0.3502504825592041,0.8852234121340844,0.3056793544183693,0.37363725900650024
12,1,14,0.3762037456035614,0.3646119236946106,0.4918445879296395,0.6078294249816146,0.7556679248809814
12,1,15,0.5681936144828796,0.36761850118637085,1.057089313157398,0.33733161564494885,0.2242809236049652
12,1,16,0.42444124817848206,0.3270704746246338,0.5386018912730492,0.688975522933039,0.38007116317749023
12,1,17,0.5926654934883118,0.3709830045700073,1.1086387611500228,0.3482843022443478,0.18881094455718994
12,1,18,0.4269719421863556,0.32269567251205444,0.5517851700625271,0.7155445247980068,0.30347946286201477
12,1,19,0.5544328093528748,0.364007830619812,1.0866954348121387,0.3394169586157288,0.19721676409244537
12,1,20,0.4013519585132599,0.3165215253829956,0.5094313539804903,0.7022099000735358,0.33699893951416016
12,1,21,0.5479112863540649,0.36645039916038513,1.072000489794955,0.3449760568758609,0.21293020248413086
12,1,22,0.40814751386642456,0.3185259699821472,0.5235627053346956,0.6881124135443647,0.3450978696346283
12,1,23,0.8768821954727173,0.46312010288238525,1.2149653342303106,0.48902495299737614,0.789810836315155
12,1,24,0.7789939045906067,0.4877878427505493,1.090208283637737,0.5929723033510075,0.7524719834327698
12,1,25,0.6128337383270264,0.5887336730957031,1.4854859517837218,0.6194958124355981,0.3323611617088318
12,1,26,0.4299567639827728,0.4994337260723114,1.3697268759145977,0.7045924378598561,0.40952926874160767
12,1,27,0.8104620575904846,0.8443214893341064,1.7962146306124158,0.7670756804814441,0.15199165046215057
12,1,28,0.5704017281532288,0.7468919157981873,1.6346714455362867,0.8442911968919092,0.18241526186466217
12,1,29,0.8935648798942566,0.8793936967849731,1.8341382414357477,0.792172878714832,0.1349518746137619
12,1,30,0.6545544862747192,0.7742476463317871,1.6467014942041445,0.8659213643265697,0.22222943603992462
12,1,31,0.6946804523468018,0.9419276118278503,1.9173119600630333,0.8147641367456081,0.15456260740756989
12,1,32,0.4315274655818939,0.7073079347610474,1.7819986735350484,0.8571734225898748,0.16397923231124878
13,1,0,0.5120691657066345,0.21216191351413727,0.6270908792733222,0.21035001395848707,0.9057760238647461
13,1,1,0.4977773129940033,0.1824546903371811,0.6010449827647435,0.17473073527223057,0.8608031272888184
13,1,2,0.5047599673271179,0.17927336692810059,0.6066307043322351,0.1700243025342541,0.8702322840690613
13,1,3,0.5127836465835571,0.1759982407093048,0.6138964174052447,0.16554387145071545,0.8516042828559875
13,1,4,0.459791898727417,0.18977950513362885,0.5598849964116234,0.18653477638913687,0.8960725665092468
13,1,5,0.4388875663280487,0.19228847324848175,0.537556065910678,0.19179175822527433,0.9145883917808533
13,1,6,0.417817085981369,0.1949474811553955,0.514886015667415,0.19794175678910517,0.9132506847381592
13,1,7,0.46354860067367554,0.17167620360851288,0.5519530672210644,0.1659947698501576,0.858531653881073
13,1,8,0.3446881175041199,0.19975009560585022,0.4315588663933701,0.2093997266818103,0.9521459341049194
13,1,9,0.5175953507423401,0.23967573046684265,0.6309169755043348,0.23160558477347554,0.9453290104866028
13,1,10,0.4666252136230469,0.24651050567626953,0.5798910220368516,0.24573252374209908,0.9749743342399597
13,1,11,0.4357140064239502,0.23590341210365295,0.5744632309864258,0.2231009181467711,0.9726743102073669
13,1,12,0.2722674608230591,0.2857789695262909,0.353531298785494,0.378787937626338,0.9912932515144348
13,1,13,0.5237754583358765,0.267597496509552,0.8219433949365498,0.299077148195513,0.3557494580745697
13,1,14,0.40886878967285156,0.47183477878570557,0.477439376745563,0.5841824526669958,0.7552399635314941
13,1,15,0.5415940284729004,0.2100708782672882,0.9664153970881266,0.3152095156821413,0.22581933438777924
13,1,16,0.40139591693878174,0.5818275809288025,0.5147430037799964,0.6703600523561083,0.40132471919059753
13,1,17,0.5221875309944153,0.17984649538993835,1.0052630218426781,0.318968229157108,0.18909330666065216
13,1,18,0.3693715035915375,0.5944265723228455,0.520021958003544,0.6944929481243259,0.3311173617839813
13,1,19,0.5331998467445374,0.18228673934936523,0.9892210049556031,0.3120781539159114,0.195338174700737
13,1,20,0.33323946595191956,0.6101039052009583,0.47875739402267814,0.6862148176789538,0.36321350932121277
13,1,21,0.5334243178367615,0.20227304100990295,0.9771977196842552,0.32015810854248666,0.2120457887649536
13,1,22,0.36304983496665955,0.5895954966545105,0.4956314321652893,0.6710007970955909,0.36877021193504333
13,1,23,0.8933593034744263,0.5134899020195007,1.158727566394985,0.4932646794345032,0.8020903468132019
13,1,24,0.81211256980896,0.5564587712287903,1.0416435523848153,0.5866422561381162,0.7735724449157715
13,1,25,1.008223056793213,0.6459676027297974,1.4016152659210954,0.6240835873765753,0.3011910319328308
13,1,26,0.994111955165863,0.7058278322219849,1.303920468908984,0.7048063767396537,0.40209823846817017
13,1,27,1.1115503311157227,0.818187415599823,1.6751244621279116,0.7759403040542969,0.13926497101783752
13,1,28,1.1497647762298584,0.8397582769393921,1.5494141659723866,0.8435061106357999,0.18987619876861572
13,1,29,1.0948092937469482,0.8581385016441345,1.7031668798648238,0.8036187968354477,0.12495709955692291
13,1,30,1.1216657161712646,0.8643606901168823,1.5542772995690257,0.8656510846925596,0.2261948436498642
13,1,31,1.2288440465927124,0.9125929474830627,1.795516058019128,0.8317549711966783,0.15004883706569672
13,1,32,1.2833551168441772,0.8193101286888123,1.6942694651410732,0.8506090387697317,0.17085036635398865
14,1,0,0.600492000579834,0.23587092757225037,0.622480954632236,0.2147728805853502,0.9108411073684692
14,1,1,0.5713195204734802,0.2033611387014389,0.5958927354534819,0.17969295107371666,0.8697772026062012
14,1,2,0.5817127823829651,0.1985502690076828,0.6023123619303358,0.17496840184814685,0.877656102180481
14,1,3,0.5850749611854553,0.19577431678771973,0.6089009968477802,0.17078365805686896,0.8609812259674072
14,1,4,0.5349653959274292,0.2081672102212906,0.5555663715127068,0.19028331733512885,0.9034972190856934
14,1,5,0.5054562091827393,0.211411252617836,0.5319918931762774,0.19519128455983759,0.9201949834823608
14,1,6,0.4957922697067261,0.21396781504154205,0.5115776124501208,0.20071833819334142,0.9195582270622253
14,1,7,0.5288680195808411,0.18819646537303925,0.5479526062711759,0.16984201995699227,0.8688061833381653
14,1,8,0.399264395236969,0.21406693756580353,0.4259609526083892,0.21020806422546914,0.9551772475242615
14,1,9,0.5944796204566956,0.26391109824180603,0.6246000372130712,0.23720538799715693,0.9461042284965515
14,1,10,0.5412977933883667,0.2705678939819336,0.5731999104318113,0.2500364938084884,0.9755768179893494
14,1,11,0.4694824516773224,0.26071417331695557,0.5562254870477263,0.22962179903953217,0.9694677591323853
14,1,12,0.2941545248031616,0.3493880033493042,0.3432304811553077,0.3736921984496356,0.9911249876022339
14,1,13,0.6257060766220093,0.29611319303512573,0.7877557756010801,0.2985638324737114,0.32814526557922363
14,1,14,0.3697253465652466,0.5812012553215027,0.45872563783505105,0.5836661403824204,0.7537826895713806
14,1,15,0.6709245443344116,0.2438049018383026,0.9147767076379691,0.3028177569635754,0.21589113771915436
14,1,16,0.3617664873600006,0.7997781038284302,0.48812931526910924,0.6928577252659112,0.40260037779808044
14,1,17,0.6590912342071533,0.21386681497097015,0.9446730187950817,0.3007101786462989,0.1807340681552887
14,1,18,0.3122415244579315,0.8360987901687622,0.48381441752321214,0.7191180656924254,0.3379363715648651
14,1,19,0.6715396642684937,0.21198874711990356,0.9336638551640957,0.2946933923917461,0.18620797991752625
14,1,20,0.304069846868515,0.8395770192146301,0.4483467580562207,0.7128937725086216,0.37010374665260315
14,1,21,0.6707636713981628,0.2321293205022812,0.9236268200909995,0.3048737123327117,0.2016548067331314
14,1,22,0.3447487950325012,0.8187155723571777,0.46938356977644125,0.6966930672477246,0.37374621629714966
14,1,23,1.0059610605239868,0.5780545473098755,1.1321480749618993,0.5079852107440421,0.8082329630851746
14,1,24,0.9087931513786316,0.6495826840400696,1.0185437867339147,0.5975622665373518,0.7896533608436584
14,1,25,1.1537446975708008,0.7075866460800171,1.3583530219603868,0.638580129632889,0.27403122186660767
14,1,26,1.1389669179916382,0.7869189381599426,1.275202964007882,0.7190607821626012,0.3912467062473297
14,1,27,1.1985282897949219,0.8385651707649231,1.5913511422231954,0.7868054835858125,0.12818562984466553
14,1,28,1.1905006170272827,0.919131338596344,1.4865493500643867,0.8566318096537329,0.1858663707971573
14,1,29,1.1636698246002197,0.8603097200393677,1.6081577051796825,0.8134527081326139,0.11678744107484818
14,1,30,1.1202292442321777,0.9450244307518005,1.478081424663524,0.8794288494309969,0.22291654348373413
14,1,31,1.3558980226516724,0.882051408290863,1.7183162336818327,0.840477999706238,0.1454561948776245
14,1,32,1.3761252164840698,0.9261999726295471,1.6386013611896608,0.8637287341621273,0.1695711314678192
15,1,0,0.5509757399559021,0.21316318213939667,0.610071522935121,0.21449411452651357,0.8992414474487305
15,1,1,0.5534989833831787,0.19459198415279388,0.5885419425741566,0.18227418379404028,0.8665342330932617
15,1,2,0.5533539056777954,0.1935766190290451,0.593821623120304,0.17819260386819627,0.8728140592575073
15,1,3,0.5518856048583984,0.19328320026397705,0.5990105744117902,0.17468255668911306,0.8595066666603088
15,1,4,0.545404314994812,0.19593721628189087,0.5538060472395111,0.19126257370348407,0.8965140581130981
15,1,5,0.5315460562705994,0.19752368330955505,0.5319146856188719,0.19559521611275552,0.9097168445587158
15,1,6,0.5230346918106079,0.19903956353664398,0.513562312850939,0.20042760893026138,0.9099814891815186
15,1,7,0.49084824323654175,0.19527965784072876,0.5380467627577995,0.1742504433696287,0.8716341257095337
15,1,8,0.4428030252456665,0.20619510114192963,0.4288789708999878,0.20951305257176117,0.9484156370162964
15,1,9,0.5106256008148193,0.23132161796092987,0.604795035800114,0.23618631138597326,0.9462382197380066
15,1,10,0.4934663772583008,0.23159022629261017,0.5593590670296911,0.24684036916264565,0.9727164506912231
15,1,11,0.2745470702648163,0.26581087708473206,0.5070327764509084,0.23589550811607088,0.9714390635490417
15,1,12,0.32484760880470276,0.28844404220581055,0.34004530682305767,0.3588918162959109,0.9901771545410156
15,1,13,0.3949424624443054,0.2922775149345398,0.7189222162327539,0.2974750210521037,0.31390315294265747
15,1,14,0.4012790620326996,0.35756611824035645,0.44876017847037813,0.5442458089669833,0.6908168792724609
15,1,15,0.4694906175136566,0.2636859118938446,0.8366175035596171,0.2960332749152774,0.20790617167949677
15,1,16,0.4101392924785614,0.32137107849121094,0.47459164189296094,0.6278082929924367,0.38262322545051575
15,1,17,0.47303327918052673,0.25445693731307983,0.8618192956847593,0.2926892910205221,0.17859117686748505
15,1,18,0.41427096724510193,0.31489577889442444,0.4717458457759087,0.6482673934033082,0.3277420401573181
15,1,19,0.4650091528892517,0.24962952733039856,0.8513411258487805,0.2868790384634439,0.18452607095241547
15,1,20,0.3766258656978607,0.31049787998199463,0.43589957769160004,0.6423671707277455,0.35844355821609497
15,1,21,0.4626356363296509,0.25712546706199646,0.8426703784883951,0.29659320921782983,0.19980627298355103
15,1,22,0.38266244530677795,0.31157204508781433,0.454326352123943,0.629228798494273,0.36126598715782166
15,1,23,0.803421676158905,0.5594474673271179,1.0746545243193064,0.5169107593845861,0.826278567314148
15,1,24,0.8271895051002502,0.5683192610740662,0.9852137521213932,0.5924937670083107,0.8097493648529053
15,1,25,0.8793591260910034,0.6925734281539917,1.27418328285248,0.6479453565344695,0.26784345507621765
15,1,26,0.9848142266273499,0.6819602847099304,1.2244618652070498,0.7126288380188812,0.38173559308052063
15,1,27,0.96998131275177,0.7919654846191406,1.4816752109085813,0.7876991820402914,0.12843595445156097
15,1,28,1.0680164098739624,0.8003970384597778,1.4131197405265594,0.8468770551492871,0.1922162026166916
15,1,29,0.989727795124054,0.807037353515625,1.499005211029586,0.8123415404694503,0.12238511443138123
15,1,30,1.0552183389663696,0.8228157162666321,1.4038802359747506,0.8696083433887939,0.2401624619960785
15,1,31,1.018385887145996,0.8179783821105957,1.5944768906600495,0.8365790871200363,0.1451045572757721
15,1,32,1.1767339706420898,0.8324682116508484,1.5574519951996484,0.8583101830881308,0.1756284087896347
16,1,0,0.6145482659339905,0.22250351309776306,0.6108468565327693,0.21588144214397964,0.8839389085769653
16,1,1,0.6076546907424927,0.19602736830711365,0.5918535817456946,0.18465681808299428,0.8561822175979614
16,1,2,0.6108211278915405,0.19179189205169678,0.5967669169520926,0.18054856594427737,0.8590237498283386
16,1,3,0.6132656335830688,0.1872958391904831,0.6014801681723493,0.1768676369491439,0.8544240593910217
16,1,4,0.5861089825630188,0.20224985480308533,0.5594053600148764,0.1931658779132686,0.8860256671905518
16,1,5,0.5680647492408752,0.20428115129470825,0.53818157933267,0.19709975875571845,0.8949488401412964
16,1,6,0.5538612008094788,0.2055921107530594,0.5205493144961933,0.2013220883704573,0.9003013372421265
16,1,7,0.5421619415283203,0.17625705897808075,0.5387594750682662,0.17459795147913587,0.860953152179718
16,1,8,0.45165809988975525,0.21627505123615265,0.4328263368424283,0.21068427068133125,0.9304463863372803
16,1,9,0.584659218788147,0.23823969066143036,0.6013059289418288,0.23654191860046264,0.9397196173667908
16,1,10,0.5484484434127808,0.24769039452075958,0.5574690171833621,0.24698757243180822,0.9625813961029053
16,1,11,0.3080630898475647,0.21270179748535156,0.4723696607767077,0.23187623812380181,0.9690272808074951
16,1,12,0.29641395807266235,0.3573945462703705,0.3324796467048112,0.35863251987107025,0.9841668009757996
16,1,13,0.5651352405548096,0.24485529959201813,0.6921644348219667,0.28834841678233325,0.28993621468544006
16,1,14,0.4324721693992615,0.5209164023399353,0.44593813854297465,0.5402029198936387,0.6546204090118408
16,1,15,0.7200136184692383,0.2552889287471771,0.8163495826020258,0.2889688856881248,0.1905665248632431
16,1,16,0.4739985167980194,0.4889381527900696,0.4744889253590166,0.6036586066186633,0.3556165397167206
16,1,17,0.7401745915412903,0.25265687704086304,0.840670966838727,0.2857484725746904,0.1644544005393982
16,1,18,0.506270706653595,0.4855057895183563,0.4777305314451875,0.6199424718360597,0.30695104598999023
16,1,19,0.7432296276092529,0.25929883122444153,0.8325530819925526,0.2820989718025885,0.17022763192653656
16,1,20,0.44139546155929565,0.4701649248600006,0.43685143181530156,0.6123909315241073,0.3363510072231293
16,1,21,0.7319121956825256,0.2685348093509674,0.8234212504011102,0.2917301974430937,0.1843094825744629
16,1,22,0.4073962867259979,0.46559762954711914,0.4461877317453366,0.6007519776394379,0.33873891830444336
16,1,23,0.8249925374984741,0.5580542087554932,1.0310916638008865,0.5240444197905221,0.8382119536399841
16,1,24,0.8038784861564636,0.624143123626709,0.9536385165822951,0.5979797091125975,0.823494017124176
16,1,25,1.0404343605041504,0.7167602181434631,1.2334067196188603,0.6598867215185936,0.25061702728271484
16,1,26,1.0421905517578125,0.7532830238342285,1.1927162771591682,0.719677501422243,0.37853768467903137
16,1,27,0.8921249508857727,0.7944486737251282,1.3777177965043401,0.7888682321981,0.12827739119529724
16,1,28,1.0270254611968994,0.8451743125915527,1.3454510563989877,0.8465821727900005,0.19915413856506348
16,1,29,0.9621360301971436,0.826809287071228,1.404479964110957,0.8148480169943847,0.12538796663284302
16,1,30,0.9747543931007385,0.8555665016174316,1.3285719430573575,0.867175662000615,0.24626609683036804
16,1,31,0.9770458936691284,0.8523144125938416,1.485502898073801,0.8393052724658254,0.14703713357448578
16,1,32,1.0221993923187256,0.8698111772537231,1.4632145609547327,0.8603024896967866,0.18654616177082062
17,1,0,0.6504908204078674,0.21342802047729492,0.6177201271408459,0.21545655008514125,0.8747386932373047
17,1,1,0.6369786262512207,0.1777760088443756,0.599678457796792,0.18346501717212735,0.8458892107009888
17,1,2,0.6419897675514221,0.17078419029712677,0.604608776813551,0.17885716601190643,0.8466447591781616
17,1,3,0.6458414196968079,0.16356699168682098,0.6091724228937168,0.17456343425167883,0.8467000126838684
17,1,4,0.6076071262359619,0.19262461364269257,0.5677645382928926,0.19307214527833816,0.8748959898948669
17,1,5,0.5839780569076538,0.19594714045524597,0.5461230635712221,0.19690015211956804,0.8800029158592224
17,1,6,0.5680838227272034,0.19904057681560516,0.528792624575235,0.2009269702958079,0.8883755803108215
17,1,7,0.5724146366119385,0.13856056332588196,0.5445934308411254,0.16835057145410076,0.8497500419616699
17,1,8,0.46829769015312195,0.1966254711151123,0.4389754695498355,0.20824866895653857,0.91270911693573
17,1,9,0.625918447971344,0.2169715017080307,0.6055711873592663,0.23315090214028006,0.9376674294471741
17,1,10,0.585240364074707,0.23081684112548828,0.5622821542909693,0.2441859138775164,0.9580748677253723
17,1,11,0.4011934995651245,0.1322566419839859,0.46001714215242695,0.2145734056603866,0.9699070453643799
17,1,12,0.23421739041805267,0.3340837359428406,0.3154131056856843,0.3543782325401405,0.9834409952163696
17,1,13,0.638913631439209,0.22964662313461304,0.6829271986702613,0.2781650474497879,0.269207239151001
17,1,14,0.3265105187892914,0.5106126666069031,0.4251822426444261,0.5350741061491905,0.6506627798080444
17,1,15,0.7347906827926636,0.27813637256622314,0.8021885429834302,0.2870923958327889,0.17839208245277405
17,1,16,0.42001041769981384,0.48655858635902405,0.4650391818120626,0.5833081242497328,0.34964853525161743
17,1,17,0.7356005907058716,0.27434220910072327,0.8224140505713998,0.28377255582595534,0.15632648766040802
17,1,18,0.44939157366752625,0.48432159423828125,0.4728187280891309,0.5963600301057358,0.30410510301589966
17,1,19,0.749901533126831,0.270593523979187,0.8182012085656006,0.28010586798667914,0.1624462902545929
17,1,20,0.41115882992744446,0.47355297207832336,0.43239867560751555,0.5882467914389028,0.3340643346309662
17,1,21,0.7326001524925232,0.2878449559211731,0.8076471961311597,0.29105730641275734,0.174627885222435
17,1,22,0.39937931299209595,0.46599170565605164,0.4380702760325618,0.5773198986431047,0.33602190017700195
17,1,23,0.86043781042099,0.4469967484474182,1.0013850024737214,0.5106711392630122,0.8534806966781616
17,1,24,0.7420845627784729,0.5638233423233032,0.916768474006512,0.592058741117583,0.8403894901275635
17,1,25,0.9810187220573425,0.5931966304779053,1.189356456416035,0.6483148097117752,0.2737586200237274
17,1,26,0.8840843439102173,0.690224826335907,1.1387627331267747,0.7145726129322738,0.41760456562042236
17,1,27,0.7855960130691528,0.6937202215194702,1.2733040565614167,0.7723442557799909,0.18308210372924805
17,1,28,0.7935993671417236,0.7367576360702515,1.24826368631541,0.8275009064771662,0.24789652228355408
17,1,29,0.7191329002380371,0.6871663928031921,1.283294543951133,0.7926524557396758,0.1726716309785843
17,1,30,0.6962485313415527,0.7189754247665405,1.2169465349912838,0.8413972988809142,0.2868822515010834
17,1,31,0.8070695400238037,0.7391851544380188,1.3655557637731577,0.8219152310098479,0.20914967358112335
17,1,32,0.7878620624542236,0.7682832479476929,1.3438299384753623,0.8443232713606497,0.24312396347522736
18,1,0,0.4920893907546997,0.20597101747989655,0.5958822291528209,0.21381346535717716,0.8856733441352844
18,1,1,0.48062771558761597,0.18258188664913177,0.5789884872377482,0.18331208079283326,0.8596575856208801
18,1,2,0.47431477904319763,0.1734120398759842,0.5819572135419365,0.17791407541233356,0.8603701591491699
18,1,3,0.46817097067832947,0.1699821650981903,0.5846515223565657,0.1737699834681905,0.8603535294532776
18,1,4,0.4909747838973999,0.19229258596897125,0.554436050745873,0.1929371452838327,0.8858940005302429
18,1,5,0.48821261525154114,0.1934645026922226,0.5360771729040981,0.19630513682987527,0.8904739618301392
18,1,6,0.486478716135025,0.19423341751098633,0.5214557497931762,0.19976760972575494,0.8979722857475281
18,1,7,0.39869803190231323,0.15067006647586823,0.5192177884703698,0.16528719800189828,0.8633648753166199
18,1,8,0.4497745633125305,0.19708144664764404,0.44084615964802903,0.20631418352890843,0.9205310940742493
18,1,9,0.4709342420101166,0.214673712849617,0.5821614212593892,0.22994941687928055,0.9433940052986145
18,1,10,0.4753949046134949,0.21612659096717834,0.5471963799492473,0.23932276178466638,0.9617822766304016
18,1,11,0.3095707297325134,0.2149064987897873,0.43384554816040005,0.2146310881433421,0.9727976322174072
18,1,12,0.4026046693325043,0.24893879890441895,0.33055156144295067,0.3360612899277832,0.98479163646698
18,1,13,0.37228289246559143,0.35420775413513184,0.6286263965785566,0.291363503812035,0.3061799705028534
18,1,14,0.36510685086250305,0.36137059330940247,0.41476000298231,0.5048363661239,0.6053857803344727
18,1,15,0.49854475259780884,0.431298166513443,0.7491184873363596,0.3121727416913111,0.2004963606595993
18,1,16,0.4428459107875824,0.3973239064216614,0.46119331933228686,0.550920032566333,0.3440180718898773
18,1,17,0.5291656851768494,0.4539174735546112,0.771174948259981,0.31338714478080953,0.18514931201934814
18,1,18,0.5036523342132568,0.4105045199394226,0.4781630243321724,0.5639942103559153,0.31196075677871704
18,1,19,0.5146110653877258,0.43994203209877014,0.7651386489670968,0.3079176117231948,0.19183726608753204
18,1,20,0.437287837266922,0.40661799907684326,0.43324544179971325,0.5566210452110636,0.34133684635162354
18,1,21,0.5035492777824402,0.4290477931499481,0.7544958020348203,0.3150522105175105,0.20289254188537598
18,1,22,0.40816083550453186,0.3980228006839752,0.432886070518335,0.5461024287002634,0.3434823453426361
18,1,23,0.6704485416412354,0.4611130654811859,0.9435024651286054,0.5020763479152023,0.8680779933929443
18,1,24,0.7097307443618774,0.447630912065506,0.8806905316036645,0.5669395084355888,0.8562745451927185
18,1,25,0.6928740739822388,0.6459605693817139,1.1020789614456368,0.6479070953058583,0.33863869309425354
18,1,26,0.6793721914291382,0.6205229163169861,1.0580974630953117,0.6982398437280735,0.4569142758846283
18,1,27,0.7348808646202087,0.7694494128227234,1.1785126016845529,0.7718429089988516,0.2372702956199646
18,1,28,0.7249562740325928,0.7672621607780457,1.1561831306522066,0.8170503615071478,0.2892929017543793
18,1,29,0.8016396164894104,0.7843096852302551,1.1986357398059928,0.791207364800741,0.23178812861442566
18,1,30,0.7524891495704651,0.7861965894699097,1.1353594750687144,0.8318222075605411,0.34067341685295105
18,1,31,0.5920066237449646,0.8191224336624146,1.228417765723771,0.8214315587577624,0.24723593890666962
18,1,32,0.7068425416946411,0.8271110653877258,1.2313566207832733,0.8413410569922147,0.27935051918029785
19,1,0,0.43727976083755493,0.20282602310180664,0.5682857832660984,0.21191013372617953,0.8957772254943848
19,1,1,0.4463082253932953,0.1843077540397644,0.5559203981144895,0.18348450743517666,0.8727193474769592
19,1,2,0.4365692138671875,0.17696386575698853,0.5566701159795728,0.17774952224782095,0.8731719255447388
19,1,3,0.4270685911178589,0.1792619526386261,0.5572333784478657,0.17472118893482444,0.8733689188957214
19,1,4,0.4730355739593506,0.19180509448051453,0.54030532071677,0.19274110057839391,0.8961462378501892
19,1,5,0.4797818660736084,0.19193682074546814,0.5263119402945348,0.19554857308800666,0.9001007080078125
19,1,6,0.48634660243988037,0.19167591631412506,0.51536943807922,0.19836602449753962,0.9071337580680847
19,1,7,0.3930615484714508,0.1881236433982849,0.4972882721377743,0.1692445163652179,0.8760343194007874
19,1,8,0.4722186028957367,0.19852805137634277,0.44628406269986753,0.2049655376252921,0.9276015758514404
19,1,9,0.40673017501831055,0.21599823236465454,0.5516214028240316,0.22753246696033633,0.9487206935882568
19,1,10,0.4308224320411682,0.21301493048667908,0.5269731542173353,0.23476341191547032,0.9652683734893799
19,1,11,0.20653265714645386,0.26547136902809143,0.3942116366813674,0.22344858142349852,0.9754306674003601
19,1,12,0.535759449005127,0.2520555555820465,0.36630632496533855,0.3214771590085701,0.9856339693069458
19,1,13,0.25837305188179016,0.3485739827156067,0.5637914975031088,0.3012877236161976,0.351614385843277
19,1,14,0.568304717540741,0.3250274956226349,0.44147174833587455,0.47353005384938773,0.5597290992736816
19,1,15,0.3197726309299469,0.41546162962913513,0.6737998896075116,0.3301148940784573,0.22059112787246704
19,1,16,0.5334240198135376,0.35073065757751465,0.4737285168684079,0.5160434529349307,0.32455697655677795
19,1,17,0.3259238302707672,0.41617757081985474,0.6930273632356486,0.3312424450753525,0.20777279138565063
19,1,18,0.58377605676651,0.3591143488883972,0.4965097819077683,0.5282952304118971,0.29932647943496704
19,1,19,0.3259674310684204,0.3869081437587738,0.688071729047285,0.32162894888808136,0.21400749683380127
19,1,20,0.5127381682395935,0.35851559042930603,0.4470439006841059,0.5221094611164799,0.32694685459136963
19,1,21,0.3334011137485504,0.3718019425868988,0.6806412350970372,0.3248963712714641,0.22242718935012817
19,1,22,0.4828193485736847,0.3519843816757202,0.441545879083569,0.512289600418185,0.3286428153514862
19,1,23,0.629568874835968,0.49464818835258484,0.8886213797797317,0.5007897204230133,0.8811337947845459
19,1,24,0.7817894816398621,0.48577025532722473,0.8635118934001723,0.5528490148614903,0.8703688383102417
19,1,25,0.6077045798301697,0.6679071187973022,1.015177857392273,0.6513725959006315,0.3963022530078888
19,1,26,0.7029038071632385,0.6631757616996765,0.9959202075131449,0.6921613361356752,0.4770101010799408
19,1,27,0.6629972457885742,0.8306726813316345,1.087819039390862,0.7820484986731264,0.2853165566921234
19,1,28,0.6742239594459534,0.8045984506607056,1.0714836468534852,0.8148932345544849,0.3243408501148224
19,1,29,0.590154767036438,0.8412997722625732,1.0912922807309131,0.799894939713086,0.285822331905365
19,1,30,0.7003136277198792,0.828372597694397,1.0590084565208744,0.8312247695453525,0.3899577856063843
19,1,31,0.5308089256286621,0.8897501230239868,1.1050172725958802,0.8332866078484495,0.28200340270996094
19,1,32,0.5922236442565918,0.8550727367401123,1.1185009032149675,0.843719949077326,0.3111265003681183
20,1,0,0.4964021146297455,0.19932325184345245,0.5558105840184564,0.20972962962156816,0.9056692719459534
20,1,1,0.46161359548568726,0.17297711968421936,0.5395427968125683,0.18166436094316576,0.8844913840293884
20,1,2,0.44151604175567627,0.16547484695911407,0.5366596145324897,0.1756231237196118,0.8848288655281067
20,1,3,0.44885706901550293,0.16247354447841644,0.5384044598776417,0.17259947484334298,0.8848468065261841
20,1,4,0.5136439800262451,0.1853623241186142,0.535684633568822,0.19146302916824567,0.9062117338180542
20,1,5,0.5140643119812012,0.18868115544319153,0.5241902207910797,0.19435909194412945,0.9098458290100098
20,1,6,0.5097532272338867,0.19129858911037445,0.5143967079449051,0.19714189158304707,0.9162209033966064
20,1,7,0.4457462728023529,0.16387878358364105,0.4883488077331171,0.1683151786529922,0.8878852725028992
20,1,8,0.4710693359375,0.20224884152412415,0.4505793390367973,0.20449504693113207,0.9347314238548279
20,1,9,0.5471822619438171,0.21355324983596802,0.5508525591088158,0.22511065844491304,0.9534006118774414
20,1,10,0.5075900554656982,0.22112387418746948,0.5236145783424978,0.23240047421695975,0.9685995578765869
20,1,11,0.5055503249168396,0.18923036754131317,0.4135560517680613,0.2175168906267706,0.9767168164253235
20,1,12,0.4113611578941345,0.31736692786216736,0.37411908134059946,0.32076529567342815,0.9869834184646606
20,1,13,0.6903833150863647,0.23365606367588043,0.5857947788716702,0.2895521031820038,0.3278014063835144
20,1,14,0.4570854604244232,0.605549693107605,0.4441768363384505,0.49648223344696624,0.5924726128578186
20,1,15,0.6247994303703308,0.29860004782676697,0.6653006361772551,0.3246522908369886,0.2033262848854065
20,1,16,0.5313607454299927,0.8495244979858398,0.48372589688606715,0.5743683999948335,0.36830443143844604
20,1,17,0.5040300488471985,0.2954028248786926,0.6601069279870309,0.32502940382260864,0.19130699336528778
20,1,18,0.4766747057437897,0.9220561385154724,0.49307282798209606,0.5972855893426687,0.3361167907714844
20,1,19,0.4940783977508545,0.30807408690452576,0.6542759613133174,0.3192806918069406,0.19753126800060272
20,1,20,0.4959777891635895,0.929528534412384,0.45553016754979614,0.5935217598122564,0.3655810058116913
20,1,21,0.6049683094024658,0.30778393149375916,0.6675048738225525,0.3219314760426278,0.20621348917484283
20,1,22,0.48529115319252014,0.898147463798523,0.4491311342345582,0.5798797265116742,0.3682212233543396
20,1,23,0.8107110857963562,0.45775002241134644,0.8750968049540627,0.49332685983573443,0.892043948173523
20,1,24,0.7385067343711853,0.5337217450141907,0.8417823089418823,0.5495348104736126,0.8829565644264221
20,1,25,0.6893675923347473,0.501834511756897,0.9581916638495456,0.6253606509165409,0.3760732114315033
20,1,26,0.8852005004882812,0.673532247543335,0.9766793522772508,0.6889335007242424,0.47947707772254944
20,1,27,0.8789396286010742,0.6460437178611755,1.0514046585214403,0.7584001978069864,0.2724861800670624
20,1,28,0.6363360285758972,0.8159079551696777,0.9951185448676478,0.8150689589132434,0.3291161358356476
20,1,29,0.80843186378479,0.6583860516548157,1.0418703619821243,0.7752855202772687,0.2735746204853058
20,1,30,0.6175282597541809,0.8444491624832153,0.9815166275471393,0.8335157430416099,0.39235973358154297
20,1,31,0.937389612197876,0.7164936661720276,1.0758262246397858,0.8129905049493449,0.2707349956035614
20,1,32,0.9281861186027527,0.8532079458236694,1.0853390414039625,0.8453634527710389,0.3188532888889313
21,1,0,0.576457679271698,0.2126392126083374,0.5593882350974477,0.21023352829842237,0.906646192073822
21,1,1,0.546786367893219,0.17986057698726654,0.5407974336164261,0.18135198146529452,0.8827843070030212
21,1,2,0.5238382816314697,0.17367753386497498,0.534438456985831,0.17528618484396047,0.8822332620620728
21,1,3,0.5162374973297119,0.16957704722881317,0.5345631920720393,0.17207603136659871,0.8808981776237488
21,1,4,0.5783158540725708,0.1918860226869583,0.5430765422033184,0.19153628019626362,0.9078532457351685
21,1,5,0.5703009963035583,0.19480518996715546,0.5321863000667788,0.19443634409905125,0.9119390845298767
21,1,6,0.5594476461410522,0.19747279584407806,0.5222087588319819,0.19719919508272993,0.918847382068634
21,1,7,0.5248684287071228,0.1634732037782669,0.4946798353087431,0.1674765683066941,0.8870672583580017
21,1,8,0.506321907043457,0.2004428654909134,0.46024848400234425,0.2037932422001861,0.9364559650421143
21,1,9,0.5940321683883667,0.22489097714424133,0.5583396131382187,0.22507261582380222,0.9494159817695618
21,1,10,0.5665768384933472,0.23490260541439056,0.5310639280401528,0.23283380258193678,0.9678915143013
21,1,11,0.6292706727981567,0.19289469718933105,0.45115244515806624,0.2132498890811181,0.9754337668418884
21,1,12,0.3529941737651825,0.336932897567749,0.3704585482522828,0.3235663998482339,0.987786591053009
21,1,13,0.7451993227005005,0.2087535709142685,0.6135290433544578,0.27552618674464935,0.3145374655723572
21,1,14,0.3629993796348572,0.5871797204017639,0.43008490139479344,0.5122309866191314,0.6145274043083191
21,1,15,0.6470396518707275,0.24083992838859558,0.6621362270155761,0.31010191917486624,0.20499297976493835
21,1,16,0.42005059123039246,0.784571647644043,0.47267798836626307,0.6109987705644528,0.4014092683792114
21,1,17,0.5859941244125366,0.2347172349691391,0.6472421959149673,0.3093475701811448,0.19051305949687958
21,1,18,0.3968031406402588,0.8285435438156128,0.47635330257324604,0.6376103463683884,0.36580890417099
21,1,19,0.5920759439468384,0.24396301805973053,0.6434829209869585,0.3062083736452547,0.19482681155204773
21,1,20,0.40809017419815063,0.8201165199279785,0.4473031462656791,0.6330280069828974,0.3934662640094757
21,1,21,0.6203281283378601,0.25358113646507263,0.6593225030834787,0.3100708923454391,0.20231342315673828
21,1,22,0.4356848895549774,0.7991994023323059,0.4468016705107582,0.6181092772302716,0.3925038278102875
21,1,23,0.9358339905738831,0.48844894766807556,0.8856331226787626,0.49248202392663365,0.8991902470588684
21,1,24,0.814336895942688,0.5661496520042419,0.8370254430043205,0.5524134397245607,0.8922078013420105
21,1,25,1.0054792165756226,0.5353105068206787,0.9663903224966841,0.6097243483535216,0.34806549549102783
21,1,26,0.9400609731674194,0.6618393063545227,0.9703301269487692,0.6842377384513675,0.4871632158756256
21,1,27,1.0103874206542969,0.6371532082557678,1.044290309837683,0.7373272036348507,0.2621913254261017
21,1,28,0.8846545219421387,0.7064749002456665,0.9759196441044407,0.7962022059903647,0.3449556529521942
21,1,29,0.9452292323112488,0.6476245522499084,1.0250796398422644,0.753093482156255,0.2642422914505005
21,1,30,0.8223450183868408,0.7083068490028381,0.9538116377234195,0.8117515479961204,0.40221190452575684
21,1,31,1.1157761812210083,0.6794630885124207,1.082749367014571,0.789774646326004,0.28222641348838806
21,1,32,1.0810734033584595,0.7364728450775146,1.0845999511655244,0.8264450125746853,0.3384522497653961
22,1,0,0.6282736659049988,0.2178390622138977,0.5713417606111648,0.211550885297055,0.8934627175331116
22,1,1,0.603223979473114,0.18243905901908875,0.5516280905474589,0.1815402376350813,0.8697110414505005
22,1,2,0.5957878828048706,0.17551812529563904,0.5450818832009324,0.1753263504218381,0.8635748624801636
22,1,3,0.6122201085090637,0.17547956109046936,0.5480423628984178,0.17266548342263446,0.8676866888999939
22,1,4,0.6138072609901428,0.19636495411396027,0.5553510303188911,0.19237258657657355,0.9017542600631714
22,1,5,0.6028732061386108,0.19893640279769897,0.5444531808802074,0.19521572796832604,0.9037508368492126
22,1,6,0.5879636406898499,0.20126459002494812,0.5336180655921386,0.19790328851118333,0.91498863697052
22,1,7,0.6367005109786987,0.16734780371189117,0.519378450574573,0.16745426996271728,0.877968966960907
22,1,8,0.5230340361595154,0.19945809245109558,0.471141617804454,0.20304242329093505,0.9324392676353455
22,1,9,0.6392013430595398,0.231379434466362,0.5723763821631298,0.22616497922799916,0.9373733997344971
22,1,10,0.6072096824645996,0.24065954983234406,0.5442802295724027,0.23418931149464914,0.962624192237854
22,1,11,0.6785115003585815,0.19599571824073792,0.49079253867936273,0.21026042027978184,0.9668710231781006
22,1,12,0.3282339870929718,0.302375853061676,0.3631372184570179,0.3198944669487997,0.9868419766426086
22,1,13,0.7728339433670044,0.2105509340763092,0.6412463615261452,0.2642523899215405,0.29199254512786865
22,1,14,0.2843122184276581,0.4458897113800049,0.4047306498273081,0.500719604389871,0.5825220942497253
22,1,15,0.7071700692176819,0.24169398844242096,0.6699445002638525,0.2982313212995793,0.18690098822116852
22,1,16,0.3405887484550476,0.403209924697876,0.4497130290892949,0.5747911879127936,0.3737465739250183
22,1,17,0.6643834710121155,0.25013312697410583,0.6502117114129701,0.29907511770786593,0.17442746460437775
22,1,18,0.37556251883506775,0.39285144209861755,0.45884622326942226,0.5949138087924437,0.3443416357040405
22,1,19,0.6509865522384644,0.24505427479743958,0.6447824546645321,0.2955988136999573,0.17820751667022705
22,1,20,0.34098687767982483,0.3666938841342926,0.42883329556410044,0.5865380795739554,0.37016308307647705
22,1,21,0.6530932188034058,0.249251127243042,0.6582434448907845,0.29951943541906406,0.18507593870162964
22,1,22,0.3440110385417938,0.36899256706237793,0.42894619423022656,0.5746469557253503,0.3699229657649994
22,1,23,1.0028408765792847,0.5056754946708679,0.9060003110904855,0.4947676520028283,0.901657223701477
22,1,24,0.8370999097824097,0.5806929469108582,0.8370383388971578,0.5573147689972888,0.8983940482139587
22,1,25,1.1864960193634033,0.5981512069702148,1.0047511901854516,0.607719513393172,0.34148868918418884
22,1,26,1.0472947359085083,0.709846556186676,0.9836872081040908,0.6886758344148464,0.5026575922966003
22,1,27,1.0776783227920532,0.7370200157165527,1.050076182959271,0.737274006905513,0.2611760199069977
22,1,28,0.9651089906692505,0.798588216304779,0.974046434743713,0.796615420543664,0.35997825860977173
22,1,29,1.0061345100402832,0.7529335618019104,1.0217959357219024,0.7530657883205062,0.26261937618255615
22,1,30,0.8610772490501404,0.8163689374923706,0.9377034345954023,0.8125512502166067,0.41424503922462463
22,1,31,1.1799250841140747,0.7634357810020447,1.0996198087440199,0.7852098918845933,0.27582767605781555
22,1,32,1.160460352897644,0.7842773199081421,1.0977621193352394,0.8191335082775246,0.34680289030075073
23,1,0,0.6703664660453796,0.1777518391609192,0.5885408473807563,0.20569193332329663,0.8994064927101135
23,1,1,0.6295558214187622,0.1584210991859436,0.5651544255996422,0.17753389736238676,0.879174530506134
23,1,2,0.6189104318618774,0.15625235438346863,0.5578951140508724,0.17202139884319315,0.8733105659484863
23,1,3,0.6276637315750122,0.1506837159395218,0.5618633579779011,0.16885636955287023,0.8776788711547852
23,1,4,0.6450681090354919,0.1607716977596283,0.5709292602592654,0.18689503944732702,0.9081451892852783
23,1,5,0.64007169008255,0.15388356149196625,0.5610590673748513,0.18804931419600868,0.9091703295707703
23,1,6,0.6338728070259094,0.15377728641033173,0.55103154319097,0.19025182137420138,0.9201739430427551
23,1,7,0.5874344706535339,0.1503945142030716,0.5311878495774156,0.16449850452491055,0.8879451155662537
23,1,8,0.5687224268913269,0.16190044581890106,0.48808931319004406,0.1959090256699334,0.9350765347480774
23,1,9,0.6780416369438171,0.19519007205963135,0.5907324713226767,0.22079603739610135,0.9422926902770996
23,1,10,0.6591676473617554,0.20312795042991638,0.5642439497721508,0.22880536977969756,0.9648643732070923
23,1,11,0.5656496286392212,0.21349552273750305,0.5037846962896836,0.2108206995132714,0.9700214862823486
23,1,12,0.4351330101490021,0.2519935369491577,0.37563176810562676,0.3081119825850336,0.9878954887390137
23,1,13,0.6721399426460266,0.23537349700927734,0.6466009520381714,0.259247061809629,0.29756253957748413
23,1,14,0.5263643860816956,0.3406447768211365,0.42587085712459954,0.47286580699833825,0.5601010322570801
23,1,15,0.6645112633705139,0.2857832610607147,0.6690033867998075,0.2960748747415638,0.18358053267002106
23,1,16,0.6109603047370911,0.30095142126083374,0.47777130765376347,0.5269799248780348,0.3554702699184418
23,1,17,0.6428040266036987,0.293102890253067,0.6489284954149147,0.29804071699313817,0.17395444214344025
23,1,18,0.6728283762931824,0.2848285138607025,0.49613934740876886,0.5407159162555175,0.33122536540031433
23,1,19,0.618342936038971,0.2889159619808197,0.6401997735424559,0.2944413066952364,0.17631907761096954
23,1,20,0.5962609648704529,0.27526646852493286,0.4579724004349642,0.5321309132162305,0.3552684485912323
23,1,21,0.6272199749946594,0.29392749071121216,0.652865556964444,0.2985509108748491,0.18303248286247253
23,1,22,0.5877328515052795,0.28309279680252075,0.45657428705518555,0.5237160546708423,0.3558853566646576
23,1,23,0.8462639451026917,0.5046781301498413,0.8956366462837284,0.4964843674221825,0.91080641746521
23,1,24,0.8142995834350586,0.5352984666824341,0.8330978452365336,0.5534996562173726,0.9079722762107849
23,1,25,0.7711440324783325,0.6349676251411438,0.9640077722960347,0.6124419373874722,0.3782922923564911
23,1,26,0.7929203510284424,0.681010901927948,0.950459128391828,0.687348182899105,0.5308828949928284
23,1,27,0.6380565166473389,0.8185179829597473,0.977826968994093,0.7513773737934498,0.29635217785835266
23,1,28,0.827214777469635,0.8440396189689636,0.9485015916539598,0.8048395740090297,0.39930856227874756
23,1,29,0.5761582255363464,0.8086940050125122,0.9435721964343977,0.7627150222502261,0.30234283208847046
23,1,30,0.806629478931427,0.8730576038360596,0.9149105073318742,0.8230481755278403,0.4598134160041809
23,1,31,0.5678568482398987,0.8710416555404663,1.0060365978878296,0.8001117172951795,0.3121216893196106
23,1,32,0.868133544921875,0.8867222666740417,1.0577115950820184,0.8308616244306116,0.39216193556785583
24,1,0,0.6462830305099487,0.15952840447425842,0.5985574148195585,0.1976866674399743,0.905661404132843
24,1,1,0.6196177005767822,0.13233138620853424,0.5746012777766567,0.16969550955794424,0.8875716924667358
24,1,2,0.6196062564849854,0.128827303647995,0.5686014524199927,0.16453173410032473,0.88249671459198
24,1,3,0.624437689781189,0.12438759952783585,0.5727197336709985,0.16114538678496915,0.8865380883216858
24,1,4,0.6049654483795166,0.13664822280406952,0.5768293605054415,0.17818061894502396,0.9140971899032593
24,1,5,0.5925689339637756,0.13601917028427124,0.566520825464373,0.17902512323065584,0.9146213531494141
24,1,6,0.5802657008171082,0.13320164382457733,0.5560984980096135,0.18035545702575836,0.9248592257499695
24,1,7,0.597773015499115,0.1213659793138504,0.5427415208378301,0.15701952926236207,0.896449863910675
24,1,8,0.5350290536880493,0.13780374825000763,0.4962293856979364,0.18582931636974473,0.9383220076560974
24,1,9,0.6591536402702332,0.1678229570388794,0.6026053273697158,0.211608042881787,0.9458993673324585
24,1,10,0.629611611366272,0.17536957561969757,0.5755859335769863,0.21953698954833037,0.9664697051048279
24,1,11,0.5923737287521362,0.1753907948732376,0.5191665166548215,0.20467874017498797,0.9728422164916992
24,1,12,0.3596813976764679,0.2155310958623886,0.3728683103012684,0.2920350289876001,0.9890395998954773
24,1,13,0.6366710066795349,0.26405051350593567,0.6448807988329525,0.2600789979677613,0.3102525770664215
24,1,14,0.2704850137233734,0.36033904552459717,0.39883686234866,0.45331336622575186,0.5836535096168518
24,1,15,0.6503716707229614,0.2986764907836914,0.6657748786831956,0.29652543365465045,0.18645983934402466
24,1,16,0.48202937841415405,0.29263022541999817,0.47850877220617793,0.48611108518992624,0.3843967914581299
24,1,17,0.6293590068817139,0.3066600263118744,0.6455373417172494,0.2995337157066928,0.17774417996406555
24,1,18,0.5652548670768738,0.2749158442020416,0.5081329682936734,0.49431881930067767,0.35653719305992126
24,1,19,0.6020384430885315,0.29405221343040466,0.63358318037333,0.29437392633483367,0.17922720313072205
24,1,20,0.5194777250289917,0.25689366459846497,0.46864297511356506,0.4840730055634967,0.3785308003425598
24,1,21,0.6026064157485962,0.2972489893436432,0.6441482978656616,0.2983254472363724,0.18584847450256348
24,1,22,0.513169527053833,0.2648843824863434,0.4663915594248211,0.47854479137777295,0.3779006600379944
24,1,23,0.859617292881012,0.4937422275543213,0.8893921412531418,0.49600946980708377,0.9181658625602722
24,1,24,0.616392195224762,0.5212371349334717,0.7953256712076469,0.5479073006069841,0.9165610671043396
24,1,25,0.9506579637527466,0.5859344005584717,0.9616947554131812,0.6078479374321633,0.4188178777694702
24,1,26,0.5349713563919067,0.6211593151092529,0.8776054334758465,0.6758633802348105,0.5717077255249023
24,1,27,0.7467406988143921,0.7641887068748474,0.9375225771363448,0.7535967702703735,0.3364954888820648
24,1,28,0.5504953861236572,0.8020480871200562,0.8787427291811635,0.8043561280420742,0.45042213797569275
24,1,29,0.6829193830490112,0.7814245820045471,0.8980698977993324,0.7659567798340892,0.33784860372543335
24,1,30,0.5510963797569275,0.8444979786872864,0.8512084597354173,0.8267650335630286,0.5023528337478638
24,1,31,0.7638064622879028,0.842104971408844,0.9637711641445073,0.8073928821816304,0.34912100434303284
24,1,32,0.5035394430160522,0.9014922380447388,0.9601281682492095,0.8431187047416695,0.44303610920906067
25,1,0,0.5656583905220032,0.1383109986782074,0.5928546154937493,0.18738618533914778,0.9117473363876343
25,1,1,0.5559903383255005,0.1078333929181099,0.5713765970911534,0.15896287974698817,0.8951001167297363
25,1,2,0.557744026184082,0.10758756101131439,0.5667206447046469,0.15465378949510006,0.890647828578949
25,1,3,0.5591330528259277,0.10725760459899902,0.5703659503595343,0.15179848242582544,0.8947501182556152
25,1,4,0.545142650604248,0.10866541415452957,0.5713369228376938,0.1661174640661393,0.9190678596496582
25,1,5,0.5401293635368347,0.10929492115974426,0.5619469737116136,0.16692457975119768,0.9192354679107666
25,1,6,0.530759334564209,0.11088014394044876,0.5517071586381391,0.1682992359373937,0.9287753701210022
25,1,7,0.5399085879325867,0.11818914860486984,0.5422508981620335,0.15028739295077753,0.9036957025527954
25,1,8,0.5128355026245117,0.11874932795763016,0.49910651990699745,0.17418959735768286,0.9399632811546326
25,1,9,0.5519928336143494,0.13977664709091187,0.5938273655753294,0.19914208684733445,0.9497087597846985
25,1,10,0.5397437810897827,0.15534284710884094,0.5693724291978688,0.2083989877003587,0.9677531719207764
25,1,11,0.5446404218673706,0.19248373806476593,0.5235812235806055,0.20256614743842688,0.9754442572593689
25,1,12,0.3509206473827362,0.2173658162355423,0.3690651141756994,0.2790754387219301,0.989956259727478
25,1,13,0.6819802522659302,0.2808891236782074,0.6513123050631986,0.2636849528856269,0.3304649889469147
25,1,14,0.340812087059021,0.34852609038352966,0.3887710708652076,0.43510993983203794,0.5730698704719543
25,1,15,0.6497239470481873,0.3663114011287689,0.6629938197424183,0.3086356659044575,0.1972724348306656
25,1,16,0.505797803401947,0.3732384145259857,0.4832382942415712,0.4664980696793002,0.3831171989440918
25,1,17,0.6918681859970093,0.40569305419921875,0.6535710784365362,0.31797604613221364,0.18872225284576416
25,1,18,0.5712717771530151,0.3812680244445801,0.5190874991316969,0.4746746445379509,0.36112019419670105
25,1,19,0.6590348482131958,0.3919457495212555,0.6379937115585622,0.3113200479451763,0.18993845582008362
25,1,20,0.5248100161552429,0.3711604177951813,0.47838586102656194,0.4644529075014983,0.38224172592163086
25,1,21,0.6597476601600647,0.38393598794937134,0.6468507370200063,0.3131888215003638,0.19644829630851746
25,1,22,0.522792637348175,0.3685234785079956,0.4761751060211409,0.45942880926589597,0.3815039396286011
25,1,23,0.6836587190628052,0.45379024744033813,0.8535438274525128,0.48868905630069776,0.9258278012275696
25,1,24,0.533845841884613,0.4677179753780365,0.7496883595123982,0.5339873631119827,0.924221932888031
25,1,25,0.6432219743728638,0.6111485958099365,0.9060117765338694,0.6084195701753937,0.45952108502388
25,1,26,0.5154428482055664,0.6599417924880981,0.8142014448730143,0.6731049003866706,0.6009728908538818
25,1,27,0.5337087512016296,0.8121164441108704,0.8667328233350339,0.763748467436157,0.37259891629219055
25,1,28,0.4785049855709076,0.8422217965126038,0.8085886600763752,0.8109207991565077,0.48135343194007874
25,1,29,0.5051811337471008,0.8456864356994629,0.8292160181874204,0.7797966604327758,0.3710762858390808
25,1,30,0.46598997712135315,0.8713846206665039,0.7837167767841553,0.8345021776805878,0.5286975502967834
25,1,31,0.514350175857544,0.9035301804542542,0.8848749235842077,0.8240891155905068,0.3835209310054779
25,1,32,0.4442823529243469,0.9194979667663574,0.8693952935057142,0.8563756943680982,0.4751976430416107
26,1,0,0.5489225387573242,0.12529930472373962,0.5852367992431541,0.17661448171526797,0.9159529805183411
26,1,1,0.528369665145874,0.10499271005392075,0.5639194126531974,0.14960165679690032,0.9022517800331116
26,1,2,0.5175452828407288,0.10557250678539276,0.5581923030299086,0.14614180249907738,0.8988746404647827
26,1,3,0.5065307021141052,0.10610582679510117,0.559290317862108,0.1438749785999977,0.9025720953941345
26,1,4,0.5554233193397522,0.1023879125714302,0.5685798336095605,0.15506021958671573,0.9227595329284668
26,1,5,0.5616949200630188,0.10136668384075165,0.5619033250864096,0.15554948783289568,0.922596275806427
26,1,6,0.5638673305511475,0.10094168037176132,0.5538137158293652,0.1566112493279991,0.9306909441947937
26,1,7,0.4783993065357208,0.11407595127820969,0.5311724543497653,0.14400980217867457,0.9113410711288452
26,1,8,0.53761225938797,0.10883969813585281,0.5057823153240463,0.16285066520162733,0.9407966732978821
26,1,9,0.5255504846572876,0.13703183829784393,0.5819795124365703,0.18836631772635465,0.9528056979179382
26,1,10,0.5535191297531128,0.1373784989118576,0.5666257908855431,0.19607405218063878,0.9669288992881775
26,1,11,0.3088386356830597,0.2050941288471222,0.48615426632094305,0.20300395286840167,0.9777907729148865
26,1,12,0.5093787908554077,0.21202297508716583,0.393465779100727,0.26744046636886437,0.9903161525726318
26,1,13,0.28255367279052734,0.32733485102653503,0.5867460846385624,0.274728328317398,0.370023250579834
26,1,14,0.6086825728416443,0.31568509340286255,0.4271045162257898,0.4143546201610623,0.5559713244438171
26,1,15,0.38890382647514343,0.38504233956336975,0.615136616670351,0.3218974571152821,0.202906996011734
26,1,16,0.6348641514778137,0.32905319333076477,0.5096149783496743,0.44259782748266197,0.3655279278755188
26,1,17,0.4070746600627899,0.401223361492157,0.610566686384843,0.33242813441641517,0.19319823384284973
26,1,18,0.6634148955345154,0.329380601644516,0.5441891366476449,0.44940347594017094,0.34764528274536133
26,1,19,0.41863715648651123,0.3869864344596863,0.5997550738088546,0.3244530662486711,0.19393345713615417
26,1,20,0.5997673273086548,0.3238709568977356,0.49948220627225387,0.44000474149723745,0.3676062822341919
26,1,21,0.4241199791431427,0.3832750618457794,0.6080202163494869,0.3253512812145855,0.1990172117948532
26,1,22,0.5997146964073181,0.323040634393692,0.49764791536735387,0.4357130103120044,0.36686480045318604
26,1,23,0.5508614182472229,0.46925580501556396,0.8006501510459539,0.48532181845234545,0.9329678416252136
26,1,24,0.5700984597206116,0.47079646587371826,0.718419862840323,0.523023736610392,0.9311342239379883
26,1,25,0.5344647765159607,0.655430018901825,0.8409470087861455,0.6165718911960982,0.503016471862793
26,1,26,0.5036504864692688,0.6618950366973877,0.7599161087924863,0.6711630216756898,0.6269233226776123
26,1,27,0.5120334625244141,0.8612263798713684,0.8046438134634333,0.7806782125661537,0.4226638972759247
26,1,28,0.45136308670043945,0.8351607322692871,0.7460538109135065,0.8151214962639852,0.5137280225753784
26,1,29,0.492402583360672,0.8980854153633118,0.7702880845341192,0.8003535778977591,0.4175056517124176
26,1,30,0.43122443556785583,0.8505771160125732,0.722019137445115,0.8372872249314851,0.563840389251709
26,1,31,0.4840756356716156,0.941692054271698,0.814616199741457,0.8445264641973154,0.4270881712436676
26,1,32,0.4046180546283722,0.9248157739639282,0.7877678854888391,0.8682518844498095,0.5082311630249023
27,1,0,0.5618590116500854,0.1119406446814537,0.5811855955720093,0.16539308115265186,0.9181450009346008
27,1,1,0.534841001033783,0.09617816656827927,0.5588794714265581,0.14033540555138876,0.9065214991569519
27,1,2,0.518243134021759,0.09700216352939606,0.5512659519254778,0.13761967797191146,0.9035792946815491
27,1,3,0.5018267631530762,0.09829829633235931,0.5493220987425692,0.13597161147843734,0.9071198105812073
27,1,4,0.5812169313430786,0.09432672709226608,0.5707690399231397,0.14452374136599355,0.9251089692115784
27,1,5,0.5945798754692078,0.09372930228710175,0.5675675073028174,0.14482413145321543,0.9246072769165039
27,1,6,0.6036240458488464,0.09357119351625443,0.5624523268337718,0.14567385281299552,0.9320036172866821
27,1,7,0.4706882834434509,0.10965630412101746,0.5206793207865387,0.13805463474191948,0.9159250855445862
27,1,8,0.5674222707748413,0.10373223572969437,0.51647634302839,0.1525948744205648,0.9396147727966309
27,1,9,0.5288413763046265,0.12772482633590698,0.5727628171005916,0.17784582888086575,0.952292263507843
27,1,10,0.581157922744751,0.12637007236480713,0.5691434281256741,0.1839780547370345,0.9639918208122253
27,1,11,0.22083680331707,0.21072140336036682,0.43984275805505146,0.2043406989131922,0.9795493483543396
27,1,12,0.7261354923248291,0.2033586949110031,0.4516496950577146,0.2563219603756525,0.9907141327857971
27,1,13,0.18095611035823822,0.3615497052669525,0.5156169731781222,0.28980247548079074,0.403931200504303
27,1,14,0.8534752726554871,0.3463073968887329,0.5018836449327791,0.40254660068092424,0.5743253231048584
27,1,15,0.2644270360469818,0.37244999408721924,0.5537617674157053,0.3306649917236494,0.19320990145206451
27,1,16,0.7377007007598877,0.34585076570510864,0.5493832944556285,0.4257950010970425,0.3427978456020355
27,1,17,0.32224878668785095,0.35775405168533325,0.5602034784516712,0.33681719197258625,0.18348164856433868
27,1,18,0.7425451278686523,0.33639711141586304,0.5787433037917189,0.42976713584900145,0.32639750838279724
27,1,19,0.3644125461578369,0.33545342087745667,0.5587103187753091,0.3263586394840979,0.1840946227312088
27,1,20,0.6719188094139099,0.32848161458969116,0.5294978698195372,0.42062698421846134,0.34455645084381104
27,1,21,0.36613425612449646,0.33972957730293274,0.5658262268047722,0.327842260956843,0.18851669132709503
27,1,22,0.6753676533699036,0.3293028473854065,0.5285880734138594,0.41722653473650867,0.3441178500652313
27,1,23,0.4334563612937927,0.5000510215759277,0.7363597741216288,0.48787361356470055,0.9389367699623108
27,1,24,0.6645581126213074,0.5090322494506836,0.7090771793005267,0.5205997945068862,0.9373795390129089
27,1,25,0.4089140295982361,0.6613367199897766,0.7651543531181816,0.6243342700456258,0.5014673471450806
27,1,26,0.6971760988235474,0.6973386406898499,0.7490297482351854,0.6756994311222784,0.6414174437522888
27,1,27,0.4694984555244446,0.8133410215377808,0.7460124232010987,0.7863400112333672,0.4405320882797241
27,1,28,0.5520493388175964,0.8681865930557251,0.7122566075675892,0.8243254600110993,0.5483304262161255
27,1,29,0.46969082951545715,0.8316171765327454,0.7177538438522533,0.8057726105037715,0.4524081349372864
27,1,30,0.5131399035453796,0.8850909471511841,0.6856144973058126,0.8455773089917838,0.600229799747467
27,1,31,0.4580002725124359,0.8532928824424744,0.7521854614180508,0.8460449546821204,0.44576072692871094
27,1,32,0.5503532886505127,0.9635155200958252,0.7463516587190491,0.8847959866063767,0.5378017425537109
28,1,0,0.5423498153686523,0.09902474284172058,0.5744525098443157,0.15387708189470414,0.9240000247955322
28,1,1,0.5118106603622437,0.08231082558631897,0.5507169848896264,0.13026970828555426,0.9138950109481812
28,1,2,0.49331212043762207,0.08218386024236679,0.5412125405223865,0.12800380988292545,0.9110854864120483
28,1,3,0.47457805275917053,0.08251442015171051,0.536349507411529,0.12669950634355032,0.9143026471138
28,1,4,0.5643952488899231,0.08245981484651566,0.5696650742543745,0.13375601714137664,0.9304183125495911
28,1,5,0.5821080207824707,0.08224950730800629,0.5700866003756607,0.13396763655571486,0.9297857880592346
28,1,6,0.5987229347229004,0.0823880061507225,0.5687401883631242,0.1346937275564405,0.9365637302398682
28,1,7,0.4510590136051178,0.09406144917011261,0.5085978838012691,0.13042622302762047,0.922416090965271
28,1,8,0.5691936016082764,0.09276983141899109,0.5256199114105851,0.14221627880642596,0.9425681233406067
28,1,9,0.5141183137893677,0.11426704376935959,0.5625893749077583,0.1668147839970746,0.9551488757133484
28,1,10,0.5746490955352783,0.11479911208152771,0.5700970057440833,0.1719733525303027,0.9651535153388977
28,1,11,0.21543243527412415,0.20381900668144226,0.40071892407216597,0.20425035564887994,0.9811530113220215
28,1,12,0.7950907945632935,0.20864498615264893,0.5117376918447485,0.2480538385292297,0.9912862777709961
28,1,13,0.20236971974372864,0.35743606090545654,0.46085852160879354,0.3015384530257015,0.4376051425933838
28,1,14,0.9428750276565552,0.3617077171802521,0.5792625342792662,0.39546574877893165,0.5862155556678772
28,1,15,0.3036768138408661,0.3641188144683838,0.5101265158639114,0.3364640498697832,0.1807825118303299
28,1,16,0.7550278902053833,0.3781984746456146,0.5852151620920706,0.41754072494967187,0.3156350553035736
28,1,17,0.3376635015010834,0.3514687716960907,0.5214061849263536,0.3393555397708239,0.17151206731796265
28,1,18,0.7606484293937683,0.3835856318473816,0.6104163165266354,0.42175856498999,0.30016660690307617
28,1,19,0.38599419593811035,0.3301880657672882,0.5286440942702773,0.32702186147135204,0.1718769669532776
28,1,20,0.6851301789283752,0.3738538920879364,0.5565749765439812,0.41251567623967406,0.31613990664482117
28,1,21,0.3947928845882416,0.3329451084136963,0.5360545280632046,0.3287260613577653,0.17560048401355743
28,1,22,0.6766263246536255,0.36371392011642456,0.5543381160735945,0.40794461504897034,0.31589341163635254
28,1,23,0.39211878180503845,0.5023400783538818,0.6761282480495096,0.4903798704523332,0.944282054901123
28,1,24,0.6977256536483765,0.5117462277412415,0.7071107024813539,0.5190662041565605,0.9432324171066284
28,1,25,0.37164998054504395,0.5965855121612549,0.6961986617431357,0.6195249854350611,0.48632940649986267
28,1,26,0.7208859324455261,0.7158647775650024,0.7441515137385349,0.6826632812330348,0.6617754697799683
28,1,27,0.4134151339530945,0.6806662082672119,0.687831957218306,0.7679823055210312,0.44881826639175415
28,1,28,0.5872229933738708,0.8887697458267212,0.6905200064110056,0.8355069296295179,0.586693286895752
28,1,29,0.3973373770713806,0.7096282839775085,0.6617239872475875,0.789075139403032,0.483821839094162
28,1,30,0.5505244135856628,0.9045926928520203,0.6621225385006327,0.8558151606773915,0.6364302039146423
28,1,31,0.4131605923175812,0.7612603306770325,0.6928664206170483,0.8313253577570612,0.44952282309532166
28,1,32,0.5898128151893616,0.9769452214241028,0.7191105896738165,0.9007977510268046,0.5666175484657288
29,1,0,0.512382984161377,0.1035708338022232,0.5636838112072796,0.14515232064886102,0.9121450185775757
29,1,1,0.5076304078102112,0.08838069438934326,0.5432459741451451,0.12300661103277495,0.9017348289489746
29,1,2,0.5020936131477356,0.08832712471485138,0.5344303052600167,0.12112476465874779,0.901768147945404
29,1,3,0.4969228208065033,0.08838789910078049,0.5295138463623187,0.12005740798613787,0.9068372249603271
29,1,4,0.529869794845581,0.08774885535240173,0.5627654521872376,0.12577788835426526,0.9130394458770752
29,1,5,0.5408037900924683,0.08717034757137299,0.5650112129977061,0.12585229799179862,0.9118590354919434
29,1,6,0.5529951453208923,0.08604329824447632,0.5660123198559834,0.126256557042709,0.9191921949386597
29,1,7,0.48900991678237915,0.09669116884469986,0.5052038186515332,0.12457836971422895,0.9113368391990662
29,1,8,0.557723879814148,0.09402333945035934,0.5311847551837074,0.1338585643543645,0.9221459627151489
29,1,9,0.5092566609382629,0.11952891945838928,0.5533388770962733,0.15861459938494343,0.9505004286766052
29,1,10,0.5256931185722351,0.1192842423915863,0.5623972849844984,0.16283466729573307,0.9549726247787476
29,1,11,0.43205001950263977,0.19796684384346008,0.4061495407132388,0.20316202953346751,0.9825503826141357
29,1,12,0.506905198097229,0.18739664554595947,0.5109007534181508,0.2375305991102864,0.9913881421089172
29,1,13,0.5787842869758606,0.335281640291214,0.4813508303117627,0.3073877219211977,0.44887828826904297
29,1,14,0.6310118436813354,0.313302218914032,0.5882384342849322,0.38120217612391283,0.5460386872291565
29,1,15,0.47388362884521484,0.3587837219238281,0.5038430828280898,0.3403317629816793,0.1862581968307495
29,1,16,0.703768253326416,0.3372900187969208,0.6058185073578372,0.4036099091426355,0.2878094017505646
29,1,17,0.3919583261013031,0.35376015305519104,0.4989011060682128,0.3418510819037282,0.17761360108852386
29,1,18,0.7302608489990234,0.34793293476104736,0.6312448662569788,0.40894551311490746,0.27507248520851135
29,1,19,0.3940291702747345,0.3359910249710083,0.505237255385098,0.3285754790085025,0.17853522300720215
29,1,20,0.6779630780220032,0.33558565378189087,0.5776726849805369,0.3991625850170295,0.28973591327667236
29,1,21,0.40191787481307983,0.3373381495475769,0.5127312474433258,0.330217810513954,0.18036924302577972
29,1,22,0.6741978526115417,0.3327287435531616,0.5751692305881161,0.39488975068766835,0.2899702489376068
29,1,23,0.5079464912414551,0.48850545287132263,0.6468550648808737,0.4900552578381417,0.9484039545059204
29,1,24,0.4774267077445984,0.483049601316452,0.6670609622925607,0.5128224177142386,0.9463493824005127
29,1,25,0.5918557643890381,0.6247084736824036,0.6780706785452356,0.6204227530562874,0.5185340046882629
29,1,26,0.5664772391319275,0.6052508354187012,0.7132171172646815,0.6692265114976844,0.6828800439834595
29,1,27,0.5732595324516296,0.9052287340164185,0.6679199880417501,0.7918473341427883,0.49036338925361633
29,1,28,0.4555850625038147,0.8088864088058472,0.6495442673823384,0.830893345227551,0.6037067770957947
29,1,29,0.5470734238624573,0.9260299205780029,0.6417983000678193,0.8128892600275874,0.5132443904876709
29,1,30,0.4486348628997803,0.8328237533569336,0.6249112183421728,0.851830968102161,0.6435415744781494
29,1,31,0.5795543789863586,0.9494137167930603,0.673173417659222,0.8518473686932874,0.4894978106021881
29,1,32,0.4418192505836487,0.8728020191192627,0.6706837167288257,0.8959456426708788,0.5855304002761841
30,1,0,0.4866081178188324,0.09417914599180222,0.5503056099402991,0.13631171527504887,0.9179384112358093
30,1,1,0.46622028946876526,0.0800023302435875,0.529876479647522,0.11554988924540224,0.9093374609947205
30,1,2,0.45020246505737305,0.0802980586886406,0.5198075568395026,0.11404608739665408,0.9085780382156372
30,1,3,0.431345134973526,0.08057457208633423,0.5124637029754244,0.11321201261211962,0.9138835668563843
30,1,4,0.510498583316803,0.07941605895757675,0.5537001378671514,0.11773817124080733,0.9194709062576294
30,1,5,0.5258066058158875,0.0792609453201294,0.5582141231445653,0.11777272217545176,0.9177096486091614
30,1,6,0.5414416193962097,0.0789092555642128,0.5617542541587874,0.11804570211407306,0.9253097176551819
30,1,7,0.4164748191833496,0.09151887893676758,0.48979756294405113,0.1188477390461534,0.917743444442749
30,1,8,0.5607823133468628,0.08977168053388596,0.5363147553065474,0.12621387235051487,0.9270266890525818
30,1,9,0.46512216329574585,0.11134638637304306,0.5380217814902556,0.15041748050786252,0.9525616765022278
30,1,10,0.5136643648147583,0.11062309890985489,0.5539458017462673,0.1537789393623092,0.9561929106712341
30,1,11,0.2546902596950531,0.1725708246231079,0.3798014115814682,0.19785965556515328,0.983191967010498
30,1,12,0.6969500780105591,0.1875332146883011,0.5433000129659693,0.22885947253214933,0.991611123085022
30,1,13,0.2679049074649811,0.30115973949432373,0.4441494193048456,0.3063090174044184,0.47088322043418884
30,1,14,0.8470390439033508,0.30630257725715637,0.6334053667480648,0.36820245608527324,0.5637757778167725
30,1,15,0.31950849294662476,0.3346501588821411,0.4717433695832574,0.3393477087459857,0.1778477281332016
30,1,16,0.7371178865432739,0.31337466835975647,0.6286457248625588,0.38794120813914357,0.2688271403312683
30,1,17,0.32468709349632263,0.33432936668395996,0.4685729320046046,0.340548248509675,0.1691511571407318
30,1,18,0.7323382496833801,0.30938655138015747,0.6488046789274884,0.3916529453358464,0.25613972544670105
30,1,19,0.3657350242137909,0.31173017621040344,0.48097721380884945,0.32565689184062846,0.16972586512565613
30,1,20,0.6687114834785461,0.2967071533203125,0.5934812164432353,0.3813653755093271,0.2690699100494385
30,1,21,0.37879079580307007,0.3112713694572449,0.4894423481559884,0.32693497550422207,0.1707744300365448
30,1,22,0.6747071743011475,0.2978333830833435,0.5924580000368922,0.37803314612506445,0.2698591947555542
30,1,23,0.3557664752006531,0.49375778436660767,0.596003707404799,0.49069649827110445,0.9515707492828369
30,1,24,0.5864633321762085,0.5026418566703796,0.6530696278197992,0.5110588997171996,0.9503766894340515
30,1,25,0.35394448041915894,0.6692233681678772,0.6213898723996278,0.6288859820949234,0.5401879549026489
30,1,26,0.6124522686004639,0.692074179649353,0.6957136291266429,0.6731857696341018,0.7005578279495239
30,1,27,0.41203680634498596,0.9081506729125977,0.6232623608129485,0.812058084888853,0.5044976472854614
30,1,28,0.6037237048149109,0.8760879635810852,0.6415976944866331,0.8387303609086862,0.6185036301612854
30,1,29,0.4440229535102844,0.9248973727226257,0.607341390927589,0.8323511095675589,0.538612425327301
30,1,30,0.5795511603355408,1.0106183290481567,0.6170446235663456,0.8794594300679394,0.6618672609329224
30,1,31,0.32194480299949646,0.9119757413864136,0.6116999739324688,0.8622786867557911,0.490603506565094
30,1,32,0.6090998649597168,1.0375670194625854,0.6599977673387636,0.9205747104766032,0.5746124386787415
31,1,0,0.45828041434288025,0.08193489164113998,0.534325425677237,0.12687982985437835,0.9249589443206787
31,1,1,0.42551666498184204,0.07315333932638168,0.5117477006877524,0.10819867898167201,0.9172689318656921
31,1,2,0.40234658122062683,0.07397343218326569,0.4993949075019995,0.1070983073059857,0.9165326952934265
31,1,3,0.38156330585479736,0.07483923435211182,0.4897063526191479,0.10655929674304038,0.9213368892669678
31,1,4,0.4778794050216675,0.07274994999170303,0.5405402781581683,0.10993697667574043,0.9262836575508118
31,1,5,0.49935558438301086,0.07329677045345306,0.5480035148841276,0.11006047570200252,0.924680233001709
31,1,6,0.5164821147918701,0.07339894771575928,0.553903780432704,0.1103037974397764,0.9317999482154846
31,1,7,0.37685588002204895,0.09164117276668549,0.47017295308428136,0.11413250052184,0.924723207950592
31,1,8,0.5450460910797119,0.08890728652477264,0.5378271663829552,0.11974620500270423,0.9331484436988831
31,1,9,0.4353810250759125,0.10117728263139725,0.5201925226262667,0.141877880611822,0.9557181000709534
31,1,10,0.49845144152641296,0.10129280388355255,0.5443197641871078,0.1446755148944238,0.9587692022323608
31,1,11,0.2175838053226471,0.161119282245636,0.3515726642856739,0.19149026958893453,0.9845107793807983
31,1,12,0.7461646795272827,0.188620924949646,0.5786452849426761,0.22188288186574456,0.9922043085098267
31,1,13,0.2040044516324997,0.3050183355808258,0.4022614287522653,0.30608550070997426,0.47252824902534485
31,1,14,0.9239254593849182,0.32307136058807373,0.6841560557312711,0.36037640968683016,0.5551126599311829
31,1,15,0.203584223985672,0.28906509280204773,0.424930045424902,0.33062708071546726,0.17482590675354004
31,1,16,0.7952169179916382,0.2949901819229126,0.6576357104374984,0.3717996374062231,0.2511369287967682
31,1,17,0.20350630581378937,0.27747273445129395,0.422303756994921,0.3296047224825036,0.16797469556331635
31,1,18,0.7857029438018799,0.2799525558948517,0.6726092323309335,0.37224448633934865,0.23968857526779175
31,1,19,0.26058337092399597,0.2636745572090149,0.4425573356977958,0.31490337997144147,0.16832572221755981
31,1,20,0.7144392132759094,0.2704830467700958,0.6145039118888266,0.3620995231932832,0.25098541378974915
31,1,21,0.27759698033332825,0.27013248205184937,0.4525221534730869,0.31708165868354576,0.1682872176170349
31,1,22,0.7142564058303833,0.2781888544559479,0.6136272922958449,0.36069091298152633,0.2526879906654358
31,1,23,0.3047093451023102,0.5162951350212097,0.5451159322205633,0.4951328434068513,0.9562264084815979
31,1,24,0.6400941610336304,0.5224040150642395,0.6508217276792022,0.5130242085980489,0.9551329016685486
31,1,25,0.29113271832466125,0.738817572593689,0.5636264953997543,0.6479857945277111,0.5685261487960815
31,1,26,0.6134193539619446,0.7334002256393433,0.6814266380842636,0.683632008648655,0.7126368880271912
31,1,27,0.3885188102722168,0.9005041718482971,0.5823203487192645,0.827415123358827,0.5440254807472229
31,1,28,0.7009456753730774,0.885574996471405,0.6518924311040113,0.846853904461746,0.6462622880935669
31,1,29,0.4080117344856262,0.9037252068519592,0.5726126631927135,0.8447375747923651,0.5791642665863037
31,1,30,0.6803710460662842,0.8946809768676758,0.6280307931957566,0.8820965718983671,0.6894283890724182
31,1,31,0.3730708956718445,0.9637873768806458,0.5700739073547803,0.8799106845657211,0.534194827079773
31,1,32,0.7211664319038391,1.000665545463562,0.6706084695639694,0.9344775488595999,0.6083019971847534
32,1,0,0.47956323623657227,0.10611313581466675,0.5248265736383181,0.12328139300683034,0.931283712387085
32,1,1,0.4486820101737976,0.08600640296936035,0.5008058281720643,0.10435305608588226,0.9247790575027466
32,1,2,0.42319613695144653,0.08296950161457062,0.4861692325108298,0.1029168674870071,0.9240898489952087
32,1,3,0.40073758363723755,0.08053110539913177,0.47425828431277245,0.10204844306357187,0.9284213185310364
32,1,4,0.5072914958000183,0.09023932367563248,0.5347767989920905,0.10652389289881334,0.9326932430267334
32,1,5,0.5293678641319275,0.0909469723701477,0.5447745557689139,0.10674866755034301,0.9312835931777954
32,1,6,0.5470877289772034,0.09146157652139664,0.5527231981435377,0.10703902084673171,0.937732994556427
32,1,7,0.38863441348075867,0.09703674912452698,0.45601820928433606,0.11117049270142505,0.9315338134765625
32,1,8,0.5755189657211304,0.10522612929344177,0.5443616868055723,0.11723065035981248,0.9390925765037537
32,1,9,0.4508226215839386,0.12433985620737076,0.5081545850739189,0.13883920029961921,0.9591993093490601
32,1,10,0.514926016330719,0.1263105273246765,0.539225123209748,0.14149347271459645,0.9617494940757751
32,1,11,0.2294420748949051,0.16780604422092438,0.3303451989961375,0.18738593289626268,0.9858479499816895
32,1,12,0.7753981351852417,0.21532194316387177,0.6129194901474274,0.22074649176665795,0.9922124743461609
32,1,13,0.1361154466867447,0.3384535312652588,0.3558022006816102,0.3116961558093617,0.5122637152671814
32,1,14,0.9480507969856262,0.34234920144081116,0.7302193490520623,0.3572529124332726,0.5437986850738525
32,1,15,0.16496746242046356,0.2924996614456177,0.379558541533065,0.32401696392860396,0.17277081310749054
32,1,16,0.8609610795974731,0.2760127782821655,0.6930612655535431,0.35516420808894833,0.236749529838562
32,1,17,0.1459423154592514,0.2709071934223175,0.374046661565156,0.3194221000851762,0.16404615342617035
32,1,18,0.8521313667297363,0.25678449869155884,0.7038652278131992,0.3521805374462218,0.22685474157333374
32,1,19,0.21678628027439117,0.2510020434856415,0.40319375507096905,0.3038162879538415,0.164009228348732
32,1,20,0.7698702812194824,0.24433042109012604,0.6415346453621732,0.34163289084586224,0.23688960075378418
32,1,21,0.23980672657489777,0.25930094718933105,0.41544935068910843,0.3070583537886352,0.16402176022529602
32,1,22,0.7714784741401672,0.2521427869796753,0.6410923743201361,0.3418319913432905,0.23820248246192932
32,1,23,0.3223351836204529,0.519231379032135,0.5062762837124302,0.4993090274489973,0.9605243802070618
32,1,24,0.664656937122345,0.5194238424301147,0.6532185309759566,0.5141326496346903,0.9593440294265747
32,1,25,0.29552367329597473,0.7586938142776489,0.5168206270009073,0.6672209894702883,0.6003596186637878
32,1,26,0.6040260791778564,0.7081079483032227,0.6679913220475436,0.6878736413560628,0.6765595078468323
32,1,27,0.34866786003112793,0.8624554872512817,0.5415704278113718,0.8334895060451827,0.577439546585083
32,1,28,0.7147596478462219,0.7866445779800415,0.6627989556198344,0.8364085482462125,0.6322024464607239
32,1,29,0.4259282052516937,0.8697985410690308,0.5470966568580522,0.8490806874157248,0.6144015192985535
32,1,30,0.7329186797142029,0.8003267645835876,0.6462502125190621,0.867901679971838,0.6958698630332947
32,1,31,0.3082345426082611,0.9182174801826477,0.5243683451939528,0.8865519640820769,0.5604347586631775
32,1,32,0.6611835956573486,0.8392435908317566,0.6689757180182789,0.9179387024547485,0.5966775417327881
33,1,0,0.43263331055641174,0.1434554010629654,0.5088171130073531,0.12677705253880486,0.9369025826454163
33,1,1,0.4590437710285187,0.11781010031700134,0.4935647572562846,0.10668436156935673,0.9305891394615173
33,1,2,0.4572623074054718,0.113925039768219,0.4811590257022098,0.10482378904254334,0.9300391674041748
33,1,3,0.45287275314331055,0.10923301428556442,0.4705525329058236,0.10329286766952386,0.9341578483581543
33,1,4,0.4403049647808075,0.12149780243635178,0.5183705763500097,0.10911809841496911,0.9373199939727783
33,1,5,0.4405888020992279,0.11999252438545227,0.5266761410225873,0.10904302483814768,0.9358715415000916
33,1,6,0.4372669756412506,0.11789444088935852,0.5326602038304757,0.10891947174137273,0.9420450329780579
33,1,7,0.4826875329017639,0.1092037558555603,0.4606402382941606,0.11082989106282028,0.9364380240440369
33,1,8,0.46442556381225586,0.11121197789907455,0.5304858547541649,0.11618820216281726,0.9425973892211914
33,1,9,0.4731062352657318,0.15371842682361603,0.5020788143970514,0.1414169945654235,0.9620320796966553
33,1,10,0.4498301148414612,0.15777328610420227,0.5237029188578048,0.14431403349323468,0.9641398191452026
33,1,11,0.7806687355041504,0.19148239493370056,0.40937954279151384,0.18809540720573587,0.9870350956916809
33,1,12,0.30072030425071716,0.2179136723279953,0.5583509206025234,0.22025588735088875,0.9927628040313721
33,1,13,0.9490945935249329,0.34552037715911865,0.46036367058795746,0.31755948242381254,0.5299513339996338
33,1,14,0.09727386385202408,0.3541863262653351,0.6185399983774533,0.35672181760070487,0.5493959188461304
33,1,15,0.7817190289497375,0.30868422985076904,0.450037321302863,0.32136055985659295,0.20392102003097534
33,1,16,0.11807635426521301,0.32635754346847534,0.5917774281121773,0.3501713591347738,0.25328391790390015
33,1,17,0.7503258585929871,0.30213648080825806,0.4399392223441285,0.31642718077682375,0.1917233020067215
33,1,18,0.11679685860872269,0.32453423738479614,0.6004157894839963,0.3473889599651863,0.24015939235687256
33,1,19,0.7191534638404846,0.2836513817310333,0.45842520931205777,0.3003221978810743,0.1911393254995346
33,1,20,0.14075468480587006,0.3071520924568176,0.5535135394391121,0.33565554931458375,0.2506602704524994
33,1,21,0.7093346118927002,0.289339154958725,0.4667885657605314,0.303988271171972,0.1894592046737671
33,1,22,0.15092439949512482,0.3111967444419861,0.5549634459685593,0.33652190845593594,0.25230440497398376
33,1,23,0.6131354570388794,0.5503600835800171,0.5248394514501978,0.5081631421986927,0.9627841114997864
33,1,24,0.4006282091140747,0.5582190155982971,0.6091448990062843,0.5217772268867612,0.9618463516235352
33,1,25,0.7584785223007202,0.6447427868843079,0.5589683596715398,0.6633258056072638,0.6244981288909912
33,1,26,0.39287418127059937,0.6649826765060425,0.6199537761538284,0.6839068671122144,0.6974033117294312
33,1,27,0.4871695339679718,0.754304051399231,0.5321334695842243,0.8197443216521291,0.5856260061264038
33,1,28,0.34693294763565063,0.8059875965118408,0.6075784248662974,0.8311357115114103,0.6509199738502502
33,1,29,0.5210717916488647,0.7657014727592468,0.5425859854233334,0.834605717638874,0.6176040172576904
33,1,30,0.34917086362838745,0.8206529021263123,0.5943430408361043,0.8597079657553334,0.7017015218734741
33,1,31,0.45875102281570435,0.8004663586616516,0.5129815141619274,0.8716059417167553,0.5741922855377197
33,1,32,0.3309779763221741,0.8755193948745728,0.6098455900914763,0.9105835736912409,0.6191759705543518
34,1,0,0.4320859909057617,0.14306063950061798,0.4954988314463683,0.12959826911213432,0.9365911483764648
34,1,1,0.4407729208469391,0.11773435026407242,0.4844082198864067,0.1085985295399997,0.9301830530166626
34,1,2,0.4419279396533966,0.11487547308206558,0.47435731100361206,0.10656497060900952,0.9294957518577576
34,1,3,0.45068609714508057,0.11175253242254257,0.467110175558783,0.10475820505178067,0.934537410736084
34,1,4,0.4084502160549164,0.1215212270617485,0.4992726702666068,0.1112667550451861,0.9349077343940735
34,1,5,0.4030877649784088,0.12057475000619888,0.505194737178442,0.1110406714224036,0.9323299527168274
34,1,6,0.3969730734825134,0.11927321553230286,0.5090673352794344,0.11071299238501521,0.9402236938476562
34,1,7,0.479538232088089,0.11093772202730179,0.46391466560366784,0.11084856427712535,0.9339770078659058
34,1,8,0.4437384605407715,0.11683174222707748,0.5154245861241643,0.11629964646036046,0.9360241889953613
34,1,9,0.4649844765663147,0.15441155433654785,0.4956479724557928,0.14366814763536684,0.9596786499023438
34,1,10,0.450703889131546,0.15724483132362366,0.5110338615971478,0.14655413571136838,0.9598503708839417
34,1,11,0.774471640586853,0.19827541708946228,0.4732962780095282,0.1898588257143726,0.9879071116447449
34,1,12,0.2879422903060913,0.21804209053516388,0.5111444875652367,0.21987249623624053,0.9929915070533752
34,1,13,0.9233863353729248,0.3421553373336792,0.5416595825443199,0.32182191816144873,0.5398327708244324
34,1,14,0.13540542125701904,0.3496209681034088,0.5336621359423482,0.3554918902305168,0.5275142192840576
34,1,15,0.7724723219871521,0.31827497482299805,0.506412839048524,0.3208261773694667,0.2149459421634674
34,1,16,0.20440587401390076,0.3462141156196594,0.523914236647714,0.34948599220545823,0.24762007594108582
34,1,17,0.7451037764549255,0.3161141574382782,0.49326758873868115,0.3163729737790984,0.20282374322414398
34,1,18,0.21974904835224152,0.35046181082725525,0.5337400590672422,0.3479211305423917,0.23575520515441895
34,1,19,0.7236600518226624,0.2969375550746918,0.5047209295801282,0.29973601692195573,0.20121830701828003
34,1,20,0.24077238142490387,0.33226144313812256,0.498846069659526,0.3350677222860496,0.2461232990026474
34,1,21,0.7224574089050293,0.29987800121307373,0.5114018953382564,0.3032764044657895,0.19856597483158112
34,1,22,0.24240697920322418,0.33266904950141907,0.5003286550430643,0.3358546215021079,0.24762830138206482
34,1,23,0.6316714882850647,0.5489388108253479,0.5433981180560606,0.5152329524763457,0.9637985825538635
34,1,24,0.43048956990242004,0.5512514114379883,0.5780403024663292,0.5268858123838671,0.9622247815132141
34,1,25,0.7794004082679749,0.6660314798355103,0.5973907518605645,0.6637943885550056,0.6300227642059326
34,1,26,0.38428279757499695,0.7112140655517578,0.578851875428642,0.6886395546620138,0.6820160746574402
34,1,27,0.5261220335960388,0.763175368309021,0.5310921928597179,0.8099315991895262,0.5758020281791687
34,1,28,0.41989460587501526,0.8151978850364685,0.5748917441822687,0.8283744233515778,0.6332428455352783
34,1,29,0.5322336554527283,0.7750930786132812,0.540792574954609,0.8242814540467349,0.6045596599578857
34,1,30,0.43393874168395996,0.8318618535995483,0.5664301314950159,0.8548818015719758,0.6763756275177002
34,1,31,0.4617234170436859,0.7940865159034729,0.5040905112367812,0.8581505942099873,0.5679402351379395
34,1,32,0.3705841600894928,0.8569568395614624,0.5681110820105159,0.9012820427414849,0.6070716381072998
35,1,0,0.42428088188171387,0.12477019429206848,0.4831395157548478,0.12876206550318262,0.937838613986969
35,1,1,0.4115576446056366,0.10333335399627686,0.47176497163834663,0.10768661008671017,0.9335705637931824
35,1,2,0.39674848318099976,0.10333913564682007,0.46088633960023156,0.10600629578274554,0.9335080981254578
35,1,3,0.3825377821922302,0.10355173051357269,0.4524274277486795,0.10454927123763864,0.9379127025604248
35,1,4,0.44852280616760254,0.10293960571289062,0.49047083806498637,0.1098243739085032,0.9377412796020508
35,1,5,0.45788654685020447,0.10251715034246445,0.4969906595802401,0.1095642671132258,0.9357626438140869
35,1,6,0.4640493094921112,0.10237632691860199,0.5012609464235677,0.10926896234415363,0.9426125884056091
35,1,7,0.40105584263801575,0.10942710191011429,0.45300876196760237,0.11060239796514297,0.9372422099113464
35,1,8,0.4953700304031372,0.10933844745159149,0.5119496265976539,0.11509391692496643,0.9390172958374023
35,1,9,0.4219466745853424,0.13963507115840912,0.4828567502268946,0.14296965134232936,0.9576492309570312
35,1,10,0.46692049503326416,0.13850945234298706,0.503384567746826,0.1451606931686834,0.9558637738227844
35,1,11,0.31585046648979187,0.20496636629104614,0.4459032568293894,0.19247619687678066,0.988889217376709
35,1,12,0.7460500597953796,0.22072863578796387,0.5521100596739039,0.2200207580962759,0.9935539364814758
35,1,13,0.120233915746212,0.3475506007671356,0.467761777177707,0.326280823093781,0.5410357713699341
35,1,14,1.0009593963623047,0.3613704741001129,0.6157139875955949,0.356510064908354,0.5556094646453857
35,1,15,-0.008468037471175194,0.39537835121154785,0.41587471916469887,0.33376535910530963,0.20249062776565552
35,1,16,0.998913049697876,0.47637447714805603,0.6073371380450384,0.3715429541017414,0.23431313037872314
35,1,17,-0.03398288041353226,0.4048684239387512,0.4005201891562582,0.331738547337693,0.19178646802902222
35,1,18,1.027021050453186,0.49654069542884827,0.6204201573032483,0.37377233535391685,0.22103910148143768
35,1,19,0.03727155178785324,0.39108672738075256,0.42263755443923784,0.31559870573961296,0.19044306874275208
35,1,20,0.981987476348877,0.49268174171447754,0.5837204734142485,0.36249080196580363,0.23014527559280396
35,1,21,0.060737378895282745,0.3882632851600647,0.43230503135700626,0.31803122654346544,0.1867552548646927
35,1,22,0.9716795682907104,0.4853648245334625,0.5831031550081763,0.36186146018300536,0.23185107111930847
35,1,23,0.4699803590774536,0.5598101615905762,0.5306557683401567,0.5229627687848574,0.9673326015472412
35,1,24,0.5931782722473145,0.5503449440002441,0.5806628852015077,0.530951110896251,0.9658031463623047
35,1,25,0.4287416934967041,0.7074949145317078,0.5680362785438233,0.6713719983156171,0.6207274794578552
35,1,26,0.4682316184043884,0.667086124420166,0.5596311398571215,0.6849047123814965,0.6529206037521362
35,1,27,0.41899487376213074,0.8371374011039734,0.5116135444073248,0.814646706567335,0.5940009951591492
35,1,28,0.5282223224639893,0.775346040725708,0.5667981436652154,0.8191768205613845,0.6228869557380676
35,1,29,0.43131789565086365,0.8420024514198303,0.5217712516256807,0.8273518495733192,0.6301277875900269
35,1,30,0.537682294845581,0.7808193564414978,0.5614472663349304,0.8420278135321762,0.69179368019104
35,1,31,0.38811787962913513,0.898124635219574,0.4839357285906318,0.8650812487423492,0.591903805732727
35,1,32,0.48455512523651123,0.8550814986228943,0.5536040712737854,0.8932703598462024,0.6158521771430969
36,1,0,0.416122704744339,0.10222887992858887,0.47151073900631724,0.12416362475802166,0.9400754570960999
36,1,1,0.3929760456085205,0.08686959743499756,0.458088682364385,0.10407945402896221,0.9374043345451355
36,1,2,0.3729640543460846,0.08856035768985748,0.44562048568370344,0.10298358334984456,0.9374101161956787
36,1,3,0.3514321446418762,0.08964831382036209,0.43488484295602764,0.10196770393479991,0.9414910674095154
36,1,4,0.45018520951271057,0.0860896036028862,0.48348607244261443,0.10571126986356806,0.9412311911582947
36,1,5,0.4665764570236206,0.08662298321723938,0.49171897456889024,0.10558876446557443,0.9396045804023743
36,1,6,0.480061799287796,0.08731793612241745,0.49758752019431524,0.10546517472461486,0.945966899394989
36,1,7,0.36299362778663635,0.09877187013626099,0.4373785642896753,0.10855296733293171,0.940413236618042
36,1,8,0.5164574384689331,0.10028263181447983,0.512730352674453,0.11252789140373737,0.9423850178718567
36,1,9,0.39862075448036194,0.11799510568380356,0.46823255987805995,0.13864153975028354,0.957892894744873
36,1,10,0.46645957231521606,0.1174275204539299,0.4969831257392422,0.14035410989781125,0.9554372429847717
36,1,11,0.2169499695301056,0.2106267213821411,0.4059836646220911,0.1956210507540834,0.9895555377006531
36,1,12,0.7856669425964355,0.2110193818807602,0.5928391601664851,0.21846155918272192,0.9939868450164795
36,1,13,0.10389711707830429,0.3535885810852051,0.4040637314466091,0.3310136135906112,0.5366076827049255
36,1,14,1.082329273223877,0.37724724411964417,0.6976478727247948,0.36010336479023686,0.5822584629058838
36,1,15,0.013875499367713928,0.39470669627189636,0.34541807898514815,0.34433795480023277,0.18815837800502777
36,1,16,1.1130152940750122,0.49343210458755493,0.6962323089633834,0.39272779862628465,0.22666551172733307
36,1,17,-0.010560687631368637,0.3999800980091095,0.3284520812738806,0.34358023655073805,0.17875227332115173
36,1,18,1.1501497030258179,0.5182356834411621,0.7136092832142094,0.3988976072810285,0.2114066630601883
36,1,19,0.05881359055638313,0.384138286113739,0.3589438388757668,0.32749221581628934,0.17766383290290833
36,1,20,1.1044894456863403,0.516402006149292,0.6753102468959096,0.38926682151301084,0.2191135734319687
36,1,21,0.08665899187326431,0.38371339440345764,0.3718263624207025,0.32942791827865286,0.1742311269044876
36,1,22,1.0855869054794312,0.508577823638916,0.6714294515757384,0.3873803169652511,0.22022287547588348
36,1,23,0.3742277920246124,0.53732830286026,0.5034388499411702,0.5254515352047223,0.9704605340957642
36,1,24,0.6320750713348389,0.5231367945671082,0.5895795512157774,0.5295975819291209,0.9687219262123108
36,1,25,0.3339932858943939,0.7228949069976807,0.5272202408351003,0.680308094737618,0.6269026398658752
36,1,26,0.5273403525352478,0.580594539642334,0.5540336708858059,0.6667846229403694,0.6051366329193115
36,1,27,0.43593335151672363,0.864208996295929,0.4984773947949743,0.8232422401366551,0.612779438495636
36,1,28,0.5592506527900696,0.7483646273612976,0.5654907772152798,0.8068881160144096,0.5891386270523071
36,1,29,0.4675523638725281,0.8948743939399719,0.5123663356183539,0.839068516148983,0.6577998399734497
36,1,30,0.5813800692558289,0.7767133712768555,0.5649009521770223,0.8306950563521955,0.6887521743774414
36,1,31,0.38801121711730957,0.9355655312538147,0.4672753043166567,0.8773129267461428,0.6140186786651611
36,1,32,0.540566086769104,0.7775916457176208,0.5513452274457263,0.8731685802201684,0.6004319190979004
37,1,0,0.42166635394096375,0.09626499563455582,0.46286618081372505,0.11932834236093982,0.9422497749328613
37,1,1,0.3952884078025818,0.08189902454614639,0.44719294455192615,0.10023588899042835,0.940821647644043
37,1,2,0.3763922452926636,0.08370717614889145,0.433607184632163,0.099643537345546,0.9407922625541687
37,1,3,0.3544226288795471,0.08536681532859802,0.4209173738598557,0.09909147956646949,0.94460129737854
37,1,4,0.4513976573944092,0.0797617956995964,0.4779239196697614,0.10121407112257584,0.9446161985397339
37,1,5,0.46784597635269165,0.07997212558984756,0.4875818895829939,0.10114929233089355,0.9431869983673096
37,1,6,0.48179885745048523,0.07935727387666702,0.4948520788337727,0.10094049787710005,0.9491267204284668
37,1,7,0.3618555963039398,0.09560954570770264,0.42427046453675993,0.10631067257455096,0.9434133768081665
37,1,8,0.5116202235221863,0.0939745083451271,0.5125381042407281,0.10931319388412666,0.9460397362709045
37,1,9,0.40389323234558105,0.11609119176864624,0.457069279436786,0.13473382868875397,0.9579265713691711
37,1,10,0.46695253252983093,0.11404655128717422,0.49177799937758493,0.13579480296978969,0.9560301303863525
37,1,11,0.21278831362724304,0.21308289468288422,0.3723341784725362,0.19864651793817165,0.9900288581848145
37,1,12,0.7616650462150574,0.19433200359344482,0.6222235233550389,0.21427999042759588,0.9943694472312927
37,1,13,0.15475666522979736,0.3599292039871216,0.3605672993365443,0.33602530422053173,0.5206295251846313
37,1,14,0.9848204255104065,0.35623911023139954,0.7478077561147896,0.35943410961230887,0.5896782279014587
37,1,15,0.13563597202301025,0.38102778792381287,0.3088589799494509,0.35069857600174326,0.1786772906780243
37,1,16,1.0103942155838013,0.4384298026561737,0.7511506400590584,0.40065291122498586,0.21202652156352997
37,1,17,0.1133580207824707,0.37583816051483154,0.290961097387607,0.3491717906800809,0.17169354856014252
37,1,18,1.0479952096939087,0.45490944385528564,0.7720982243013784,0.4086135410075382,0.1977698802947998
37,1,19,0.1769087016582489,0.3523235619068146,0.3272466913625367,0.3317954946071842,0.17070747911930084
37,1,20,1.0012927055358887,0.45111283659935,0.7323155928620685,0.3999966483584639,0.20467175543308258
37,1,21,0.20053809881210327,0.3530712127685547,0.3420102012425703,0.333525160377606,0.16641519963741302
37,1,22,0.9829691648483276,0.44646286964416504,0.7258856450890653,0.39762985515221516,0.20608551800251007
37,1,23,0.3727145493030548,0.5160816311836243,0.4807116216759359,0.5238284862456992,0.9732094407081604
37,1,24,0.6427726149559021,0.49692976474761963,0.5988056120811082,0.5239349159664907,0.9714683294296265
37,1,25,0.42659687995910645,0.7060248851776123,0.509741725954806,0.6847649427407324,0.6378010511398315
37,1,26,0.7379765510559082,0.6120584011077881,0.5860621165736523,0.6572920365807132,0.6128853559494019
37,1,27,0.4510861933231354,0.8781891465187073,0.4902585406531839,0.8327731632219657,0.6365727782249451
37,1,28,0.6332460045814514,0.7857654690742493,0.5772474070466619,0.8032279643060448,0.6057102680206299
37,1,29,0.4731406569480896,0.8863441348075867,0.5055652901437712,0.8472669141172753,0.6820240616798401
37,1,30,0.6248036623001099,0.8050942420959473,0.5752926267535216,0.8262583283793827,0.7051709294319153
37,1,31,0.42274677753448486,0.9373666644096375,0.4595534641622756,0.8877312604169639,0.6366075277328491
37,1,32,0.548402726650238,0.8600063323974609,0.5508355972047098,0.87088835875037,0.615600049495697
38,1,0,0.41407325863838196,0.10132235288619995,0.4544042488851206,0.11620854134381785,0.9333695769309998
38,1,1,0.39293909072875977,0.08767049759626389,0.43778240877069896,0.09805910759073112,0.9360436201095581
38,1,2,0.3800792992115021,0.08931033313274384,0.42432276713911793,0.09785357194971823,0.9347903728485107
38,1,3,0.3626148998737335,0.09078025817871094,0.4108033438505695,0.0976518589491128,0.9377699494361877
38,1,4,0.43296194076538086,0.08331076055765152,0.470127275438409,0.09811207057036912,0.9368875622749329
38,1,5,0.4478049874305725,0.08226185292005539,0.4806854390660284,0.09787668077921319,0.9339789748191833
38,1,6,0.46438831090927124,0.08098472654819489,0.48957179967492137,0.09748266620455388,0.9409991502761841
38,1,7,0.3749045133590698,0.09832105785608292,0.41570900818813283,0.10492677240547992,0.9369820952415466
38,1,8,0.4992145299911499,0.08982071280479431,0.5102299255362134,0.1059356862460449,0.9436944127082825
38,1,9,0.4104462265968323,0.12112449109554291,0.4489841832925575,0.13237612359221804,0.9539783000946045
38,1,10,0.45720553398132324,0.11523079127073288,0.4857848261191906,0.13223151302345967,0.9533674716949463
38,1,11,0.25995951890945435,0.19767916202545166,0.3528085510777767,0.1984789953356721,0.9905813336372375
38,1,12,0.7654555439949036,0.16291801631450653,0.6471342411184777,0.20537185895433868,0.9943965077400208
38,1,13,0.18232092261314392,0.33865728974342346,0.3295343293851675,0.33648112349540477,0.5340222716331482
38,1,14,0.9269508719444275,0.31876707077026367,0.7789981225302358,0.3523831454611822,0.572378933429718
38,1,15,0.1418057382106781,0.3183530569076538,0.279783487876821,0.345091840132631,0.18025445938110352
38,1,16,0.9472156167030334,0.3723032474517822,0.7853047174000689,0.39573939252167195,0.1949305683374405
38,1,17,0.11081956326961517,0.30865493416786194,0.259595178984429,0.34214692243722616,0.17545709013938904
38,1,18,1.007412314414978,0.37987691164016724,0.8131375686068657,0.40363289881870423,0.18231721222400665
38,1,19,0.16988709568977356,0.28184738755226135,0.29986648948078914,0.3231329705323793,0.1752595156431198
38,1,20,0.9943779706954956,0.3677891492843628,0.7780565799821384,0.3944138554537617,0.1885482221841812
38,1,21,0.1924085021018982,0.2843987047672272,0.3159859793623179,0.3250053442636813,0.169524148106575
38,1,22,0.9516468644142151,0.3645845949649811,0.7652478365154624,0.39190170231591864,0.19030167162418365
38,1,23,0.43952858448028564,0.4841136038303375,0.4735708949755417,0.5169428247887807,0.9737868309020996
38,1,24,0.6336997151374817,0.4782293140888214,0.604854509732913,0.5160091674188009,0.9700262546539307
38,1,25,0.47182995080947876,0.7072777152061462,0.5031687720147552,0.6886661419001191,0.6267470121383667
38,1,26,0.6829522252082825,0.6651692390441895,0.6028891288207925,0.6586564577059927,0.5935718417167664
38,1,27,0.46967580914497375,0.8895719051361084,0.4866918654995273,0.8426258497533834,0.6264002323150635
38,1,28,0.6596881151199341,0.8250837922096252,0.5915586161531956,0.8070152362141604,0.5717805624008179
38,1,29,0.5437462329864502,0.8999246954917908,0.512184459804102,0.8564001466718975,0.6774314641952515
38,1,30,0.6498064994812012,0.8465617895126343,0.5882247425454117,0.8297764362676782,0.6800282597541809
38,1,31,0.4561568796634674,0.9555560350418091,0.4589651845214103,0.8995004871857593,0.615592896938324
38,1,32,0.6070523858070374,0.9083807468414307,0.5605866723748696,0.8773882516465881,0.5756972432136536
39,1,0,0.45820048451423645,0.08502955734729767,0.45506171835502335,0.1108041890152012,0.9355184435844421
39,1,1,0.4285842478275299,0.07784494757652283,0.4361891103873945,0.09455647755297093,0.937781572341919
39,1,2,0.4111625850200653,0.08028775453567505,0.4220428978624997,0.09481007871190736,0.9366896748542786
39,1,3,0.3877775967121124,0.08231452107429504,0.4068131780577819,0.09499465517458618,0.9390466213226318
39,1,4,0.4799214005470276,0.07249311357736588,0.4718238259502178,0.09367219713165972,0.9391790628433228
39,1,5,0.49643898010253906,0.07226861268281937,0.48341477618968964,0.09343869578896734,0.9366652965545654
39,1,6,0.513322114944458,0.07167346775531769,0.4936875851480732,0.09300979730725767,0.9433563351631165
39,1,7,0.38887661695480347,0.0945901945233345,0.4110586585234195,0.10313622294910987,0.9384501576423645
39,1,8,0.5485653281211853,0.08619984984397888,0.51687614131168,0.10251598709461451,0.9463126063346863
39,1,9,0.4500332176685333,0.10643915086984634,0.44916585037576345,0.1278810938045247,0.9528490900993347
39,1,10,0.5090324878692627,0.10087990760803223,0.4898134465688376,0.12679721100574085,0.9530348777770996
39,1,11,0.2495095580816269,0.2118249386548996,0.33486469044438016,0.20079104917833465,0.9902515411376953
39,1,12,0.8125584721565247,0.15740586817264557,0.6759236883344911,0.19705356669849852,0.994627833366394
39,1,13,0.24472223222255707,0.37250229716300964,0.31480958711280504,0.34272569496892824,0.5092880129814148
39,1,14,0.9989376664161682,0.3330245912075043,0.8173380590051932,0.3490288529590198,0.5897611379623413
39,1,15,0.3328670859336853,0.3815132677555084,0.2889902174555281,0.35140587648875365,0.16664902865886688
39,1,16,1.0086885690689087,0.3926328122615814,0.8242493208376338,0.39520137319925625,0.1834006905555725
39,1,17,0.36207133531570435,0.39656177163124084,0.2773947081034545,0.35158540276924566,0.16413649916648865
39,1,18,1.0577470064163208,0.4055585265159607,0.8558098665630975,0.4039663803998295,0.17159532010555267
39,1,19,0.4104316830635071,0.37700727581977844,0.31907591036609856,0.33247753745147135,0.16379046440124512
39,1,20,1.031758427619934,0.3928529918193817,0.8223273547387082,0.3941435469693853,0.17681656777858734
39,1,21,0.42034950852394104,0.3690709173679352,0.33411462768274935,0.3326463238744417,0.15821927785873413
39,1,22,1.0101014375686646,0.38997945189476013,0.80796308883392,0.3915688056946748,0.17851634323596954
39,1,23,0.38337787985801697,0.5277957916259766,0.4579094031985872,0.5188228545847079,0.9748964309692383
39,1,24,0.7064481973648071,0.49978119134902954,0.6225010858171518,0.513197584414162,0.9711769223213196
39,1,25,0.40926042199134827,0.7119148969650269,0.4868601628436062,0.6926949662492367,0.6095779538154602
39,1,26,0.7576696872711182,0.6918498277664185,0.6298167630596311,0.664410303714707,0.6060119271278381
39,1,27,0.47594016790390015,0.8729727864265442,0.48482932247039623,0.8478858544260277,0.638908863067627
39,1,28,0.7271478772163391,0.8546103835105896,0.6151337261630192,0.8152691065201588,0.5957521796226501
39,1,29,0.4718022644519806,0.8923060894012451,0.5051827482893843,0.8626247263385858,0.6975976824760437
39,1,30,0.725498616695404,0.8743933439254761,0.6120940019186106,0.8375131352292452,0.70244961977005
39,1,31,0.3987117409706116,0.9345874786376953,0.44851170740303353,0.9055829480691587,0.6233490705490112
39,1,32,0.7192285656929016,0.9266278743743896,0.5881886201696861,0.8859277257427027,0.5895648002624512
40,1,0,0.4777553379535675,0.08575746417045593,0.45899425802559884,0.1064635600628426,0.9196991324424744
40,1,1,0.44785717129707336,0.07485935837030411,0.4382103797076783,0.0911434914567444,0.9257241487503052
40,1,2,0.4301900863647461,0.07805496454238892,0.4234540931359762,0.09190712057594837,0.9233731031417847
40,1,3,0.4073215425014496,0.07973992824554443,0.4069012128611362,0.09235177047078985,0.9268761277198792
40,1,4,0.4966222047805786,0.07155125588178635,0.47612137100445606,0.089838947481297,0.9277094006538391
40,1,5,0.5154703259468079,0.07183936983346939,0.4889711965909847,0.08969589335426251,0.9245179295539856
40,1,6,0.5319785475730896,0.07166226953268051,0.5003260779752334,0.08931065515923207,0.9336271286010742
40,1,7,0.4068867266178131,0.09254060685634613,0.4103361091923265,0.10130078747838601,0.9288999438285828
40,1,8,0.5613479018211365,0.08543039113283157,0.5245876413269803,0.09955574049208217,0.9394004344940186
40,1,9,0.4685070514678955,0.10837998986244202,0.45251711724486976,0.12450209128619434,0.9382493495941162
40,1,10,0.5270019769668579,0.10365471243858337,0.4962606011350827,0.122786815945371,0.9393700957298279
40,1,11,0.2542867362499237,0.21318237483501434,0.32087715101320274,0.202937663365719,0.9877423048019409
40,1,12,0.8226578831672668,0.16322478652000427,0.7014462174932505,0.1911894465237638,0.9937542080879211
40,1,13,0.2618972361087799,0.3767207860946655,0.30563196014538485,0.3486186701173011,0.48584243655204773
40,1,14,1.028054118156433,0.3297189474105835,0.8540601201643255,0.34568299574911554,0.5965587496757507
40,1,15,0.386984258890152,0.39512285590171814,0.30600918789991677,0.35898633343781317,0.15250049531459808
40,1,16,1.00334894657135,0.3895682394504547,0.855432267879284,0.3942257136517354,0.16930824518203735
40,1,17,0.42189523577690125,0.4184154272079468,0.30252548490116404,0.36318166684566333,0.15069086849689484
40,1,18,1.0342092514038086,0.4045543968677521,0.8868704659113859,0.40406820941992,0.15829317271709442
40,1,19,0.4699760973453522,0.3978520631790161,0.345324957957035,0.343820747708559,0.1503172069787979
40,1,20,1.0049281120300293,0.39238375425338745,0.8541236451126871,0.39383878634774283,0.16282154619693756
40,1,21,0.4778267443180084,0.3877945840358734,0.35910800694224376,0.3422122260893843,0.14534242451190948
40,1,22,0.9736970663070679,0.38773611187934875,0.8368076732073012,0.3909050190389965,0.16476769745349884
40,1,23,0.38835659623146057,0.5347602963447571,0.44583946463784363,0.5215840758846231,0.9728413224220276
40,1,24,0.738227903842926,0.5019890069961548,0.6426111255230809,0.5112559318801599,0.9680030345916748
40,1,25,0.4640721082687378,0.7662146091461182,0.4829111213708402,0.7054545656842943,0.6020814776420593
40,1,26,0.735243558883667,0.7369905114173889,0.6481312486146058,0.6770064724626582,0.6047210693359375
40,1,27,0.5009035468101501,0.9459390044212341,0.4876141760864298,0.8649158476297232,0.6195042133331299
40,1,28,0.7541785836219788,0.9471420049667358,0.6393123432165492,0.8381960986949103,0.569438099861145
40,1,29,0.5098733901977539,0.9645215272903442,0.5059951244144216,0.8803243252141275,0.6865293979644775
40,1,30,0.7521785497665405,0.9903610348701477,0.6364542049830492,0.8641034392545373,0.6848191022872925
40,1,31,0.43050068616867065,1.006378412246704,0.4453909242760751,0.9230906718008602,0.5854783058166504
40,1,32,0.8084368705749512,0.963373601436615,0.6265802942847933,0.8993702946643075,0.5461152791976929
41,1,0,0.49243244528770447,0.09139712154865265,0.4647905796001626,0.10385331017288475,0.912988543510437
41,1,1,0.46158307790756226,0.08031731098890305,0.44226068083435177,0.08926810278633635,0.9182503819465637
41,1,2,0.44590097665786743,0.08292403072118759,0.4273438483785956,0.09035109162136226,0.9163902997970581
41,1,3,0.42626112699508667,0.08469292521476746,0.41025572255995846,0.09102517681254513,0.9175739288330078
41,1,4,0.5081517100334167,0.07643242180347443,0.48167341908330685,0.08751639243875063,0.9214020371437073
41,1,5,0.5244524478912354,0.07632201164960861,0.49512205446453555,0.08737899582184905,0.9190388321876526
41,1,6,0.5400145053863525,0.07619522511959076,0.5072071415035637,0.08703854950750696,0.928306519985199
41,1,7,0.4296848773956299,0.0957106426358223,0.41368868976106415,0.10033257513828642,0.9204326272010803
41,1,8,0.5711811184883118,0.08955468237400055,0.532667568914505,0.09782332832970302,0.9367613196372986
41,1,9,0.48606202006340027,0.11291224509477615,0.4583319555289793,0.12249436861648631,0.9311773180961609
41,1,10,0.5407422184944153,0.10772867500782013,0.5039738067959033,0.12017800412425632,0.9337619543075562
41,1,11,0.2811131179332733,0.21721568703651428,0.3139829440774155,0.20541126043222724,0.986738383769989
41,1,12,0.8317866921424866,0.18032388389110565,0.7241061689938932,0.18930723194381213,0.993439257144928
41,1,13,0.2407015562057495,0.3638181984424591,0.29436578046826734,0.3512519883549628,0.48070886731147766
41,1,14,0.9681031107902527,0.3318941593170166,0.873877428299568,0.3432941796074395,0.5997870564460754
41,1,15,0.36610838770866394,0.39668479561805725,0.31643507036287055,0.36552200879961044,0.14362254738807678
41,1,16,0.9680469632148743,0.3506098985671997,0.8750005999586732,0.3866628256482948,0.1569821983575821
41,1,17,0.39206695556640625,0.4175087809562683,0.3180726519227723,0.3726049115911884,0.14293287694454193
41,1,18,1.0023659467697144,0.3546443283557892,0.9069412206625056,0.39549672413968495,0.1468714326620102
41,1,19,0.4426761269569397,0.3968659043312073,0.3622322260687737,0.353021276304171,0.1426730751991272
41,1,20,0.9665789008140564,0.33963343501091003,0.8736644084655045,0.3844367145731446,0.15077278017997742
41,1,21,0.4539031684398651,0.38670891523361206,0.37557013479726714,0.3499280652528587,0.1373966783285141
41,1,22,0.9361392259597778,0.33901944756507874,0.8540611210624347,0.3819059461043476,0.1527547687292099
41,1,23,0.43314456939697266,0.5331317186355591,0.44364020184660935,0.5235844842135059,0.9723665118217468
41,1,24,0.7404822111129761,0.5189964175224304,0.6596093139952656,0.5125966687102396,0.9680147767066956
41,1,25,0.5079871416091919,0.7498997449874878,0.48725672331011455,0.7131614680235291,0.6009565591812134
41,1,26,0.743313193321228,0.7401270866394043,0.664661009985465,0.687957850103219,0.6129013299942017
41,1,27,0.5371870398521423,0.9283353090286255,0.496211341550909,0.8759192068887688,0.6263428926467896
41,1,28,0.7282285094261169,0.9457319974899292,0.654750965462117,0.8568783846717707,0.5778775811195374
41,1,29,0.5386574864387512,0.9265549778938293,0.511656726297094,0.8883412694149563,0.6995108723640442
41,1,30,0.7344343066215515,0.9795844554901123,0.6534712500413467,0.8841708272169824,0.6966968178749084
41,1,31,0.4659828245639801,0.9612148404121399,0.44895893934829245,0.9297002485740689,0.5875850915908813
41,1,32,0.6393352150917053,0.9628247618675232,0.6287898835332181,0.9103797149469888,0.5417798757553101
42,1,0,0.47793707251548767,0.0983206182718277,0.4670680628920113,0.10289504989977222,0.919209897518158
42,1,1,0.45120882987976074,0.08522284775972366,0.44381065213754967,0.08856749754732593,0.924202561378479
42,1,2,0.43737494945526123,0.0872727558016777,0.42908146136670516,0.0898179644565189,0.9221779108047485
42,1,3,0.41888564825057983,0.08869718015193939,0.4117505564632366,0.09062200760733954,0.9233176112174988
42,1,4,0.49615392088890076,0.081824392080307,0.48418210648143745,0.086530535375186,0.9273765087127686
42,1,5,0.5146697163581848,0.08162733167409897,0.4985091228147275,0.0863828031670844,0.9251459836959839
42,1,6,0.5334428548812866,0.08140777051448822,0.5117539780483298,0.0860632977804273,0.9338633418083191
42,1,7,0.42470672726631165,0.09992918372154236,0.4155973193433775,0.10026271869531798,0.9260658025741577
42,1,8,0.557449460029602,0.09460869431495667,0.5369622659892687,0.09726659377380888,0.9414951205253601
42,1,9,0.47693315148353577,0.11990419030189514,0.46155493329778646,0.12204579039234172,0.9359590411186218
42,1,10,0.5275811553001404,0.11547966301441193,0.5080648076501897,0.11936427348851344,0.9385765194892883
42,1,11,0.24741892516613007,0.22169728577136993,0.3024329276656569,0.20823290419954088,0.9868656396865845
42,1,12,0.8142337203025818,0.1907687932252884,0.7397561707096955,0.1895603423929552,0.9937995076179504
42,1,13,0.16979502141475677,0.3747420012950897,0.27271271692113264,0.3553226463727725,0.5024261474609375
42,1,14,1.0377018451690674,0.35146212577819824,0.9023875469823343,0.3447089743367205,0.6315455436706543
42,1,15,0.3127536475658417,0.384339839220047,0.31579746832358185,0.3687825533954569,0.13360433280467987
42,1,16,0.9962340593338013,0.38835588097572327,0.8960718892792806,0.386956027991443,0.151310533285141
42,1,17,0.347373902797699,0.39290767908096313,0.3231511063085632,0.3761229092369647,0.13302089273929596
42,1,18,1.0002589225769043,0.39474841952323914,0.9231470750676706,0.39536713671243107,0.1404218077659607
42,1,19,0.40510982275009155,0.3723762631416321,0.36966679807335223,0.3563749494547817,0.13276468217372894
42,1,20,0.9706178903579712,0.3799503743648529,0.890503577820093,0.3836597067844009,0.1438082456588745
42,1,21,0.41443660855293274,0.3672369420528412,0.3823084139027645,0.3529270194936909,0.12791894376277924
42,1,22,0.956206738948822,0.37939780950546265,0.8718047416929887,0.38147157742463256,0.14600156247615814
42,1,23,0.411274254322052,0.5394574403762817,0.4380298304440188,0.5263345277738385,0.9736525416374207
42,1,24,0.7441678643226624,0.5308418869972229,0.6742895663997612,0.5157579382871504,0.9698362946510315
42,1,25,0.49990054965019226,0.7533004283905029,0.4894470529341914,0.7201207616561331,0.6093750596046448
42,1,26,0.7698001861572266,0.7565386891365051,0.6829254836859882,0.6998585285000646,0.636756181716919
42,1,27,0.4879748523235321,0.9326304197311401,0.4947846433068934,0.885756698212212,0.6450637578964233
42,1,28,0.7177950739860535,0.9636284112930298,0.6656889436553247,0.8754237300511343,0.6011912822723389
42,1,29,0.5109044909477234,0.9535811543464661,0.5115264560131646,0.8996610912385143,0.7169679403305054
42,1,30,0.7152457237243652,0.9922552704811096,0.6641885562693874,0.9029487676425241,0.7141752243041992
42,1,31,0.4685339331626892,0.9576947093009949,0.4523506664030362,0.9345521631467001,0.5961064100265503
42,1,32,0.6337466239929199,0.9793229103088379,0.6296483620297192,0.922343410518545,0.5464993119239807
43,1,0,0.49099424481391907,0.10342112183570862,0.4712143511742062,0.10298615154473482,0.9249124526977539
43,1,1,0.46824032068252563,0.0895601361989975,0.4480442557795423,0.08873939856402548,0.929781436920166
43,1,2,0.4536494314670563,0.091557078063488,0.4333390489335971,0.09011914366804692,0.9277496933937073
43,1,3,0.43566176295280457,0.09301640093326569,0.41589424408345915,0.09103667616379849,0.9289526343345642
43,1,4,0.5164989233016968,0.08614514768123627,0.4897838640281573,0.08646379670518302,0.9327347278594971
43,1,5,0.534740686416626,0.08594071865081787,0.5047901971842988,0.08630624601794318,0.9305599927902222
43,1,6,0.5529782772064209,0.0857616662979126,0.5189016614851806,0.0860110635392987,0.9388562440872192
43,1,7,0.4369690418243408,0.1041937917470932,0.4193006475733455,0.10094354579618206,0.9312688112258911
43,1,8,0.573026716709137,0.09926659613847733,0.5432143465551236,0.09761295631388922,0.9458553194999695
43,1,9,0.4769170582294464,0.12581674754619598,0.46421642817399383,0.12269888349790602,0.9398075342178345
43,1,10,0.5369095206260681,0.12123183161020279,0.5130641971431755,0.11968769783835777,0.9423563480377197
43,1,11,0.23690660297870636,0.2302495688199997,0.29106331792596457,0.21204806977996354,0.987132728099823
43,1,12,0.8168687224388123,0.20527897775173187,0.7531409670421084,0.1922836335736734,0.99388587474823
43,1,13,0.1952657401561737,0.38577529788017273,0.2592697557281691,0.3606009853307434,0.4978697597980499
43,1,14,0.9674209356307983,0.36867761611938477,0.9136717898617275,0.3488626279966935,0.6200469732284546
43,1,15,0.3247590959072113,0.39777690172195435,0.31734974408123306,0.3738079071470993,0.12804140150547028
43,1,16,0.8832173943519592,0.38466304540634155,0.8938450763229203,0.38655892295653305,0.14045798778533936
43,1,17,0.3596898913383484,0.3993821144104004,0.32948536680980633,0.38015354568508636,0.1281033158302307
43,1,18,0.8874732255935669,0.380356103181839,0.916962996198387,0.3927664910158242,0.13102829456329346
43,1,19,0.4189167022705078,0.37682029604911804,0.3782079322446161,0.35991766638724165,0.12801715731620789
43,1,20,0.834313690662384,0.3671201765537262,0.8807570744666335,0.38079411948300745,0.13396678864955902
43,1,21,0.42883577942848206,0.3751128315925598,0.3903767432350311,0.3567715192752289,0.12308423966169357
43,1,22,0.8250299692153931,0.3694455325603485,0.8636936094820173,0.3793882651606476,0.13637785613536835
43,1,23,0.4080893397331238,0.533100962638855,0.4328402825684971,0.5275065147984307,0.9748644828796387
43,1,24,0.7134270071983337,0.5222939848899841,0.6810749975709943,0.5168900123341377,0.9713282585144043
43,1,25,0.5073700547218323,0.7395472526550293,0.4925524139199225,0.7234868323344213,0.5978182554244995
43,1,26,0.6574018597602844,0.7428138852119446,0.6785021405737136,0.7073067520312045,0.62992262840271
43,1,27,0.5159899592399597,0.931335985660553,0.4984590682735225,0.8936605339023717,0.6476526260375977
43,1,28,0.6358126401901245,0.9347754716873169,0.66051055884894,0.885720099752502,0.5987688899040222
43,1,29,0.5424101948738098,0.9320884346961975,0.5168795060697589,0.9052820483091502,0.7292879223823547
43,1,30,0.6457378268241882,0.9482552409172058,0.6609916383551819,0.9108052536438799,0.7169674038887024
43,1,31,0.5240300297737122,0.9804738759994507,0.4647899218166858,0.9425154560978942,0.6011277437210083
43,1,32,0.6306090950965881,0.9850097298622131,0.62981473579085,0.9332158407612874,0.5400288701057434
44,1,0,0.49652165174484253,0.10590562969446182,0.4756001639121902,0.1034917638191347,0.9272210001945496
44,1,1,0.4736510217189789,0.0920865461230278,0.45248200613904344,0.08931908467294382,0.9320393800735474
44,1,2,0.4580537974834442,0.09407127648591995,0.43762209361050247,0.09080361850752114,0.9297077655792236
44,1,3,0.43950703740119934,0.0955209881067276,0.4199861836192644,0.0918133322235177,0.9314234256744385
44,1,4,0.5204105377197266,0.08833673596382141,0.49509238662301897,0.08678815307942857,0.9352396726608276
44,1,5,0.5376372933387756,0.08804384618997574,0.5104839664296504,0.08660716308839174,0.9329707622528076
44,1,6,0.5540844202041626,0.08769850432872772,0.5250007272837334,0.086303293578725,0.9413173794746399
44,1,7,0.4353947639465332,0.10662766546010971,0.4220890221402957,0.10192803698478604,0.9305590391159058
44,1,8,0.5794849395751953,0.1019313707947731,0.5495022033510556,0.09836087611467348,0.9456809759140015
44,1,9,0.48242536187171936,0.12915049493312836,0.4673714047215121,0.12381632999248601,0.9382784366607666
44,1,10,0.5422093272209167,0.12468403577804565,0.5181157017049752,0.120553046824273,0.9410734176635742
44,1,11,0.226057767868042,0.22998329997062683,0.2797842410614642,0.21515560167351835,0.9870715737342834
44,1,12,0.8174464106559753,0.20856305956840515,0.7642984672870978,0.19510413117520703,0.9941855669021606
44,1,13,0.20547299087047577,0.38334083557128906,0.24993854541783042,0.3645415564689871,0.4889903962612152
44,1,14,0.9448285698890686,0.3727482557296753,0.9190724283132663,0.3530018864856974,0.6179230809211731
44,1,15,0.32832011580467224,0.39710095524787903,0.3192500835755915,0.3778444096331235,0.12060641497373581
44,1,16,0.8609712719917297,0.39415740966796875,0.8881468168265317,0.38787505839977715,0.13017147779464722
44,1,17,0.3614230751991272,0.3960009515285492,0.335021254758933,0.3828991638834315,0.12106983363628387
44,1,18,0.8462201356887817,0.3908180892467499,0.9046867028693132,0.3924290649891699,0.12150904536247253
44,1,19,0.4191073775291443,0.375140905380249,0.38529913770362656,0.36255509562988236,0.12089792639017105
44,1,20,0.7804366946220398,0.37995535135269165,0.8633326948023673,0.38064886570336354,0.12405356764793396
44,1,21,0.42889904975891113,0.37483638525009155,0.3970553261753703,0.35990152721015983,0.11591584980487823
44,1,22,0.7760199904441833,0.3824309706687927,0.8484715287305571,0.3799152207688012,0.1267605572938919
44,1,23,0.41103702783584595,0.5175867676734924,0.4290620827783166,0.5257881930164919,0.9760079979896545
44,1,24,0.7224738001823425,0.5141386985778809,0.6882529802201827,0.5164135258431737,0.9734969139099121
44,1,25,0.4799220561981201,0.6755598783493042,0.49036434583203264,0.7151753441298883,0.565757155418396
44,1,26,0.7559255361557007,0.7256686687469482,0.691940783475621,0.7104882576300262,0.6439776420593262
44,1,27,0.48083728551864624,0.8397642374038696,0.49540583653119247,0.8843121793585554,0.6280614137649536
44,1,28,0.6409545540809631,0.9405906796455383,0.6571220198292955,0.8952377930517887,0.6195392608642578
44,1,29,0.4822988212108612,0.8655955195426941,0.5108848504841356,0.8984013223818568,0.7202404141426086
44,1,30,0.6064273118972778,0.9542473554611206,0.6515271495256006,0.918338016754178,0.7342424988746643
44,1,31,0.518792450428009,0.8970505595207214,0.4741566084609024,0.9346315259059912,0.5905770063400269
44,1,32,0.6366587281227112,0.97580885887146,0.6310001476715116,0.9406011631062514,0.5562387108802795
45,1,0,0.5182492733001709,0.09482348710298538,0.482995203245475,0.10199028029776673,0.9325177073478699
45,1,1,0.4909030497074127,0.07940001040697098,0.45914308440183443,0.08760087874477708,0.9362788796424866
45,1,2,0.47349661588668823,0.0805693194270134,0.4438412034322746,0.08903079186231797,0.9342194199562073
45,1,3,0.45386889576911926,0.08152608573436737,0.42585964520415664,0.09003133102634864,0.9354223608970642
45,1,4,0.5416356325149536,0.07858342677354813,0.5031635869606667,0.08536698374937475,0.9394158720970154
45,1,5,0.5584557056427002,0.07934734970331192,0.5188032441123462,0.08534970113823422,0.9375211000442505
45,1,6,0.5750408172607422,0.07999159395694733,0.5336792394882568,0.08521008421045481,0.9451712965965271
45,1,7,0.43915730714797974,0.0969158187508583,0.4250462629564514,0.10105993664926387,0.9326631426811218
45,1,8,0.5914011001586914,0.09381543099880219,0.5567670089097071,0.09757363032623516,0.948654055595398
45,1,9,0.4908994734287262,0.11625838279724121,0.4714486553942533,0.12250721701766527,0.9404457211494446
45,1,10,0.5558280944824219,0.11338933557271957,0.5246537876532252,0.11931223408536121,0.9422550201416016
45,1,11,0.22087982296943665,0.21205098927021027,0.26956563519707455,0.21461792361148835,0.9875685572624207
45,1,12,0.8144177198410034,0.20300865173339844,0.7729908367653264,0.19647328721678328,0.9946918487548828
45,1,13,0.22049511969089508,0.35809215903282166,0.24483523570856214,0.36342449384204456,0.4671630859375
45,1,14,0.9314430356025696,0.35209691524505615,0.9212154992724239,0.35284516761741835,0.6284568309783936
45,1,15,0.34261199831962585,0.39171600341796875,0.3232984643148637,0.38024756746699095,0.11544685065746307
45,1,16,0.8261893391609192,0.39863041043281555,0.8773978424162733,0.3897381720668221,0.12270013242959976
45,1,17,0.3798803985118866,0.3962326645851135,0.3427999074787323,0.385209064280241,0.11691703647375107
45,1,18,0.794671356678009,0.40174004435539246,0.8855727175549764,0.39404190488388524,0.1142500713467598
45,1,19,0.44021880626678467,0.3787534832954407,0.3948252198862287,0.36536155128322556,0.1168028861284256
45,1,20,0.7276564240455627,0.39304178953170776,0.8397423400381194,0.38279575644917346,0.11632052809000015
45,1,21,0.4462200403213501,0.3782431185245514,0.4055817172933386,0.3630795079926266,0.1115645095705986
45,1,22,0.7263020873069763,0.3936491310596466,0.8272381669138915,0.38229451358138183,0.11971237510442734
45,1,23,0.40285298228263855,0.5282231569290161,0.42451981820343143,0.5262098883966106,0.9779449701309204
45,1,24,0.7092602849006653,0.5202241539955139,0.6918931290508398,0.5170734905622032,0.9758456945419312
45,1,25,0.4709327220916748,0.6687906980514526,0.4869973542728553,0.7071316899417512,0.5514621138572693
45,1,26,0.7471829056739807,0.7465024590492249,0.7015229834835356,0.7167316214582792,0.6696680784225464
45,1,27,0.4606485962867737,0.8179759383201599,0.48938054864069996,0.8728018023751594,0.6343401074409485
45,1,28,0.6854543089866638,0.9357339143753052,0.6620324968396106,0.9022591025289123,0.6517835855484009
45,1,29,0.4683345556259155,0.8366126418113708,0.5035068896599897,0.8876814808212586,0.7364075183868408
45,1,30,0.6704520583152771,0.9650393128395081,0.6548062389611663,0.9264367040557796,0.7580949664115906
45,1,31,0.49509182572364807,0.8888943791389465,0.4777842105082287,0.9267003150253263,0.6129907965660095
45,1,32,0.6894931793212891,1.0129203796386719,0.6411471585769669,0.9531519788351969,0.5925204157829285
46,1,0,0.5105644464492798,0.09208818525075912,0.48777334386852494,0.10027501628652359,0.9384890198707581
46,1,1,0.4912307858467102,0.07857766002416611,0.46470509197729115,0.08603789720034087,0.941902756690979
46,1,2,0.4801246225833893,0.07994367182254791,0.4501312781704553,0.08745673851011486,0.9400920271873474
46,1,3,0.46898987889289856,0.08122140169143677,0.4333382145692391,0.08850530485953229,0.9411413073539734
46,1,4,0.5249329805374146,0.07716450840234756,0.5069358757322358,0.08394620447836967,0.9446383118629456
46,1,5,0.5404238104820251,0.07774481177330017,0.522549727403767,0.08403245547111071,0.9429238438606262
46,1,6,0.5574899911880493,0.07835875451564789,0.5378055176215348,0.08402338976198669,0.9497763514518738
46,1,7,0.4528467357158661,0.09636188298463821,0.4298645103951792,0.10024625631919068,0.9381586313247681
46,1,8,0.5680951476097107,0.0921282023191452,0.5587293806311949,0.09663048703511959,0.9526700377464294
46,1,9,0.4929293692111969,0.11411973088979721,0.47517088571242383,0.12105438333985678,0.9455260634422302
46,1,10,0.5387235879898071,0.11141259968280792,0.5270912963334669,0.11794392332090568,0.9466961622238159
46,1,11,0.2499232441186905,0.20920301973819733,0.2661621306377303,0.21368006826895264,0.9885193705558777
46,1,12,0.7567492127418518,0.20367181301116943,0.7701769194422969,0.19772013032909685,0.9951474666595459
46,1,13,0.46198442578315735,0.3583604097366333,0.2826839556419175,0.36254740970110105,0.4378071427345276
46,1,14,0.8114420175552368,0.35305318236351013,0.9021435913796224,0.3528811898901959,0.5850300192832947
46,1,15,0.4647323489189148,0.392851859331131,0.3478944375658833,0.3824310905681782,0.11725634336471558
46,1,16,0.7346315383911133,0.3749556243419647,0.8525692819715784,0.3871771291863379,0.11437351256608963
46,1,17,0.45957618951797485,0.3990095555782318,0.36309285773202615,0.38759989939955825,0.12321614474058151
46,1,18,0.7355546355247498,0.379936546087265,0.8594773393711468,0.3915982332817479,0.10836825519800186
46,1,19,0.4831409156322479,0.3798041045665741,0.4101593820078908,0.36786366702478634,0.12384263426065445
46,1,20,0.6869333982467651,0.3690716624259949,0.8131592928983892,0.38041816421947483,0.11019831895828247
46,1,21,0.4922929108142853,0.3786837160587311,0.4206365749570722,0.36578296971582386,0.11668649315834045
46,1,22,0.6771067380905151,0.3713248074054718,0.801122959635713,0.3803942549497353,0.11362585425376892
46,1,23,0.49019861221313477,0.5257217884063721,0.4359158309100012,0.5261253625388521,0.9797275066375732
46,1,24,0.662796676158905,0.523041844367981,0.6868500696692009,0.5181072200192833,0.9780172109603882
46,1,25,0.5725484490394592,0.6691268086433411,0.5018502509572366,0.7005428415497248,0.5477563142776489
46,1,26,0.7197137475013733,0.7154720425605774,0.7046748147926742,0.7165134912497788,0.6883261203765869
46,1,27,0.4629508852958679,0.8258873224258423,0.4848000279790123,0.8646661379986699,0.630669355392456
46,1,28,0.6739577054977417,0.9361730217933655,0.6640983258350875,0.908138010217312,0.6700499653816223
46,1,29,0.4795123040676117,0.8525400161743164,0.4993486983866372,0.8815895852627909,0.7461001873016357
46,1,30,0.6603698134422302,0.9772082567214966,0.6557698446589404,0.9352423047231173,0.7745295166969299
46,1,31,0.4838050305843353,0.8873289823532104,0.478827018031279,0.919874290701952,0.6299513578414917
46,1,32,0.7521958947181702,1.019736409187317,0.6604416021195314,0.9647055560267899,0.6196107268333435
47,1,0,0.4848521947860718,0.08999242633581161,0.4872674418350357,0.09849382176558046,0.9410631656646729
47,1,1,0.4588226079940796,0.07801531255245209,0.46368623754761445,0.08464828505848619,0.9447964429855347
47,1,2,0.44268906116485596,0.07955043017864227,0.4488422152353793,0.0860872717100591,0.9423699975013733
47,1,3,0.4215894937515259,0.08102685213088989,0.4313029603171598,0.08720996443113985,0.9437223076820374
47,1,4,0.5105785727500916,0.07579594850540161,0.5075667533264248,0.0825344725771652,0.9475114345550537
47,1,5,0.5291560888290405,0.07601895928382874,0.5236939832440032,0.08264441787532414,0.9456313848495483
47,1,6,0.5473757982254028,0.07625272870063782,0.5394632875158042,0.0826774240615422,0.9527639150619507
47,1,7,0.41537442803382874,0.09687244892120361,0.42735415781478825,0.09966195235150062,0.9403077960014343
47,1,8,0.5746569037437439,0.09001494944095612,0.5614888840396842,0.09548464153881,0.9547783732414246
47,1,9,0.46982598304748535,0.10934805870056152,0.47424515585134075,0.11902647671915079,0.9458935260772705
47,1,10,0.5339682698249817,0.10544726252555847,0.5282824332844197,0.11577905385353135,0.9480006694793701
47,1,11,0.24158333241939545,0.19995778799057007,0.261902647929945,0.21130279098279886,0.9881288409233093
47,1,12,0.7846733331680298,0.19328893721103668,0.7726883898509269,0.19695267489854043,0.9952138066291809
47,1,13,0.26186737418174744,0.3665578067302704,0.2790768756225224,0.3632419770916719,0.4376269578933716
47,1,14,0.8415470123291016,0.3354269564151764,0.8916310644237789,0.3498570404984753,0.5669208765029907
47,1,15,0.38144612312316895,0.38365548849105835,0.3537104267586729,0.3826431283817162,0.10954339802265167
47,1,16,0.760424017906189,0.3715363144874573,0.8365684071046411,0.38446732365211356,0.10529521852731705
47,1,17,0.3946843445301056,0.3857678174972534,0.3685687326227173,0.38728261926661933,0.11511439830064774
47,1,18,0.7341711521148682,0.37778735160827637,0.8376965081313995,0.3892055993299194,0.09988582134246826
47,1,19,0.43055465817451477,0.36507636308670044,0.41369339359119534,0.3673809475410761,0.11561649292707443
47,1,20,0.6865828633308411,0.3669360280036926,0.791156836859609,0.3780825062646445,0.10141260921955109
47,1,21,0.4393785893917084,0.36411386728286743,0.42388395583488714,0.365493915733836,0.10898152738809586
47,1,22,0.6864835023880005,0.36637651920318604,0.7812025709883168,0.3779657702601382,0.1049230769276619
47,1,23,0.419645756483078,0.5169685482978821,0.4330969370163385,0.5245392340078218,0.9794522523880005
47,1,24,0.6930741667747498,0.5183027982711792,0.6879281029121088,0.5181410886415296,0.9788591861724854
47,1,25,0.4679502248764038,0.7007513046264648,0.4959737381746338,0.700578941483491,0.5385807752609253
47,1,26,0.7350456714630127,0.7281981706619263,0.7099389612076167,0.7185376482673872,0.679552435874939
47,1,27,0.46976062655448914,0.8699313402175903,0.482194447169272,0.8655780615208701,0.6221463084220886
47,1,28,0.7054097056388855,0.9455664157867432,0.671261107353981,0.9146268283502468,0.663634181022644
47,1,29,0.493579626083374,0.8940545320510864,0.498349483796756,0.8837489593564074,0.7401443719863892
47,1,30,0.6959300637245178,0.9832702279090881,0.6627327927398019,0.943571373743519,0.7669386267662048
47,1,31,0.478693425655365,0.8997828960418701,0.47880388344937247,0.9163929499464087,0.6223078966140747
47,1,32,0.7622131705284119,1.01207435131073,0.6781193028411611,0.972920146565036,0.6067456603050232
48,1,0,0.4378739595413208,0.10032275319099426,0.4787012358089082,0.09881055647244828,0.9424170255661011
48,1,1,0.4628199636936188,0.08266546577215195,0.4635362203395376,0.08430489828537382,0.945396900177002
48,1,2,0.4592309892177582,0.08303279429674149,0.4506418080652752,0.08555827700139623,0.943418025970459
48,1,3,0.45025262236595154,0.0848725289106369,0.43458635488217395,0.08680516053887488,0.9450413584709167
48,1,4,0.47503194212913513,0.08278633654117584,0.5019271664573723,0.0825780883620326,0.9469961524009705
48,1,5,0.48200705647468567,0.08309473842382431,0.516465983141451,0.08272240124800623,0.9442213773727417
48,1,6,0.4861701726913452,0.0835142657160759,0.5302196999307874,0.08282234414816374,0.9511404037475586
48,1,7,0.4577530026435852,0.10173334926366806,0.43262315577745963,0.1000206799625774,0.9417756199836731
48,1,8,0.510261595249176,0.09477833658456802,0.5526041632951132,0.09536232758417564,0.9515072703361511
48,1,9,0.4792015850543976,0.1151430681347847,0.47510359180713824,0.11835390539591456,0.9471209645271301
48,1,10,0.48881861567497253,0.11244992911815643,0.5214403496232848,0.11520248906534647,0.9459598064422607
48,1,11,0.5562933683395386,0.18918026983737946,0.31333283374718346,0.20746927034237148,0.9891918301582336
48,1,12,0.5696048140525818,0.20380465686321259,0.7373060391023657,0.19813948162355258,0.9954326748847961
48,1,13,0.5849347114562988,0.29355257749557495,0.3325286436151922,0.35114854099472176,0.45537352561950684
48,1,14,0.5018124580383301,0.33434778451919556,0.8233372876694461,0.347170038204453,0.5245025157928467
48,1,15,0.4606030583381653,0.29560109972953796,0.37228045178887004,0.3675305778313977,0.13878734409809113
48,1,16,0.504503607749939,0.37656110525131226,0.7784919848513994,0.3830978723077648,0.1031959280371666
48,1,17,0.4427931606769562,0.29870375990867615,0.3814508252777369,0.3719025337145416,0.14293129742145538
48,1,18,0.5160908699035645,0.38887056708335876,0.7814667000208789,0.3891475809576077,0.1010235846042633
48,1,19,0.46540912985801697,0.2839113473892212,0.42266292778042414,0.3528902079098726,0.14266043901443481
48,1,20,0.505372941493988,0.3777792155742645,0.7412432433306947,0.37802998471064,0.10230947285890579
48,1,21,0.47535407543182373,0.28726544976234436,0.4328108272143238,0.3519151941755493,0.13214430212974548
48,1,22,0.5044363141059875,0.37554627656936646,0.7328768833644899,0.3775467542683725,0.10474341362714767
48,1,23,0.5688943266868591,0.5369877815246582,0.4567089022352233,0.5266957649118966,0.981387197971344
48,1,24,0.5753515362739563,0.5396462678909302,0.6683671968595489,0.5218675634350564,0.9805864691734314
48,1,25,0.6114783883094788,0.7182201743125916,0.5160450674974066,0.7036355072137439,0.5541948676109314
48,1,26,0.51203852891922,0.7412282824516296,0.6754647388705008,0.7224696852082927,0.6589399576187134
48,1,27,0.7230145335197449,0.8571380972862244,0.5241986961575946,0.8641161363857185,0.630500078201294
48,1,28,0.7273563146591187,0.8772360682487488,0.6809915093428983,0.9081445847915277,0.6372523307800293
48,1,29,0.7573528289794922,0.8774693608283997,0.5435497522250673,0.8826613120183604,0.7461479902267456
48,1,30,0.7600739002227783,0.8921678066253662,0.6796386900921956,0.9346560584046132,0.7381197214126587
48,1,31,0.6547461152076721,0.9036299586296082,0.5094327142727152,0.9141819264119783,0.6391018033027649
48,1,32,0.6917717456817627,0.9210560321807861,0.680484474761182,0.9639248223265765,0.5894363522529602
49,1,0,0.3739604651927948,0.1223064437508583,0.4605061055114689,0.10288222943062654,0.9389702677726746
49,1,1,0.4075641632080078,0.09665945917367935,0.45382719013393935,0.08644514088050206,0.9426637291908264
49,1,2,0.40805575251579285,0.09632104635238647,0.4432577077195186,0.08742267640273892,0.9416870474815369
49,1,3,0.4047333002090454,0.09692065417766571,0.42941203855043714,0.08855740041870956,0.9435771107673645
49,1,4,0.4164030849933624,0.09613946080207825,0.4870788328350231,0.08492747810511403,0.9426276683807373
49,1,5,0.425515353679657,0.09531546384096146,0.5006729478307359,0.08490397625508632,0.9397262334823608
49,1,6,0.4312934875488281,0.09469480067491531,0.5130376480287545,0.08487903951414784,0.9470788240432739
49,1,7,0.43618595600128174,0.10847760736942291,0.43324019438186007,0.1014855444672644,0.9404862523078918
49,1,8,0.49261701107025146,0.10227248817682266,0.5421974161855548,0.09655921352806,0.9466591477394104
49,1,9,0.4287432134151459,0.13702191412448883,0.46706414094930654,0.12158847171562932,0.9425247311592102
49,1,10,0.4346907138824463,0.1369173377752304,0.5063786879132979,0.11896531912759174,0.9380483627319336
49,1,11,0.5702823996543884,0.20498675107955933,0.35817272901806235,0.20703933859388357,0.9897826313972473
49,1,12,0.6016269326210022,0.2124759703874588,0.7137146079132881,0.20062321118057772,0.9952846765518188
49,1,13,0.6301494240760803,0.3393494486808777,0.3845289402277872,0.3491045579095146,0.4677813649177551
49,1,14,0.5866134762763977,0.358047217130661,0.7820516818411924,0.34905426250269356,0.4841390550136566
49,1,15,0.4883040189743042,0.3344450294971466,0.39244232122327166,0.36179542675843185,0.16753336787223816
49,1,16,0.6007869243621826,0.38383644819259644,0.7475540890379825,0.3832257748370034,0.10012001544237137
49,1,17,0.457276850938797,0.3147357702255249,0.3946115416022456,0.3619859076683004,0.17131024599075317
49,1,18,0.6220459938049316,0.3921010494232178,0.7537271942679901,0.3896590805441458,0.09985213726758957
49,1,19,0.467350035905838,0.3148193061351776,0.4304117971151876,0.3462898938529643,0.1707553267478943
49,1,20,0.5931958556175232,0.3742949962615967,0.71549155743677,0.37738312135631336,0.10092929750680923
49,1,21,0.47878098487854004,0.32362130284309387,0.4407824896969626,0.34701135054455734,0.1575106680393219
49,1,22,0.5893837213516235,0.37294483184814453,0.7079207771836586,0.3767497257078444,0.10340870171785355
49,1,23,0.5927397012710571,0.5217157006263733,0.48036170296047415,0.5258332345272736,0.9814515709877014
49,1,24,0.5910060405731201,0.5237692594528198,0.6549393375087473,0.5221969003336362,0.9803304076194763
49,1,25,0.6024859547615051,0.6844191551208496,0.5310529457877954,0.7003058757345009,0.5679381489753723
49,1,26,0.5557122230529785,0.7059705257415771,0.6546523739841478,0.7196110986204479,0.6539239883422852
49,1,27,0.7154889702796936,0.8584735989570618,0.5575150057118036,0.8631388485725204,0.6156137585639954
49,1,28,0.6806970834732056,0.9117477536201477,0.6809405228716743,0.9087686171275903,0.6146067380905151
49,1,29,0.7190842628479004,0.8859184980392456,0.574107625802548,0.8832254167502426,0.7414916157722473
49,1,30,0.7375401258468628,0.9469346404075623,0.6896829691569346,0.9367831395709802,0.7218329906463623
49,1,31,0.5843843221664429,0.9223505854606628,0.5224413613212693,0.9155968468808741,0.6277168393135071
49,1,32,0.5652052760124207,0.9780668020248413,0.6604523339293975,0.9663748446336551,0.5734028816223145
50,1,0,0.3511238098144531,0.15400773286819458,0.44150199808662977,0.11174927452260969,0.9339319467544556
50,1,1,0.37301865220069885,0.12563607096672058,0.439799524206808,0.09323985734546969,0.9390831589698792
50,1,2,0.3740862011909485,0.12481781840324402,0.43125431947534476,0.09390569918531734,0.9389108419418335
50,1,3,0.37219661474227905,0.12451998889446259,0.41948695885755244,0.09479179995491531,0.9412549734115601
50,1,4,0.3813557028770447,0.12431532889604568,0.4687124981666129,0.09175637585479951,0.9357106685638428
50,1,5,0.38971149921417236,0.12255185097455978,0.481393581496875,0.09143086341850758,0.9329087138175964
50,1,6,0.39480239152908325,0.12131333351135254,0.4924899925098024,0.0911953020622463,0.9411842226982117
50,1,7,0.42714136838912964,0.1273978054523468,0.4321838623927913,0.10597628481323693,0.9395759105682373
50,1,8,0.4604729413986206,0.12366610765457153,0.5280103646074953,0.10125715873577332,0.9409756064414978
50,1,9,0.4047546684741974,0.1667424738407135,0.45625375009181574,0.12941843541043996,0.9352086186408997
50,1,10,0.4119003117084503,0.16624826192855835,0.4899713285837817,0.12716497705748112,0.925468921661377
50,1,11,0.6087595224380493,0.2156495898962021,0.4018943481018082,0.20853076797593012,0.9902211427688599
50,1,12,0.5736178755760193,0.2194303274154663,0.6893517698245112,0.20388189397231485,0.9936506152153015
50,1,13,0.7078477740287781,0.3667134642601013,0.4410629295238392,0.352155518042513,0.4948081374168396
50,1,14,0.5340089797973633,0.3722217381000519,0.7387771770772864,0.3530689842518305,0.45995649695396423
50,1,15,0.5376980900764465,0.3572833836078644,0.4177061232178181,0.36101396638484406,0.20630115270614624
50,1,16,0.5678151249885559,0.35980573296546936,0.7162601028088021,0.3791672530000154,0.10062593221664429
50,1,17,0.4978826642036438,0.35182756185531616,0.4125505264391263,0.3602262405413565,0.20533020794391632
50,1,18,0.5959142446517944,0.35337013006210327,0.7262687034029034,0.3833680405370435,0.1004987582564354
50,1,19,0.5072214007377625,0.3310968279838562,0.4437436456704902,0.34365769615525493,0.20406901836395264
50,1,20,0.5674286484718323,0.3337852656841278,0.689737105384224,0.3698233539922239,0.10110771656036377
50,1,21,0.5208330750465393,0.3345005214214325,0.45467822815391984,0.3448440251615433,0.18669426441192627
50,1,22,0.5630429983139038,0.33699730038642883,0.6827227679849489,0.3698575427852867,0.10360158234834671
50,1,23,0.6408425569534302,0.5484585762023926,0.5082863141493987,0.5297539465479082,0.97742760181427
50,1,24,0.5905513167381287,0.5403139591217041,0.6437676115622669,0.5253359533181111,0.9727778434753418
50,1,25,0.6334953904151917,0.7391434907913208,0.548847570332188,0.707039266093347,0.5623555779457092
50,1,26,0.645663857460022,0.7335681915283203,0.653095394454265,0.7220290739888345,0.6404570937156677
50,1,27,0.7478681802749634,0.91764897108078,0.5906673431945464,0.8725938738848026,0.5984498858451843
50,1,28,0.6961203217506409,0.9273167252540588,0.6835704158556619,0.9119824034659259,0.5840092301368713
50,1,29,0.7626510858535767,0.9418167471885681,0.6069430252974786,0.893389591848258,0.7283125519752502
50,1,30,0.7449207901954651,0.9517379403114319,0.6992644258005325,0.9393740430077469,0.6930444836616516
50,1,31,0.6035171747207642,0.964981198310852,0.5365155270985871,0.9241614678792268,0.6095999479293823
50,1,32,0.5576962828636169,1.0013422966003418,0.6426030047981209,0.9724365575533861,0.548069953918457
51,1,0,0.4014155864715576,0.15401481091976166,0.4345518148936927,0.11907772943868293,0.9340736865997314
51,1,1,0.39061492681503296,0.12593182921409607,0.4312695864627013,0.09890671442387791,0.9402862787246704
51,1,2,0.3814409375190735,0.12534290552139282,0.42261517400480636,0.09935484864765252,0.9401963949203491
51,1,3,0.3689752221107483,0.12523308396339417,0.41072651652050546,0.1000681639705415,0.9423781037330627
51,1,4,0.42450448870658875,0.12503455579280853,0.4610467707230133,0.09752494823137792,0.9372304081916809
51,1,5,0.43697407841682434,0.12334718555212021,0.4736911295477533,0.09696313957070607,0.9350691437721252
51,1,6,0.4462956488132477,0.12197984755039215,0.4844793482440303,0.09653121812632676,0.9433128833770752
51,1,7,0.38688451051712036,0.13032987713813782,0.42432865775431555,0.11019670200562717,0.9419823288917542
51,1,8,0.49722808599472046,0.12635646760463715,0.5226748347336244,0.10560690397555816,0.9440004825592041
51,1,9,0.4120219349861145,0.16870267689228058,0.44858390189663516,0.13622935109372472,0.9348251223564148
51,1,10,0.4542103111743927,0.16795898973941803,0.4837718950019293,0.13423797035188775,0.9264553189277649
51,1,11,0.3006252944469452,0.22321917116641998,0.3843046128584951,0.2110754925975099,0.9907540082931519
51,1,12,0.6911557912826538,0.22655677795410156,0.689664188664277,0.20781119636145293,0.9939505457878113
51,1,13,0.17281146347522736,0.3597419559955597,0.39423731553695757,0.35346956626098613,0.5016614198684692
51,1,14,0.9432136416435242,0.3824485242366791,0.7743959653761407,0.3581611532992302,0.47916314005851746
51,1,15,0.11242850869894028,0.33157360553741455,0.364356813330494,0.35591124238323724,0.19594566524028778
51,1,16,0.8718613982200623,0.39149633049964905,0.7433311901950012,0.38130307914143224,0.09721291065216064
51,1,17,0.09001212567090988,0.3243846595287323,0.3561557079749069,0.3540128353963356,0.19576974213123322
51,1,18,0.8765811920166016,0.3923194408416748,0.7524155751758698,0.38491857765742965,0.0966612920165062
51,1,19,0.15502218902111053,0.3047216832637787,0.3933122300618051,0.3369072229631267,0.19490879774093628
51,1,20,0.8359258770942688,0.37502044439315796,0.7151636074594607,0.37072347816407775,0.09700170904397964
51,1,21,0.1762724071741104,0.3085125684738159,0.406063573182877,0.33854560622507895,0.17847491800785065
51,1,22,0.8321178555488586,0.3762589693069458,0.7087094479252442,0.37096629543657195,0.0999935194849968
51,1,23,0.45000311732292175,0.565775454044342,0.49817574883966603,0.5359985724721406,0.9791180491447449
51,1,24,0.6308530569076538,0.5570713877677917,0.6415303144128328,0.5308368447021167,0.9744195342063904
51,1,25,0.46912503242492676,0.7617154121398926,0.5350088960869285,0.7165231372821321,0.5328831076622009
51,1,26,0.6736403107643127,0.7561835646629333,0.656655349118154,0.7279497073240576,0.5882962346076965
51,1,27,0.5935976505279541,0.9251350164413452,0.5911748379967473,0.8817068364141614,0.5759363174438477
51,1,28,0.723625659942627,0.8947464823722839,0.6905151561491183,0.9089961046455757,0.5450026392936707
51,1,29,0.6521022915840149,0.9400691986083984,0.6147740092187166,0.9014844822344475,0.722101628780365
51,1,30,0.7592445015907288,0.9041948914527893,0.7096699504209999,0.9332756122229818,0.6725603342056274
51,1,31,0.47884950041770935,1.0103297233581543,0.5265121609368718,0.9391219364674747,0.5948311686515808
51,1,32,0.6187065243721008,0.9818238019943237,0.6384618454266282,0.9740626145135717,0.5261077284812927
52,1,0,0.4222763180732727,0.15167874097824097,0.43242526674376874,0.12472880616570628,0.9351219534873962
52,1,1,0.4075894057750702,0.12705114483833313,0.427165946335241,0.10378463090547099,0.941881537437439
52,1,2,0.39026567339897156,0.1268523782491684,0.4170077322825946,0.10412055333213137,0.9420923590660095
52,1,3,0.37489596009254456,0.12661771476268768,0.40451502304290604,0.10466943964799887,0.9437462091445923
52,1,4,0.44476214051246643,0.12621688842773438,0.4582253615629044,0.10249783935693008,0.9393795728683472
52,1,5,0.46295177936553955,0.12493173032999039,0.4718307827363789,0.10181055420107946,0.9378415942192078
52,1,6,0.4737075865268707,0.12200261652469635,0.4826133842598751,0.10094549724006992,0.9454550743103027
52,1,7,0.38220837712287903,0.13020804524421692,0.41702541965737483,0.11366416614018883,0.9441131949424744
52,1,8,0.5184895992279053,0.12716726958751678,0.5219499823182808,0.10934294858261273,0.9469786882400513
52,1,9,0.4262109696865082,0.16441182792186737,0.4447069543717425,0.14111386795120062,0.9346755743026733
52,1,10,0.4774765074253082,0.16426920890808105,0.48268150944263505,0.13944319914503178,0.927567720413208
52,1,11,0.2454914152622223,0.22338032722473145,0.36016647454411377,0.21320711804023273,0.9913180470466614
52,1,12,0.7569050788879395,0.23007814586162567,0.7013318190326125,0.21166976138073282,0.9942827820777893
52,1,13,0.10739880055189133,0.35985544323921204,0.3441386306838967,0.3545756252544169,0.5040405988693237
52,1,14,0.9905349016189575,0.3764120042324066,0.8120672198550467,0.3613234005986059,0.5078712105751038
52,1,15,0.08877332508563995,0.347012460231781,0.31623848757122736,0.35436982052999005,0.18582874536514282
52,1,16,0.9515537619590759,0.3893185555934906,0.7796143446524139,0.3826914592447073,0.09844369441270828
52,1,17,0.07510996609926224,0.3433466851711273,0.3070754548639277,0.3521651764659802,0.1865294873714447
52,1,18,0.9646924138069153,0.38982489705085754,0.7894097090599264,0.38576833363508795,0.09640377759933472
52,1,19,0.1415388435125351,0.322450190782547,0.3493823045486828,0.3344025983077867,0.18601183593273163
52,1,20,0.9276040196418762,0.37809523940086365,0.7521865226646494,0.37200033390872994,0.09636298567056656
52,1,21,0.16215816140174866,0.32457995414733887,0.36351647614476584,0.33612614729248863,0.17026422917842865
52,1,22,0.9189229011535645,0.37885555624961853,0.7453418544647082,0.3723328081285381,0.09961702674627304
52,1,23,0.42175009846687317,0.5734490752220154,0.48491072234463567,0.5424912062317572,0.9809801578521729
52,1,24,0.6439681649208069,0.5616323351860046,0.6419525087287714,0.5361746601450588,0.9764620661735535
52,1,25,0.4550759792327881,0.7730912566184998,0.5211335997777596,0.7263357423486545,0.5169239044189453
52,1,26,0.6987978219985962,0.7047023773193359,0.6639624016946524,0.7239211391693667,0.5459882020950317
52,1,27,0.5638675093650818,0.9116337895393372,0.5864421774701555,0.8868939759074186,0.579850435256958
52,1,28,0.7384002804756165,0.8354448676109314,0.6988193884245525,0.8962310446376869,0.521884024143219
52,1,29,0.589357852935791,0.9131836891174316,0.6103693625890322,0.9035111570290375,0.7309594750404358
52,1,30,0.7697166204452515,0.8424755930900574,0.7200870535916787,0.9175088225166264,0.6681477427482605
52,1,31,0.47012877464294434,0.9998655319213867,0.5167316648391419,0.9496601714172802,0.6050874590873718
52,1,32,0.6395590305328369,0.9301190972328186,0.6386518514151575,0.9664428408851023,0.5229731798171997
53,1,0,0.4343196153640747,0.1309969127178192,0.43275333024562457,0.12581446393753834,0.9397847652435303
53,1,1,0.423246830701828,0.11619140952825546,0.42648718929265483,0.1059339239234081,0.9461046457290649
53,1,2,0.40735888481140137,0.11969766765832901,0.41533634755813775,0.10681931769454499,0.94639652967453
53,1,3,0.3914569020271301,0.12124459445476532,0.4022528485056621,0.10754120245865044,0.9477576613426208
53,1,4,0.45428210496902466,0.11326403170824051,0.45754242252015537,0.10436283282892549,0.9439409375190735
53,1,5,0.46898141503334045,0.1131129190325737,0.4713373122316867,0.10376845861963847,0.9426375031471252
53,1,6,0.47718262672424316,0.11201673001050949,0.48167277993273216,0.10286334933527638,0.9494146704673767
53,1,7,0.39541417360305786,0.1267050951719284,0.4132805505522798,0.11592335909137715,0.9476572871208191
53,1,8,0.530402421951294,0.12288988381624222,0.5234140677364076,0.11168983700984224,0.9512073397636414
53,1,9,0.43816161155700684,0.1497223675251007,0.4435732683341997,0.14260499459592993,0.9391692280769348
53,1,10,0.49055713415145874,0.14788323640823364,0.4840456574876589,0.14090513814415317,0.9323779940605164
53,1,11,0.24135346710681915,0.22145840525627136,0.3395183757001099,0.21463635394110148,0.9920353293418884
53,1,12,0.7805671691894531,0.22549062967300415,0.715085691548899,0.21406412580927986,0.9947861433029175
53,1,13,0.11805430799722672,0.3594728112220764,0.3047218161704077,0.3554237991932469,0.4861588478088379
53,1,14,1.0267534255981445,0.3712902367115021,0.8494840287731644,0.36304988213319267,0.5307758450508118
53,1,15,0.08560927212238312,0.38035598397254944,0.2760228361615232,0.35887337617330517,0.17701463401317596
53,1,16,1.0031226873397827,0.40634071826934814,0.8185791412129251,0.3867897296539651,0.09741512686014175
53,1,17,0.06829339265823364,0.38679632544517517,0.2654278782666071,0.35816851626089774,0.17933686077594757
53,1,18,1.0344401597976685,0.4180092215538025,0.8321539456376132,0.3913569216245634,0.09445708245038986
53,1,19,0.1411685198545456,0.36971768736839294,0.3130995637269583,0.3405246262889567,0.1792464554309845
53,1,20,0.9838948249816895,0.4153669774532318,0.7925908432145989,0.37951995476409517,0.0942351222038269
53,1,21,0.16155318915843964,0.3680444061756134,0.32832953904670326,0.34165875591338885,0.16344888508319855
53,1,22,0.9634859561920166,0.41305825114250183,0.7833655584306914,0.379393894834178,0.09765138477087021
53,1,23,0.4254649579524994,0.5583351254463196,0.4745980903487496,0.5452362173977472,0.9828327894210815
53,1,24,0.7306694388389587,0.542803168296814,0.657356614125744,0.5373227528017293,0.9786251783370972
53,1,25,0.4933501183986664,0.7578766345977783,0.5163182897942293,0.7318028863419285,0.505298376083374
53,1,26,0.7293527722358704,0.6717298626899719,0.6753083129602993,0.7148689631162897,0.5181834697723389
53,1,27,0.5763303637504578,0.9097353219985962,0.5846905905591581,0.8908521481111182,0.5994051694869995
53,1,28,0.7464288473129272,0.767095685005188,0.707075750360868,0.8737818256063887,0.5026822090148926
53,1,29,0.6031391024589539,0.929395854473114,0.6091170328059338,0.9079971208128733,0.7465697526931763
53,1,30,0.7662228941917419,0.772068440914154,0.728087521670886,0.8922127594334572,0.6724799275398254
53,1,31,0.5160955190658569,0.9619017839431763,0.516621500883618,0.9517808446677158,0.6303508877754211
53,1,32,0.6588311195373535,0.8391536474227905,0.6421484204809488,0.944315795953609,0.5270546078681946
54,1,0,0.49145540595054626,0.09857901185750961,0.44293672417361857,0.12109422187684021,0.9453811049461365
54,1,1,0.44962775707244873,0.09037072956562042,0.43049724104956927,0.1032375741851048,0.9511938095092773
54,1,2,0.4317045211791992,0.09246326982975006,0.4181722278287718,0.10433219832988785,0.9514557719230652
54,1,3,0.4140099585056305,0.09384933114051819,0.4042895534642963,0.1051691959427735,0.952704668045044
54,1,4,0.49319472908973694,0.09073684364557266,0.46372296389903545,0.10200224456566787,0.9492238759994507
54,1,5,0.505480945110321,0.09259405732154846,0.4772560469598388,0.10183272995237973,0.9480252861976624
54,1,6,0.5176854729652405,0.09383955597877502,0.4879158612136455,0.10130026898583992,0.9541795253753662
54,1,7,0.3901742398738861,0.11169830709695816,0.40927643198877883,0.11519161098593807,0.9526053667068481
54,1,8,0.5428956151008606,0.1128431037068367,0.5267896742204644,0.11188955599342609,0.9557921290397644
54,1,9,0.46412786841392517,0.12087032198905945,0.44713491956768225,0.13883872786359464,0.9449298977851868
54,1,10,0.5361971259117126,0.12177643179893494,0.4930909083110179,0.13759070276454177,0.9387441873550415
54,1,11,0.22495611011981964,0.21953660249710083,0.3196114393633347,0.2154850585787112,0.9926539063453674
54,1,12,0.7834303975105286,0.21772228181362152,0.7269452846810458,0.21469768105659057,0.9950934648513794
54,1,13,0.11448521167039871,0.3615236282348633,0.2715900279948608,0.3564803045589649,0.508233368396759
54,1,14,0.9815053939819336,0.352355033159256,0.8724369952641063,0.3611972520613907,0.5554947257041931
54,1,15,0.12971021234989166,0.33159080147743225,0.25057374198567306,0.35414495628227183,0.17143046855926514
54,1,16,0.9592222571372986,0.3004181981086731,0.8430374759517735,0.3717938860448925,0.10179059952497482
54,1,17,0.12311378121376038,0.31732720136642456,0.24067712887497572,0.3510873101531669,0.1730499267578125
54,1,18,0.9903824329376221,0.27998286485671997,0.859684972730382,0.37200565308317485,0.09771634638309479
54,1,19,0.19202552735805511,0.29817062616348267,0.2920563032706577,0.33318081315970843,0.1729423701763153
54,1,20,0.9300736784934998,0.26904723048210144,0.8164974176235391,0.3603258125687104,0.09752596914768219
54,1,21,0.21009568870067596,0.30387845635414124,0.30778169696465846,0.335108882078728,0.15831215679645538
54,1,22,0.9168387055397034,0.278784841299057,0.8065721012070862,0.36191868187427273,0.10074721276760101
54,1,23,0.4010123014450073,0.5338751077651978,0.46182702526331226,0.5432681346793611,0.9844483137130737
54,1,24,0.7172443866729736,0.5155097246170044,0.6677460874618241,0.5335428988513824,0.9804883599281311
54,1,25,0.48027142882347107,0.7429039478302002,0.5100692576400292,0.733725908817732,0.5392500758171082
54,1,26,0.7190127968788147,0.6475425958633423,0.6828865749675646,0.7031864141981846,0.5418640971183777
54,1,27,0.5554160475730896,0.9097929000854492,0.5796166724095196,0.8941340023111906,0.634692370891571
54,1,28,0.7199072241783142,0.7375696897506714,0.7092986436778266,0.8500972887372402,0.5355796813964844
54,1,29,0.587455153465271,0.9277645945549011,0.6053634156970265,0.9114223056788712,0.7678905129432678
54,1,30,0.7263402938842773,0.7388657331466675,0.7277849375431849,0.8655351264712142,0.6963123083114624
54,1,31,0.5558653473854065,0.9608971476554871,0.523425401787122,0.9533599567251919,0.6631916165351868
54,1,32,0.6705631613731384,0.8599731922149658,0.6470732143860859,0.9296730766914749,0.5640257596969604
55,1,0,0.4905010759830475,0.07719016075134277,0.4511852427747861,0.11348129245359243,0.9495726823806763
55,1,1,0.4661250412464142,0.07675635814666748,0.4366735350908174,0.09864815324118886,0.9551838636398315
55,1,2,0.46272552013397217,0.0784367173910141,0.425897879929319,0.09984436923574849,0.9554795622825623
55,1,3,0.46164441108703613,0.07928906381130219,0.4142388503305173,0.10068402891421938,0.9567224979400635
55,1,4,0.488663911819458,0.07669514417648315,0.4680452386511091,0.0976164625730194,0.9531699419021606
55,1,5,0.4947073459625244,0.07852380722761154,0.4802796821855465,0.09779347939586608,0.9518880248069763
55,1,6,0.49927210807800293,0.07975391298532486,0.4898830988314008,0.09756665480004748,0.9577109217643738
55,1,7,0.44772180914878845,0.09556468576192856,0.4159417358598735,0.11179079717789277,0.9564909338951111
55,1,8,0.5075911283493042,0.09570460021495819,0.5234631269603445,0.10908543211812875,0.9587929248809814
55,1,9,0.46610942482948303,0.10054203867912292,0.4504226204696021,0.13219922956775151,0.9493337869644165
55,1,10,0.5049534440040588,0.10104028135538101,0.49514588313471275,0.13125428744436868,0.9431894421577454
55,1,11,0.5302339196205139,0.20840051770210266,0.3563159735907652,0.21425796226212732,0.9930300712585449
55,1,12,0.4213608205318451,0.20603047311306,0.6735416663847212,0.21319638341597597,0.9951912760734558
55,1,13,0.3924342691898346,0.3330755829811096,0.2925924885525995,0.3524244397744336,0.508427083492279
55,1,14,0.5083616375923157,0.32416555285453796,0.808701484326908,0.3547773075015272,0.5232756733894348
55,1,15,0.29712072014808655,0.31802988052368164,0.2586453910519581,0.3478840901266257,0.17333494126796722
55,1,16,0.6333258748054504,0.26808106899261475,0.8064931820487974,0.3537778703191106,0.09892019629478455
55,1,17,0.2587414085865021,0.31893524527549744,0.2438069431859936,0.34551412878908183,0.17338816821575165
55,1,18,0.6965208649635315,0.25367167592048645,0.8312915731576936,0.3514407748393221,0.09640459716320038
55,1,19,0.2789784371852875,0.29961779713630676,0.2897906582781444,0.3273628140582865,0.17346522212028503
55,1,20,0.6599196195602417,0.23818548023700714,0.7892555012836484,0.33909702546894016,0.09644603729248047
55,1,21,0.2984461188316345,0.30031538009643555,0.30616456038606793,0.32907736149994016,0.15829849243164062
55,1,22,0.6495941281318665,0.2438524216413498,0.7792602161932408,0.3414005026885232,0.09902893006801605
55,1,23,0.6351925730705261,0.5148760080337524,0.4920052047772631,0.5383472546912755,0.9845932126045227
55,1,24,0.6098335981369019,0.5047642588615417,0.6576998859952196,0.528554970112476,0.9812858700752258
55,1,25,0.5529136657714844,0.6914629340171814,0.5174982017354365,0.7263979076510209,0.5551756024360657
55,1,26,0.6898142695426941,0.6712679266929626,0.684086496719227,0.6976537586482591,0.5631912350654602
55,1,27,0.6067293286323547,0.9157944917678833,0.5843156453120082,0.8978874103346585,0.6404033899307251
55,1,28,0.7356591820716858,0.8435521125793457,0.7138671356864115,0.8489636272387704,0.5417712926864624
55,1,29,0.5909473299980164,0.9475775957107544,0.6028659055592361,0.9176901529482003,0.7620447278022766
55,1,30,0.7599323391914368,0.8979541063308716,0.7333573132954684,0.8711545789520188,0.689612090587616
55,1,31,0.6208637356758118,0.9828302264213562,0.5403482751414916,0.9584678729347544,0.6699659824371338
55,1,32,0.7433558106422424,0.8939425945281982,0.6637947544275907,0.9234789402937893,0.5754038691520691
56,1,0,0.5342244505882263,0.08452002704143524,0.4656010772870526,0.10846168252427112,0.9536072611808777
56,1,1,0.5085065960884094,0.08541212975978851,0.4491397666606183,0.09635514958592789,0.9587976336479187
56,1,2,0.5045027136802673,0.08738753199577332,0.4395420867445143,0.0976864020498793,0.9590756893157959
56,1,3,0.5019274950027466,0.08851180225610733,0.42946396996178043,0.09857538442477731,0.9602997303009033
56,1,4,0.5332335829734802,0.08486614376306534,0.4793560580730343,0.09540763447712468,0.9570298194885254
56,1,5,0.5406801104545593,0.08646862953901291,0.49075824466092344,0.09583167944369714,0.9557335376739502
56,1,6,0.5464506149291992,0.08746804296970367,0.4996955786909974,0.09581734011042461,0.9611249566078186
56,1,7,0.48842906951904297,0.10481444746255875,0.4285217632486411,0.11058244434690342,0.9603502154350281
56,1,8,0.5560388565063477,0.10384122282266617,0.5291098103284352,0.10817714549552776,0.9620730876922607
56,1,9,0.5078226923942566,0.11367994546890259,0.46037977662129764,0.12899044620826122,0.9534456133842468
56,1,10,0.5436502695083618,0.11433279514312744,0.5035576636561371,0.12832248981576802,0.9476591348648071
56,1,11,0.38156601786613464,0.21878758072853088,0.3606919117434763,0.21504246640403873,0.9934913516044617
56,1,12,0.5653893947601318,0.20833222568035126,0.6547517125220018,0.21235393057522514,0.9953737258911133
56,1,13,0.3384033143520355,0.34198981523513794,0.30053646038256265,0.35061690110817123,0.5444441437721252
56,1,14,0.6200931668281555,0.3348507583141327,0.7758544879473206,0.35132454478794545,0.515931248664856
56,1,15,0.2666895091533661,0.31141653656959534,0.26003870515240846,0.3415620511117464,0.1984773725271225
56,1,16,0.5985392332077026,0.2809230089187622,0.7702567746289279,0.34113388298816105,0.11212275922298431
56,1,17,0.23680979013442993,0.3066745698451996,0.2425949578062857,0.33878039697778595,0.19238623976707458
56,1,18,0.6115455627441406,0.26576027274131775,0.7929871163180353,0.3365651598197154,0.10986475646495819
56,1,19,0.26628780364990234,0.2878320515155792,0.28571770027282956,0.3205091043584486,0.19166706502437592
56,1,20,0.5824275612831116,0.25312376022338867,0.7532167016790531,0.32417045004490147,0.10907997190952301
56,1,21,0.28802940249443054,0.29042956233024597,0.30302231507225263,0.3223769150627033,0.17573542892932892
56,1,22,0.5884553790092468,0.259168416261673,0.7460292273779973,0.327125072532429,0.10954903066158295
56,1,23,0.6580945253372192,0.5465119481086731,0.5209106462110009,0.5397614878307836,0.985007643699646
56,1,24,0.6716099381446838,0.5351633429527283,0.6601097064714018,0.529699574163974,0.9818534255027771
56,1,25,0.5765037536621094,0.7420012354850769,0.527734351053117,0.7291012159923239,0.5503455996513367
56,1,26,0.7322700023651123,0.7250489592552185,0.6924425427594085,0.7024017085221547,0.5556046366691589
56,1,27,0.6433913111686707,0.9212110638618469,0.5945640372254559,0.9019292191446542,0.6345613598823547
56,1,28,0.8004961013793945,0.90566486120224,0.728907795088792,0.8587993152607559,0.5380005836486816
56,1,29,0.6494309902191162,0.9483693242073059,0.6109409437406922,0.9230077913745441,0.7594694495201111
56,1,30,0.8289045095443726,0.9348325729370117,0.7499508170265389,0.8822027899931325,0.6879758238792419
56,1,31,0.6620470881462097,0.9726836681365967,0.561500037805408,0.960930687725774,0.6677019000053406
56,1,32,0.7971389293670654,0.9785885214805603,0.6869785686730961,0.9330380908817352,0.5786669254302979
57,1,0,0.559777557849884,0.08800456672906876,0.48195584793860935,0.10491692968608961,0.947830319404602
57,1,1,0.5327062606811523,0.09060301631689072,0.46364738444240594,0.0953588762960489,0.9522126317024231
57,1,2,0.5283541083335876,0.09294021874666214,0.45496278571575816,0.09686438482453012,0.9528657793998718
57,1,3,0.5250962376594543,0.09426680952310562,0.4460722885636137,0.09782916878562561,0.9527789950370789
57,1,4,0.5609738230705261,0.08873435854911804,0.4935245312206521,0.0942517866779027,0.9524111151695251
57,1,5,0.5680469274520874,0.09011104702949524,0.5041734652393008,0.09484086308214462,0.9511010050773621
57,1,6,0.5843556523323059,0.09172462671995163,0.5143935154844648,0.09510851481730294,0.9570635557174683
57,1,7,0.5000336170196533,0.110069639980793,0.44093214596059127,0.11049364028062272,0.9555310606956482
57,1,8,0.5859386324882507,0.10863692313432693,0.5389677048224981,0.108256766625541,0.9585326313972473
57,1,9,0.5317896604537964,0.11832542717456818,0.47277241896204214,0.12714298486796713,0.9487032294273376
57,1,10,0.5688753724098206,0.11864813417196274,0.5148909821538465,0.12664668737972012,0.9451069235801697
57,1,11,0.27735966444015503,0.21894410252571106,0.34622520635406595,0.21571819481910653,0.9921674728393555
57,1,12,0.6088548302650452,0.20830874145030975,0.646792636904042,0.21165333709153564,0.9953018426895142
57,1,13,0.16535362601280212,0.3566095232963562,0.27703157371195336,0.35165483461611713,0.5535789132118225
57,1,14,0.7422595024108887,0.30380159616470337,0.7700308310077381,0.3430832038525432,0.5376452207565308
57,1,15,0.15175040066242218,0.3113373816013336,0.2412250074934532,0.3363232640641558,0.19549673795700073
57,1,16,0.7286988496780396,0.248790442943573,0.7630511210247771,0.32509827901749033,0.12737677991390228
57,1,17,0.12414395064115524,0.3018256723880768,0.2220093116299766,0.33237380635733826,0.18824361264705658
57,1,18,0.7444841861724854,0.23432567715644836,0.7845755574836403,0.3188058062301794,0.12083353102207184
57,1,19,0.19093286991119385,0.2799742817878723,0.26925673627962754,0.31348110136843244,0.18734432756900787
57,1,20,0.7022122144699097,0.22097162902355194,0.7443706576577989,0.30624394032802243,0.11966925114393234
57,1,21,0.21334730088710785,0.2835271656513214,0.287451155461805,0.3156414143552371,0.17165759205818176
57,1,22,0.7085472941398621,0.22747865319252014,0.739531129929341,0.3098174937093209,0.1182309165596962
57,1,23,0.6221869587898254,0.552086353302002,0.5385022611070315,0.5418965848321877,0.9839361310005188
57,1,24,0.7075852155685425,0.5418068170547485,0.668342805488786,0.5317969573321162,0.9820660948753357
57,1,25,0.5844685435295105,0.7163165211677551,0.5375758060430023,0.7268864311221451,0.5660340785980225
57,1,26,0.6247660517692566,0.7132269144058228,0.6806991089002571,0.7042769263091657,0.5732506513595581
57,1,27,0.6359003186225891,0.8757924437522888,0.6017311990978125,0.897399541487521,0.6361578106880188
57,1,28,0.754067599773407,0.9078258275985718,0.7332680382985587,0.8673017589053809,0.5528867244720459
57,1,29,0.6583921909332275,0.9008141756057739,0.6191698691303622,0.9191619457754345,0.7533391714096069
57,1,30,0.7701594233512878,0.9360918998718262,0.7534524905925225,0.8915498871924475,0.693755030632019
57,1,31,0.6271885633468628,0.9170047044754028,0.5728978665548322,0.9533139578370633,0.6677185297012329
57,1,32,0.7367252707481384,0.9729278087615967,0.6956061472361136,0.9399540943391487,0.5903785228729248
58,1,0,0.5603115558624268,0.09989834576845169,0.4955567392103233,0.10404772658443831,0.9480335712432861
58,1,1,0.5324932336807251,0.09420814365148544,0.4755941550736684,0.09515959620727095,0.9522963762283325
58,1,2,0.5266098380088806,0.09584422409534454,0.46739669609516626,0.09668771744487668,0.9528924226760864
58,1,3,0.519895613193512,0.09662308543920517,0.4588847208783827,0.09762030289805328,0.9525394439697266
58,1,4,0.5653982758522034,0.09301727265119553,0.5059978568697974,0.09403799706853506,0.9525202512741089
58,1,5,0.5736113786697388,0.09420733153820038,0.5162231811486385,0.09473115188432302,0.9511494636535645
58,1,6,0.5980538725852966,0.09488238394260406,0.528917473056335,0.09506935530673633,0.9573314189910889
58,1,7,0.48386138677597046,0.11351622641086578,0.4483758365298659,0.11101711128539982,0.9556155800819397
58,1,8,0.5918878316879272,0.11104203760623932,0.5481465006664727,0.10873913442268122,0.959086537361145
58,1,9,0.53017657995224,0.12782301008701324,0.482730299446124,0.12726074772459223,0.9493404030799866
58,1,10,0.568215548992157,0.1275651454925537,0.5241400416549817,0.12680574182188387,0.9470832943916321
58,1,11,0.23186266422271729,0.218160018324852,0.3263530476050912,0.21614107820900916,0.9905391931533813
58,1,12,0.6779512166976929,0.21053913235664368,0.6521933789622243,0.21146038299805378,0.9947976469993591
58,1,13,0.1610141545534134,0.3494599759578705,0.25687058719771816,0.35127472422960515,0.5676681399345398
58,1,14,0.7708010077476501,0.3172377645969391,0.7701642039769719,0.33860405058387566,0.5495627522468567
58,1,15,0.151567280292511,0.28163740038871765,0.22565683613418458,0.3268377008843755,0.20061823725700378
58,1,16,0.7735123634338379,0.24092069268226624,0.764863261326192,0.31048425357758125,0.13939166069030762
58,1,17,0.13382676243782043,0.25710251927375793,0.206697930002038,0.3193095245492701,0.19125917553901672
58,1,18,0.796202540397644,0.22474917769432068,0.7865897084991611,0.30247183089673524,0.1311376541852951
58,1,19,0.21058610081672668,0.23755131661891937,0.2590786384824821,0.3003022687102748,0.19015276432037354
58,1,20,0.7507627010345459,0.2115936279296875,0.7454777827322536,0.2898065717968574,0.13027676939964294
58,1,21,0.22655847668647766,0.24585236608982086,0.276886887639364,0.3035306354229793,0.17527969181537628
58,1,22,0.7459405660629272,0.2184516340494156,0.7406412687511894,0.293952085360212,0.12718047201633453
58,1,23,0.5569897890090942,0.5627938508987427,0.5417055668750715,0.5455176534858097,0.9824279546737671
58,1,24,0.7189813256263733,0.550570547580719,0.6771252638445252,0.5350498285013275,0.9818618297576904
58,1,25,0.5433674454689026,0.7456496953964233,0.5385789235701863,0.7301375130913385,0.5868648290634155
58,1,26,0.6704549193382263,0.7435571551322937,0.6789245664289237,0.7110871408178272,0.5873417854309082
58,1,27,0.6369851231575012,0.8931064009666443,0.6078426417514033,0.8966559996144782,0.6487013697624207
58,1,28,0.7618182301521301,0.9272892475128174,0.7382163453378341,0.8777085448944297,0.5652872323989868
58,1,29,0.6612915396690369,0.9227784872055054,0.6264733756439935,0.9197882933391295,0.7556576132774353
58,1,30,0.7825049161911011,0.9554932117462158,0.7584879245347411,0.9026442509699077,0.695771336555481
58,1,31,0.6136020421981812,0.9359042048454285,0.5799552884870476,0.9502975221236082,0.6717454195022583
58,1,32,0.7398371696472168,0.9882300496101379,0.7032758702153563,0.9483261989361289,0.59515780210495
59,1,0,0.608399510383606,0.09906434267759323,0.5151641060739803,0.10318462095488778,0.9373373985290527
59,1,1,0.5573083758354187,0.0921684131026268,0.4897794421465728,0.09464156430330106,0.9434316158294678
59,1,2,0.5449169278144836,0.09363877028226852,0.4808522361792079,0.09615968068438199,0.9446135759353638
59,1,3,0.5232171416282654,0.09453683346509933,0.47004678465421945,0.09708628678778886,0.9429604411125183
59,1,4,0.60626220703125,0.09135420620441437,0.5234130459722656,0.09357320558477254,0.943841278553009
59,1,5,0.6146883368492126,0.09267789870500565,0.5333249367938382,0.09437556661674419,0.9426308274269104
59,1,6,0.6295518279075623,0.09337509423494339,0.5463971233421693,0.09477594396354554,0.9480151534080505
59,1,7,0.485126256942749,0.1122361570596695,0.4547469727899893,0.11122822206402364,0.9508714079856873
59,1,8,0.6123661994934082,0.10959583520889282,0.5592889446572195,0.10888749374205176,0.954194962978363
59,1,9,0.5668839812278748,0.12233544886112213,0.4973401263962656,0.1264077038207281,0.9455369114875793
59,1,10,0.6216942667961121,0.12187753617763519,0.5410831151212809,0.12595219443486733,0.9443708658218384
59,1,11,0.24255679547786713,0.21893593668937683,0.31180550056087464,0.21662510654541897,0.9894134998321533
59,1,12,0.6989859342575073,0.20867060124874115,0.6603077964043969,0.21097723397371942,0.9926809668540955
59,1,13,0.20278678834438324,0.3612717092037201,0.24748956076043266,0.35300642947161026,0.5742161870002747
59,1,14,0.7929852604866028,0.3314450681209564,0.7741188007661045,0.3373640569231771,0.5437299609184265
59,1,15,0.193153515458107,0.400096595287323,0.22002263204594602,0.33955191531705725,0.1986711472272873
59,1,16,0.7947726249694824,0.2913041412830353,0.7700473200318301,0.3071608901995213,0.14136503636837006
59,1,17,0.17526906728744507,0.4179677367210388,0.20125014017228687,0.33644486077831876,0.1883373111486435
59,1,18,0.8173470497131348,0.3165649473667145,0.7919208916469536,0.30491336625520965,0.13456270098686218
59,1,19,0.24424836039543152,0.39403238892555237,0.2565092918175464,0.31657927238214695,0.18734435737133026
59,1,20,0.7670378088951111,0.29432299733161926,0.7492137613126166,0.2905887861648904,0.1341850459575653
59,1,21,0.25916314125061035,0.3858867585659027,0.27381598291496856,0.3178275821286013,0.1730334609746933
59,1,22,0.7657824158668518,0.2822364568710327,0.7449982643422334,0.2919225562491924,0.1315869688987732
59,1,23,0.5464701652526855,0.5549449324607849,0.5425307799730321,0.5471506451992103,0.9782665967941284
59,1,24,0.7215703129768372,0.5454825162887573,0.6848321320195785,0.5368570313791218,0.9778770208358765
59,1,25,0.5776002407073975,0.7557499408721924,0.5453442025037943,0.7345762522621534,0.5942885279655457
59,1,26,0.6763147711753845,0.7466327548027039,0.6784725903312587,0.7172491770804696,0.5725935697555542
59,1,27,0.6367119550704956,0.9231829047203064,0.6128463184914514,0.9012533479200538,0.6368932127952576
59,1,28,0.750729501247406,0.93099045753479,0.7403840753379352,0.8869501794030918,0.5442467331886292
59,1,29,0.6549645662307739,0.9398812651634216,0.6314114600887083,0.9232699114054581,0.7264928817749023
59,1,30,0.7671504020690918,0.953265368938446,0.7599884054672653,0.9114236714925706,0.6667033433914185
59,1,31,0.6133061647415161,0.9492970108985901,0.5857364930334146,0.9501242577395885,0.6325374245643616
59,1,32,0.7396647334098816,0.9971113204956055,0.7095842652900685,0.956786737960665,0.5555648803710938
60,1,0,0.602165162563324,0.10087653249502182,0.5302695926428447,0.10278489981937831,0.9394236207008362
60,1,1,0.5565546751022339,0.09468536823987961,0.5013661950382329,0.09464914987265839,0.9453531503677368
60,1,2,0.5411111116409302,0.09603940695524216,0.49130623835543885,0.09613885272136177,0.9467466473579407
60,1,3,0.5195205211639404,0.09686628729104996,0.4786269533690196,0.09704818906549925,0.9447624087333679
60,1,4,0.6048652529716492,0.09371962398290634,0.5375527513946132,0.0935985610764088,0.9448522329330444
60,1,5,0.615096390247345,0.09475405514240265,0.5475201932988631,0.09444111049513294,0.9437999725341797
60,1,6,0.6328064799308777,0.09512963891029358,0.5613995942122696,0.09483719422544896,0.9478911757469177
60,1,7,0.4797271192073822,0.11461374908685684,0.45907605717221234,0.11181455591033938,0.9529079794883728
60,1,8,0.6155009865760803,0.11159183830022812,0.5690396827243586,0.10935584513174396,0.9551830887794495
60,1,9,0.5646407604217529,0.1271326094865799,0.5090182247081602,0.12653323898656554,0.9482880234718323
60,1,10,0.6125950813293457,0.1262693554162979,0.5534935373702266,0.1260071179532152,0.9468817710876465
60,1,11,0.20469582080841064,0.22193677723407745,0.29319757968934473,0.2175450793012463,0.9898764491081238
60,1,12,0.7308347821235657,0.22373035550117493,0.6725467972954906,0.213186548054197,0.9918755888938904
60,1,13,0.17637419700622559,0.3695846199989319,0.23514805778418393,0.3558787173528459,0.6000827550888062
60,1,14,0.7979048490524292,0.38486248254776,0.7782407477173028,0.34560113365295314,0.540464460849762
60,1,15,0.20381169021129608,0.4702649712562561,0.2172139695601525,0.3622764812117096,0.20329028367996216
60,1,16,0.7716461420059204,0.414105623960495,0.7703242014520227,0.3257400328421764,0.1354922652244568
60,1,17,0.1995060294866562,0.4917282462120056,0.20094809130819039,0.3634608337802724,0.1906863898038864
60,1,18,0.7737053632736206,0.43178853392601013,0.7887647622566805,0.3269680791152315,0.12976452708244324
60,1,19,0.26055192947387695,0.47340038418769836,0.25720943622682113,0.34386402530905674,0.1897982954978943
60,1,20,0.7109000086784363,0.4148135185241699,0.7425712901474043,0.31218106015861397,0.1294802874326706
60,1,21,0.2648460865020752,0.4638245105743408,0.27226222571462433,0.3432208570000925,0.17514795064926147
60,1,22,0.6994995474815369,0.40681490302085876,0.7371084351604547,0.31188714329138584,0.12734591960906982
60,1,23,0.4197368621826172,0.5433385372161865,0.5211881442651205,0.5464904241585051,0.9784103035926819
60,1,24,0.6997858285903931,0.5366021990776062,0.687422840642225,0.5368129015514195,0.9769775867462158
60,1,25,0.488330602645874,0.7515845894813538,0.5354542028081402,0.7375231054690141,0.5957794189453125
60,1,26,0.6685253977775574,0.7562747001647949,0.6767495110466466,0.7240151838450757,0.5717065930366516
60,1,27,0.5906057953834534,0.9153781533241272,0.6089923479202553,0.903700390383405,0.64607173204422
60,1,28,0.6735560297966003,0.9317610859870911,0.7287881817195345,0.8947205655130006,0.5494235157966614
60,1,29,0.5924978256225586,0.9347754716873169,0.6246648969331565,0.9252630277499083,0.7360758185386658
60,1,30,0.653287947177887,0.9356416463851929,0.7414517973149032,0.9156205654511611,0.6755174398422241
60,1,31,0.5305525064468384,0.9719187021255493,0.5761644188231703,0.9539008916958582,0.623565673828125
60,1,32,0.7245059013366699,0.9900845885276794,0.7121694210334159,0.9625587224262365,0.5420278310775757
61,1,0,0.5814357995986938,0.10368727147579193,0.5391437486207167,0.10294116838952239,0.9441065788269043
61,1,1,0.5421662330627441,0.09527963399887085,0.5084402525969534,0.09475833333405384,0.9495797157287598
61,1,2,0.5219032764434814,0.09666772186756134,0.49660963851259626,0.09623043883024293,0.9508213400840759
61,1,3,0.4948364496231079,0.09749943763017654,0.4814353394153026,0.09712633316589082,0.948908805847168
61,1,4,0.6018245220184326,0.09402910619974136,0.5487042786457522,0.09367311985199626,0.9488490223884583
61,1,5,0.6146359443664551,0.09491655975580215,0.5591661579647711,0.09452344556498252,0.9477947950363159
61,1,6,0.6310614347457886,0.09537903219461441,0.5734882853999086,0.09493102622778782,0.9514094591140747
61,1,7,0.4694509506225586,0.11506069451570511,0.4608732475299843,0.11237674694877309,0.9564501643180847
61,1,8,0.620146632194519,0.11201753467321396,0.5779035185410479,0.10981680872720968,0.9583905339241028
61,1,9,0.5355283617973328,0.1280774474143982,0.5136126743397637,0.12680066307669988,0.9525654315948486
61,1,10,0.6041208505630493,0.1273905485868454,0.5622740705219051,0.12624669759404253,0.9511891603469849
61,1,11,0.22259260714054108,0.23125192523002625,0.2809449179860686,0.2199196819072643,0.9904147982597351
61,1,12,0.7458435893058777,0.2242220789194107,0.685267543760305,0.21509821303121712,0.9917972683906555
61,1,13,0.16573096811771393,0.39782479405403137,0.22310189439669262,0.3631517085877344,0.6268492937088013
61,1,14,0.8615313172340393,0.37851688265800476,0.7927002080714152,0.3513068177632999,0.5489993691444397
61,1,15,0.21565039455890656,0.45230814814567566,0.21694318871478654,0.37790955324654146,0.20707863569259644
61,1,16,0.7747984528541565,0.3529955744743347,0.7710991126119213,0.33046375636999664,0.12988530099391937
61,1,17,0.21296271681785583,0.46546950936317444,0.20302940074640452,0.3811799664450459,0.19029459357261658
61,1,18,0.7776114344596863,0.34448063373565674,0.7868326817689053,0.33000233347745334,0.12406020611524582
61,1,19,0.2637551724910736,0.4476262032985687,0.2583431795981948,0.3618886902053263,0.18940341472625732
61,1,20,0.7096236348152161,0.33296436071395874,0.7368600617568785,0.3157823626272273,0.12370001524686813
61,1,21,0.2718546390533447,0.4416031241416931,0.27219164221487796,0.36030820726013935,0.17550517618656158
61,1,22,0.6966316103935242,0.33612722158432007,0.7300904976351033,0.31608786763624747,0.1225430890917778
61,1,23,0.38131028413772583,0.5322840809822083,0.49686366854477937,0.5440292510413106,0.9790179133415222
61,1,24,0.6871559619903564,0.5260986089706421,0.6873766247342309,0.5349569022177719,0.9771878123283386
61,1,25,0.47239381074905396,0.7357161641120911,0.5245132912768969,0.7372101792429662,0.5829994678497314
61,1,26,0.6708535552024841,0.7319908142089844,0.6757283223247561,0.7253966611342314,0.5740885734558105
61,1,27,0.5610331892967224,0.9239006042480469,0.6006752739102004,0.9072006016664683,0.6449339389801025
61,1,28,0.6438909769058228,0.9392763376235962,0.7140489642558803,0.9024466541836533,0.5559263825416565
61,1,29,0.5449866652488708,0.941554069519043,0.6108339533246695,0.9280855421268358,0.7399065494537354
61,1,30,0.6070926189422607,0.9489567279815674,0.718090791287842,0.9213991943572456,0.6859668493270874
61,1,31,0.5366702675819397,0.9872554540634155,0.5693170815578965,0.9596827191077635,0.6106301546096802
61,1,32,0.6937780380249023,0.979092001914978,0.7089828172629811,0.9654232258902944,0.5342052578926086
62,1,0,0.5521776080131531,0.10353972017765045,0.5414017252330048,0.10304482188854004,0.9461225867271423
62,1,1,0.5348618626594543,0.09075388312339783,0.5130193481710736,0.09406479632438747,0.9518395066261292
62,1,2,0.5203108191490173,0.09132435917854309,0.5007169240048223,0.09538072417572609,0.9531202912330627
62,1,3,0.49611517786979675,0.09132875502109528,0.48397858563722945,0.09612218739330515,0.9517862796783447
62,1,4,0.5631583333015442,0.09149520099163055,0.5512083941136717,0.09329594338444192,0.9505662322044373
62,1,5,0.5716147422790527,0.09196572750806808,0.5613227022823168,0.0940804896356382,0.9491432905197144
62,1,6,0.5771049857139587,0.09228094667196274,0.5741146624293256,0.0944720734875021,0.9528129696846008
62,1,7,0.47266584634780884,0.10621701180934906,0.462916106472522,0.11130986364909905,0.9585657715797424
62,1,8,0.5657224655151367,0.10472503304481506,0.575793347675321,0.10893492729911983,0.958269476890564
62,1,9,0.5289582014083862,0.1249237209558487,0.5162713020700797,0.12647561330497903,0.9544118642807007
62,1,10,0.5634251236915588,0.12478640675544739,0.562473406640319,0.12599380687288667,0.9511798620223999
62,1,11,0.46160751581192017,0.22690504789352417,0.3124001173976363,0.22112959688103745,0.9904714226722717
62,1,12,0.5662180781364441,0.22577892243862152,0.6645778399223632,0.21694839322246431,0.9895230531692505
62,1,13,0.5888296365737915,0.3719128966331482,0.28712971846762103,0.3646692898760887,0.6149033904075623
62,1,14,0.5252699851989746,0.3697870075702667,0.746017057273226,0.3545088240760238,0.5157801508903503
62,1,15,0.5486061573028564,0.37552669644355774,0.27494860393214615,0.37749688408470383,0.21599073708057404
62,1,16,0.5816003084182739,0.331483393907547,0.7380966263218357,0.33064033299581946,0.13225527107715607
62,1,17,0.5256220698356628,0.3779886066913605,0.2594332562040904,0.380627266045083,0.19808898866176605
62,1,18,0.6080344319343567,0.3223448693752289,0.7557037467935824,0.32867597819781863,0.12942709028720856
62,1,19,0.540291428565979,0.3573903739452362,0.3075812135898122,0.36110961198380553,0.19716089963912964
62,1,20,0.5780590176582336,0.3060305118560791,0.7092291575759256,0.3140931304592449,0.12872281670570374
62,1,21,0.555749773979187,0.35687920451164246,0.3217132076132008,0.35971434565046884,0.18237857520580292
62,1,22,0.5674481391906738,0.3090933859348297,0.7017879736984913,0.3148763720396588,0.12555047869682312
62,1,23,0.39139801263809204,0.529350757598877,0.4785422097530276,0.5414862441920155,0.9794915914535522
62,1,24,0.5422672629356384,0.5187021493911743,0.6621384046801972,0.5321406794486925,0.9769400358200073
62,1,25,0.49994590878486633,0.723407506942749,0.5202557950474961,0.7348189693292128,0.5900710821151733
62,1,26,0.6422632336616516,0.7276173830032349,0.6699273149175323,0.7257812509213453,0.5947517156600952
62,1,27,0.5763081908226013,0.9283634424209595,0.5964525246441745,0.9108677190880621,0.6645557880401611
62,1,28,0.6287558674812317,0.9326308369636536,0.6992408223943238,0.9076784152646084,0.5838556885719299
62,1,29,0.5714228749275208,0.9455229640007019,0.6040010298559945,0.9311067772598491,0.7499403357505798
62,1,30,0.6156094670295715,0.9335395693778992,0.7002893186812713,0.9235023184975718,0.6905856728553772
62,1,31,0.5629628300666809,0.960778534412384,0.5682165024936726,0.9598724885774602,0.6306865215301514
62,1,32,0.6512792110443115,0.9666684865951538,0.6989729266465945,0.9656388766902241,0.5588645935058594
63,1,0,0.4289507567882538,0.09998201578855515,0.5218627804286323,0.10251438466451393,0.9507169723510742
63,1,1,0.4337981939315796,0.08923549950122833,0.4992679325130113,0.09322838209235015,0.9559800028800964
63,1,2,0.4342205822467804,0.08987675607204437,0.48917871556833203,0.09442744033636773,0.9571651816368103
63,1,3,0.4323016107082367,0.09001787006855011,0.47501576390247857,0.09506490436022676,0.9560121297836304
63,1,4,0.4298451840877533,0.08977515250444412,0.5301152657561218,0.09268618095888326,0.9546392560005188
63,1,5,0.43123307824134827,0.0902542769908905,0.5387070040579256,0.09341782542288926,0.9532814621925354
63,1,6,0.4306277334690094,0.09027478098869324,0.5491598972328124,0.09374513360861732,0.9566539525985718
63,1,7,0.43723493814468384,0.10436682403087616,0.45846545034081865,0.11010728150238613,0.962280809879303
63,1,8,0.4339680075645447,0.10186872631311417,0.5511287419842653,0.10771100823303341,0.9613540172576904
63,1,9,0.440780371427536,0.12200988084077835,0.5031688473045077,0.1257021753412083,0.9581103324890137
63,1,10,0.4376894533634186,0.12237471342086792,0.540783511609763,0.12536701765219652,0.9545596837997437
63,1,11,0.47220852971076965,0.2202613651752472,0.34020722006741094,0.22097924065354552,0.990968644618988
63,1,12,0.48903247714042664,0.2193680703639984,0.6340180764534677,0.21736744096593671,0.9882931709289551
63,1,13,0.5806196928024292,0.3606468439102173,0.3384020760349399,0.36397263592521084,0.6310998797416687
63,1,14,0.4788151681423187,0.3510984182357788,0.6993736169084075,0.35391818118841517,0.48178619146347046
63,1,15,0.49953094124794006,0.3500725328922272,0.314102343294382,0.3727438876042647,0.23187008500099182
63,1,16,0.5539345741271973,0.3028329312801361,0.706028512059017,0.3258208761852271,0.1321415901184082
63,1,17,0.47018805146217346,0.3480832278728485,0.29616110075826907,0.3749861006146246,0.20839561522006989
63,1,18,0.5911112427711487,0.2906155288219452,0.7270600574494549,0.3220774759730024,0.13113467395305634
63,1,19,0.48249077796936035,0.3294730484485626,0.3380297524712503,0.35562589713021736,0.20679180324077606
63,1,20,0.5628517866134644,0.2771967351436615,0.6837692920624759,0.3076966619412425,0.12988156080245972
63,1,21,0.4978031516075134,0.3318497836589813,0.3523683239103622,0.35488499394136436,0.19199250638484955
63,1,22,0.556489884853363,0.2819698750972748,0.6765166441267858,0.3091722875219336,0.1262475699186325
63,1,23,0.3953791558742523,0.5227050185203552,0.4641047749832601,0.5382320494741487,0.9797070622444153
63,1,24,0.5011286735534668,0.5152132511138916,0.6341213056853413,0.5292078526372738,0.9766146540641785
63,1,25,0.5039885640144348,0.7155096530914307,0.5174374074502288,0.7314732206654058,0.6089900732040405
63,1,26,0.5763741135597229,0.715816080570221,0.6536810825565555,0.7240550585489546,0.5995998978614807
63,1,27,0.5915138125419617,0.9117552638053894,0.5955971584495975,0.9110214200047766,0.6756982803344727
63,1,28,0.6342190504074097,0.9088718891143799,0.6879589278973115,0.9078850974802292,0.5929494500160217
63,1,29,0.6372181177139282,0.932845413684845,0.6097590043326027,0.9314078740308913,0.7524858713150024
63,1,30,0.6529938578605652,0.9255391955375671,0.6920874504898648,0.9238550674703705,0.6874997615814209
63,1,31,0.5903791785240173,0.9460560083389282,0.5720569904792845,0.9574788858197971,0.6396483778953552
63,1,32,0.5616095662117004,0.9638626575469971,0.675087469683455,0.9653312711550619,0.5653682947158813
64,1,0,0.4032401442527771,0.10270106792449951,0.5012476168029706,0.1025467129182011,0.9547615647315979
64,1,1,0.3924350142478943,0.09154047816991806,0.4807082273074368,0.09293607172204349,0.9595489501953125
64,1,2,0.3825298547744751,0.09222856163978577,0.4706510921897611,0.09404663375610019,0.960519015789032
64,1,3,0.3741035759449005,0.09235160797834396,0.45748775912834866,0.0945950025408502,0.9593299031257629
64,1,4,0.41498228907585144,0.09200650453567505,0.5101086359274618,0.09256847849932671,0.958299458026886
64,1,5,0.42826515436172485,0.09262969344854355,0.5195182355526752,0.09328134080916094,0.957044243812561
64,1,6,0.43859514594078064,0.0927310436964035,0.5299496982299083,0.0935695175763001,0.960172712802887
64,1,7,0.34846124053001404,0.10897579044103622,0.4393529883218203,0.10991133371531892,0.965278148651123
64,1,8,0.45239007472991943,0.10524189472198486,0.5339793278795064,0.10728339832862471,0.9644866585731506
64,1,9,0.40260088443756104,0.12500306963920593,0.48570080205896443,0.12558110815571952,0.9613195061683655
64,1,10,0.42759060859680176,0.1256396323442459,0.5211151346854305,0.12541422692113455,0.9581694602966309
64,1,11,0.1845918893814087,0.22424818575382233,0.3131334361236369,0.2215453818904187,0.9906036853790283
64,1,12,0.6580067873001099,0.2185930460691452,0.6381751759526181,0.21757968771613265,0.9882400035858154
64,1,13,0.30061325430870056,0.3667643070220947,0.3318508991906211,0.3644561122866969,0.6315395832061768
64,1,14,0.6851959824562073,0.34985628724098206,0.696917358270725,0.3532146942864465,0.4763975143432617
64,1,15,0.38028648495674133,0.35389596223831177,0.32558648577240185,0.3694781366301939,0.21978439390659332
64,1,16,0.5572396516799927,0.3109995424747467,0.6801471724574851,0.3232531096088026,0.12526218593120575
64,1,17,0.3656766712665558,0.34800392389297485,0.30822448192375046,0.3703098022371145,0.197691410779953
64,1,18,0.626074492931366,0.3032948076725006,0.7095190854271382,0.3188230279287695,0.12483367323875427
64,1,19,0.4218945801258087,0.3306024968624115,0.3525894370005345,0.3512893307350978,0.19637255370616913
64,1,20,0.6106683611869812,0.2903168797492981,0.6710824442390985,0.30468541680185646,0.12360648810863495
64,1,21,0.4353184401988983,0.3332698941230774,0.3667688185377051,0.35113946938030133,0.18299712240695953
64,1,22,0.6041337847709656,0.29348769783973694,0.6639546895953888,0.30645489233745543,0.12049645185470581
64,1,23,0.359785258769989,0.5356924533843994,0.44598300465749063,0.5377922321970424,0.9793068170547485
64,1,24,0.5568135976791382,0.5261530876159668,0.6207026845162086,0.5286788081632436,0.9771437644958496
64,1,25,0.4212862253189087,0.7284684181213379,0.5007387193399828,0.7309528298945418,0.6353515982627869
64,1,26,0.6026961207389832,0.7344377040863037,0.6448384317242417,0.7258535903256234,0.6212900280952454
64,1,27,0.5253494381904602,0.8783274292945862,0.5834066398105738,0.9053542153098172,0.6981620192527771
64,1,28,0.6526108980178833,0.9156606197357178,0.6818311654769127,0.9092319054518929,0.6198514103889465
64,1,29,0.5871583223342896,0.8940547704696655,0.6058425712956991,0.9249321488541837,0.7682138085365295
64,1,30,0.7074552178382874,0.9387143850326538,0.6947499169594404,0.9264294152132988,0.7034024596214294
64,1,31,0.4965437054634094,0.9307339787483215,0.558950636145915,0.9528437285632287,0.6573048830032349
64,1,32,0.6057060360908508,0.9480562210083008,0.6630475550236558,0.9623381848771769,0.5836294889450073
65,1,0,0.4085499942302704,0.1106061339378357,0.4851503624945956,0.10394270677242162,0.9586299657821655
65,1,1,0.4100956618785858,0.09337165951728821,0.468454234754406,0.09301150376210922,0.962753415107727
65,1,2,0.40983492136001587,0.09440970420837402,0.46010025204033156,0.09410950761410035,0.9637940526008606
65,1,3,0.3851083219051361,0.0942036360502243,0.444926487083877,0.09452722852647978,0.9628000259399414
65,1,4,0.3779788315296173,0.09580408036708832,0.48713674811868746,0.0931288445184124,0.9608931541442871
65,1,5,0.3623039722442627,0.09744174033403397,0.4921646991344515,0.09400189032017076,0.9594609141349792
65,1,6,0.34530749917030334,0.09885969758033752,0.49779768355845805,0.09448576758039176,0.9619802832603455
65,1,7,0.41611188650131226,0.10788708925247192,0.4353254922780338,0.10956077251018236,0.9682967662811279
65,1,8,0.32548069953918457,0.10741816461086273,0.4976472955351554,0.1073067359973627,0.9641192555427551
65,1,9,0.4284150302410126,0.12756100296974182,0.4757634917648538,0.1259239883688299,0.9647614359855652
65,1,10,0.40160924196243286,0.13317133486270905,0.5003458522798346,0.12675784417671565,0.9610863327980042
65,1,11,0.6789349317550659,0.2169467806816101,0.37717484639003734,0.22074892872720422,0.9914068579673767
65,1,12,0.22306104004383087,0.22064974904060364,0.5653940947705002,0.2181113815442211,0.9881123304367065
65,1,13,0.9100969433784485,0.35326889157295227,0.4337230775617622,0.3625181618998059,0.6588484048843384
65,1,14,0.16195081174373627,0.34647348523139954,0.6027897527221204,0.3520470777875805,0.486113041639328
65,1,15,0.7781712412834167,0.3418886065483093,0.4050255522828352,0.3646964837244121,0.2782536447048187
65,1,16,0.19982126355171204,0.30763667821884155,0.5957700115658998,0.32054752954322197,0.16363032162189484
65,1,17,0.7481036186218262,0.3455887734889984,0.3854043344681616,0.36602567299698313,0.24853427708148956
65,1,18,0.21194662153720856,0.30608442425727844,0.6220682072203554,0.3166162280166426,0.16266493499279022
65,1,19,0.7333241105079651,0.32382598519325256,0.4192751541340339,0.34652956886028924,0.24747630953788757
65,1,20,0.20682798326015472,0.287699818611145,0.5895676052642587,0.3017425037737853,0.1622103750705719
65,1,21,0.7266443967819214,0.3228667378425598,0.4297621808354587,0.3462393094199446,0.2309712916612625
65,1,22,0.21965669095516205,0.2888256311416626,0.5859897562453077,0.303400399782654,0.15582390129566193
65,1,23,0.5626223683357239,0.5140733122825623,0.46625222763120067,0.5336818807346861,0.9794981479644775
65,1,24,0.33291909098625183,0.5177543759346008,0.5704362262172495,0.5267863949127292,0.9767469167709351
65,1,25,0.5543097257614136,0.7183955311775208,0.5100305695499383,0.7287774526451263,0.6656349301338196
65,1,26,0.37089818716049194,0.7392405271530151,0.5970098322289314,0.7281727492370222,0.6537245512008667
65,1,27,0.6854917407035828,0.8854233622550964,0.6011390212442292,0.9019007073072381,0.7166803479194641
65,1,28,0.4531976580619812,0.9359292387962341,0.6419666601227375,0.9138588136709102,0.6445214152336121
65,1,29,0.6827889680862427,0.9102064967155457,0.6191982546409796,0.9223809681647975,0.7677215337753296
65,1,30,0.4895824193954468,0.958676815032959,0.6590019025877576,0.9320191334271589,0.6873470544815063
65,1,31,0.742218554019928,0.9458100199699402,0.5908619560505666,0.9516254387612147,0.676042914390564
65,1,32,0.47219952940940857,0.9867763519287109,0.6298087522216066,0.9665732692636054,0.6031150817871094
66,1,0,0.4082968831062317,0.12021643668413162,0.47181081616283227,0.10676221902595866,0.9618677496910095
66,1,1,0.43083053827285767,0.10032837837934494,0.4619315325406869,0.09427885095733411,0.9651086330413818
66,1,2,0.4351828098297119,0.10103260725736618,0.45578204272177963,0.09530863531827521,0.9661006927490234
66,1,3,0.4250146746635437,0.1005915179848671,0.4414762755534055,0.09557757737665953,0.9652950763702393
66,1,4,0.40144896507263184,0.10262499004602432,0.4722598572144356,0.0947737684041613,0.962843120098114
66,1,5,0.38235217332839966,0.1039959117770195,0.4730855308270575,0.09573308226667186,0.9610939025878906
66,1,6,0.3408587574958801,0.10548242926597595,0.47049213681341956,0.09639069703714784,0.9633042812347412
66,1,7,0.4394604563713074,0.11166063696146011,0.4360416351269054,0.10992443050787891,0.9704209566116333
66,1,8,0.3713432252407074,0.11197322607040405,0.475691922778227,0.10811494882810156,0.963670015335083
66,1,9,0.45215755701065063,0.1371486634016037,0.47167272822689377,0.12786842938306092,0.967515230178833
66,1,10,0.3904215097427368,0.14264993369579315,0.4812472180169484,0.12951120369309344,0.9634875059127808
66,1,11,0.7357121109962463,0.20649729669094086,0.4399322627416375,0.21827990592619737,0.9921104311943054
66,1,12,0.19660204648971558,0.21350157260894775,0.500821453174111,0.21731298699774051,0.9888108968734741
66,1,13,0.8754085302352905,0.37366142868995667,0.5112283970777147,0.3644484961515773,0.6798372864723206
66,1,14,0.17669004201889038,0.34574228525161743,0.5280543795359227,0.3509550654561819,0.48547399044036865
66,1,15,0.7846627831459045,0.3766566216945648,0.471519132034102,0.3667683770413533,0.32587316632270813
66,1,16,0.25476375222206116,0.3250262439250946,0.5361107582456818,0.32132321574684397,0.2021535038948059
66,1,17,0.7736957669258118,0.3793694078922272,0.4534308873431917,0.36833734878566493,0.2907325327396393
66,1,18,0.27619385719299316,0.3289742171764374,0.5615485848623625,0.3187570634793742,0.20049981772899628
66,1,19,0.7588049173355103,0.3534325361251831,0.47867253897645845,0.3477252111336792,0.28981804847717285
66,1,20,0.2699817419052124,0.3075301945209503,0.533691768904106,0.30274493596150165,0.20088501274585724
66,1,21,0.7487543821334839,0.3520774841308594,0.48553263491833865,0.34725048951086024,0.2716333568096161
66,1,22,0.27501943707466125,0.30659720301628113,0.5316342933808955,0.30395404529172854,0.19207797944545746
66,1,23,0.6180697679519653,0.5095767378807068,0.49266244093078937,0.5295045502623252,0.9794040322303772
66,1,24,0.3376612067222595,0.5103475451469421,0.5298439590667723,0.5239382603463274,0.9775131940841675
66,1,25,0.54298996925354,0.7231540083885193,0.5157438213342185,0.7278034721536084,0.6927709579467773
66,1,26,0.31446391344070435,0.7286299467086792,0.5476655536970542,0.728251923553179,0.6794052124023438
66,1,27,0.711567223072052,0.8711126446723938,0.6203254371438317,0.896564181666623,0.734030544757843
66,1,28,0.4000624716281891,0.9313257336616516,0.59977128839897,0.9168851621781685,0.6712434887886047
66,1,29,0.7120579481124878,0.8884921073913574,0.6353237286932105,0.9165064310413025,0.770948588848114
66,1,30,0.45414629578590393,0.9582469463348389,0.6233083500069437,0.9365646041230868,0.6958276629447937
66,1,31,0.7557097673416138,0.9460831880569458,0.619550269246378,0.9506655233872826,0.6954636573791504
66,1,32,0.33126556873321533,1.0125792026519775,0.5776461925423954,0.9745511684372993,0.6289482116699219
67,1,0,0.3732420802116394,0.14474262297153473,0.4546909868349072,0.11334682227494447,0.9650598168373108
67,1,1,0.4245406687259674,0.1211162731051445,0.45544924151022015,0.0989300563717425,0.9677239656448364
67,1,2,0.4314419627189636,0.12027101963758469,0.4515639643355949,0.09963463346509638,0.9686430096626282
67,1,3,0.44311103224754333,0.11836551129817963,0.4417593811418235,0.09952648384455488,0.9679707288742065
67,1,4,0.40806886553764343,0.12332860380411148,0.4611223574721386,0.09972287477833822,0.9655750393867493
67,1,5,0.39035236835479736,0.12462908029556274,0.4587228533169686,0.1007413700689434,0.9639723300933838
67,1,6,0.36550065875053406,0.12227925658226013,0.4522531467020876,0.10087732687889524,0.9661609530448914
67,1,7,0.48963794112205505,0.12152557075023651,0.4453378888272519,0.11193410904878956,0.9724642038345337
67,1,8,0.4214129149913788,0.12361843883991241,0.46627695530318014,0.11080095077912114,0.9661886096000671
67,1,9,0.43420886993408203,0.16176393628120422,0.4651777703832158,0.1337441197595072,0.9697568416595459
67,1,10,0.38808536529541016,0.1644129604101181,0.465069059078886,0.13556150764452152,0.9656926393508911
67,1,11,0.7347182631492615,0.21495920419692993,0.4914341953795495,0.21770480019511282,0.9924518465995789
67,1,12,0.3759278953075409,0.2198849767446518,0.4791113360624673,0.21775841476950294,0.9894105195999146
67,1,13,0.747265636920929,0.3729477524757385,0.5523964189636301,0.36592069476174643,0.6981872916221619
67,1,14,0.25161951780319214,0.3529433012008667,0.47978295791747966,0.35129939027770535,0.474960595369339
67,1,15,0.6205971837043762,0.34871938824653625,0.4974522137398139,0.3636411282287677,0.366085022687912
67,1,16,0.27107709646224976,0.3260801434516907,0.4898469367473726,0.3221470937854971,0.23348377645015717
67,1,17,0.5576179623603821,0.34590232372283936,0.4715305507121601,0.3644496453597422,0.3271253705024719
67,1,18,0.2823200821876526,0.32037195563316345,0.5127863676629233,0.3190367289330883,0.22959208488464355
67,1,19,0.548053503036499,0.3238823711872101,0.49071286491875366,0.34359337653940386,0.32488465309143066
67,1,20,0.2760496437549591,0.3001573383808136,0.4887284564355191,0.3022968046709799,0.22954894602298737
67,1,21,0.5552471280097961,0.32561659812927246,0.4976309156996557,0.3435017015653984,0.3049582839012146
67,1,22,0.290193647146225,0.3030202388763428,0.4895188753313446,0.30379233272153744,0.21892186999320984
67,1,23,0.6367198824882507,0.5357640981674194,0.5177169916177684,0.530588724491532,0.9779430031776428
67,1,24,0.42046260833740234,0.5346869826316833,0.51083961345578,0.5258002256970478,0.9765351414680481
67,1,25,0.5307605862617493,0.7531371712684631,0.5183454574127461,0.7321938685004107,0.7088896632194519
67,1,26,0.3796576261520386,0.7531313896179199,0.5184239955264314,0.7325635416995818,0.6922450661659241
67,1,27,0.47229281067848206,0.9256494641304016,0.5945766090931964,0.9016053042997008,0.7432637214660645
67,1,28,0.397685170173645,0.9460892081260681,0.5645629084467844,0.9219468894867716,0.6736974716186523
67,1,29,0.5195803046226501,0.9469271302223206,0.6152107010706024,0.9217792221270226,0.7690907120704651
67,1,30,0.4369286000728607,0.9727320671081543,0.5908517127392612,0.9428345602059758,0.6826530694961548
67,1,31,0.4767999053001404,0.9911736249923706,0.5947242864925723,0.9576888830268806,0.7038546800613403
67,1,32,0.31736698746681213,1.014170527458191,0.532220366202538,0.9814202556293448,0.6330944895744324
68,1,0,0.3908904492855072,0.14487776160240173,0.4436213707214355,0.11881223473770491,0.9678799510002136
68,1,1,0.4791727066040039,0.12223228067159653,0.45956037481771933,0.10296814673966616,0.9699519276618958
68,1,2,0.5062599182128906,0.12137540429830551,0.4610512640937721,0.10340195957915944,0.9707127213478088
68,1,3,0.520172119140625,0.1196930781006813,0.4553701582207792,0.10302086513854358,0.9700719714164734
68,1,4,0.41563501954078674,0.12457828968763351,0.45323447565544095,0.10403032179755412,0.9678360223770142
68,1,5,0.4044369161128998,0.12555743753910065,0.44930671775661557,0.10504199311576908,0.9663344621658325
68,1,6,0.38587015867233276,0.1241365373134613,0.4407345065220513,0.10490795811044165,0.968442440032959
68,1,7,0.5661816000938416,0.12366940826177597,0.46634045349009784,0.11396703633765085,0.9741493463516235
68,1,8,0.4444248676300049,0.12593179941177368,0.4624902934190816,0.11342236281755186,0.9681262373924255
68,1,9,0.4988996982574463,0.16312062740325928,0.47102333352169967,0.1388357643288038,0.9722803831100464
68,1,10,0.41836604475975037,0.1655283123254776,0.4569700628533573,0.140755556959216,0.9684661626815796
68,1,11,0.8841423392295837,0.2239018678665161,0.5602438927181206,0.21877815080861035,0.9928112626075745
68,1,12,0.3268890678882599,0.22748686373233795,0.45262923197508265,0.21944359008768305,0.9901590943336487
68,1,13,0.9760431051254272,0.3861764967441559,0.6266976568937255,0.36943054305065065,0.7077504992485046
68,1,14,0.19292914867401123,0.3663153052330017,0.4296767440868277,0.3539008811667514,0.49994778633117676
68,1,15,0.7843462228775024,0.3636814057826996,0.5475642403513014,0.36364810313653906,0.39292025566101074
68,1,16,0.2602323591709137,0.35124045610427856,0.44980797732830347,0.32718961687353626,0.2855265736579895
68,1,17,0.7318132519721985,0.3562234044075012,0.5169582701833827,0.36302475079884294,0.3492611050605774
68,1,18,0.27762988209724426,0.35793614387512207,0.471774224132134,0.3257808424500926,0.277364581823349
68,1,19,0.7207303047180176,0.33563297986984253,0.53082169653794,0.3422145407289442,0.3463820517063141
68,1,20,0.2854100465774536,0.3339051604270935,0.4533029088382524,0.30777564460062706,0.2775372862815857
68,1,21,0.7199788689613342,0.33502042293548584,0.5363934196663841,0.3420326195089183,0.32385823130607605
68,1,22,0.2959875762462616,0.3327431380748749,0.45580857107903816,0.30881012534133284,0.2649158239364624
68,1,23,0.7512149810791016,0.5545878410339355,0.5584356913128137,0.534747666708992,0.978024959564209
68,1,24,0.4339323937892914,0.5496272444725037,0.49749046891389376,0.5299293231378365,0.9771761894226074
68,1,25,0.7086648344993591,0.7781810164451599,0.5514915591673056,0.7401685056321472,0.7257382869720459
68,1,26,0.4176297187805176,0.7744749188423157,0.5009160943607583,0.7398305104686266,0.7114800810813904
68,1,27,0.5588407516479492,0.9555755853652954,0.5883815528149979,0.9109665385005452,0.7439184188842773
68,1,28,0.4414869546890259,0.9566406011581421,0.5431705030272044,0.9279610928629609,0.686553955078125
68,1,29,0.5686619281768799,0.9796718955039978,0.607138536880829,0.931821983029554,0.7550984621047974
68,1,30,0.48446956276893616,0.9949872493743896,0.5723702343425643,0.951880039606012,0.6730847954750061
68,1,31,0.592042863368988,1.0226398706436157,0.5942599068864904,0.968958453203176,0.7015709280967712
68,1,32,0.39972200989723206,1.0443172454833984,0.5091835634377763,0.992332769954458,0.6424329876899719
69,1,0,0.4494776427745819,0.14351795613765717,0.44463568009798343,0.12309372147555336,0.9525121450424194
69,1,1,0.48485153913497925,0.11926638334989548,0.4639433888665217,0.1057919076186789,0.9538066387176514
69,1,2,0.5062556862831116,0.1186247169971466,0.46888998034913587,0.10603930236380237,0.95588219165802
69,1,3,0.5196967124938965,0.11765851825475693,0.46653117320193255,0.10555679394664862,0.9550790190696716
69,1,4,0.45275458693504333,0.11941908299922943,0.45315137143872875,0.10669643818539377,0.9524675607681274
69,1,5,0.4523591995239258,0.11898335814476013,0.4498353636404099,0.10745724180785429,0.9500457048416138
69,1,6,0.45189833641052246,0.11754711717367172,0.44266838661368746,0.10709752253577762,0.9530630707740784
69,1,7,0.5212419629096985,0.12312604486942291,0.4758634952593183,0.1155535452719178,0.9623338580131531
69,1,8,0.46958085894584656,0.1227264478802681,0.4637184242875479,0.11503400875667322,0.9539088606834412
69,1,9,0.5030775666236877,0.16092677414417267,0.4765795323094351,0.14266382220204007,0.9572683572769165
69,1,10,0.47068700194358826,0.1608821600675583,0.45934640228999657,0.1442430054096961,0.9514589905738831
69,1,11,0.490617036819458,0.21600687503814697,0.5481620774693727,0.21829820699900668,0.9924981594085693
69,1,12,0.4468889832496643,0.22035819292068481,0.45163497858961354,0.21960197687947508,0.989219069480896
69,1,13,0.3785460591316223,0.3286212980747223,0.5834090450365446,0.3623549083682601,0.7049354314804077
69,1,14,0.3247949779033661,0.34736406803131104,0.4114556513200378,0.3527686741425958,0.47750765085220337
69,1,15,0.19952350854873657,0.30528390407562256,0.4866677896039606,0.35352341000647025,0.40166154503822327
69,1,16,0.33207789063453674,0.3181923031806946,0.429347307335633,0.32563112382377735,0.28008756041526794
69,1,17,0.1375083029270172,0.3021034300327301,0.4505040660838719,0.3524556553004223,0.3573099672794342
69,1,18,0.29745250940322876,0.3113729953765869,0.44142700810108254,0.32328474401785,0.2735270857810974
69,1,19,0.1644093245267868,0.2859361469745636,0.4666747738781454,0.3324522949585905,0.35354000329971313
69,1,20,0.3447059690952301,0.29623132944107056,0.43443482383828413,0.30577581277042615,0.2728891670703888
69,1,21,0.19586853682994843,0.2894943356513977,0.47682406821849754,0.33292016728422724,0.32836973667144775
69,1,22,0.3334433138370514,0.3000435531139374,0.4345396430551279,0.3072916111248856,0.2595072388648987
69,1,23,0.6503366231918335,0.5443181395530701,0.5743943977506485,0.5364054692275898,0.9780826568603516
69,1,24,0.48348864912986755,0.5351123213768005,0.49506469804107905,0.5308270065828168,0.9766381978988647
69,1,25,0.5858008861541748,0.7720748782157898,0.5574390886606818,0.7456990572680299,0.7166834473609924
69,1,26,0.5193049907684326,0.7367146611213684,0.5041022052089137,0.739290886284497,0.6953742504119873
69,1,27,0.5095545649528503,0.9383417963981628,0.5746986780642803,0.9157110352850574,0.73112952709198
69,1,28,0.47273850440979004,0.9005627036094666,0.5309476864677924,0.9232125884730817,0.6694239974021912
69,1,29,0.5366069674491882,0.9640948176383972,0.5948986377650705,0.9374161180440821,0.733414888381958
69,1,30,0.49778738617897034,0.9171038269996643,0.5594255117700518,0.9458515261812676,0.6496036052703857
69,1,31,0.4902710020542145,1.0037537813186646,0.5761958615475559,0.974990293570538,0.6834495067596436
69,1,32,0.43685728311538696,0.9743672013282776,0.4966312241999139,0.989219982578544,0.6277878880500793
70,1,0,0.6129159927368164,0.12771759927272797,0.4739241032053452,0.12389455335164112,0.9430842399597168
70,1,1,0.5670371055603027,0.10926707088947296,0.48185149172949504,0.10639376714179372,0.948901355266571
70,1,2,0.5504519939422607,0.10976523160934448,0.4830487535486349,0.10668459660565797,0.9523943662643433
70,1,3,0.5359326004981995,0.11028053611516953,0.47857454662782256,0.10637492407859352,0.9494911432266235
70,1,4,0.6237242221832275,0.10772161185741425,0.48284082865863054,0.10687397375857452,0.9468013048171997
70,1,5,0.6434687972068787,0.10719088464975357,0.48356183413389997,0.10741111618756341,0.9460214972496033
70,1,6,0.6637638211250305,0.10647040605545044,0.48120953964391644,0.10698892229579589,0.9479156732559204
70,1,7,0.5086161494255066,0.12020697444677353,0.4815408923529527,0.1163594957379375,0.9612412452697754
70,1,8,0.6199652552604675,0.11704201996326447,0.4909026254900979,0.11538175852216782,0.9544131755828857
70,1,9,0.5813838839530945,0.14499540627002716,0.49478572261443804,0.14306761272572371,0.9500946402549744
70,1,10,0.6439719200134277,0.14294695854187012,0.4914952805077662,0.1440185593697332,0.945292592048645
70,1,11,0.3294637203216553,0.21853353083133698,0.5100431390340618,0.21833895848455098,0.9920914769172668
70,1,12,0.797345757484436,0.21232114732265472,0.5121210003551842,0.2183408744119776,0.9890055656433105
70,1,13,0.18738561868667603,0.3524690270423889,0.5140195605526269,0.3606424541012727,0.7068551182746887
70,1,14,0.6826358437538147,0.3412725329399109,0.458795306537583,0.3507771911133029,0.4708964228630066
70,1,15,0.10261792689561844,0.3603541851043701,0.4193972777274921,0.35470654329212115,0.3969022035598755
70,1,16,0.6094241142272949,0.3250293731689453,0.46069847484263854,0.3255269163278755,0.26878729462623596
70,1,17,0.045646749436855316,0.37279149889945984,0.37954471995510747,0.3559793820575725,0.35335421562194824
70,1,18,0.6014137864112854,0.3208343982696533,0.4692637194745598,0.32286038454923954,0.26228001713752747
70,1,19,0.08997101336717606,0.35315075516700745,0.4007042794833426,0.3360388940123014,0.35021376609802246
70,1,20,0.5852769613265991,0.30418914556503296,0.46067353571494685,0.30550103528865413,0.2615463435649872
70,1,21,0.12550577521324158,0.3476555049419403,0.41534545930888156,0.33547302755980124,0.32211539149284363
70,1,22,0.5747807025909424,0.3066308796405792,0.4589266548344778,0.3071771894758043,0.24938605725765228
70,1,23,0.5637807846069336,0.5468794107437134,0.572555866199493,0.5382198203831954,0.9788693785667419
70,1,24,0.7457431554794312,0.5378768444061279,0.5388008903188234,0.5320480908948211,0.9770121574401855
70,1,25,0.4685063660144806,0.7602882981300354,0.541997454779455,0.74822659610646,0.720635175704956
70,1,26,0.7507875561714172,0.7437455654144287,0.5471365047680656,0.7400624098823848,0.6819444298744202
70,1,27,0.5206393003463745,0.9142663478851318,0.5653219501481703,0.9154608469877423,0.7386607527732849
70,1,28,0.6532260775566101,0.8760476112365723,0.5522001597897405,0.9150334183106117,0.6670410633087158
70,1,29,0.5688213109970093,0.9326571226119995,0.5903792630138576,0.9365918819440966,0.7462558746337891
70,1,30,0.6727237105369568,0.8775235414505005,0.5791119573710801,0.9339948251016669,0.660300076007843
70,1,31,0.47918927669525146,0.9736188650131226,0.5593482086152698,0.9747527927348293,0.6854714155197144
70,1,32,0.4897657632827759,0.9672735929489136,0.4954420558894619,0.9854170062709878,0.6287304162979126
71,1,0,0.5945435762405396,0.13003431260585785,0.4948875985722253,0.12495797649856315,0.9478910565376282
71,1,1,0.5577848553657532,0.11162714660167694,0.49503094765681094,0.10730017798094724,0.9533815383911133
71,1,2,0.5489327907562256,0.11218798905611038,0.49448054393426366,0.10763778087115637,0.9565541744232178
71,1,3,0.5247670412063599,0.11283538490533829,0.4865848525976907,0.1074939041832331,0.9538926482200623
71,1,4,0.6056818962097168,0.10979193449020386,0.5041918533249373,0.10737932354223577,0.9514098763465881
71,1,5,0.6218206286430359,0.10929623991250992,0.5076037003901701,0.10773758298077428,0.9507496953010559
71,1,6,0.6380251049995422,0.10868296772241592,0.5084933643692849,0.10728229634845379,0.9524031281471252
71,1,7,0.45484256744384766,0.12258084118366241,0.47691382209328514,0.11743705217822152,0.9645749926567078
71,1,8,0.599543571472168,0.1195039376616478,0.5097774463328695,0.11609568776934763,0.9585959911346436
71,1,9,0.5725039839744568,0.147886261343956,0.5082757021732153,0.1439021826903071,0.954199492931366
71,1,10,0.619960606098175,0.14626625180244446,0.5138276156479252,0.14440782029882546,0.949897050857544
71,1,11,0.23848174512386322,0.2229081243276596,0.46263493878508216,0.21913031292252266,0.9927616119384766
71,1,12,0.8150742650032043,0.22031645476818085,0.5650602004578682,0.21868300741120308,0.9898711442947388
71,1,13,0.136194109916687,0.36781829595565796,0.44785189887700266,0.36188536774571434,0.7178976535797119
71,1,14,0.8808426856994629,0.3494033217430115,0.5328034612164806,0.35053926734499263,0.4939620792865753
71,1,15,0.15328802168369293,0.40419021248817444,0.3729468273861082,0.3632884125335721,0.37057557702064514
71,1,16,0.764305591583252,0.40380021929740906,0.5137515313617554,0.3391134445476218,0.25095951557159424
71,1,17,0.14574825763702393,0.4059215486049652,0.33877345187947006,0.36464088887015633,0.32961371541023254
71,1,18,0.7570233345031738,0.4150919020175934,0.5195236790063451,0.3388764487006345,0.24385526776313782
71,1,19,0.1906471699476242,0.39872708916664124,0.3640986175618318,0.34691511213316056,0.3267711102962494
71,1,20,0.715025007724762,0.4009985029697418,0.5050547199124508,0.32208585461124706,0.2432483732700348
71,1,21,0.2052454799413681,0.3946923613548279,0.3787323909709434,0.3457463387296254,0.3009202480316162
71,1,22,0.7067278027534485,0.3972327411174774,0.5021565377434065,0.32281437535448326,0.23294216394424438
71,1,23,0.45682138204574585,0.53951495885849,0.5524445463323401,0.5384441091810035,0.9809496402740479
71,1,24,0.7797560691833496,0.5289957523345947,0.5808290064795378,0.5315194667402392,0.9791499376296997
71,1,25,0.3755723237991333,0.7447789907455444,0.513033497828658,0.7476295101952958,0.7457404732704163
71,1,26,0.771547794342041,0.646701991558075,0.5862596264355452,0.7238497659578088,0.6964306831359863
71,1,27,0.49772489070892334,0.9250838160514832,0.553592315657849,0.9171277463050145,0.7636398077011108
71,1,28,0.7055494785308838,0.7704195976257324,0.5788777908441525,0.8898817417163856,0.691234290599823
71,1,29,0.541464626789093,0.9474518895149231,0.5818962170280226,0.9384731322473152,0.770597517490387
71,1,30,0.7121772766113281,0.7742539644241333,0.6022468713264888,0.9061996407545081,0.6880713105201721
71,1,31,0.47769787907600403,0.9692686796188354,0.5451740569797918,0.9738029490763389,0.7143658995628357
71,1,32,0.5870593190193176,0.8327882885932922,0.5113508761730818,0.9588650161934065,0.6569148898124695
72,1,0,0.5515885949134827,0.15009546279907227,0.5047233215102084,0.12931434399187483,0.9521921277046204
72,1,1,0.5271048545837402,0.13005930185317993,0.5005905740387663,0.11124408908737679,0.9571554064750671
72,1,2,0.5246861577033997,0.13031378388404846,0.49971602963264566,0.11156727815085649,0.9600271582603455
72,1,3,0.5177692770957947,0.13074038922786713,0.49199015257466294,0.11152232858494394,0.9578176736831665
72,1,4,0.5682958960533142,0.12802760303020477,0.5153142270503975,0.11095722119727887,0.9552741646766663
72,1,5,0.5657260417938232,0.12700539827346802,0.5176864173320322,0.11107613774970851,0.9544783234596252
72,1,6,0.5639327764511108,0.12604619562625885,0.5181098945532874,0.1105334877660616,0.9562109112739563
72,1,7,0.471345990896225,0.13152270019054413,0.47594947675067456,0.11987730707572501,0.9673050045967102
72,1,8,0.5389404892921448,0.13204267621040344,0.5148320628700281,0.11885856340803615,0.9617156386375427
72,1,9,0.545153021812439,0.1682351976633072,0.5146688663526054,0.14811903186970088,0.9574898481369019
72,1,10,0.5802144408226013,0.1663670539855957,0.5253468550783479,0.14821302795663766,0.9530478119850159
72,1,11,0.5350866317749023,0.23203982412815094,0.47520898431902625,0.2213667299653392,0.9933445453643799
72,1,12,0.5654575824737549,0.21941813826560974,0.5651290167354738,0.21881031336586146,0.9905813932418823
72,1,13,0.5623271465301514,0.386160284280777,0.4677439543800453,0.36609213993574286,0.7114431858062744
72,1,14,0.5089529156684875,0.3561832904815674,0.5286702515367019,0.35151681277876307,0.4745526909828186
72,1,15,0.40777724981307983,0.4175182580947876,0.3789846843980141,0.3726947459149522,0.37636932730674744
72,1,16,0.5642324090003967,0.39160600304603577,0.5225064757445799,0.34821796926334336,0.2462647259235382
72,1,17,0.36597996950149536,0.4295802414417267,0.3434886017678519,0.37590843993824485,0.33829227089881897
72,1,18,0.5874066352844238,0.40215185284614563,0.5313027701911057,0.3498547485038642,0.24268203973770142
72,1,19,0.35866332054138184,0.40890830755233765,0.3631572127949749,0.35767053158717915,0.33509230613708496
72,1,20,0.5675700306892395,0.38444235920906067,0.5159007133864943,0.3329044272910862,0.2423558533191681
72,1,21,0.3758176863193512,0.4048106074333191,0.37822759758316715,0.35599270681742046,0.30872172117233276
72,1,22,0.5577080845832825,0.38261735439300537,0.5117923602859268,0.3331891267163661,0.231741264462471
72,1,23,0.5746950507164001,0.5274799466133118,0.5563002831233668,0.5365448113752253,0.9821335077285767
72,1,24,0.6855164170265198,0.5153931975364685,0.5990149494638194,0.5287255152214929,0.9802803993225098
72,1,25,0.4474751055240631,0.7080451250076294,0.5016583079878005,0.7407664994866869,0.7288274168968201
72,1,26,0.6287131905555725,0.6599331498146057,0.5936207495644232,0.712760003665029,0.6962741017341614
72,1,27,0.473926305770874,0.8824155926704407,0.5397634350678157,0.9111103471817713,0.7526711225509644
72,1,28,0.6570737361907959,0.8337211608886719,0.5924507807789045,0.8801399239772015,0.6856875419616699
72,1,29,0.5723045468330383,0.9059993624687195,0.5802347395553182,0.9328441386751392,0.764927089214325
72,1,30,0.6858336925506592,0.8486189246177673,0.6167579463336411,0.8962110459226424,0.6821058392524719
72,1,31,0.5019686222076416,0.9526006579399109,0.5376824115406235,0.9701289950428886,0.7086795568466187
72,1,32,0.5718590617179871,0.9108522534370422,0.5218480353843279,0.9505385861239916,0.6539676189422607
73,1,0,0.5593549013137817,0.1452530473470688,0.514199480487209,0.132075784268207,0.9462992548942566
73,1,1,0.5242430567741394,0.12320100516080856,0.5046894103955654,0.11331542162464818,0.9506343007087708
73,1,2,0.5245009660720825,0.12327662855386734,0.5040112590584168,0.11359570902143791,0.9543955326080322
73,1,3,0.5236309766769409,0.12353862822055817,0.4974746363803466,0.11360395198500772,0.9533769488334656
73,1,4,0.5328265428543091,0.12146305292844772,0.5183484555378134,0.1127770986503771,0.9467490315437317
73,1,5,0.540349543094635,0.12795226275920868,0.5216136978899738,0.11400007178732745,0.9455277919769287
73,1,6,0.5180070996284485,0.1281735748052597,0.518092093453207,0.11358985490055509,0.9469509124755859
73,1,7,0.5470749139785767,0.1312912106513977,0.48829266398313603,0.1218545393973184,0.9613791108131409
73,1,8,0.4581221640110016,0.13759109377861023,0.5049948366097282,0.12210431638803466,0.9512622952461243
73,1,9,0.5723783373832703,0.16351133584976196,0.5246798104153669,0.15078576248403466,0.9544008374214172
73,1,10,0.5693192481994629,0.1646510809659958,0.5329716820481197,0.15106102500213406,0.9460707306861877
73,1,11,0.7378846406936646,0.23677489161491394,0.5210560719504439,0.224036208546964,0.9929008483886719
73,1,12,0.2927315831184387,0.2407762110233307,0.5175723575848575,0.22261667572469723,0.9881759881973267
73,1,13,0.8730761408805847,0.3800203502178192,0.538789375866759,0.3685051081924871,0.6884820461273193
73,1,14,0.3377149701118469,0.36790233850479126,0.4954125355119092,0.35435570397967003,0.48512017726898193
73,1,15,0.8059847950935364,0.41037413477897644,0.4538747648040612,0.3792271089744815,0.3674279749393463
73,1,16,0.5117781162261963,0.36775562167167664,0.5206480165657535,0.3516033097806903,0.26180407404899597
73,1,17,0.7880634665489197,0.4247790575027466,0.4215012056670527,0.38438384219974875,0.32860416173934937
73,1,18,0.5657339096069336,0.3733786940574646,0.5372713133617145,0.3539312947182842,0.25708016753196716
73,1,19,0.7773053050041199,0.40405499935150146,0.4357652591120892,0.36571417376969434,0.3272022604942322
73,1,20,0.5524004697799683,0.35798510909080505,0.5222282597206026,0.3372509490007331,0.25763967633247375
73,1,21,0.771838366985321,0.3976368010044098,0.4471933238770426,0.36321328087313004,0.3020418882369995
73,1,22,0.5366371870040894,0.35897475481033325,0.5160979200119674,0.3376579105605691,0.24350760877132416
73,1,23,0.6821931004524231,0.5144816040992737,0.5781838036759783,0.5327215755319687,0.9734048247337341
73,1,24,0.4373263418674469,0.5044422745704651,0.5708794312064602,0.5245172989571144,0.9708105325698853
73,1,25,0.6509195566177368,0.6931869983673096,0.5276218158016731,0.7325153396085566,0.7252288460731506
73,1,26,0.43019717931747437,0.7065919637680054,0.5651817450545404,0.7116916800043703,0.6998019814491272
73,1,27,0.6179408431053162,0.9156820178031921,0.5533332429886632,0.911902135582721,0.7293432950973511
73,1,28,0.4903157353401184,0.9216980338096619,0.574709629047049,0.8873455387438488,0.6761059165000916
73,1,29,0.6147521138191223,0.9440891742706299,0.5862183344415948,0.9347921083125013,0.7326004505157471
73,1,30,0.5156025290489197,0.9451473951339722,0.5991874875638222,0.9046978195865577,0.6479200720787048
73,1,31,0.6573611497879028,0.9865939021110535,0.5584817543929815,0.9729816476040444,0.6808457374572754
73,1,32,0.4827890396118164,0.9989364743232727,0.5150761464168058,0.9589318515369257,0.6371135711669922
74,1,0,0.5466848015785217,0.12598006427288055,0.5198304998308866,0.13101999090319202,0.9509332776069641
74,1,1,0.5562101602554321,0.10391448438167572,0.5136251247483228,0.11168699470677741,0.9541035294532776
74,1,2,0.5689022541046143,0.10394132882356644,0.5152704102506446,0.11192336804702607,0.9574053287506104
74,1,3,0.5793082118034363,0.10399700701236725,0.51168068577248,0.11193983014994997,0.9565888047218323
74,1,4,0.5180371999740601,0.10454078018665314,0.518294554854461,0.11135045649862,0.9508053660392761
74,1,5,0.5000092387199402,0.10622066259384155,0.5178700216327774,0.11265259105383585,0.9496521949768066
74,1,6,0.47886303067207336,0.10679946094751358,0.5112907838073772,0.11241371762598094,0.951099693775177
74,1,7,0.6055203080177307,0.11336071789264679,0.5086645985352287,0.12038328268813221,0.9626262784004211
74,1,8,0.40981897711753845,0.11496290564537048,0.48846602782787707,0.12086736776281093,0.9540383219718933
74,1,9,0.5780868530273438,0.14642654359340668,0.5339432123263546,0.1500307746670328,0.9578868746757507
74,1,10,0.5298416614532471,0.1472720056772232,0.5324296050945398,0.15040480321788702,0.9504426121711731
74,1,11,0.7962436676025391,0.22395512461662292,0.5691052361718671,0.22402216715099746,0.992449939250946
74,1,12,0.26428619027137756,0.2333567589521408,0.47337681684946536,0.22447714440177105,0.9884812235832214
74,1,13,0.901692271232605,0.354259192943573,0.6023196632169039,0.3660370762570247,0.6846474409103394
74,1,14,0.24690985679626465,0.3653183877468109,0.4520576264311903,0.3562547456669943,0.5033454895019531
74,1,15,0.8168278336524963,0.39258965849876404,0.5174132916843168,0.38154204306046585,0.3777507543563843
74,1,16,0.34695109724998474,0.37177568674087524,0.4904115737939371,0.3550986968695101,0.2944680452346802
74,1,17,0.7992841005325317,0.41263142228126526,0.48766481069345424,0.3892796566562107,0.33949917554855347
74,1,18,0.37360966205596924,0.385018914937973,0.5087902200851876,0.3593197992499043,0.2901017665863037
74,1,19,0.7853061556816101,0.39061447978019714,0.49693117356795374,0.37002941192222766,0.3391580283641815
74,1,20,0.37111610174179077,0.36141499876976013,0.4959410100255485,0.3414385008620487,0.2921162247657776
74,1,21,0.7765794396400452,0.3818016052246094,0.5047978993954357,0.36643403735414876,0.3148077130317688
74,1,22,0.3749595284461975,0.3566429615020752,0.4915530185548697,0.3409474463455818,0.27719464898109436
74,1,23,0.7342393398284912,0.5106445550918579,0.6053349161991122,0.5288959441957606,0.970144510269165
74,1,24,0.4288906157016754,0.5114193558692932,0.5461862898427615,0.5222482252799262,0.9688704609870911
74,1,25,0.6919134259223938,0.6767010688781738,0.5562127500974748,0.722833724151806,0.7327190637588501
74,1,26,0.5003748536109924,0.6864892840385437,0.5539372129202724,0.707324050583765,0.7209559679031372
74,1,27,0.6317492127418518,0.8242565393447876,0.5669445766007164,0.8966845095529723,0.7330052256584167
74,1,28,0.44806167483329773,0.8352414965629578,0.5526943520288919,0.8783084909892329,0.6959571838378906
74,1,29,0.6107760071754456,0.8473373651504517,0.5904741412084302,0.9196077074657018,0.7243192195892334
74,1,30,0.4479891359806061,0.8482402563095093,0.5728853258095127,0.8949044021869663,0.6521560549736023
74,1,31,0.6768669486045837,0.8819065690040588,0.5790555435738485,0.9571669522277869,0.6840469241142273
74,1,32,0.40100666880607605,0.9129332900047302,0.4952547691295115,0.9509552171210827,0.6549969911575317
75,1,0,0.5172852873802185,0.1309266984462738,0.5193897111432729,0.13100383533999227,0.955775260925293
75,1,1,0.5494348406791687,0.10930698364973068,0.5198330041906769,0.1112748170425246,0.9585689902305603
75,1,2,0.5684590339660645,0.10957439243793488,0.5244958638724572,0.1115165655724646,0.9615413546562195
75,1,3,0.5787945985794067,0.10932166874408722,0.5233263188101005,0.11148640561942864,0.9608323574066162
75,1,4,0.49061647057533264,0.10606377571821213,0.5134975454229705,0.11043481278180599,0.9555354118347168
75,1,5,0.46776098012924194,0.10935644805431366,0.509179558026033,0.11208173911434204,0.9544548988342285
75,1,6,0.4436888098716736,0.10998590290546417,0.4995603504525595,0.11199326057271748,0.9557889699935913
75,1,7,0.5993077754974365,0.11501088738441467,0.5244041565055484,0.11945279089245399,0.966158390045166
75,1,8,0.3887670934200287,0.11835639923810959,0.4711493448402148,0.12043250874855839,0.9582278728485107
75,1,9,0.5423158407211304,0.14781944453716278,0.5353934745202349,0.14964781165803093,0.9619932770729065
75,1,10,0.47112953662872314,0.1486697942018509,0.5217947014735422,0.15010433484827554,0.9552556872367859
75,1,11,0.7618699073791504,0.2275683879852295,0.6026807119864244,0.22463633427407345,0.9931736588478088
75,1,12,0.22638416290283203,0.23615357279777527,0.43028710980417567,0.22649986994634552,0.9893490672111511
75,1,13,0.9226039052009583,0.3705463707447052,0.6583191418898708,0.3668180599022996,0.7095010280609131
75,1,14,0.18486881256103516,0.3739495575428009,0.40541637924294116,0.3593205993395005,0.5319188833236694
75,1,15,0.8438773155212402,0.36361193656921387,0.5745032487365715,0.37843540225135613,0.43447354435920715
75,1,16,0.28173741698265076,0.39504173398017883,0.454048415946752,0.3620239728235408,0.34411904215812683
75,1,17,0.8266306519508362,0.3684616982936859,0.5469630306876879,0.3856723440033001,0.3968116044998169
75,1,18,0.295922189950943,0.4113895297050476,0.4716915408249957,0.3683508767948816,0.33851900696754456
75,1,19,0.7787482738494873,0.3108285665512085,0.5461479708340486,0.35975933008272915,0.39673465490341187
75,1,20,0.30161258578300476,0.3884492814540863,0.46209222628826596,0.3495909061416703,0.3415069878101349
75,1,21,0.7987109422683716,0.3426939845085144,0.5561454435652474,0.36232002566884575,0.3728373646736145
75,1,22,0.3113135099411011,0.3815363347530365,0.4601715061329908,0.34798483744380965,0.32572701573371887
75,1,23,0.7048087120056152,0.5198901295661926,0.622612516744137,0.527335978281287,0.9725677967071533
75,1,24,0.3343222141265869,0.517914354801178,0.5092641675956352,0.5214976279292096,0.9709801077842712
75,1,25,0.6735551357269287,0.7198724746704102,0.5766047667082057,0.7223208764143768,0.7535426020622253
75,1,26,0.40130746364593506,0.7181482315063477,0.5273849766530565,0.7091990896112065,0.743838906288147
75,1,27,0.6303806304931641,0.8897791504859924,0.5779507870618704,0.8954884539324608,0.7478464841842651
75,1,28,0.43961474299430847,0.8920317888259888,0.5330456118006153,0.8806859391026176,0.7140894532203674
75,1,29,0.6053631901741028,0.911172091960907,0.5930536415535044,0.9181465338112026,0.7142535448074341
75,1,30,0.44895341992378235,0.9064419269561768,0.5513438841678734,0.8969030507401021,0.6363298296928406
75,1,31,0.6745299696922302,0.9610591530799866,0.5956364019959243,0.957841045693871,0.6962332129478455
75,1,32,0.4578845798969269,0.9755771160125732,0.4887760145211188,0.95522215657225,0.6677789688110352
76,1,0,0.4999178349971771,0.14110039174556732,0.516015786653719,0.13275279440255675,0.960089921951294
76,1,1,0.5405519604682922,0.11617719382047653,0.5234231610003907,0.11212389038975867,0.9625351428985596
76,1,2,0.5616046190261841,0.1162293404340744,0.5309291942119859,0.11233279591594124,0.9652003049850464
76,1,3,0.5777165293693542,0.11566711217164993,0.532760532408931,0.112210472660786,0.9645947813987732
76,1,4,0.4837382137775421,0.11267278343439102,0.5083395005975235,0.11082238988992058,0.9597571492195129
76,1,5,0.46262508630752563,0.11205677688121796,0.5011064210869541,0.11207741638375451,0.9587528705596924
76,1,6,0.4421209394931793,0.11148061603307724,0.48959637073657597,0.1119044841908391,0.9599965810775757
76,1,7,0.5980907082557678,0.11579445004463196,0.5371928234843002,0.11881920371313055,0.9693047404289246
76,1,8,0.3967978060245514,0.12053665518760681,0.458245029949771,0.12045054392021551,0.9620567560195923
76,1,9,0.5209134221076965,0.15770994126796722,0.5328848662561674,0.15104427511506893,0.9656347036361694
76,1,10,0.4554661512374878,0.15171094238758087,0.5102856622404808,0.15038256572093386,0.959560215473175
76,1,11,0.7475907802581787,0.23662260174751282,0.6278849219790085,0.22671275295526963,0.9938110709190369
76,1,12,0.2197425365447998,0.2380196899175644,0.39359563337207243,0.22849545659364612,0.9901422262191772
76,1,13,0.9149742126464844,0.37786245346069336,0.7031091352470468,0.3687312605818578,0.7291527390480042
76,1,14,0.16236478090286255,0.3805549144744873,0.3630187102239757,0.36300010885003814,0.5590036511421204
76,1,15,0.8162109851837158,0.371854692697525,0.6166656989058845,0.37729559123903367,0.48193201422691345
76,1,16,0.3003624677658081,0.3924976587295532,0.4273111789487817,0.3673059626243975,0.38917139172554016
76,1,17,0.7945530414581299,0.3772609829902649,0.5901592060086815,0.38421537559477004,0.4424058198928833
76,1,18,0.3327983617782593,0.4043668210506439,0.4475384838818612,0.37459454600095454,0.38017091155052185
76,1,19,0.7748182415962219,0.3443209230899811,0.5860203584284358,0.35708461052890045,0.44229260087013245
76,1,20,0.33829331398010254,0.38264337182044983,0.44057380258486584,0.35532032075127035,0.3833175301551819
76,1,21,0.7718266248703003,0.35326912999153137,0.5937383783972014,0.3607522503094194,0.4182572662830353
76,1,22,0.3416917622089386,0.37793639302253723,0.43958095424400273,0.3531762463751302,0.3661050796508789
76,1,23,0.6745743751525879,0.5314756631851196,0.6316249270531656,0.52805293962747,0.974816083908081
76,1,24,0.3361612558364868,0.5283117294311523,0.479131708229272,0.5226778724346469,0.9730470180511475
76,1,25,0.6389851570129395,0.7236523628234863,0.587427548684252,0.7225514599652785,0.7697617411613464
76,1,26,0.40627798438072205,0.7426642179489136,0.5063363715612856,0.7150000945895922,0.7599512338638306
76,1,27,0.619659423828125,0.8934019207954407,0.585182560990374,0.8951271044803177,0.7575311660766602
76,1,28,0.4407538175582886,0.9221819043159485,0.5170189303841698,0.8878807746101697,0.7266738414764404
76,1,29,0.5847151875495911,0.9182403087615967,0.5916093029632582,0.9181627729182675,0.7054601907730103
76,1,30,0.4513617753982544,0.9350535869598389,0.5339777489262493,0.9035171670460487,0.6210761070251465
76,1,31,0.6735232472419739,0.9870054125785828,0.609155746819652,0.9628958841863157,0.7030446529388428
76,1,32,0.4678187370300293,1.0122684240341187,0.485144511472695,0.965117822899061,0.6760503053665161
77,1,0,0.5065014958381653,0.14440970122814178,0.5143677220130247,0.1347721372077524,0.9640248417854309
77,1,1,0.5520439147949219,0.11936458945274353,0.528383708432978,0.11337804055570383,0.9661828875541687
77,1,2,0.5787584781646729,0.12001819908618927,0.5392237482480899,0.11366399036878631,0.9685799479484558
77,1,3,0.6012985706329346,0.12033923715353012,0.5446537924681388,0.1136184808199287,0.9680331349372864
77,1,4,0.4921706020832062,0.11524704843759537,0.5055381640313268,0.11158871319913119,0.9636404514312744
77,1,5,0.47296252846717834,0.11563628911972046,0.4962286058391318,0.11269377494617987,0.9627242088317871
77,1,6,0.4515939950942993,0.11493898183107376,0.4830079601642162,0.1124300183268774,0.9638409614562988
77,1,7,0.6139363646507263,0.12284534424543381,0.550513268020909,0.11951649778736209,0.9722099900245667
77,1,8,0.4056425094604492,0.12384147942066193,0.4491213828150883,0.12103781456886549,0.9655650854110718
77,1,9,0.5262488126754761,0.1638718843460083,0.5317354684542814,0.15326649850631374,0.9689751267433167
77,1,10,0.4595603346824646,0.1565440446138382,0.5014881350257925,0.1514497512785976,0.9634901881217957
77,1,11,0.7559168338775635,0.25485268235206604,0.6501422341364184,0.23158988748525497,0.9942352175712585
77,1,12,0.22706396877765656,0.2520531415939331,0.3646122444248252,0.23257784750701962,0.9904811978340149
77,1,13,0.88014817237854,0.40462762117385864,0.733931825766805,0.3749541672137713,0.7433031797409058
77,1,14,0.14881736040115356,0.3995051681995392,0.32568556214299355,0.3693286545519616,0.5822707414627075
77,1,15,0.8028303980827332,0.4255714416503906,0.6490857954341038,0.38566769047369065,0.5177834033966064
77,1,16,0.24976366758346558,0.3985893130302429,0.39640063499063444,0.3727284228966839,0.4297710359096527
77,1,17,0.7893676161766052,0.44142189621925354,0.6248644009507981,0.39413891182099337,0.4756520390510559
77,1,18,0.2800619304180145,0.4083050489425659,0.4183900055860427,0.3804381425570907,0.41898465156555176
77,1,19,0.7798540592193604,0.42076554894447327,0.6197834096566253,0.36813339600707023,0.4762936532497406
77,1,20,0.2791441082954407,0.3865068256855011,0.412482923395606,0.3607259807832591,0.42284056544303894
77,1,21,0.7639554738998413,0.41641461849212646,0.6233668148223102,0.37040747610454483,0.45240160822868347
77,1,22,0.2861286401748657,0.3826274871826172,0.4128846430745647,0.3582808602794768,0.4047151207923889
77,1,23,0.6735790967941284,0.5443971157073975,0.6388993822917043,0.5308846628544039,0.9756314754486084
77,1,24,0.3436514139175415,0.5482898354530334,0.4555747252782986,0.5271165292496283,0.973724901676178
77,1,25,0.6564041972160339,0.7552258372306824,0.599397119494932,0.7282152604367528,0.7820940613746643
77,1,26,0.32395440340042114,0.7574300169944763,0.47457994639808043,0.7223570818812105,0.776131808757782
77,1,27,0.6191229224205017,0.9217919707298279,0.5910660386799017,0.899748376579373,0.7605077028274536
77,1,28,0.4159797430038452,0.9444682598114014,0.4994686468843968,0.8976967242040397,0.7357686161994934
77,1,29,0.595386266708374,0.9321739673614502,0.592263436579671,0.9205901218744467,0.700154721736908
77,1,30,0.44075271487236023,0.9597911834716797,0.5177885402660239,0.9132786447701429,0.6128859519958496
77,1,31,0.6718524098396301,1.003070592880249,0.6200334777982965,0.9698613657960783,0.7066742777824402
77,1,32,0.43943968415260315,1.0329930782318115,0.4772188458963088,0.9768957987505557,0.6804181933403015
78,1,0,0.49204349517822266,0.16959741711616516,0.510499231226111,0.14080917065656665,0.9675389528274536
78,1,1,0.578893780708313,0.14029017090797424,0.5371438645783309,0.11804220451521807,0.9694571495056152
78,1,2,0.6184079051017761,0.1411200761795044,0.5529687823955796,0.11842250541875353,0.9716100692749023
78,1,3,0.653113603591919,0.1413414478302002,0.5634971190829883,0.11842328853293696,0.9710897207260132
78,1,4,0.4924198091030121,0.13544690608978271,0.5032655559017813,0.11572321736896714,0.9671716094017029
78,1,5,0.4711058735847473,0.13366162776947021,0.4918748025999731,0.11632708235892623,0.9663452506065369
78,1,6,0.4434422552585602,0.13277272880077362,0.4761481931480641,0.11595493492025338,0.9673407673835754
78,1,7,0.6865939497947693,0.14546899497509003,0.5741749044543873,0.12401421699555482,0.9748753905296326
78,1,8,0.4125933051109314,0.1432117223739624,0.4427888245588497,0.12488024615908867,0.9688996076583862
78,1,9,0.5399342775344849,0.19480516016483307,0.5331556138062368,0.160468761600626,0.9720302224159241
78,1,10,0.44232121109962463,0.18529340624809265,0.4912239382881435,0.15731644484683366,0.9670954346656799
78,1,11,0.8285703063011169,0.2921498417854309,0.6812071647672853,0.2420961894240647,0.9945456385612488
78,1,12,0.2274269461631775,0.29379963874816895,0.34075725846458993,0.2431991796512871,0.9913065433502197
78,1,13,0.8698646426200867,0.47095808386802673,0.7575687323694141,0.3916272004336231,0.7568686008453369
78,1,14,0.11950567364692688,0.45099055767059326,0.2897589999673827,0.38350481550473997,0.5966604948043823
78,1,15,0.6819229125976562,0.48233965039253235,0.6547780970730969,0.4024570879936777,0.5419601798057556
78,1,16,0.2651428282260895,0.4367656409740448,0.3735805383978006,0.38383914842596356,0.468965083360672
78,1,17,0.6050584316253662,0.4975479245185852,0.6214327109242834,0.41210198975359963,0.5010966062545776
78,1,18,0.3102547824382782,0.4438484013080597,0.3996029302524756,0.39143988608935326,0.4575794041156769
78,1,19,0.6102010607719421,0.4705906808376312,0.6181236138370954,0.38593063966345886,0.5012220740318298
78,1,20,0.3016678988933563,0.4162784218788147,0.39322878676175116,0.3703621125562492,0.4608554542064667
78,1,21,0.610083818435669,0.4639888107776642,0.621065752761867,0.3866586127896263,0.4764483869075775
78,1,22,0.311847060918808,0.41535070538520813,0.3953345039811371,0.36818064983785015,0.4428516924381256
78,1,23,0.7464087009429932,0.6252422332763672,0.6575771207413897,0.5472709622775597,0.977390468120575
78,1,24,0.3560344874858856,0.6252699494361877,0.43828549675518297,0.5441639617087565,0.9756866693496704
78,1,25,0.7378848791122437,0.8426579833030701,0.623479058534002,0.7481015313390516,0.8003831505775452
78,1,26,0.3349190652370453,0.8337569832801819,0.45029304079960114,0.7417128514081248,0.7910628914833069
78,1,27,0.7483329772949219,1.0140050649642944,0.6184287435624387,0.9196022048772247,0.7714715003967285
78,1,28,0.4210417568683624,0.9538412690162659,0.4858552889815818,0.9074357169048605,0.7447952032089233
78,1,29,0.7423275113105774,1.0349174737930298,0.6183672801354274,0.940456270171062,0.7029450535774231
78,1,30,0.4800355136394501,1.0121949911117554,0.5112433473983796,0.9304589580696839,0.6229251027107239
78,1,31,0.7712597846984863,1.1067688465118408,0.6463405184752715,0.9936672421110352,0.7124902009963989
78,1,32,0.3541870415210724,1.0747215747833252,0.45583445718586957,0.9938861590434722,0.6843215823173523
79,1,0,0.4910275936126709,0.139981210231781,0.5071253440411012,0.14066578863255366,0.970669686794281
79,1,1,0.5505353212356567,0.11778255552053452,0.5394638096765043,0.11799724056934963,0.9723415374755859
79,1,2,0.5822576880455017,0.11914234608411789,0.5580452417102485,0.11854716346613582,0.97427898645401
79,1,3,0.6176074743270874,0.12011267989873886,0.572882727648065,0.1187158565670191,0.9738337993621826
79,1,4,0.482949435710907,0.1117844358086586,0.4997452534099647,0.1150410550570727,0.9702420830726624
79,1,5,0.4650138318538666,0.11057965457439423,0.48721951601399177,0.11533162429802817,0.9694665670394897
79,1,6,0.44658875465393066,0.11722180992364883,0.47102481618970177,0.11617432896202771,0.9703899025917053
79,1,7,0.6767193675041199,0.1321185827255249,0.5919874389062769,0.1254179979977949,0.9771935939788818
79,1,8,0.4147231876850128,0.1265735775232315,0.4379245644316317,0.1251734965357709,0.9716715216636658
79,1,9,0.526207447052002,0.16126421093940735,0.5319521445999743,0.16060651348450106,0.97463458776474
79,1,10,0.4518923759460449,0.15811103582382202,0.48440480844856204,0.1574540480646906,0.9701878428459167
79,1,11,0.7722346186637878,0.2609981596469879,0.6970140027304055,0.24537131969478104,0.9949519634246826
79,1,12,0.2272968292236328,0.25215092301368713,0.32104178318271603,0.24474977784519528,0.9916732311248779
79,1,13,0.9119797945022583,0.410184383392334,0.7844334326231607,0.3948425592827069,0.7675781846046448
79,1,14,0.13791833817958832,0.4061664640903473,0.26334381351798725,0.38743182834947126,0.6210582256317139
79,1,15,0.8080769777297974,0.4133278727531433,0.6814482337090721,0.4043402088426519,0.5730112791061401
79,1,16,0.2994491159915924,0.3718380033969879,0.36071429880259714,0.38176015457861895,0.507638692855835
79,1,17,0.788742184638977,0.42313164472579956,0.6505525723695312,0.41401264147613603,0.5300847291946411
79,1,18,0.339418888092041,0.3694867193698883,0.38916177088195125,0.38763573808550417,0.4943183660507202
79,1,19,0.7733075022697449,0.40268537402153015,0.6451230531220545,0.38883353770419427,0.5301016569137573
79,1,20,0.33328816294670105,0.3456740081310272,0.382829960583788,0.3660836891164261,0.4975036680698395
79,1,21,0.751555323600769,0.3994588553905487,0.6437519839037075,0.3888760980140796,0.5062977075576782
79,1,22,0.34014683961868286,0.3484887480735779,0.38576162752233034,0.36476857495290976,0.4791487157344818
79,1,23,0.68535977602005,0.5670974850654602,0.6623923180391346,0.5507063866930394,0.9786350131034851
79,1,24,0.3674747943878174,0.5664775371551514,0.42599691441657755,0.548030617741862,0.9765618443489075
79,1,25,0.7385441660881042,0.7988313436508179,0.6434740104038508,0.7568998615329146,0.8165382742881775
79,1,26,0.3530619144439697,0.7938006520271301,0.4334060613307917,0.7507470717335483,0.8078881502151489
79,1,27,0.6650043725967407,0.9548064470291138,0.6265056069980433,0.9257050103488188,0.7760552167892456
79,1,28,0.4103055000305176,0.9686217904090881,0.4727424747052956,0.9180508389288656,0.7544023394584656
79,1,29,0.6405490040779114,1.0030485391616821,0.6222110796137741,0.9513158271768368,0.6922401189804077
79,1,30,0.43777021765708923,0.997657835483551,0.4984917665495338,0.9421193472999907,0.6115936636924744
79,1,31,0.7218078374862671,1.066070556640625,0.6594389799602028,1.0062326948462756,0.7048806548118591
79,1,32,0.3987700343132019,1.0609723329544067,0.44593554833781246,1.0055269622863519,0.6820335388183594
