frame_id,person_id,landmark_id,raw_x,raw_y,filtered_x,filtered_y,visibility
1,1,0,0.38119083642959595,0.10941988229751587,0.38119083642959595,0.10941988229751587,0.9998836517333984
1,1,1,0.40551504492759705,0.08806681632995605,0.40551504492759705,0.08806681632995605,0.9997748732566833
1,1,2,0.4206162691116333,0.08715012669563293,0.4206162691116333,0.08715012669563293,0.9998276233673096
1,1,3,0.43629658222198486,0.08614975959062576,0.43629658222198486,0.08614975959062576,0.9998313188552856
1,1,4,0.37966790795326233,0.08784821629524231,0.37966790795326233,0.08784821629524231,0.9997572302818298
1,1,5,0.37380218505859375,0.08709567785263062,0.37380218505859375,0.08709567785263062,0.9997099041938782
1,1,6,0.3685995936393738,0.08624955266714096,0.3685995936393738,0.08624955266714096,0.9997007846832275
1,1,7,0.48391616344451904,0.09233761578798294,0.48391616344451904,0.09233761578798294,0.9998651742935181
1,1,8,0.39785057306289673,0.0907268226146698,0.39785057306289673,0.0907268226146698,0.999437153339386
1,1,9,0.41247648000717163,0.12799644470214844,0.41247648000717163,0.12799644470214844,0.9999204874038696
1,1,10,0.3776322603225708,0.12714707851409912,0.3776322603225708,0.12714707851409912,0.9997770190238953
1,1,11,0.6445639133453369,0.17809176445007324,0.6445639133453369,0.17809176445007324,0.999977707862854
1,1,12,0.3677854835987091,0.2064177691936493,0.3677854835987091,0.2064177691936493,0.9998171925544739
1,1,13,0.748249351978302,0.3242759108543396,0.748249351978302,0.3242759108543396,0.9919198751449585
1,1,14,0.29740893840789795,0.3407188653945923,0.29740893840789795,0.3407188653945923,0.6116942763328552
1,1,15,0.563593327999115,0.396412193775177,0.563593327999115,0.396412193775177,0.9424707293510437
1,1,16,0.11318755894899368,0.4221390187740326,0.11318755894899368,0.4221390187740326,0.7710227370262146
1,1,17,0.5327334403991699,0.44271624088287354,0.5327334403991699,0.44271624088287354,0.9122483730316162
1,1,18,0.06383964419364929,0.445986270904541,0.06383964419364929,0.445986270904541,0.7374987006187439
1,1,19,0.49225059151649475,0.42658117413520813,0.49225059151649475,0.42658117413520813,0.9092910289764404
1,1,20,0.05259266495704651,0.44240427017211914,0.05259266495704651,0.44240427017211914,0.7664699554443359
1,1,21,0.5580810904502869,0.4214273989200592,0.5580810904502869,0.4214273989200592,0.8928295969963074
1,1,22,0.07344123721122742,0.4359529912471771,0.07344123721122742,0.4359529912471771,0.7740851044654846
1,1,23,0.5943477153778076,0.484507292509079,0.5943477153778076,0.484507292509079,0.999017596244812
1,1,24,0.4852597117424011,0.4924459755420685,0.4852597117424011,0.4924459755420685,0.9983084201812744
1,1,25,0.4448277950286865,0.6775715947151184,0.4448277950286865,0.6775715947151184,0.853789746761322
1,1,26,0.6485958695411682,0.7071899175643921,0.6485958695411682,0.7071899175643921,0.5297022461891174
1,1,27,0.25258535146713257,0.8920103907585144,0.25258535146713257,0.8920103907585144,0.9678062796592712
1,1,28,0.8035292625427246,0.8965926766395569,0.8035292625427246,0.8965926766395569,0.8926410675048828
1,1,29,0.2835891842842102,0.9436659812927246,0.2835891842842102,0.9436659812927246,0.9418901205062866
1,1,30,0.9326437711715698,0.9090675711631775,0.9326437711715698,0.9090675711631775,0.9275425672531128
1,1,31,0.08194881677627563,0.9033031463623047,0.08194881677627563,0.9033031463623047,0.9607771635055542
1,1,32,0.6969552636146545,0.9658044576644897,0.6969552636146545,0.9658044576644897,0.8993786573410034
1,2,0,0.5356374382972717,0.14574286341667175,0.5356374382972717,0.14574286341667175,0.999807596206665
1,2,1,0.5661333799362183,0.11707069724798203,0.5661333799362183,0.11707069724798203,0.9997095465660095
1,2,2,0.584481954574585,0.11678352952003479,0.584481954574585,0.11678352952003479,0.9997401237487793
1,2,3,0.6000572443008423,0.11658090353012085,0.6000572443008423,0.11658090353012085,0.9997280240058899
1,2,4,0.5178197622299194,0.11530330032110214,0.5178197622299194,0.11530330032110214,0.9997000098228455
1,2,5,0.5039616823196411,0.11349092423915863,0.5039616823196411,0.11349092423915863,0.9996511936187744
1,2,6,0.4845995306968689,0.1118754968047142,0.4845995306968689,0.1118754968047142,0.9996479749679565
1,2,7,0.6210647821426392,0.12064600735902786,0.6210647821426392,0.12064600735902786,0.9997732639312744
1,2,8,0.4597374200820923,0.114608995616436,0.4597374200820923,0.114608995616436,0.9994447231292725
1,2,9,0.5680393576622009,0.16454021632671356,0.5680393576622009,0.16454021632671356,0.9998779892921448
1,2,10,0.509034276008606,0.16435332596302032,0.509034276008606,0.16435332596302032,0.9997643232345581
1,2,11,0.7923539280891418,0.24210414290428162,0.7923539280891418,0.24210414290428162,0.9996698498725891
1,2,12,0.28727322816848755,0.2459213137626648,0.28727322816848755,0.2459213137626648,0.9996683597564697
1,2,13,0.8962088227272034,0.3534955084323883,0.8962088227272034,0.3534955084323883,0.9724118709564209
1,2,14,0.22378477454185486,0.3909558057785034,0.22378477454185486,0.3909558057785034,0.6317341327667236
1,2,15,0.8082730174064636,0.32236361503601074,0.8082730174064636,0.32236361503601074,0.9206575155258179
1,2,16,0.24222086369991302,0.45570123195648193,0.24222086369991302,0.45570123195648193,0.7592689990997314
1,2,17,0.7703278660774231,0.3212488293647766,0.7703278660774231,0.3212488293647766,0.8861523270606995
1,2,18,0.23359553515911102,0.4845195710659027,0.23359553515911102,0.4845195710659027,0.7261619567871094
1,2,19,0.7633056044578552,0.2992333769798279,0.7633056044578552,0.2992333769798279,0.8840084075927734
1,2,20,0.22845694422721863,0.4667784571647644,0.22845694422721863,0.4667784571647644,0.7541484236717224
1,2,21,0.7557410597801208,0.30454978346824646,0.7557410597801208,0.30454978346824646,0.8683991432189941
1,2,22,0.27511829137802124,0.45766815543174744,0.27511829137802124,0.45766815543174744,0.7615365982055664
1,2,23,0.6561797261238098,0.5457532405853271,0.6561797261238098,0.5457532405853271,0.9985397458076477
1,2,24,0.37042683362960815,0.5548215508460999,0.37042683362960815,0.5548215508460999,0.9979487061500549
1,2,25,0.639369547367096,0.7505006194114685,0.639369547367096,0.7505006194114685,0.853151261806488
1,2,26,0.32568347454071045,0.7542877197265625,0.32568347454071045,0.7542877197265625,0.5657146573066711
1,2,27,0.6380699872970581,0.9265207648277283,0.6380699872970581,0.9265207648277283,0.9327402114868164
1,2,28,0.3560948669910431,0.932093620300293,0.3560948669910431,0.932093620300293,0.867342472076416
1,2,29,0.6212705373764038,0.9485883116722107,0.6212705373764038,0.9485883116722107,0.8975344300270081
1,2,30,0.37227851152420044,0.95078045129776,0.37227851152420044,0.95078045129776,0.8784869909286499
1,2,31,0.6149781942367554,1.0023486614227295,0.6149781942367554,1.0023486614227295,0.908051073551178
1,2,32,0.36949461698532104,1.0124530792236328,0.36949461698532104,1.0124530792236328,0.8486364483833313
2,1,0,0.35104191303253174,0.1107243224978447,0.3759651936658709,0.1096457820055162,0.9997546672821045
2,1,1,0.37635523080825806,0.08326002210378647,0.4004609922985037,0.08723430001055547,0.9996203184127808
2,1,2,0.3932275176048279,0.08091884851455688,0.41586943401252807,0.08607084959716739,0.9996915459632874
2,1,3,0.41063639521598816,0.07842053472995758,0.43184956123191304,0.08481097310664812,0.9996606707572937
2,1,4,0.3414391577243805,0.0873550996184349,0.3730401999574963,0.08776282165935681,0.9995424747467041
2,1,5,0.33496731519699097,0.08772080391645432,0.36706927176257403,0.0872039334176924,0.9994980096817017
2,1,6,0.3298206031322479,0.08786512911319733,0.36187637958574215,0.08652933679326735,0.9994389414787292
2,1,7,0.4693348705768585,0.08078633248806,0.4813900034956429,0.09033657702219135,0.999725878238678
2,1,8,0.36722689867019653,0.09264421463012695,0.3925425671403873,0.09105887791223224,0.9992736577987671
2,1,9,0.39867720007896423,0.1274510771036148,0.41008585734931874,0.12790200145401318,0.9998496770858765
2,1,10,0.3573475480079651,0.13199198246002197,0.374117399864218,0.12798619623624544,0.9996976256370544
2,1,11,0.634286105632782,0.18013407289981842,0.6427835479956554,0.17844545419192293,0.9996916055679321
2,1,12,0.37083330750465393,0.19799168407917023,0.3683133258252647,0.20495824830267176,0.9996671676635742
2,1,13,0.6286267638206482,0.35929566621780396,0.7274597691049393,0.3303466914071124,0.969995379447937
2,1,14,0.26793408393859863,0.3702832758426666,0.2923002338569278,0.34584310594201995,0.6532974243164062
2,1,15,0.41818830370903015,0.44554099440574646,0.5383034472937375,0.4049324273607608,0.915290892124176
2,1,16,0.08112270385026932,0.42882248759269714,0.10762951244068575,0.42329663245698473,0.7729725241661072
2,1,17,0.39992573857307434,0.48249220848083496,0.5096432721308881,0.44961250982132994,0.8813071846961975
2,1,18,0.025227917358279228,0.45001083612442017,0.05714546268805706,0.44668329209515145,0.7386161088943481
2,1,19,0.3639949858188629,0.46541696786880493,0.46995489326002604,0.43331424779230837,0.8798050284385681
2,1,20,0.03772700950503349,0.44731712341308594,0.05001721813985238,0.44325515817480543,0.764750599861145
2,1,21,0.3708021640777588,0.4561653435230255,0.5254674534495264,0.4274492757735474,0.8668381571769714
2,1,22,0.05629151314496994,0.4439316987991333,0.07046987588579016,0.437335001232131,0.7718652486801147
2,1,23,0.5733932256698608,0.48678335547447205,0.5907167252924953,0.4849014669445994,0.9983861446380615
2,1,24,0.4418469965457916,0.4978947937488556,0.4777320899311205,0.4933897058989262,0.9970027208328247
2,1,25,0.47802579402923584,0.555791974067688,0.45058245382917045,0.6564057687341646,0.857276201248169
2,1,26,0.47379130125045776,0.674973726272583,0.6181659045046987,0.7016056134204678,0.5665732622146606
2,1,27,0.2990025281906128,0.8854373693466187,0.2606346627548714,0.8908719109557286,0.9282093644142151
2,1,28,0.7670210599899292,0.8518528938293457,0.7972001723445851,0.8888346366958242,0.8351847529411316
2,1,29,0.30876079201698303,0.9272216558456421,0.28795146836434166,0.940816897724463,0.8904740810394287
2,1,30,0.8133670091629028,0.8697983622550964,0.9119145049629347,0.9022592664880686,0.8601479530334473
2,1,31,0.11984984576702118,0.9430484175682068,0.08851964318592781,0.9101940868789699,0.9047459363937378
2,1,32,0.764013409614563,0.9297394156455994,0.7085911757472281,0.9595522773015825,0.8232620358467102
3,1,0,0.3674979507923126,0.11094727367162704,0.3744985416274686,0.10987117107377632,0.999764084815979
3,1,1,0.38999369740486145,0.08904188126325607,0.398647792609909,0.08754733716835705,0.9996249675750732
3,1,2,0.4046017825603485,0.08792109787464142,0.4139175454455247,0.08639127624616369,0.9996938705444336
3,1,3,0.4208254814147949,0.08670683205127716,0.4299398804414598,0.08513929907622979,0.999666690826416
3,1,4,0.3615942597389221,0.0910082459449768,0.3710574156885502,0.08832488896073332,0.9995517730712891
3,1,5,0.35574638843536377,0.0914335623383522,0.36510781192219366,0.08793647445010389,0.9995100498199463
3,1,6,0.34983548521995544,0.09162364155054092,0.3597904938898168,0.08741165634037633,0.9994512796401978
3,1,7,0.47014185786247253,0.09031608700752258,0.47944149521621576,0.09033302874934737,0.9997270703315735
3,1,8,0.38419684767723083,0.0942528173327446,0.39109697003272187,0.09161202781660285,0.9992516040802002
3,1,9,0.40844327211380005,0.13014525175094604,0.4098013956250076,0.12829049292398081,0.9998502135276794
3,1,10,0.3714361786842346,0.13182726502418518,0.37365305340139077,0.12865143370514132,0.9996886253356934
3,1,11,0.633087158203125,0.18598207831382751,0.64110392764233,0.17975087255976982,0.9997197389602661
3,1,12,0.36042705178260803,0.21111971139907837,0.3669473302548148,0.20602543095603298,0.9996801614761353
3,1,13,0.7277856469154358,0.33849984407424927,0.7275162020264927,0.33175892510110017,0.9725874662399292
3,1,14,0.27223360538482666,0.35049450397491455,0.2888231844744242,0.3466487046483431,0.6494393348693848
3,1,15,0.5118800401687622,0.41829749941825867,0.5337240368666095,0.40724779739533495,0.9212394952774048
3,1,16,0.08164016902446747,0.42731979489326477,0.10312540197339821,0.4239934106726416,0.7756292819976807
3,1,17,0.4735299348831177,0.45205235481262207,0.5033826930565328,0.45003505063441845,0.8881329298019409
3,1,18,0.02837694250047207,0.45186999440193176,0.052159287542392796,0.44758161714036676,0.7388651967048645
3,1,19,0.4409618675708771,0.4340561032295227,0.46492976107765455,0.4334427183281333,0.8865730166435242
3,1,20,0.032685309648513794,0.4463961124420166,0.04701427499775288,0.44379913085609957,0.7645348906517029
3,1,21,0.45234519243240356,0.424292653799057,0.5127769214195863,0.4269025894956666,0.8725579977035522
3,1,22,0.04619795083999634,0.44103679060935974,0.06626362188003791,0.43797611411914794,0.7713811993598938
3,1,23,0.6048917174339294,0.4938804507255554,0.5931724648552904,0.4864567838004315,0.9984468221664429
3,1,24,0.4607867896556854,0.5013603568077087,0.4747961642409765,0.4947703200465649,0.997138500213623
3,1,25,0.5704342126846313,0.7020705342292786,0.4714120113698683,0.664324405492244,0.8687149286270142
3,1,26,0.38418638706207275,0.6893875598907471,0.5773626671903114,0.6994890267163453,0.5940424203872681
3,1,27,0.6411241888999939,0.9295166730880737,0.3272763511125586,0.8975718264465286,0.9320027828216553
3,1,28,0.24771538376808167,0.8974031805992126,0.7004787427133945,0.8903188394181654,0.8448113799095154
3,1,29,0.7071094512939453,0.9727815985679626,0.36144978478001233,0.9463575668328399,0.8828898072242737
3,1,30,0.26710420846939087,0.9387179613113403,0.7980958004545108,0.9085797630705622,0.863129734992981
3,1,31,0.5620884299278259,0.9830552935600281,0.17169218773053774,0.9228391473723692,0.9091407656669617
3,1,32,0.08305367082357407,0.9296479821205139,0.5982369984122105,0.954369072400338,0.8345403671264648
4,1,0,0.34460020065307617,0.11307196319103241,0.369316370060966,0.11042550789269165,0.9997713565826416
4,1,1,0.36877748370170593,0.09186659753322601,0.39347048410717644,0.08829540373022393,0.9996219873428345
4,1,2,0.38180458545684814,0.09018591046333313,0.40835115185818155,0.08704847075551696,0.9996897578239441
4,1,3,0.3955087959766388,0.0887114629149437,0.4239712526402664,0.08575795969522575,0.9996640086174011
4,1,4,0.3424796462059021,0.09443657100200653,0.3661043300473235,0.08938344782541673,0.9995535612106323
4,1,5,0.33800849318504333,0.09456221014261246,0.360411179190086,0.08908408644864806,0.9995162487030029
4,1,6,0.3337246775627136,0.09461463242769241,0.35527311957410346,0.08865927103743829,0.9994602203369141
4,1,7,0.4527798891067505,0.09225962311029434,0.47482078478439993,0.09066667780212352,0.9997149705886841
4,1,8,0.36358192563056946,0.0964384451508522,0.38632822797647026,0.0924479432697269,0.9992436766624451
4,1,9,0.3791379928588867,0.12896515429019928,0.40448649710399254,0.12840732688833875,0.9998462796211243
4,1,10,0.34946635365486145,0.13172630965709686,0.36946157938708235,0.12918396141922933,0.9996712803840637
4,1,11,0.6329419612884521,0.1932048350572586,0.639690167158062,0.18208164737516902,0.9997439384460449
4,1,12,0.324061781167984,0.21260666847229004,0.35951123490106623,0.20716533410653853,0.9996991753578186
4,1,13,0.7049752473831177,0.34780219197273254,0.7236101162165043,0.33453848970380723,0.9747353196144104
4,1,14,0.25579506158828735,0.35160306096076965,0.28309800080077996,0.34750678199998913,0.6597679257392883
4,1,15,0.502833366394043,0.4132791757583618,0.5283696943373856,0.40829244529082864,0.9257851839065552
4,1,16,0.09142240136861801,0.43544065952301025,0.10109807136028767,0.42597642127740887,0.783847987651825
4,1,17,0.46828970313072205,0.43772920966148376,0.49729918859368577,0.4479032512888332,0.8927834630012512
4,1,18,0.032217878848314285,0.4594077169895172,0.04870394799874791,0.4496302795470143,0.7444568872451782
4,1,19,0.44689294695854187,0.41950908303260803,0.4618046121720454,0.4310288103268308,0.8909952044487
4,1,20,0.0355134941637516,0.45681464672088623,0.04502198769092138,0.4460539191196253,0.7691513299942017
4,1,21,0.44890353083610535,0.41239309310913086,0.501694626162881,0.4243888738573667,0.8763971328735352
4,1,22,0.05075507611036301,0.451668381690979,0.06357674327094404,0.4403481900783244,0.776110827922821
4,1,23,0.5964672565460205,0.47876471281051636,0.5937430828124083,0.4851244342798563,0.9985162019729614
4,1,24,0.43183913826942444,0.48527655005455017,0.4673476571634972,0.4931258078047353,0.9973307251930237
4,1,25,0.6069974899291992,0.6931971907615662,0.4949871423149196,0.6693286584606458,0.8798429369926453
4,1,26,0.3620932400226593,0.6636636853218079,0.5398428717046356,0.6932784442017851,0.6255196332931519
4,1,27,0.6798639893531799,0.9366856217384338,0.3889814823231257,0.9043531561720104,0.9363996386528015
4,1,28,0.28287917375564575,0.8918460011482239,0.6272536670241674,0.8905833111920278,0.8557303547859192
4,1,29,0.6979900598526001,0.9573532938957214,0.4203187927369782,0.948262334547062,0.869626522064209
4,1,30,0.30281805992126465,0.9291703701019287,0.7110492187150024,0.9121476606600801,0.8649978637695312
4,1,31,0.6184220910072327,1.0033401250839233,0.2500916588391073,0.9368133001361346,0.9139755964279175
4,1,32,0.10407120734453201,0.9447077512741089,0.5113892193884004,0.952695527959538,0.846435010433197
5,1,0,0.38774168491363525,0.11227867752313614,0.37250886182221427,0.1107464404934082,0.9997900128364563
5,1,1,0.41547590494155884,0.09194954484701157,0.3972836987945392,0.08892826350289615,0.9996507167816162
5,1,2,0.4300921857357025,0.09128709137439728,0.4121185222159701,0.08778256928212642,0.9997125267982483
5,1,3,0.4462546110153198,0.09067534655332565,0.4278326619376319,0.08660963301635108,0.999689519405365
5,1,4,0.38754016160964966,0.09239792823791504,0.3698187795527564,0.08990551488647466,0.9995890855789185
5,1,5,0.38266223669052124,0.09177607297897339,0.36426698735299795,0.08955029743052248,0.9995550513267517
5,1,6,0.3787204325199127,0.09112729877233505,0.3593363687075125,0.08908669289710966,0.9995043277740479
5,1,7,0.4990025758743286,0.09533028304576874,0.47901140666973724,0.09147439091071027,0.9997333288192749
5,1,8,0.41780126094818115,0.0941547080874443,0.39178359124037215,0.09274352013084226,0.9993034601211548
5,1,9,0.426449716091156,0.13132791221141815,0.408292394301698,0.12891313116418007,0.9998576641082764
5,1,10,0.38909780979156494,0.13085786998271942,0.3728640065298726,0.12947384796092476,0.9996935725212097
5,1,11,0.6776176691055298,0.1917930394411087,0.6462655881348163,0.18376386723189905,0.9997658729553223
5,1,12,0.37274134159088135,0.2104620635509491,0.36180321264837345,0.20773628770918082,0.999715268611908
5,1,13,0.7414477467536926,0.34111645817756653,0.7267007231282274,0.3356778267367936,0.976204514503479
5,1,14,0.3125324547290802,0.3559727966785431,0.2881996951625113,0.3489732211809553,0.6611843705177307
5,1,15,0.557782769203186,0.4237886965274811,0.5334676687953058,0.4109771932826992,0.9267611503601074
5,1,16,0.11882511526346207,0.4447530210018158,0.10416951173047785,0.4292298142030735,0.7843907475471497
5,1,17,0.5251523852348328,0.45744767785072327,0.5021265747075564,0.44955654105108467,0.8929791450500488
5,1,18,0.10363046824932098,0.4744199216365814,0.0582313134632188,0.4539263191347793,0.744944155216217
5,1,19,0.5224224328994751,0.4453437328338623,0.4723209494415704,0.4335088029805998,0.8908591270446777
5,1,20,0.10501189529895782,0.4697028696537018,0.05542921395921824,0.45015213670118254,0.7684317827224731
5,1,21,0.5296640992164612,0.43479588627815247,0.5065421679648393,0.42619162776497893,0.8755680322647095
5,1,22,0.11711554229259491,0.4624097943305969,0.0728630144834238,0.44417114805524316,0.7758811116218567
5,1,23,0.6262862086296082,0.4745638370513916,0.5993841125429817,0.48329506738841266,0.9986101984977722
5,1,24,0.4699556529521942,0.47906365990638733,0.4677993208477478,0.49068962597465193,0.9975149035453796
5,1,25,0.6073421239852905,0.7075697183609009,0.5145095139323796,0.675958495177358,0.8881670236587524
5,1,26,0.38945627212524414,0.6890333294868469,0.5136822085457727,0.6925432205564013,0.6421780586242676
5,1,27,0.7635329365730286,0.9401342272758484,0.4545740643411415,0.9105560575416678,0.9374672770500183
5,1,28,0.37439775466918945,0.902833104133606,0.5831311439437056,0.8927053974991026,0.8542667031288147
5,1,29,0.7816663384437561,0.964329719543457,0.48357446922248526,0.9510460796049109,0.8532299995422363
5,1,30,0.4025450050830841,0.93979412317276,0.6571257310491958,0.9169391979425944,0.8482394218444824
5,1,31,0.6455069780349731,1.003190040588379,0.3193822279672644,0.9483307611273971,0.9128041863441467
5,1,32,0.20822492241859436,0.9567211270332336,0.4584077728158604,0.9533927280387695,0.844009518623352
6,1,0,0.40831106901168823,0.10840827971696854,0.37871542763273536,0.11034151104422174,0.9997989535331726
6,1,1,0.43258440494537354,0.08816270530223846,0.40340323386077875,0.08879568818712825,0.999660849571228
6,1,2,0.44641685485839844,0.08733655512332916,0.4180641123464364,0.08770533165363241,0.9997187256813049
6,1,3,0.4609319865703583,0.08646273612976074,0.4335701983320276,0.08658419466445506,0.9996989369392395
6,1,4,0.4098833501338959,0.08883143961429596,0.37676514478352746,0.08971951049320893,0.9996011257171631
6,1,5,0.4063083529472351,0.08813417702913284,0.37155652042417214,0.0893050564018709,0.9995682835578918
6,1,6,0.4026568830013275,0.08731155097484589,0.3668479812712004,0.08877927388880016,0.9995212554931641
6,1,7,0.5146470665931702,0.0904373973608017,0.48518907017127305,0.09129480839078716,0.9997382760047913
6,1,8,0.4412574768066406,0.08905598521232605,0.4003637602374254,0.09210487625664163,0.9993013143539429
6,1,9,0.4415148198604584,0.12603400647640228,0.4140512911478173,0.12841450790971592,0.9998634457588196
6,1,10,0.4120216369628906,0.12683488428592682,0.37965294317606163,0.12901682046356674,0.9996952414512634
6,1,11,0.6833902597427368,0.19661927223205566,0.6527016702635731,0.18599090750493436,0.9997861981391907
6,1,12,0.4033660590648651,0.20538467168807983,0.36900967162245946,0.20732902787821494,0.9997169971466064
6,1,13,0.7870771884918213,0.3520358204841614,0.7371751194892566,0.3385119458803741,0.9783920645713806
6,1,14,0.3387092351913452,0.34276455640792847,0.2969597472932586,0.3478978616284377,0.6454886198043823
6,1,15,0.5322591066360474,0.43086233735084534,0.5332583732066216,0.41442277760812823,0.9327378869056702
6,1,16,0.20831584930419922,0.4450550079345703,0.12226104561364204,0.43197157848554646,0.7698326110839844
6,1,17,0.4889427721500397,0.463479608297348,0.49984261720452045,0.4519686182402838,0.9002940058708191
6,1,18,0.17075718939304352,0.48258763551712036,0.07778338845128557,0.4588938970977601,0.727943480014801
6,1,19,0.4609636664390564,0.446365624666214,0.4703535269941843,0.43573608898505334,0.8982044458389282
6,1,20,0.17549873888492584,0.47771450877189636,0.0762967606340822,0.45492908800071674,0.7503399848937988
6,1,21,0.47117382287979126,0.4348132312297821,0.5004108691738242,0.42768502420592613,0.8830827474594116
6,1,22,0.2001267373561859,0.46547532081604004,0.09498563681478411,0.44786277033173894,0.7582464814186096
6,1,23,0.617849588394165,0.4923737943172455,0.6025835679917059,0.48486766618809446,0.9986647963523865
6,1,24,0.4812515079975128,0.4919074773788452,0.47012978694035573,0.4909005298943222,0.9976128935813904
6,1,25,0.5062083005905151,0.7023570537567139,0.5130716366625985,0.6805335771653773,0.8964027166366577
6,1,26,0.441721111536026,0.7018066644668579,0.5011934766282452,0.6941478241501787,0.6478220820426941
6,1,27,0.8168866634368896,0.9210076928138733,0.518001317056496,0.9123665444990519,0.940531849861145
6,1,28,0.446208119392395,0.9001744389533997,0.5593210110702108,0.8939991070586648,0.8535441160202026
6,1,29,0.8390791416168213,0.9457946419715881,0.5457973798420532,0.9501365409093016,0.8536296486854553
6,1,30,0.4874056279659271,0.9400950074195862,0.6275826428467421,0.920951898373826,0.8402916789054871
6,1,31,0.6360155940055847,0.9925231337547302,0.3747389142317304,0.9559937693835019,0.9168210029602051
6,1,32,0.2800405025482178,0.9576744437217712,0.427351615986771,0.9541342911181614,0.8474936485290527
7,1,0,0.3885611295700073,0.11245980113744736,0.38042091977125286,0.11070836022833612,0.9997696876525879
7,1,1,0.414745569229126,0.09223420172929764,0.405368064235043,0.0893911996152189,0.9996057152748108
7,1,2,0.42681679129600525,0.09085024893283844,0.4195802190422296,0.08824999074092317,0.999660849571228
7,1,3,0.43986746668815613,0.08934452384710312,0.4346609073556606,0.08706224252871152,0.9996558427810669
7,1,4,0.3956262171268463,0.09382907301187515,0.3800331826981302,0.09043125433125683,0.9995335936546326
7,1,5,0.39368128776550293,0.09344068169593811,0.3753904313207707,0.09002131466914289,0.9994831085205078
7,1,6,0.3918397128582001,0.0927848368883133,0.37117906982978077,0.0894730036625179,0.9994524121284485
7,1,7,0.5041733384132385,0.09331896156072617,0.4884784665028958,0.09164535378300341,0.9996862411499023
7,1,8,0.4373382031917572,0.09449087083339691,0.40677377022773814,0.09251809029773958,0.9991263151168823
7,1,9,0.4239729046821594,0.1293681561946869,0.41576993684211866,0.12857965660488085,0.9998422861099243
7,1,10,0.4008578062057495,0.1316869705915451,0.38332734626266796,0.1294792494074948,0.9995939135551453
7,1,11,0.6873324513435364,0.19009022414684296,0.6587049531083143,0.18670087665957272,0.999798595905304
7,1,12,0.40349942445755005,0.2172180712223053,0.37498848003893676,0.20904202980873712,0.9996787905693054
7,1,13,0.7914602160453796,0.3457900881767273,0.7465910431139389,0.33977258304087893,0.9800134301185608
7,1,14,0.3367556035518646,0.3661862313747406,0.3038594706374941,0.3510666133457887,0.6196770071983337
7,1,15,0.5107719302177429,0.4259348213672638,0.5293617409964443,0.4164170170993326,0.9370776414871216
7,1,16,0.22595353424549103,0.47453367710113525,0.14027352632368964,0.4393515185358252,0.7444988489151001
7,1,17,0.46257278323173523,0.46332064270973206,0.4933813328119295,0.45393512773022915,0.9052368402481079
7,1,18,0.1823325753211975,0.5237587094306946,0.09594516255660694,0.4701484849047313,0.7018292546272278
7,1,19,0.4328489601612091,0.44156360626220703,0.46385150626393334,0.4367454213100288,0.9030810594558716
7,1,20,0.18972133100032806,0.5214304327964783,0.09600556775174798,0.46646819393165717,0.7232475876808167
7,1,21,0.44626158475875854,0.4288402497768402,0.4910185028126464,0.4278850824162708,0.8878636956214905
7,1,22,0.21514838933944702,0.50429767370224,0.11586949228937801,0.45765222245836445,0.7333876490592957
7,1,23,0.6181896328926086,0.4905131161212921,0.6052873499850429,0.48584545876046276,0.9984776377677917
7,1,24,0.45404449105262756,0.49469009041786194,0.46734293665889165,0.49155684557323426,0.997567892074585
7,1,25,0.5230387449264526,0.7072686553001404,0.5147981737465976,0.6851670286302116,0.8982254862785339
7,1,26,0.4248194098472595,0.704592764377594,0.4879371583065968,0.6959571496003594,0.6375248432159424
7,1,27,0.619988739490509,0.887102484703064,0.5357178244928814,0.9079882282351007,0.9329733848571777
7,1,28,0.48440876603126526,0.9067977666854858,0.5463184616272421,0.8962163127688958,0.8351995944976807
7,1,29,0.6758461594581604,0.9131901860237122,0.5684074613075306,0.9437314087528672,0.8375035524368286
7,1,30,0.5289385914802551,0.9428362846374512,0.6104483641187985,0.9247441275786751,0.8180092573165894
7,1,31,0.5115297436714172,0.9543606638908386,0.39852625656001117,0.9557109500528644,0.908125638961792
7,1,32,0.3378135561943054,0.9645754098892212,0.4118033264384915,0.9559429544538226,0.8335840106010437
8,1,0,0.3949742317199707,0.12132392078638077,0.382942230196678,0.11254725122485681,0.9997615814208984
8,1,1,0.4229789674282074,0.10013323277235031,0.40841937202915374,0.09125200603021012,0.9995880126953125
8,1,2,0.43491825461387634,0.09875933080911636,0.4222375427278359,0.0900704757780924,0.9996398091316223
8,1,3,0.4478001296520233,0.0973023772239685,0.43693713489350916,0.088836079993192,0.9996439218521118
8,1,4,0.40394464135169983,0.1013622060418129,0.3841769244584895,0.09232479723279237,0.9995087385177612
8,1,5,0.40215471386909485,0.10083618015050888,0.38002895153579164,0.09189474169329917,0.9994521737098694
8,1,6,0.40048643946647644,0.10005316138267517,0.37625872086894485,0.09130576003175594,0.9994353652000427
8,1,7,0.5142237544059753,0.1019449457526207,0.4929402481335834,0.093429493853253,0.999670147895813
8,1,8,0.44830623269081116,0.10267878323793411,0.41397495965824904,0.09427816233993948,0.9990718364715576
8,1,9,0.4301091134548187,0.13923701643943787,0.41825413317556326,0.13042579063965376,0.9998365044593811
8,1,10,0.40795955061912537,0.1414797455072403,0.387596082616592,0.13155813376730544,0.9995631575584412
8,1,11,0.7049509286880493,0.19643738865852356,0.6667245388131532,0.18838744912789554,0.9998124241828918
8,1,12,0.4092259407043457,0.22595354914665222,0.3809235095887938,0.2119720988627704,0.9996632933616638
8,1,13,0.8068848252296448,0.3559201657772064,0.7570510832123595,0.3425702295272451,0.9814894795417786
8,1,14,0.34506574273109436,0.37470513582229614,0.3110040328325075,0.355163022858709,0.6044847369194031
8,1,15,0.5312232375144958,0.42990899085998535,0.5296841152790118,0.4187543802704111,0.9410860538482666
8,1,16,0.23784077167510986,0.4755852222442627,0.15721890347408102,0.445632971952568,0.730347216129303
8,1,17,0.47961485385894775,0.46718063950538635,0.49099639162481945,0.4562297763022605,0.9097853899002075
8,1,18,0.19352439045906067,0.5226559638977051,0.1128926351758582,0.47925560153239,0.6857860088348389
8,1,19,0.44867706298828125,0.44335001707077026,0.4612225357024634,0.43788937117226395,0.9075435400009155
8,1,20,0.2027914822101593,0.5222316384315491,0.11455717552501486,0.47614098378504166,0.7066465020179749
8,1,21,0.4643089473247528,0.4298345148563385,0.48638946006946704,0.4282226868476634,0.8921820521354675
8,1,22,0.22799284756183624,0.5082491040229797,0.13535147705487885,0.46642745216684334,0.7179276943206787
8,1,23,0.6184579730033875,0.5050274133682251,0.6075690198229236,0.4891691273129722,0.9983524084091187
8,1,24,0.4498679041862488,0.5063565373420715,0.46431518185028503,0.4941208591723146,0.9975196123123169
8,1,25,0.5252574682235718,0.7184627056121826,0.5166099943145164,0.6909386344048761,0.8940935730934143
8,1,26,0.4354885220527649,0.7112969756126404,0.478840144496894,0.698614783013196,0.6247721314430237
8,1,27,0.5127996206283569,0.9101492762565613,0.5317465480436325,0.9083624829025841,0.9259877800941467
8,1,28,0.5221351385116577,0.908083975315094,0.5421273732889909,0.8982721775950558,0.8201059103012085
8,1,29,0.5512322783470154,0.9332504272460938,0.5654318531662991,0.9419158374734672,0.8289088606834412
8,1,30,0.6174083948135376,0.9374131560325623,0.6116538072768147,0.9269388686115675,0.8021512627601624
8,1,31,0.4477831721305847,0.9691500067710876,0.4070693119676339,0.9580391456610985,0.9017741680145264
8,1,32,0.43967658281326294,0.9620041251182556,0.41663388805916846,0.956992762886187,0.8252357840538025
10,3,0,0.2096332460641861,0.10246270149946213,0.2096332460641861,0.10246270149946213,0.9996911287307739
10,3,1,0.2323531061410904,0.0775376483798027,0.2323531061410904,0.0775376483798027,0.9995386004447937
10,3,2,0.24188029766082764,0.07633572071790695,0.24188029766082764,0.07633572071790695,0.9995803236961365
10,3,3,0.252216637134552,0.07479742914438248,0.252216637134552,0.07479742914438248,0.9996002316474915
10,3,4,0.22601960599422455,0.07839804887771606,0.22601960599422455,0.07839804887771606,0.999452531337738
10,3,5,0.23040038347244263,0.07794991880655289,0.23040038347244263,0.07794991880655289,0.9993919134140015
10,3,6,0.23566485941410065,0.07706937193870544,0.23566485941410065,0.07706937193870544,0.9994032382965088
10,3,7,0.3117378354072571,0.07669983059167862,0.3117378354072571,0.07669983059167862,0.9996097683906555
10,3,8,0.2929622530937195,0.07980474829673767,0.2929622530937195,0.07980474829673767,0.9989863634109497
10,3,9,0.24175164103507996,0.12326618283987045,0.24175164103507996,0.12326618283987045,0.9997592568397522
10,3,10,0.2348911464214325,0.12378128618001938,0.2348911464214325,0.12378128618001938,0.9994289875030518
10,3,11,0.425768107175827,0.18264974653720856,0.425768107175827,0.18264974653720856,0.999788224697113
10,3,12,0.3785806894302368,0.19740882515907288,0.3785806894302368,0.19740882515907288,0.9994309544563293
10,3,13,0.4671371877193451,0.3492502272129059,0.4671371877193451,0.3492502272129059,0.9815294146537781
10,3,14,0.44544240832328796,0.3637388348579407,0.44544240832328796,0.3637388348579407,0.5460319519042969
10,3,15,0.3442716598510742,0.48888131976127625,0.3442716598510742,0.48888131976127625,0.9333266019821167
10,3,16,0.3937491476535797,0.4962479770183563,0.3937491476535797,0.4962479770183563,0.6592115759849548
10,3,17,0.32722920179367065,0.5263096690177917,0.32722920179367065,0.5263096690177917,0.8978229761123657
10,3,18,0.3857407569885254,0.5295299887657166,0.3857407569885254,0.5295299887657166,0.6201379895210266
10,3,19,0.29060131311416626,0.5199568867683411,0.29060131311416626,0.5199568867683411,0.8951761722564697
10,3,20,0.3779571056365967,0.5303746461868286,0.3779571056365967,0.5303746461868286,0.6389305591583252
10,3,21,0.3033868968486786,0.5063489675521851,0.3033868968486786,0.5063489675521851,0.8772765398025513
10,3,22,0.38463476300239563,0.5175192952156067,0.38463476300239563,0.5175192952156067,0.6492623090744019
10,3,23,0.3951647877693176,0.5067348480224609,0.3951647877693176,0.5067348480224609,0.997830331325531
10,3,24,0.37032848596572876,0.507331132888794,0.37032848596572876,0.507331132888794,0.9968846440315247
10,3,25,0.3441971242427826,0.7568197250366211,0.3441971242427826,0.7568197250366211,0.8917725086212158
10,3,26,0.3523792326450348,0.7354661822319031,0.3523792326450348,0.7354661822319031,0.5865241885185242
10,3,27,0.591796338558197,0.914286196231842,0.591796338558197,0.914286196231842,0.9196637868881226
10,3,28,0.39180484414100647,0.9447112083435059,0.39180484414100647,0.9447112083435059,0.769780158996582
10,3,29,0.6602380871772766,0.9222642779350281,0.6602380871772766,0.9222642779350281,0.8342047333717346
10,3,30,0.43559521436691284,0.9747104048728943,0.43559521436691284,0.9747104048728943,0.7630904316902161
10,3,31,0.5584744811058044,1.0198333263397217,0.5584744811058044,1.0198333263397217,0.8964744210243225
10,3,32,0.314410924911499,1.0241960287094116,0.314410924911499,1.0241960287094116,0.7793480753898621
11,3,0,0.21927449107170105,0.08950197696685791,0.21130331137561087,0.1002174089108898,0.9989119172096252
11,3,1,0.2389349341392517,0.06479130685329437,0.2334931115899416,0.07532950934353932,0.9985787272453308
11,3,2,0.24844478070735931,0.06334444880485535,0.24301729828469668,0.07408513409009151,0.9985597729682922
11,3,3,0.25875169038772583,0.06180200353264809,0.2533485393726843,0.07254612265560254,0.9987243413925171
11,3,4,0.23004214465618134,0.0660962164402008,0.22671627615942994,0.07626694376838428,0.9985280632972717
11,3,5,0.23247401416301727,0.0655662938952446,0.23075949798054488,0.07580463912361769,0.9983360767364502
11,3,6,0.23576228320598602,0.06476546078920364,0.2356817304116639,0.07493790659102736,0.9986186623573303
11,3,7,0.3152845799922943,0.06385786831378937,0.31235209321803337,0.07447512010239123,0.9986458420753479
11,3,8,0.29007378220558167,0.06703110039234161,0.2924620110693894,0.07759187696729176,0.9975471496582031
11,3,9,0.2548426687717438,0.10787550359964371,0.24401951599676291,0.12059973457324627,0.998568594455719
11,3,10,0.24357573688030243,0.10884706676006317,0.23639545589846597,0.1211939554538144,0.9974983930587769
11,3,11,0.42270201444625854,0.16357174515724182,0.4252371007423697,0.17934410036117068,0.9997110962867737
11,3,12,0.3685469627380371,0.17942368984222412,0.37684261757832926,0.19429264225669082,0.9990030527114868
11,3,13,0.4763832688331604,0.3305682837963104,0.46873878335582975,0.34601324453619775,0.9808584451675415
11,3,14,0.4154207408428192,0.3386092185974121,0.4402388424168869,0.3593838334669136,0.4931824505329132
11,3,15,0.34576600790023804,0.4373001158237457,0.34453044880542855,0.47993511631945884,0.9262424111366272
11,3,16,0.3633137345314026,0.4718100130558014,0.38847380290779365,0.4920129280245619,0.5953506827354431
11,3,17,0.3219844698905945,0.4686160683631897,0.3263208245720046,0.5163015013459913,0.8871269226074219
11,3,18,0.3403421640396118,0.5063490271568298,0.3778683213402391,0.5255129273772883,0.5613199472427368
11,3,19,0.29495546221733093,0.4580017924308777,0.2913554229613858,0.5092080997344252,0.8838668465614319
11,3,20,0.3318217098712921,0.5069922208786011,0.3699567262959341,0.5263226483497646,0.5782378315925598
11,3,21,0.30879127979278564,0.4467698335647583,0.30432292980812065,0.49601312998276215,0.8637151718139648
11,3,22,0.34388044476509094,0.49297648668289185,0.3775686622958994,0.5132660634786965,0.5878282785415649
11,3,23,0.4167672097682953,0.4910336136817932,0.3989081243034735,0.5040145704359204,0.9971262216567993
11,3,24,0.38510724902153015,0.4938358962535858,0.37288887215355493,0.5049932048322516,0.9961802959442139
11,3,25,0.3425102233886719,0.7360934615135193,0.3439049875911266,0.7532283065661212,0.8896348476409912
11,3,26,0.34622377157211304,0.7053009867668152,0.3513130897394498,0.7302377165136121,0.5487145185470581
11,3,27,0.5629399418830872,0.9062727689743042,0.5867949205798931,0.9128981709195856,0.9067496657371521
11,3,28,0.406419962644577,0.9375688433647156,0.39433686684120817,0.9434740942482845,0.7210872769355774
11,3,29,0.62800532579422,0.9217158555984497,0.6546509080197795,0.92216930567831,0.8338828086853027
11,3,30,0.45665353536605835,0.9701842665672302,0.43924420770115014,0.9739265035793995,0.7246248722076416
11,3,31,0.5385518670082092,1.0022448301315308,0.5550224012499507,1.0167859031744657,0.8880395889282227
11,3,32,0.3061268925666809,1.0094733238220215,0.31297601575973427,1.021645358765004,0.7359064221382141
12,3,0,0.300457626581192,0.08673370629549026,0.22678359275390136,0.09788147976753485,0.9986007809638977
12,3,1,0.32154643535614014,0.06505507230758667,0.2487817183181979,0.07354972801177857,0.998261034488678
12,3,2,0.32959887385368347,0.06408365815877914,0.25804970413443357,0.07235265044405736,0.9982656836509705
12,3,3,0.3382941782474518,0.06303231418132782,0.268096188955757,0.07089813828609652,0.9984462857246399
12,3,4,0.31433650851249695,0.06584012508392334,0.24192948824014046,0.07446075797568265,0.9981156587600708
12,3,5,0.3168264627456665,0.0654040202498436,0.24570232597146957,0.07400299321154986,0.9979259967803955
12,3,6,0.31975606083869934,0.06468620151281357,0.2502777285763739,0.07316206420125274,0.9982492923736572
12,3,7,0.3912985026836395,0.06856874376535416,0.32605573620191713,0.07345212699633819,0.9984138011932373
12,3,8,0.36846092343330383,0.06876698136329651,0.3056528575323207,0.07606325791756362,0.9972725510597229
12,3,9,0.3273325562477112,0.1058088168501854,0.2584830183802284,0.11803724158681211,0.9983511567115784
12,3,10,0.31904882192611694,0.10622625797986984,0.2507441521734132,0.11860082200669773,0.9971298575401306
12,3,11,0.481081485748291,0.1679868996143341,0.43492394574829074,0.1773766940470482,0.9997150897979736
12,3,12,0.45378944277763367,0.1778159737586975,0.39019836895214577,0.1914379521312513,0.9988213777542114
12,3,13,0.530845046043396,0.3420676589012146,0.4795138460604201,0.3453299035373524,0.9815927147865295
12,3,14,0.4551788866519928,0.35060247778892517,0.4428271823715246,0.35786275813741586,0.446572482585907
12,3,15,0.3486129343509674,0.46176424622535706,0.34523750254565844,0.4767867333210309,0.9287574291229248
12,3,16,0.43401697278022766,0.4757532775402069,0.3963713423351372,0.4891958559324128,0.539065957069397
12,3,17,0.33117756247520447,0.5172745585441589,0.32716199218320324,0.5164700112035072,0.8898811936378479
12,3,18,0.41916826367378235,0.5072436332702637,0.38502913888738033,0.5223474825937061,0.5097165107727051
12,3,19,0.3064768612384796,0.5072863101959229,0.2939752038148852,0.5088752826268096,0.8864650726318359
12,3,20,0.40465307235717773,0.5067678093910217,0.375971382464551,0.522934331674404,0.5249495506286621
12,3,21,0.3201303780078888,0.4940750002861023,0.30706161796090076,0.49567748292326,0.8660154938697815
12,3,22,0.4142721891403198,0.494486540555954,0.3839316497244521,0.5100121635516061,0.5339628458023071
12,3,23,0.4586707353591919,0.49607086181640625,0.40927584943408407,0.5026386240896464,0.9970142245292664
12,3,24,0.4597037732601166,0.4906941056251526,0.3879618940567562,0.5025159549222489,0.9958297610282898
12,3,25,0.4288283884525299,0.7414965033531189,0.3586487664428566,0.7511959850177338,0.8908048272132874
12,3,26,0.3996475040912628,0.7118631601333618,0.3596953558768314,0.7270540231184984,0.5122678875923157
12,3,27,0.5223439931869507,0.927255392074585,0.5756122851322028,0.9153854944248838,0.8911059498786926
12,3,28,0.5166324973106384,0.9154142141342163,0.4155927063576936,0.9386108455699198,0.6725507378578186
12,3,29,0.6032320857048035,0.9497346878051758,0.6457329099188672,0.9269467785574128,0.8377640247344971
12,3,30,0.56423020362854,0.9438126683235168,0.4609694005653548,0.9687069480446334,0.6910688281059265
12,3,31,0.49619239568710327,1.0081104040145874,0.5448167517743108,1.0152831687931965,0.8734572529792786
12,3,32,0.4206971526145935,0.9815507531166077,0.3316905421029248,1.014693778344507,0.6958577632904053
13,3,0,0.3402605950832367,0.09667246043682098,0.24650151381380248,0.09767210539847768,0.9985123872756958
13,3,1,0.3598508834838867,0.07477238029241562,0.2680798589860416,0.07376146336273291,0.9982184171676636
13,3,2,0.36735716462135315,0.07330331951379776,0.27704074856459443,0.0725172831906156,0.9982061982154846
13,3,3,0.37564992904663086,0.0716090276837349,0.28678156093667,0.07102124614156567,0.9984006881713867
13,3,4,0.35274767875671387,0.07571373879909515,0.2611838774371392,0.07467774573316664,0.9980565905570984
13,3,5,0.355008065700531,0.07492785155773163,0.2646930701019725,0.07416315604476055,0.9978546500205994
13,3,6,0.3577614724636078,0.07381104677915573,0.26895090042499137,0.07327445117024073,0.9981861114501953
13,3,7,0.4249083399772644,0.07521067559719086,0.3432249793197215,0.07375667221704939,0.9983978867530823
13,3,8,0.403012752532959,0.07651092857122421,0.3225620820529024,0.07614078240771481,0.9973070025444031
13,3,9,0.36650550365448,0.11330035328865051,0.27725008853167493,0.11721683434773904,0.9983112812042236
13,3,10,0.35843268036842346,0.1140696257352829,0.26945301540466593,0.117816044532933,0.9970521926879883
13,3,11,0.5002828240394592,0.17439886927604675,0.4462644290795693,0.17686097578253246,0.9997261762619019
13,3,12,0.4992108643054962,0.18181170523166656,0.4091379940342667,0.1897704854168863,0.9987843632698059
13,3,13,0.5624224543571472,0.346670001745224,0.4939069713365026,0.3455619786481319,0.9824764728546143
13,3,14,0.5773522257804871,0.35517945885658264,0.4662171295247408,0.35739805173663974,0.40726858377456665
13,3,15,0.381511926651001,0.45523542165756226,0.35152602061404514,0.47305225760494657,0.9306869506835938
13,3,16,0.5221139192581177,0.47756466269493103,0.41822854239848883,0.48718096922131104,0.49148237705230713
13,3,17,0.35254231095314026,0.5053420066833496,0.33156047382856924,0.5145423210786125,0.8918455243110657
13,3,18,0.510699450969696,0.5069218873977661,0.406873725859987,0.5196749819788187,0.4668489992618561
13,3,19,0.33268576860427856,0.49251341819763184,0.3006865411953924,0.5060404915674865,0.8883023858070374
13,3,20,0.49155721068382263,0.5071436166763306,0.3960569765597633,0.5201985436302716,0.48035547137260437
13,3,21,0.3513685464859009,0.4809027314186096,0.31474449993165804,0.49311779085931196,0.8675329685211182
13,3,22,0.49592283368110657,0.49614739418029785,0.40339050332541293,0.5076101902878287,0.488779217004776
13,3,23,0.4966224730014801,0.5009039044380188,0.42444144074063683,0.5023382057579254,0.9970369338989258
13,3,24,0.520479679107666,0.4997953176498413,0.4110014848656345,0.5020447816414163,0.995686948299408
13,3,25,0.4808499217033386,0.746355414390564,0.3798881486134009,0.7503576178533714,0.8867924809455872
13,3,26,0.43312379717826843,0.7122977375984192,0.37243907804149123,0.7244975324020326,0.4774542450904846
13,3,27,0.5915272831916809,0.9341594576835632,0.5783696134328167,0.918638430265303,0.8667464852333069
13,3,28,0.5637910962104797,0.9226388335227966,0.44137064136074283,0.9358436322037016,0.6247220635414124
13,3,29,0.6599504351615906,0.9585007429122925,0.6481960200755603,0.9324161852103791,0.8373045325279236
13,3,30,0.6132537126541138,0.9530423879623413,0.48746128662798716,0.9659930269623865,0.6575349569320679
13,3,31,0.541989803314209,1.0046532154083252,0.5443271651736488,1.013441783695817,0.8541619777679443
13,3,32,0.45507270097732544,0.9802173376083374,0.35313596267168235,1.0087172788489314,0.6545034646987915
14,3,0,0.3480915427207947,0.09377536177635193,0.2641476901000119,0.09699722440967976,0.9985336065292358
14,3,1,0.3651230037212372,0.0722353607416153,0.28493394541973815,0.07349717493875098,0.9982385039329529
14,3,2,0.3725862205028534,0.07089920341968536,0.29363397910584704,0.07223706551112036,0.998212456703186
14,3,3,0.3806825876235962,0.06925565749406815,0.30308839864939957,0.07071548164447977,0.9983909726142883
14,3,4,0.35978659987449646,0.07295166701078415,0.2783096247950094,0.07437882391666893,0.9980823397636414
14,3,5,0.36308199167251587,0.0721999779343605,0.2817815727025426,0.07382317100076144,0.9978993535041809
14,3,6,0.36701253056526184,0.0710994228720665,0.2859823892938979,0.0728977753111354,0.9982319474220276
14,3,7,0.43258482217788696,0.07188083976507187,0.3587410788521953,0.07343181463279046,0.9983712434768677
14,3,8,0.4137686789035797,0.07393430173397064,0.33839971919979583,0.07575865920123973,0.997444748878479
14,3,9,0.3748522102832794,0.11112531274557114,0.29420153640349617,0.1161617679031466,0.9983060956001282
14,3,10,0.3688122630119324,0.11158090829849243,0.28671054662360007,0.11673609902161615,0.9971370100975037
14,3,11,0.5094082355499268,0.16829197108745575,0.4572198518050635,0.17537669267398384,0.999715268611908
14,3,12,0.5258169770240784,0.17965225875377655,0.4294142656350053,0.18801777163080177,0.9987866878509521
14,3,13,0.5086615681648254,0.3344959318637848,0.4964631729725245,0.34364502570297956,0.9809664487838745
14,3,14,0.5818795561790466,0.335646390914917,0.4863161373650166,0.35362883742911366,0.3700088858604431
14,3,15,0.40114298462867737,0.4523814618587494,0.3601310424728152,0.4694704550509719,0.922511637210846
14,3,16,0.4951089024543762,0.4613240659236908,0.4315727661196512,0.4826998294395616,0.4447844326496124
14,3,17,0.39802905917167664,0.4954403042793274,0.3430938828346119,0.5112325101200856,0.8803325891494751
14,3,18,0.48088538646698,0.4867493212223053,0.4197189190209381,0.5139675771392601,0.42344996333122253
14,3,19,0.3795700967311859,0.49003320932388306,0.31437925170900816,0.5032671636671379,0.875820517539978
14,3,20,0.4735294580459595,0.48509928584098816,0.4095042058181749,0.514113965674494,0.43559718132019043
14,3,21,0.3915216624736786,0.47810864448547363,0.3280707397581759,0.4905174722209595,0.8555893898010254
14,3,22,0.4650951027870178,0.47683262825012207,0.41409577169892464,0.5022754855983238,0.44357988238334656
14,3,23,0.5033875107765198,0.47721216082572937,0.4381450479428181,0.4979838235983635,0.9969729781150818
14,3,24,0.5473517179489136,0.47658535838127136,0.4347101626618828,0.4976325802719238,0.9956647753715515
14,3,25,0.4593657851219177,0.7191553711891174,0.3936842673818399,0.7449492335874198,0.8878569006919861
14,3,26,0.5162399411201477,0.7047415375709534,0.39744878100374353,0.7210743399431435,0.4487934410572052
14,3,27,0.5539989471435547,0.9201680421829224,0.5741462330480603,0.9189033264642383,0.8435086607933044
14,3,28,0.5972543954849243,0.9045170545578003,0.46849169223066345,0.9304136765493863,0.5855523943901062
14,3,29,0.6007048487663269,0.943024754524231,0.6399601959804936,0.9342538652197196,0.8389986753463745
14,3,30,0.6426939368247986,0.933113157749176,0.514468539657874,0.9602935674499654,0.6341220140457153
14,3,31,0.519408643245697,0.9981281161308289,0.5400087720172193,1.0107886837464313,0.8305270671844482
14,3,32,0.5121214389801025,0.9684910774230957,0.3807991799289308,1.0017428522065346,0.6160207986831665
15,3,0,0.3303811848163605,0.09209441393613815,0.2756402722522919,0.0961480760021938,0.9986264705657959
15,3,1,0.3476209044456482,0.07201523333787918,0.2958099870476115,0.07324053460360636,0.9983585476875305
15,3,2,0.354808509349823,0.07127290964126587,0.3042471351731403,0.07207009710070925,0.9983240962028503
15,3,3,0.3630225956439972,0.07033101469278336,0.3134859814593454,0.07064890245447969,0.9984920620918274
15,3,4,0.3442666530609131,0.07226923108100891,0.28975413832119307,0.07401348102547886,0.9982208013534546
15,3,5,0.34851834177970886,0.0717015340924263,0.2933616525267167,0.07345574216331095,0.9980475306510925
15,3,6,0.35371479392051697,0.0708450973033905,0.2977355802361138,0.07254228963536118,0.9983614087104797
15,3,7,0.41339221596717834,0.07541462779045105,0.36822063220856893,0.0737752002788385,0.9984806180000305
15,3,8,0.40549787878990173,0.07525622099637985,0.35004262497896466,0.07567165029926758,0.9976651668548584
15,3,9,0.35531097650527954,0.11023137718439102,0.3048033790673398,0.11513461470120592,0.9984114766120911
15,3,10,0.35137927532196045,0.11054722219705582,0.2979310861144406,0.11566416728233368,0.9973642230033875
15,3,11,0.458920419216156,0.1754976212978363,0.45751435578997535,0.1753976340457071,0.9997003078460693
15,3,12,0.5356296300888062,0.17478151619434357,0.44786643968484124,0.18572472738134504,0.9988518953323364
15,3,13,0.4869617223739624,0.33967578411102295,0.4948173321034662,0.3429575872121042,0.9714484810829163
15,3,14,0.6180693507194519,0.3389844596385956,0.5092223480548262,0.35109174306721663,0.33742305636405945
15,3,15,0.3676983714103699,0.4640045464038849,0.3614417811601566,0.4685237637824869,0.8986926674842834
15,3,16,0.5231988430023193,0.45275628566741943,0.44748345805397394,0.47750981560412065,0.4029143154621124
15,3,17,0.3418712019920349,0.5037394762039185,0.3428821426933244,0.5099346432345445,0.8550326824188232
15,3,18,0.5057646632194519,0.48060354590415955,0.4346580964005835,0.508184107251907,0.38436031341552734
15,3,19,0.35764557123184204,0.4988746643066406,0.3218814649706366,0.5025064106162265,0.8485050797462463
15,3,20,0.4807296097278595,0.4795364439487457,0.42186479576802977,0.5081199253652963,0.39523449540138245
15,3,21,0.3721790909767151,0.4874756336212158,0.3357191514496995,0.48999066646485023,0.8265141248703003
15,3,22,0.48517316579818726,0.46894702315330505,0.42643061619248385,0.4964981876464527,0.40276506543159485
15,3,23,0.4538511633872986,0.4811015725135803,0.4408661780821297,0.4950588277774817,0.9968348741531372
15,3,24,0.5695819854736328,0.46792012453079224,0.4581607896747459,0.4924826562105669,0.9955651164054871
15,3,25,0.337170273065567,0.683283269405365,0.383881110210929,0.7342506992105569,0.8722753524780273
15,3,26,0.5601903200149536,0.6978970766067505,0.4257687320640858,0.7170579190532914,0.4372157156467438
15,3,27,0.38157305121421814,0.88729327917099,0.5406053141638273,0.9134241904394675,0.8069288730621338
15,3,28,0.6568655967712402,0.9120624661445618,0.501297354373832,0.9272340300352943,0.5566500425338745
15,3,29,0.4060256779193878,0.9276369214057922,0.5991650253489744,0.9331077765875934,0.825381875038147
15,3,30,0.6969925761222839,0.9500458240509033,0.5462498967094315,0.9585184110398123,0.6176396012306213
15,3,31,0.3114464282989502,0.9142119288444519,0.500156822221549,0.9940158800195047,0.7867792844772339
15,3,32,0.5328429341316223,0.943651020526886,0.40724915013386453,0.9916654766074202,0.576973557472229
16,3,0,0.3219431936740875,0.1031176820397377,0.28366977568316964,0.09735526057233887,0.998721718788147
16,3,1,0.3427604138851166,0.0792628824710846,0.30395193201392345,0.07428361773684258,0.9984729886054993
16,3,2,0.3498920798301697,0.0779305174946785,0.31216237779739886,0.07308512911919182,0.9984289407730103
16,3,3,0.3576667606830597,0.07630100101232529,0.32114698704436423,0.0716278467450978,0.9986050128936768
16,3,4,0.3371812701225281,0.08038389682769775,0.2979788698485213,0.0751168617912558,0.9983510971069336
16,3,5,0.3401191234588623,0.07989323884248734,0.3014700892759251,0.07457074384560698,0.9981725215911865
16,3,6,0.3439120948314667,0.07903273403644562,0.3057431304852069,0.07366646387686754,0.9984793663024902
16,3,7,0.40725278854370117,0.08146873116493225,0.3749878106504235,0.07510780272580228,0.9985937476158142
16,3,8,0.39575788378715515,0.08335833996534348,0.357970074219748,0.07700306749301207,0.9978319406509399
16,3,9,0.3479055166244507,0.12334703654050827,0.3122771056328768,0.11655711678934426,0.998528003692627
16,3,10,0.3405331075191498,0.12402281910181046,0.30531798446299785,0.11711200473660278,0.9975723624229431
16,3,11,0.4851135313510895,0.19043099880218506,0.4622976963745531,0.17800214918338114,0.9997163414955139
16,3,12,0.524901807308197,0.1935804933309555,0.4612376660343629,0.1870854372111339,0.998894214630127
16,3,13,0.5217819809913635,0.36727094650268555,0.4994906101717089,0.34717102651247783,0.9723120927810669
16,3,14,0.6058287620544434,0.3553633689880371,0.5260004221544907,0.35183155849933123,0.30770447850227356
16,3,15,0.3057018220424652,0.4689008295536041,0.35177308482144,0.46858906125191985,0.9054410457611084
16,3,16,0.4920116662979126,0.46849489212036133,0.45520479113673656,0.47594827119675864,0.36639437079429626
16,3,17,0.25201132893562317,0.5038537979125977,0.327103016667691,0.5088814260167485,0.863582193851471
16,3,18,0.4643746018409729,0.49711665511131287,0.43980874058750197,0.5062669100694795,0.3505261242389679
16,3,19,0.21975396573543549,0.49428027868270874,0.3041417212584453,0.501081532604689,0.8570465445518494
16,3,20,0.4464080035686493,0.49588608741760254,0.42611810929036725,0.5060006026491186,0.3602539896965027
16,3,21,0.2477320283651352,0.4837281405925751,0.3204420892913746,0.4889059758080132,0.8332808613777161
16,3,22,0.45609351992607117,0.485297292470932,0.4315719567319945,0.49455786658915757,0.367502897977829
16,3,23,0.4748028814792633,0.49770379066467285,0.44674902882053086,0.4955168942613806,0.9965224266052246
16,3,24,0.5733751654624939,0.49692726135253906,0.47818177066624146,0.4932524343434224,0.995345413684845
16,3,25,0.2681241035461426,0.7137473225593567,0.3637657164473029,0.7306979233365002,0.857879102230072
16,3,26,0.6218487620353699,0.7218660116195679,0.4599242564137383,0.7178906600603583,0.4398958683013916
16,3,27,0.23442375659942627,0.9031378626823425,0.487096103903095,0.9116423485686213,0.7808020114898682
16,3,28,0.7614731192588806,0.9432343244552612,0.5467046251172373,0.9300061446519483,0.5393899083137512
16,3,29,0.25763019919395447,0.9326944351196289,0.5394145882307838,0.9330361970715458,0.8043586015701294
16,3,30,0.750427782535553,0.9519816637039185,0.5818247516197459,0.9573862150215788,0.6025159955024719
16,3,31,0.13682949542999268,0.9380418658256531,0.4365528455043578,0.9843064967534639,0.7499760389328003
16,3,32,0.6638560891151428,0.9519613981246948,0.4520286911180778,0.984781679467559,0.5455611348152161
17,3,0,0.348584920167923,0.09949180483818054,0.2949331529625973,0.09772527124104666,0.9988105893135071
17,3,1,0.37097662687301636,0.07811775803565979,0.3155820689273467,0.07494765510681224,0.9985792636871338
17,3,2,0.37916654348373413,0.07760613411664963,0.32378894385286916,0.07386814122243478,0.9985289573669434
17,3,3,0.38794687390327454,0.07698151469230652,0.3327380341590044,0.0725550945000303,0.9987054467201233
17,3,4,0.3634546399116516,0.07835298776626587,0.30933971035380103,0.07567731857726162,0.9984735250473022
17,3,5,0.36625245213508606,0.07797757536172867,0.31271038093989795,0.07516076773704325,0.9982975721359253
17,3,6,0.3699517250061035,0.07739748060703278,0.31688367613809565,0.07431263920307976,0.9985932111740112
17,3,7,0.4435534179210663,0.08509645611047745,0.3868858680505574,0.07683806449696536,0.9986914396286011
17,3,8,0.4256431758403778,0.0849207416176796,0.3697129456603961,0.07837450321457824,0.9979950785636902
17,3,9,0.378498911857605,0.11913421750068665,0.323767646504831,0.11700342974153778,0.9986274242401123
17,3,10,0.36934494972229004,0.11861778050661087,0.3164269550049305,0.11737277280832066,0.9977561831474304
17,3,11,0.5244389772415161,0.19398455321788788,0.4730788580893402,0.18077116349417802,0.9997159838676453
17,3,12,0.5341483950614929,0.19298988580703735,0.47389140399911733,0.18810809627069003,0.9989376664161682
17,3,13,0.55779629945755,0.3642190396785736,0.5096051534766678,0.3501247565429913,0.9680221676826477
17,3,14,0.6350564956665039,0.3613421618938446,0.5449477523638323,0.35347898728417537,0.27940478920936584
17,3,15,0.37451255321502686,0.45939022302627563,0.35571358658774577,0.4669956507979304,0.8963437080383301
17,3,16,0.5302801132202148,0.46357035636901855,0.46823501860388067,0.47380398049524713,0.3317778706550598
17,3,17,0.32488763332366943,0.49439603090286255,0.32671935129253166,0.5063718865998939,0.8532460331916809
17,3,18,0.504683792591095,0.4869822561740875,0.4510651405610728,0.5029254352636892,0.31818947196006775
17,3,19,0.305875301361084,0.4805983304977417,0.30444194204864855,0.49753225634737486,0.8455968499183655
17,3,20,0.4830589294433594,0.48372769355773926,0.43599549331377396,0.502141002720744,0.32693225145339966
17,3,21,0.3308725953102112,0.4708811938762665,0.32224891373746656,0.4857829190108239,0.8171923756599426
17,3,22,0.49286094307899475,0.4741472005844116,0.44220499062763313,0.4910211667393414,0.33384209871292114
17,3,23,0.5269722938537598,0.4954264163970947,0.4606748688224468,0.4955012260999637,0.9961853623390198
17,3,24,0.5999395847320557,0.4958348870277405,0.49934397266966773,0.4936996741652692,0.9951742887496948
17,3,25,0.3253549337387085,0.7086899876594543,0.35710641325819387,0.7268842689745533,0.8471472859382629
17,3,26,0.7351232171058655,0.7173752784729004,0.5079749067936395,0.7178014096585057,0.43819114565849304
17,3,27,0.2201145738363266,0.9115745425224304,0.44049128108640817,0.9116306065216605,0.7737203240394592
17,3,28,0.8659231066703796,0.9377532005310059,0.6025145936263525,0.9313480201256347,0.5340325832366943
17,3,29,0.24191300570964813,0.9473146200180054,0.48743470980079595,0.9355098636827217,0.7968619465827942
17,3,30,0.8714690208435059,0.9542459845542908,0.632419526193342,0.9568423675844426,0.5950287580490112
17,3,31,0.08910420536994934,0.9351108074188232,0.3757560385737039,0.9757746308159517,0.7279255390167236
17,3,32,0.7964149713516235,0.9532418847084045,0.5122836102505406,0.9793147259098408,0.5229902267456055
18,3,0,0.37154120206832886,0.09583451598882675,0.3082300174771001,0.09739782917372962,0.9988813996315002
18,3,1,0.3915732204914093,0.07407839596271515,0.32877161290246554,0.07479712093975703,0.9986676573753357
18,3,2,0.39566391706466675,0.07341980934143066,0.3362625154036273,0.07379050222084883,0.9986118078231812
18,3,3,0.3989434242248535,0.07273753732442856,0.3442257215640957,0.07258668842834774,0.9987896084785461
18,3,4,0.3873688280582428,0.0746011734008789,0.32288380536280487,0.07549095571118247,0.9985733032226562
18,3,5,0.39002132415771484,0.07427112758159637,0.3261295274808566,0.07500670398890995,0.9983934760093689
18,3,6,0.3929949402809143,0.0738406628370285,0.33009411417400314,0.0742309055556697,0.9986811876296997
18,3,7,0.4596037268638611,0.08024363964796066,0.3995060316082467,0.0774278707928606,0.9987723231315613
18,3,8,0.44585350155830383,0.08135746419429779,0.3829284755911689,0.07889111104689785,0.9981213212013245
18,3,9,0.38676854968070984,0.11389797180891037,0.3346982547066594,0.11646560512966633,0.9986952543258667
18,3,10,0.38790807127952576,0.11364017426967621,0.328832027446476,0.11672632347469956,0.9978901743888855
18,3,11,0.5677140951156616,0.1826062947511673,0.4895135405165987,0.18108897204118848,0.9996953010559082
18,3,12,0.580312967300415,0.18339887261390686,0.4923795312735702,0.1872924811075117,0.998906135559082
18,3,13,0.6129229068756104,0.34517422318458557,0.527552333609021,0.3492673415903559,0.9593362212181091
18,3,14,0.6779002547264099,0.35534337162971497,0.5680633662569168,0.3538018621341384,0.2529381215572357
18,3,15,0.4177199602127075,0.4668133854866028,0.366471286775987,0.4669640876022236,0.8692946434020996
18,3,16,0.5787690877914429,0.45425862073898315,0.4874399287224706,0.4704173067289463,0.2996219992637634
18,3,17,0.3450770974159241,0.49797555804252625,0.329900127970143,0.5049175209140175,0.8247025609016418
18,3,18,0.55474454164505,0.4788719117641449,0.4690753698049996,0.49875705567497297,0.2878592014312744
18,3,19,0.3666670620441437,0.49030113220214844,0.31523765902481954,0.4962797647315206,0.815498948097229
18,3,20,0.52935391664505,0.4763636887073517,0.4522078368276885,0.4976736656020624,0.2957281172275543
18,3,21,0.35307228565216064,0.479513943195343,0.32759156479689805,0.48469711103856544,0.7850881218910217
18,3,22,0.5392963886260986,0.4661023020744324,0.45906747444808854,0.4867027147538485,0.30222827196121216
18,3,23,0.5618752837181091,0.480098158121109,0.4782531550410597,0.49283263020881424,0.996004581451416
18,3,24,0.6697481274604797,0.4878322184085846,0.5290042946315725,0.4926834232034512,0.9950897693634033
18,3,25,0.3768279254436493,0.6941143870353699,0.36052362590788783,0.7212038908073157,0.8279956579208374
18,3,26,0.7878682017326355,0.6913774609565735,0.5568524907170316,0.7132219196426808,0.43293067812919617
18,3,27,0.23181778192520142,0.9022291898727417,0.40412770954601956,0.9100020960985786,0.7570945620536804
18,3,28,0.9188887476921082,0.9367287158966064,0.6578232863454125,0.9322799496910588,0.5228599905967712
18,3,29,0.2564905285835266,0.9389899969100952,0.44716322527895236,0.9361125840136278,0.7828719615936279
18,3,30,0.9048498868942261,0.9420965909957886,0.6799835421717996,0.9542876982776834,0.5835464596748352
18,3,31,0.12134133279323578,0.9288284182548523,0.3313605326014936,0.9676334340561463,0.7014011740684509
18,3,32,0.8465219140052795,0.9747965931892395,0.570746309517086,0.9785322104972971,0.49840277433395386
19,3,0,0.377086877822876,0.09896280616521835,0.32017873430888427,0.09766885011410208,0.9989745616912842
19,3,1,0.40043696761131287,0.07852157950401306,0.34120873273785535,0.07544216033209693,0.9987757205963135
19,3,2,0.40704140067100525,0.07802747189998627,0.3485454647992881,0.07452431477691,0.9987229704856873
19,3,3,0.4136093854904175,0.07750996947288513,0.3562660384300314,0.07343938275141801,0.9988877773284912
19,3,4,0.3933705985546112,0.07839661091566086,0.33511596125560505,0.07599417407100084,0.9986906051635742
19,3,5,0.3950141966342926,0.07773067057132721,0.3380830786381529,0.07547845387384937,0.9985283613204956
19,3,6,0.3967246413230896,0.07698708027601242,0.3416557219586728,0.07470823386632516,0.9987916350364685
19,3,7,0.46934497356414795,0.08514298498630524,0.4116255176203108,0.07876421260484126,0.9988706111907959
19,3,8,0.4529224634170532,0.08487804234027863,0.3950749268434466,0.07992805887961939,0.9982706904411316
19,3,9,0.4007517993450165,0.1181572675704956,0.34615954319346753,0.1167585664262275,0.9988008141517639
19,3,10,0.3957667648792267,0.11723946034908295,0.3404465252441317,0.116815185125517,0.9980602264404297
19,3,11,0.5522698163986206,0.19314025342464447,0.5004016178976853,0.1831766573399236,0.9997020959854126
19,3,12,0.5799343585968018,0.19247446954250336,0.5075814499575425,0.18818998954838892,0.9989292025566101
19,3,13,0.5871363282203674,0.3579443395137787,0.5378890448747773,0.35077033568380045,0.9587851166725159
19,3,14,0.6648004055023193,0.3608671724796295,0.5848642351249757,0.35502562683762784,0.23311439156532288
19,3,15,0.3997591733932495,0.45696938037872314,0.37224154605692306,0.46523277650330963,0.8661606907844543
19,3,16,0.559913694858551,0.4500822424888611,0.5000176631222136,0.4668937152186697,0.27455076575279236
19,3,17,0.3451727628707886,0.4845723509788513,0.332546114328781,0.5013921774069211,0.8190999031066895
19,3,18,0.5489088296890259,0.47162601351737976,0.4829334166264692,0.4940549196304216,0.2645930349826813
19,3,19,0.3401739299297333,0.4724038243293762,0.3195591291973455,0.49214218202038357,0.808837890625
19,3,20,0.5219101309776306,0.46825897693634033,0.4643035621281815,0.4925753962245405,0.27171164751052856
19,3,21,0.35561537742614746,0.4647165834903717,0.33244855741852136,0.48123498944276716,0.7763929963111877
19,3,22,0.5244376063346863,0.4609556496143341,0.47040994876830333,0.48224062404289325,0.27818238735198975
19,3,23,0.5642925500869751,0.5086898803710938,0.4931912391068597,0.49557995046753905,0.9961017370223999
19,3,24,0.6477375626564026,0.49844419956207275,0.5496390236053311,0.49368119363948154,0.9952160120010376
19,3,25,0.5643624067306519,0.7325975894927979,0.3960386031278081,0.723177620306693,0.8347351551055908
19,3,26,0.6048641204833984,0.7113528847694397,0.5651789515509041,0.712898239258472,0.46237462759017944
19,3,27,0.46059930324554443,0.9285972118377686,0.4139232456745428,0.9132240256418218,0.7714594602584839
19,3,28,0.5864105224609375,0.9128925800323486,0.6454306772023034,0.9289206676372137,0.5543480515480042
19,3,29,0.45396316051483154,0.9644410610198975,0.44834097157629965,0.9410224252543234,0.7880089282989502
19,3,30,0.6101338267326355,0.9485655426979065,0.6678626326473002,0.9532966178053094,0.605069100856781
19,3,31,0.32666242122650146,0.9624608159065247,0.3305468059284425,0.9667375470704921,0.715031087398529
19,3,32,0.4606790542602539,0.9492824077606201,0.5516237083876577,0.9734625426611139,0.5275728106498718
20,3,0,0.3452114462852478,0.10226209461688995,0.3245169470390269,0.09846437541339383,0.9990208745002747
20,3,1,0.3695387840270996,0.07932467013597488,0.34611886617257387,0.0761145758334289,0.9988186359405518
20,3,2,0.37582820653915405,0.07845542579889297,0.3532739301549628,0.0752051485642276,0.9987606406211853
20,3,3,0.3828622102737427,0.07910048961639404,0.36087541600557904,0.07441988756798974,0.9989331960678101
20,3,4,0.3679598867893219,0.08012943714857101,0.34080920629772343,0.07671036958939734,0.9987472891807556
20,3,5,0.3729058504104614,0.07947327196598053,0.3441196997687007,0.07617032248789751,0.998589038848877
20,3,6,0.3784183859825134,0.07857507467269897,0.34802899908135104,0.0753779353235784,0.998856246471405
20,3,7,0.4365729093551636,0.08870789408683777,0.415948930833119,0.08048668193138403,0.9988932013511658
20,3,8,0.4294014573097229,0.08540546894073486,0.401025433140426,0.08087674214414248,0.9983388185501099
20,3,9,0.36686840653419495,0.12219729274511337,0.3497479574718197,0.1177005485752939,0.9988452196121216
20,3,10,0.3659842908382416,0.1219630092382431,0.34487233031006775,0.11770677549521062,0.9981571435928345
20,3,11,0.5177962183952332,0.1972564309835434,0.5034154372464374,0.18561589412545573,0.9996709227561951
20,3,12,0.5513066649436951,0.1998048722743988,0.5151633766219256,0.19020204947217625,0.998950183391571
20,3,13,0.5230422616004944,0.3601985275745392,0.5353168764867768,0.35240348539662725,0.9494125247001648
20,3,14,0.6023179292678833,0.368635892868042,0.587888316592186,0.35738349073253345,0.2136407345533371
20,3,15,0.36690834164619446,0.4551953971385956,0.3713178437346794,0.4634940714198312,0.8432796001434326
20,3,16,0.5582988858222961,0.4656646251678467,0.5101279948395586,0.46668086488425703,0.24948197603225708
20,3,17,0.3250066339969635,0.47581747174263,0.33124020066700927,0.49695998099278577,0.7946552038192749
20,3,18,0.5596595406532288,0.4905407130718231,0.49625083360464306,0.4934462973864581,0.2411736100912094
20,3,19,0.3173687160015106,0.4618079662322998,0.31917978889024406,0.4868843920810411,0.7828030586242676
20,3,20,0.5459816455841064,0.4844910502433777,0.4784825858471739,0.4911750832262552,0.24755661189556122
20,3,21,0.3362501859664917,0.45531803369522095,0.3331069635403139,0.4767434335504549,0.7476822733879089
20,3,22,0.5447466969490051,0.4749844968318939,0.4833117031414414,0.48098380059970525,0.2537388503551483
20,3,23,0.5382146239280701,0.4891315996646881,0.500998555977977,0.49446306834809556,0.9953998327255249
20,3,24,0.6023319363594055,0.4976034462451935,0.558778458793348,0.49436049296910134,0.9948678016662598
20,3,25,0.41854846477508545,0.7225279211997986,0.39993931496350493,0.723065109183224,0.8130360841751099
20,3,26,0.7005544900894165,0.7167651057243347,0.5887179737972709,0.7135679450235557,0.4513269364833832
20,3,27,0.23120874166488647,0.9215853810310364,0.38210805292827527,0.9146723315593185,0.7706910967826843
20,3,28,0.8740203976631165,0.9213531017303467,0.6852887899307856,0.9276098884198387,0.5523253083229065
20,3,29,0.2260790467262268,0.9542297720909119,0.4095936587368431,0.9433104597391259,0.7850903868675232
20,3,30,0.915509045124054,0.9506942629814148,0.7110677444984858,0.9528459308128147,0.604608952999115
20,3,31,0.11214999854564667,0.9608832001686096,0.2924774613752963,0.9657235655882033,0.7072810530662537
20,3,32,0.8453410267829895,0.9539211988449097,0.6029371252181731,0.9700765630725763,0.5178616046905518
21,3,0,0.3110426366329193,0.10457873344421387,0.3221826538078098,0.09952339784334258,0.9991047382354736
21,3,1,0.3279989957809448,0.08401619642972946,0.342979336617721,0.07748323024060384,0.9989214539527893
21,3,2,0.33449265360832214,0.08302146941423416,0.35001973726436836,0.07655902457376348,0.9988674521446228
21,3,3,0.34159448742866516,0.08313621580600739,0.357534598700485,0.0759296959820396,0.9990285038948059
21,3,4,0.3252050578594208,0.08502102643251419,0.3381057665116307,0.07814989162391128,0.9988569021224976
21,3,5,0.3289298117160797,0.08462592959403992,0.34148806377657265,0.07763495831674512,0.9987097978591919
21,3,6,0.3329499661922455,0.08417539298534393,0.3454165771741339,0.07690180036749122,0.9989572167396545
21,3,7,0.389830082654953,0.09042801707983017,0.4114223731954119,0.08220874471945232,0.998988926410675
21,3,8,0.37913432717323303,0.08985265344381332,0.39723205205553413,0.08243152666732888,0.998484194278717
21,3,9,0.334602415561676,0.12260998785495758,0.34712400668011506,0.11855084519708453,0.9989402890205383
21,3,10,0.33164718747138977,0.12237854301929474,0.34258121946894776,0.1185159024706177,0.9983144998550415
21,3,11,0.4759014844894409,0.19957119226455688,0.49864689659001377,0.18803355728404098,0.9996889233589172
21,3,12,0.5087878108024597,0.2035503089427948,0.5140591096966062,0.19251450482765475,0.9990001320838928
21,3,13,0.4788694679737091,0.3693292438983917,0.525525275971423,0.3553360229251541,0.9518682360649109
21,3,14,0.5363664031028748,0.3731663227081299,0.5789524778214497,0.3601179119815036,0.1943436712026596
21,3,15,0.29631033539772034,0.4637848436832428,0.3582994655182772,0.4635444250938356,0.8482307195663452
21,3,16,0.48992836475372314,0.47446298599243164,0.5066279023945885,0.4680288154068873,0.22655951976776123
21,3,17,0.2434663027524948,0.4987439811229706,0.31600023348109435,0.49726893405633543,0.7993865609169006
21,3,18,0.48530542850494385,0.5004329681396484,0.49435479509950203,0.4946564379125681,0.2200009971857071
21,3,19,0.2251097410917282,0.48611903190612793,0.3028435647166365,0.48675185100581614,0.7874305248260498
21,3,20,0.48204562067985535,0.4963136315345764,0.47909966777260127,0.49206506644311676,0.22581538558006287
21,3,21,0.24817080795764923,0.4773590862751007,0.31836096690541316,0.47685004851586726,0.7505567073822021
21,3,22,0.48111069202423096,0.4867985248565674,0.48293052870183223,0.4819909162685867,0.23168766498565674
21,3,23,0.47954240441322327,0.5067550539970398,0.4972805961241053,0.49659246689996234,0.9952077865600586
21,3,24,0.5577421188354492,0.5201445817947388,0.558598991382672,0.49882900289153664,0.9947788119316101
21,3,25,0.26713722944259644,0.7396772503852844,0.37685025034960606,0.725943281059543,0.8133130669593811
21,3,26,0.7251164317131042,0.7355222105979919,0.6124355495171421,0.7173722896995285,0.4605599343776703
21,3,27,0.11349543929100037,0.9471697211265564,0.33521598776030803,0.9203054257234202,0.7762776017189026
21,3,28,0.9673668146133423,0.9228589534759521,0.7345518206500644,0.9267870479580798,0.5563190579414368
21,3,29,0.17453522980213165,0.9632493853569031,0.3685997947355131,0.9467653684193916,0.7906412482261658
21,3,30,1.016543984413147,0.9476438760757446,0.7644539377711749,0.9519449462266477,0.6131600737571716
21,3,31,0.01935514062643051,0.9729694724082947,0.24479112606459597,0.9669786162486885,0.7073482871055603
21,3,32,0.9473866820335388,0.9728499054908752,0.6632046990710833,0.9705568644522793,0.5156460404396057
22,3,0,0.30060991644859314,0.10290132462978363,0.3184444750418217,0.10010841526818665,0.9991817474365234
22,3,1,0.3188651502132416,0.08264696598052979,0.33880044996866926,0.0783775769173992,0.9990171194076538
22,3,2,0.32479724287986755,0.08235879987478256,0.34564863945182644,0.07756355098814618,0.9989673495292664
22,3,3,0.33116415143013,0.08261407911777496,0.35296440059690354,0.07708746808014334,0.9991170167922974
22,3,4,0.31533053517341614,0.08195356279611588,0.33415907415778556,0.0788086514364282,0.9989567399024963
22,3,5,0.3184017837047577,0.08123966306447983,0.33748743261985475,0.0782592552952617,0.998820424079895
22,3,6,0.3216841220855713,0.08058258891105652,0.34130389001090805,0.07753927571871837,0.9990489482879639
22,3,7,0.372384637594223,0.09039297699928284,0.404654263434427,0.08362636292433695,0.9990776181221008
22,3,8,0.36070623993873596,0.08865205198526382,0.39089992236744514,0.0835089410124525,0.9986189603805542
22,3,9,0.31646373867988586,0.12238292396068573,0.34180966516646516,0.11921452549261534,0.9990330338478088
22,3,10,0.3129962384700775,0.12160826474428177,0.3374534237393462,0.11905145885920915,0.9984604716300964
22,3,11,0.431648313999176,0.19989004731178284,0.4870213622502276,0.19008748629641473,0.9997115135192871
22,3,12,0.4710339605808258,0.20260891318321228,0.5065988109770874,0.19426309136303146,0.9990564584732056
22,3,13,0.44811269640922546,0.36965733766555786,0.512088514608284,0.3578171234147685,0.9546172618865967
22,3,14,0.4195484220981598,0.36458727717399597,0.5512163443874497,0.360891979197369,0.17822852730751038
22,3,15,0.24512958526611328,0.43141970038414,0.33863510739525554,0.4579759901584068,0.858843982219696
22,3,16,0.2682706415653229,0.40827447175979614,0.4650561746419607,0.4576625259492041,0.21092672646045685
22,3,17,0.17378532886505127,0.45301151275634766,0.2912675234895116,0.4895946465047099,0.8122759461402893
22,3,18,0.22851000726222992,0.413214772939682,0.4479510612213081,0.4805186033928021,0.20808501541614532
22,3,19,0.15610595047473907,0.4292479455471039,0.27732086377774057,0.4767766434239794,0.8008790016174316
22,3,20,0.21190081536769867,0.40381741523742676,0.43245767847955197,0.47674262450054045,0.21362237632274628
22,3,21,0.1831456571817398,0.4236343502998352,0.29485049223305626,0.46761990467463116,0.7644214630126953
22,3,22,0.22567234933376312,0.4029138386249542,0.43803703734129945,0.4682645339922377,0.2195374071598053
22,3,23,0.42518770694732666,0.505178689956665,0.4847692067026467,0.49807973314305076,0.9951696991920471
22,3,24,0.5042482614517212,0.5087704062461853,0.5491717433754332,0.5005510774894498,0.9946776032447815
22,3,25,0.22821371257305145,0.7362253665924072,0.3509958686552027,0.7277243870475258,0.8256454467773438
22,3,26,0.6898206472396851,0.7278798222541809,0.6258678542360743,0.7191924614079727,0.46970632672309875
22,3,27,0.13849693536758423,0.9595879912376404,0.3009476666095937,0.9271160499452706,0.7930893301963806
22,3,28,0.9547228813171387,0.9199298024177551,0.7729327007459448,0.9255993288431235,0.5632878541946411
22,3,29,0.16032931208610535,0.980304479598999,0.33230657616434445,0.9525792177803466,0.8063663840293884
22,3,30,1.0062960386276245,0.944464385509491,0.806639709029691,0.9506492406334675,0.6194828748703003
22,3,31,-0.0159909687936306,0.9911510944366455,0.19927582698577112,0.9711676193010472,0.723137617111206
22,3,32,0.9018009305000305,0.9596036076545715,0.7048207878391058,0.9686594552275348,0.5158854126930237
23,3,0,0.30630889534950256,0.10389257222414017,0.3163421859641679,0.10076379501381563,0.9992042183876038
23,3,1,0.3270440399646759,0.0837000161409378,0.3367638689113585,0.07929941505819361,0.999052882194519
23,3,2,0.3336799442768097,0.08331415057182312,0.3435752704412775,0.07855955865420096,0.9989967346191406
23,3,3,0.340640664100647,0.08329922705888748,0.35082950376789385,0.0781633637815064,0.9991599917411804
23,3,4,0.3219039738178253,0.0830330103635788,0.3320360725395684,0.07954027963604571,0.9989906549453735
23,3,5,0.3246960937976837,0.08230862766504288,0.33527150040625275,0.07896057340816086,0.9988425374031067
23,3,6,0.32774126529693604,0.08160946518182755,0.3389542880168211,0.07824419962350466,0.9990819692611694
23,3,7,0.3810725212097168,0.09086567908525467,0.40056770811878567,0.08488027344174638,0.9991092085838318
23,3,8,0.3673952519893646,0.08950534462928772,0.38682673344632756,0.08454752978634134,0.9986547231674194
23,3,9,0.32360774278640747,0.12358138710260391,0.33865590618279706,0.1199708373501723,0.9990659952163696
23,3,10,0.3176880478858948,0.12270350009202957,0.3340286123493534,0.1196839549109736,0.9985124468803406
23,3,11,0.45129746198654175,0.20014020800590515,0.4808283903150755,0.19182884968182934,0.9997199177742004
23,3,12,0.46720781922340393,0.20272204279899597,0.4997693907083658,0.19572830667687952,0.9990529417991638
23,3,13,0.4841838777065277,0.36826562881469727,0.5072521960065398,0.35962706724086774,0.9564379453659058
23,3,14,0.43560725450515747,0.3685114085674286,0.5311267065269039,0.3622117435786312,0.162934347987175
23,3,15,0.25393006205558777,0.416517972946167,0.32392929951478355,0.4507877263049104,0.867071807384491
23,3,16,0.2906353175640106,0.4084962010383606,0.4346931808412813,0.4491357690136705,0.1948823183774948
23,3,17,0.18798604607582092,0.4142187535762787,0.27332661088923377,0.4765121727441766,0.8214284777641296
23,3,18,0.2539462447166443,0.41313138604164124,0.41415910533897204,0.4688254606245461,0.1944492906332016
23,3,19,0.17865058779716492,0.4032726585865021,0.260183324161026,0.4640197761025198,0.8102152943611145
23,3,20,0.2343294769525528,0.40273815393447876,0.3979432457393588,0.4638986943730399,0.1996375322341919
23,3,21,0.20672652125358582,0.40058156847953796,0.2795495305780083,0.4559874292114388,0.7727744579315186
23,3,22,0.2463436871767044,0.4020652770996094,0.4046500005025378,0.45677793791770477,0.20544131100177765
23,3,23,0.43831366300582886,0.5030490159988403,0.4767132467441991,0.49894039599950163,0.994572103023529
23,3,24,0.5060103535652161,0.5030325055122375,0.54168780814909,0.5009808202431586,0.9942100048065186
23,3,25,0.24400486052036285,0.7315549850463867,0.33240855635696237,0.7283878106838229,0.8150524497032166
23,3,26,0.6736777424812317,0.7150619626045227,0.6341591891986796,0.7184770910984636,0.4594670832157135
23,3,27,0.1662479043006897,0.9533517956733704,0.277526457613241,0.9316628980543817,0.7910162806510925
23,3,28,0.9099956154823303,0.9275930523872375,0.7967667447829732,0.9259446040445544,0.5580641031265259
23,3,29,0.19290076196193695,0.9780595898628235,0.30806358060764893,0.9569950538893911,0.8082578778266907
23,3,30,0.9588515758514404,0.9535701274871826,0.8331200078089218,0.9511550970815998,0.6194037795066833
23,3,31,0.069117970764637,0.9693956971168518,0.17664711348678536,0.9708607576747622,0.7148937582969666
23,3,32,0.8811867237091064,0.9566379189491272,0.7355256234591848,0.9665769235659688,0.5051640868186951
24,3,0,0.2871400713920593,0.08536042273044586,0.3112808046604543,0.09809514666030056,0.9992300868034363
24,3,1,0.31488215923309326,0.06701768934726715,0.3329721116088651,0.07717179444919303,0.9991000294685364
24,3,2,0.3225933909416199,0.06744789332151413,0.33993953753878714,0.07663470075137731,0.9990400075912476
24,3,3,0.3303489089012146,0.06799206137657166,0.3472806863446834,0.07640145341206434,0.9992078542709351
24,3,4,0.30771327018737793,0.06629809737205505,0.3278210033143036,0.07724620843958932,0.9990401268005371
24,3,5,0.3102514147758484,0.06622617691755295,0.3309355031143242,0.07675450451195705,0.9988939762115479
24,3,6,0.31297147274017334,0.06601051986217499,0.3344513186253527,0.07612490529388488,0.9991344213485718
24,3,7,0.3689451515674591,0.07901769131422043,0.39508640880023355,0.08386486696664226,0.9991455674171448
24,3,8,0.3500726819038391,0.07537801563739777,0.3804549854691315,0.08295920068948735,0.9987316727638245
24,3,9,0.306882381439209,0.1077180877327919,0.3331484146470883,0.11784823822718392,0.9991129040718079
24,3,10,0.2980622351169586,0.10681130737066269,0.3277935648588417,0.11745392652327426,0.998586118221283
24,3,11,0.43421411514282227,0.1975158154964447,0.4727448558989396,0.1928138341325455,0.9997245669364929
24,3,12,0.4108559191226959,0.19966770708560944,0.48433107982732326,0.19641057631087644,0.9990493059158325
24,3,13,0.45522457361221313,0.3664649426937103,0.49822844604239347,0.3608114306386672,0.9588948488235474
24,3,14,0.40816211700439453,0.3639553487300873,0.5097541383115032,0.3625137007766039,0.1494443416595459
24,3,15,0.2162655144929886,0.4015122950077057,0.30522471170056964,0.44224202125471684,0.8754125833511353
24,3,16,0.27897652983665466,0.44125938415527344,0.40760122755736544,0.4477714854524019,0.1799657940864563
24,3,17,0.1338738054037094,0.4080054461956024,0.24907616959515222,0.4646243714146203,0.8307051062583923
24,3,18,0.2389146089553833,0.45677968859672546,0.38365178250928933,0.4667387264536803,0.181026890873909
24,3,19,0.12289683520793915,0.3866247832775116,0.23631114856328683,0.4505860350220675,0.819624662399292
24,3,20,0.22532522678375244,0.44956254959106445,0.3678954864464467,0.4614150185879995,0.18574827909469604
24,3,21,0.15530245006084442,0.38220322132110596,0.2579531638423039,0.4431818148313977,0.7820109128952026
24,3,22,0.2402610331773758,0.44449055194854736,0.37604173413243797,0.4546493327584072,0.1916758418083191
24,3,23,0.395906001329422,0.5158578753471375,0.46268583003668035,0.5018714981418164,0.9941242933273315
24,3,24,0.4515862762928009,0.5069900751113892,0.5260426971387675,0.5020216352882333,0.9928805232048035
24,3,25,0.2148062288761139,0.7396207451820374,0.3119712450634511,0.7303336825681866,0.8139267563819885
24,3,26,0.5796114802360535,0.7175377011299133,0.6246977933922637,0.7183144116614935,0.4397336542606354
24,3,27,0.17728400230407715,0.9608356356620789,0.26011459321852337,0.9367191946955045,0.7899684309959412
24,3,28,0.8792383670806885,0.8859021067619324,0.8110843650443348,0.9190020686389667,0.5291212797164917
24,3,29,0.1987743079662323,0.9800111055374146,0.2890750954481791,0.9609835196935113,0.8059304356575012
24,3,30,0.9214723110198975,0.9034897089004517,0.8484612661415912,0.9428890202093282,0.6001672148704529
24,3,31,0.08396446704864502,0.9882378578186035,0.16055183248987956,0.9738715328149364,0.7024146914482117
24,3,32,0.8447573781013489,0.9370359182357788,0.7545043814231914,0.9614567408784387,0.4784625172615051
25,3,0,0.2556721866130829,0.08320972323417664,0.30163493780131023,0.09551627346036727,0.9992684125900269
25,3,1,0.28369396924972534,0.06448124349117279,0.32442595213390707,0.07497332406853795,0.9991434812545776
25,3,2,0.2917520999908447,0.06471230834722519,0.3315828085989461,0.07456935138886497,0.9990764856338501
25,3,3,0.30004000663757324,0.06495056301355362,0.3390883774162352,0.07441781178539145,0.9992467761039734
25,3,4,0.2757912576198578,0.06392829865217209,0.3187968968715398,0.07493901291403414,0.9990755319595337
25,3,5,0.2780385911464691,0.06378591060638428,0.3217607552527011,0.07450784808007882,0.9989274740219116
25,3,6,0.280424028635025,0.0634559765458107,0.3250801932125693,0.0739301820982145,0.9991721510887146
25,3,7,0.34369802474975586,0.07520249485969543,0.3861737080020015,0.08236440711266439,0.999170184135437
25,3,8,0.32250943779945374,0.07244493067264557,0.3704030470098931,0.08113786141049281,0.9987328052520752
25,3,9,0.27754294872283936,0.1051148772239685,0.3235030924439818,0.11564234871131805,0.9991495609283447
25,3,10,0.2672547399997711,0.10478799045085907,0.31729094886603076,0.11525972193739906,0.9985880851745605
25,3,11,0.4255821704864502,0.18824492394924164,0.4645660817941396,0.19202252404274714,0.9997425675392151
25,3,12,0.38043519854545593,0.19387347996234894,0.4662832028299243,0.1959711920099022,0.9990904927253723
25,3,13,0.45374831557273865,0.3536032438278198,0.49051548816145724,0.3595629133395656,0.9622597098350525
25,3,14,0.33812806010246277,0.34228286147117615,0.47988021178435614,0.3590081810016314,0.1419021636247635
25,3,15,0.20881785452365875,0.3733869791030884,0.2884814286888415,0.4302936590706099,0.8855308294296265
25,3,16,0.1784873604774475,0.35496628284454346,0.36765201713381607,0.43165550843832967,0.17299729585647583
25,3,17,0.12924762070178986,0.3762642741203308,0.22825051025859092,0.4492823311811727,0.8429908156394958
25,3,18,0.12075561285018921,0.35294172167778015,0.3377659001349694,0.44696500749320617,0.17581868171691895
25,3,19,0.12213950604200363,0.35117101669311523,0.21647199627732103,0.43331879735030776,0.8329188823699951
25,3,20,0.10831718891859055,0.34453079104423523,0.32259315581059766,0.44110297231187734,0.18031679093837738
25,3,21,0.1546006053686142,0.3494356572628021,0.23999983738131317,0.4269019611942727,0.7962983846664429
25,3,22,0.12708210945129395,0.34621602296829224,0.33260637681433,0.4358106512617358,0.18654058873653412
25,3,23,0.4122815728187561,0.4986472725868225,0.4539440629786121,0.5013131025777694,0.9945477247238159
25,3,24,0.404774010181427,0.4978094696998596,0.5049660622987623,0.501292119184812,0.9934238791465759
25,3,25,0.43142077326774597,0.7258678674697876,0.3327305393972672,0.7295602301871598,0.8216565847396851
25,3,26,0.27884677052497864,0.7107076644897461,0.5641858544337408,0.7169968444709132,0.4232776463031769
25,3,27,0.8520934581756592,0.857997715473175,0.36444327291169687,0.9230546941320157,0.8028228282928467
25,3,28,0.2694885730743408,0.9225285053253174,0.7157767735803954,0.9196128087715127,0.5179950594902039
25,3,29,0.9647721648216248,0.8652850389480591,0.4084498592250761,0.944363694334519,0.8128046989440918
25,3,30,0.3412572145462036,0.940367579460144,0.7592960742047221,0.9424523472109717,0.5851557850837708
25,3,31,0.8642500638961792,0.9453262686729431,0.28497455899100466,0.9689240844551235,0.7246692180633545
25,3,32,0.20511558651924133,0.9742776155471802,0.6578041743654921,0.9636777956209471,0.47796887159347534
26,3,0,0.237185537815094,0.08652862906455994,0.29045257685381287,0.09395945593354375,0.999259889125824
26,3,1,0.2549120783805847,0.06697951257228851,0.312363044330124,0.07358869721827775,0.999127984046936
26,3,2,0.26149559020996094,0.06688172370195389,0.3194201973534093,0.07323777162045339,0.9990518093109131
26,3,3,0.2683738172054291,0.06669462472200394,0.3268166686643732,0.0730800713323594,0.9992331862449646
26,3,4,0.25102469325065613,0.0667097344994545,0.3070368390917415,0.07351359018676003,0.9990582466125488
26,3,5,0.2547301948070526,0.06645649671554565,0.3101296480225518,0.0731132521956833,0.9989075064659119
26,3,6,0.2587535083293915,0.06598934531211853,0.3135714643238517,0.07255473331029359,0.9991720914840698
26,3,7,0.313203901052475,0.07498088479042053,0.3735097666562737,0.08108551340696915,0.999151349067688
26,3,8,0.3026503026485443,0.07346267253160477,0.3586463676802642,0.07980843669680573,0.9986898899078369
26,3,9,0.2637060582637787,0.1068376749753952,0.31312938986317546,0.114117233326005,0.9990935325622559
26,3,10,0.25796303153038025,0.1071041077375412,0.30699877382029334,0.11384706197367174,0.9984857439994812
26,3,11,0.3885307013988495,0.18107935786247253,0.4513688874366937,0.1901268647004164,0.9997427463531494
26,3,12,0.4031648635864258,0.18701386451721191,0.4553322085822676,0.1944196274554824,0.9991108775138855
26,3,13,0.398142546415329,0.34852099418640137,0.4744747859063798,0.35765014159254205,0.9630257487297058
26,3,14,0.37872183322906494,0.3393826484680176,0.4623091607405427,0.3556076079958103,0.1301402598619461
26,3,15,0.20112209022045135,0.3950330913066864,0.27331355691576464,0.42418108024767076,0.8741248846054077
26,3,16,0.2607809007167816,0.38607266545295715,0.3490853079447751,0.42375106292109266,0.1575879007577896
26,3,17,0.1483488529920578,0.4084501266479492,0.21438054100851098,0.44220269048447036,0.8283066749572754
26,3,18,0.22104939818382263,0.39800482988357544,0.31748266909984996,0.43847403298986853,0.16108161211013794
26,3,19,0.14212432503700256,0.3893618583679199,0.20356828537534344,0.4256966589598195,0.8191909790039062
26,3,20,0.20681680738925934,0.3884030878543854,0.3024738708157928,0.4319624061857913,0.16520445048809052
26,3,21,0.16965210437774658,0.385032057762146,0.22779183281274104,0.41964217277558924,0.7801780104637146
26,3,22,0.2208511084318161,0.38401949405670166,0.3131882357594612,0.42682795005487795,0.17105770111083984
26,3,23,0.4131118655204773,0.48408931493759155,0.4468644393030321,0.49832890245639266,0.9948911070823669
26,3,24,0.40969541668891907,0.48413369059562683,0.4884207487971369,0.4983192490071613,0.993922233581543
26,3,25,0.40979787707328796,0.7110868096351624,0.34610723076614947,0.7263593974626045,0.8315988183021545
26,3,26,0.29240918159484863,0.6856176853179932,0.5167377936244159,0.711557766703938,0.4143817126750946
26,3,27,0.7514253854751587,0.8386884331703186,0.432237310010078,0.9084078779514622,0.8154725432395935
26,3,28,0.30007484555244446,0.911562979221344,0.6428906072662599,0.9182184762346762,0.5210766792297363
26,3,29,0.8708598613739014,0.8459590077400208,0.48963957713838296,0.9272724752986059,0.8208250999450684
26,3,30,0.344681054353714,0.9401962757110596,0.6866032566165455,0.9420616350457085,0.5847621560096741
26,3,31,0.7523466944694519,0.943331241607666,0.3670476313592638,0.9644887411286512,0.7462559342384338
26,3,32,0.21688425540924072,0.974374532699585,0.5804393844439737,0.965530752257138,0.48999443650245667
27,3,0,0.24803398549556732,0.08601584285497665,0.2830975516192061,0.09258352610471934,0.999252438545227
27,3,1,0.2741914391517639,0.06631273776292801,0.30574525430821453,0.07232843839343996,0.9990872144699097
27,3,2,0.28413572907447815,0.06615235656499863,0.3133034785503871,0.07201052376447857,0.9990070462226868
27,3,3,0.2943601608276367,0.06588355451822281,0.3211906666927742,0.0718335756515093,0.9991964101791382
27,3,4,0.2612152695655823,0.06625185161828995,0.2990909549207128,0.07225579507096766,0.9990342259407043
27,3,5,0.2621653974056244,0.06609483063220978,0.3018116681608911,0.07189761055707526,0.9988680481910706
27,3,6,0.26371607184410095,0.06571105867624283,0.30492503095915,0.07136936534047778,0.999148964881897
27,3,7,0.3419911563396454,0.0743183046579361,0.3680464917229779,0.0799133925599376,0.9991306662559509
27,3,8,0.3122752606868744,0.0735388696193695,0.3506050531638829,0.0787225265713639,0.99864661693573
27,3,9,0.2787379026412964,0.10695674270391464,0.3071676326614539,0.11287697899071882,0.9990646243095398
27,3,10,0.2621186375617981,0.10730157047510147,0.29921636133985025,0.11271335137034275,0.9984431266784668
27,3,11,0.4267166256904602,0.177035853266716,0.44709666868746356,0.18785899264482725,0.999725341796875
27,3,12,0.3602076768875122,0.18970316648483276,0.4388123142208569,0.19360275869846183,0.9991705417633057
27,3,13,0.43143945932388306,0.3515719175338745,0.4670126729213731,0.3565973788427672,0.9600364565849304
27,3,14,0.34754642844200134,0.3363078832626343,0.4423669307099778,0.35226352120984433,0.1224588081240654
27,3,15,0.23668278753757477,0.38837388157844543,0.26696316097331635,0.4179736389045278,0.8549322485923767
27,3,16,0.2686554789543152,0.40732499957084656,0.3351233195546031,0.4209051392702876,0.14906464517116547
27,3,17,0.18387854099273682,0.4008203148841858,0.20909360236214825,0.4350275420903508,0.8084553480148315
27,3,18,0.2407025545835495,0.4220479726791382,0.30415563629598996,0.4356281068133715,0.15445323288440704
27,3,19,0.1710679978132248,0.3821927607059479,0.1979346463159854,0.4181531825352457,0.7994174957275391
27,3,20,0.2335404008626938,0.41429421305656433,0.29051162501577105,0.428901156778025,0.1585143804550171
27,3,21,0.20166032016277313,0.37882769107818604,0.22326303677910508,0.4125656088974379,0.7583667635917664
27,3,22,0.24539460241794586,0.4100015461444855,0.30142421100905586,0.4239126270077287,0.16443441808223724
27,3,23,0.4369373917579651,0.4789496064186096,0.4451448510905265,0.49497102048321656,0.9952201247215271
27,3,24,0.3869260549545288,0.4840286374092102,0.47079121590262846,0.4958434701713449,0.9944239258766174
27,3,25,0.36649829149246216,0.7094728350639343,0.3496405277571332,0.7234336541771045,0.8386390209197998
27,3,26,0.3273797631263733,0.7001946568489075,0.48375946279903803,0.7095893361638755,0.415444552898407
27,3,27,0.6984844207763672,0.8352730870246887,0.47871433155265947,0.8957152158733213,0.8213112354278564
27,3,28,0.4154696762561798,0.9146032929420471,0.6032373859440063,0.9175923641481961,0.5288698077201843
27,3,29,0.7681170701980591,0.8340587019920349,0.538270277456614,0.9110853245458489,0.8141778111457825
27,3,30,0.464675635099411,0.9409990906715393,0.6479143840132817,0.9418776275393878,0.5849000215530396
27,3,31,0.6947029829025269,0.9452090859413147,0.42434997118216267,0.961148132348775,0.760323166847229
27,3,32,0.3373556137084961,0.9771460294723511,0.5380355054276984,0.9675428799661503,0.5054967999458313
28,3,0,0.2722431719303131,0.08762893080711365,0.2812172767763376,0.09172540740138267,0.999247133731842
28,3,1,0.2998929023742676,0.06778311729431152,0.3047316196736027,0.07154121426391889,0.999069333076477
28,3,2,0.31048235297203064,0.06767888367176056,0.3128149006123048,0.07126031281128872,0.9989785552024841
28,3,3,0.32117074728012085,0.06743171066045761,0.3211872172305397,0.071071200612647,0.9991704225540161
28,3,4,0.2853829562664032,0.06744983792304993,0.2967161516641116,0.07142342371253944,0.9990084171295166
28,3,5,0.2860179543495178,0.06716861575841904,0.2990753594935661,0.07107857064792776,0.9988270401954651
28,3,6,0.28711363673210144,0.06665555387735367,0.3018389658003001,0.07055295548950166,0.9991273283958435
28,3,7,0.37078961730003357,0.07557031512260437,0.3685215596562753,0.07916120049939708,0.9990763664245605
28,3,8,0.3374665677547455,0.07475894689559937,0.3483289518781426,0.07803606881362779,0.9985963702201843
28,3,9,0.30273640155792236,0.10858828574419022,0.30640017066319125,0.11213420709141315,0.9990119934082031
28,3,10,0.28430595993995667,0.10891978442668915,0.2966331575451235,0.11205634168956877,0.9983164668083191
28,3,11,0.4600435793399811,0.17854779958724976,0.44933956491593674,0.1862461152393697,0.999699592590332
28,3,12,0.36995986104011536,0.192396879196167,0.42686438106133257,0.19339392810678205,0.9992015361785889
28,3,13,0.4474881887435913,0.35387375950813293,0.4636296131724388,0.35612568911231757,0.9569463729858398
28,3,14,0.3383251428604126,0.34323185682296753,0.4242934581629842,0.35069907646253645,0.11745507270097733
28,3,15,0.25161346793174744,0.3545511066913605,0.26430380449762736,0.4069697627242222,0.8496102690696716
28,3,16,0.2633676528930664,0.4091756343841553,0.3226703585596587,0.4188732127092302,0.1431904286146164
28,3,17,0.19780761003494263,0.35676416754722595,0.20713852266588023,0.4214427076606409,0.8036600947380066
28,3,18,0.24241946637630463,0.42591169476509094,0.2934447027020375,0.4339450128586017,0.1504417061805725
28,3,19,0.19391752779483795,0.33068400621414185,0.19723891057192017,0.40296622365652546,0.7954037189483643
28,3,20,0.23727449774742126,0.41494330763816833,0.2812775907672277,0.4264830447214699,0.1543768346309662
28,3,21,0.22322799265384674,0.3312229812145233,0.2232569681244258,0.39844497759283576,0.7538729906082153
28,3,22,0.2472364902496338,0.40868642926216125,0.29202504046849354,0.42127468186363115,0.16064247488975525
28,3,23,0.45676490664482117,0.4878549575805664,0.44715780634775504,0.49373846299863816,0.9953592419624329
28,3,24,0.40261051058769226,0.4867745637893677,0.45896008912711567,0.49427257282115006,0.9947642683982849
28,3,25,0.39663711190223694,0.7184367179870605,0.35779045306729196,0.7225682009733835,0.8302129507064819
28,3,26,0.344966858625412,0.7061217427253723,0.4596239426882087,0.7089887878032753,0.39851242303848267
28,3,27,0.7339802384376526,0.8409414887428284,0.5232599931597793,0.8862143734261307,0.8161909580230713
28,3,28,0.3995110094547272,0.9176155924797058,0.5677405953961269,0.9175963866171172,0.5118745565414429
28,3,29,0.7942863702774048,0.8592337965965271,0.5829486772105666,0.9020921332975327,0.8056022524833679
28,3,30,0.47793498635292053,0.9361062049865723,0.6183275233321699,0.9408780124670637,0.5672355890274048
28,3,31,0.7168289422988892,0.9514712691307068,0.4754473011328645,0.959471894578824,0.7663557529449463
28,3,32,0.35573917627334595,0.9832801222801208,0.5062929448765386,0.9702693983048662,0.49995335936546326
29,3,0,0.2673434913158417,0.08655866980552673,0.2788137404522534,0.0908305406879708,0.9984099268913269
29,3,1,0.2953326106071472,0.06646469235420227,0.30310352613115144,0.07066197509516284,0.9981799125671387
29,3,2,0.30491846799850464,0.06658989191055298,0.3114471446854819,0.07045141906307544,0.9980260729789734
29,3,3,0.31474652886390686,0.06661353260278702,0.3200716622965814,0.07029915955188676,0.9983640909194946
29,3,4,0.2838299572467804,0.06552016735076904,0.29448377476159376,0.07040097107043351,0.9980822801589966
29,3,5,0.28551191091537476,0.06501522660255432,0.2967256085862815,0.07002838553354118,0.9978740215301514
29,3,6,0.2875927984714508,0.06435851007699966,0.2993708889612485,0.0694800590916277,0.998437762260437
29,3,7,0.36784979701042175,0.07512634247541428,0.3684052276298632,0.07846239646017991,0.998162567615509
29,3,8,0.34000322222709656,0.07246716320514679,0.34688681750935585,0.07707153592720974,0.9978686571121216
29,3,9,0.2927873432636261,0.10911133140325546,0.3040418620161261,0.11161068593209521,0.9982625246047974
29,3,10,0.279451459646225,0.10843123495578766,0.2936562521805786,0.11142851089685357,0.9973536133766174
29,3,11,0.45193997025489807,0.178815558552742,0.44978991381262134,0.18495907289738828,0.9996162056922913
29,3,12,0.4020269513130188,0.18321794271469116,0.42256004150116855,0.1916312062516822,0.9991023540496826
29,3,13,0.44957077503204346,0.34783315658569336,0.4611940012100658,0.3546893072793918,0.9557738900184631
29,3,14,0.3898999094963074,0.34567415714263916,0.4183312921646028,0.34982877598796985,0.10947807133197784
29,3,15,0.26766639947891235,0.4087824821472168,0.26488616410007787,0.4072836892213019,0.8435720205307007
29,3,16,0.27266600728034973,0.4370410442352295,0.3139979411876223,0.4220210631675615,0.13364742696285248
29,3,17,0.20782725512981415,0.44297918677330017,0.20725779276853878,0.42517459918405953,0.7960422039031982
29,3,18,0.27387818694114685,0.4629483222961426,0.2900543076995525,0.43897190529796803,0.14194944500923157
29,3,19,0.20743893086910248,0.4251076579093933,0.19900578785154868,0.40680301049286594,0.7871940732002258
29,3,20,0.2753249406814575,0.45794034004211426,0.2802465653796003,0.43193566567613,0.1455792337656021
29,3,21,0.23408961296081543,0.4189843535423279,0.22513346784889612,0.4020039814399775,0.7451082468032837
29,3,22,0.2833128273487091,0.4487598240375519,0.2905159230810322,0.4260382267030039,0.1516682505607605
29,3,23,0.44958245754241943,0.49133631587028503,0.4475777153618125,0.49332245137783004,0.9950344562530518
29,3,24,0.42795664072036743,0.4899032711982727,0.45358618034497755,0.4935158382695904,0.9942679405212402
29,3,25,0.3819417655467987,0.7205513715744019,0.36197578962224575,0.7222189239415748,0.8045323491096497
29,3,26,0.39096325635910034,0.7095733284950256,0.44770914959693253,0.7090900149002676,0.3650016784667969
29,3,27,0.5547303557395935,0.9065695405006409,0.5287151890631159,0.8897414415698849,0.7820178866386414
29,3,28,0.5231249928474426,0.9061850905418396,0.5600037927229627,0.9156196059628811,0.4701170325279236
29,3,29,0.6105608344078064,0.9299410581588745,0.587734596707026,0.9069187738706979,0.8019381165504456
29,3,30,0.5825216174125671,0.929263174533844,0.612120090673578,0.9388659598209057,0.539015531539917
29,3,31,0.49987655878067017,0.9891102313995361,0.479681169681239,0.9646089575775367,0.7366484999656677
29,3,32,0.4542918801307678,0.9702287316322327,0.4972734449538408,0.9702623560181387,0.46556738018989563
30,3,0,0.28998610377311707,0.08518247306346893,0.28074911598195024,0.0898522946044988,0.99835604429245
30,3,1,0.31858375668525696,0.06565587967634201,0.3057854958512944,0.06979493543216166,0.9981737732887268
30,3,2,0.3286021649837494,0.06584642082452774,0.31441942344688145,0.06965385776581953,0.9980307817459106
30,3,3,0.3390999138355255,0.06586766242980957,0.32336868261756113,0.06953165173512924,0.9983663558959961
30,3,4,0.3068203032016754,0.06475653499364853,0.2966208919827278,0.0694233540885006,0.9980688095092773
30,3,5,0.30872511863708496,0.06436032056808472,0.2988043213198014,0.06904667532980578,0.9978529214859009
30,3,6,0.3110513389110565,0.06363000720739365,0.3013943104099657,0.06846682316887473,0.9984067678451538
30,3,7,0.39461469650268555,0.07438047975301743,0.37294751466663056,0.077755441245054,0.9982097744941711
30,3,8,0.36562663316726685,0.07123357802629471,0.3501338316054886,0.07606039507980641,0.997886598110199
30,3,9,0.31784874200820923,0.10765722393989563,0.30643380120383207,0.11092598066723067,0.9982635378837585
30,3,10,0.30399712920188904,0.10645969957113266,0.29544754528240014,0.11056792968198918,0.997330904006958
30,3,11,0.4788164794445038,0.17600086331367493,0.4548208478778596,0.18340735543755418,0.9996431469917297
30,3,12,0.4419415295124054,0.1810579150915146,0.42591829516519714,0.1897996397192505,0.998965322971344
30,3,13,0.4755783975124359,0.3332909941673279,0.4636860314743009,0.3509813621542799,0.9591895341873169
30,3,14,0.4752723276615143,0.3372832238674164,0.428208615121454,0.3476554340021421,0.10209157317876816
30,3,15,0.3202403485774994,0.4398041069507599,0.2744878062818797,0.41292077099925906,0.8529395461082458
30,3,16,0.37912407517433167,0.4415290355682373,0.3252978310999734,0.425401250317494,0.12400548160076141
30,3,17,0.3032166361808777,0.4862680733203888,0.2239228956038894,0.43577360248891756,0.8059192299842834
30,3,18,0.36470749974250793,0.4702067971229553,0.3030108884097419,0.4443859441101533,0.13292816281318665
30,3,19,0.27669355273246765,0.48070576786994934,0.21249038650668078,0.41962919285869615,0.7972133755683899
30,3,20,0.3534637987613678,0.47097334265708923,0.292953382157964,0.43870376903932945,0.1361687034368515
30,3,21,0.2899373471736908,0.46978363394737244,0.2363774200940789,0.41376531433903574,0.7570990920066833
30,3,22,0.3654612898826599,0.4607958495616913,0.30352334254744495,0.43206350879962313,0.14201867580413818
30,3,23,0.46561166644096375,0.48005300760269165,0.45070235972029377,0.49102365536274983,0.9951973557472229
30,3,24,0.4686671495437622,0.4812781512737274,0.4561989402229996,0.491395849361121,0.9937954545021057
30,3,25,0.4646543562412262,0.7156498432159424,0.37981157239442015,0.7210811266737069,0.7665788531303406
30,3,26,0.4511466324329376,0.6961050629615784,0.44830447227233466,0.7068405232982425,0.3327046036720276
30,3,27,0.5799521803855896,0.9288457036018372,0.537601998845196,0.8965211028446124,0.7280787825584412
30,3,28,0.550809383392334,0.8917179107666016,0.5584110941957314,0.9114775573408633,0.42548197507858276
30,3,29,0.6387593150138855,0.9508934617042542,0.5965846459177073,0.9145439493141505,0.7727683782577515
30,3,30,0.6004012227058411,0.9289764761924744,0.6100899497840012,0.9371528812792186,0.4933299422264099
30,3,31,0.4278140962123871,0.9755585193634033,0.4706858871848688,0.966505724888962,0.6907187104225159
30,3,32,0.4450644254684448,0.9486249685287476,0.4882178782357661,0.9665129561061714,0.42387351393699646
31,3,0,0.300546795129776,0.09369181096553802,0.284179534172888,0.09051726314292434,0.9984298348426819
31,3,1,0.32431575655937195,0.07266806066036224,0.30899618166087384,0.07029251956107092,0.9982553124427795
31,3,2,0.3338678181171417,0.07250700145959854,0.3177892847191934,0.07014798108484634,0.9981220960617065
31,3,3,0.34379059076309204,0.07226108759641647,0.3269073299679931,0.07000434888619633,0.9984331727027893
31,3,4,0.3153366148471832,0.07148490101099014,0.29986373008339934,0.0697803757680318,0.9981404542922974
31,3,5,0.31861528754234314,0.0704842135310173,0.3022370430049851,0.06929562560554631,0.9979276657104492
31,3,6,0.3224056363105774,0.0692620798945427,0.30503515413198967,0.06860454163644189,0.9984418153762817
31,3,7,0.400204598903656,0.07819141447544098,0.37767151035035357,0.07783094003208137,0.9983015656471252
31,3,8,0.3786589205265045,0.07522326707839966,0.35507777603573315,0.07591542536922165,0.9979456067085266
31,3,9,0.33215874433517456,0.11403977125883102,0.31089205247994717,0.11146524849099866,0.9983220100402832
31,3,10,0.31973981857299805,0.11210106313228607,0.29965732652262195,0.11083343573456277,0.9974241852760315
31,3,11,0.466330349445343,0.17647026479244232,0.45681464538001426,0.18220580386123753,0.9996572732925415
31,3,12,0.5001236200332642,0.17661792039871216,0.43879711760042295,0.18751604716108514,0.998859703540802
31,3,13,0.48458996415138245,0.33651599287986755,0.4673082517305337,0.348475294147886,0.9600309133529663
31,3,14,0.5553635954856873,0.3337801694869995,0.45031213083629373,0.34525164181659124,0.09653134644031525
31,3,15,0.3430338501930237,0.4576975405216217,0.28638240284365885,0.42068522537211217,0.8547050952911377
31,3,16,0.4276796877384186,0.43957364559173584,0.3430817640740038,0.4278565378339689,0.11536238342523575
31,3,17,0.3278596103191376,0.494139164686203,0.2419778619033202,0.4458985265289492,0.8060044646263123
31,3,18,0.4021679759025574,0.4660026729106903,0.32023298267690486,0.4481317568678426,0.12452937662601471
31,3,19,0.3028516471385956,0.48862361907958984,0.22818076131290244,0.4316017648705368,0.7968654036521912
31,3,20,0.3819092810153961,0.4653646647930145,0.3083989670513601,0.44332435014355914,0.12744344770908356
31,3,21,0.3167511224746704,0.47727739810943604,0.25032937956441237,0.42478472814218166,0.7572910189628601
31,3,22,0.39298221468925476,0.45608216524124146,0.3190565063357016,0.4362258355510393,0.13310100138187408
31,3,23,0.46740466356277466,0.4734293520450592,0.4535961613712607,0.4879752252819774,0.9954197406768799
31,3,24,0.48679184913635254,0.46721509099006653,0.46150159787351935,0.4872054056702593,0.9938390254974365
31,3,25,0.4592517912387848,0.7006516456604004,0.3936011586828221,0.7175411654311975,0.7626816034317017
31,3,26,0.482901006937027,0.6871281862258911,0.4543017249727531,0.7034249002337387,0.3309819996356964
31,3,27,0.47730523347854614,0.9229728579521179,0.5271418325659918,0.901105409288819,0.7285704016685486
31,3,28,0.5851289629936218,0.8893055319786072,0.5630414287630402,0.9076354515552874,0.42140716314315796
31,3,29,0.5320413708686829,0.945992112159729,0.5853864960221442,0.9199949891988962,0.7824496626853943
31,3,30,0.6358210444450378,0.9238102436065674,0.6145491579302201,0.9348413998164901,0.49415096640586853
31,3,31,0.3709900975227356,0.9558879733085632,0.4533706875820139,0.964666453932972,0.6919249892234802
31,3,32,0.4768846035003662,0.9406933188438416,0.4862545625401501,0.9620382794409783,0.41906437277793884
32,3,0,0.31256622076034546,0.09654004871845245,0.28909947155831694,0.09156042208659845,0.9985582828521729
32,3,1,0.3372592031955719,0.07483834028244019,0.31389466766610646,0.07107983018233625,0.9983980655670166
32,3,2,0.3464290201663971,0.07471198588609695,0.3227531181969088,0.07093844152198539,0.9982771873474121
32,3,3,0.3555201590061188,0.07449246942996979,0.33186649606204127,0.07078166481779102,0.9985575675964355
32,3,4,0.32918599247932434,0.07352765649557114,0.3049459627401978,0.0704293681629626,0.9982911944389343
32,3,5,0.3328033983707428,0.07246854156255722,0.3075351038276018,0.06984513414790595,0.9980968832969666
32,3,6,0.33672118186950684,0.0711633488535881,0.3105274720720949,0.06904768620246239,0.9985625743865967
32,3,7,0.41129395365715027,0.07968167960643768,0.38349981771875863,0.07815145176834855,0.9984450936317444
32,3,8,0.3946426808834076,0.07636290043592453,0.36193740674998764,0.07599291598964412,0.9981095194816589
32,3,9,0.3453291952610016,0.11697355657815933,0.316861730575023,0.11241928412290783,0.9984554648399353
32,3,10,0.33377909660339355,0.11518808454275131,0.30557227801055403,0.11158763211784703,0.9976292848587036
32,3,11,0.4632073640823364,0.17587466537952423,0.4579218894822719,0.18110922731777895,0.9996859431266785
32,3,12,0.536600649356842,0.17680810391902924,0.45578358909182143,0.18566114784143323,0.9989175200462341
32,3,13,0.4507654011249542,0.33827367424964905,0.4644420872687456,0.34670813026919534,0.9628936052322388
32,3,14,0.5954777598381042,0.33617255091667175,0.475560139471374,0.34367897973244405,0.09372077882289886
32,3,15,0.3513387441635132,0.46136000752449036,0.2976528880940303,0.4277375153820096,0.865451455116272
32,3,16,0.45859235525131226,0.45734164118766785,0.36315413225993903,0.4329670168333637,0.11394721269607544
32,3,17,0.33670681715011597,0.5029816031455994,0.2584288360437343,0.4558005989446795,0.8182726502418518
32,3,18,0.42596548795700073,0.4883383810520172,0.3386008035568602,0.45510277577020636,0.12287337332963943
32,3,19,0.3080507218837738,0.49876126646995544,0.24204508698326552,0.4432552937944534,0.8095291256904602
32,3,20,0.40400072932243347,0.4918818771839142,0.32500183929570714,0.4517453574794435,0.1255326122045517
32,3,21,0.3248382806777954,0.4866490960121155,0.26326102135334045,0.43551774038769325,0.7717006206512451
32,3,22,0.41772159934043884,0.48079583048820496,0.33619296169570423,0.44395438779178775,0.13091066479682922
32,3,23,0.46984198689460754,0.47152963280677795,0.45641083630986273,0.4851259217684253,0.9957762360572815
32,3,24,0.4990496039390564,0.47372448444366455,0.4680111424132753,0.48486995829456814,0.9942498803138733
32,3,25,0.5352893471717834,0.7027077078819275,0.41824190173593045,0.7149712989185805,0.7760507464408875
32,3,26,0.4071759879589081,0.690387487411499,0.44612927254676854,0.701166316731312,0.35259464383125305
32,3,27,0.6031423807144165,0.9293988943099976,0.5403333644317864,0.9060091754825776,0.7418462634086609
32,3,28,0.3983536660671234,0.8911829590797424,0.5343805729313178,0.904784951573644,0.4397580027580261
32,3,29,0.6382882595062256,0.9485286474227905,0.5945624586168071,0.9249404153982729,0.7886130213737488
32,3,30,0.4412301778793335,0.9284535050392151,0.5843785280063318,0.9337349908297528,0.5055951476097107
32,3,31,0.5065616369247437,0.9550057649612427,0.46259691839195993,0.9629930192877064,0.706941545009613
32,3,32,0.23696556687355042,0.9327179193496704,0.4427609193680987,0.956956374769156,0.4390636086463928
33,3,0,0.3182861804962158,0.09743998944759369,0.29415818988335496,0.09257877096663662,0.9986481666564941
33,3,1,0.3446311056613922,0.076182059943676,0.31922223731985633,0.07196352251275763,0.9984980821609497
33,3,2,0.3552686870098114,0.07609812915325165,0.3283893671035444,0.07183208694598048,0.998384416103363
33,3,3,0.36542320251464844,0.07591167092323303,0.33768339764913446,0.071670168682482,0.9986398816108704
33,3,4,0.33902043104171753,0.07492081075906754,0.3108527073869257,0.07120725952834306,0.9983966946601868
33,3,5,0.3449118137359619,0.07396472245454788,0.31401492815234244,0.07055861456771649,0.9982157945632935
33,3,6,0.35126838088035583,0.07275000959634781,0.31759124496379554,0.0696888915649051,0.9986461997032166
33,3,7,0.4228782653808594,0.08063752949237823,0.3903270848952975,0.07858199981579117,0.998543381690979
33,3,8,0.4082656502723694,0.07774088531732559,0.369971275310787,0.076295629000292,0.9982224106788635
33,3,9,0.35166066884994507,0.11793000251054764,0.3228941926246401,0.11337373729529446,0.9985343813896179
33,3,10,0.3455195426940918,0.11632519215345383,0.31249828184291545,0.11240815564572991,0.9977612495422363
33,3,11,0.47752612829208374,0.17636768519878387,0.4613187696079584,0.18028801397105837,0.9997023940086365
33,3,12,0.5668103694915771,0.1783628612756729,0.475074333986408,0.1843970208940469,0.9989261031150818
33,3,13,0.4654802680015564,0.34328901767730713,0.464621875258276,0.3461159791601421,0.9635223150253296
33,3,14,0.6232314705848694,0.3374705910682678,0.501245970429963,0.3426036677860788,0.08959244191646576
33,3,15,0.36307603120803833,0.46007564663887024,0.3090045359299122,0.43334297597204813,0.8673037886619568
33,3,16,0.4778768718242645,0.4586694836616516,0.38308918487476484,0.43742136883492744,0.10893771797418594
33,3,17,0.34540727734565735,0.5042250156402588,0.2735303434833036,0.4641984965041073,0.8189083337783813
33,3,18,0.4433852732181549,0.48661041259765625,0.3568034684454421,0.4605641412051992,0.11785619705915451
33,3,19,0.3550739586353302,0.5004283785820007,0.2616848572631732,0.4531730150890496,0.8099285960197449
33,3,20,0.41996678709983826,0.4884684979915619,0.34149384659369836,0.45811174794266346,0.1202380433678627
33,3,21,0.3671092092990875,0.4904131293296814,0.28130060659376094,0.4450397020563959,0.772923469543457
33,3,22,0.4328162372112274,0.478718638420105,0.352973805488037,0.4499808272784517,0.12556302547454834
33,3,23,0.4867299795150757,0.4774157404899597,0.46166600922748563,0.4837904344270157,0.9960222244262695
33,3,24,0.5204683542251587,0.4755230247974396,0.477109509545264,0.48325088797474336,0.9944801330566406
33,3,25,0.528119683265686,0.7062962651252747,0.43733243404588984,0.7134686449909665,0.7710254192352295
33,3,26,0.45754051208496094,0.6934403777122498,0.44810602351528933,0.6998280993076318,0.3453287184238434
33,3,27,0.6157558560371399,0.9252384901046753,0.5534242784083239,0.9093410527432362,0.7411303520202637
33,3,28,0.49872511625289917,0.896087110042572,0.5281993253664676,0.9032783458190993,0.4305213987827301
33,3,29,0.6536483764648438,0.9545593857765198,0.6048129169458197,0.9300741160001907,0.788157045841217
33,3,30,0.5479243397712708,0.9299060702323914,0.5780586753450259,0.933071857461272,0.50174480676651
33,3,31,0.5109732747077942,0.9564366936683655,0.470986765040606,0.961857431689216,0.7090485095977783
33,3,32,0.34963834285736084,0.939466118812561,0.4265892192003493,0.9539259808271275,0.43572404980659485
34,3,0,0.3439304530620575,0.10617252439260483,0.3027901848880274,0.09493377310620608,0.9987495541572571
34,3,1,0.3708716928958893,0.08595239371061325,0.32818029843697727,0.07438700423011163,0.9986108541488647
34,3,2,0.3780645430088043,0.08558950573205948,0.3370044998614713,0.07421545445560264,0.9985087513923645
34,3,3,0.38538581132888794,0.08521212637424469,0.3459559059914195,0.07401619402078446,0.9987422823905945
34,3,4,0.36943158507347107,0.08546742796897888,0.3210147167938244,0.07367776187074895,0.9985153079032898
34,3,5,0.37519755959510803,0.08485300093889236,0.3246294546478605,0.07303504753953198,0.9983516335487366
34,3,6,0.3814500868320465,0.08418683707714081,0.3286709546091938,0.07220060553141891,0.9987449049949646
34,3,7,0.4375167191028595,0.09147360920906067,0.3985105423402549,0.0808153143751828,0.9986530542373657
34,3,8,0.4308892488479614,0.08991146087646484,0.380539804671707,0.07865445761398566,0.9983322024345398
34,3,9,0.37486210465431213,0.12449771910905838,0.3319075736805575,0.11530072949277641,0.9986305236816406
34,3,10,0.3727024793624878,0.123915895819664,0.32294275456761284,0.11440164876370845,0.9978935718536377
34,3,11,0.5355512499809265,0.1840791404247284,0.474202338816501,0.18094460088357395,0.9997217059135437
34,3,12,0.5588899254798889,0.19530817866325378,0.489625338346122,0.1862871336902062,0.9989370107650757
34,3,13,0.4823234975337982,0.3484359085559845,0.4676889075387505,0.34651775099708365,0.9646849036216736
34,3,14,0.5973995923995972,0.3507125973701477,0.517945151762702,0.34400823917862555,0.08407095819711685
34,3,15,0.39506539702415466,0.46540164947509766,0.3239463087084925,0.4388999500663673,0.8661125302314758
34,3,16,0.48569485545158386,0.4618035554885864,0.40091226701376065,0.44164674358633804,0.10233575105667114
34,3,17,0.38066667318344116,0.5001340508460999,0.2921429850309129,0.47042820731722046,0.816056489944458
34,3,18,0.45916271209716797,0.48858022689819336,0.3745835859050723,0.46541979185157206,0.11169274896383286
34,3,19,0.36814364790916443,0.49515900015830994,0.28017941667417656,0.4604529403232761,0.806971549987793
34,3,20,0.4440768361091614,0.4880214035511017,0.35931293704647627,0.4632958810519101,0.11396592855453491
34,3,21,0.3819722533226013,0.4855037331581116,0.2987867573026813,0.452055415277849,0.7694234848022461
34,3,22,0.4551257789134979,0.4784427881240845,0.37071780827625295,0.4549138221942531,0.11895562708377838
34,3,23,0.5448954105377197,0.4945460855960846,0.4761149558460788,0.4856536003763443,0.99630206823349
34,3,24,0.5159153938293457,0.4862162470817566,0.4838373887259067,0.4837644470606576,0.9948060512542725
34,3,25,0.6115826368331909,0.7141132950782776,0.46766557738252507,0.7135802816576932,0.780357837677002
34,3,26,0.4623652994632721,0.7007004022598267,0.4505763510353518,0.699979160577998,0.35107722878456116
34,3,27,0.7066591382026672,0.9291350841522217,0.5800828115009892,0.9127708376545246,0.7569054961204529
34,3,28,0.43109631538391113,0.8999596834182739,0.5113345237975508,0.902703593190594,0.44752997159957886
34,3,29,0.7601696848869324,0.9606955647468567,0.6318424554895086,0.9353817323036845,0.7966524958610535
34,3,30,0.47020816802978516,0.9369075894355774,0.5593212625692472,0.9337361704517796,0.5156535506248474
34,3,31,0.5736655592918396,0.964387059211731,0.4888231130430594,0.9622955223725396,0.727725625038147
34,3,32,0.24659454822540283,0.9378124475479126,0.39525011626541784,0.9511342359106449,0.46043264865875244
35,3,0,0.3419339060783386,0.11268903315067291,0.3095767110435014,0.09801010562148972,0.9988280534744263
35,3,1,0.36692869663238525,0.09069091826677322,0.33489820638355905,0.07721174877596693,0.9987000226974487
35,3,2,0.37483492493629456,0.0897744670510292,0.3435630757049308,0.07691108031666964,0.9985983967781067
35,3,3,0.38238784670829773,0.08897455781698227,0.35227176446670827,0.07660770966523223,0.9988236427307129
35,3,4,0.3630393445491791,0.09111692011356354,0.3283013503293789,0.07669929689620701,0.9985926151275635
35,3,5,0.3678888976573944,0.0905672162771225,0.3321304708579249,0.07607270619285576,0.9984371662139893
35,3,6,0.3733707666397095,0.09005001187324524,0.336422060772554,0.07529325888661495,0.998808741569519
35,3,7,0.4306396245956421,0.09440809488296509,0.40407973609113984,0.0831701479848576,0.9987185597419739
35,3,8,0.41894251108169556,0.09458336234092712,0.3871977123481821,0.08141419858782727,0.9983675479888916
35,3,9,0.37117117643356323,0.12876996397972107,0.33871490979835517,0.11763415111667411,0.9986638426780701
35,3,10,0.3662504255771637,0.1292463093996048,0.33045214431705905,0.11697345667178904,0.9978718161582947
35,3,11,0.5478838682174683,0.18706433475017548,0.48699008679245387,0.18200455457631948,0.9997140169143677
35,3,12,0.5046829581260681,0.19818121194839478,0.4922340662195168,0.18834757628905094,0.9988572001457214
35,3,13,0.575849711894989,0.3324313759803772,0.48648005721880977,0.3440773700488187,0.9642766714096069
35,3,14,0.4785999357700348,0.3315002918243408,0.5111236899033069,0.34184141421727426,0.08624199032783508
35,3,15,0.4234603941440582,0.37933799624443054,0.34123079384745014,0.4285671000940392,0.860746443271637
35,3,16,0.3671649396419525,0.3252924084663391,0.3950622991695452,0.42142713539995946,0.10416940599679947
35,3,17,0.3884241282939911,0.3867553472518921,0.30886435915025895,0.4559020900988389,0.8049386143684387
35,3,18,0.3537495732307434,0.3271591365337372,0.3709734865309834,0.44137764266962515,0.11385462433099747
35,3,19,0.377417653799057,0.3695225715637207,0.2970674957965721,0.44466344885138587,0.7961238026618958
35,3,20,0.3382028639316559,0.3162064850330353,0.3556549698555697,0.43771175552789515,0.11633294075727463
35,3,21,0.3952610194683075,0.3681126832962036,0.31554175915762706,0.4374823325230725,0.759527862071991
35,3,22,0.3465160131454468,0.31850799918174744,0.36652371800218286,0.43119552778011494,0.12138175219297409
35,3,23,0.5683470368385315,0.48230892419815063,0.4921311384161911,0.4850743421005369,0.9963430762290955
35,3,24,0.5043991208076477,0.4749239385128021,0.4874002793502538,0.48223312273845276,0.9948404431343079
35,3,25,0.678205132484436,0.7029125690460205,0.5043557230301934,0.7117323534490945,0.776146411895752
35,3,26,0.4185636043548584,0.6799176335334778,0.4450273082895738,0.6965029957423189,0.3638249337673187
35,3,27,0.7765471339225769,0.897577166557312,0.6143061671597163,0.9101385359437804,0.7580596804618835
35,3,28,0.23461779952049255,0.8573198914527893,0.4630164117967644,0.8948337418526785,0.4633205235004425
35,3,29,0.8077989220619202,0.9241940975189209,0.6624748082844552,0.9334437090932612,0.7918389439582825
35,3,30,0.32946711778640747,0.8981086611747742,0.5192418864150543,0.9275599206031387,0.5234690308570862
35,3,31,0.7425726652145386,0.9541406631469727,0.5331009866922953,0.9608829931366859,0.7322758436203003
35,3,32,0.15849502384662628,0.914746105670929,0.3539585669883399,0.9448259822784999,0.48053812980651855
36,3,0,0.324579119682312,0.11419440805912018,0.31217586250483315,0.10081411682517936,0.9988554120063782
36,3,1,0.3516154885292053,0.09214288741350174,0.3377946072671427,0.07979854567610097,0.9987203478813171
36,3,2,0.3578496277332306,0.0914030522108078,0.34603815261310267,0.07942175911176233,0.9986125826835632
36,3,3,0.36388590931892395,0.09066919982433319,0.35428369794789244,0.07904377762448626,0.9988442063331604
36,3,4,0.3516504764556885,0.09208503365516663,0.33234757708038803,0.0793648886455487,0.9986139535903931
36,3,5,0.3578445315361023,0.0914035513997078,0.3365868397528187,0.07872878355485137,0.9984791874885559
36,3,6,0.36454710364341736,0.09065183252096176,0.34129661770746444,0.07795414243681074,0.9988425970077515
36,3,7,0.410347044467926,0.09712011367082596,0.4051652556522612,0.08558688688918709,0.9987409710884094
36,3,8,0.4091432988643646,0.09641064703464508,0.391000556523294,0.08401231539966081,0.9983229637145996
36,3,9,0.3474390208721161,0.1317218840122223,0.340226067872902,0.12007476735599762,0.9986273050308228
36,3,10,0.3463853895664215,0.13213419914245605,0.33321264022507596,0.1196000501618217,0.9977482557296753
36,3,11,0.5105458498001099,0.19481930136680603,0.4910721499023229,0.1842245484772145,0.999701738357544
36,3,12,0.5213580131530762,0.20614109933376312,0.4972819106711349,0.19143054185950492,0.9987303614616394
36,3,13,0.6069009900093079,0.3370090126991272,0.5074089173551128,0.34285307728484216,0.9628403186798096
36,3,14,0.5640369057655334,0.3432594835758209,0.5203013211426241,0.34208699275812937,0.07973655313253403
36,3,15,0.4067426919937134,0.4041752815246582,0.3525979066471499,0.4243400521413771,0.8517537713050842
36,3,16,0.4226827919483185,0.3800967037677765,0.39984933732903044,0.4142610067383888,0.0953194797039032
36,3,17,0.38391587138175964,0.424159437417984,0.3218904564051483,0.45039994301411607,0.7897171378135681
36,3,18,0.3970217704772949,0.3966171443462372,0.37548782016293997,0.43361598195938517,0.1045258566737175
36,3,19,0.3682394325733185,0.4099818170070648,0.30941880993278176,0.4386513407627279,0.7808857560157776
36,3,20,0.36686471104621887,0.3909989893436432,0.35759682268019233,0.4296110863800433,0.10677766799926758
36,3,21,0.3825703263282776,0.4052313268184662,0.32717257482513057,0.43189198532111805,0.7412447333335876
36,3,22,0.37008586525917053,0.38667353987693787,0.36714064378797395,0.4234752824205734,0.11147580295801163
36,3,23,0.5692422389984131,0.4863257110118866,0.505515499665499,0.4852910506940246,0.9964314103126526
36,3,24,0.5052914023399353,0.47868937253952026,0.4905001643900976,0.48161938351410327,0.9949963092803955
36,3,25,0.7037187218666077,0.7037580013275146,0.5390867695341516,0.7103510978938726,0.7950462698936462
36,3,26,0.3437897861003876,0.6901777982711792,0.42744250123267713,0.6954074482569176,0.4057250916957855
36,3,27,0.9541527032852173,0.8887713551521301,0.6737591682882043,0.9064359877929338,0.7788586020469666
36,3,28,0.1518326997756958,0.8810203671455383,0.40862382706936046,0.8924406752300288,0.5049988627433777
36,3,29,1.0171293020248413,0.9105585813522339,0.7245457011797927,0.9294779470311518,0.795342743396759
36,3,30,0.17454932630062103,0.9167171120643616,0.458932595364205,0.9256816509951307,0.5415767431259155
36,3,31,0.8594498634338379,0.9489961862564087,0.59017026483745,0.9588238103753156,0.7539368271827698
36,3,32,0.01814359612762928,0.9340820908546448,0.29521752758960756,0.9429648529903557,0.5162639617919922
37,3,0,0.27457374334335327,0.10937979072332382,0.3056569198139301,0.10229782289377998,0.998831570148468
37,3,1,0.29566827416419983,0.0881558358669281,0.33049032654777205,0.08124614741101999,0.9986753463745117
37,3,2,0.30304035544395447,0.08714179694652557,0.3385825736322688,0.08075895403995607,0.9986052513122559
37,3,3,0.3107699155807495,0.08624046295881271,0.34673853288610385,0.08029030256516896,0.9988366961479187
37,3,4,0.2903118133544922,0.08886183798313141,0.32505902110932,0.08100995194049561,0.9985163807868958
37,3,5,0.293401300907135,0.0883360430598259,0.32909866717080166,0.08039296031468442,0.9984170198440552
37,3,6,0.2970696985721588,0.08778717368841171,0.33362763560815994,0.0796574391108574,0.9987442493438721
37,3,7,0.3653414249420166,0.09447577595710754,0.39826068233845735,0.0871265937039114,0.9987801909446716
37,3,8,0.34818509221076965,0.09480957686901093,0.38357663580895845,0.08588269207899286,0.9980790019035339
37,3,9,0.3012678027153015,0.12743408977985382,0.33347174067720875,0.121349468589484,0.9986628293991089
37,3,10,0.29316362738609314,0.12989261746406555,0.32626898010657424,0.12138297314817571,0.9976305961608887
37,3,11,0.49375319480895996,0.19710473716259003,0.4915364664010495,0.18645588381467995,0.9997223615646362
37,3,12,0.40121421217918396,0.21011638641357422,0.4805978121822859,0.19466820101310078,0.9986151456832886
37,3,13,0.6234493851661682,0.3367612659931183,0.5275738611294458,0.34179796063768586,0.9649013876914978
37,3,14,0.460077702999115,0.3577907681465149,0.509853516266515,0.34480771060360743,0.07403142750263214
37,3,15,0.40442875027656555,0.4240557849407196,0.36158750183533495,0.4242908249437685,0.8567831516265869
37,3,16,0.3685932457447052,0.4245564937591553,0.3944316177221445,0.4160444317787018,0.0890360176563263
37,3,17,0.36866146326065063,0.4564354419708252,0.3300012490334654,0.4514453036452654,0.7921676635742188
37,3,18,0.3480536639690399,0.451702356338501,0.3707331108481268,0.4367497065776443,0.09849853813648224
37,3,19,0.34102538228034973,0.4422288239002228,0.3148973679083227,0.4392709223323298,0.7831759452819824
37,3,20,0.32952165603637695,0.445758193731308,0.3527309217142958,0.4324086413275661,0.1007477194070816
37,3,21,0.35906198620796204,0.4313804805278778,0.3327002033464688,0.4318034062579634,0.7412374019622803
37,3,22,0.3348955512046814,0.4359314739704132,0.36155132594629563,0.4256331320736523,0.10511981695890427
37,3,23,0.5163459777832031,0.501343309879303,0.507391637352934,0.4880721733770706,0.9965657591819763
37,3,24,0.424741268157959,0.5078665614128113,0.4790901424393921,0.4861682123506382,0.9949644207954407
37,3,25,0.706152081489563,0.7180594801902771,0.5681633067099717,0.7116862732355268,0.8133273124694824
37,3,26,0.229913592338562,0.706488847732544,0.3930331507236124,0.6973270612675189,0.44912436604499817
37,3,27,0.9835637211799622,0.9121257662773132,0.727909079112412,0.9074214590700684,0.7985514998435974
37,3,28,0.09659566730260849,0.9019850492477417,0.3540817069749692,0.8940939549478498,0.5419175624847412
37,3,29,1.0405125617980957,0.9375630617141724,0.7797830027459672,0.9308783919965659,0.7881067395210266
37,3,30,0.11352916061878204,0.9388510584831238,0.39849677383758497,0.9279631091771819,0.5533527135848999
37,3,31,0.8954683542251587,0.9721407890319824,0.6435256089223943,0.9611308442565758,0.7723662853240967
37,3,32,-0.011003811843693256,0.962786853313446,0.24169937167202485,0.946399487272137,0.5466638207435608
38,3,0,0.27677014470100403,0.1087549477815628,0.3006502333667473,0.10341622504836954,0.99876868724823
38,3,1,0.2986127734184265,0.08721942454576492,0.32496477898172,0.08228072997134461,0.9985830783843994
38,3,2,0.306194007396698,0.08601508289575577,0.33296836245004136,0.08166930557203281,0.9985532164573669
38,3,3,0.3140511214733124,0.08482452481985092,0.34107246904103017,0.08107560419913526,0.9987928867340088
38,3,4,0.2928917109966278,0.08793909847736359,0.3194832002473549,0.0822101273286284,0.9983517527580261
38,3,5,0.296060174703598,0.0871867686510086,0.3233716876970464,0.08156968941765132,0.9982853531837463
38,3,6,0.2997206449508667,0.08629125356674194,0.32774995544992785,0.08080645077302959,0.9985900521278381
38,3,7,0.36695826053619385,0.09215109795331955,0.3928349196624056,0.08799682223019435,0.9987799525260925
38,3,8,0.34893012046813965,0.09329536557197571,0.37757062759995413,0.08716663628796739,0.9976714253425598
38,3,9,0.3035796582698822,0.12640498578548431,0.3282906571637846,0.12222506926946262,0.9986680746078491
38,3,10,0.2951325476169586,0.12879420816898346,0.3208720169670961,0.12266666813261023,0.9974229335784912
38,3,11,0.4964723289012909,0.19000683724880219,0.49239134102197946,0.18707087065425676,0.9997444152832031
38,3,12,0.41607263684272766,0.21007907390594482,0.4694022768754672,0.19733814971899633,0.9985566139221191
38,3,13,0.6467345356941223,0.3268488645553589,0.5482829832633583,0.3392080512198278,0.967146098613739
38,3,14,0.46029236912727356,0.3580198884010315,0.501258213413817,0.3470965817541208,0.06993880122900009
38,3,15,0.4397294223308563,0.4323660731315613,0.3751512127850665,0.42568956051246176,0.8641592860221863
38,3,16,0.3620326817035675,0.4382477402687073,0.38881561050360336,0.41989195468203755,0.08482006192207336
38,3,17,0.4078110158443451,0.4743856191635132,0.3435071867965149,0.45542063211452466,0.7999114394187927
38,3,18,0.33845284581184387,0.46699121594429016,0.3651376903019818,0.4419913995386159,0.09462259709835052
38,3,19,0.3657875955104828,0.4622900187969208,0.3237235799870631,0.4432599123747658,0.7912092208862305
38,3,20,0.3147796392440796,0.4694046378135681,0.34615137146186564,0.43882237352999137,0.09694968909025192
38,3,21,0.3844637870788574,0.4471089243888855,0.34167811885251786,0.4344550923236584,0.7479953765869141
38,3,22,0.3340305685997009,0.4600986838340759,0.3567815933985395,0.431607727146987,0.10109423100948334
38,3,23,0.5251200795173645,0.4935969412326813,0.5104633279773158,0.4890290603223883,0.9967535734176636
38,3,24,0.4325694143772125,0.5014277100563049,0.4710228436726325,0.4888119229756139,0.995088517665863
38,3,25,0.7280900478363037,0.7111008167266846,0.5959915255332789,0.7115848875177222,0.8302205204963684
38,3,26,0.28361210227012634,0.6929209232330322,0.37402211449168227,0.6965639460153278,0.4865231513977051
38,3,27,0.9914334416389465,0.9066962003707886,0.77390690782326,0.9072958627274293,0.8168851733207703
38,3,28,0.15011858940124512,0.8965973854064941,0.3185433015661639,0.8945275082888021,0.575396716594696
38,3,29,1.0538082122802734,0.9309327602386475,0.8276288441270795,0.9308878069967715,0.7884722352027893
38,3,30,0.17158983647823334,0.929481565952301,0.3589334997504186,0.9282260733875968,0.5668068528175354
38,3,31,0.8882046937942505,0.9687974452972412,0.6862102294496493,0.9624587810363191,0.7907257676124573
38,3,32,0.0362541489303112,0.9584061503410339,0.2059010060926327,0.9484794397616043,0.5751992464065552
39,3,0,0.2507455348968506,0.1039351299405098,0.29199523783396675,0.1035060855911222,0.9988003373146057
39,3,1,0.2708565294742584,0.08215782046318054,0.31557957570048717,0.08225944556625352,0.9986294507980347
39,3,2,0.2779337167739868,0.08116772770881653,0.32342220797870347,0.08158244566838865,0.9985836744308472
39,3,3,0.28533169627189636,0.08008997142314911,0.3314036266293435,0.08090491641431137,0.998842179775238
39,3,4,0.26644614338874817,0.0826784297823906,0.310284094424845,0.0822912247499302,0.9984234571456909
39,3,5,0.27015724778175354,0.0819709300994873,0.3141417665610096,0.08163917339909099,0.9983357787132263
39,3,6,0.2743794620037079,0.08100003749132156,0.31849292423050596,0.0808399745222042,0.9986547827720642
39,3,7,0.3367655575275421,0.08798430114984512,0.3831089844770487,0.08799465394501908,0.9988130927085876
39,3,8,0.3238857686519623,0.08903776109218597,0.368258982013178,0.08749067857218107,0.9977815747261047
39,3,9,0.27415022253990173,0.12218763679265976,0.31889986292138794,0.12221858705357429,0.9986897110939026
39,3,10,0.2663576602935791,0.12413440644741058,0.3114162597135393,0.12292084866778132,0.9975093603134155
39,3,11,0.4119506776332855,0.18752653896808624,0.4784277101389639,0.18714978014785938,0.9997224807739258
39,3,12,0.42091068625450134,0.20755118131637573,0.46099271147195514,0.19910729103526845,0.9985213279724121
39,3,13,0.5977979898452759,0.32038894295692444,0.556870349112668,0.33594728853307776,0.9625768065452576
39,3,14,0.5212253928184509,0.3360063135623932,0.5047180261208545,0.3451754316725156,0.06474336981773376
39,3,15,0.4217749834060669,0.43144622445106506,0.3832364273298641,0.42668661841413436,0.8460777997970581
39,3,16,0.38574814796447754,0.4299594759941101,0.3882843670749384,0.42163587996605045,0.07815567404031754
39,3,17,0.3502874970436096,0.4663979113101959,0.34468158245571767,0.45732220210284125,0.7793723344802856
39,3,18,0.3546714186668396,0.4525030553340912,0.36332466808502795,0.4438122826258404,0.08790811151266098
39,3,19,0.3481636345386505,0.4541100859642029,0.32795900676956924,0.4451394570286286,0.7689186334609985
39,3,20,0.33480456471443176,0.44879403710365295,0.3441857655933702,0.4405496881485435,0.09009262174367905
39,3,21,0.3655938506126404,0.44275450706481934,0.3458226147014603,0.43589266610746,0.7253643870353699
39,3,22,0.34837886691093445,0.44077420234680176,0.3553261193689858,0.43319552713084913,0.09417704492807388
39,3,23,0.4483926296234131,0.49098706245422363,0.49969446842233683,0.4893681489222448,0.9955524206161499
39,3,24,0.42665913701057434,0.49403056502342224,0.46333009671120473,0.48971578083582645,0.9938319325447083
39,3,25,0.24791978299617767,0.7082974910736084,0.5350874524459481,0.7110155504017582,0.8258477449417114
39,3,26,0.5998988151550293,0.6935535073280334,0.4134021890909556,0.6960425789504607,0.46948549151420593
39,3,27,0.229066863656044,0.9076261520385742,0.678020807598107,0.9073530597207087,0.8185325264930725
39,3,28,0.9182305335998535,0.8922552466392517,0.42425246079791606,0.8941339921112773,0.5621213316917419
39,3,29,0.2622796297073364,0.9375490546226501,0.72807376919734,0.93204157079347,0.7931110858917236
39,3,30,0.9765583276748657,0.9190182685852051,0.46786140639618057,0.9266311095272287,0.5668185949325562
39,3,31,0.08736466616392136,0.9647332429885864,0.5806526654761418,0.9628526781711818,0.7830823659896851
39,3,32,0.8582137227058411,0.9507824778556824,0.3210636379792039,0.948878286061051,0.5544754862785339
40,3,0,0.21731868386268616,0.10359197109937668,0.2790344177388234,0.10352095848577555,0.9988996982574463
40,3,1,0.23624840378761292,0.08149935305118561,0.30180898054907257,0.08212781679809851,0.998744010925293
40,3,2,0.24273914098739624,0.08043373376131058,0.30941637796455035,0.0813835155411316,0.9987025856971741
40,3,3,0.24951326847076416,0.07923486828804016,0.31718770727054607,0.08061569847102236,0.9989407658576965
40,3,4,0.23263099789619446,0.08198028802871704,0.29680546496618976,0.08223737911433596,0.9985536932945251
40,3,5,0.23650188744068146,0.0812324658036232,0.3006654369984102,0.08156874269551846,0.9984714984893799
40,3,6,0.24028852581977844,0.08018528670072556,0.3049183790938682,0.08072659953695861,0.9987671971321106
40,3,7,0.2990737855434418,0.08594579994678497,0.3685197902085332,0.0876398305846138,0.9989166855812073
40,3,8,0.28687354922294617,0.08667353540658951,0.3541309328572521,0.08734916983475279,0.9979681968688965
40,3,9,0.23949597775936127,0.12155265361070633,0.3051166167339892,0.12210326457614398,0.9988022446632385
40,3,10,0.23317350447177887,0.12341129034757614,0.2978350405486656,0.12300578006383155,0.9977104663848877
40,3,11,0.4033285975456238,0.19033345580101013,0.46539338638525735,0.18770115234263007,0.9997467994689941
40,3,12,0.3751257061958313,0.2074066549539566,0.4460846815601758,0.2005448566508068,0.9986261129379272
40,3,13,0.5137755274772644,0.32315364480018616,0.5493979623350445,0.33373095156073745,0.9649718403816223
40,3,14,0.4111337661743164,0.3486432135105133,0.48846642171863547,0.3457760125575364,0.061322130262851715
40,3,15,0.4017631709575653,0.4687676727771759,0.3864465139176899,0.43398304132358634,0.8524300456047058
40,3,16,0.35239720344543457,0.4537692368030548,0.38206305916014777,0.4272058057666286,0.07364046573638916
40,3,17,0.35889294743537903,0.5096630454063416,0.3471436351075868,0.4664003609194541,0.7872373461723328
40,3,18,0.337862491607666,0.48456236720085144,0.35891198918123124,0.4508776382107709,0.08379386365413666
40,3,19,0.33546748757362366,0.5041365623474121,0.3292595533245673,0.45537414230683027,0.7771974802017212
40,3,20,0.32191038131713867,0.47950229048728943,0.34032573655050885,0.4473030265284586,0.08586269617080688
40,3,21,0.35313311219215393,0.4894052743911743,0.3470888606379418,0.44517438616593313,0.7343859076499939
40,3,22,0.3296583890914917,0.4673362374305725,0.35087778949634707,0.4391137584119378,0.0898963212966919
40,3,23,0.4320612847805023,0.492117702960968,0.48795858573186235,0.489844330537747,0.9959414601325989
40,3,24,0.362513929605484,0.4944688081741333,0.4458187809410486,0.4905389836761858,0.9943620562553406
40,3,25,0.3672334849834442,0.7152680158615112,0.5058734507374075,0.7117520470207062,0.838798999786377
40,3,26,0.24372808635234833,0.696829080581665,0.3838698184038563,0.6961787812153502,0.4782232642173767
40,3,27,0.8567003607749939,0.8729421496391296,0.7091287668156748,0.9013879323131079,0.8327304124832153
40,3,28,0.30939173698425293,0.8962195515632629,0.40429367677749667,0.8944951725071787,0.5640724897384644
40,3,29,0.9570212960243225,0.8824606537818909,0.7679930998123871,0.9234428099423525,0.8041756749153137
40,3,30,0.3634219765663147,0.9247527718544006,0.449719139651766,0.9263058180257003,0.5647187232971191
40,3,31,0.8514875769615173,0.9539352655410767,0.6279339889879219,0.9613080293296312,0.7995163798332214
40,3,32,0.22197549045085907,0.9728882908821106,0.30385383249995385,0.9530391164268828,0.557856559753418
41,3,0,0.1997574120759964,0.10303865373134613,0.26527323746720094,0.10343743621774049,0.9989698529243469
41,3,1,0.21984855830669403,0.08106214553117752,0.28758085663277194,0.08194326783382846,0.9988075494766235
41,3,2,0.22833487391471863,0.07973712682723999,0.2953412017663083,0.08109839512203156,0.9987727999687195
41,3,3,0.23676523566246033,0.07837428152561188,0.3032272092547961,0.0802275245428907,0.9990010857582092
41,3,4,0.21094658970832825,0.08201534301042557,0.2818988402438631,0.0821989287078596,0.9986284375190735
41,3,5,0.21333682537078857,0.08134569972753525,0.28550297269823666,0.08153011792734141,0.9985377788543701
41,3,6,0.2153136283159256,0.08044354617595673,0.2893596586400851,0.08067758256832046,0.9988178610801697
41,3,7,0.2829716205596924,0.08365766704082489,0.35366724352212375,0.08695015391927723,0.9989909529685974
41,3,8,0.25813350081443787,0.08583949506282806,0.337459011482195,0.08708772651526367,0.9980158805847168
41,3,9,0.22881557047367096,0.11848913878202438,0.29187319315062277,0.12147733582365404,0.9988795518875122
41,3,10,0.21825100481510162,0.12069462239742279,0.2840204368831026,0.12260552743502985,0.9978073239326477
41,3,11,0.3944190740585327,0.18485671281814575,0.4530764823762677,0.1872085365878239,0.9997692704200745
41,3,12,0.3115958571434021,0.21011453866958618,0.4227010181528448,0.20220252236087946,0.9986901879310608
41,3,13,0.4906148910522461,0.3153879940509796,0.5392005143258757,0.3305527362338921,0.967058539390564
41,3,14,0.370657742023468,0.3599308133125305,0.46799319278376944,0.34822825273818087,0.0570765882730484
41,3,15,0.39397773146629333,0.4689389765262604,0.3877509990437991,0.44004274737633176,0.8579017519950867
41,3,16,0.3208942413330078,0.48037126660346985,0.371450937373558,0.4364272129102201,0.06870328634977341
41,3,17,0.3554369807243347,0.5073667764663696,0.34858016215800625,0.47350328213030957,0.7935828566551208
41,3,18,0.30694371461868286,0.5214701890945435,0.34989854653276037,0.4631281259843829,0.07913542538881302
41,3,19,0.33144256472587585,0.5025222301483154,0.32963761275622694,0.4635503845203296,0.7835656404495239
41,3,20,0.2973039448261261,0.5187088251113892,0.3328659842485966,0.4596949444606039,0.08109977096319199
41,3,21,0.34100091457366943,0.48775580525398254,0.3460344161199206,0.4525576814520461,0.7418532371520996
41,3,22,0.30547669529914856,0.5023205876350403,0.3430049178450727,0.4500801143926167,0.08539342880249023
41,3,23,0.3773112893104553,0.492390900850296,0.4687340130626216,0.4902853557183699,0.9962848424911499
41,3,24,0.29982301592826843,0.49870941042900085,0.42042564426541745,0.49195421000619166,0.99485182762146
41,3,25,0.41174793243408203,0.7244947552680969,0.48952746378457973,0.7139595562997457,0.8531357049942017
41,3,26,0.15176202356815338,0.7026602029800415,0.34339520899843184,0.6973013923510921,0.5058304071426392
41,3,27,0.866476833820343,0.8467384576797485,0.7365056522779085,0.891908694742102,0.8471750617027283
41,3,28,0.20140476524829865,0.9136912822723389,0.3689456691071008,0.8978212945038087,0.5898480415344238
41,3,29,0.9336915016174316,0.8375399112701416,0.7968301285839969,0.9085285320771079,0.8127217292785645
41,3,30,0.23884239792823792,0.9327449202537537,0.41297073071429896,0.927421097747526,0.5800378322601318
41,3,31,0.8735336661338806,0.9488169550895691,0.6707782607561162,0.9591441285752376,0.816065788269043
41,3,32,0.08145689964294434,0.9978079199790955,0.26508479803370677,0.9608021950528022,0.5801910758018494
42,3,0,0.21083548665046692,0.10460861772298813,0.25583076950616707,0.10364025771302851,0.9990273714065552
42,3,1,0.23162639141082764,0.08307260274887085,0.27787486405569317,0.08213884222250585,0.9988722205162048
42,3,2,0.24036751687526703,0.08171980828046799,0.2858056178618035,0.08120600770049378,0.9988366961479187
42,3,3,0.249373197555542,0.08029253035783768,0.29388615419951114,0.08023878166902389,0.999052882194519
42,3,4,0.2237713485956192,0.08392295986413956,0.2718152522077572,0.08249749591362578,0.9987068772315979
42,3,5,0.2269345074892044,0.08316661417484283,0.27534275276625864,0.08181352511760462,0.9986122846603394
42,3,6,0.23024071753025055,0.08223465085029602,0.27910377451023394,0.08094723383947452,0.9988861083984375
42,3,7,0.29961922764778137,0.08437061309814453,0.3442924821574325,0.08650341834681077,0.999041736125946
42,3,8,0.2808505892753601,0.08674483001232147,0.32763938596885483,0.08702834627154307,0.9981522560119629
42,3,9,0.24244597554206848,0.12003552913665771,0.28330111254247325,0.12122764630515309,0.9989267587661743
42,3,10,0.23213335871696472,0.12206749618053436,0.2750210824320968,0.12251235467194746,0.997920036315918
42,3,11,0.4027252197265625,0.18448445200920105,0.44434390632413967,0.18673676627205463,0.9997860789299011
42,3,12,0.3642447888851166,0.20713748037815094,0.41256028258503064,0.20305723948205848,0.9987877011299133
42,3,13,0.4546568989753723,0.3316096067428589,0.5245228830239108,0.3307357610465481,0.967139482498169
42,3,14,0.40075650811195374,0.36259639263153076,0.4563262120517907,0.35071746877188,0.05707377940416336
42,3,15,0.409941166639328,0.4894169867038727,0.3915962583213689,0.44860561183710584,0.8507092595100403
42,3,16,0.3434653878211975,0.4851227402687073,0.3666005799855239,0.44487219419690316,0.06756240874528885
42,3,17,0.3806057572364807,0.5283730030059814,0.3541314106964714,0.48302078615009864,0.7857825756072998
42,3,18,0.32705116271972656,0.5221803188323975,0.3459393288332012,0.4733723875407703,0.07870004326105118
42,3,19,0.3532150983810425,0.5295001864433289,0.3337234456134994,0.47499360375251226,0.7755676507949829
42,3,20,0.3130612373352051,0.5216336250305176,0.3294343378336883,0.47044087787300215,0.080571748316288
42,3,21,0.35906535387039185,0.5149914026260376,0.3482918814254741,0.4633896675810156,0.7363408803939819
42,3,22,0.32428890466690063,0.5069090127944946,0.3397620270323172,0.45993802417988106,0.08526984602212906
42,3,23,0.3874069154262543,0.49729257822036743,0.45461609407597586,0.49149905713994757,0.9965648055076599
42,3,24,0.3561559319496155,0.5010055899620056,0.4092744531610129,0.49352207063797526,0.995269775390625
42,3,25,0.338317334651947,0.7410956025123596,0.463223188073364,0.7186625584622923,0.8247028589248657
42,3,26,0.23332618176937103,0.7174292206764221,0.32427118788172915,0.7007890519479406,0.4649040400981903
42,3,27,0.7128869295120239,0.8798497319221497,0.7324126950308728,0.8898196767900991,0.8116240501403809
42,3,28,0.3333336114883423,0.9285765290260315,0.36277213107618855,0.9031521242989418,0.5392707586288452
42,3,29,0.8258123993873596,0.8709337711334229,0.8018534188430904,0.9020108522220823,0.7993432879447937
42,3,30,0.395654559135437,0.9529934525489807,0.4099705295502181,0.9318528849597386,0.5398241877555847
42,3,31,0.7178583741188049,0.9848005771636963,0.6789427733945562,0.9635905009403519,0.7927361130714417
42,3,32,0.2176104038953781,1.0082701444625854,0.2568519657190269,0.9690339850949191,0.5360433459281921
43,3,0,0.22997228801250458,0.10827302187681198,0.2513493473412296,0.10444262859795198,0.9990518689155579
43,3,1,0.252486914396286,0.08638032525777817,0.27347504897021097,0.08287343658806365,0.9989052414894104
43,3,2,0.26130178570747375,0.08501753211021423,0.28155913596517446,0.0818661277888165,0.9988621473312378
43,3,3,0.2703609764575958,0.0835346207022667,0.28980939162572783,0.08080958106157668,0.9990731477737427
43,3,4,0.24493984878063202,0.08664138615131378,0.26715744824229626,0.08321518580566756,0.9987518191337585
43,3,5,0.24834878742694855,0.08552837371826172,0.27066438393204234,0.08245690000200531,0.9986469745635986
43,3,6,0.2518443465232849,0.08426997810602188,0.2743793599834868,0.08152269336403252,0.9989179372787476
43,3,7,0.32261398434638977,0.08546768128871918,0.3405359452827114,0.08632405343403425,0.9990642070770264
43,3,8,0.30199548602104187,0.08737470209598541,0.3231951783651685,0.08708832558572917,0.9982452988624573
43,3,9,0.2615745961666107,0.12363924831151962,0.2795362509305962,0.12164529545183243,0.9989340305328369
43,3,10,0.2514936625957489,0.12479571998119354,0.2709439319714732,0.12290779384590113,0.9979555010795593
43,3,11,0.4263976514339447,0.18469864130020142,0.4412344580146587,0.18638380108018696,0.9997937679290771
43,3,12,0.38718652725219727,0.2056121528148651,0.40816292184374975,0.203499709688684,0.9988344311714172
43,3,13,0.47307050228118896,0.33933553099632263,0.515599069756827,0.3322253742612623,0.9673090577125549
43,3,14,0.42350518703460693,0.36265867948532104,0.45063694906704044,0.35278607935209777,0.05668426305055618
43,3,15,0.4170014262199402,0.492251455783844,0.3959990579892738,0.45617371488704755,0.846872866153717
43,3,16,0.3742636740207672,0.48499512672424316,0.36792790856090096,0.45182869317670404,0.0672176331281662
43,3,17,0.3987026810646057,0.5313790440559387,0.3618602080227535,0.491407200108488,0.7807708382606506
43,3,18,0.3593161106109619,0.5203022360801697,0.34825672617496095,0.48151073213541445,0.07926288992166519
43,3,19,0.3696858882904053,0.5315531492233276,0.3399578316953467,0.4848047235747311,0.7703136801719666
43,3,20,0.347184956073761,0.5207735896110535,0.33250986388341885,0.47917022160392864,0.08098110556602478
43,3,21,0.37397530674934387,0.5172640085220337,0.3527429400167978,0.4727342430926059,0.7344146966934204
43,3,22,0.35526520013809204,0.5069885849952698,0.3424479727807231,0.4680973303121331,0.08606307208538055
43,3,23,0.41081756353378296,0.5020501017570496,0.44702146610317156,0.49332676876905635,0.9967986345291138
43,3,24,0.38705629110336304,0.5011518597602844,0.4054243284625969,0.4948436298869308,0.9955894351005554
43,3,25,0.3516687750816345,0.7457879185676575,0.4438403068216795,0.7233637076358426,0.7970443367958069
43,3,26,0.28441065549850464,0.7263727784156799,0.3173601520290408,0.705222811946628,0.42829403281211853
43,3,27,0.617133378982544,0.9106726050376892,0.7123806178519182,0.8934330549978732,0.7656466960906982
43,3,28,0.34862977266311646,0.9358437657356262,0.36032205663022204,0.9088189235037918,0.49275508522987366
43,3,29,0.7020348310470581,0.9231033325195312,0.7845160205520466,0.9056657627820383,0.780213475227356
43,3,30,0.4042952060699463,0.9655761122703552,0.4089875657046107,0.9376986810614616,0.5008665919303894
43,3,31,0.590046226978302,0.9976593852043152,0.663507495383714,0.9694962768464341,0.7548180222511292
43,3,32,0.221372589468956,0.9944583177566528,0.2507014676395688,0.9734401028438823,0.49266964197158813
44,3,0,0.24045750498771667,0.10831565409898758,0.24946257809210923,0.10511340133801325,0.9989452362060547
44,3,1,0.26270967721939087,0.08585348725318909,0.2716101947002758,0.08338954036246217,0.9988257884979248
44,3,2,0.2717280387878418,0.08437349647283554,0.2798561711973945,0.08230036337513309,0.9987567663192749
44,3,3,0.28090596199035645,0.08284684270620346,0.2882671625153637,0.08116239674610473,0.998966634273529
44,3,4,0.2551270127296448,0.08620057255029678,0.26507337130568975,0.0837322138002804,0.9986739158630371
44,3,5,0.25880715250968933,0.08497712761163712,0.2686103224275926,0.08289336271690881,0.9985603094100952
44,3,6,0.2627188563346863,0.08365892618894577,0.2723593900317585,0.08189265011344701,0.9988621473312378
44,3,7,0.33458399772644043,0.08438713103532791,0.3395050556470827,0.08598861566101007,0.9989421367645264
44,3,8,0.3147144019603729,0.08623263239860535,0.3217261784588454,0.08694014077274798,0.9982851147651672
44,3,9,0.27147161960601807,0.1227191686630249,0.2781393518584839,0.12183126485689451,0.9987837076187134
44,3,10,0.261150598526001,0.12374713271856308,0.2692475109647742,0.1230531464347046,0.9977971911430359
44,3,11,0.43401843309402466,0.18180789053440094,0.439984580731859,0.18559127834243186,0.9997842907905579
44,3,12,0.4726947844028473,0.19845300912857056,0.4193595880056955,0.20262563637168965,0.9988710880279541
44,3,13,0.4370315372943878,0.3479735851287842,0.5019613581054162,0.3349537942261592,0.9649482369422913
44,3,14,0.500860333442688,0.36858734488487244,0.45934727857245994,0.35552369600089617,0.05912240594625473
44,3,15,0.33910879492759705,0.4785863757133484,0.3861305002864752,0.46005754979860325,0.8304575681686401
44,3,16,0.4268399775028229,0.4788798987865448,0.37814781439643724,0.4565169816135168,0.06953469663858414
44,3,17,0.31977975368499756,0.5034790635108948,0.3545639032569589,0.4934984542946916,0.7657395005226135
44,3,18,0.4181087911128998,0.5085341930389404,0.360378448750781,0.4861942098779106,0.08311901986598969
44,3,19,0.31094273924827576,0.49582770466804504,0.334928893064046,0.48671421660224573,0.7551465630531311
44,3,20,0.39366933703422546,0.5059093236923218,0.34312035847716665,0.4838043773349689,0.08439936488866806
44,3,21,0.32342618703842163,0.4844434857368469,0.3476616697146371,0.47476265752278984,0.7243319749832153
44,3,22,0.3987811207771301,0.4935348927974701,0.35221973917356675,0.47250574296805575,0.08987097442150116
44,3,23,0.416845440864563,0.49412083625793457,0.44179110912289526,0.4934642812941308,0.9970201253890991
44,3,24,0.4082790017127991,0.49333328008651733,0.40591871459913015,0.4945820696621116,0.9958668947219849
44,3,25,0.3407827615737915,0.7443614602088928,0.42593832535341264,0.727002199768822,0.7719686031341553
44,3,26,0.3461158275604248,0.7151921391487122,0.32234404426792196,0.7069497252048997,0.39070644974708557
44,3,27,0.5689212083816528,0.9243684411048889,0.6874306052942164,0.8987951376888778,0.707295835018158
44,3,28,0.4822843074798584,0.9208411574363708,0.3815198056765584,0.910901575393593,0.4462662935256958
44,3,29,0.6533532738685608,0.9420948624610901,0.7617130490091656,0.9119811170037994,0.75350022315979
44,3,30,0.5414831042289734,0.9496578574180603,0.4320233171575588,0.9397704053094379,0.45880818367004395
44,3,31,0.5360122323036194,1.0066332817077637,0.6413446001137124,0.9759344997104845,0.7014250159263611
44,3,32,0.3906340003013611,0.9860432147979736,0.2750356918939979,0.9756234210737117,0.44755643606185913
45,3,0,0.2560456395149231,0.11368235945701599,0.25060279549760617,0.10659767633781041,0.9987799525260925
45,3,1,0.2779069244861603,0.091151162981987,0.2727008085662969,0.08473393983867637,0.9986796379089355
45,3,2,0.28673219680786133,0.08986053615808487,0.2810471417047532,0.08360986156298733,0.9985833764076233
45,3,3,0.2958553731441498,0.08848495781421661,0.289581516047233,0.08243072912574421,0.9987894892692566
45,3,4,0.2713716924190521,0.09118493646383286,0.26616426080361194,0.08502309638152751,0.9984579682350159
45,3,5,0.2755950689315796,0.08989301323890686,0.26982012795440735,0.08410575237334826,0.9983252882957458
45,3,6,0.2801101505756378,0.08843629062175751,0.2737019052529097,0.08302604002974143,0.9986820220947266
45,3,7,0.35245078802108765,0.09008319675922394,0.34174774614720616,0.08669776452337202,0.9987662434577942
45,3,8,0.3355362117290497,0.08976699411869049,0.3241186603954546,0.08742971062158564,0.9982254505157471
45,3,9,0.289304256439209,0.1312592625617981,0.28007343264719375,0.12346438083487127,0.998630166053772
45,3,10,0.27816101908683777,0.13131670653820038,0.2707914809403441,0.12448450866302807,0.997660219669342
45,3,11,0.4603051543235779,0.19135324656963348,0.44350565435878125,0.18658925539881743,0.9997714757919312
45,3,12,0.5040493607521057,0.20011989772319794,0.43406267171896296,0.2021916831385641,0.9989171028137207
45,3,13,0.421242356300354,0.37936505675315857,0.4879492768278024,0.3426547913032791,0.9643996357917786
45,3,14,0.5376679301261902,0.3735158443450928,0.47294202620200376,0.358641094961729,0.06395420432090759
45,3,15,0.31020328402519226,0.4746885299682617,0.37295213757339807,0.46259232355261143,0.8270082473754883
45,3,16,0.460936576128006,0.4841991662979126,0.3925200764424729,0.4613147171616627,0.0734153538942337
45,3,17,0.2894633710384369,0.5042418837547302,0.343268355682173,0.4953595042918548,0.7647233009338379
45,3,18,0.47769972681999207,0.5202770829200745,0.3807666846117067,0.4921024174347104,0.08801329135894775
45,3,19,0.29352468252182007,0.4901176989078522,0.3277499813470361,0.48730366112955614,0.7554976940155029
45,3,20,0.4589262306690216,0.5186262726783752,0.3632443291386747,0.4898408273130498,0.08897779136896133
45,3,21,0.31039971113204956,0.4823570251464844,0.3412017684316738,0.47607808134620855,0.7262303829193115
45,3,22,0.45754384994506836,0.507844090461731,0.3705165183826241,0.4786318150151576,0.09442662447690964
45,3,23,0.44584086537361145,0.5254321098327637,0.44249249223813925,0.499005493418491,0.9971882104873657
45,3,24,0.4641217291355133,0.5191015601158142,0.4160153694547505,0.4988312576301612,0.9960523247718811
45,3,25,0.39211755990982056,0.7576214075088501,0.42007554962381416,0.7323094320290399,0.7746189832687378
45,3,26,0.4277987480163574,0.7287685871124268,0.34066341777750125,0.7107305921748224,0.37235742807388306
45,3,27,0.6238046884536743,0.9246457815170288,0.6763913615477651,0.9032751902657619,0.7040106654167175
45,3,28,0.5817697644233704,0.9044008255004883,0.41640594057539015,0.9097756160537995,0.420859694480896
45,3,29,0.7099736332893372,0.9343195557594299,0.7527393650552963,0.915852075380144,0.7624027132987976
45,3,30,0.6458491683006287,0.9250544309616089,0.4692896401029705,0.9372209024135161,0.45022526383399963
45,3,31,0.5826041102409363,1.0202646255493164,0.6311545284680571,0.9836214122631339,0.7047606110572815
45,3,32,0.4959687888622284,0.9747365117073059,0.3135489390163167,0.9754698303221724,0.4319005310535431
46,3,0,0.26179471611976624,0.11151735484600067,0.2525415582117815,0.10744974665781977,0.9985332489013672
46,3,1,0.28311628103256226,0.08950502425432205,0.274505025797166,0.08556027050976169,0.9983527660369873
46,3,2,0.2929566502571106,0.08824972063302994,0.2831102555477432,0.08441346141345821,0.9982779622077942
46,3,3,0.30308446288108826,0.08691650629043579,0.2919207771965635,0.08320763917767988,0.998505175113678
46,3,4,0.2739368975162506,0.08961334079504013,0.26751056657669664,0.08581810204506926,0.9980381727218628
46,3,5,0.27692872285842896,0.08842000365257263,0.27105138982305965,0.08485295130836726,0.997915506362915
46,3,6,0.28027310967445374,0.08706438541412354,0.2748400686462554,0.08372544814101517,0.9983419179916382
46,3,7,0.36472541093826294,0.08861856907606125,0.3457295480632584,0.0870304108461272,0.9985470175743103
46,3,8,0.3426257371902466,0.08846163749694824,0.32732532262377745,0.08760841568975807,0.9979101419448853
46,3,9,0.29812973737716675,0.12892918288707733,0.2832019496796156,0.12441088006030124,0.9984651803970337
46,3,10,0.28535962104797363,0.1289466917514801,0.2733153581266733,0.125257331815497,0.9973526000976562
46,3,11,0.492085725069046,0.18934671580791473,0.45193057652356505,0.1870668063978329,0.9997370839118958
46,3,12,0.46846890449523926,0.19634594023227692,0.4400269825240269,0.20117919374952148,0.998793363571167
46,3,13,0.4597444236278534,0.3679160177707672,0.48306087430784517,0.347032619444566,0.9629966616630554
46,3,14,0.4909396767616272,0.35971060395240784,0.47606037784452904,0.35882630858298126,0.06112358719110489
46,3,15,0.30570247769355774,0.4381658434867859,0.3612829248716021,0.45835926886738765,0.8216111660003662
46,3,16,0.3704216480255127,0.44982993602752686,0.3886907380048333,0.4593252036253994,0.07002273947000504
46,3,17,0.26359254121780396,0.46703168749809265,0.3294378070966468,0.4904497818677522,0.7606621980667114
46,3,18,0.3433714210987091,0.4761902987957001,0.3742836564032628,0.48934558842519577,0.08489934355020523
46,3,19,0.26171165704727173,0.45048636198043823,0.31629138788646627,0.4809209330431763,0.7521255016326904
46,3,20,0.3318827748298645,0.4690386652946472,0.35780831840808397,0.48623625215032973,0.0860481709241867
46,3,21,0.2840665578842163,0.44292718172073364,0.33129063775908213,0.4703316002335301,0.7229713797569275
46,3,22,0.34502264857292175,0.4593040943145752,0.36609835136945595,0.4752828772938983,0.09151558578014374
46,3,23,0.46665775775909424,0.5234060883522034,0.44668024154312996,0.5032340624386512,0.9968924522399902
46,3,24,0.4603618383407593,0.5212343335151672,0.42370509818373875,0.5027134279059277,0.9955369234085083
46,3,25,0.47527754306793213,0.746025025844574,0.4296507043799896,0.7346855515280505,0.7867092490196228
46,3,26,0.433599054813385,0.7197513580322266,0.35680200657752753,0.7122931486494761,0.39425089955329895
46,3,27,0.6692957282066345,0.9181511402130127,0.6751623401712368,0.9058524211617861,0.7196762561798096
46,3,28,0.5598084926605225,0.8906869292259216,0.4413463002978092,0.906468117890525,0.42486876249313354
46,3,29,0.7469228506088257,0.938112735748291,0.7517319386924707,0.9197095476006106,0.7686766982078552
46,3,30,0.639673113822937,0.9084526896476746,0.49894640787351124,0.9322347823728341,0.45849931240081787
46,3,31,0.5222578644752502,0.9887827038764954,0.6122351324054743,0.9845153361237711,0.72011798620224
46,3,32,0.4606420397758484,0.9600502252578735,0.3391340709193952,0.9727983694224696,0.44502967596054077
47,3,0,0.2537126839160919,0.10958275943994522,0.2527443698299298,0.10781914571879321,0.9984792470932007
47,3,1,0.27722328901290894,0.08804697543382645,0.27497578734561207,0.08599092720131699,0.9982836842536926
47,3,2,0.28585413098335266,0.08676796406507492,0.28358545310946254,0.08482122120816774,0.9981890916824341
47,3,3,0.2947484254837036,0.0854078158736229,0.2924104841817681,0.0835886705739861,0.9984143972396851
47,3,4,0.27222439646720886,0.08801759034395218,0.26832697865358207,0.08619901421771906,0.9979853630065918
47,3,5,0.27698057889938354,0.08680666983127594,0.2720783336200844,0.08519129803533405,0.9978622794151306
47,3,6,0.28194737434387207,0.08543266355991364,0.2760711074450045,0.08402110304763374,0.9983108639717102
47,3,7,0.35920628905296326,0.08762586861848831,0.3480642681116276,0.08713352854471251,0.9984279274940491
47,3,8,0.34689095616340637,0.08711230754852295,0.33071550648620107,0.08752250300599335,0.9979200959205627
47,3,9,0.2882319390773773,0.12671586871147156,0.28407312749501923,0.12481006427863821,0.9983552694320679
47,3,10,0.28112584352493286,0.12672336399555206,0.2746682218044322,0.12551121686100566,0.9973127245903015
47,3,11,0.4800049066543579,0.1891731321811676,0.4567963294753407,0.1874315834538369,0.999675989151001
47,3,12,0.49843090772628784,0.19461262226104736,0.45015858319546753,0.2000418313621925,0.9987335801124573
47,3,13,0.43540510535240173,0.3638547658920288,0.4747964588135997,0.34994719692951903,0.9598039984703064
47,3,14,0.5416361689567566,0.3547268807888031,0.48743856434443283,0.35811632029551727,0.05992332473397255
47,3,15,0.28858664631843567,0.4520776569843292,0.3486665423306563,0.4572712726417067,0.8112776875495911
47,3,16,0.41674038767814636,0.44582363963127136,0.3935522166336222,0.456986179915015,0.06623521447181702
47,3,17,0.25788599252700806,0.47634902596473694,0.31702047563477936,0.48800690980380784,0.749796450138092
47,3,18,0.3892889618873596,0.4706389904022217,0.37688331304592937,0.48610433357296595,0.08070927113294601
47,3,19,0.25186991691589355,0.4635443389415741,0.3051138743667473,0.47791024561583306,0.7408562898635864
47,3,20,0.36606013774871826,0.4643322825431824,0.35923764893210636,0.48244063055680236,0.08181154727935791
47,3,21,0.2715145945549011,0.4561137557029724,0.32092057931075296,0.4678684348057874,0.712066650390625
47,3,22,0.37179818749427795,0.45335662364959717,0.3670855667073768,0.47148339130277644,0.08733811229467392
47,3,23,0.4612075686454773,0.5114548802375793,0.44919704462060583,0.5046580195910999,0.9966691136360168
47,3,24,0.4959101676940918,0.5120812058448792,0.43623601562699704,0.5043361099678969,0.995134174823761
47,3,25,0.45287784934043884,0.7361842393875122,0.4336757501233355,0.7349450921592728,0.7768746614456177
47,3,26,0.4994460642337799,0.7201346755027771,0.3816095540347956,0.713651391867627,0.3809104561805725
47,3,27,0.5786116123199463,0.9310066103935242,0.6583940339817964,0.9102116841470452,0.7112408876419067
47,3,28,0.6520578265190125,0.9035555124282837,0.4780666739364877,0.9059636957753538,0.4041275680065155
47,3,29,0.6382584571838379,0.9578312635421753,0.7320146525449137,0.9263186752072677,0.7751679420471191
47,3,30,0.7047979235649109,0.9216271042823792,0.5348147229396191,0.930397257212061,0.4500354528427124
47,3,31,0.5078861713409424,0.9967854022979736,0.5941082718216504,0.9866409373213423,0.7134643197059631
47,3,32,0.5511512756347656,0.9651221632957458,0.37608354126144267,0.9714687688919537,0.4277428686618805
48,3,0,0.25738900899887085,0.11008169502019882,0.25354879699208704,0.10821097967544471,0.9985731244087219
48,3,1,0.2822572588920593,0.08901112526655197,0.2762369999176907,0.08651398458165989,0.9983776807785034
48,3,2,0.2899576425552368,0.0880444273352623,0.2846891401558888,0.08537944023973662,0.9982860684394836
48,3,3,0.29779335856437683,0.0870593935251236,0.2933427904387143,0.08418976089866884,0.9984883069992065
48,3,4,0.2808470129966736,0.08882386237382889,0.27049589610059416,0.08665359694794664,0.9981127977371216
48,3,5,0.28733041882514954,0.08769606798887253,0.2747207568379454,0.08562508352837422,0.9980008006095886
48,3,6,0.2938616871833801,0.08639328926801682,0.27915355979618706,0.0844319255523765,0.998421847820282
48,3,7,0.3642442524433136,0.09055063873529434,0.3508675282322978,0.08772533278063187,0.9985040426254272
48,3,8,0.3604342043399811,0.08946394175291061,0.3358665079584188,0.08785872298159099,0.9980907440185547
48,3,9,0.2890549302101135,0.12734270095825195,0.28493595842499214,0.12524867620338548,0.9984459280967712
48,3,10,0.2854888439178467,0.1272365301847458,0.2765426448395953,0.1258100061171043,0.9975095987319946
48,3,11,0.48213258385658264,0.1891799122095108,0.46118716770129486,0.18773435872081826,0.9996512532234192
48,3,12,0.5247355103492737,0.19610396027565002,0.4631020724775222,0.19935982666464816,0.9988111257553101
48,3,13,0.43583598732948303,0.3626357316970825,0.46804173506738594,0.35214531856110914,0.959962010383606
48,3,14,0.5534476041793823,0.35434988141059875,0.4988920815287333,0.3574640095549707,0.05814627185463905
48,3,15,0.29687970876693726,0.45269539952278137,0.3396846054568069,0.4564787566592692,0.8078120946884155
48,3,16,0.41849416494369507,0.44065138697624207,0.3978746744206053,0.4541560837305312,0.06307897716760635
48,3,17,0.2692340016365051,0.47664618492126465,0.3087333606345635,0.48603889364360653,0.7463755011558533
48,3,18,0.3950268030166626,0.46195971965789795,0.3800269530433609,0.48192016039912866,0.07756944000720978
48,3,19,0.26466840505599976,0.4643677771091461,0.2981013830966869,0.475564132863116,0.736766517162323
48,3,20,0.3737289607524872,0.45584312081336975,0.36174821682791,0.4778310398463127,0.07868637144565582
48,3,21,0.2839416265487671,0.456282377243042,0.3145097854860183,0.46586137085846396,0.709829568862915
48,3,22,0.3808751404285431,0.4472936987876892,0.36947451006588977,0.46729140008870723,0.08431766927242279
48,3,23,0.4635028839111328,0.5096315145492554,0.45167545995992686,0.5055194122650063,0.9966615438461304
48,3,24,0.5356910228729248,0.5107520222663879,0.453510172348642,0.5054473726352106,0.9952908158302307
48,3,25,0.3378554582595825,0.7314519286155701,0.41703462044652034,0.734340115136633,0.7926833033561707
48,3,26,0.5819015502929688,0.7187147736549377,0.41650290503698684,0.7145283549481006,0.38280314207077026
48,3,27,0.515670895576477,0.9342132210731506,0.6335725140372623,0.9143710469929212,0.7189038395881653
48,3,28,0.6945390105247498,0.9070082306861877,0.5157976349390253,0.9061445843300231,0.40561816096305847
48,3,29,0.5786592364311218,0.9621961116790771,0.7053355889017096,0.9325382968806849,0.7911658883094788
48,3,30,0.8009596467018127,0.9424395561218262,0.5812722796771728,0.9324833857350431,0.46829360723495483
48,3,31,0.45927104353904724,0.9984579682350159,0.5706637672544393,0.9886880290797554,0.7169175148010254
48,3,32,0.6297411918640137,0.9719908833503723,0.42034496524129017,0.9715591852699804,0.4277862310409546
49,3,0,0.26322612166404724,0.1198238953948021,0.25522511272626724,0.11022269885462743,0.9984760284423828
49,3,1,0.2863001525402069,0.09656499326229095,0.2779801692534468,0.08825505101431534,0.9982297420501709
49,3,2,0.29432111978530884,0.0951104611158371,0.28635759880118716,0.08706506119301824,0.998081386089325
49,3,3,0.3024662435054779,0.09372453391551971,0.2949231375878542,0.08584137778060416,0.9983572959899902
49,3,4,0.2824096083641052,0.09706944227218628,0.2725597396719104,0.08845788128331109,0.9979990720748901
49,3,5,0.2872946858406067,0.0958479717373848,0.276899014713302,0.08739593260375252,0.9978403449058533
49,3,6,0.29216766357421875,0.094582699239254,0.2814081016313477,0.0861902788523467,0.998336911201477
49,3,7,0.3636130392551422,0.09694305062294006,0.3530755218607167,0.08932201402081318,0.9983425140380859
49,3,8,0.3510695993900299,0.09748712927103043,0.33850043998514123,0.08952656373674603,0.9979752898216248
49,3,9,0.294440358877182,0.13663694262504578,0.2865823115987094,0.12722146579019944,0.9982976317405701
49,3,10,0.28823599219322205,0.1371859759092331,0.27856830082760553,0.12778066482860678,0.9973545074462891
49,3,11,0.4924639165401459,0.19080577790737152,0.4666084768258182,0.1882662877150027,0.9996009469032288
49,3,12,0.5332104563713074,0.20640315115451813,0.47526838660648874,0.20057978254893796,0.998717188835144
49,3,13,0.48145970702171326,0.3762206733226776,0.4703662691819431,0.35631748386686257,0.9556908011436462
49,3,14,0.5472696423530579,0.37014827132225037,0.5072818504646947,0.35966139012568216,0.05647803843021393
49,3,15,0.2865760028362274,0.4533098638057709,0.3304730535438566,0.4559299450764231,0.8047939538955688
49,3,16,0.38330647349357605,0.4495503902435303,0.39535078573248833,0.4533584021956257,0.060357559472322464
49,3,17,0.23010894656181335,0.4725356101989746,0.29508572316311993,0.48369957166014016,0.742695152759552
49,3,18,0.3446830213069916,0.4658215343952179,0.3738999241430362,0.47913100126497193,0.0743468701839447
49,3,19,0.2162465751171112,0.46265655755996704,0.283891645899327,0.4733280521490746,0.732330858707428
49,3,20,0.3225876986980438,0.4562646448612213,0.354958786958269,0.4740939512396424,0.07541405409574509
49,3,21,0.24769935011863708,0.4551354646682739,0.30291693457642194,0.46400335961481903,0.7024025321006775
49,3,22,0.33478498458862305,0.4500994384288788,0.36346104174837524,0.46431271755691034,0.0811561793088913
49,3,23,0.4754442870616913,0.5289677381515503,0.45579446255773387,0.5095828389353843,0.9955357909202576
49,3,24,0.5606141686439514,0.5217477679252625,0.472117158543079,0.5082715075909754,0.9939609169960022
49,3,25,0.33022284507751465,0.7337307929992676,0.4019620602826587,0.7342345964728596,0.7726771831512451
49,3,26,0.6899206042289734,0.7216929197311401,0.4642397498849407,0.7157693152009522,0.3709705173969269
49,3,27,0.2967354357242584,0.9273250102996826,0.5746523242323025,0.9166151681535313,0.6986628174781799
49,3,28,0.8086808919906616,0.9189651012420654,0.5669633409028968,0.908365578362047,0.38762548565864563
49,3,29,0.3348507583141327,0.9517158269882202,0.640465076558989,0.9358611987223633,0.7789351940155029
49,3,30,0.8729973435401917,0.9519590735435486,0.6322341570432343,0.935857979340008,0.45708712935447693
49,3,31,0.233847975730896,0.9948761463165283,0.5117473992925572,0.989759829612528,0.6873275637626648
49,3,32,0.727624773979187,0.9706640839576721,0.47404891539415883,0.9714041757912315,0.4040185809135437
50,3,0,0.25568726658821106,0.12054523825645447,0.2553051453110622,0.11201081529528893,0.9984674453735352
50,3,1,0.2783557176589966,0.09797731041908264,0.27804520393619875,0.08993915387270215,0.9982227087020874
50,3,2,0.2861882150173187,0.09657014161348343,0.2863282663223946,0.08871153326416015,0.9980567693710327
50,3,3,0.29390692710876465,0.09514418989419937,0.2947471542052176,0.08745280309257021,0.9983606338500977
50,3,4,0.27418026328086853,0.09849897027015686,0.2728403804163574,0.09019722890071726,0.9980049729347229
50,3,5,0.2787611484527588,0.09734577685594559,0.2772214996161362,0.0891194698041081,0.9978264570236206
50,3,6,0.2832655608654022,0.09599825739860535,0.2817297769565697,0.08788923447003587,0.9983441233634949
50,3,7,0.35690999031066895,0.09820129722356796,0.35373961572709617,0.0908600564195613,0.9983449578285217
50,3,8,0.34274348616600037,0.09811419248580933,0.33923530473277286,0.09101407360280916,0.9979588985443115
50,3,9,0.2850145995616913,0.1381608545780182,0.28631081684388054,0.1291164707636416,0.998282253742218
50,3,10,0.2785320281982422,0.13896945118904114,0.27856201946021497,0.12971888689200833,0.9973581433296204
50,3,11,0.4796806275844574,0.19925273954868317,0.468873080414599,0.19016944794672805,0.999531090259552
50,3,12,0.528216540813446,0.20729964971542358,0.4844520646018462,0.20174370192241595,0.99864262342453
50,3,13,0.46787863969802856,0.3850833475589752,0.4699354519039327,0.36130319864992555,0.9457740187644958
50,3,14,0.5628181099891663,0.3650406002998352,0.5169151709428587,0.36059306256127194,0.05348362773656845
50,3,15,0.2728903889656067,0.4470822215080261,0.32048414496552,0.4543973711957513,0.7837785482406616
50,3,16,0.44043251872062683,0.44851699471473694,0.40316820649294316,0.4525198902794616,0.056074466556310654
50,3,17,0.20908328890800476,0.46884313225746155,0.28015409645596345,0.4811257227604337,0.722130298614502
50,3,18,0.4083990752696991,0.4659472107887268,0.37988036838270134,0.4768470503018021,0.06929005682468414
50,3,19,0.20178578794002533,0.453776478767395,0.2696382070912745,0.4699403028770394,0.710640013217926
50,3,20,0.38808682560920715,0.4575328826904297,0.3607013110039526,0.4712246315551278,0.07027015089988708
50,3,21,0.23133185505867004,0.44858434796333313,0.29049380885866655,0.46133200117634826,0.6792252659797668
50,3,22,0.3959026038646698,0.4508697986602783,0.3690844531589464,0.46198385705709966,0.07586013525724411
50,3,23,0.4680013954639435,0.5326693654060364,0.4579091204115526,0.5135835251048612,0.9941591620445251
50,3,24,0.556363582611084,0.5228090882301331,0.4867431481412313,0.5107900916440931,0.9921556115150452
50,3,25,0.24356234073638916,0.7393873929977417,0.3744011947546353,0.7351270483583309,0.7416967749595642
50,3,26,0.7453055381774902,0.7211562991142273,0.5133235631218289,0.7167023342795376,0.35336753726005554
50,3,27,0.14097432792186737,0.9460011720657349,0.49857366364858224,0.9217084599193764,0.6721784472465515
50,3,28,0.8793152570724487,0.9237209558486938,0.6215622252834033,0.9110259079325499,0.36997708678245544
50,3,29,0.1534091681241989,0.9833898544311523,0.5548876416219837,0.9441035303456381,0.7577142119407654
50,3,30,0.9330055117607117,0.9559547305107117,0.6847909151729744,0.939340251093619,0.4473736882209778
50,3,31,-0.011529957875609398,0.9915963411331177,0.41970804234020875,0.9900778773048575,0.6488543152809143
50,3,32,0.8066171407699585,0.9679087400436401,0.5322167794294861,0.9707988051513994,0.38114896416664124
51,3,0,0.25181058049201965,0.12151779979467392,0.25469992514494755,0.11365761731699114,0.9981359839439392
51,3,1,0.27205565571784973,0.09878229349851608,0.2770078022532104,0.09147093395829302,0.9978660941123962
51,3,2,0.27871763706207275,0.09749560058116913,0.28501002593955577,0.090233078329693,0.9976531267166138
51,3,3,0.2855205535888672,0.09619051963090897,0.29314893310076107,0.0889663173283417,0.9980767369270325
51,3,4,0.2729650139808655,0.09919318556785583,0.27286196337056007,0.09175548662126054,0.997622013092041
51,3,5,0.2801571786403656,0.09807103872299194,0.2777299178891492,0.0906700367154133,0.9973458051681519
51,3,6,0.2878599166870117,0.09675602614879608,0.28279153280543917,0.08942511257798184,0.9980447292327881
51,3,7,0.3506408929824829,0.10001453012228012,0.35320295744975155,0.0924457796080484,0.9979188442230225
51,3,8,0.3497752845287323,0.0996299758553505,0.3410610983064072,0.09250648215509465,0.9974706172943115
51,3,9,0.28115415573120117,0.140333354473114,0.285417695303229,0.13105956176830963,0.9978659749031067
51,3,10,0.2834019958972931,0.14090099930763245,0.2794002832791768,0.13165595247189957,0.9967980980873108
51,3,11,0.48882123827934265,0.20206499099731445,0.4723295892718646,0.19223014449846315,0.9994215965270996
51,3,12,0.5384009480476379,0.20775426924228668,0.49380959804569197,0.2027847443182066,0.9985365867614746
51,3,13,0.4558941125869751,0.38585394620895386,0.46750287437304233,0.3655578089183705,0.924340009689331
51,3,14,0.5410498380661011,0.3630902171134949,0.5210976275802692,0.3610255291120548,0.04961591958999634
51,3,15,0.2749386727809906,0.44645389914512634,0.3125861885207098,0.4530214661434266,0.7506962418556213
51,3,16,0.4240156412124634,0.4438774883747101,0.40678063762824634,0.4510228906381327,0.05163360759615898
51,3,17,0.22434581816196442,0.4488849639892578,0.27047349705956036,0.4755371567841736,0.6947028040885925
51,3,18,0.3920254111289978,0.46260958909988403,0.3819843041413495,0.474380483877641,0.064055897295475
51,3,19,0.21340839564800262,0.4250198304653168,0.25988436859816544,0.4621508897967441,0.6830317378044128
51,3,20,0.3722675144672394,0.4537562429904938,0.36270493693972805,0.46819802968362567,0.06496176868677139
51,3,21,0.24332603812217712,0.4420344829559326,0.2823141361504158,0.45798829787264966,0.6493674516677856
51,3,22,0.3796052634716034,0.44662588834762573,0.3709069270735998,0.4593230787590177,0.07039116322994232
51,3,23,0.4742469787597656,0.5366984009742737,0.4607397474235167,0.517589127552917,0.9923630356788635
51,3,24,0.5822957158088684,0.5292439460754395,0.5033376225793932,0.5139875324255933,0.9902081489562988
51,3,25,0.251208633184433,0.7455372214317322,0.3529887036936853,0.7369303500388784,0.7136849761009216
51,3,26,0.8105675578117371,0.7180033326148987,0.5652580808892139,0.7169276379314931,0.3348108232021332
51,3,27,0.08492977172136307,0.9551536440849304,0.42605062137923017,0.9275060111929331,0.6684354543685913
51,3,28,1.0395166873931885,0.9232814908027649,0.6948498360746296,0.913148998258048,0.36061811447143555
51,3,29,0.07046632468700409,0.9979924559593201,0.4697770008799683,0.9534506348062803,0.7511543035507202
51,3,30,1.0989551544189453,0.9513228535652161,0.7574059499636259,0.9414160347765578,0.4523710310459137
51,3,31,-0.08479621261358261,0.9736052751541138,0.3310163001146079,0.9872238930045861,0.6269052624702454
51,3,32,0.9203207492828369,0.9462249279022217,0.6002105832268192,0.9665401858591126,0.36502206325531006
52,3,0,0.2435685098171234,0.12232767045497894,0.2527716440718325,0.11515940812687307,0.9980092644691467
52,3,1,0.26012399792671204,0.09759826958179474,0.27408253633483565,0.0925322046118303,0.9977732300758362
52,3,2,0.26601317524909973,0.09625986963510513,0.2817184473881351,0.09127693128539034,0.9975535869598389
52,3,3,0.2721819579601288,0.09485504031181335,0.28951577664040784,0.08998625232456646,0.9980441927909851
52,3,4,0.2616094946861267,0.09849444031715393,0.27091270522308636,0.09292271259644742,0.9974625110626221
52,3,5,0.2684900462627411,0.09765197336673737,0.2761293975038012,0.0918793575825488,0.9971112012863159
52,3,6,0.2757941782474518,0.0965394452214241,0.28157954045935374,0.09065737027079489,0.9979031682014465
52,3,7,0.33285194635391235,0.09908602386713028,0.34967660068639167,0.09359590510914703,0.9978071451187134
52,3,8,0.33483025431632996,0.09927131980657578,0.339981896091909,0.09367819227994524,0.9972979426383972
52,3,9,0.2726706862449646,0.14152029156684875,0.28320943981445035,0.13287162372806666,0.9977486729621887
52,3,10,0.2741384208202362,0.14196637272834778,0.278488938294417,0.1334419689635961,0.9965806007385254
52,3,11,0.45367810130119324,0.1963229477405548,0.46909788691342186,0.19293898543116747,0.999441921710968
52,3,12,0.5128713250160217,0.20226764678955078,0.4971124291742035,0.20269519677701442,0.9984731078147888
52,3,13,0.46333879232406616,0.3645819127559662,0.466781686445146,0.3653888073904855,0.9244463443756104
52,3,14,0.5226442813873291,0.3533955216407776,0.5213654755557785,0.35970393218924945,0.04555000737309456
52,3,15,0.23461264371871948,0.4173930287361145,0.2990517843999109,0.4468450567293292,0.757769763469696
52,3,16,0.3530660569667816,0.42040082812309265,0.397463834029969,0.4457151649051672,0.04748230427503586
52,3,17,0.17450319230556488,0.43176141381263733,0.25380627378432336,0.46794650409144445,0.7029133439064026
52,3,18,0.3154366612434387,0.4350592792034149,0.37043716039269137,0.4675631543947187,0.05932881310582161
52,3,19,0.1635173112154007,0.4039873480796814,0.243148047883192,0.45206105699754723,0.691198468208313
52,3,20,0.2918291985988617,0.42699989676475525,0.3504051980790087,0.46105488409555534,0.0601671040058136
52,3,21,0.19134509563446045,0.3984551727771759,0.26651786787273857,0.44766045718907976,0.6527696251869202
52,3,22,0.30033472180366516,0.42202985286712646,0.3586599736103721,0.4528577441552767,0.06542649865150452
52,3,23,0.43989256024360657,0.5334526300430298,0.4571273610170735,0.5203375327525808,0.9912419319152832
52,3,24,0.5421189665794373,0.5277491211891174,0.5100612732364128,0.5163716231260512,0.9888955950737
52,3,25,0.16850244998931885,0.7384862303733826,0.3208637677182189,0.737199795598433,0.7044376134872437
52,3,26,0.7452071905136108,0.7185505032539368,0.5965895318961434,0.7172086844221058,0.32857364416122437
52,3,27,0.050294067710638046,0.9286758899688721,0.3602428240941086,0.9277086071472688,0.6771590709686279
52,3,28,1.0332244634628296,0.9275370836257935,0.7540448967793009,0.9156416714382128,0.3649143874645233
52,3,29,0.07635638117790222,0.9692864418029785,0.40083835314604443,0.9561942408661557,0.756177544593811
52,3,30,1.099446177482605,0.9501562714576721,0.8172488523882271,0.9429299857637577,0.46695005893707275
52,3,31,-0.11089549213647842,0.954437792301178,0.2534692336789024,0.9815407054963143,0.6241528391838074
52,3,32,0.9996303915977478,0.9705248475074768,0.6702113404193679,0.9672302952681079,0.3607197701931
53,3,0,0.24236685037612915,0.11591258645057678,0.2509692741942447,0.11528983952053538,0.9980065226554871
53,3,1,0.25720518827438354,0.09069883823394775,0.27115838966897393,0.09221470174985517,0.9977784156799316
53,3,2,0.26238569617271423,0.08971786499023438,0.2783686337042575,0.09100693400860971,0.997554361820221
53,3,3,0.2695237398147583,0.08874119073152542,0.28605165892352985,0.08977063604994569,0.9980674982070923
53,3,4,0.2618703544139862,0.09131807833909988,0.26934640854604147,0.09264482353398358,0.9974573850631714
53,3,5,0.26924657821655273,0.0906720831990242,0.2749372476607096,0.09167028542970283,0.9970820546150208
53,3,6,0.27668505907058716,0.08986911922693253,0.2807318345744006,0.09052086504147397,0.997894287109375
53,3,7,0.32762423157691956,0.09465262293815613,0.3458552428442755,0.09377890351743859,0.9977726340293884
53,3,8,0.3305187523365021,0.09416946023702621,0.3383426899890278,0.09376326676554744,0.9972463846206665
53,3,9,0.26858803629875183,0.1356244832277298,0.2806763269856879,0.13334837787940923,0.9977080821990967
53,3,10,0.2732989192008972,0.13622623682022095,0.27759003844089847,0.13392416302840407,0.9965264797210693
53,3,11,0.4387940764427185,0.19325578212738037,0.4638453737647779,0.19299384586767354,0.9994333982467651
53,3,12,0.5066232681274414,0.1988433301448822,0.4987599017210048,0.202028089021158,0.99836266040802
53,3,13,0.4637574851512909,0.3588115870952606,0.46625793537298976,0.3642496005759244,0.9197362661361694
53,3,14,0.5238104462623596,0.3519800901412964,0.5217889044985331,0.358366078338799,0.042059026658535004
53,3,15,0.23796960711479187,0.41692835092544556,0.28845469229371273,0.44165969944483946,0.7561414837837219
53,3,16,0.3723364770412445,0.4298630952835083,0.3931092253357001,0.44296874211721243,0.043715670704841614
53,3,17,0.18404217064380646,0.43358558416366577,0.24169979635794314,0.4619900504627614,0.7017667293548584
53,3,18,0.3396083414554596,0.44760438799858093,0.36509356367445756,0.4641048059315478,0.05488620698451996
53,3,19,0.17388291656970978,0.4091324806213379,0.23112834231138807,0.44461748641849963,0.6898171305656433
53,3,20,0.31381839513778687,0.4401543140411377,0.34406246536580043,0.45743324216120385,0.05565321817994118
53,3,21,0.20197729766368866,0.40488624572753906,0.2553196185539309,0.4402436884271247,0.6475458145141602
53,3,22,0.3171672821044922,0.43386685848236084,0.3514656902369538,0.44956720050907284,0.06070533022284508
53,3,23,0.43287649750709534,0.5310449600219727,0.4529247582032289,0.522192343119944,0.9902942180633545
53,3,24,0.5468211770057678,0.5263831615447998,0.5164340702316235,0.518105850629328,0.9880685806274414
53,3,25,0.19362890720367432,0.7274521589279175,0.2987458978264511,0.7355112958226205,0.6930851340293884
53,3,26,0.7434739470481873,0.7152078747749329,0.6221387304825512,0.7168621819535618,0.3233060836791992
53,3,27,0.11777012050151825,0.9112308025360107,0.3179447512844401,0.9248537211461585,0.6868958473205566
53,3,28,1.0123311281204224,0.9181468486785889,0.7991223668100819,0.9160755275119101,0.37770509719848633
53,3,29,0.09510816633701324,0.9483789801597595,0.34740407332470424,0.9548405495356028,0.7614758014678955
53,3,30,1.078676462173462,0.9402775168418884,0.8628789048828571,0.9424706192255701,0.4890267252922058
53,3,31,-0.03922001272439957,0.9424598217010498,0.20233346907493674,0.9747650899577093,0.6248597502708435
53,3,32,0.967042088508606,0.969609797000885,0.7220756010288729,0.9676423847841094,0.36518633365631104
54,3,0,0.28835204243659973,0.11268660426139832,0.25745014804099137,0.11483900013326458,0.99785977602005
54,3,1,0.29739251732826233,0.08730368316173553,0.2757049537540396,0.09136413158077165,0.9976049661636353
54,3,2,0.29979079961776733,0.08650325238704681,0.2820807133306943,0.09022692263882498,0.9973614811897278
54,3,3,0.3024705946445465,0.08579503744840622,0.2888963402269759,0.0890820965071078,0.9979093074798584
54,3,4,0.30418309569358826,0.08735465258359909,0.27538541860685944,0.09172857514380299,0.9972416758537292
54,3,5,0.3110208511352539,0.08647458255290985,0.2811926474502241,0.09077040130035047,0.9968399405479431
54,3,6,0.3182589113712311,0.08551128953695297,0.28723775475094765,0.08965322261138935,0.9976961016654968
54,3,7,0.34420379996299744,0.09127631038427353,0.34556924698392705,0.09334549506740097,0.9975128173828125
54,3,8,0.3604987561702728,0.09003212302923203,0.3421820267222003,0.09311706945423169,0.9970674514770508
54,3,9,0.30849018692970276,0.13076288998126984,0.28549689917259163,0.1329006122985287,0.9974856376647949
54,3,10,0.31490522623062134,0.13074950873851776,0.28405918336793573,0.13337435341487566,0.996282696723938
54,3,11,0.4247739911079407,0.19311198592185974,0.4570714067775046,0.19301430433918684,0.9994320869445801
54,3,12,0.5424275398254395,0.19270123541355133,0.5063317947956385,0.2004124981664883,0.9982833862304688
54,3,13,0.45605403184890747,0.37429410219192505,0.46449037500259815,0.36598953994801114,0.9136371612548828
54,3,14,0.5678687691688538,0.3496168255805969,0.529779648312483,0.3568505654127381,0.03906417265534401
54,3,15,0.23637540638446808,0.41876256465911865,0.27942194215869653,0.4376918558157058,0.7573820948600769
54,3,16,0.4026937484741211,0.43138033151626587,0.3947694625116352,0.4409612693358712,0.040953535586595535
54,3,17,0.1874338686466217,0.4349227249622345,0.23228716156324913,0.4572989658735721,0.7045164704322815
54,3,18,0.36513516306877136,0.44578036665916443,0.3651007674792818,0.4609298007408729,0.05187269300222397
54,3,19,0.17758356034755707,0.4066910147666931,0.22184099612524316,0.4380422384929509,0.6926535367965698
54,3,20,0.33162879943847656,0.4394610524177551,0.3419085127551227,0.45431930262152065,0.05258254334330559
54,3,21,0.2030080258846283,0.39947009086608887,0.24624651113016024,0.43317423612286976,0.6474798917770386
54,3,22,0.33800557255744934,0.4344917833805084,0.3491338475333975,0.446955395856086,0.057661376893520355
54,3,23,0.42082807421684265,0.5339615941047668,0.4473611870111622,0.5242311545080288,0.9898571372032166
54,3,24,0.5483126044273376,0.5278559923171997,0.5219598074381737,0.5197947849408324,0.9872161746025085
54,3,25,0.21709606051445007,0.7327413558959961,0.28457165094097153,0.7350315834214124,0.6839163303375244
54,3,26,0.7533925175666809,0.7158528566360474,0.6449584014757428,0.7166873910667177,0.31123173236846924
54,3,27,0.09792181104421616,0.924721896648407,0.27958871968177157,0.9248308929176368,0.6826671957969666
54,3,28,0.9996191263198853,0.9148889780044556,0.834053912511129,0.9158700445690767,0.36810094118118286
54,3,29,0.10518941283226013,0.9529117345809937,0.3051506755069514,0.9545065160927869,0.7570013403892517
54,3,30,1.0544763803482056,0.9413556456565857,0.8962511680742313,0.9422775319934097,0.48977234959602356
54,3,31,-0.011084776371717453,0.9478427767753601,0.16513512717470225,0.9700991590429928,0.6068956255912781
54,3,32,0.9043364524841309,0.9397598505020142,0.7538130586654826,0.9628098989699088,0.3506537675857544
55,3,0,0.25795412063598633,0.10913176834583282,0.2575374226584056,0.11385050513899155,0.9979621767997742
55,3,1,0.2680865228176117,0.0858299508690834,0.27438536212843856,0.09040561408189024,0.99775230884552
55,3,2,0.2700079083442688,0.08510845899581909,0.27998929760493824,0.08934041821906218,0.9975194931030273
55,3,3,0.27149471640586853,0.08450116217136383,0.2858813110357596,0.08828870356779564,0.9980465173721313
55,3,4,0.27854418754577637,0.08576136827468872,0.2759324768135798,0.09069504426594176,0.9973963499069214
55,3,5,0.2878052890300751,0.08488447219133377,0.2823379909797176,0.08975095036610371,0.9969902038574219
55,3,6,0.29952433705329895,0.08385185152292252,0.289366217000393,0.0886484197953339,0.9978185892105103
55,3,7,0.3137848377227783,0.08919303119182587,0.3400598569764698,0.09262632014779305,0.9976564645767212
55,3,8,0.3395751714706421,0.08760662376880646,0.3417305602869313,0.0921626635293908,0.997214138507843
55,3,9,0.27868568897247314,0.12716828286647797,0.2843171553052798,0.13190776963933734,0.9975818991661072
55,3,10,0.28977057337760925,0.1279371976852417,0.28504839874593646,0.1324326433611349,0.9964553713798523
55,3,11,0.3863160312175751,0.1888333559036255,0.4447925874131775,0.19229019549223378,0.999452531337738
55,3,12,0.5079359412193298,0.1923532336950302,0.5066095997882359,0.1990165313528019,0.9983491897583008
55,3,13,0.368966281414032,0.3697921931743622,0.4479009072616285,0.36664812359970067,0.9124166369438171
55,3,14,0.4426896870136261,0.34649237990379333,0.514658762385752,0.3550562723613883,0.03663678094744682
55,3,15,0.1803155392408371,0.4131937623023987,0.26220845756254063,0.4334463777539613,0.7645325064659119
55,3,16,0.30648958683013916,0.42137572169303894,0.3794414169411168,0.4375676285234608,0.03899538889527321
55,3,17,0.13481628894805908,0.4308355152606964,0.21535855915772326,0.45271262290220676,0.7123171091079712
55,3,18,0.2764412462711334,0.43612396717071533,0.34970662571833744,0.45663095225719735,0.04975340515375137
55,3,19,0.12447074055671692,0.41003501415252686,0.20492992316320713,0.4331881191782149,0.7005147337913513
55,3,20,0.25135675072669983,0.42867204546928406,0.32618492288444473,0.44987452292370234,0.050487540662288666
55,3,21,0.15478883683681488,0.399050772190094,0.2303651453328287,0.4272589847236076,0.6513885855674744
55,3,22,0.2569783926010132,0.4238474369049072,0.33313101902696046,0.4429509931328428,0.05541088059544563
55,3,23,0.38413339853286743,0.5243469476699829,0.4363911721545824,0.5242512065678208,0.9895367622375488
55,3,24,0.4798240661621094,0.5180481672286987,0.5146539095911564,0.5194923060576471,0.987582266330719
55,3,25,0.1380014717578888,0.7244881391525269,0.25907792156875764,0.7332051889225116,0.6958451271057129
55,3,26,0.6798146963119507,0.7117138504981995,0.6510009926909185,0.7158259907090299,0.3380589187145233
55,3,27,0.1529085487127304,0.9180156588554382,0.25756643669142115,0.9236504523095177,0.696285605430603
55,3,28,0.9776595234870911,0.9117177128791809,0.859031020355015,0.9151508925848787,0.3895784318447113
55,3,29,0.11011838167905807,0.9507587552070618,0.27117606833180463,0.9538574408341127,0.7597345113754272
55,3,30,1.0367344617843628,0.9376199245452881,0.9206829540118373,0.9414708578629593,0.5038682222366333
55,3,31,0.03534706309437752,0.9523935317993164,0.14256996773289618,0.9670314297172724,0.6119875907897949
55,3,32,0.9173415303230286,0.9471070766448975,0.7822724624477224,0.9600893458352596,0.3595753610134125
56,3,0,0.22989577054977417,0.10934998840093613,0.2527467200422225,0.1130710419761255,0.9978549480438232
56,3,1,0.23983411490917206,0.086517333984375,0.26839588210713816,0.08973219911075149,0.997764527797699
56,3,2,0.24073976278305054,0.08605886995792389,0.27318440636891783,0.08877209408516978,0.9975131750106812
56,3,3,0.24068987369537354,0.08577585965394974,0.27804484405920715,0.08785351970875846,0.9980437755584717
56,3,4,0.253976434469223,0.08560352027416229,0.2721278231995496,0.08981320642969388,0.9973993301391602
56,3,5,0.2678293287754059,0.08438121527433395,0.27982441946810327,0.08882091936050802,0.9969924688339233
56,3,6,0.2801310122013092,0.08325328677892685,0.28776650588838776,0.08771398918940457,0.9978484511375427
56,3,7,0.27794402837753296,0.08972517400979996,0.3292831272246885,0.09212388276862798,0.9976142048835754
56,3,8,0.3175267279148102,0.08693541586399078,0.33753611491731333,0.09125731503310686,0.9972312450408936
56,3,9,0.2535126209259033,0.12705951929092407,0.2789777713268041,0.13106807227696504,0.9973567724227905
56,3,10,0.267385870218277,0.1269731968641281,0.2819881418199082,0.13148707192290235,0.9963026642799377
56,3,11,0.3151526153087616,0.18755286931991577,0.42225527713187566,0.19146971247335465,0.9992824792861938
56,3,12,0.4916476607322693,0.19120019674301147,0.5040174676289344,0.19766265294469795,0.9983290433883667
56,3,13,0.23482221364974976,0.3670406639575958,0.41076575783441377,0.3667161009124593,0.877790093421936
56,3,14,0.44631269574165344,0.3524589538574219,0.502798909458836,0.35460645771681626,0.03712553530931473
56,3,15,0.1359727829694748,0.4147305190563202,0.240265143424354,0.43020351435851495,0.7126301527023315
56,3,16,0.33901143074035645,0.43898704648017883,0.37243160996147745,0.43781344060876326,0.03876539692282677
56,3,17,0.11350338160991669,0.4304906129837036,0.19766615968722862,0.448861848515846,0.6657587289810181
56,3,18,0.31730249524116516,0.4599801301956177,0.34408970523713905,0.4572109900548478,0.04957479238510132
56,3,19,0.12008091807365417,0.41382211446762085,0.19019902887010226,0.4298325386425584,0.6545019149780273
56,3,20,0.2966073453426361,0.45158982276916504,0.32105839011696596,0.45017157785339346,0.05035543069243431
56,3,21,0.13936220109462738,0.4054631292819977,0.2145629446428001,0.42348210422321064,0.6096720695495605
56,3,22,0.29957035183906555,0.4442348778247833,0.3273134208705743,0.44317333289402533,0.055301498621702194
56,3,23,0.32296085357666016,0.5184239745140076,0.4166813948387586,0.5232419239956216,0.9890785217285156
56,3,24,0.43576911091804504,0.5085457563400269,0.5009610149324355,0.517596060520052,0.9864922165870667
56,3,25,0.12446915358304977,0.7216176986694336,0.23567304359479596,0.7311978758854693,0.6982743740081787
56,3,26,0.5142945647239685,0.7075104713439941,0.6272307917753649,0.7143856262517145,0.33659499883651733
56,3,27,0.11249309778213501,0.9161441922187805,0.23233301802853268,0.922350294670616,0.7018846869468689
56,3,28,0.8439027070999146,0.8612291216850281,0.8564101905519386,0.9057980869224124,0.38182324171066284
56,3,29,0.11552856862545013,0.9433395862579346,0.24409437608969026,0.9520354811545853,0.754877507686615
56,3,30,0.8893885612487793,0.8791675567626953,0.915258880731657,0.9306615470301531,0.49572959542274475
56,3,31,-0.009033196605741978,0.9489259719848633,0.11619515010575808,0.9638943869119568,0.6046838760375977
56,3,32,0.8162638545036316,0.9057737588882446,0.7881651538412117,0.9506681191256516,0.34774401783943176
59,3,0,0.2152111828327179,0.10973404347896576,0.23825388351577975,0.11178332462281994,0.9978962540626526
59,3,1,0.22971181571483612,0.08700118213891983,0.25345930152232843,0.088678335101909,0.997789740562439
59,3,2,0.23341801762580872,0.08628202974796295,0.25782964643267237,0.08781121441181595,0.9975690245628357
59,3,3,0.23656027019023895,0.08582942187786102,0.2620261944967878,0.08707245578185235,0.9980665445327759
59,3,4,0.2347392439842224,0.08646316826343536,0.25769176385235454,0.0885204569011392,0.9974243640899658
59,3,5,0.2429392784833908,0.08524717390537262,0.26558286132663406,0.08744183808849526,0.9970408082008362
59,3,6,0.2504917085170746,0.08416213095188141,0.27337440675781055,0.08634335452624459,0.9978917837142944
59,3,7,0.28035107254981995,0.08955439925193787,0.31038640957349767,0.09113235508160945,0.9976752996444702
59,3,8,0.2971304655075073,0.08698750287294388,0.3219343581138575,0.089609607873853,0.9972955584526062
59,3,9,0.2392747700214386,0.1269655078649521,0.26364750455871183,0.1294849099052708,0.9973859190940857
59,3,10,0.24249312281608582,0.1271110624074936,0.2667382361736013,0.1297983805749165,0.9963231086730957
59,3,11,0.35598644614219666,0.18520934879779816,0.3966560137370524,0.1890537779580192,0.999321460723877
59,3,12,0.43236055970191956,0.19465340673923492,0.476334421605003,0.19650141850633182,0.9984326958656311
59,3,13,0.276434063911438,0.3670547306537628,0.35881566071167964,0.36684676856313353,0.8782167434692383
59,3,14,0.3799290955066681,0.3580583930015564,0.4552906549172328,0.3559385306772788,0.03752429410815239
59,3,15,0.33302855491638184,0.4753386676311493,0.2761146349146159,0.447632826113966,0.6884498000144958
59,3,16,0.3148810565471649,0.4509103298187256,0.350203401770132,0.44286822875398113,0.040001168847084045
59,3,17,0.3476839065551758,0.5027411580085754,0.25569709675292457,0.46967079852009863,0.643105149269104
59,3,18,0.30162376165390015,0.47432202100753784,0.32769184139769514,0.4638154887178362,0.05172356218099594
59,3,19,0.33458980917930603,0.502461850643158,0.24604813744524934,0.4578917052022668,0.6316187977790833
59,3,20,0.28672677278518677,0.46918582916259766,0.30780331234237857,0.4575109109721297,0.05256804823875427
59,3,21,0.334312379360199,0.49146515130996704,0.2608621672147677,0.44974424225612214,0.5889832377433777
59,3,22,0.2916548550128937,0.46016278862953186,0.31354571843713264,0.44973089290959,0.057587821036577225
59,3,23,0.3584367036819458,0.5110003352165222,0.39418480539531864,0.5185173090238575,0.9899099469184875
59,3,24,0.3833824694156647,0.5076764225959778,0.4555026718828804,0.5137677447558852,0.98763108253479
59,3,25,0.21860601007938385,0.7260870337486267,0.22908548026452905,0.7292255903790976,0.7144944667816162
59,3,26,0.3009611964225769,0.7136040925979614,0.5006554070533924,0.7140840523092375,0.33906492590904236
59,3,27,0.7137917280197144,0.8659625053405762,0.4195843221722334,0.9005716252136845,0.7217822670936584
59,3,28,0.4776389002799988,0.8656856417655945,0.7093427771025909,0.8903096177585162,0.38599634170532227
59,3,29,0.8023518323898315,0.8741740584373474,0.46148426096970074,0.9219523614910402,0.767833411693573
59,3,30,0.5427941083908081,0.8815139532089233,0.7706550707828653,0.9116815281535777,0.4985010027885437
59,3,31,0.6396180987358093,0.9523019790649414,0.31990481107313423,0.9594203689360545,0.6333315372467041
59,3,32,0.3858795166015625,0.9659139513969421,0.6319081693717995,0.956552507200145,0.36210301518440247
60,3,0,0.20229212939739227,0.11213831603527069,0.23201962611253174,0.11184479939791646,0.9972528219223022
60,3,1,0.2183011770248413,0.08833655714988708,0.24736450596183648,0.08861914856015138,0.9972310662269592
60,3,2,0.22535398602485657,0.08705200254917145,0.2522003192541259,0.08767973814686328,0.9970353841781616
60,3,3,0.23123402893543243,0.08615559339523315,0.2566889533676097,0.08691367768673298,0.9975072741508484
60,3,4,0.22056575119495392,0.0877976045012474,0.2512554480408361,0.08839527731077909,0.9966924786567688
60,3,5,0.22801560163497925,0.08616738021373749,0.2590699631764226,0.08722113084484664,0.9962770342826843
60,3,6,0.235229030251503,0.08471518754959106,0.2667611680135446,0.08606138987731828,0.9973101019859314
60,3,7,0.28364357352256775,0.08881720900535583,0.3057516053015692,0.09073141166432654,0.9971569776535034
60,3,8,0.29240694642066956,0.08648083359003067,0.3168165339082416,0.08906774480966477,0.9968284964561462
60,3,9,0.23584318161010742,0.12636081874370575,0.25882858309460033,0.1289438579783137,0.9967294335365295
60,3,10,0.23594452440738678,0.12645569443702698,0.2614007286846935,0.1292194670380347,0.9956973791122437
60,3,11,0.36315783858299255,0.18455582857131958,0.39084925163613216,0.18827475948432473,0.9992992281913757
60,3,12,0.4420303702354431,0.19426697492599487,0.4703878359202196,0.19611445230190896,0.9984078407287598
60,3,13,0.3281359076499939,0.3839227259159088,0.35349787922152404,0.3698053428235175,0.8728240132331848
60,3,14,0.41468697786331177,0.3691033720970154,0.4482506801269558,0.3582191980899269,0.040697820484638214
60,3,15,0.34833773970603943,0.5200305581092834,0.28864868757663464,0.46019727549167333,0.6698755621910095
60,3,16,0.4143908619880676,0.5003960132598877,0.36134021921305937,0.4528475821230282,0.042786918580532074
60,3,17,0.36774182319641113,0.5492815375328064,0.27516530434990616,0.48349003534190915,0.6257882714271545
60,3,18,0.4134443402290344,0.5340130925178528,0.34257991517857017,0.47599730427054254,0.054721031337976456
60,3,19,0.3562981188297272,0.5505145192146301,0.26520347368550123,0.4739759173788371,0.6143020987510681
60,3,20,0.39880597591400146,0.5336140394210815,0.32360538831115054,0.4707198858005247,0.05539357289671898
60,3,21,0.3541461229324341,0.5391598343849182,0.277061501898344,0.4652700179134218,0.5747768878936768
60,3,22,0.4016169011592865,0.5209650993347168,0.32883741561654983,0.4620929806396698,0.06049808859825134
60,3,23,0.3626212179660797,0.5106252431869507,0.3887137166030001,0.5171503101000027,0.9903979301452637
60,3,24,0.3989846110343933,0.5037449598312378,0.44569875054463604,0.512031568901137,0.988233745098114
60,3,25,0.26812174916267395,0.7300038933753967,0.2358532932579511,0.7293603728232535,0.7202744483947754
60,3,26,0.34239912033081055,0.7204717397689819,0.47311950602326536,0.715190425201862,0.31996601819992065
60,3,27,0.5543003082275391,0.8956684470176697,0.44300789004800173,0.8997224126787734,0.7176864743232727
60,3,28,0.5220786929130554,0.8884106874465942,0.6767317470973506,0.8899807596711908,0.36549103260040283
60,3,29,0.6445720791816711,0.8905211091041565,0.49336461335416804,0.9165042405755587,0.7740826606750488
60,3,30,0.5838842988014221,0.9072443246841431,0.7381304617119641,0.9109130312973199,0.4881420433521271
60,3,31,0.48097145557403564,0.9972573518753052,0.3479320790714906,0.9659800777846748,0.6342207193374634
60,3,32,0.43409737944602966,0.9781867265701294,0.5974496605331104,0.9603013561255213,0.34952205419540405
61,3,0,0.21728235483169556,0.11749862879514694,0.22946643019735022,0.11282404354927728,0.9966365694999695
61,3,1,0.23445355892181396,0.09281688183546066,0.24512783874449348,0.08934616480469698,0.9968118071556091
61,3,2,0.24137452244758606,0.0918174684047699,0.25032499683505105,0.08839636102185634,0.9965193867683411
61,3,3,0.24725057184696198,0.09096989035606384,0.2550540370679201,0.0876161806249115,0.9969660043716431
61,3,4,0.23644070327281952,0.09184139221906662,0.24868882405044482,0.08899210534622924,0.9962173104286194
61,3,5,0.2437320500612259,0.09019029885530472,0.2564126596634809,0.08773534971066281,0.9957826137542725
61,3,6,0.25087982416152954,0.08851475268602371,0.26400966987961433,0.08648627182154249,0.9968973398208618
61,3,7,0.3010364770889282,0.09424782544374466,0.3049349666006314,0.091340415955441,0.9969024658203125
61,3,8,0.30903878808021545,0.09108679741621017,0.3154693404458182,0.08941740682859227,0.99665766954422
61,3,9,0.24941465258598328,0.13661862909793854,0.2571979037482469,0.1302732103117333,0.9961371421813965
61,3,10,0.24741488695144653,0.13568063080310822,0.25897777099540253,0.13033856878784944,0.9951651096343994
61,3,11,0.39495816826820374,0.19129067659378052,0.3915608817064017,0.18879707537889814,0.9990100860595703
61,3,12,0.46791329979896545,0.19269679486751556,0.46995928661588054,0.19552255327981768,0.9981707334518433
61,3,13,0.3542885482311249,0.3694327473640442,0.35363480218663307,0.36974081948544096,0.8713930249214172
61,3,14,0.4536450505256653,0.3489057123661041,0.449184975707656,0.35660592347454173,0.04084763303399086
61,3,15,0.34158432483673096,0.3284286856651306,0.297830169826755,0.43728850326326485,0.6401482820510864
61,3,16,0.3841104805469513,0.3877413272857666,0.36528605911931056,0.44155102827672443,0.040985316038131714
61,3,17,0.38280367851257324,0.31170523166656494,0.29386545819226656,0.45358848137046337,0.5935253500938416
61,3,18,0.36347320675849915,0.3936645984649658,0.3462002949813421,0.46170442238136694,0.05273412540555
61,3,19,0.3231656551361084,0.2958519756793976,0.2752583414131094,0.44296509900039943,0.5830467939376831
61,3,20,0.3597807288169861,0.3861030638217926,0.3298767130028481,0.45602947992233084,0.05334456264972687
61,3,21,0.33095359802246094,0.3039328455924988,0.28640916594690746,0.4371957900114055,0.5492642521858215
61,3,22,0.3710477352142334,0.38385143876075745,0.33615628340710163,0.44851198649449925,0.05837590992450714
61,3,23,0.3853340446949005,0.5118326544761658,0.38812839565340324,0.5162293006578379,0.989566445350647
61,3,24,0.4193289875984192,0.5021675229072571,0.4411286490251629,0.510322898378919,0.9873309135437012
61,3,25,0.4146655201911926,0.7435208559036255,0.2669844209970179,0.7318135978720062,0.7086378931999207
61,3,26,0.41703590750694275,0.724475622177124,0.463390980369619,0.7167987983569455,0.30265313386917114
61,3,27,0.5494549870491028,0.9344460368156433,0.4615006100714802,0.9057418017467893,0.686734139919281
61,3,28,0.4893353283405304,0.9045039415359497,0.6440973640195025,0.8924968465314892,0.3449791967868805
61,3,29,0.609083354473114,0.9584759473800659,0.5134737843535495,0.9237816745861771,0.7710636258125305
61,3,30,0.5397060513496399,0.9330269694328308,0.7035642604155546,0.9147450612827414,0.4725940227508545
61,3,31,0.48041823506355286,0.9998178482055664,0.370966416490507,0.9718457497737952,0.6147058010101318
61,3,32,0.36131346225738525,0.9681925773620605,0.5562676431644589,0.9616682085698145,0.3360237181186676
62,3,0,0.24879123270511627,0.13713276386260986,0.2328148629600762,0.11703667857899333,0.9965675473213196
62,3,1,0.2600049376487732,0.11380824446678162,0.24770526766265144,0.09358539609943739,0.9966871738433838
62,3,2,0.267040491104126,0.11276030540466309,0.2532210841396032,0.09261857321735217,0.9963695406913757
62,3,3,0.27368149161338806,0.11145680397748947,0.25828157135229257,0.09174763761958349,0.9967296123504639
62,3,4,0.25853028893470764,0.11236272752285004,0.25039358112992793,0.09304205637341798,0.9960321187973022
62,3,5,0.2641149163246155,0.11036527901887894,0.25774677331590723,0.09165685704178153,0.9956758618354797
62,3,6,0.2700761556625366,0.10812385380268097,0.26506039877524695,0.09023570496190748,0.996757984161377
62,3,7,0.3280695974826813,0.10988669097423553,0.30894399045172366,0.09455387856425058,0.9967372417449951
62,3,8,0.33116135001182556,0.10668282955884933,0.3181880179536205,0.09240882450623292,0.9967477321624756
62,3,9,0.28144529461860657,0.15553851425647736,0.2613999009962965,0.13465174450149123,0.9961879849433899
62,3,10,0.2785159945487976,0.15412870049476624,0.2623632054368291,0.13446126960542987,0.9952449798583984
62,3,11,0.42163023352622986,0.20626947283744812,0.39677270865754083,0.19182437244480288,0.9990053176879883
62,3,12,0.5346436500549316,0.19949530065059662,0.4811824969977679,0.19621059897047505,0.9982661604881287
62,3,13,0.474581778049469,0.38759341835975647,0.374655259603448,0.37283402656972264,0.8578798770904541
62,3,14,0.5928589105606079,0.3544180691242218,0.47417241585459896,0.3562270262410715,0.052264899015426636
62,3,15,0.47408854961395264,0.47580721974372864,0.3285145420884827,0.44396652810653997,0.6149098873138428
62,3,16,0.5661550164222717,0.4678278863430023,0.4002804961055799,0.4461050041805533,0.048089686781167984
62,3,17,0.48869308829307556,0.4978795349597931,0.3278014405095706,0.4612685788197,0.5714817047119141
62,3,18,0.5754281282424927,0.49413466453552246,0.3861690608052172,0.4673258632025046,0.05998413637280464
62,3,19,0.47882673144340515,0.4878004491329193,0.3107260264114307,0.450739705883071,0.561627209186554
62,3,20,0.5395189523696899,0.4884820878505707,0.3664091726538281,0.46165480162604733,0.06036299839615822
62,3,21,0.4806717038154602,0.4780670404434204,0.32024606382004783,0.44428217011469084,0.5332168340682983
62,3,22,0.5354206562042236,0.4791925549507141,0.3708695437054454,0.45382986108396667,0.06598921120166779
62,3,23,0.4463345408439636,0.5201030969619751,0.39822561222839004,0.5169002069094887,0.9899420142173767
62,3,24,0.5182020664215088,0.510665237903595,0.45450639715251595,0.510382182170719,0.9873738288879395
62,3,25,0.45132192969322205,0.7339743971824646,0.2990829861911768,0.7321878093666591,0.7061051726341248
62,3,26,0.4762950837612152,0.7126439213752747,0.46562643692349925,0.7160792054531274,0.29128769040107727
62,3,27,0.5761746168136597,0.9237815141677856,0.48142746142682874,0.9088674454609781,0.6522732973098755
62,3,28,0.582005500793457,0.8898029923439026,0.6333246983447278,0.8920303119155815,0.3258010149002075
62,3,29,0.6295437812805176,0.9558139443397522,0.5336441803011759,0.9293340645448367,0.7592152953147888
62,3,30,0.6263663172721863,0.9176744222640991,0.6901646906677158,0.9152523852689415,0.46323373913764954
62,3,31,0.5458365678787231,0.9739664196968079,0.401408262923287,0.9722130112066524,0.5845531225204468
62,3,32,0.5011752247810364,0.9509719610214233,0.5467113229415311,0.9598153357439285,0.3203393816947937
63,3,0,0.2902546525001526,0.13811257481575012,0.24277892283802116,0.12068871965749148,0.9964854717254639
63,3,1,0.30178794264793396,0.11525341123342514,0.2570860245293248,0.09734010659218877,0.996539831161499
63,3,2,0.30936235189437866,0.11412966251373291,0.2629595096287548,0.09634607347075251,0.9962552189826965
63,3,3,0.3171745538711548,0.11274219304323196,0.26849816004806354,0.09538557501018016,0.9965074062347412
63,3,4,0.29688146710395813,0.11425875127315521,0.25845516852875,0.0967185106137605,0.9958099126815796
63,3,5,0.30087152123451233,0.11247073113918304,0.26522439538969383,0.09526346634497718,0.9955569505691528
63,3,6,0.30562227964401245,0.11040598899126053,0.2720930911632923,0.0937307259576704,0.996576189994812
63,3,7,0.3725582957267761,0.11188323050737381,0.319981181999775,0.09755637859914622,0.9965711236000061
63,3,8,0.3646170496940613,0.10979390889406204,0.3262393855065152,0.09542098580566755,0.9967751502990723
63,3,9,0.3207968771457672,0.15673260390758514,0.2717040787467299,0.1384780416185146,0.9961910843849182
63,3,10,0.3153758645057678,0.15609708428382874,0.27155807192218606,0.13821039665932894,0.9952148795127869
63,3,11,0.5048120021820068,0.20937661826610565,0.41554265648815647,0.1948655116146983,0.9989928007125854
63,3,12,0.5551351308822632,0.2012789249420166,0.4940173952455038,0.1970884183712567,0.9983025789260864
63,3,13,0.5564462542533875,0.38635727763175964,0.4063079326969876,0.3751768101757529,0.8497486710548401
63,3,14,0.600889265537262,0.3617006838321686,0.496199629882772,0.35717505946901734,0.057035911828279495
63,3,15,0.5491297245025635,0.4910790026187897,0.36697189001717484,0.4521365721740261,0.5975187420845032
63,3,16,0.5551460385322571,0.4677726924419403,0.4272235935592227,0.44985965721925253,0.04995524138212204
63,3,17,0.56292325258255,0.5173316597938538,0.36880546042076556,0.47099339682616137,0.5557911396026611
63,3,18,0.5610502362251282,0.4941386282444,0.4166126855799886,0.4719727907164528,0.062001362442970276
63,3,19,0.5518849492073059,0.509813666343689,0.3527904234069435,0.46098772397116133,0.5462164282798767
63,3,20,0.5298997759819031,0.4888281226158142,0.3948601989430039,0.4663642683487892,0.062272366136312485
63,3,21,0.5500773787498474,0.498601496219635,0.36032105238965156,0.4537040262528662,0.522523045539856
63,3,22,0.5290518403053284,0.4794013202190399,0.39839242279649384,0.45826149270132616,0.06818898767232895
63,3,23,0.5121150612831116,0.5180526375770569,0.4180154015267637,0.517099781078846,0.9900715351104736
63,3,24,0.5426064133644104,0.5098532438278198,0.4698031210029676,0.5102905840801841,0.9872012734413147
63,3,25,0.48952746391296387,0.7320598363876343,0.33225117425891815,0.7321656481091289,0.695643961429596
63,3,26,0.4960821866989136,0.7119079828262329,0.4709052645299163,0.7153567812485195,0.27976512908935547
63,3,27,0.5987794399261475,0.922281801700592,0.5018212946076627,0.9111913558313369,0.6172735095024109
63,3,28,0.5892188549041748,0.8887040615081787,0.6256766643925973,0.8914542449643937,0.3061645030975342
63,3,29,0.6458890438079834,0.9537532925605774,0.553147599032562,0.9335658631380731,0.7451284527778625
63,3,30,0.6317712664604187,0.9171594381332397,0.680034820174975,0.9155826497916576,0.44766318798065186
63,3,31,0.574034571647644,0.9719166159629822,0.4314575567286096,0.9721616837808543,0.5537440180778503
63,3,32,0.5127152800559998,0.9508033394813538,0.5408181190643606,0.958254298796244,0.303790420293808
64,3,0,0.2759251296520233,0.13567323982715607,0.24852459636163518,0.12328476923524821,0.996692419052124
64,3,1,0.2931310832500458,0.11265287548303604,0.2633347376813838,0.0999930510263371,0.9967423677444458
64,3,2,0.3007548153400421,0.11159930378198624,0.26951198723209085,0.09898869808626881,0.9964699149131775
64,3,3,0.30848780274391174,0.1103207916021347,0.2754315212029949,0.09797307895487974,0.9966811537742615
64,3,4,0.29023081064224243,0.11180052161216736,0.26396303595483894,0.0993314579868113,0.9960688948631287
64,3,5,0.2956099510192871,0.11016709357500076,0.2704910905476884,0.09784549500016591,0.9958397150039673
64,3,6,0.3014017641544342,0.10828662663698196,0.27717296699752686,0.09625248518999961,0.9967819452285767
64,3,7,0.3690669536590576,0.11066688597202301,0.3284939434990179,0.09982762973833212,0.9967811703681946
64,3,8,0.36393627524375916,0.10894326865673065,0.33277478123308746,0.09776360148124758,0.9970104694366455
64,3,9,0.3114573061466217,0.15527945756912231,0.2785964026777168,0.1413890251055935,0.9963998198509216
64,3,10,0.30701589584350586,0.15565738081932068,0.2777048752666659,0.14123328873723287,0.9954924583435059
64,3,11,0.4873393177986145,0.20868876576423645,0.42800257000063285,0.19726028956142264,0.999005138874054
64,3,12,0.5952470898628235,0.20244231820106506,0.5116007577191847,0.19801570630387103,0.9983922243118286
64,3,13,0.4999730587005615,0.36942434310913086,0.42257369113582066,0.3741804791628088,0.8524397611618042
64,3,14,0.6517658829689026,0.3614632785320282,0.5232651309973364,0.35791774920332947,0.09732590615749359
64,3,15,0.4743386209011078,0.3533370792865753,0.3856248618392945,0.43497658465733835,0.5790200233459473
64,3,16,0.6575283408164978,0.47456252574920654,0.4673817586177009,0.4541406476285618,0.07469126582145691
64,3,17,0.44873759150505066,0.3463593125343323,0.3826808429491694,0.44932956573218763,0.5359878540039062
64,3,18,0.6785697937011719,0.5047903060913086,0.462333238712052,0.4776614296948862,0.08546487987041473
64,3,19,0.5283187031745911,0.32638490200042725,0.3833475296160627,0.4375841603083501,0.5280117392539978
64,3,20,0.6604242324829102,0.5025844573974609,0.44121518608031124,0.4726433737092105,0.08405880630016327
64,3,21,0.5502250790596008,0.3297934830188751,0.3933948942347665,0.43216643804650556,0.5075854063034058
64,3,22,0.6468209028244019,0.4922192692756653,0.4417342173300988,0.46414798822254727,0.08799412101507187
64,3,23,0.520407497882843,0.5215047597885132,0.4358012919445462,0.5178626954632973,0.9907150268554688
64,3,24,0.5597337484359741,0.5132970809936523,0.48541856931809546,0.5108112683774001,0.987790584564209
64,3,25,0.4889872968196869,0.7371221780776978,0.3595213300204847,0.7330241019059532,0.7090786099433899
64,3,26,0.4652438163757324,0.7163935303688049,0.4699246937684278,0.7155363214385266,0.30457061529159546
64,3,27,0.6008625626564026,0.9259130358695984,0.5190235993181991,0.9137418480000672,0.6397820711135864
64,3,28,0.5402591824531555,0.8945551514625549,0.6108467756955795,0.8919912811118448,0.3378552496433258
64,3,29,0.6331076622009277,0.9418590664863586,0.5670278425582869,0.9350023610506785,0.7598439455032349
64,3,30,0.5972582697868347,0.9238608479499817,0.6656645717056666,0.9170165476617563,0.47121462225914
64,3,31,0.5290393233299255,0.9772084951400757,0.4484057132188867,0.9730357764841631,0.5830596089363098
64,3,32,0.4061231315135956,0.955109715461731,0.517398275614532,0.9577096974837821,0.3405285179615021
65,3,0,0.28134480118751526,0.13107697665691376,0.2542137046501359,0.12463446776370779,0.9967972040176392
65,3,1,0.2977147400379181,0.11130458116531372,0.269294502489929,0.10195254335018704,0.9968148469924927
65,3,2,0.30448541045188904,0.11103381961584091,0.27557472967256696,0.10107531618442273,0.9965644478797913
65,3,3,0.3104720413684845,0.11074049025774002,0.2815059075953929,0.10018486980577535,0.9967447519302368
65,3,4,0.29613810777664185,0.10937067121267319,0.26954020671623063,0.10107048078868743,0.9961180090904236
65,3,5,0.3025686740875244,0.10776674002408981,0.2760513463496827,0.09956407688831788,0.995902419090271
65,3,6,0.313080757856369,0.10620730370283127,0.28339785788767696,0.09797688448126053,0.9967580437660217
65,3,7,0.36363285779953003,0.1111440509557724,0.3345854054502198,0.10178796951406051,0.996870219707489
65,3,8,0.3709127604961395,0.10888123512268066,0.33938673623306287,0.09968949383526994,0.9970049858093262
65,3,9,0.32075631618499756,0.14887060225009918,0.28590652178920967,0.14268490688254745,0.9964436292648315
65,3,10,0.3260507881641388,0.14560291171073914,0.28608914171896493,0.14199007904144414,0.9954503774642944
65,3,11,0.4276154935359955,0.20731261372566223,0.42793553898930065,0.19900158407294652,0.9990832209587097
65,3,12,0.6151556372642517,0.20382754504680634,0.5295892768387621,0.1990223224752287,0.9984261393547058
65,3,13,0.5299705862998962,0.3672260642051697,0.441231775433979,0.3729759264412885,0.8406652212142944
65,3,14,0.7042482495307922,0.36113986372947693,0.554776673564486,0.35847577915749596,0.1412326544523239
65,3,15,0.6005998253822327,0.392340749502182,0.4230929630840479,0.42758382776093523,0.5906969904899597
65,3,16,0.7316577434539795,0.481757253408432,0.5135103886372763,0.45892700605508396,0.11196403205394745
65,3,17,0.6270242929458618,0.40801066160202026,0.4253049851558127,0.4421654264520816,0.5489887595176697
65,3,18,0.7552884221076965,0.5091060996055603,0.5135115851252914,0.48311187381885023,0.1202460378408432
65,3,19,0.6385067105293274,0.39057525992393494,0.42787290029494024,0.42943205838115567,0.5417100191116333
65,3,20,0.7365404963493347,0.5061688423156738,0.4928111680839708,0.4784548553543101,0.11678789556026459
65,3,21,0.6384713649749756,0.3879994750022888,0.4361479619655473,0.4245078327713861,0.5205646753311157
65,3,22,0.7198324203491211,0.49703630805015564,0.4902955132118552,0.4698489140743614,0.11962413042783737
65,3,23,0.46362361311912537,0.5248463749885559,0.4406233461019895,0.5190723182425067,0.9912586808204651
65,3,24,0.5744523406028748,0.5169261693954468,0.5008778911726574,0.5118703848767296,0.9876772165298462
65,3,25,0.418491929769516,0.7406244874000549,0.3697515319780563,0.7343405669304446,0.700542688369751
65,3,26,0.5635722875595093,0.719051718711853,0.48618725910284344,0.7161451496663741,0.3071850538253784
65,3,27,0.3040028214454651,0.9230427742004395,0.48154832281150783,0.9153529464748059,0.6387230157852173
65,3,28,0.6660566329956055,0.9027960896492004,0.6204233017728292,0.8938629650504815,0.33512377738952637
65,3,29,0.3410058915615082,0.941609799861908,0.5276224041861195,0.9361468031949416,0.7616052031517029
65,3,30,0.7070845365524292,0.9340574145317078,0.6728461725474112,0.9199690379662088,0.47046494483947754
65,3,31,0.2688729166984558,0.9840537309646606,0.4171487515613904,0.9749443958886238,0.5775295495986938
65,3,32,0.5610719323158264,0.953281819820404,0.5249711206673072,0.9569428165591187,0.3352881968021393
66,3,0,0.36745673418045044,0.10460897535085678,0.273890817502383,0.12116455149924343,0.9969635605812073
66,3,1,0.36384475231170654,0.07540050894021988,0.28571436571732794,0.09735083882024126,0.9969175457954407
66,3,2,0.3655422329902649,0.07535239309072495,0.291196596525968,0.09661741506471017,0.9966910481452942
66,3,3,0.36695948243141174,0.07552170008420944,0.2963419747270629,0.09591076486820486,0.9968811273574829
66,3,4,0.36292752623558044,0.07536452263593674,0.28575754544747034,0.09661552197806207,0.9962838888168335
66,3,5,0.36450648307800293,0.07535853981971741,0.29140990860457155,0.0953693368604325,0.9960494637489319
66,3,6,0.35169991850852966,0.07473238557577133,0.29525005932061765,0.09394880545852995,0.9968668222427368
66,3,7,0.39726319909095764,0.07829953730106354,0.3454598181526215,0.09771758895780021,0.9969710111618042
66,3,8,0.3883727788925171,0.08034126460552216,0.3478821794301559,0.09633699839139202,0.9970866441726685
66,3,9,0.3980623185634613,0.1208503320813179,0.30539408739025586,0.1389013163939658,0.996577799320221
66,3,10,0.38749971985816956,0.12324654310941696,0.30370401131467095,0.1387424188248048,0.995616614818573
66,3,11,0.4944569766521454,0.17542605102062225,0.43947814706022864,0.19491609883095382,0.9990886449813843
66,3,12,0.5247858762741089,0.17239579558372498,0.528757351500679,0.1944076967216421,0.9984297752380371
66,3,13,0.6630483865737915,0.3170720636844635,0.47989994425848614,0.36327874787259107,0.8023290634155273
66,3,14,0.676998496055603,0.341318815946579,0.5760198609240926,0.35550316296048046,0.1741371899843216
66,3,15,0.7199528813362122,0.29286420345306396,0.4749592717952931,0.40415986241371626,0.589116632938385
66,3,16,0.7708851099014282,0.38867929577827454,0.558425570640096,0.4467364781780308,0.1314118504524231
66,3,17,0.7345876097679138,0.28598731756210327,0.47936192800289984,0.4149929761979,0.5526391267776489
66,3,18,0.806911826133728,0.40249893069267273,0.564768860280258,0.4691182558275305,0.13853363692760468
66,3,19,0.73988938331604,0.2643131613731384,0.48241231245524485,0.40069637620946563,0.5449130535125732
66,3,20,0.7887817621231079,0.38648563623428345,0.5445214028446205,0.4624844677691591,0.13426406681537628
66,3,21,0.7373707294464111,0.26829442381858826,0.48878372359127914,0.3973292215366774,0.5212470889091492
66,3,22,0.7736732363700867,0.38199034333229065,0.5397869223822122,0.4545942158726835,0.13545209169387817
66,3,23,0.4845864474773407,0.4748058617115021,0.44824654672971626,0.5113964640347413,0.9913682341575623
66,3,24,0.5517293810844421,0.4757486879825592,0.5096973642372506,0.5056083722918112,0.9880046844482422
66,3,25,0.38702866435050964,0.6805254817008972,0.37274501028125706,0.7250062955848176,0.6811578869819641
66,3,26,0.663069486618042,0.7058082222938538,0.5169807085089428,0.7143545401960522,0.33892324566841125
66,3,27,0.1581142395734787,0.8803065419197083,0.4249955619305632,0.9092775413599479,0.6495012044906616
66,3,28,0.8166399598121643,0.9272947311401367,0.6546023161966582,0.8996581857038788,0.37284258008003235
66,3,29,0.21434888243675232,0.929703414440155,0.4728628182487957,0.9350307806800447,0.7629900574684143
66,3,30,0.8420627117156982,0.9631321430206299,0.7022982830205217,0.927453320869204,0.4963560700416565
66,3,31,0.16991500556468964,0.9388224482536316,0.3740176857326988,0.9686823405335511,0.5888316631317139
66,3,32,0.815723717212677,0.9774338006973267,0.57575989583412,0.960493440733696,0.3607458770275116
67,3,0,0.1724405735731125,0.10678999125957489,0.2562690914875394,0.11867422289335393,0.9969853162765503
67,3,1,0.19090338051319122,0.07781795412302017,0.2692491300723389,0.093966328802687,0.9968488812446594
67,3,2,0.2002011090517044,0.07932019978761673,0.27539577886704164,0.09362048621165255,0.9967243671417236
67,3,3,0.21170203387737274,0.08063951879739761,0.2816475559531253,0.09326501808313291,0.9969136714935303
67,3,4,0.18973343074321747,0.0781128779053688,0.2690810251013782,0.09340962345750557,0.9961979389190674
67,3,5,0.19782382249832153,0.07722451537847519,0.27515798487880755,0.092225471023211,0.9960060715675354
67,3,6,0.20539884269237518,0.07674765586853027,0.2796484614300302,0.09096852960839433,0.9967852830886841
67,3,7,0.2828676700592041,0.08353497087955475,0.334600311264931,0.09526052751838657,0.9970065951347351
67,3,8,0.2780449688434601,0.08479202538728714,0.33576304428908077,0.0943370531943637,0.9969021081924438
67,3,9,0.212212473154068,0.1266988068819046,0.2892126169391542,0.13678742390267065,0.9965621829032898
67,3,10,0.2082848697900772,0.12830805778503418,0.2871328659760282,0.1369349262626121,0.9953098297119141
67,3,11,0.4758909344673157,0.17964525520801544,0.44579068735950794,0.1922704217023101,0.9991145730018616
67,3,12,0.3360026180744171,0.18727298080921173,0.4951847522863439,0.19317190766008246,0.9982262253761292
67,3,13,0.6499298214912415,0.33642253279685974,0.509494858909624,0.3586242809298756,0.8108983635902405
67,3,14,0.39171403646469116,0.34904107451438904,0.5439271739219248,0.3543839009856739,0.16199196875095367
67,3,15,0.6952105164527893,0.40489092469215393,0.5133536290492774,0.4042864632014203,0.5888577699661255
67,3,16,0.4248684048652649,0.423400342464447,0.5352052728127753,0.44269250510939834,0.12269524484872818
67,3,17,0.7293791770935059,0.4373930096626282,0.5229839728391196,0.4188745924799252,0.5517976880073547
67,3,18,0.4321766495704651,0.4320319592952728,0.5417171910153824,0.4626888299737454,0.1303740292787552
67,3,19,0.7154127359390259,0.4443986713886261,0.52304488981151,0.40827422022801435,0.5435092449188232
67,3,20,0.43293002247810364,0.3976656496524811,0.5251329885312773,0.45123786645692215,0.1269257366657257
67,3,21,0.7018340229988098,0.43597832322120667,0.5259150748643907,0.404029847498135,0.5193485617637634
67,3,22,0.43389254808425903,0.4020547568798065,0.5213913992861314,0.44548154277453494,0.12888823449611664
67,3,23,0.4867154061794281,0.501304566860199,0.45491594532425533,0.5096483121672903,0.9908558130264282
67,3,24,0.4020630121231079,0.49845683574676514,0.4909980125509104,0.5043696690195066,0.9875928163528442
67,3,25,0.49365004897117615,0.7173138856887817,0.39375845908923174,0.723673886757504,0.6982495784759521
67,3,26,0.39269769191741943,0.7226906418800354,0.49537820871560134,0.7157984707268188,0.3657566010951996
67,3,27,0.625625729560852,0.9178577065467834,0.45994766781327157,0.9107637577685268,0.6723873615264893
67,3,28,0.48444586992263794,0.9267632365226746,0.6249856450200654,0.9043558119302884,0.3927513659000397
67,3,29,0.6974717974662781,0.9561875462532043,0.5120203695043283,0.9386968431313302,0.7693212032318115
67,3,30,0.5410708785057068,0.959585428237915,0.6742431880049575,0.9330230368194319,0.5042756795883179
67,3,31,0.5271736979484558,0.9596989750862122,0.40066177416462984,0.9671262643349345,0.6112774014472961
67,3,32,0.3745828866958618,0.9925626516342163,0.5407116660372724,0.9660522429565251,0.3803037405014038
68,3,0,0.2002328336238861,0.11113423854112625,0.24654891171954893,0.11736822238750996,0.9968527555465698
68,3,1,0.21658416092395782,0.08344213664531708,0.2601146627317957,0.09214327011712875,0.9965552091598511
68,3,2,0.22422713041305542,0.08402623981237411,0.26652123930761545,0.09195856434960742,0.9964434504508972
68,3,3,0.23297914862632751,0.0844060555100441,0.27320728486630075,0.0917304965206414,0.9967030882835388
68,3,4,0.21681687235832214,0.0835174173116684,0.2600161849871738,0.09169607343269641,0.9959219098091125
68,3,5,0.22407370805740356,0.08246425539255142,0.26629809875947874,0.09053461813718343,0.9957342147827148
68,3,6,0.2304445505142212,0.08157268166542053,0.27111517863475754,0.08934098416096166,0.9965752959251404
68,3,7,0.2950795590877533,0.0860501080751419,0.32774834562810823,0.09366511081941666,0.9966759085655212
68,3,8,0.29372209310531616,0.08640783280134201,0.3284735810258457,0.09296361703573602,0.9963818788528442
68,3,9,0.2380923628807068,0.12854613363742828,0.28034648961711683,0.13535992014116086,0.9963035583496094
68,3,10,0.23527251183986664,0.12866555154323578,0.2781381750059498,0.13550255670123865,0.994939923286438
68,3,11,0.4653073251247406,0.18457770347595215,0.44917238552738126,0.19093795997637836,0.9990872740745544
68,3,12,0.4071347713470459,0.19159679114818573,0.4798966782829425,0.19289913065627978,0.9981165528297424
68,3,13,0.6643620133399963,0.35002338886260986,0.5364384581649614,0.35713447241475543,0.8061801791191101
68,3,14,0.5346013903617859,0.3553796410560608,0.5423117747077678,0.3545563391662679,0.1642756313085556
68,3,15,0.7973921298980713,0.4611698091030121,0.5629616065476616,0.41415379831377375,0.5925546288490295
68,3,16,0.770933985710144,0.46007224917411804,0.5763163936180542,0.44570373872145336,0.12906228005886078
68,3,17,0.84559565782547,0.4873393177986145,0.5793937517773152,0.43075501037114733,0.5562571883201599
68,3,18,0.7994869351387024,0.5034011602401733,0.5867020787952352,0.46974763550153803,0.13611570000648499
68,3,19,0.8348861932754517,0.48928213119506836,0.5775541027014893,0.4223364891426148,0.5480411052703857
68,3,20,0.7953187227249146,0.49414315819740295,0.5723020994442578,0.4586773779905291,0.13222025334835052
68,3,21,0.8160363435745239,0.48199960589408875,0.5765948171291968,0.4175634974731252,0.523347795009613
68,3,22,0.7795706391334534,0.4840584993362427,0.566448192211307,0.45216968096341353,0.1337711364030838
68,3,23,0.4811655879020691,0.5137110352516174,0.45946521148405817,0.5103519426131904,0.9905290603637695
68,3,24,0.43041056394577026,0.5094853043556213,0.48048693772801543,0.5052556833782251,0.9871767163276672
68,3,25,0.45924535393714905,0.7340121269226074,0.405121298863919,0.7254647230714594,0.690029501914978
68,3,26,0.5951425433158875,0.7294845581054688,0.5127062502954127,0.7181694755618863,0.37371209263801575
68,3,27,0.13176284730434418,0.9037489891052246,0.40255569579925504,0.9095487488474914,0.6646011471748352
68,3,28,0.8107393980026245,0.9286174178123474,0.6573321001098231,0.9085602768324574,0.4036030173301697
68,3,29,0.14538155496120453,0.9323594570159912,0.44783080804389247,0.9375991843202739,0.7519224286079407
68,3,30,0.8504037857055664,0.9597692489624023,0.7049103138067314,0.9376584231723643,0.5085965394973755
68,3,31,0.19039160013198853,0.9688910245895386,0.36401927798485106,0.9674318853247952,0.5962870717048645
68,3,32,0.8203372359275818,0.9827647805213928,0.5895409796347213,0.9689478197586949,0.3831094205379486
69,3,0,0.20446400344371796,0.11311442404985428,0.2392518168043058,0.11663149485426069,0.9969918131828308
69,3,1,0.21905001997947693,0.08624757826328278,0.2529946879784951,0.09112212787903722,0.9966890215873718
69,3,2,0.22589148581027985,0.0863138884305954,0.2594767599344631,0.09098090582529456,0.996589720249176
69,3,3,0.23332946002483368,0.08613802492618561,0.26629333347936357,0.09076188132582876,0.9968473315238953
69,3,4,0.2204795479774475,0.08617901057004929,0.25316145645224924,0.09074052115644482,0.9960986375808716
69,3,5,0.2277916669845581,0.08503643423318863,0.2596221899336945,0.08958233623290765,0.995929479598999
69,3,6,0.23453278839588165,0.08392982184886932,0.26477320829882045,0.08840377679727682,0.9967372417449951
69,3,7,0.2927815020084381,0.08682257682085037,0.3216867471916744,0.09247994045836332,0.9967799186706543
69,3,8,0.29304349422454834,0.08681930601596832,0.3223315902606013,0.09189940569684583,0.9964852929115295
69,3,9,0.24092040956020355,0.1291322410106659,0.2735109566913281,0.1342812665374045,0.9964046478271484
69,3,10,0.24004247784614563,0.12875595688819885,0.2715335600512265,0.13433400618908356,0.995092511177063
69,3,11,0.45688292384147644,0.18561382591724396,0.450507936220862,0.19001582821769564,0.9990651607513428
69,3,12,0.4242895841598511,0.19408860802650452,0.47025102527591334,0.19310512065924015,0.9980508685112
69,3,13,0.6575632095336914,0.3549033999443054,0.5574903782838748,0.3567480899208065,0.8043556809425354
69,3,14,0.6133663654327393,0.3514980673789978,0.5546426654417143,0.35402668732389686,0.1580592393875122
69,3,15,0.7959379553794861,0.480524480342865,0.6035900175893884,0.42567015458183943,0.5880997180938721
69,3,16,0.8084006905555725,0.4766075313091278,0.616787732649677,0.45106034024838376,0.12465362995862961
69,3,17,0.8455290198326111,0.5021476149559021,0.6258509170949832,0.4431445999188362,0.5506341457366943
69,3,18,0.8593466877937317,0.5144757032394409,0.6343041643452932,0.4775036375783591,0.1317252516746521
69,3,19,0.8352053761482239,0.5052404403686523,0.6225189536527835,0.4367287409152134,0.5422923564910889
69,3,20,0.8500267863273621,0.512983500957489,0.6207985291483475,0.46809695000943813,0.12801453471183777
69,3,21,0.8165162801742554,0.49806568026542664,0.618443213932351,0.43153780049150003,0.5183567404747009
69,3,22,0.8317373394966125,0.5010461807250977,0.6127558434778635,0.4606460881618018,0.12958790361881256
69,3,23,0.47488439083099365,0.518138587474823,0.4621366045793573,0.511700676922766,0.98978590965271
69,3,24,0.4341432750225067,0.5129364728927612,0.4724503902430428,0.5065860782070253,0.9865092039108276
69,3,25,0.4321095645427704,0.7328249216079712,0.4097987074899035,0.7267395756455505,0.6752715706825256
69,3,26,0.6623764038085938,0.7265358567237854,0.5387412959866541,0.7196186523039775,0.369492769241333
69,3,27,0.12352918088436127,0.8899645209312439,0.3538307636704935,0.9061553367325671,0.6501938700675964
69,3,28,0.9095197916030884,0.9171226024627686,0.7013343665726389,0.9100434029755572,0.401435911655426
69,3,29,0.2660844027996063,0.9388306140899658,0.41618514259298023,0.9378124397970683,0.7350493669509888
69,3,30,0.9610221982002258,0.9440727233886719,0.7496024335497924,0.9387694067668475,0.5055655837059021
69,3,31,0.18179132044315338,0.9622076749801636,0.3322898437214822,0.9665270628829629,0.5782149434089661
69,3,32,0.903357982635498,0.9730672240257263,0.644397271333,0.9696612684397663,0.37856239080429077
70,3,0,0.1733250766992569,0.11970003694295883,0.22781260919468674,0.11716292552294885,0.9972501397132874
70,3,1,0.18868902325630188,0.0975463017821312,0.24183730002975154,0.09223482152357391,0.9969673156738281
70,3,2,0.19527019560337067,0.09721392393112183,0.2483366000667177,0.09206048430455009,0.9968746900558472
70,3,3,0.20218093693256378,0.09668505191802979,0.2551695448081662,0.09178778369144584,0.997110903263092
70,3,4,0.19168053567409515,0.09689705073833466,0.24249507994517955,0.09180684911678466,0.996429979801178
70,3,5,0.1995081752538681,0.09565460681915283,0.24919338645006683,0.09063406764382818,0.9962813258171082
70,3,6,0.20718273520469666,0.09451001137495041,0.2547829528655374,0.0894613919355353,0.9970174431800842
70,3,7,0.2623140513896942,0.0946740061044693,0.3113867846030828,0.09285991343605877,0.997031569480896
70,3,8,0.2691315710544586,0.09451840072870255,0.31310416791183243,0.09235297465940927,0.9967544078826904
70,3,9,0.21573545038700104,0.13404318690299988,0.2634885555200125,0.13424003782076413,0.9966742396354675
70,3,10,0.21754568815231323,0.13349229097366333,0.262169266957764,0.1341882420720825,0.9954169392585754
70,3,11,0.39107730984687805,0.18698225915431976,0.4401979185572187,0.18949045494310396,0.9991430044174194
70,3,12,0.4213777780532837,0.20192714035511017,0.46177514508231315,0.19463324128379866,0.9981912970542908
70,3,13,0.6218183040618896,0.35531875491142273,0.5686517983282969,0.35650056023104976,0.814996063709259
70,3,14,0.6105444431304932,0.35809817910194397,0.5643395157527274,0.3547318367792905,0.1687985062599182
70,3,15,0.657340943813324,0.4767163395881653,0.6129135127765014,0.43452340970318126,0.6019566655158997
70,3,16,0.7219879031181335,0.4849167466163635,0.635063468966071,0.4569292444555904,0.12874022126197815
70,3,17,0.6796613931655884,0.49724456667900085,0.6351848517298193,0.45252834291041916,0.5616880059242249
70,3,18,0.7598353028297424,0.516427755355835,0.6561253421506613,0.4842520415657168,0.13434608280658722
70,3,19,0.6450289487838745,0.5025092363357544,0.6264198561541975,0.44814249485643787,0.5543719530105591
70,3,20,0.7389222979545593,0.5157479643821716,0.6413275636370913,0.47636052702202814,0.13040095567703247
70,3,21,0.6550002694129944,0.4888966679573059,0.6247810611795648,0.44148778527667487,0.5280352830886841
70,3,22,0.7210341095924377,0.5054103136062622,0.6315681861021308,0.468408370158729,0.13154283165931702
70,3,23,0.4500003755092621,0.5183179378509521,0.46003420144464713,0.5128468205696324,0.990683376789093
70,3,24,0.41309690475463867,0.5135697722434998,0.4621537623021386,0.5077957033427769,0.9876461625099182
70,3,25,0.5496364235877991,0.7347157597541809,0.4341164066856005,0.7281211481204055,0.7013288736343384
70,3,26,0.27152499556541443,0.7228452563285828,0.4920962802776605,0.7201774598742897,0.40578049421310425
70,3,27,0.8685630559921265,0.9029602408409119,0.4443398023488956,0.9056019864312972,0.6793906688690186
70,3,28,0.15366840362548828,0.914192795753479,0.6049393983682743,0.9107620460986926,0.4415593147277832
70,3,29,0.924531102180481,0.9256274700164795,0.5055549515221072,0.93570158679045,0.7503686547279358
70,3,30,0.18239447474479675,0.9443214535713196,0.6497104671082882,0.9397310194909545,0.5251680612564087
70,3,31,0.8194118142127991,0.9635655879974365,0.41787604638852716,0.9660141764443523,0.613224983215332
70,3,32,0.029033556580543518,0.9726628661155701,0.5358727717980329,0.9701811042561713,0.4174248278141022
71,3,0,0.08627601712942123,0.1316308230161667,0.20319837450262557,0.11966943156621034,0.997384786605835
71,3,1,0.09601671993732452,0.10708492249250412,0.21647479940535172,0.0948075722643092,0.9970995783805847
71,3,2,0.10247104614973068,0.10537193715572357,0.22296624408200413,0.09436656069162942,0.997063398361206
71,3,3,0.10946556180715561,0.10339705646038055,0.22982741547336114,0.09379887150375214,0.9972804188728333
71,3,4,0.09653712809085846,0.10770772397518158,0.21710858194787708,0.0945617313549427,0.9965271353721619
71,3,5,0.10279463976621628,0.10637830197811127,0.22372988579018274,0.09336179853578801,0.9964000582695007
71,3,6,0.10968159139156342,0.10496536642313004,0.22954608606404422,0.09214747778252647,0.9970575571060181
71,3,7,0.16961799561977386,0.09691969305276871,0.2867320060964305,0.09356303418969156,0.9972506165504456
71,3,8,0.1710347980260849,0.09972816705703735,0.2883968898311514,0.09363042523188743,0.9967182874679565
71,3,9,0.12267149239778519,0.14400532841682434,0.2389999898019653,0.1359315967329041,0.9968507289886475
71,3,10,0.12369608134031296,0.14525297284126282,0.23808999307075188,0.13610496691191723,0.9954363703727722
71,3,11,0.34550437331199646,0.18598827719688416,0.423753112036109,0.18888391641888952,0.9992244243621826
71,3,12,0.2826761305332184,0.20368482172489166,0.4305935009199681,0.19620113650461218,0.9981905817985535
71,3,13,0.588776171207428,0.3293302357196808,0.5721389049107691,0.35179161106977397,0.8329997658729553
71,3,14,0.49058303236961365,0.34833720326423645,0.5515387821000012,0.35362426055925905,0.16047197580337524
71,3,15,0.7232041358947754,0.47196170687675476,0.6320765489805628,0.441013917840638,0.6382688283920288
71,3,16,0.6460716724395752,0.4839606285095215,0.6369704502145419,0.4616140927308591,0.13017651438713074
71,3,17,0.7969575524330139,0.49248206615448,0.66333644057636,0.4594554575707723,0.5985389947891235
71,3,18,0.7036585807800293,0.5162650942802429,0.6643687626412993,0.4898011010747381,0.13702692091464996
71,3,19,0.7785427570343018,0.5024797320365906,0.6528845450914509,0.4575674722010021,0.5919795632362366
71,3,20,0.6997008323669434,0.519513726234436,0.6514542130309248,0.4838430918140758,0.13375693559646606
71,3,21,0.7443068623542786,0.4908447861671448,0.6455545197931114,0.45004764610344417,0.5663673281669617
71,3,22,0.6778317093849182,0.5075892806053162,0.6395910814551408,0.47520134869016883,0.1340622901916504
71,3,23,0.3532665967941284,0.5150801539421082,0.44148588580720993,0.5132335944390941,0.9914402961730957
71,3,24,0.300081342458725,0.5154825448989868,0.4339509021867504,0.5091271467710663,0.9885188937187195
71,3,25,0.48088234663009644,0.7344334721565247,0.4422263548234344,0.729214465086441,0.729096531867981
71,3,26,0.11446122080087662,0.7223631739616394,0.4259596583556311,0.7205559864431539,0.4420211613178253
71,3,27,0.8851906061172485,0.9020951390266418,0.52169267894489,0.9049946390249545,0.7094980478286743
71,3,28,0.16416926681995392,0.9395409822463989,0.5275993269117616,0.9157500277683931,0.4828101396560669
71,3,29,0.9767493009567261,0.9156473278999329,0.5883063280711124,0.932226682451504,0.7660909295082092
71,3,30,0.12040957063436508,0.9474232196807861,0.5565933917864742,0.9410633917449639,0.5450944304466248
71,3,31,0.8334284424781799,0.9722685813903809,0.49073642884052904,0.9670974598606942,0.6490626931190491
71,3,32,0.059448711574077606,1.0313776731491089,0.4521885642423836,0.9807980520603293,0.4595554769039154
72,3,0,0.09225733578205109,0.12896426022052765,0.1839225165132679,0.12127947360922185,0.9974961280822754
72,3,1,0.1061616763472557,0.10556285083293915,0.19730839577924253,0.09667067388330762,0.9972103834152222
72,3,2,0.1114276796579361,0.10372956097126007,0.20358621547651348,0.09598841464827507,0.9972147941589355
72,3,3,0.11691221594810486,0.1015821024775505,0.21020738739785025,0.0951470146421778,0.997425377368927
72,3,4,0.10706452280282974,0.10642486065626144,0.1979890806921934,0.09661681076044824,0.9966578483581543
72,3,5,0.11283395439386368,0.10521017014980316,0.20446188536644336,0.09541432052580961,0.9965423345565796
72,3,6,0.11874024569988251,0.10381486266851425,0.2102937905801672,0.09416863601595692,0.9971560835838318
72,3,7,0.17451579868793488,0.09655733406543732,0.26723385024763097,0.09408160592565061,0.9974385499954224
72,3,8,0.1777951866388321,0.09950094670057297,0.2691801881748521,0.09464720709962215,0.9967880249023438
72,3,9,0.12415336817502975,0.14056441187858582,0.21904321784742206,0.13673397643206525,0.9970186352729797
72,3,10,0.12348715960979462,0.14197184145450592,0.2181757288478426,0.13712111704266805,0.9954857230186462
72,3,11,0.3458336889743805,0.1860133856534958,0.41022813584221685,0.1883867816215035,0.9992943406105042
72,3,12,0.31534168124198914,0.20663654804229736,0.4105659899453349,0.1980088111799141,0.9982107877731323
72,3,13,0.6115319728851318,0.3292062282562256,0.5789687838558828,0.3478778270707459,0.8488885760307312
72,3,14,0.48300182819366455,0.3497074544429779,0.5396457628447546,0.3529459045303468,0.14965319633483887
72,3,15,0.7439735531806946,0.4671034514904022,0.6515195545602822,0.44553540274829256,0.6668026447296143
72,3,16,0.6361563205718994,0.4745573401451111,0.6368294665178258,0.46385635669116143,0.12552697956562042
72,3,17,0.8067536354064941,0.49667248129844666,0.6882800580453571,0.46590756066637407,0.6252432465553284
72,3,18,0.7007633447647095,0.5189252495765686,0.6706783225710862,0.4948489681549608,0.13413435220718384
72,3,19,0.7877393364906311,0.5066615343093872,0.6763329326772815,0.46608166909641163,0.6189979910850525
72,3,20,0.6831979155540466,0.5230709314346313,0.6569567092177537,0.49064421797586605,0.1312989890575409
72,3,21,0.7581795454025269,0.4959948658943176,0.6651245104639616,0.4580153460767459,0.5944151878356934
72,3,22,0.6640903353691101,0.5106781125068665,0.6438368778457234,0.48135143936471414,0.13139225542545319
72,3,23,0.35478487610816956,0.5104037523269653,0.4264326787251384,0.5127435068973636,0.9920937418937683
72,3,24,0.32685303688049316,0.5125488638877869,0.4153449128457416,0.5097197489150752,0.9893304109573364
72,3,25,0.4157983064651489,0.738483190536499,0.43764618980742026,0.7308199840155565,0.7513704895973206
72,3,26,0.23448021709918976,0.7331402897834778,0.3926094010890458,0.7227360439018335,0.4551050364971161
72,3,27,0.791219174861908,0.9048696756362915,0.5687464428282489,0.9049729989411862,0.7326827049255371
72,3,28,0.36509057879447937,0.9409652948379517,0.4993184913388425,0.9201198849840306,0.4973280727863312
72,3,29,0.9013102054595947,0.916702926158905,0.643021352861726,0.9295371675088506,0.774728536605835
72,3,30,0.3868645429611206,0.9535515308380127,0.5270492057633488,0.9432267842229325,0.5495117902755737
72,3,31,0.7814178466796875,0.9704896807670593,0.5415156522362137,0.9676849530868049,0.6772302389144897
72,3,32,0.2800382375717163,1.0380326509475708,0.42222101564200465,0.9907264663356172,0.48003748059272766
73,3,0,0.10547183454036713,0.12252923846244812,0.17030505414263492,0.1214959044298121,0.9973862767219543
73,3,1,0.1234443262219429,0.10125017911195755,0.18448883686140125,0.0974638193136371,0.9970418214797974
73,3,2,0.12936541438102722,0.09989967942237854,0.19070460567745612,0.09666581085241575,0.9971476197242737
73,3,3,0.1351541429758072,0.09822922945022583,0.19718097569966542,0.09568081347368204,0.9973739385604858
73,3,4,0.12351077795028687,0.10117507725954056,0.1850626798826119,0.09740627726222943,0.996442437171936
73,3,5,0.12941160798072815,0.09990701079368591,0.19143598923755017,0.0961924280554813,0.9963601231575012
73,3,6,0.13518261909484863,0.09845027327537537,0.19725730169826636,0.09491018570173917,0.9969218373298645
73,3,7,0.19315467774868011,0.09567112475633621,0.2543768808749754,0.09435687719607383,0.997483491897583
73,3,8,0.1935117095708847,0.09773729741573334,0.25604675688166956,0.09518236998451621,0.9964452981948853
73,3,9,0.1397045999765396,0.1367013156414032,0.20527126392585546,0.13672832053398734,0.9970207810401917
73,3,10,0.13842809200286865,0.13676488399505615,0.20433260582874835,0.13705942725038753,0.9951205253601074
73,3,11,0.35287341475486755,0.18464455008506775,0.400278836259545,0.18773866375857692,0.9993575215339661
73,3,12,0.2952505946159363,0.2062067836523056,0.39052737881271055,0.1994288098956312,0.9981522560119629
73,3,13,0.6334049701690674,0.3265288472175598,0.5884110496417919,0.3441784346406363,0.8631782531738281
73,3,14,0.46381843090057373,0.34713494777679443,0.526484775591464,0.3519394411285559,0.1405813992023468
73,3,15,0.7458927035331726,0.4604792594909668,0.6679089981662271,0.44812440319796637,0.6942683458328247
73,3,16,0.5962265133857727,0.4625880718231201,0.6297897725867504,0.46363671853874056,0.12118228524923325
73,3,17,0.8090336918830872,0.4892626702785492,0.7092676524720791,0.4699548192442332,0.6524787545204163
73,3,18,0.6444315314292908,0.5134533047676086,0.6661296738443018,0.49807249776790413,0.1315368264913559
73,3,19,0.8002392649650574,0.5062927603721619,0.6978704858471954,0.47305347030371936,0.6466147899627686
73,3,20,0.6531015038490295,0.5159898400306702,0.656289040386102,0.49503668431007347,0.12916266918182373
73,3,21,0.7478597164154053,0.48680055141448975,0.6794878629624939,0.4630044147309533,0.6230367422103882
73,3,22,0.632461428642273,0.4894328713417053,0.641866354947733,0.48275124744312126,0.12907226383686066
73,3,23,0.3637087345123291,0.5069409012794495,0.41555023111211303,0.511738490107547,0.9926092624664307
73,3,24,0.3406141400337219,0.5089665055274963,0.4023745894585621,0.5095893062554692,0.9898070096969604
73,3,25,0.44719618558883667,0.7324541211128235,0.4393004546731721,0.7311029825878933,0.7698091268539429
73,3,26,0.2676185667514801,0.7237105965614319,0.37088273073699946,0.7229048128405363,0.4598536789417267
73,3,27,0.8485543727874756,0.892639696598053,0.6176102430745977,0.902836439923311,0.7515371441841125
73,3,28,0.3940054178237915,0.9118169546127319,0.4810226471823271,0.918681702075737,0.4935087561607361
73,3,29,0.9615631699562073,0.9050121307373047,0.6987139470175762,0.9252870174272133,0.7813162207603455
73,3,30,0.4437364637851715,0.9329383373260498,0.5125847642610143,0.9414445756993368,0.5434660911560059
73,3,31,0.7967569828033447,0.959437906742096,0.5860570947860466,0.9662564519627016,0.6994525790214539
73,3,32,0.30641645193099976,1.0120998620986938,0.4020960664406956,0.994430094990405,0.4870447814464569
74,3,0,0.12534059584140778,0.12171891331672668,0.16250796096967626,0.12153452329951094,0.9974552989006042
74,3,1,0.14147315919399261,0.09934816509485245,0.1770301091248488,0.0977901513241534,0.997125506401062
74,3,2,0.14698275923728943,0.0980026051402092,0.18312327056296496,0.0968973137907199,0.9972342252731323
74,3,3,0.15247103571891785,0.0964474156498909,0.18942807599081987,0.0958135695864024,0.9974331259727478
74,3,4,0.14284493029117584,0.0992669090628624,0.177742484540672,0.09772850224588825,0.9965587258338928
74,3,5,0.14921492338180542,0.09781944751739502,0.18411521782317303,0.09647419397926134,0.9965142607688904
74,3,6,0.15514051914215088,0.09606099873781204,0.18995463494263812,0.09510947972576457,0.9970331192016602
74,3,7,0.21185792982578278,0.09563162922859192,0.24700439551761513,0.09457763538087313,0.997517466545105
74,3,8,0.21341226994991302,0.0960177630186081,0.24865421209111893,0.09532703923201863,0.9965750575065613
74,3,9,0.15784083306789398,0.13675972819328308,0.1970459495780672,0.13673375942616,0.9970707297325134
74,3,10,0.15853188931941986,0.1369321644306183,0.19639030241815358,0.1370373889724792,0.9951918125152588
74,3,11,0.35085415840148926,0.18674248456954956,0.3917071958154492,0.18756614952028622,0.9994082450866699
74,3,12,0.37156400084495544,0.2023066282272339,0.3872415746105123,0.19992720689424903,0.9982094168663025
74,3,13,0.5842652320861816,0.33146774768829346,0.587693031802803,0.3419764738489809,0.8744504451751709
74,3,14,0.6179213523864746,0.3410055339336395,0.5423624185904093,0.3500453860580795,0.16561384499073029
74,3,15,0.7396126389503479,0.47482985258102417,0.6803530161492329,0.45275271712291804,0.7120231986045837
74,3,16,0.7598335146903992,0.47141242027282715,0.6523978656845959,0.46498355734146074,0.14946185052394867
74,3,17,0.7865091562271118,0.4976928234100342,0.7226750891051695,0.47476223301938364,0.6684725880622864
74,3,18,0.8169904947280884,0.5171849131584167,0.6923732788568334,0.5013841115066318,0.15874075889587402
74,3,19,0.7847040891647339,0.506363570690155,0.7129472197981358,0.4788275823466122,0.662852942943573
74,3,20,0.8097423911094666,0.5290361046791077,0.6829857286299478,0.5009304092996725,0.15490864217281342
74,3,21,0.7319931387901306,0.49571213126182556,0.6885948161760018,0.4686740037754236,0.6401810050010681
74,3,22,0.7865966558456421,0.5146987438201904,0.6670388534173848,0.4882889339041468,0.15193213522434235
74,3,23,0.37010303139686584,0.5071942210197449,0.40766933870973265,0.510951448176952,0.9929955005645752
74,3,24,0.3819352984428406,0.5025131702423096,0.39883290739523214,0.5083636659349163,0.9895000457763672
74,3,25,0.32410454750061035,0.7397971153259277,0.41928295333142723,0.7326089452439776,0.7637913823127747
74,3,26,0.30369317531585693,0.7264438271522522,0.3592236595407824,0.7235177317335558,0.42586928606033325
74,3,27,0.4539487659931183,0.934257447719574,0.5891310095506871,0.9082827775958556,0.7473203539848328
74,3,28,0.43560248613357544,0.9141252040863037,0.47314609842875627,0.9178925421386176,0.46246662735939026
74,3,29,0.4382210969924927,0.9360443949699402,0.6532543424309335,0.9271504824187635,0.7840287685394287
74,3,30,0.46935006976127625,0.9365898370742798,0.505087616744926,0.9406037545287835,0.5262044072151184
74,3,31,0.329037606716156,1.0194156169891357,0.5412079196975889,0.9754767718689805,0.7020394206047058
74,3,32,0.3535396158695221,1.0000556707382202,0.39367479979949965,0.995404445709896,0.4677596688270569
75,3,0,0.13813495635986328,0.12077654153108597,0.15828415776776275,0.12140326006343088,0.9966278672218323
75,3,1,0.15420959889888763,0.09804929047822952,0.17307553506724968,0.09783502698844261,0.9959895014762878
75,3,2,0.15994659066200256,0.09652092307806015,0.17910693265784713,0.09683213320363177,0.9963058829307556
75,3,3,0.16513341665267944,0.09490244090557098,0.18521785951724673,0.09565578445681056,0.99644935131073
75,3,4,0.15541377663612366,0.09788268059492111,0.17387319223407743,0.0977552015459967,0.9953067302703857
75,3,5,0.1622278243303299,0.09616120904684067,0.1803224500514301,0.09641999364471546,0.9952964186668396
75,3,6,0.16872920095920563,0.09425674378871918,0.18627664828313803,0.09496180704777758,0.9957602620124817
75,3,7,0.22316816449165344,0.09368132799863815,0.2428736819073113,0.09442241700170607,0.9968257546424866
75,3,8,0.2279302179813385,0.09403831511735916,0.24506317085815776,0.09510386130320958,0.9955119490623474
75,3,9,0.16706234216690063,0.13564378023147583,0.19184896255596012,0.1365450007608164,0.9959248304367065
75,3,10,0.16985562443733215,0.13579094409942627,0.19179158649705755,0.1368215331313375,0.993129551410675
75,3,11,0.3938871920108795,0.185336634516716,0.39208473127542115,0.18718003691314186,0.999411940574646
75,3,12,0.3775203824043274,0.19976015388965607,0.38555764385053665,0.19989827806020946,0.9981061816215515
75,3,13,0.6183050870895386,0.343840628862381,0.592999057708458,0.3422993089020376,0.8834946751594543
75,3,14,0.5601422786712646,0.3396036624908447,0.5454430191093727,0.3482366175313434,0.15849235653877258
75,3,15,0.7407028079032898,0.47589850425720215,0.6908229989143375,0.4567636786847239,0.7148979306221008
75,3,16,0.7060234546661377,0.4745376706123352,0.6616993567914508,0.46663852543032786,0.144698828458786
75,3,17,0.7881855964660645,0.5189048051834106,0.7340422324603836,0.4824165757318356,0.6681583523750305
75,3,18,0.7972093820571899,0.5125555396080017,0.7105853848604865,0.5033193262372578,0.15564429759979248
75,3,19,0.7787269949913025,0.5257953405380249,0.7243611717662543,0.48697250928503505,0.6633841395378113
75,3,20,0.7654848694801331,0.521486759185791,0.6973078897255885,0.5044923694058898,0.15222908556461334
75,3,21,0.7485184669494629,0.5157893300056458,0.698990746952805,0.4768445565454447,0.6436731815338135
75,3,22,0.7229852080345154,0.5075192451477051,0.6767436007283018,0.4916209876678929,0.14935164153575897
75,3,23,0.39328065514564514,0.5071465373039246,0.40517655697447175,0.5102924735982811,0.9930517077445984
75,3,24,0.397861510515213,0.49944230914115906,0.3986646841751182,0.5068183336979646,0.9894533157348633
75,3,25,0.3138137459754944,0.7363181114196777,0.40096093290999885,0.7332513358173006,0.7655540704727173
75,3,26,0.32223668694496155,0.7267839312553406,0.3528113310435248,0.7240833974216849,0.4056689143180847
75,3,27,0.4949381649494171,0.9259448647499084,0.5727740279795158,0.9113429582739958,0.7437891960144043
75,3,28,0.4184204936027527,0.9223744869232178,0.4636532674815386,0.9186687884959379,0.44142889976501465
75,3,29,0.5772289633750916,0.9284745454788208,0.6400594492768532,0.9273797804703834,0.7875433564186096
75,3,30,0.47340524196624756,0.9475510120391846,0.49959566689461854,0.9418070675559103,0.5086806416511536
75,3,31,0.4190337657928467,1.0054819583892822,0.5199740334293739,0.9806774807380525,0.7009663581848145
75,3,32,0.3140700161457062,1.008577823638916,0.3798560034040553,0.9976865944056068,0.4496845006942749
76,3,0,0.2016194760799408,0.1243554949760437,0.16579831199751915,0.1219145461009022,0.9962734580039978
76,3,1,0.21826966106891632,0.10244251787662506,0.18091243550571456,0.0986330200485512,0.9955922961235046
76,3,2,0.22468288242816925,0.101278156042099,0.1870101337140562,0.09760215711232238,0.9958077669143677
76,3,3,0.23011215031147003,0.10001508891582489,0.19300269652898747,0.09641078730332492,0.9958755970001221
76,3,4,0.2155400514602661,0.10145051032304764,0.1810976811284153,0.09839519194056878,0.9949032068252563
76,3,5,0.22160868346691132,0.09949672222137451,0.1874808614210471,0.0969528422476677,0.9947930574417114
76,3,6,0.2265755981206894,0.09736282378435135,0.19326367250158105,0.09537762287019216,0.9953561425209045
76,3,7,0.2872655391693115,0.09931649267673492,0.2505712809750307,0.0952700523128536,0.9963414072990417
76,3,8,0.2844647169113159,0.09655062109231949,0.251894420643634,0.09535440863653893,0.9951753616333008
76,3,9,0.25146812200546265,0.13966283202171326,0.20219171546451914,0.13708496846398122,0.9951489567756653
76,3,10,0.24842999875545502,0.13874174654483795,0.20161636029981492,0.13715407707381874,0.9925072193145752
76,3,11,0.40457385778427124,0.19308608770370483,0.39424829064454775,0.18820297358004517,0.9993214011192322
76,3,12,0.4973824620246887,0.193792462348938,0.4049873715769107,0.198840735455378,0.9981540441513062
76,3,13,0.4952523410320282,0.37919580936431885,0.5760225664584517,0.3486957875548321,0.8634898066520691
76,3,14,0.5904310345649719,0.34519606828689575,0.5532441693085428,0.34771003526838096,0.15044137835502625
76,3,15,0.48210155963897705,0.48307132720947266,0.6544526325417088,0.46132299644495994,0.6798722147941589
76,3,16,0.5737077593803406,0.4665907025337219,0.6464216935704802,0.4666302438937464,0.13564543426036835
76,3,17,0.4894255995750427,0.5114045143127441,0.6913716699898088,0.4874408132100275,0.6372371912002563
76,3,18,0.5781437754631042,0.4988430440425873,0.6875595468754089,0.5025440611467489,0.14702573418617249
76,3,19,0.48674121499061584,0.5078405141830444,0.6829197123938806,0.4905885064224859,0.6326425075531006
76,3,20,0.5498480200767517,0.4976063668727875,0.6716595182623845,0.5032996691984307,0.14389096200466156
76,3,21,0.48998335003852844,0.49777135252952576,0.6625702735612183,0.4804707470528069,0.6137497425079346
76,3,22,0.5454663634300232,0.48674875497817993,0.6539209354670558,0.4907771364096565,0.1418256163597107
76,3,23,0.44815459847450256,0.5095183253288269,0.41262869767505,0.5101584106571991,0.9930871725082397
76,3,24,0.5055291056632996,0.49720826745033264,0.41722982283707233,0.5051536706857778,0.9899737238883972
76,3,25,0.3402332365512848,0.7265395522117615,0.39042547993346816,0.7320888168140084,0.7574828863143921
76,3,26,0.38435208797454834,0.7164431214332581,0.35827834129243075,0.7227600214362521,0.3884947896003723
76,3,27,0.5815690159797668,0.8866973519325256,0.5742975118352049,0.9070718990952447,0.7249019145965576
76,3,28,0.4411453604698181,0.9156101942062378,0.45975279189190194,0.9181390809040452,0.4239135682582855
76,3,29,0.6770268678665161,0.894658625125885,0.6464684564490005,0.9217078600442166,0.7829780578613281
76,3,30,0.48850008845329285,0.9446621537208557,0.4976735196270646,0.9423015273784998,0.49443909525871277
76,3,31,0.5695146322250366,0.9589004516601562,0.5285660257202318,0.9769038697503174,0.683139443397522
76,3,32,0.34574902057647705,0.9914742708206177,0.3739433984171721,0.9966106016596614,0.4285532832145691
77,3,0,0.2344980239868164,0.12462601810693741,0.17771961943349932,0.12238413195028569,0.9946013689041138
77,3,1,0.2521619498729706,0.10255726426839828,0.19327714979439548,0.0993126644384401,0.9936659932136536
77,3,2,0.26012375950813293,0.10121701657772064,0.1996990566467944,0.0982282129751686,0.9938715696334839
77,3,3,0.26757052540779114,0.09984203428030014,0.2059445612141327,0.09700504012128625,0.9942247867584229
77,3,4,0.2489956170320511,0.10106750577688217,0.19287957460429897,0.09885799564329044,0.9920154213905334
77,3,5,0.2555503249168396,0.09884177893400192,0.19929257939235098,0.09727996935803992,0.9916146397590637
77,3,6,0.2617696523666382,0.09639469534158707,0.20515129220060968,0.09555375543159915,0.9927079081535339
77,3,7,0.3288145959377289,0.09777865558862686,0.2641525554967776,0.09570450171271087,0.9950628280639648
77,3,8,0.3226652443408966,0.09471046179533005,0.2641758869579038,0.09524289373994416,0.9927345514297485
77,3,9,0.2881699502468109,0.1392967253923416,0.217119058296654,0.13746800547771088,0.9942473769187927
77,3,10,0.2839917540550232,0.13776077330112457,0.2159166421711742,0.1372591410139906,0.9907660484313965
77,3,11,0.4557468593120575,0.19420021772384644,0.4049177124533401,0.1892417079258836,0.9992911219596863
77,3,12,0.5147430896759033,0.18812943994998932,0.424056467170943,0.19698525534311437,0.9977235198020935
77,3,13,0.518137514591217,0.3898257613182068,0.5659811623981891,0.3558271008215883,0.8652858138084412
77,3,14,0.5833317637443542,0.35288774967193604,0.5584591783727082,0.348606803347581,0.14223240315914154
77,3,15,0.48610472679138184,0.519504725933075,0.625152504376283,0.47141598961681824,0.6755573749542236
77,3,16,0.5115947127342224,0.47519809007644653,0.6229792570518633,0.4681143263039505,0.1279333084821701
77,3,17,0.4960293471813202,0.5538686513900757,0.6573459773321568,0.4989671394696458,0.6313487887382507
77,3,18,0.5068677067756653,0.5072099566459656,0.656099597506262,0.5033521711935962,0.13902857899665833
77,3,19,0.4768139719963074,0.5479418039321899,0.6470076786052633,0.5005375462064108,0.6267498731613159
77,3,20,0.4786573052406311,0.5042301416397095,0.6380438666856282,0.5034608043649831,0.13639600574970245
77,3,21,0.4770345091819763,0.5343078374862671,0.6302621381263797,0.4898088469633433,0.608426034450531
77,3,22,0.48180529475212097,0.4935586154460907,0.6239617837536459,0.4912588475992482,0.13553854823112488
77,3,23,0.5122844576835632,0.5228525400161743,0.42993781687335947,0.5123575010549521,0.9929700493812561
77,3,24,0.5291482210159302,0.5137824416160583,0.43667595819694643,0.5066483087465137,0.989021897315979
77,3,25,0.5150862336158752,0.7431709170341492,0.41209391592664124,0.734008551433838,0.7376061081886292
77,3,26,0.4273228049278259,0.7251082062721252,0.37025944541141403,0.7231666870110672,0.37036237120628357
77,3,27,0.6161497235298157,0.9263780117034912,0.5815543913988295,0.910417093014467,0.6901902556419373
77,3,28,0.4677753448486328,0.910455048084259,0.46114236053189855,0.9168081241745691,0.39398157596588135
77,3,29,0.6857700347900391,0.9571694731712341,0.6532825734292943,0.9278553179580818,0.748950183391571
77,3,30,0.5191889405250549,0.9390328526496887,0.50140164711418,0.941735433043597,0.46847277879714966
77,3,31,0.5204158425331116,0.9743223786354065,0.5271543394273223,0.9764567965217376,0.6502689719200134
77,3,32,0.37857118248939514,0.9657412767410278,0.3747448819693453,0.9912599806477153,0.40228942036628723
78,3,0,0.278548002243042,0.12552069127559662,0.1952330150477561,0.12292734342056372,0.9945393204689026
78,3,1,0.28953754901885986,0.10355345904827118,0.20999482349081028,0.10004713954535172,0.9936681389808655
78,3,2,0.29756465554237366,0.10220234096050262,0.21669632501364766,0.09891649782286523,0.9938396215438843
78,3,3,0.30499356985092163,0.10051759332418442,0.2231479736050436,0.09761337573649019,0.9941451549530029
78,3,4,0.28489530086517334,0.10161174833774567,0.20885803713425624,0.09933490447170443,0.9919130802154541
78,3,5,0.2904902994632721,0.09925965964794159,0.21512860745229878,0.09762281416264328,0.9915151596069336
78,3,6,0.2957792580127716,0.09670189023017883,0.2208881167383224,0.09575258562791186,0.9926046133041382
78,3,7,0.3640223741531372,0.09771940112113953,0.28149896173181616,0.09605344443127042,0.995079517364502
78,3,8,0.35566553473472595,0.09469915926456451,0.28006274840089596,0.09514873331045248,0.9927443265914917
78,3,9,0.3295934796333313,0.13923102617263794,0.23666213765278896,0.1377733252269289,0.9943710565567017
78,3,10,0.321248322725296,0.1377047598361969,0.23421471495748816,0.13733631018088793,0.9909353852272034
78,3,11,0.501803457736969,0.19405096769332886,0.4217443241051232,0.19007465132693402,0.9992738962173462
78,3,12,0.5432589650154114,0.1837657392024994,0.44477276364171126,0.19469511231185993,0.997693657875061
78,3,13,0.5250717997550964,0.38225990533828735,0.5588881619333901,0.36040812722725274,0.8640254139900208
78,3,14,0.5849423408508301,0.3466894030570984,0.563048942959668,0.3482747466069121,0.1356915831565857
78,3,15,0.46127602458000183,0.5179147720336914,0.5966342520656576,0.4794794773562133,0.6638973355293274
78,3,16,0.45897603034973145,0.4469856917858124,0.5944389359002737,0.46445314155110784,0.12187381088733673
78,3,17,0.4539060890674591,0.5429633855819702,0.6219009865437181,0.5065960840228585,0.6198459267616272
78,3,18,0.43944278359413147,0.4726797938346863,0.6183371026083373,0.4980357169667578,0.13316331803798676
78,3,19,0.4454447031021118,0.5160377621650696,0.6118916456112293,0.5032229834542004,0.6155023574829102
78,3,20,0.41479256749153137,0.465175598859787,0.5991242838514572,0.49682330008086156,0.1310221254825592
78,3,21,0.45405080914497375,0.5045926570892334,0.5995860361729933,0.4923701103031942,0.5988667011260986
78,3,22,0.42514413595199585,0.4565582573413849,0.5893269701903322,0.48524345478800524,0.1311739832162857
78,3,23,0.5596717000007629,0.5223993062973022,0.4524915065047297,0.5140969726952235,0.9930866956710815
78,3,24,0.5672911405563354,0.513378381729126,0.4593834587770498,0.5078139961250224,0.9891181588172913
78,3,25,0.5884724259376526,0.7431229948997498,0.4427993765467578,0.7355873386717576,0.726456344127655
78,3,26,0.47916966676712036,0.7226865887641907,0.3891809968783056,0.723083546853211,0.36381998658180237
78,3,27,0.6557220816612244,0.9263783097267151,0.5944269657932684,0.9131824349348274,0.6761816740036011
78,3,28,0.5446032285690308,0.8959027528762817,0.4756312660677082,0.9131856510564269,0.3791874647140503
78,3,29,0.7156413197517395,0.9598725438117981,0.6641017789190804,0.9334051005060277,0.7376676201820374
78,3,30,0.5979504585266113,0.9235820174217224,0.5181691257713564,0.9385900774887087,0.4593953490257263
78,3,31,0.5565280318260193,0.9721757769584656,0.5322455919032897,0.9757153540547766,0.6350845098495483
78,3,32,0.41772598028182983,0.9471594095230103,0.3821973770580402,0.9836129314494859,0.3903523087501526
79,3,0,0.27782362699508667,0.13681083917617798,0.20957079227411865,0.12533256197147113,0.9945418834686279
79,3,1,0.2867273986339569,0.11460018903017044,0.22331330290757456,0.10256840432354072,0.9938182234764099
79,3,2,0.2940995395183563,0.11316157132387161,0.23013147836264006,0.10138438399852931,0.9938899278640747
79,3,3,0.30134233832359314,0.11161646246910095,0.2367207721532034,0.1000393212948264,0.9942355751991272
79,3,4,0.2840205132961273,0.1135837510228157,0.22190337762410822,0.10180344459233778,0.9921056628227234
79,3,5,0.28983500599861145,0.11145094037055969,0.22809461249842655,0.1000184363361752,0.9916112422943115
79,3,6,0.2957002818584442,0.10901868343353271,0.2338725195391632,0.0980508016548262,0.9928151369094849
79,3,7,0.36645570397377014,0.10625027865171432,0.29624855014723855,0.09781977890878987,0.9951071739196777
79,3,8,0.3592289090156555,0.10456065088510513,0.2938046261522202,0.09677906307981234,0.9930198192596436
79,3,9,0.3237766921520233,0.14954116940498352,0.25178733769692924,0.13981189230340538,0.9942759275436401
79,3,10,0.3188472092151642,0.1488247662782669,0.2489078716037573,0.13932646159633194,0.9910933375358582
79,3,11,0.514413595199585,0.1941039264202118,0.43783663349420465,0.19077248832880556,0.9991747736930847
79,3,12,0.5628511309623718,0.18491703271865845,0.4652930547973203,0.19300133735129554,0.9976789951324463
79,3,13,0.47998884320259094,0.37576231360435486,0.5451927331977223,0.36306825100895934,0.8577064275741577
79,3,14,0.5608667731285095,0.3469085097312927,0.5626710306244029,0.348038144658848,0.12798568606376648
79,3,15,0.4205783009529114,0.35802948474884033,0.5659852157098735,0.45837116877219397,0.6282986998558044
79,3,16,0.4324275553226471,0.42760148644447327,0.5662467763673964,0.45806444421842546,0.11310260742902756
79,3,17,0.406464546918869,0.35154539346694946,0.5843521812829712,0.47962081538782636,0.5877141356468201
79,3,18,0.4025498628616333,0.44873180985450745,0.5807268372669844,0.4894850706485966,0.12497278302907944
79,3,19,0.42337164282798767,0.33435752987861633,0.5790604986793607,0.4738321362448257,0.5841013789176941
79,3,20,0.3997955024242401,0.4386581778526306,0.5643996032996154,0.4867331953311734,0.12318641692399979
79,3,21,0.43894684314727783,0.33771926164627075,0.5716336972256186,0.4654647199002837,0.571361780166626
79,3,22,0.41237035393714905,0.4303416311740875,0.5585203177979071,0.47572037769181835,0.12389804422855377
79,3,23,0.5633178353309631,0.524334728717804,0.47174735141359536,0.5158703979943192,0.9932153224945068
79,3,24,0.5916776061058044,0.5189499258995056,0.4823840609478385,0.5097430587255504,0.9892786741256714
79,3,25,0.4995774030685425,0.7429903745651245,0.4526485124031269,0.7368696130754612,0.724320113658905
79,3,26,0.49477916955947876,0.7193875908851624,0.40752538218176515,0.7224434443804306,0.3648633062839508
79,3,27,0.6208151578903198,0.9265639185905457,0.5990003374701469,0.9155006485809556,0.6744552254676819
79,3,28,0.5790802240371704,0.8976598978042603,0.4936009706913766,0.9104957902422965,0.37239906191825867
79,3,29,0.6939025521278381,0.9573636651039124,0.6692671282392377,0.9375570114013088,0.7480033040046692
79,3,30,0.6422199010848999,0.924849808216095,0.5397306991500669,0.9362096822301597,0.45728588104248047
79,3,31,0.5318982601165771,0.9745211005210876,0.5321854438768289,0.9755085369296016,0.6394346356391907
79,3,32,0.4438125193119049,0.9548604488372803,0.39288685451743294,0.9786295393021528,0.3853524327278137
80,3,0,0.26855790615081787,0.14138613641262054,0.2198037562248311,0.12811391291820898,0.9929510354995728
80,3,1,0.2814205586910248,0.11771461367607117,0.23339336270510513,0.10519247881920127,0.9922985434532166
80,3,2,0.2899876832962036,0.11620078980922699,0.2405154796907983,0.10395129472113881,0.9919982552528381
80,3,3,0.2990878224372864,0.11465822160243988,0.24754117645997273,0.1025719995712008,0.9922749400138855
80,3,4,0.2777966856956482,0.11649570614099503,0.23159873054877417,0.1043488380936438,0.9908795952796936
80,3,5,0.2837531566619873,0.11414802074432373,0.23774917444823926,0.10246630618974754,0.9902094006538391
80,3,6,0.2896394431591034,0.11154895275831223,0.24354591239840181,0.10038923491259782,0.9918841123580933
80,3,7,0.3518199920654297,0.10850091278553009,0.30588798544717255,0.0996700325800656,0.9934577941894531
80,3,8,0.3580583333969116,0.10576783865690231,0.30495298590208403,0.09833607652736649,0.9926700592041016
80,3,9,0.31660202145576477,0.15347479283809662,0.2630332316867094,0.1421788786105586,0.991466760635376
80,3,10,0.311109721660614,0.1527254581451416,0.2596995676379057,0.14164771027757897,0.9900248646736145
80,3,11,0.43620818853378296,0.19806607067584991,0.43755462131078765,0.1920358002159222,0.9987999200820923
80,3,12,0.6077757477760315,0.18603911995887756,0.4900725835241461,0.19179543271311011,0.9977986812591553
80,3,13,0.38315704464912415,0.3740204870700836,0.5169963322006454,0.3649654827198861,0.8260779976844788
80,3,14,0.6003251671791077,0.3470921516418457,0.5691990107983399,0.34787432170423016,0.1216314285993576
80,3,15,0.2884690761566162,0.32356148958206177,0.5175268865080096,0.43493149365827594,0.5932241678237915
80,3,16,0.46510809659957886,0.419258177280426,0.5486792179148723,0.45133649418906335,0.10451041162014008
80,3,17,0.2531566321849823,0.30981749296188354,0.5264282019800259,0.4500657940932913,0.5566426515579224
80,3,18,0.43378928303718567,0.431741863489151,0.5551689932880196,0.4794682792602103,0.11596333235502243
80,3,19,0.2858901023864746,0.2887844741344452,0.527844766086414,0.4416090883623297,0.5535334944725037
80,3,20,0.41291582584381104,0.4260828197002411,0.5380474203154259,0.4762111750910851,0.11433301120996475
80,3,21,0.31218859553337097,0.29436683654785156,0.5263551638299774,0.4356832183531488,0.5395108461380005
80,3,22,0.41940534114837646,0.42184197902679443,0.5343288250849413,0.46637510269500043,0.11544192582368851
80,3,23,0.5133230090141296,0.52181476354599,0.4789560685018354,0.516899972058106,0.9916061758995056
80,3,24,0.6294416189193726,0.52019864320755,0.5079627632976794,0.5115542290045249,0.9889584183692932
80,3,25,0.1887788027524948,0.6865432858467102,0.4065923296483672,0.7281413831494806,0.7117208242416382
80,3,26,0.6437621712684631,0.7272767424583435,0.4487246276403539,0.7232805517275315,0.3732406497001648
80,3,27,0.34452900290489197,0.8908090591430664,0.5545973877440229,0.9112216146277793,0.6437733769416809
80,3,28,0.7157196402549744,0.9432266354560852,0.5323214651646446,0.9161693912530149,0.36995676159858704
80,3,29,0.3759801983833313,0.9208704829216003,0.6180322129340539,0.9346659441972048,0.7206787467002869
80,3,30,0.7493332624435425,0.9813165068626404,0.5762556360743845,0.9440314545353383,0.45577603578567505
80,3,31,0.2108658403158188,0.914689302444458,0.4760065142295114,0.9649571751630484,0.5964480638504028
80,3,32,0.671751081943512,0.9696056842803955,0.44158138669254676,0.9770664476013906,0.3610948324203491
81,3,0,0.1942846029996872,0.1410781741142273,0.21538120251139717,0.13035981860285326,0.9927875399589539
81,3,1,0.2031422257423401,0.11747649312019348,0.2281499944325317,0.10732049622614917,0.9921061396598816
81,3,2,0.21135354042053223,0.11598897725343704,0.23546106565637356,0.10603662347495549,0.9916720390319824
81,3,3,0.22043055295944214,0.11439619213342667,0.24284259108368486,0.10462033158112505,0.9919655323028564
81,3,4,0.2059229165315628,0.11627645790576935,0.2271490042327359,0.10641509347371615,0.9909348487854004
81,3,5,0.21481873095035553,0.11402489244937897,0.2337755598960279,0.10446861062541053,0.9903069138526917
81,3,6,0.225195974111557,0.11148461699485779,0.2403664907147972,0.1023112712989592,0.9920293688774109
81,3,7,0.283420205116272,0.10902063548564911,0.30199460231542513,0.10128973849978089,0.9934506416320801
81,3,8,0.29532212018966675,0.10618242621421814,0.30328472141462426,0.09969515513498577,0.9929450750350952
81,3,9,0.24927005171775818,0.1547592729330063,0.2606488713367827,0.14435825868226226,0.9913699626922607
81,3,10,0.24948939681053162,0.15338848531246185,0.25793092584299027,0.1436815865470086,0.9903280138969421
81,3,11,0.3773893713951111,0.19642210006713867,0.4271169390009474,0.19279547910357825,0.9986521005630493
81,3,12,0.5861626267433167,0.18519064784049988,0.5067607139602217,0.190651450174166,0.9978628158569336
81,3,13,0.4478769898414612,0.3521110415458679,0.5050019743491895,0.3627386101789478,0.8089488744735718
81,3,14,0.622725784778595,0.3402085304260254,0.5784832026766333,0.34654652512040157,0.11648111045360565
81,3,15,0.3578699827194214,0.3410877287387848,0.48974589542572006,0.41863460521874085,0.5780108571052551
81,3,16,0.4937419295310974,0.41782909631729126,0.5391499307309605,0.44552814670797675,0.0975964143872261
81,3,17,0.33011242747306824,0.3411172926425934,0.49223073289958447,0.4311372104938175,0.5415666699409485
81,3,18,0.46056362986564636,0.4413931369781494,0.5387393534544951,0.47286722731109254,0.10861427336931229
81,3,19,0.33319932222366333,0.32159391045570374,0.49394011570169516,0.42075085624912667,0.5378062725067139
81,3,20,0.43054020404815674,0.43669676780700684,0.5193699606861036,0.46936030219807634,0.10713759809732437
81,3,21,0.3581185042858124,0.32270872592926025,0.49707380261930983,0.4160527945964047,0.5212761163711548
81,3,22,0.438343346118927,0.4263421595096588,0.5176588593180471,0.4594342208301786,0.10878440737724304
81,3,23,0.4443473219871521,0.518654465675354,0.472956635602063,0.517203815015054,0.9892333745956421
81,3,24,0.605827808380127,0.5146508812904358,0.5249600962227609,0.5120905284500036,0.9875235557556152
81,3,25,0.29958218336105347,0.6850587129592896,0.3880016092305071,0.7206710611407267,0.6698451042175293
81,3,26,0.6773312091827393,0.7228156328201294,0.4885845021618303,0.7232000402611223,0.38492533564567566
81,3,27,0.28550055623054504,0.8565052151679993,0.5076214025366735,0.9017307525548931,0.5925753116607666
81,3,28,0.7982873320579529,0.9290019273757935,0.5787465466848479,0.9183924684839743,0.367316335439682
81,3,29,0.31205347180366516,0.8918148279190063,0.5645591305976726,0.9272358280061394,0.6715378761291504
81,3,30,0.84603351354599,0.9880793690681458,0.6233513231071875,0.951669365712391,0.45498040318489075
81,3,31,0.15317219495773315,0.8649288415908813,0.41955919440796674,0.9475831229221622,0.5479693412780762
81,3,32,0.7788155674934387,0.9733428955078125,0.5005712973709664,0.9764215651188006,0.3440518379211426
82,3,0,0.19230793416500092,0.14358344674110413,0.2113828210370638,0.13265067444350345,0.9930101037025452
82,3,1,0.2033158242702484,0.11845613270998001,0.22384623665354564,0.10924950820260602,0.9923127889633179
82,3,2,0.21152135729789734,0.11685439199209213,0.2313124297993318,0.10791055368268668,0.9918455481529236
82,3,3,0.2204783707857132,0.11517208069562912,0.23896716348564856,0.10644816541018098,0.9921720027923584
82,3,4,0.20282384753227234,0.11759429425001144,0.22293352226541951,0.10835165456389959,0.9912582635879517
82,3,5,0.20970959961414337,0.11543155461549759,0.2296050283657782,0.10636769742906461,0.9906609058380127
82,3,6,0.21816173195838928,0.11298511177301407,0.23651871294316104,0.10416026125602945,0.9923889636993408
82,3,7,0.2806995213031769,0.11073561757802963,0.2983045618063328,0.10292595280125223,0.9936177134513855
82,3,8,0.28206193447113037,0.10791493952274323,0.2996072154990041,0.10111893294507511,0.993167519569397
82,3,9,0.2437511533498764,0.15666139125823975,0.25772120042590985,0.146489589248934,0.9916794300079346
82,3,10,0.24050122499465942,0.1560034453868866,0.2549110353828393,0.1458161623468395,0.9906855821609497
82,3,11,0.39195096492767334,0.1967337280511856,0.4210207897846782,0.1934775492733105,0.9986017346382141
82,3,12,0.5451726317405701,0.18881288170814514,0.5134202570500179,0.19033304633397208,0.9978057742118835
82,3,13,0.4621885120868683,0.358628511428833,0.4975783652857774,0.3620267736020833,0.8093236684799194
82,3,14,0.6041740775108337,0.34830784797668457,0.5829355514352259,0.34685155081265784,0.11043310165405273
82,3,15,0.38192495703697205,0.3737189769744873,0.4710136222887419,0.4108459945380112,0.5573869943618774
82,3,16,0.5050292015075684,0.43677225708961487,0.5332351314303666,0.44401148303922583,0.09044831991195679
82,3,17,0.36617332696914673,0.38080570101737976,0.4703179970380368,0.4224080144133932,0.5217985510826111
82,3,18,0.4858661890029907,0.4643406867980957,0.5295686192947155,0.4713903002916987,0.10132568329572678
82,3,19,0.3656940460205078,0.3707536458969116,0.47164555433175165,0.4120797116789368,0.5177567601203918
82,3,20,0.46221524477005005,0.4548206925392151,0.5094553205995885,0.4668413642891845,0.1001395583152771
82,3,21,0.3838537633419037,0.3688579499721527,0.4774003544058867,0.40786837062994397,0.5033906102180481
82,3,22,0.46740466356277466,0.44041702151298523,0.5089430816926597,0.4561391128505308,0.10227619856595993
82,3,23,0.47826042771339417,0.5233074426651001,0.4738752464358526,0.5182609786007426,0.9881954789161682
82,3,24,0.5920610427856445,0.5231737494468689,0.5366035431274402,0.5140104574071057,0.9858313202857971
82,3,25,0.5033851265907288,0.732227087020874,0.4080517931448257,0.7226729205253377,0.6500380635261536
82,3,26,0.6904443502426147,0.7346956133842468,0.5237530335958722,0.7251914249870026,0.37513402104377747
82,3,27,0.42355218529701233,0.9239720702171326,0.49302616103961816,0.9055848710819181,0.5703988671302795
82,3,28,0.8529518842697144,0.943268358707428,0.6266221215323988,0.9227034665549675,0.3534466326236725
82,3,29,0.46827903389930725,0.9585322141647339,0.5478377626450502,0.9326605437729942,0.6625287532806396
82,3,30,0.8348678946495056,0.9922280311584473,0.6602126906416037,0.9587015061515004,0.4459983706474304
82,3,31,0.3105790913105011,0.9600594639778137,0.40062484445429125,0.949744466175259,0.5280711054801941
82,3,32,0.7090573310852051,0.9906631708145142,0.5369015979095629,0.9788888499157471,0.3316660225391388
83,3,0,0.21575111150741577,0.1445641666650772,0.2121393810643848,0.13471448164823097,0.9932646155357361
83,3,1,0.22348342835903168,0.11817608773708344,0.2237834082388683,0.11079574542934825,0.9925500154495239
83,3,2,0.23117688298225403,0.11640068888664246,0.23128895698219495,0.10938117194025666,0.991948664188385
83,3,3,0.2408621460199356,0.11441076546907425,0.23929533795927907,0.10782738482426212,0.992387056350708
83,3,4,0.22208254039287567,0.11754530668258667,0.2227861534384565,0.10994416613759156,0.9916210174560547
83,3,5,0.22775053977966309,0.11539429426193237,0.2292838675225524,0.10793126406078209,0.9909790754318237
83,3,6,0.235830157995224,0.11290168762207031,0.23639947299206937,0.10567441831865872,0.9927639365196228
83,3,7,0.3056334853172302,0.1094924658536911,0.2995739977464546,0.10406330515385064,0.9937752485275269
83,3,8,0.3019760847091675,0.10705980658531189,0.3000174638718453,0.10214790211265896,0.9934167265892029
83,3,9,0.2599097788333893,0.1569461226463318,0.25810022365441565,0.14830092409262774,0.9920516014099121
83,3,10,0.25755420327186584,0.15624529123306274,0.25536879165648285,0.14762274854546137,0.9912678003311157
83,3,11,0.4144531488418579,0.19743002951145172,0.4198832427277613,0.19416208447072164,0.9984152317047119
83,3,12,0.5590895414352417,0.18730896711349487,0.5213397407069629,0.18980931672178367,0.9978325366973877
83,3,13,0.45684874057769775,0.36092084646224976,0.4905165262078929,0.3618352530655891,0.7987125515937805
83,3,14,0.6489814519882202,0.3475768268108368,0.5943954836922491,0.34697715011569774,0.10659914463758469
83,3,15,0.4088866412639618,0.362729012966156,0.4602347710620818,0.4025014547249488,0.5246706008911133
83,3,16,0.5384433269500732,0.43913188576698303,0.5341371760192175,0.44316635531766035,0.08408471196889877
83,3,17,0.399892121553421,0.3607400059700012,0.4580961715291702,0.4117090558701722,0.49169889092445374
83,3,18,0.5116666555404663,0.4635315537452698,0.5264668258164078,0.47002907290455215,0.0946698784828186
83,3,19,0.4025424122810364,0.3432375490665436,0.45965379381626403,0.40013350294216005,0.4877806305885315
83,3,20,0.47694674134254456,0.45685452222824097,0.503820228594303,0.46511141484081514,0.09370777755975723
83,3,21,0.41351595520973206,0.34406617283821106,0.4663160176509767,0.39679843464901116,0.4753630459308624
83,3,22,0.48897019028663635,0.44581276178359985,0.5054822583278168,0.45435033455773566,0.09645993262529373
83,3,23,0.532278299331665,0.5282860398292542,0.48400672525366895,0.5199975489799756,0.9877012968063354
83,3,24,0.6472964882850647,0.5234325528144836,0.5558362165685563,0.5156425507297169,0.9856143593788147
83,3,25,0.5441230535507202,0.7343939542770386,0.43171159524994296,0.7247033746794668,0.6354663968086243
83,3,26,0.75736403465271,0.7398458123207092,0.5644920214424889,0.7277302539522924,0.3903696835041046
83,3,27,0.42889946699142456,0.8907440304756165,0.48189979532595334,0.9030137244832471,0.5460243821144104
83,3,28,0.885404109954834,0.9526228904724121,0.6717845632816936,0.9278892961149696,0.3662082850933075
83,3,29,0.4489380717277527,0.9128777980804443,0.5306601084612586,0.9292327139614868,0.6426295638084412
83,3,30,0.9289613366127014,0.9913603663444519,0.7071281106006847,0.9643626211115045,0.4558759033679962
83,3,31,0.3035545349121094,0.930551290512085,0.38376575841883537,0.9464188470388232,0.5047496557235718
83,3,32,0.8406667709350586,1.0056743621826172,0.5899854478117751,0.9835310511917662,0.33644890785217285
84,3,0,0.2858012318611145,0.14895793795585632,0.22492370631076902,0.13718208776011384,0.9934468865394592
84,3,1,0.2943020761013031,0.12071602046489716,0.23602106587599744,0.11251415913860774,0.9925906658172607
84,3,2,0.2992812991142273,0.11883795261383057,0.24308730865612083,0.11101927522215939,0.9921232461929321
84,3,3,0.3040558695793152,0.11681570112705231,0.25053180262082664,0.10938431879156137,0.9925591349601746
84,3,4,0.28102919459342957,0.12133460491895676,0.23288980453503394,0.1119173322975179,0.991672933101654
84,3,5,0.2802225351333618,0.11983217298984528,0.2381184638911667,0.10999289060288446,0.9911841154098511
84,3,6,0.2798805832862854,0.11822576075792313,0.24393897359119196,0.10784876370100886,0.9928702712059021
84,3,7,0.33364221453666687,0.11107784509658813,0.3054796625820388,0.10527827432813103,0.9936729669570923
84,3,8,0.3082241714000702,0.11317100375890732,0.30143897704734013,0.10405741327109308,0.9930818676948547
84,3,9,0.3166874349117279,0.16221429407596588,0.2682636923438384,0.15071132046876093,0.9920843839645386
84,3,10,0.30785319209098816,0.16281658411026,0.26447190149862254,0.15025507811957095,0.9906975030899048
84,3,11,0.5113693475723267,0.19817166030406952,0.435769520186781,0.1948565093206743,0.9985020756721497
84,3,12,0.41136109828948975,0.21488656103610992,0.5022318174501192,0.19415523498972634,0.9977075457572937
84,3,13,0.5937350988388062,0.3665686845779419,0.5084463429007686,0.36265506157477767,0.8044903874397278
84,3,14,0.5015679001808167,0.39240461587905884,0.5782756478263602,0.3548545992145566,0.10429741442203522
84,3,15,0.5565741062164307,0.45228520035743713,0.47696597050607137,0.41113540904127605,0.5250717997550964
84,3,16,0.47804853320121765,0.4627501368522644,0.5244078583059345,0.4465596883519137,0.08277197182178497
84,3,17,0.5690264105796814,0.4823816120624542,0.47736964930877973,0.42397339379504084,0.4927326440811157
84,3,18,0.4736264646053314,0.48929378390312195,0.5173018177171292,0.473367086874192,0.09454712271690369
84,3,19,0.5505396723747253,0.47201651334762573,0.47543525187065216,0.4126083368709162,0.4893762171268463
84,3,20,0.449673056602478,0.4726100564002991,0.49442818359473606,0.46641025179724616,0.09435982257127762
84,3,21,0.5479187965393066,0.46026498079299927,0.4804816782154052,0.4078098779046095,0.4772942364215851
84,3,22,0.45654791593551636,0.4594055712223053,0.4969957442448327,0.45522588598936164,0.09679383784532547
84,3,23,0.5991163849830627,0.5363157987594604,0.5040093445218857,0.522824778523918,0.9884819984436035
84,3,24,0.48127299547195435,0.5349102020263672,0.5428952175584562,0.518981076719453,0.9861325621604919
84,3,25,0.7059949040412903,0.7493897080421448,0.47960048421643325,0.7289814958689669,0.6659484505653381
84,3,26,0.27856749296188354,0.744699239730835,0.5145544310651614,0.7306702847599535,0.43372464179992676
84,3,27,0.8548403382301331,0.9319337606430054,0.5472041852879304,0.9080261805967915,0.5801700353622437
84,3,28,0.1906861811876297,0.9367154836654663,0.5872730361904623,0.9294181394658109,0.40741315484046936
84,3,29,0.8944506049156189,0.9589864015579224,0.5943447234551176,0.934389789923835,0.6461790204048157
84,3,30,0.2187477946281433,0.9661276340484619,0.6213186311249966,0.9646682861241754,0.47058889269828796
84,3,31,0.8242670297622681,1.0028373003005981,0.4610539525674515,0.9562054260684997,0.5368725061416626
84,3,32,0.09851844608783722,1.0037283897399902,0.5036265975541845,0.9870307628453358,0.3722164034843445
85,3,0,0.2109125405550003,0.14829349517822266,0.22249636408232726,0.13910690123160066,0.993678092956543
85,3,1,0.21851187944412231,0.12109125405550003,0.23298739514885727,0.11399984400357907,0.9929143786430359
85,3,2,0.22499200701713562,0.11931982636451721,0.239952031423136,0.11245704648964402,0.9925388693809509
85,3,3,0.23193834722042084,0.1175287738442421,0.24731016468846254,0.1107950454122379,0.9930195808410645
85,3,4,0.21347877383232117,0.12140803784132004,0.22952642384069386,0.11356131373485856,0.9918346405029297
85,3,5,0.2170473039150238,0.11979599297046661,0.2344672473372712,0.11169100140565154,0.9913973212242126
85,3,6,0.22107583284378052,0.11806043982505798,0.23997702848681077,0.10961767009330817,0.9929063320159912
85,3,7,0.28116071224212646,0.11112359166145325,0.3012652572437669,0.10629069008545539,0.9940754771232605
85,3,8,0.268118292093277,0.11365962028503418,0.29566303376001796,0.10572071451412622,0.9926726818084717
85,3,9,0.2518465220928192,0.16040641069412231,0.26541932046401584,0.15239071578251795,0.9926340579986572
85,3,10,0.24757865071296692,0.1625795215368271,0.2615450032267228,0.15239010190666089,0.9906362295150757
85,3,11,0.47944557666778564,0.19182418286800385,0.443342877124326,0.1943313512969662,0.9986196160316467
85,3,12,0.3538200557231903,0.215000718832016,0.47641672008102487,0.19776732498427646,0.9969366788864136
85,3,13,0.69244384765625,0.35577335953712463,0.5404853700500316,0.36146310583557234,0.8220092058181763
85,3,14,0.41375282406806946,0.3886859118938446,0.5496443162667239,0.36071915218382905,0.09831099212169647
85,3,15,0.633405327796936,0.4937077760696411,0.5041836955575738,0.4254699681531821,0.5668037533760071
85,3,16,0.28705766797065735,0.4619061350822449,0.48301272599920975,0.4492184691107934,0.08419839292764664
85,3,17,0.6617385745048523,0.5483489632606506,0.5094732206287956,0.4455919937398957,0.5325878858566284
85,3,18,0.2558628022670746,0.48747771978378296,0.4716726125322907,0.4758116708543113,0.09730583429336548
85,3,19,0.6285406947135925,0.556963324546814,0.5020701866892501,0.43771466777949536,0.5292982459068298
85,3,20,0.23278598487377167,0.4761202931404114,0.44876321524181184,0.4680922365277303,0.09807903319597244
85,3,21,0.6177068948745728,0.540583074092865,0.5043427713209262,0.4308939175160774,0.5165693759918213
85,3,22,0.24951507151126862,0.46498724818229675,0.45382068319079233,0.45691676326191955,0.10053112357854843
85,3,23,0.5561394095420837,0.5407751798629761,0.513050929548511,0.5259349402353795,0.9891358613967896
85,3,24,0.4032171368598938,0.5374562740325928,0.518605704060089,0.5221822173296078,0.9859728813171387
85,3,25,0.758564829826355,0.7552396059036255,0.5283140073939396,0.7335322202232049,0.6932041645050049
85,3,26,0.11474945396184921,0.723187267780304,0.4444900787522886,0.7293741538912175,0.4766712784767151
85,3,27,0.9263793230056763,0.9397392868995667,0.6136140531237649,0.9135231970945646,0.6114472150802612
85,3,28,0.09696635603904724,0.9149945378303528,0.5011171540352991,0.9269193115315775,0.44441691040992737
85,3,29,0.9455991983413696,0.9670880436897278,0.6558133570452052,0.9400577365844083,0.6521984338760376
85,3,30,0.12977203726768494,0.9406055808067322,0.5349413130652568,0.9604983182968718,0.482803076505661
85,3,31,0.9443210363388062,1.0133816003799438,0.5459553811153796,0.9661236751997087,0.5626313090324402
85,3,32,0.015283227898180485,0.9935678243637085,0.41782089680469325,0.9881630131152431,0.401836097240448
86,3,0,0.1413329392671585,0.14943808317184448,0.2084069685459198,0.14089651537320041,0.9939326047897339
86,3,1,0.14603105187416077,0.12147258967161179,0.2178897671759723,0.11529419560885383,0.9932389259338379
86,3,2,0.15271885693073273,0.11924807727336884,0.22480621351201388,0.1136332943937058,0.9929350018501282
86,3,3,0.15950188040733337,0.11693724989891052,0.23206423086277742,0.11185889189474764,0.9934267401695251
86,3,4,0.1408950239419937,0.12215688824653625,0.21413719091533073,0.11505020037967938,0.9920699596405029
86,3,5,0.14494571089744568,0.12041539698839188,0.2189230420716994,0.11320220770565351,0.99165940284729
86,3,6,0.14840558171272278,0.118519127368927,0.22407590635192257,0.11115955454467324,0.9930367469787598
86,3,7,0.20583650469779968,0.10883364826440811,0.2846924127575522,0.10673108967270777,0.9944111108779907
86,3,8,0.19187459349632263,0.1133527085185051,0.2776338681216801,0.10704265575613613,0.9926525950431824
86,3,9,0.18182256817817688,0.16166087985038757,0.25090646003747175,0.15399648435837007,0.9930822253227234
86,3,10,0.1769166737794876,0.16324597597122192,0.24685259802853673,0.1542706352320901,0.9907258749008179
86,3,11,0.39381808042526245,0.18459627032279968,0.4347538798157463,0.1926450268936685,0.9987228512763977
86,3,12,0.2837705910205841,0.21545474231243134,0.44286298734621765,0.20083189694437786,0.9966981410980225
86,3,13,0.653798520565033,0.3498791754245758,0.5601747867181811,0.3594564097851527,0.8331024646759033
86,3,14,0.31184256076812744,0.370069682598114,0.5081698286963807,0.3623388461989923,0.09505460411310196
86,3,15,0.5326765179634094,0.4806750416755676,0.5091220186324973,0.4350457213386807,0.5905787944793701
86,3,16,0.21386027336120605,0.44408389925956726,0.43602629924037467,0.4483291745361222,0.08294764906167984
86,3,17,0.5688031911849976,0.5198742151260376,0.5197656727749876,0.45848420295454373,0.5526365041732788
86,3,18,0.19068053364753723,0.4707264006137848,0.4226018206648192,0.4749309159881024,0.09639781713485718
86,3,19,0.49049004912376404,0.5160817503929138,0.5000641309399325,0.45131749889148265,0.5491024255752563
86,3,20,0.17781707644462585,0.46109068393707275,0.40146088782467504,0.4668795167925411,0.09769425541162491
86,3,21,0.4817371666431427,0.5035920143127441,0.5004254577082522,0.4435105922843364,0.5347529649734497
86,3,22,0.18943814933300018,0.4517582952976227,0.4076733668122949,0.45602332869831397,0.10060542076826096
86,3,23,0.5156540870666504,0.5334652066230774,0.5135017572827042,0.5272392572706357,0.9896202087402344
86,3,24,0.35454124212265015,0.5315340161323547,0.49005457942906605,0.5238021306223701,0.9857404232025146
86,3,25,0.6719914674758911,0.7467334866523743,0.5533026716893487,0.7358192002205551,0.7148820161819458
86,3,26,0.1075672060251236,0.6840720772743225,0.3855538867557424,0.7215184781335837,0.4962604343891144
86,3,27,0.8306565880775452,0.9439800977706909,0.6514457318903983,0.91880226998686,0.6300476789474487
86,3,28,0.16186195611953735,0.882494330406189,0.44176717917690517,0.919215933642675,0.4472903311252594
86,3,29,0.8640350103378296,0.9704776406288147,0.692097711557748,0.9453303919809902,0.6476964950561523
86,3,30,0.1968628168106079,0.9088508486747742,0.4757990119869271,0.9515406077994858,0.4775204062461853
86,3,31,0.8158239126205444,1.0041468143463135,0.5930696031897302,0.9727156957633819,0.5722411870956421
86,3,32,0.09175319969654083,0.9617094993591309,0.3608004099634109,0.9835783963816891,0.4000750184059143
87,3,0,0.10894051939249039,0.14745087921619415,0.19113080774720953,0.1420317630860222,0.9943257570266724
87,3,1,0.10834123194217682,0.12004411965608597,0.19885671664314442,0.11611686091261511,0.993675172328949
87,3,2,0.11233362555503845,0.11762786656618118,0.20526342546384613,0.11432512046415236,0.9933650493621826
87,3,3,0.11683965474367142,0.11509235203266144,0.21204161917239955,0.11241888698987686,0.9938667416572571
87,3,4,0.10943133383989334,0.1202131062746048,0.19594814282499473,0.11594440337450873,0.9925854206085205
87,3,5,0.11385932564735413,0.11787702888250351,0.20067163045775993,0.11401186371048523,0.9921850562095642
87,3,6,0.11891134083271027,0.1152275875210762,0.20580691800538986,0.11186410496921477,0.993520975112915
87,3,7,0.1580287218093872,0.10566022247076035,0.2626744785624733,0.10654564086441581,0.9946900010108948
87,3,8,0.16439078748226166,0.10694552958011627,0.25795672850735757,0.1070258362981374,0.9931605458259583
87,3,9,0.14306126534938812,0.15781517326831818,0.23217031061534077,0.1546578454544328,0.9935009479522705
87,3,10,0.14257188141345978,0.15958641469478607,0.22873764128467622,0.15519131981705978,0.9913129210472107
87,3,11,0.2994629442691803,0.18360647559165955,0.41123024982270395,0.1910793890900392,0.9987785816192627
87,3,12,0.3166595697402954,0.1999789923429489,0.4209252274450367,0.20068419507572824,0.99689120054245
87,3,13,0.47539037466049194,0.3558286726474762,0.5454552832546352,0.35882812344141246,0.8302172422409058
87,3,14,0.3639129102230072,0.35570788383483887,0.4830801871300561,0.3611903291656236,0.08918868750333786
87,3,15,0.325255423784256,0.4666174054145813,0.47710574630322167,0.4405181984742981,0.599982738494873
87,3,16,0.21339952945709229,0.443835973739624,0.3972153510152597,0.44755097849116077,0.0800822451710701
87,3,17,0.3098144829273224,0.49995869398117065,0.48317883335593326,0.4656753243310755,0.5594332218170166
87,3,18,0.17291785776615143,0.4687211215496063,0.37903864955325584,0.47385536031698533,0.09355627000331879
87,3,19,0.28015565872192383,0.5101774334907532,0.4617306998710626,0.4615283492347333,0.5541977882385254
87,3,20,0.14826864004135132,0.4621773362159729,0.3572810246949053,0.46606512133846945,0.09483116120100021
87,3,21,0.29143601655960083,0.4986244738101959,0.4640072940563124,0.45307051326059294,0.5356794595718384
87,3,22,0.16202136874198914,0.4526350796222687,0.3648189410058295,0.4554365231707327,0.09867124259471893
87,3,23,0.3824393153190613,0.5254486799240112,0.49071628626083075,0.5269291650392852,0.9890483617782593
87,3,24,0.37636619806289673,0.5209872126579285,0.4702997734266008,0.5233146280543169,0.9853994846343994
87,3,25,0.1550600677728653,0.708864688873291,0.48351643592786886,0.7311476854881832,0.7096707224845886
87,3,26,0.5679999589920044,0.6973483562469482,0.41732023372879845,0.7173298782079116,0.4832647740840912
87,3,27,0.09682095050811768,0.9096226096153259,0.5538083020814156,0.9172121831607692,0.6198487281799316
87,3,28,0.8580461740493774,0.8781581521034241,0.5147502266521119,0.9120971517267129,0.4306795001029968
87,3,29,0.12883558869361877,0.9423152804374695,0.5929139537450989,0.944808215791197,0.639782726764679
87,3,30,0.9190821647644043,0.9058515429496765,0.5535782350598679,0.9436177327096644,0.46948346495628357
87,3,31,-0.029644647613167763,0.9486556649208069,0.4832281298071913,0.9685461900755646,0.5496267676353455
87,3,32,0.8469081521034241,0.930457353591919,0.44620204724547574,0.9743646985865332,0.3794881999492645
88,3,0,0.09662140905857086,0.14573350548744202,0.17471804001989333,0.1426728678949823,0.9947853684425354
88,3,1,0.0991629809141159,0.1199822723865509,0.18154092449898962,0.11678631484170444,0.9941808581352234
88,3,2,0.10347546637058258,0.11763828992843628,0.18758277745666999,0.11489892159589128,0.9938755035400391
88,3,3,0.10815344750881195,0.11519505083560944,0.19399502590811604,0.1128996774377354,0.9943585395812988
88,3,4,0.1018359437584877,0.1193336546421051,0.1796045378063026,0.11653138231011806,0.9931755661964417
88,3,5,0.10733779519796371,0.11653406172990799,0.1844635727587524,0.11444866771190403,0.9927970767021179
88,3,6,0.1136874184012413,0.11341163516044617,0.18981031803684123,0.11213210437518446,0.9940502047538757
88,3,7,0.15059557557106018,0.10592900961637497,0.2432002693853929,0.1064388564108039,0.9950844645500183
88,3,8,0.16129282116889954,0.1047026664018631,0.24116869344000225,0.10662350321139322,0.9937108755111694
88,3,9,0.13105882704257965,0.15485282242298126,0.21460753034611157,0.15469160995700373,0.9940271973609924
88,3,10,0.13119621574878693,0.155547633767128,0.21179678012301928,0.15525302362704974,0.9920286536216736
88,3,11,0.27703791856765747,0.1881779283285141,0.38789833482454844,0.1905768971991323,0.9988368153572083
88,3,12,0.3222350478172302,0.19171565771102905,0.4037841513248283,0.19913068840744907,0.997096598148346
88,3,13,0.39075392484664917,0.38363969326019287,0.5185411398486797,0.36312796598304925,0.8353725671768188
88,3,14,0.37719017267227173,0.3513769805431366,0.464684544935933,0.359490443628428,0.08478150516748428
88,3,15,0.2167796641588211,0.46970951557159424,0.43167220044699756,0.44557771438634947,0.6182988286018372
88,3,16,0.2407243698835373,0.44917359948158264,0.36998762927149065,0.4478319826110211,0.07801830023527145
88,3,17,0.1635245829820633,0.49818164110183716,0.4272924431131261,0.4713099687125403,0.5753476023674011
88,3,18,0.20617899298667908,0.47317883372306824,0.34894806944632145,0.47373820330728317,0.09144794940948486
88,3,19,0.16390055418014526,0.5009688138961792,0.40969354811972125,0.46836638444110523,0.5690383315086365
88,3,20,0.18065989017486572,0.46848711371421814,0.32653221625803275,0.4664845699005275,0.09264571219682693
88,3,21,0.1833067685365677,0.49012088775634766,0.4149880950821691,0.45949370217937985,0.5471628904342651
88,3,22,0.19189044833183289,0.4594061076641083,0.33471640399914543,0.456124020805302,0.09708016365766525
88,3,23,0.35840627551078796,0.5242576599121094,0.4677129903875052,0.5264665014502371,0.989253044128418
88,3,24,0.37818196415901184,0.5186890363693237,0.4543034378803089,0.5225134996881108,0.9856104850769043
88,3,25,0.10151789337396622,0.6913993954658508,0.41660701732038147,0.7242562199784888,0.7027109265327454
88,3,26,0.5884020924568176,0.7107753157615662,0.44709814573539486,0.716194595865879,0.4677189588546753
88,3,27,0.1527448147535324,0.9075770974159241,0.4835191815846076,0.91554318531907,0.6096606850624084
88,3,28,0.8325437307357788,0.8815389275550842,0.5703063733760041,0.9068004986819851,0.4185892343521118
88,3,29,0.18164986371994019,0.9381181001663208,0.5208148834379263,0.9436494509431389,0.6383925080299377
88,3,30,0.8891863226890564,0.9086750745773315,0.6122797510378309,0.9375603289208436,0.46849486231803894
88,3,31,0.05116729065775871,0.9488730430603027,0.4074372152113133,0.9651373623641778,0.5312864184379578
88,3,32,0.8061159253120422,0.9306257963180542,0.5092009989335816,0.9667804392324121,0.3652406334877014
89,3,0,0.10216467827558517,0.14207273721694946,0.16212649115829217,0.1425689409672629,0.9952495694160461
89,3,1,0.10412014275789261,0.11652369052171707,0.1681026718845915,0.11674083564276777,0.9946935176849365
89,3,2,0.10880123823881149,0.11368308961391449,0.17390777262196916,0.11468836741075976,0.9944127202033997
89,3,3,0.1136004850268364,0.11074136197566986,0.18003935727939446,0.1125258961588041,0.9948644042015076
89,3,4,0.10308165103197098,0.11698667705059052,0.16632249554859224,0.11661022711229209,0.9937803745269775
89,3,5,0.10673203319311142,0.1144578754901886,0.17097125551611667,0.11445026223003497,0.9934203028678894
89,3,6,0.11087246239185333,0.1115819588303566,0.17610811737939225,0.11203683370515566,0.9945789575576782
89,3,7,0.1575852334499359,0.10028091818094254,0.22833603704507496,0.10537228440140708,0.9955039620399475
89,3,8,0.15702764689922333,0.10148067772388458,0.2265610242061974,0.10573277874080485,0.9942561388015747
89,3,9,0.13662533462047577,0.15158036351203918,0.20107160608871125,0.1541527828052456,0.9945340156555176
89,3,10,0.13344711065292358,0.15305867791175842,0.19819692198918054,0.15487300215817695,0.9927176833152771
89,3,11,0.29507920145988464,0.1829320192337036,0.3717798728595483,0.18925272385747618,0.9989275932312012
89,3,12,0.3069479167461395,0.19076739251613617,0.38696601148039805,0.19768204639357487,0.9973202347755432
89,3,13,0.4061153531074524,0.3730939030647278,0.4990065036379044,0.36485429182252865,0.8451977968215942
89,3,14,0.36046141386032104,0.35903722047805786,0.446579394224556,0.35941195759822414,0.08139999210834503
89,3,15,0.29109424352645874,0.491164892911911,0.40722497059097057,0.45348289572439415,0.6374368667602539
89,3,16,0.272320032119751,0.4786545932292938,0.3530244085885167,0.4531745015642605,0.07428526878356934
89,3,17,0.2678064703941345,0.5308881998062134,0.39954111823666233,0.481645652974198,0.590740442276001
89,3,18,0.2460697740316391,0.5101885795593262,0.3310769439162,0.4800572564096845,0.08712662756443024
89,3,19,0.2541426122188568,0.5258777141571045,0.3826301467368151,0.47834288595555674,0.5832327604293823
89,3,20,0.22386258840560913,0.506353497505188,0.30869744800687576,0.47339697337171716,0.08825388550758362
89,3,21,0.26515334844589233,0.5097902417182922,0.38892375767238724,0.4682167632539034,0.5574720501899719
89,3,22,0.23344002664089203,0.4927015006542206,0.31712443588909534,0.46246513253116517,0.09272078424692154
89,3,23,0.3659699857234955,0.5073002576828003,0.45004016727789337,0.5231455569244448,0.9895264506340027
89,3,24,0.37962523102760315,0.5097139477729797,0.4413422707858011,0.5202961392681601,0.9866717457771301
89,3,25,0.10461188107728958,0.6936420202255249,0.3620711969018956,0.718949855875782,0.7094705104827881
89,3,26,0.5852499008178711,0.7202864289283752,0.4711209222854731,0.7169032685328183,0.48488563299179077
89,3,27,0.11323527991771698,0.9051060676574707,0.418682041986679,0.9137352151646433,0.6037182211875916
89,3,28,0.8653441667556763,0.9047369956970215,0.6218505733088046,0.906443138048556,0.43009161949157715
89,3,29,0.14524836838245392,0.9344386458396912,0.45504201390242616,0.9420539678330432,0.630804717540741
89,3,30,0.9420700073242188,0.9579989910125732,0.6699549216472886,0.9411018798239114,0.47458693385124207
89,3,31,0.0566164068877697,0.9496608376502991,0.3460432840684941,0.9624560344296972,0.5180847644805908
89,3,32,0.8724901080131531,0.9985933899879456,0.5727984685628112,0.9722947757501078,0.36018210649490356
90,3,0,0.0945487692952156,0.14517690241336823,0.15040020374464988,0.14302059897386354,0.9948336482048035
90,3,1,0.09644073992967606,0.1196964681148529,0.15566614959195618,0.11725271015531324,0.9944194555282593
90,3,2,0.10160688310861588,0.1169009655714035,0.16136012049648374,0.11507155013378108,0.9940847158432007
90,3,3,0.10725145787000656,0.11395100504159927,0.16740699909884552,0.11277269387403403,0.9946954250335693
90,3,4,0.09613486379384995,0.12055180966854095,0.1541423694323018,0.11729287472916589,0.9934333562850952
90,3,5,0.10078268498182297,0.11839226633310318,0.15879096507617194,0.11513298286286629,0.99290531873703
90,3,6,0.10623369365930557,0.11582277715206146,0.16398245621850444,0.11269252292022741,0.9943859577178955
90,3,7,0.15997891128063202,0.1041647419333458,0.21647420525913805,0.10516316581379602,0.9951449036598206
90,3,8,0.16011248528957367,0.10535279661417007,0.21503105012630194,0.1056669762124003,0.9940813779830933
90,3,9,0.13296113908290863,0.15537172555923462,0.18925268090494246,0.15436387574674734,0.9940274953842163
90,3,10,0.130714550614357,0.15723860263824463,0.1864872086826148,0.15528268405953954,0.9922403693199158
90,3,11,0.2983211278915405,0.18802525103092194,0.359030820071357,0.18904015365481483,0.998869776725769
90,3,12,0.31329867243766785,0.19436484575271606,0.374180632727924,0.19710754711395723,0.9972481727600098
90,3,13,0.3883953392505646,0.39078032970428467,0.47978817698433474,0.36934742233931295,0.8284689784049988
90,3,14,0.37818974256515503,0.37745535373687744,0.4347118192534036,0.36253824110317295,0.07603764533996582
90,3,15,0.32124650478363037,0.5287064909934998,0.3922972813728844,0.46653887263998856,0.6148675680160522
90,3,16,0.3015868067741394,0.5052517056465149,0.3441029559635044,0.4622068658913105,0.06895802915096283
90,3,17,0.30209222435951233,0.5630155801773071,0.3826159782597243,0.49577101166072773,0.570110559463501
90,3,18,0.29079142212867737,0.535202145576477,0.32409203528614483,0.48962256553535816,0.08111707866191864
90,3,19,0.2918914258480072,0.5597501993179321,0.36687362734628376,0.49247475421338627,0.5622332096099854
90,3,20,0.2616733908653259,0.5336157083511353,0.30054252810772875,0.483843970002157,0.08216971904039383
90,3,21,0.30095142126083374,0.5451522469520569,0.37364892498488167,0.481570553388947,0.5363438725471497
90,3,22,0.26456019282341003,0.5210714936256409,0.3080072401453708,0.4726319159906888,0.08661692589521408
90,3,23,0.36990121006965637,0.5246674418449402,0.4361289692848855,0.5234091148901933,0.988549530506134
90,3,24,0.4060671031475067,0.5205668210983276,0.435227136662738,0.5203430138188166,0.9859039783477783
90,3,25,0.13144740462303162,0.7174558043479919,0.3218558154708718,0.7186911181589579,0.6943492293357849
90,3,26,0.5469379425048828,0.7388266324996948,0.48428000431114476,0.7207022547219802,0.4607049524784088
90,3,27,0.20124025642871857,0.9324637055397034,0.3807795937157719,0.916980267711928,0.5928516387939453
90,3,28,0.819614589214325,0.9211905598640442,0.6563013032759827,0.9089980910535808,0.40755483508110046
90,3,29,0.25508177280426025,0.9533180594444275,0.42020471766347167,0.9440052396357423,0.6250075101852417
90,3,30,0.8830929398536682,0.9615638852119446,0.7071010407988388,0.9446474786120443,0.45713838934898376
90,3,31,0.1746671348810196,1.0055420398712158,0.3162115646297647,0.9699269324246883,0.49977102875709534
90,3,32,0.8175281286239624,1.0122172832489014,0.6154911725712675,0.9792164790763982,0.3381659686565399
91,3,0,0.11641431599855423,0.1448732316493988,0.14450881098611035,0.14334143859788806,0.9950315356254578
91,3,1,0.11739807575941086,0.11988552659749985,0.14903159056695436,0.11770867298447149,0.9947333335876465
91,3,2,0.12256227433681488,0.11708646267652512,0.15463360654932481,0.11542049514078871,0.9944008588790894
91,3,3,0.12801118195056915,0.11417478322982788,0.16057668923133675,0.1130155049406165,0.994952917098999
91,3,4,0.1114652156829834,0.12095918506383896,0.14674242723799408,0.11792784234640567,0.9937826991081238
91,3,5,0.11202347278594971,0.11898267269134521,0.1506807885661401,0.1157997136161058,0.9932841062545776
91,3,6,0.11267894506454468,0.11669348925352097,0.15508445531865117,0.11338545651869936,0.9946905970573425
91,3,7,0.17048285901546478,0.10525284707546234,0.20849880144610167,0.10517869602446661,0.9954057335853577
91,3,8,0.1581696718931198,0.10663660615682602,0.2051674518527293,0.10583489262660012,0.9944897294044495
91,3,9,0.15012332797050476,0.1546628177165985,0.1824686275210844,0.15441564421036946,0.9941879510879517
91,3,10,0.13986575603485107,0.15621624886989594,0.17840239481897094,0.15544435469618917,0.992483377456665
91,3,11,0.2977050244808197,0.20231866836547852,0.34839135947930766,0.19134052156647197,0.9988962411880493
91,3,12,0.3884068429470062,0.1925760954618454,0.37664523011033957,0.19632272549483631,0.9973852634429932
91,3,13,0.33628639578819275,0.3854557275772095,0.45483064050163385,0.3721382606740624,0.8252270221710205
91,3,14,0.4567883312702179,0.3734210729598999,0.43853732014068164,0.3644234459741595,0.07981511205434799
91,3,15,0.26575878262519836,0.4062037169933319,0.3703008622499468,0.456071653515713,0.5896928310394287
91,3,16,0.4077257215976715,0.4989617168903351,0.35514142179038694,0.46857876548784655,0.07038424909114838
91,3,17,0.24793677031993866,0.4032211899757385,0.35919859231851603,0.47969954616073884,0.5468881130218506
91,3,18,0.4025930166244507,0.5292685627937317,0.33771787277871573,0.4964962771570886,0.08345969766378403
91,3,19,0.2541775405406952,0.3866359293460846,0.3472914630734847,0.4740883157778115,0.5408063530921936
91,3,20,0.3864263594150543,0.5294155478477478,0.31545314227948446,0.49174644804400286,0.08398005366325378
91,3,21,0.2689564824104309,0.38907918334007263,0.35546188437427884,0.4655092648951441,0.518920361995697
91,3,22,0.3870573043823242,0.518990159034729,0.32172863148971353,0.4806709975267118,0.0884384959936142
91,3,23,0.3728165924549103,0.538711667060852,0.42514420985029133,0.5260602880399675,0.9892470836639404
91,3,24,0.41817572712898254,0.5166934728622437,0.4322728053955016,0.5197109508553341,0.9861587285995483
91,3,25,0.2967694103717804,0.7611956000328064,0.31750813212975476,0.7260610516756879,0.6833153963088989
91,3,26,0.3325313329696655,0.7324250340461731,0.4578816092935817,0.7227330121490965,0.436145544052124
91,3,27,0.5389976501464844,0.9382065534591675,0.4083071092952983,0.9206583850183918,0.5830166935920715
91,3,28,0.3764669597148895,0.9183464646339417,0.6074359256351148,0.9106174101946902,0.3830536901950836
91,3,29,0.6189236044883728,0.9590293169021606,0.4548204263790452,0.9466081455544489,0.635867178440094
91,3,30,0.42371201515197754,0.9535598158836365,0.6576099788360648,0.9461912476860945,0.441709965467453
91,3,31,0.49812063574790955,1.0036476850509644,0.3478834223794125,0.9757723005285776,0.4978707432746887
91,3,32,0.28461846709251404,1.001620888710022,0.5576268566986342,0.9830988797747582,0.32156991958618164
92,3,0,0.13295873999595642,0.14216680824756622,0.14250797655386713,0.1431380198408025,0.9954442381858826
92,3,1,0.1305626481771469,0.11839326471090317,0.14583152364424742,0.11782722667082617,0.995182991027832
92,3,2,0.1355069875717163,0.11563380062580109,0.1513195197546388,0.1154574336431713,0.9948804378509521
92,3,3,0.1405947059392929,0.11279287934303284,0.15711430323222111,0.11297695244867893,0.9953779578208923
92,3,4,0.12682586908340454,0.11925999820232391,0.14329138567992866,0.11815854198413708,0.9943048357963562
92,3,5,0.1285315454006195,0.11722594499588013,0.14684262064102716,0.11604670573164388,0.993839681148529
92,3,6,0.12997464835643768,0.1149924024939537,0.15073287377418398,0.11366374596588726,0.9951350092887878
92,3,7,0.18641802668571472,0.10376670956611633,0.20467250279989102,0.10493417093476962,0.9958003163337708
92,3,8,0.1728689819574356,0.10510902851819992,0.19956884865616853,0.10570919147545775,0.9949719905853271
92,3,9,0.1727554202079773,0.1505766361951828,0.18078608771010005,0.15375076371597768,0.9945916533470154
92,3,10,0.16635623574256897,0.1516808420419693,0.17631559033966313,0.1547925507809395,0.9930400848388672
92,3,11,0.314931720495224,0.1850760281085968,0.3425912739963903,0.1902554904064028,0.998978316783905
92,3,12,0.40733760595321655,0.18200799822807312,0.38196512061735227,0.19384276710402015,0.997569739818573
92,3,13,0.36234474182128906,0.3433791697025299,0.4387701729465371,0.36715372342880254,0.8368314504623413
92,3,14,0.4741486608982086,0.34062373638153076,0.4447107079684635,0.3602990850205096,0.07475489377975464
92,3,15,0.30290117859840393,0.32725784182548523,0.35860538374306883,0.4336785508434756,0.5737072825431824
92,3,16,0.42141979932785034,0.4378264844417572,0.36664159229695104,0.4632484508072638,0.06463617831468582
92,3,17,0.2895141839981079,0.31870830059051514,0.3471057608486451,0.45168576077822914,0.5284602642059326
92,3,18,0.4150831997394562,0.4611978232860565,0.35114619650909373,0.4903771362311847,0.0773630365729332
92,3,19,0.28972193598747253,0.3041911721229553,0.3373046590377579,0.44451696276778796,0.5235328078269958
92,3,20,0.3979586660861969,0.45677873492240906,0.32977585833711665,0.48568470351121745,0.07786302268505096
92,3,21,0.3015287518501282,0.30769097805023193,0.34610694249987856,0.4380502004167236,0.5050344467163086
92,3,22,0.39998993277549744,0.44699791073799133,0.33531285173090414,0.4748339066012812,0.08218585699796677
92,3,23,0.3976825475692749,0.5062065124511719,0.42038470841599684,0.5226201433719675,0.990202784538269
92,3,24,0.45251497626304626,0.5009645819664001,0.4357802773728034,0.5164627991006199,0.987356960773468
92,3,25,0.3199695944786072,0.7714759111404419,0.3179344025437103,0.7339363117092124,0.7022942900657654
92,3,26,0.35737839341163635,0.7370041012763977,0.44042467271114205,0.7252054071388784,0.4209275543689728
92,3,27,0.6874754428863525,0.9130218625068665,0.4570540787393813,0.9193356595021653,0.6113675832748413
92,3,28,0.47771191596984863,0.9351069927215576,0.5848839914894152,0.9148614102248074,0.3835144639015198
92,3,29,0.7873094081878662,0.9132183194160461,0.5129698672407771,0.9408202024144194,0.6655755639076233
92,3,30,0.5401559472084045,0.9620305895805359,0.6371987039603361,0.9489354636574594,0.4450747072696686
92,3,31,0.7279182076454163,1.0190240144729614,0.4144421722869741,0.983271972032098,0.5373481512069702
92,3,32,0.4153384864330292,1.0288857221603394,0.532881646715863,0.9910387331628843,0.3317393958568573
93,3,0,0.1614459753036499,0.14071153104305267,0.14578934280344516,0.14271779238968102,0.99543297290802
93,3,1,0.16805832087993622,0.11712858825922012,0.149683115015457,0.11770624041643604,0.9950554370880127
93,3,2,0.1747552454471588,0.11432305723428726,0.15538074845587047,0.11526098616893321,0.9948046207427979
93,3,3,0.18137969076633453,0.11139915883541107,0.16131941016776757,0.11270371183729959,0.9952850937843323
93,3,4,0.16424667835235596,0.11810480803251266,0.14692250461139214,0.1181492368223458,0.9943264126777649
93,3,5,0.1678365170955658,0.116115503013134,0.15048043262173166,0.11605861943141785,0.993887186050415
93,3,6,0.17118503153324127,0.11393057554960251,0.15427675544981656,0.11370995340911033,0.9951866269111633
93,3,7,0.22962325811386108,0.10238572210073471,0.20899646820594495,0.10449282040327652,0.9957289695739746
93,3,8,0.21607980132102966,0.10419751703739166,0.2024294712719852,0.10544740183049015,0.9950200319290161
93,3,9,0.206694096326828,0.1489284187555313,0.18527607851559166,0.152915553708236,0.9943483471870422
93,3,10,0.20124982297420502,0.15025019645690918,0.1806366941464137,0.1540058406092579,0.9925252199172974
93,3,11,0.3962308466434479,0.1790110319852829,0.35189501571031107,0.1883076211477957,0.9990130662918091
93,3,12,0.38986852765083313,0.18219812214374542,0.3833340773998538,0.19182554955928025,0.997671365737915
93,3,13,0.4471740424633026,0.3168353736400604,0.44022583491984346,0.35842687947189766,0.844907283782959
93,3,14,0.47763845324516296,0.34413689374923706,0.4504184324112674,0.3574989069234721,0.06901030987501144
93,3,15,0.3963031768798828,0.353141725063324,0.36514084630216465,0.4196981419792385,0.5606457591056824
93,3,16,0.4564777612686157,0.4454385042190552,0.38224040841866697,0.4601626392040235,0.05915793403983116
93,3,17,0.39108946919441223,0.364197313785553,0.3547323806967663,0.43649543000533036,0.5162799954414368
93,3,18,0.46200963854789734,0.4838082492351532,0.3704081892318795,0.48923937307397125,0.07119855284690857
93,3,19,0.39364495873451233,0.35274964570999146,0.34707750721095154,0.4285816532817029,0.5113858580589294
93,3,20,0.4479893147945404,0.4815185070037842,0.3503194020710969,0.4849631502302526,0.07172252237796783
93,3,21,0.4008805751800537,0.3487503230571747,0.35560760797905877,0.42254451718316444,0.494213342666626
93,3,22,0.4455955922603607,0.4639112949371338,0.35447363781676533,0.4729418097973521,0.07598186284303665
93,3,23,0.476921945810318,0.5046401023864746,0.4301919060492955,0.5195048435095057,0.9908573627471924
93,3,24,0.4527292847633362,0.50255286693573,0.4387168362980124,0.5140529986695781,0.9882898926734924
93,3,25,0.44411227107048035,0.7608420848846436,0.33986694141186174,0.7385993740073975,0.7273797988891602
93,3,26,0.3065662086009979,0.7321805357933044,0.4171508724376896,0.7264135484816792,0.43153998255729675
93,3,27,0.847238302230835,0.8856419920921326,0.5254119633797953,0.9134949936034062,0.640289306640625
93,3,28,0.4517771005630493,0.9326079487800598,0.5617415540490615,0.917936230498115,0.397278755903244
93,3,29,0.9690037965774536,0.8959994316101074,0.5930200704876513,0.9330480997184819,0.6845415234565735
93,3,30,0.5887055993080139,0.9554091095924377,0.6287888945732392,0.9500567276694523,0.4540241062641144
93,3,31,0.8721536993980408,1.008975863456726,0.49479153849411817,0.9877265758204915,0.5735548138618469
93,3,32,0.4596017301082611,1.0366616249084473,0.5201638483598414,0.998950119682456,0.3496275544166565
94,3,0,0.21285156905651093,0.12428758293390274,0.15742594200733384,0.13952445140650274,0.9957433938980103
94,3,1,0.2220662236213684,0.09954039007425308,0.1622449894752711,0.11455872902743157,0.9953449368476868
94,3,2,0.22999471426010132,0.09715572744607925,0.1683306464224477,0.11212397890594386,0.995141863822937
94,3,3,0.23753134906291962,0.09474300593137741,0.17454728248282217,0.1095917640221004,0.9955914616584778
94,3,4,0.21487149596214294,0.10130378603935242,0.1587132839130102,0.11523062065184438,0.9946233034133911
94,3,5,0.219526007771492,0.09973211586475372,0.1624618883053857,0.1132299593411448,0.9942045211791992
94,3,6,0.22297129034996033,0.09808767586946487,0.16619716858593606,0.11100336177670833,0.9954172968864441
94,3,7,0.2990756928920746,0.09131218492984772,0.2246377332101553,0.10220941576094583,0.9959728121757507
94,3,8,0.2740061581134796,0.09539817273616791,0.21485108576746073,0.10370664381583618,0.9952542781829834
94,3,9,0.2626895606517792,0.13760213553905487,0.1987129876012801,0.15026249719834225,0.9946960210800171
94,3,10,0.2541270852088928,0.14002013206481934,0.19339115912342306,0.15158290706677113,0.992871880531311
94,3,11,0.48712319135665894,0.16920223832130432,0.37540764420639733,0.18499722780839736,0.9990978240966797
94,3,12,0.39590585231781006,0.18282686173915863,0.38551195424330154,0.1902668186659264,0.9977482557296753
94,3,13,0.5865581035614014,0.32115212082862854,0.46567755207714845,0.35196474749087925,0.8562219738960266
94,3,14,0.4786280393600464,0.34483060240745544,0.45530762477574616,0.35530429197765734,0.0659637525677681
94,3,15,0.6122863292694092,0.4997946619987488,0.40825628496694344,0.4336018612109369,0.592143714427948
94,3,16,0.4545345604419708,0.4758182168006897,0.39478673810863146,0.46287500358669564,0.059047944843769073
94,3,17,0.6465721726417542,0.5415135025978088,0.4057123968614593,0.4547387922438204,0.5483455061912537
94,3,18,0.45305952429771423,0.5182003974914551,0.3847563978154498,0.49425894243809176,0.07218801975250244
94,3,19,0.6138980388641357,0.5445394515991211,0.3936524698646319,0.448732008244812,0.5433981418609619
94,3,20,0.43896806240081787,0.518186092376709,0.36571151326144286,0.4907221393145179,0.07269924879074097
94,3,21,0.6012790203094482,0.5282698273658752,0.39846398195415694,0.44091112763650764,0.5260754227638245
94,3,22,0.4432593882083893,0.5009300708770752,0.36988962245789636,0.4777926370005978,0.07717816531658173
94,3,23,0.5392299294471741,0.5003851652145386,0.44913591824513877,0.5161919715662728,0.9916372299194336
94,3,24,0.4709519147872925,0.4995441734790802,0.4443044043461668,0.5115393988281967,0.9892444014549255
94,3,25,0.4332233667373657,0.7600947618484497,0.3560785634813383,0.7423241526993823,0.730712890625
94,3,26,0.38843852281570435,0.7294238805770874,0.41217439046658827,0.7269348970367725,0.40614446997642517
94,3,27,0.7390060424804688,0.9141181111335754,0.5626376875483703,0.913602901328414,0.6493667960166931
94,3,28,0.5557218790054321,0.932884156703949,0.560698929353285,0.9205259369088695,0.3760565221309662
94,3,29,0.8247411847114563,0.9158706665039062,0.6334273131202338,0.9300719340131939,0.6993465423583984
94,3,30,0.6402262449264526,0.9546185731887817,0.6307701924967434,0.9508468140331982,0.4370240271091461
94,3,31,0.7175767421722412,1.0388383865356445,0.5336305081533574,0.996591248724746,0.5933182239532471
94,3,32,0.478341281414032,1.0341259241104126,0.5129123335163119,1.005047984041322,0.3417244553565979
95,3,0,0.23335406184196472,0.12458579987287521,0.17060446164191626,0.13693635241186225,0.9956958889961243
95,3,1,0.23946000635623932,0.10006026923656464,0.1756473844937108,0.11204692580298883,0.9950874447822571
95,3,2,0.24747003614902496,0.0974409282207489,0.1820678513992592,0.10958018189281353,0.9949997663497925
95,3,3,0.2546985149383545,0.09460758417844772,0.18846054688453728,0.10699577373967241,0.9953674077987671
95,3,4,0.23152050375938416,0.10182419419288635,0.1713489365976703,0.11290808430575436,0.9942479133605957
95,3,5,0.23485660552978516,0.10020295530557632,0.1750257953728574,0.11097318007212954,0.9939079880714417
95,3,6,0.237653911113739,0.09844952821731567,0.17859794288529232,0.10882858480589373,0.9950730204582214
95,3,7,0.3124137818813324,0.0902581736445427,0.23987805258443307,0.1001390668516517,0.9956808090209961
95,3,8,0.28979265689849854,0.09442827850580215,0.22785798029027765,0.10209945437825405,0.9950143694877625
95,3,9,0.28705865144729614,0.1378500908613205,0.2140524745792994,0.14811222965500312,0.9945842623710632
95,3,10,0.2769806385040283,0.13995465636253357,0.2079027583574615,0.149568530491964,0.9925472140312195
95,3,11,0.5055646300315857,0.1705055832862854,0.39803517064129296,0.1824866057190296,0.9991475343704224
95,3,12,0.4121169149875641,0.1859303116798401,0.3901228231736116,0.1895157646929205,0.9977895021438599
95,3,13,0.5768757462501526,0.3502693474292755,0.4849981377937398,0.35167113872463646,0.865786612033844
95,3,14,0.4823467433452606,0.3453913927078247,0.4599937926683198,0.35358715642799954,0.06901673227548599
95,3,15,0.5559837818145752,0.5076044201850891,0.4339518988419869,0.44644542116066394,0.6175010800361633
95,3,16,0.46489664912223816,0.47396227717399597,0.4069532328215037,0.46479563522662654,0.06405030190944672
95,3,17,0.5932713747024536,0.5624580979347229,0.4383751044751706,0.473452962631487,0.572728157043457
95,3,18,0.4725581705570221,0.5127533674240112,0.40000111144068606,0.49746341729864046,0.07755166292190552
95,3,19,0.5668684840202332,0.5622509717941284,0.423804469786054,0.46845717837957546,0.56761234998703
95,3,20,0.4592204988002777,0.5113592743873596,0.3819499338771249,0.4942981059214648,0.0783625990152359
95,3,21,0.5589406490325928,0.5460214614868164,0.42638779154750334,0.4591706139743225,0.5513522028923035
95,3,22,0.460747629404068,0.49637535214424133,0.38566643743262197,0.48101241836696557,0.08356253057718277
95,3,23,0.5576120615005493,0.5087189078330994,0.46798203643968955,0.5148975648072576,0.9921407699584961
95,3,24,0.4951624274253845,0.5091644525527954,0.4531249727711005,0.5111280982705384,0.9899075627326965
95,3,25,0.5210035443305969,0.7638159394264221,0.38477977956578047,0.7460483070125171,0.7406306862831116
95,3,26,0.4469454288482666,0.7443826794624329,0.41820195742523397,0.7299579270087537,0.39073115587234497
95,3,27,0.6946377754211426,0.9293990135192871,0.5855871787784053,0.9163396243758045,0.6449836492538452
95,3,28,0.5917141437530518,0.930526614189148,0.5660748447082778,0.9222582821493638,0.3613504469394684
95,3,29,0.7780429124832153,0.9714126586914062,0.6585798969364802,0.9372398313669066,0.7076452374458313
95,3,30,0.6596418619155884,0.9690374732017517,0.6357742654776584,0.9539986261576698,0.42736130952835083
95,3,31,0.6642194390296936,1.0480287075042725,0.5563340815697622,1.0055124908590505,0.5947891473770142
95,3,32,0.48784372210502625,1.030273199081421,0.5085679281898051,1.0094195684177494,0.3356344997882843
