frame_id,person_id,landmark_id,raw_x,raw_y,filtered_x,filtered_y,visibility
1,1,0,0.5743454098701477,0.135453462600708,0.5743454098701477,0.135453462600708,0.9995425939559937
1,1,1,0.6014505624771118,0.10414844751358032,0.6014505624771118,0.10414844751358032,0.9990894794464111
1,1,2,0.6139756441116333,0.10261058807373047,0.6139756441116333,0.10261058807373047,0.9993769526481628
1,1,3,0.627030074596405,0.1016950011253357,0.627030074596405,0.1016950011253357,0.9991359114646912
1,1,4,0.577862024307251,0.10737228393554688,0.577862024307251,0.10737228393554688,0.9988893866539001
1,1,5,0.5735840797424316,0.10742640495300293,0.5735840797424316,0.10742640495300293,0.9990392923355103
1,1,6,0.5699089765548706,0.10746752470731735,0.5699089765548706,0.10746752470731735,0.9987115859985352
1,1,7,0.675757884979248,0.11431043595075607,0.675757884979248,0.11431043595075607,0.999446451663971
1,1,8,0.5974714159965515,0.11607509851455688,0.5974714159965515,0.11607509851455688,0.9990109205245972
1,1,9,0.6047526597976685,0.16066902875900269,0.6047526597976685,0.16066902875900269,0.9995284080505371
1,1,10,0.5726184844970703,0.16241824626922607,0.5726184844970703,0.16241824626922607,0.9993724226951599
1,1,11,0.8409506678581238,0.26062607765197754,0.8409506678581238,0.26062607765197754,0.999376118183136
1,1,12,0.4977636933326721,0.25615590810775757,0.4977636933326721,0.25615590810775757,0.9995344877243042
1,1,13,0.9138621091842651,0.49146488308906555,0.9138621091842651,0.49146488308906555,0.978156328201294
1,1,14,0.3286381661891937,0.43495720624923706,0.3286381661891937,0.43495720624923706,0.9909005165100098
1,1,15,0.9288643002510071,0.705721378326416,0.9288643002510071,0.705721378326416,0.936712384223938
1,1,16,0.09384912252426147,0.5611507892608643,0.09384912252426147,0.5611507892608643,0.9777665138244629
1,1,17,0.9467840194702148,0.7859978079795837,0.9467840194702148,0.7859978079795837,0.8678238987922668
1,1,18,0.034970760345458984,0.5947453379631042,0.034970760345458984,0.5947453379631042,0.9484496116638184
1,1,19,0.9225543141365051,0.7886822819709778,0.9225543141365051,0.7886822819709778,0.8874388337135315
1,1,20,0.02963411808013916,0.5939560532569885,0.02963411808013916,0.5939560532569885,0.9597879648208618
1,1,21,0.9052281379699707,0.7636195421218872,0.9052281379699707,0.7636195421218872,0.9063252806663513
1,1,22,0.05990588292479515,0.5876659154891968,0.05990588292479515,0.5876659154891968,0.9647619724273682
1,1,23,0.7514376640319824,0.7337014079093933,0.7514376640319824,0.7337014079093933,0.9708634614944458
1,1,24,0.5439097881317139,0.7134718298912048,0.5439097881317139,0.7134718298912048,0.9786100387573242
1,1,25,0.748295247554779,0.9581102132797241,0.748295247554779,0.9581102132797241,0.6706216931343079
1,1,26,0.5751262307167053,0.9274399280548096,0.5751262307167053,0.9274399280548096,0.6397943496704102
1,1,27,0.7696104645729065,1.2991523742675781,0.7696104645729065,1.2991523742675781,0.21782250702381134
1,1,28,0.5727376341819763,1.3019347190856934,0.5727376341819763,1.3019347190856934,0.2108645737171173
1,1,29,0.7660439014434814,1.331299066543579,0.7660439014434814,1.331299066543579,0.25770121812820435
1,1,30,0.5798858404159546,1.3432080745697021,0.5798858404159546,1.3432080745697021,0.16069772839546204
1,1,31,0.7567958235740662,1.4195502996444702,0.7567958235740662,1.4195502996444702,0.11357773840427399
1,1,32,0.580021858215332,1.4074435234069824,0.580021858215332,1.4074435234069824,0.09213759005069733
2,1,0,0.5815703272819519,0.13894805312156677,0.5755968258049093,0.13605868694255344,0.9989836812019348
2,1,1,0.6060854196548462,0.10784221440553665,0.6022532958816772,0.10478817082573962,0.9977797269821167
2,1,2,0.6188480854034424,0.1059044823050499,0.6148195318890466,0.1031810506008502,0.9982597231864929
2,1,3,0.6323742270469666,0.10434440523386002,0.6279556740271818,0.10215383688999444,0.9976959824562073
2,1,4,0.5819488167762756,0.1112869456410408,0.5785698240634697,0.10805026851233503,0.9976847171783447
2,1,5,0.5774729251861572,0.111509770154953,0.5742575926496518,0.10813361106112021,0.997959315776825
2,1,6,0.5736775994300842,0.11165682971477509,0.5705616656400408,0.1081930810510093,0.9974567890167236
2,1,7,0.6841628551483154,0.11374408006668091,0.6772137475295983,0.1142123580246173,0.9985658526420593
2,1,8,0.6036636233329773,0.1165168508887291,0.598543924641447,0.11615159810716463,0.9982560276985168
2,1,9,0.6165857315063477,0.16292378306388855,0.6068025303721132,0.16105951265575208,0.9991380572319031
2,1,10,0.5843225121498108,0.16481412947177887,0.5746459926060409,0.16283317297618985,0.9989705681800842
2,1,11,0.859082818031311,0.2646147906780243,0.8440923370720348,0.26131688879651555,0.9992741346359253
2,1,12,0.5053790211677551,0.26289424300193787,0.49908274708723954,0.2573230268226552,0.9995215535163879
2,1,13,0.9170345664024353,0.488836407661438,0.9144115382877762,0.49100967213427826,0.9775869250297546
2,1,14,0.3273468017578125,0.4247909486293793,0.32841453099824386,0.43319616998288935,0.9911371469497681
2,1,15,0.952160120010376,0.6959388256072998,0.932901279497876,0.7040268283665004,0.935921847820282
2,1,16,0.09337826073169708,0.5290650129318237,0.09376758189439938,0.5555891128218545,0.9782801270484924
2,1,17,0.9624271392822266,0.777708888053894,0.9494942238386173,0.7845620520201835,0.8665356040000916
2,1,18,0.03047717735171318,0.5651770234107971,0.0341924982076594,0.589620420137393,0.9490188360214233
2,1,19,0.9449787735939026,0.7817503809928894,0.9264401918985438,0.7874816295008389,0.8863301277160645
2,1,20,0.028954630717635155,0.5674535036087036,0.0295164483605916,0.5893629309849701,0.9601984620094299
2,1,21,0.9273549318313599,0.7585909962654114,0.9090623997296678,0.7627486135572437,0.9052762985229492
2,1,22,0.05947611853480339,0.5616273283958435,0.059831459354434534,0.5831532648458045,0.9649915099143982
2,1,23,0.7552146911621094,0.7354854941368103,0.7520918088182137,0.7340103759785044,0.9709120988845825
2,1,24,0.5479413866996765,0.7191678881645203,0.5446080275872972,0.7144583893350935,0.9788393378257751
2,1,25,0.7529312968254089,0.9871776103973389,0.7490981874524725,0.9631482339782342,0.6540045738220215
2,1,26,0.5714424848556519,1.0364646911621094,0.5744882431386166,0.9463816742448495,0.6206600666046143
2,1,27,0.7663223147392273,1.3165339231491089,0.7690409970041279,1.3021639225390587,0.20223987102508545
2,1,28,0.5766019821166992,1.3238670825958252,0.5734069038489936,1.3057352666057624,0.19768373668193817
2,1,29,0.7623884677886963,1.345982551574707,0.7654108177924319,1.3338429387528725,0.24085019528865814
2,1,30,0.5814774632453918,1.3602145910263062,0.5801614760770418,1.3461546110649505,0.1509714424610138
2,1,31,0.7518689632415771,1.428715467453003,0.7559425092356425,1.421137875709449,0.10597522556781769
2,1,32,0.580653190612793,1.4275206327438354,0.5801311885762591,1.4109223894862928,0.08675600588321686
3,1,0,0.5811823606491089,0.14040672779083252,0.5765642393428475,0.13681173874355326,0.9987850189208984
3,1,1,0.6047894358634949,0.10896497964859009,0.6026925145593325,0.10551156265335915,0.9973733425140381
3,1,2,0.6163087487220764,0.10702012479305267,0.6150774321882555,0.10384594258309061,0.9979450106620789
3,1,3,0.6285560131072998,0.10539574176073074,0.6280596370547412,0.10271529461352193,0.9973049163818359
3,1,4,0.582177996635437,0.11242960393428802,0.5791947216930209,0.10880874103961904,0.997080385684967
3,1,5,0.5775855779647827,0.11271330714225769,0.5748339599310685,0.10892678953446422,0.9973541498184204
3,1,6,0.5734915733337402,0.11295108497142792,0.5710690845622711,0.1090171458905015,0.9966099262237549
3,1,7,0.6813753843307495,0.11448908597230911,0.6779345113550163,0.11426027960117563,0.9983572363853455
3,1,8,0.6034252047538757,0.11769581586122513,0.5993893434977393,0.1164190238232192,0.9976909160614014
3,1,9,0.6145465970039368,0.16453716158866882,0.6081438882413711,0.1616618025960728,0.9990317821502686
3,1,10,0.5865247845649719,0.16670092940330505,0.5767037862775225,0.16350303303211267,0.998766303062439
3,1,11,0.8682224154472351,0.26803359389305115,0.848273991668263,0.2624802603514047,0.9992746114730835
3,1,12,0.5069790482521057,0.26774775981903076,0.5004504799000168,0.259128851178881,0.9994644522666931
3,1,13,0.924601674079895,0.493551105260849,0.9161767120878969,0.49144980756760664,0.9780290126800537
3,1,14,0.30933094024658203,0.4034157693386078,0.32510791579538467,0.4280344594508074,0.9909672737121582
3,1,15,0.9612999558448792,0.6985166668891907,0.9378232977143833,0.7030724716368054,0.9379868507385254
3,1,16,0.052082598209381104,0.46214917302131653,0.08653991784235311,0.539362613277596,0.9776366353034973
3,1,17,0.9717510342597961,0.778797447681427,0.9533510308481276,0.7835636183038053,0.8698728680610657
3,1,18,-0.03432709351181984,0.47706112265586853,0.022302475387012917,0.5700625196159597,0.9471767544746399
3,1,19,0.9549448490142822,0.7815854549407959,0.9313805942447685,0.7864604036894921,0.889337420463562
3,1,20,-0.03627782687544823,0.4763461947441101,0.018100275379883082,0.5697252792598505,0.9588119983673096
3,1,21,0.9370324611663818,0.7624877095222473,0.913910068578081,0.7627034322631494,0.908027708530426
3,1,22,0.000667039304971695,0.4766695201396942,0.049567694366617766,0.5646543951741916,0.9641473889350891
3,1,23,0.7638633847236633,0.7366124987602234,0.7541310225672077,0.7344610227091524,0.9705234169960022
3,1,24,0.556289792060852,0.7265178561210632,0.5466316776599938,0.7165474930806356,0.9776583909988403
3,1,25,0.7606201767921448,0.9952207207679749,0.7510941498497634,0.9687076053541518,0.6514551639556885
3,1,26,0.5703139305114746,1.0450149774551392,0.5737652836875534,0.963512730651626,0.6134881377220154
3,1,27,0.775672972202301,1.302431344985962,0.7701896899278431,1.3022102326511764,0.19700738787651062
3,1,28,0.5737335681915283,1.282208800315857,0.5734634731040049,1.3016582902203577,0.19105973839759827
3,1,29,0.7690252661705017,1.3295540809631348,0.7660368024409102,1.3331001384126822,0.23843622207641602
3,1,30,0.5791078805923462,1.3132543563842773,0.5799790184089004,1.3404516155633586,0.1479470282793045
3,1,31,0.7647287845611572,1.4186705350875854,0.757464436797934,1.4207105728659386,0.10399582982063293
3,1,32,0.5677829384803772,1.3894726037979126,0.5779920393306586,1.4072055195358817,0.08417428284883499
4,1,0,0.5489864945411682,0.13319872319698334,0.571784622117059,0.1361860022749884,0.9975220561027527
4,1,1,0.5728660821914673,0.10429541766643524,0.5975228185006677,0.10530095425076794,0.9950569868087769
4,1,2,0.5825086832046509,0.10227011889219284,0.6094319565016728,0.10357304313177293,0.9962352514266968
4,1,3,0.5931461453437805,0.1001092866063118,0.6220072969598309,0.10226397497159823,0.9954321980476379
4,1,4,0.5579853057861328,0.10775605589151382,0.575519529913027,0.10862644102594052,0.993698000907898
4,1,5,0.556653618812561,0.10820143669843674,0.5716839363578341,0.10880117692304658,0.9938796162605286
4,1,6,0.5557121634483337,0.10855448246002197,0.5684084876270695,0.10893702501721739,0.9918797016143799
4,1,7,0.6498771905899048,0.108824223279953,0.6730717067249748,0.11331875995246535,0.9972531795501709
4,1,8,0.5921035408973694,0.11556337773799896,0.5981273794420627,0.11627084716287055,0.9941744208335876
4,1,9,0.5792711973190308,0.157596156001091,0.6031396438174691,0.1609576655854692,0.9982383251190186
4,1,10,0.5610662698745728,0.16208435595035553,0.5739945532758498,0.16325734922215243,0.996741533279419
4,1,11,0.8444857001304626,0.26982149481773376,0.8476178958604469,0.2637518278272902,0.9991937279701233
4,1,12,0.4877777695655823,0.27043744921684265,0.49825510141251267,0.26108783512424255,0.998674750328064
4,1,13,0.9166647791862488,0.4924595355987549,0.9162612322603338,0.49162466820605377,0.9772304892539978
4,1,14,0.2715963125228882,0.3916833996772766,0.3158263673647284,0.42173264041867575,0.9882203936576843
4,1,15,0.9323707818984985,0.6966005563735962,0.9368789270155472,0.7019515073064838,0.935375452041626
4,1,16,0.010565408505499363,0.41046804189682007,0.07335331297344125,0.5169553769406074,0.9738779664039612
4,1,17,0.9490858912467957,0.7736403942108154,0.9526123389156643,0.7818446937240898,0.8663575649261475
4,1,18,-0.05831410363316536,0.4162893295288086,0.008308211088272125,0.5433104443301638,0.9390413761138916
4,1,19,0.9247767925262451,0.778363823890686,0.9302367823022728,0.7850579718008333,0.8862826228141785
4,1,20,-0.07167268544435501,0.40686509013175964,0.0025122765132233812,0.5413846393761077,0.9521817564964294
4,1,21,0.9057027697563171,0.7575353384017944,0.9124884542783924,0.761808330658419,0.9053518176078796
4,1,22,-0.036616697907447815,0.4163508117198944,0.03460441797595921,0.5388580944587225,0.9591385722160339
4,1,23,0.7526512145996094,0.7435573935508728,0.7538747517604416,0.7360366786150669,0.9703192710876465
4,1,24,0.5448833107948303,0.7342603802680969,0.5463288958026383,0.7196164800648234,0.9753162860870361
4,1,25,0.7607967257499695,1.0020925998687744,0.7527748420924307,0.9744947126749359,0.6426554918289185
4,1,26,0.5512094497680664,1.0544806718826294,0.56985662493513,0.9793088264249452,0.5886608362197876
4,1,27,0.7673531174659729,1.3173773288726807,0.7696984367410814,1.304837927418448,0.1836182326078415
4,1,28,0.5699766874313354,1.297206163406372,0.572859600618224,1.3008872089911907,0.1767267882823944
4,1,29,0.7621375918388367,1.3446147441864014,0.7653614941716604,1.3350948213501648,0.22306175529956818
4,1,30,0.5771232843399048,1.3300223350524902,0.5794844464222993,1.3386450029915096,0.1379382312297821
4,1,31,0.7559658885002136,1.4348706007003784,0.7572049204203803,1.4231637190344164,0.09675034880638123
4,1,32,0.5490763783454895,1.3977609872817993,0.5729803405670805,1.405569538628386,0.0779276043176651
5,1,0,0.5983941555023193,0.13143707811832428,0.5763962999149184,0.13536351023783738,0.9954401254653931
5,1,1,0.622238278388977,0.1009453535079956,0.6018059920869382,0.10454659295887211,0.9904505014419556
5,1,2,0.6322501301765442,0.0988243892788887,0.6133861061233185,0.1027505979174861,0.9927892684936523
5,1,3,0.6431452631950378,0.09667453914880753,0.6256700993257316,0.10129588568033283,0.9909812211990356
5,1,4,0.6070066094398499,0.10483744740486145,0.580977331109285,0.10797022352503742,0.9883556365966797
5,1,5,0.6058814525604248,0.10528990626335144,0.5776120326277352,0.10819306346378413,0.9894232749938965
5,1,6,0.6052246689796448,0.10566301643848419,0.5747910280617359,0.10837000678561638,0.98638916015625
5,1,7,0.6965053081512451,0.1067180410027504,0.6771325787794843,0.11217548184201245,0.9944863319396973
5,1,8,0.6402059197425842,0.11384217441082001,0.605423367551047,0.11585024144242093,0.9908720254898071
5,1,9,0.6308550834655762,0.1545952707529068,0.6079431449308259,0.15985567432416722,0.9967709183692932
5,1,10,0.6072747707366943,0.1593857705593109,0.5797634783263653,0.1625868271149951,0.994770884513855
5,1,11,0.8835827112197876,0.2697477638721466,0.8538526829969942,0.26479033559271226,0.9988216757774353
5,1,12,0.5295668244361877,0.2695378065109253,0.5036824789800097,0.2625514945739422,0.9985699653625488
5,1,13,0.9567136764526367,0.48259440064430237,0.9232749297276213,0.4900604656940156,0.9722016453742981
5,1,14,0.2940171957015991,0.36519479751586914,0.31204717924700814,0.4119252999652126,0.988291323184967
5,1,15,0.9762231707572937,0.6979352235794067,0.9437002573046788,0.7012559205602423,0.9184383153915405
5,1,16,0.02906166762113571,0.39764323830604553,0.06567307632809476,0.4962198614190988,0.9735574722290039
5,1,17,0.9838563799858093,0.7759432792663574,0.9580279744432824,0.7808225601740393,0.8425166606903076
5,1,18,-0.04895895719528198,0.40170928835868835,-0.0016258719839983317,0.5186848261712408,0.9365463852882385
5,1,19,0.9545484185218811,0.7780627608299255,0.9344499236110723,0.783846351278766,0.8654940724372864
5,1,20,-0.056677475571632385,0.40074729919433594,-0.007755909500858091,0.516927330521743,0.9504309892654419
5,1,21,0.9316259622573853,0.7558177709579468,0.9158044175680833,0.7607707542633958,0.8871815800666809
5,1,22,-0.017064344137907028,0.41364097595214844,0.02564299052627065,0.5170924708402242,0.9580640196800232
5,1,23,0.7963342070579529,0.742362380027771,0.7612368709486702,0.7371323132413887,0.9630100131034851
5,1,24,0.587369441986084,0.734053909778595,0.5534446848010526,0.7221177055717044,0.9713625311851501
5,1,25,0.809516429901123,1.001712441444397,0.7626175823915735,0.9792118849042142,0.6350358724594116
5,1,26,0.5951148867607117,1.0485981702804565,0.574233937351151,0.9913327456080969,0.5817248821258545
5,1,27,0.806542694568634,1.321514368057251,0.7760858502034174,1.3077272467628096,0.1740039736032486
5,1,28,0.6122199296951294,1.3243168592453003,0.579683721929182,1.304947396220246,0.16987335681915283
5,1,29,0.8012738823890686,1.3528380393981934,0.7715871821600744,1.3381690663946388,0.21017469465732574
5,1,30,0.6178216338157654,1.3629144430160522,0.58613097576788,1.342850825312828,0.13085733354091644
5,1,31,0.7937476634979248,1.435249924659729,0.7635400052043525,1.4252574565976257,0.09152137488126755
5,1,32,0.5982135534286499,1.4248472452163696,0.5773533083586918,1.4089098076748368,0.0745835155248642
6,1,0,0.47376367449760437,0.13302741944789886,0.558568522849052,0.13495893929833716,0.9956353306770325
6,1,1,0.500292956829071,0.1020713523030281,0.5841732835489015,0.10411792185182786,0.990914523601532
6,1,2,0.5128258466720581,0.10003722459077835,0.5959193913674772,0.1022806827704525,0.9931206107139587
6,1,3,0.526376485824585,0.0979478731751442,0.6084240468933664,0.10071604957887877,0.9914457201957703
6,1,4,0.4793902337551117,0.10560386627912521,0.5633317209880793,0.10756041058177992,0.9888033866882324
6,1,5,0.47645655274391174,0.10588959604501724,0.5600416219691757,0.10779414272658447,0.9896959662437439
6,1,6,0.47421395778656006,0.10613617300987244,0.5573213887009898,0.10798314620177203,0.9865927696228027
6,1,7,0.5785122513771057,0.10802493244409561,0.660003814309227,0.11145663851035142,0.9947782754898071
6,1,8,0.5074261426925659,0.11337247490882874,0.5884031483394774,0.11542113286188563,0.9910184741020203
6,1,9,0.5056923031806946,0.15738384425640106,0.590181888707396,0.15942759391612174,0.9969915747642517
6,1,10,0.4784334599971771,0.16132844984531403,0.5621626593364032,0.16236890477240962,0.9950823783874512
6,1,11,0.7652347683906555,0.27270302176475525,0.8384657913014999,0.26616090717103374,0.9989128708839417
6,1,12,0.3966575264930725,0.2703019678592682,0.4850892915251478,0.26389396243367363,0.9984954595565796
6,1,13,0.8754257559776306,0.48323768377304077,0.914976938135305,0.4888787172492868,0.9742635488510132
6,1,14,0.1806633472442627,0.3571102023124695,0.2892055288246771,0.40241728278533706,0.9872967004776001
6,1,15,0.8625686168670654,0.6931231021881104,0.9296163815038527,0.699847210138286,0.9242450594902039
6,1,16,-0.055491384118795395,0.4231113791465759,0.04461452938430871,0.4835317269786365,0.9687986969947815
6,1,17,0.8727062344551086,0.7670241594314575,0.943214865407031,0.7784320898252111,0.8520452976226807
6,1,18,-0.1108049675822258,0.4427514970302582,-0.020594554310215826,0.5055052883643616,0.9262140393257141
6,1,19,0.8486204743385315,0.7730230689048767,0.9195484420184571,0.7819714657175979,0.8737168312072754
6,1,20,-0.10684525221586227,0.4355919063091278,-0.024966411160181473,0.5028078758712965,0.9413674473762512
6,1,21,0.8320822715759277,0.7516259551048279,0.9012697174429483,0.7591867073760247,0.8938136100769043
6,1,22,-0.07442876696586609,0.4403521716594696,0.008261350423883432,0.5037725613790134,0.9511080384254456
6,1,23,0.6713710427284241,0.7430486679077148,0.7456327185295315,0.7381570349081582,0.9654650092124939
6,1,24,0.45886653661727905,0.7417633533477783,0.5370199747455919,0.7255217662294278,0.9721139073371887
6,1,25,0.717465877532959,1.0443511009216309,0.7547880210463405,0.9905141795047718,0.6366587281227112
6,1,26,0.5000434517860413,1.0311285257339478,0.5613576710793315,0.9982324806827745,0.5767030715942383
6,1,27,0.7061918377876282,1.3296825885772705,0.7639568306849176,1.3115317790826593,0.16849364340305328
6,1,28,0.5020473599433899,1.3187191486358643,0.566208011409038,1.3073332481266131,0.1625368595123291
6,1,29,0.694680392742157,1.3612991571426392,0.7582383983139175,1.3421773065097913,0.20441967248916626
6,1,30,0.5111008286476135,1.353439211845398,0.5731086553317983,1.3446850075388794,0.12581229209899902
6,1,31,0.7134715914726257,1.445880651473999,0.7548565749059524,1.4288310046080996,0.08766433596611023
6,1,32,0.4943256080150604,1.4249919652938843,0.5629394654692031,1.4116961131429953,0.0707005113363266
7,1,0,0.4045502245426178,0.13642089068889618,0.5317736220101024,0.13521211760066523,0.9956674575805664
7,1,1,0.42929065227508545,0.10477682948112488,0.5572273172388805,0.10423202762063165,0.9911519885063171
7,1,2,0.4412849545478821,0.10256427526473999,0.569016804553477,0.10232979310540434,0.9933069944381714
7,1,3,0.4542698264122009,0.10046233236789703,0.5816053909677122,0.1006721128514838,0.9917997121810913
7,1,4,0.4110066294670105,0.10884407162666321,0.5368327340337495,0.10778271166845307,0.9886408448219299
7,1,5,0.4093573987483978,0.10923285782337189,0.5338293722656235,0.10804329683305956,0.9891896843910217
7,1,6,0.40824243426322937,0.10970011353492737,0.5313896283505586,0.10828049002044803,0.9855808019638062
7,1,7,0.5088117122650146,0.10940500348806381,0.6337028163717828,0.11110133347632137,0.9950436353683472
7,1,8,0.44620195031166077,0.1152508482336998,0.5636728366055598,0.11539164439926276,0.9904155731201172
7,1,9,0.4385186731815338,0.16087202727794647,0.5637985635770003,0.15967773834273227,0.9971256256103516
7,1,10,0.4132783114910126,0.16505378484725952,0.536264899773625,0.16283388492071105,0.9950434565544128
7,1,11,0.7135270237922668,0.27485424280166626,0.8167488185787417,0.26766673188521267,0.9989857077598572
7,1,12,0.3365596830844879,0.27046999335289,0.4592535058325064,0.2650329636526025,0.9980790019035339
7,1,13,0.8169819116592407,0.4859617352485657,0.8979570948646055,0.4883735370643191,0.9760919809341431
7,1,14,0.09699617326259613,0.32587260007858276,0.25572825789329157,0.38913147695406985,0.9862836599349976
7,1,15,0.8091340661048889,0.6973485946655273,0.9086768303853114,0.6994144905805357,0.9290388226509094
7,1,16,-0.14685367047786713,0.356022447347641,0.011267075970231431,0.4613661462751864,0.9619295001029968
7,1,17,0.8215900659561157,0.7687140107154846,0.9220760258795556,0.776748711263718,0.8598759770393372
7,1,18,-0.1973441243171692,0.3712674081325531,-0.05136499509978289,0.48216530146007897,0.9085710048675537
7,1,19,0.7937237024307251,0.7749824523925781,0.8976768895933493,0.7807609188753628,0.8806394338607788
7,1,20,-0.19430920481681824,0.3593076467514038,-0.054440880063243706,0.47785052244887466,0.9261758327484131
7,1,21,0.7771136164665222,0.7553619742393494,0.8796892944933736,0.7585242994032081,0.8993834853172302
7,1,22,-0.16712941229343414,0.3668872117996216,-0.022271284920896212,0.4799703945313986,0.9407635927200317
7,1,23,0.6089862585067749,0.7452180981636047,0.7218723866439606,0.7393800639379273,0.9663704633712769
7,1,24,0.39799022674560547,0.7462977170944214,0.5128435065041738,0.7291218003180423,0.9708868265151978
7,1,25,0.6285834312438965,0.9916673302650452,0.7328502155887126,0.990713878581748,0.6458294987678528
7,1,26,0.4392677843570709,0.9977115988731384,0.5401377049277063,0.9981422781068342,0.5751559138298035
7,1,27,0.624353289604187,1.2925678491592407,0.739680180831341,1.3082459098537844,0.1678139716386795
7,1,28,0.45285937190055847,1.2747960090637207,0.5465124805571303,1.301693240172972,0.1584070771932602
7,1,29,0.6154606342315674,1.3203614950180054,0.7334074003816684,1.3383969695083706,0.20400476455688477
7,1,30,0.46558061242103577,1.3080990314483643,0.5544277703464482,1.3383424196986078,0.1251266449689865
7,1,31,0.6260378956794739,1.411123514175415,0.7324626112185667,1.4257629536067848,0.08589030057191849
7,1,32,0.4325578510761261,1.3775885105133057,0.5402727203478408,1.4057836193519582,0.06851762533187866
8,1,0,0.44581958651542664,0.12446009367704391,0.5168503758996401,0.13334957996290234,0.9955107569694519
8,1,1,0.4787856340408325,0.09552567452192307,0.5436114222315245,0.10272394751988514,0.991226077079773
8,1,2,0.487140029668808,0.09385357052087784,0.5548031840431685,0.10086158545773682,0.993382453918457
8,1,3,0.49451228976249695,0.09222602099180222,0.5664838656433199,0.09920912561437661,0.9919793009757996
8,1,4,0.4739789068698883,0.09825926274061203,0.5259276758079388,0.10613305694306106,0.9882684350013733
8,1,5,0.47799980640411377,0.09831009060144424,0.5241450559308226,0.10635729725528069,0.9888222813606262
8,1,6,0.482822060585022,0.09835498780012131,0.5229668300601475,0.10656117072692801,0.9850537776947021
8,1,7,0.5690582394599915,0.10397320240736008,0.6224864637190239,0.10986668532253199,0.9951992034912109
8,1,8,0.5510125160217285,0.10733190923929214,0.5614795960113419,0.11399559603707457,0.9898725748062134
8,1,9,0.4711191952228546,0.15042966604232788,0.5477044327391349,0.1580757976911879,0.9971094727516174
8,1,10,0.4653197228908539,0.15298260748386383,0.5239530189338419,0.16112742682771972,0.994727611541748
8,1,11,0.7754735946655273,0.2768048346042633,0.8095922665746538,0.26924961854190255,0.9989643096923828
8,1,12,0.4176868498325348,0.26135072112083435,0.45204634915989067,0.2643952364929738,0.9973580241203308
8,1,13,0.8836620450019836,0.4918272793292999,0.8954805428573807,0.48897168619693965,0.9764794707298279
8,1,14,0.14272408187389374,0.3122407793998718,0.23609263508805367,0.3757854655324944,0.9852690100669861
8,1,15,0.8897266983985901,0.7047516703605652,0.905393343349451,0.7003388821399152,0.9287028908729553
8,1,16,0.03388887643814087,0.2743889093399048,0.015187140469807184,0.42880511590805054,0.9587082862854004
8,1,17,0.8946500420570374,0.7725911736488342,0.9173227178786902,0.7760286574407746,0.8589585423469543
8,1,18,-0.005867393221706152,0.2738221287727356,-0.04347542781702682,0.44586032638853534,0.8980806469917297
8,1,19,0.8899006247520447,0.7750319242477417,0.8963299489464954,0.7797686538210392,0.8805579543113708
8,1,20,0.005850921850651503,0.2569967210292816,-0.0439812594470653,0.4393511235050512,0.9174774289131165
8,1,21,0.8588180541992188,0.7550774812698364,0.8760727273372579,0.7579273495542408,0.8986619114875793
8,1,22,0.027043312788009644,0.2683715522289276,-0.013718843908134255,0.4430945448358537,0.9339090585708618
8,1,23,0.6789150238037109,0.754341185092926,0.7144237952529623,0.7419720575077855,0.9605023860931396
8,1,24,0.487230509519577,0.7535720467567444,0.5084046523450005,0.7333589801658311,0.9642379879951477
8,1,25,0.7037152647972107,1.0751949548721313,0.7278004640432759,1.0053806823977096,0.6340821981430054
8,1,26,0.554287850856781,1.0103567838668823,0.5425891309512128,1.0002582557443418,0.5716683268547058
8,1,27,0.6987411379814148,1.3398828506469727,0.7325819876429369,1.3137297126487344,0.1577874720096588
8,1,28,0.5341862440109253,1.353938341140747,0.5443771406398901,1.310754769016881,0.1542232632637024
8,1,29,0.7031634449958801,1.3698647022247314,0.7281652509971624,1.3438514147110572,0.19070948660373688
8,1,30,0.5409068465232849,1.3909916877746582,0.5520853848338166,1.347474158101944,0.11923272907733917
8,1,31,0.6746519804000854,1.4451805353164673,0.7224340792559414,1.4291274733555315,0.08078912645578384
8,1,32,0.5391253232955933,1.4557247161865234,0.5400740172105489,1.4144449365959098,0.06660635769367218
9,1,0,0.5699904561042786,0.12471884489059448,0.5260673315387016,0.13185460148783085,0.9940835237503052
9,1,1,0.6055120229721069,0.09628698974847794,0.5543506819611036,0.10160903915839027,0.988705575466156
9,1,2,0.6169590353965759,0.09456561505794525,0.5655868094392779,0.09977110132773724,0.9911391139030457
9,1,3,0.6288620233535767,0.09294570237398148,0.577306130672877,0.09812427982575446,0.9893578886985779
9,1,4,0.5879318118095398,0.09916423261165619,0.5366849369631224,0.10492600774000001,0.9851390719413757
9,1,5,0.5877423286437988,0.0992434024810791,0.535179244242125,0.10512511546168479,0.9861465692520142
9,1,6,0.5886882543563843,0.09931567311286926,0.5343702895030172,0.10530618933525542,0.9822188019752502
9,1,7,0.6953486800193787,0.10449119657278061,0.6351316379814991,0.10893565759803484,0.993922770023346
9,1,8,0.641447126865387,0.1075335443019867,0.5753608630027245,0.11287634045186874,0.9885371923446655
9,1,9,0.6083622574806213,0.15101127326488495,0.5582276859935693,0.15685216903678958,0.9964836835861206
9,1,10,0.588248074054718,0.15336894989013672,0.5351085041434562,0.15978357236194496,0.9936869740486145
9,1,11,0.8866596221923828,0.2786884307861328,0.8229689475950429,0.27088460838207545,0.9981571435928345
9,1,12,0.5118505954742432,0.2602856159210205,0.4624212652693342,0.26368348262801855,0.9973637461662292
9,1,13,1.020601749420166,0.5251752138137817,0.917229295029328,0.49524790023385906,0.9674395322799683
9,1,14,0.2026403546333313,0.29694172739982605,0.23029380241797742,0.3620996531955285,0.985808253288269
9,1,15,1.0733845233917236,0.7406753897666931,0.9346312168496929,0.7073324538334449,0.8930749297142029
9,1,16,0.03252387046813965,0.2290450930595398,0.01819089850518864,0.3940046245382127,0.9594123363494873
9,1,17,1.093584418296814,0.808138906955719,0.9480075930120317,0.7815945798133286,0.816564679145813
9,1,18,-0.018068134784698486,0.22434718906879425,-0.03907229448343669,0.4072450595355708,0.8964719772338867
9,1,19,1.0793299674987793,0.7976869940757751,0.9281942828784434,0.7828732571726158,0.842352569103241
9,1,20,-0.028653644025325775,0.21212245523929596,-0.04132575628821149,0.3997326968231326,0.9165332317352295
9,1,21,1.0565695762634277,0.7740024924278259,0.9074988573824933,0.7607124389542705,0.86380535364151
9,1,22,0.013325232081115246,0.21971112489700317,-0.00903182070236906,0.4041510825177622,0.9333149790763855
9,1,23,0.8077213168144226,0.7547816038131714,0.7306254362885696,0.7441911502935232,0.9362773895263672
9,1,24,0.5917172431945801,0.7594550848007202,0.5228680270865799,0.7378816078694065,0.9564752578735352
9,1,25,0.8105154037475586,1.0992140769958496,0.7421598456841456,1.0216757271047323,0.6307669281959534
9,1,26,0.6111581325531006,1.07817804813385,0.5544877160361938,1.0137833132241272,0.5797280669212341
9,1,27,0.8172687292098999,1.355561375617981,0.7472845285413575,1.320982842599234,0.15310928225517273
9,1,28,0.6452130675315857,1.3858165740966797,0.5618918425368729,1.3237826039039786,0.15578462183475494
9,1,29,0.8160036206245422,1.390689730644226,0.7434163870073202,1.3519738609888152,0.18340647220611572
9,1,30,0.6580430269241333,1.4242668151855469,0.5704925290011467,1.360803092487569,0.11837618052959442
9,1,31,0.8103284239768982,1.4521361589431763,0.7376949670049854,1.4331146605367824,0.07880980521440506
9,1,32,0.6380556225776672,1.4970860481262207,0.557091470328562,1.4287915041337749,0.06776513159275055
10,1,0,0.6104750633239746,0.12652544677257538,0.5407212992425274,0.130931600033414,0.9926562905311584
10,1,1,0.6440340876579285,0.09735216200351715,0.569923021201089,0.10087177831326773,0.9859851002693176
10,1,2,0.6560259461402893,0.09576599299907684,0.5812907259593668,0.09907745030281832,0.988745927810669
10,1,3,0.6690009236335754,0.09427554905414581,0.5932286777028123,0.0974577152091325,0.9863240718841553
10,1,4,0.62458735704422,0.099836565554142,0.5519472237711286,0.10404453048916497,0.9821808338165283
10,1,5,0.623231053352356,0.09971319139003754,0.550467540882914,0.10418777615667009,0.9838902354240417
10,1,6,0.6228789687156677,0.09956979006528854,0.5497381255010451,0.10431264159074459,0.9797811508178711
10,1,7,0.7297418713569641,0.10573051124811172,0.6515618909452995,0.10838056659852656,0.9924101233482361
10,1,8,0.6687614321708679,0.1071578860282898,0.591580473056834,0.11188590130379647,0.9873150587081909
10,1,9,0.6457717418670654,0.15389327704906464,0.573427577872322,0.1563397299844712,0.9958403706550598
10,1,10,0.6193938255310059,0.15442721545696259,0.5497411778140322,0.1588558587770291,0.9927681684494019
10,1,11,0.9072531461715698,0.28231069445610046,0.8376014504372027,0.27286395177030115,0.9969910979270935
10,1,12,0.542242705821991,0.25731807947158813,0.4762771198005366,0.2625809702427404,0.9973638653755188
10,1,13,1.0483564138412476,0.5380683541297913,0.9400261586444817,0.5026726953562602,0.9590893983840942
10,1,14,0.2598485052585602,0.28896984457969666,0.235416320343102,0.3494078398946034,0.9865608215332031
10,1,15,1.1120727062225342,0.7482354640960693,0.9655227215392,0.7144243685601804,0.8595001101493835
10,1,16,0.03788795322179794,0.20718808472156525,0.02160385216047707,0.36147145758730437,0.9617403745651245
10,1,17,1.1337710618972778,0.817133367061615,0.9803559433241537,0.7877554328505746,0.7776951193809509
10,1,18,-0.029328199103474617,0.20284955203533173,-0.037384416384300706,0.3716318062995715,0.9004588723182678
10,1,19,1.1210004091262817,0.8056862950325012,0.9617760876324563,0.7868265169217931,0.807824969291687
10,1,20,-0.031050879508256912,0.18051642179489136,-0.03954590661881249,0.3615201854267207,0.9200437664985657
10,1,21,1.100353479385376,0.7815847396850586,0.9410891529283117,0.7643291785079342,0.8327982425689697
10,1,22,0.010576017200946808,0.1911478340625763,-0.005634331159561629,0.3670285246193653,0.9361090064048767
10,1,23,0.8431409597396851,0.7639617323875427,0.7501756742781257,0.7476168714864685,0.9100845456123352
10,1,24,0.6328619122505188,0.768083930015564,0.5419786680191518,0.743116516114852,0.9470893144607544
10,1,25,0.8363311886787415,1.0643572807312012,0.7585137031033364,1.0290764268213848,0.6199546456336975
10,1,26,0.6659675240516663,1.0866248607635498,0.5738573947818866,1.026424988382773,0.5751726031303406
10,1,27,0.8549503684043884,1.380789041519165,0.7659893891466953,1.3313581469412594,0.14563323557376862
10,1,28,0.6761059761047363,1.4064565896987915,0.5817382570570969,1.338134905216066,0.15165653824806213
10,1,29,0.8570296764373779,1.4172793626785278,0.7631580154174126,1.3633050649862206,0.17418044805526733
10,1,30,0.6849310994148254,1.4459463357925415,0.5903780828213046,1.3755851529699108,0.11500933766365051
10,1,31,0.8313212990760803,1.4789414405822754,0.7539539048566527,1.4410614502398478,0.07487738132476807
10,1,32,0.6704518795013428,1.5176960229873657,0.5767890202448227,1.4442283165463459,0.06578167527914047
11,1,0,0.6211215257644653,0.12358323484659195,0.5546778758341364,0.12965879715676867,0.9923869967460632
11,1,1,0.6490501761436462,0.09323206543922424,0.5836580881341931,0.09954849982496801,0.9855296611785889
11,1,2,0.6608116626739502,0.09192249923944473,0.5950943089227856,0.09783815570907502,0.9883094429969788
11,1,3,0.6734433770179749,0.09080018848180771,0.6071529759134595,0.09630459571870895,0.9856946468353271
11,1,4,0.63138747215271,0.095174141228199,0.5657367716871956,0.10250802908718891,0.9817877411842346
11,1,5,0.6302843689918518,0.09478222578763962,0.5643226159008496,0.10255854959460078,0.9836304187774658
11,1,6,0.6299213171005249,0.09435993432998657,0.5636569515829345,0.1025886083254251,0.9795781373977661
11,1,7,0.7329179048538208,0.10328409820795059,0.6656848011063519,0.10749787224443956,0.9921465516090393
11,1,8,0.6795685887336731,0.10233671963214874,0.6068577246152662,0.11023178783484427,0.9873654842376709
11,1,9,0.6575362682342529,0.1513196974992752,0.5880295266254977,0.15547027611462277,0.9957606792449951
11,1,10,0.6301947236061096,0.15150457620620728,0.5637070411585785,0.1575825504781556,0.9927045702934265
11,1,11,0.9182281494140625,0.2821001410484314,0.8515974633801101,0.27446383357371157,0.9964225888252258
11,1,12,0.5590041875839233,0.25386688113212585,0.49063862140022274,0.2610715498134204,0.9974386692047119
11,1,13,1.0538853406906128,0.5405569672584534,0.9598107637313997,0.509240616262504,0.9515057802200317
11,1,14,0.2913437783718109,0.27288323640823364,0.24511754049798223,0.3361254980316457,0.9872218370437622
11,1,15,1.1265103816986084,0.7121304273605347,0.9935360750411288,0.7140270978962912,0.8367672562599182
11,1,16,0.05052458122372627,0.19263431429862976,0.026616406729622788,0.33208500218183673,0.9641085863113403
11,1,17,1.1500213146209717,0.7726250290870667,1.00988696924841,0.785134098809168,0.7504746317863464
11,1,18,-0.02026384137570858,0.17527322471141815,-0.03441811998670764,0.33742697028388585,0.9049444794654846
11,1,19,1.1408631801605225,0.7523572444915771,0.9929557950010254,0.7808512635891182,0.7846518754959106
11,1,20,-0.020914247259497643,0.1606147736310959,-0.03631765309968875,0.32651848615383366,0.9238696694374084
11,1,21,1.1214544773101807,0.730620265007019,0.9724925994209435,0.7584858668557812,0.8111713528633118
11,1,22,0.014136005192995071,0.1745973825454712,-0.002208665546166439,0.3335117416494177,0.9390631318092346
11,1,23,0.8416185975074768,0.766442596912384,0.7660544379488032,0.7508787814651219,0.8928920030593872
11,1,24,0.6430464386940002,0.7681283950805664,0.5595338083249852,0.7474510998401549,0.941901683807373
11,1,25,0.8580437302589417,1.0921945571899414,0.7758009527832869,1.0400274038048734,0.6077477931976318
11,1,26,0.663520097732544,1.0925225019454956,0.5894262001561499,1.0378939188100655,0.5721368789672852
11,1,27,0.8736676573753357,1.3887156248092651,0.7846964545345055,1.3413079160248904,0.13811072707176208
11,1,28,0.6906428933143616,1.4112907648086548,0.6006590995600851,1.350831237505658,0.1479230523109436
11,1,29,0.876808762550354,1.425519347190857,0.7829062195276777,1.3740989149484033,0.16485273838043213
11,1,30,0.7002226114273071,1.452074646949768,0.6094627622203819,1.3888613705831736,0.11220156401395798
11,1,31,0.8478049039840698,1.4903292655944824,0.7702519929535788,1.4496058322394003,0.07076893746852875
11,1,32,0.6804681420326233,1.522098422050476,0.5947991654243712,1.4577447281909701,0.0637882873415947
12,1,0,0.6156593561172485,0.12499191612005234,0.5652574302359119,0.1288505165813314,0.9926930665969849
12,1,1,0.644453227519989,0.09260933101177216,0.5942052587008774,0.09834658822607281,0.9860934615135193
12,1,2,0.6557626724243164,0.09119393676519394,0.6056194453642817,0.09668734165402613,0.9886483550071716
12,1,3,0.667415201663971,0.09004021435976028,0.6176075255055421,0.09521958394225523,0.9862071871757507
12,1,4,0.6261743307113647,0.09485729038715363,0.5762217969355702,0.10118284035491967,0.9825395345687866
12,1,5,0.6244696974754333,0.09440910816192627,0.5747571583943711,0.10114695911994098,0.9841004014015198
12,1,6,0.6233957409858704,0.09396001696586609,0.5740205368794685,0.10109400125056246,0.9803184270858765
12,1,7,0.7173177599906921,0.10225247591733932,0.6746399959167856,0.1065893799115791,0.9923765659332275
12,1,8,0.660098671913147,0.10154896229505539,0.6160922620092445,0.10872778410559758,0.9878842830657959
12,1,9,0.6509835720062256,0.1511850357055664,0.598951945779782,0.15472810232016507,0.9958962202072144
12,1,10,0.6218124628067017,0.15239287912845612,0.5737867697038103,0.15668371109930718,0.9930080771446228
12,1,11,0.8984649181365967,0.2772681415081024,0.8597249755242147,0.27494949857444884,0.9961912035942078
12,1,12,0.5491026639938354,0.25117507576942444,0.5007806713924909,0.2593572603444108,0.9975343942642212
12,1,13,1.0171445608139038,0.5316335558891296,0.9697564597270186,0.5131210306690515,0.9489119052886963
12,1,14,0.2889048755168915,0.257201224565506,0.2527101710137743,0.32242565661767475,0.9881578087806702
12,1,15,1.090783953666687,0.707693338394165,1.0104259374324247,0.7129300677477596,0.8270763158798218
12,1,16,0.05657187104225159,0.17076021432876587,0.031808468285841766,0.30401234878249916,0.9661616086959839
12,1,17,1.117758870124817,0.7701469659805298,1.0286279738019763,0.7825375973298943,0.736400306224823
12,1,18,-0.006037551909685135,0.14074289798736572,-0.029499259534257045,0.30316502954612895,0.9084756374359131
12,1,19,1.1080676317214966,0.7552317976951599,1.0129589769462766,0.7764113047057072,0.7722782492637634
12,1,20,-0.009698092006146908,0.12432806938886642,-0.03170424904143673,0.291291493030281,0.9266278743743896
12,1,21,1.0829486846923828,0.7351411581039429,0.991684069185253,0.7544404091738292,0.8019765019416809
12,1,22,0.018858598545193672,0.1392827332019806,0.0014418674378700812,0.2996799392505425,0.941502571105957
12,1,23,0.8259605765342712,0.7534162998199463,0.7764471267223386,0.7513182389396574,0.8949131369590759
12,1,24,0.6333906650543213,0.7598044872283936,0.5723520685524015,0.7495911402866433,0.9443705677986145
12,1,25,0.8468819856643677,0.9943206906318665,0.7881364303415006,1.0321014870675174,0.6298945546150208
12,1,26,0.6490856409072876,1.0719244480133057,0.5997760146990214,1.043793058735257,0.60197514295578
12,1,27,0.8522835373878479,1.326937198638916,0.796424360292882,1.3388182565307702,0.15314096212387085
12,1,28,0.6879017353057861,1.357275128364563,0.6158066305755381,1.3519473497407994,0.16697940230369568
12,1,29,0.8446468710899353,1.359930157661438,0.7936177616153638,1.3716442595226745,0.1781744807958603
12,1,30,0.7040534615516663,1.3942548036575317,0.6258897224724835,1.3897955091919056,0.1237606555223465
12,1,31,0.8625093102455139,1.4445701837539673,0.7862725796550356,1.4487336740000292,0.07990188151597977
12,1,32,0.6695891618728638,1.4767094850540161,0.6077797495229791,1.46103075071246,0.07415603846311569
13,1,0,0.6006708741188049,0.12922583520412445,0.5713965300207907,0.12891551150887468,0.9929031729698181
13,1,1,0.6282855272293091,0.09515120834112167,0.6001130106915915,0.09779318881314443,0.9864940643310547
13,1,2,0.6394118070602417,0.09328417479991913,0.6114772385225132,0.09609795248325688,0.988891065120697
13,1,3,0.6509199738502502,0.09172466397285461,0.6233820439737473,0.0946143025231831,0.9865574836730957
13,1,4,0.6100866198539734,0.09812948852777481,0.5820921650606224,0.10065404066123121,0.9831429719924927
13,1,5,0.6083215475082397,0.09769630432128906,0.5805753954674127,0.10054934472598594,0.9845811724662781
13,1,6,0.6070603132247925,0.09725739806890488,0.5797477452237564,0.1004295372487521,0.9810814261436462
13,1,7,0.7005088329315186,0.1017981693148613,0.6791232072835198,0.10575956298353524,0.9925504326820374
13,1,8,0.6456290483474731,0.1027342900633812,0.6212117170242923,0.10768969935513584,0.9883532524108887
13,1,9,0.6343220472335815,0.15401557087898254,0.6050835252592497,0.15460471009179613,0.9960665702819824
13,1,10,0.6066805720329285,0.15642225742340088,0.5794886476670096,0.1566384346209857,0.9933394193649292
13,1,11,0.882882297039032,0.275861531496048,0.8637379417874212,0.27510744031123807,0.9960553050041199
13,1,12,0.5339158773422241,0.2511039674282074,0.506524437008302,0.25792767698706404,0.9976388812065125
13,1,13,1.0179476737976074,0.5271426439285278,0.9781138957353274,0.515550188540284,0.9475206732749939
13,1,14,0.28364408016204834,0.2534784972667694,0.25807198136539117,0.3104612380653037,0.9889048337936401
13,1,15,1.1063214540481567,0.6991486549377441,1.0270802457669406,0.710542542455178,0.8065438270568848
13,1,16,0.05350964143872261,0.16591300070285797,0.035568916895505676,0.2799978828397549,0.968038022518158
13,1,17,1.1353766918182373,0.7564833760261536,1.047173219244707,0.7780222356808044,0.7097833752632141
13,1,18,-0.0062050167471170425,0.13177192211151123,-0.02546256422458576,0.27333118506495596,0.911623477935791
13,1,19,1.1290708780288696,0.739579439163208,1.0331365460310726,0.7700260407862617,0.7482798099517822
13,1,20,-0.007516006473451853,0.11639660596847534,-0.02751251739586475,0.26084485782821076,0.9291355609893799
13,1,21,1.1045020818710327,0.7218337655067444,1.0112873008130494,0.7487883573924219,0.780281662940979
13,1,22,0.01831803284585476,0.13167782127857208,0.004365800875080658,0.2704393139476422,0.9432902336120605
13,1,23,0.8101956248283386,0.7484474778175354,0.7822973204056345,0.7508210643235208,0.8903689980506897
13,1,24,0.6203594207763672,0.7595062255859375,0.5806775538663976,0.7513086552466931,0.9430652260780334
13,1,25,0.8236346244812012,0.9820448160171509,0.7942902543200054,1.0234201119849287,0.6329794526100159
13,1,26,0.6247150897979736,1.0696815252304077,0.6040979797248676,1.048279685659558,0.6059170961380005
13,1,27,0.8218375444412231,1.3245985507965088,0.8008285533881369,1.336354769648441,0.15319402515888214
13,1,28,0.6528753042221069,1.3430856466293335,0.6222330182438671,1.3504123565688053,0.16801480948925018
13,1,29,0.815872848033905,1.3568562269210815,0.7974742802717502,1.3690822697994802,0.1782892346382141
13,1,30,0.6660810112953186,1.3791855573654175,0.6328581165244036,1.387957594098361,0.12761236727237701
13,1,31,0.8214208483695984,1.4381874799728394,0.7923656787823375,1.446906804044884,0.08055001497268677
13,1,32,0.6384190320968628,1.4535669088363647,0.613090479800969,1.4597379449188213,0.07591213285923004
14,1,0,0.5798805952072144,0.13562114536762238,0.5728660966711675,0.13007696504493435,0.9934690594673157
14,1,1,0.6065816283226013,0.10078775882720947,0.6012334040826746,0.09831180733725897,0.9876190423965454
14,1,2,0.617110550403595,0.09839167445898056,0.6124529287235423,0.09649518535364139,0.9898003339767456
14,1,3,0.6282224059104919,0.09613345563411713,0.6242203751618978,0.09487738737147036,0.9876875281333923
14,1,4,0.5904446840286255,0.10367657244205475,0.5835389407248803,0.10117750221783586,0.9844745993614197
14,1,5,0.5893765687942505,0.1029093861579895,0.5820999051962678,0.10095806378723733,0.9857631921768188
14,1,6,0.5889214277267456,0.10203474014997482,0.5813367977023178,0.10070752479700902,0.9825666546821594
14,1,7,0.6783918738365173,0.10385043174028397,0.6789965590272331,0.10542893836805228,0.9931761026382446
14,1,8,0.6294276118278503,0.1063254103064537,0.6226348226206049,0.10745343473898164,0.9892535209655762
14,1,9,0.6113250851631165,0.1592239886522293,0.6061645838584412,0.1554047449722589,0.9964081048965454
14,1,10,0.586988091468811,0.16213548183441162,0.5807876251346307,0.15759051955742343,0.9938951730728149
14,1,11,0.8653957843780518,0.27702274918556213,0.8640250461742829,0.27543913484273824,0.9963547587394714
14,1,12,0.5194541811943054,0.25884759426116943,0.5087643616961716,0.2580869841260362,0.997782289981842
14,1,13,0.9806364178657532,0.5010979175567627,0.978550757724999,0.5130463921654423,0.9510813355445862
14,1,14,0.27405020594596863,0.25145745277404785,0.2608402637209337,0.3002253477114397,0.9897366166114807
14,1,15,1.0385738611221313,0.6843428611755371,1.0290713098305848,0.7060019522334816,0.8167139291763306
14,1,16,0.05064436420798302,0.16428449749946594,0.0381807200983251,0.25988964856294133,0.9705448150634766
14,1,17,1.0604157447814941,0.7421243786811829,1.0494673744154515,0.7717990695399132,0.7203871607780457
14,1,18,-0.008212553337216377,0.12416938692331314,-0.022473824355905156,0.24738430352720514,0.9172526001930237
14,1,19,1.0661495923995972,0.7316262125968933,1.0388591810106838,0.7633686364055178,0.7585528492927551
14,1,20,-0.008509903214871883,0.1070377305150032,-0.024219947022265813,0.2340861497288675,0.9336462616920471
14,1,21,1.0381113290786743,0.7122463583946228,1.0159362372757235,0.7424533998375117,0.7890680432319641
14,1,22,0.017133351415395737,0.12415751069784164,0.0065776111781687425,0.24499560565745152,0.9468660354614258
14,1,23,0.7913720011711121,0.7410032153129578,0.783869221280713,0.749120398656805,0.8954289555549622
14,1,24,0.6026099920272827,0.7554896473884583,0.584478123527081,0.7520327719195485,0.9453667402267456
14,1,25,0.7914917469024658,0.9652323722839355,0.7938055951521894,1.0133260887493958,0.6272870898246765
14,1,26,0.619297444820404,1.0447797775268555,0.606731289866718,1.0476735418262229,0.606444776058197
14,1,27,0.7942289113998413,1.322264313697815,0.7996854644279426,1.333913683557544,0.14733746647834778
14,1,28,0.6252994537353516,1.33720064163208,0.6227640859136299,1.3481235695206246,0.16417010128498077
14,1,29,0.789743185043335,1.3503926992416382,0.796135172934131,1.365843967975763,0.17178329825401306
14,1,30,0.6365463137626648,1.3710691928863525,0.6334968776193167,1.3850315377768196,0.1247350424528122
14,1,31,0.7886943221092224,1.428552269935608,0.7917298387055641,1.4437265837932565,0.07759055495262146
14,1,32,0.6155744791030884,1.4418758153915405,0.6135206690449474,1.456643092149323,0.07432612776756287
15,1,0,0.5736620426177979,0.1468607634305954,0.5730039345195839,0.13298489407426697,0.9938508868217468
15,1,1,0.5971672534942627,0.11120935529470444,0.600529179961422,0.10054615104725859,0.9883560538291931
15,1,2,0.6076797842979431,0.10882565379142761,0.6116262414545004,0.09863125301461118,0.990373969078064
15,1,3,0.6186848878860474,0.10671411454677582,0.6232616315318357,0.09692789138034813,0.9884417057037354
15,1,4,0.580213189125061,0.11418531090021133,0.582962960573875,0.1034309547180407,0.9853136539459229
15,1,5,0.5783778429031372,0.11353915184736252,0.5814552811787665,0.10313756391579389,0.9864895939826965
15,1,6,0.5769829154014587,0.11296825855970383,0.5805827345130791,0.10283150750322463,0.9835211038589478
15,1,7,0.669026792049408,0.11248110979795456,0.6772695705512441,0.1066504268955524,0.9935696125030518
15,1,8,0.613540530204773,0.11597166210412979,0.6210595284319653,0.10892892005505932,0.989714503288269
15,1,9,0.604527473449707,0.17114929854869843,0.6058810703911992,0.15813253124612947,0.9966585040092468
15,1,10,0.5797063112258911,0.17297519743442535,0.5806003672065743,0.16025592756644738,0.9942858219146729
15,1,11,0.8557430505752563,0.28057703375816345,0.8625904910669102,0.2763290059765488,0.9965805411338806
15,1,12,0.5103881359100342,0.26350322365760803,0.5090455657021894,0.2590250709495575,0.997879147529602
15,1,13,0.9632512331008911,0.499972403049469,0.9759001187893028,0.510781470982892,0.9544393420219421
15,1,14,0.2683303654193878,0.25466567277908325,0.26213761926548396,0.2923249103891143,0.9905077219009399
15,1,15,1.0163661241531372,0.6943093538284302,1.0268703202975062,0.7039764248886177,0.8250971436500549
15,1,16,0.054133545607328415,0.15865708887577057,0.04094460210939875,0.24230548303066243,0.972998321056366
15,1,17,1.03174889087677,0.7573497891426086,1.0463974444976603,0.7692957897491636,0.7281050086021423
15,1,18,-0.002755549270659685,0.11639651656150818,-0.019057177864827454,0.22461121224119013,0.9230955243110657
15,1,19,1.018032431602478,0.7549182772636414,1.035250375846228,0.7619049090460159,0.7665563821792603
15,1,20,-0.0005107450415380299,0.09808648377656937,-0.020111286884188558,0.2104381233949282,0.9383390545845032
15,1,21,0.9946033358573914,0.7338560223579407,1.0122396701645149,0.7409642002512301,0.7957276701927185
15,1,22,0.02111017145216465,0.11501888930797577,0.009095320670433147,0.22239898548234377,0.9505383372306824
15,1,23,0.7783554792404175,0.7439171671867371,0.7829142458858137,0.7482192104175838,0.9012852311134338
15,1,24,0.5916551947593689,0.7581274509429932,0.5857212528993362,0.7530883855648758,0.9480000138282776
15,1,25,0.7907286286354065,0.9790822267532349,0.7932727063975281,1.0073899530596397,0.622545599937439
15,1,26,0.6167468428611755,1.0317915678024292,0.6084662154667648,1.0449219415352788,0.5997763872146606
15,1,27,0.7882518768310547,1.3409456014633179,0.7977048248679119,1.3351316640933268,0.14107726514339447
15,1,28,0.6137809157371521,1.3471359014511108,0.6212080482356562,1.3479525294893413,0.15796057879924774
15,1,29,0.7865278720855713,1.3694640398025513,0.7944709924209646,1.3664709271219047,0.16416962444782257
15,1,30,0.6218031644821167,1.380188226699829,0.6314711634906917,1.3841926971760743,0.11915067583322525
15,1,31,0.7755444049835205,1.445008635520935,0.7889256373438778,1.4439486062520135,0.07465558499097824
15,1,32,0.611768901348114,1.4477702379226685,0.613217298876416,1.4551061661507945,0.0716439038515091
16,1,0,0.5767541527748108,0.1508762389421463,0.5736534358106742,0.13608481780289053,0.9940437078475952
16,1,1,0.6009255647659302,0.11681050062179565,0.6005978230364458,0.10336403744798499,0.9887284636497498
16,1,2,0.6115075349807739,0.11491431295871735,0.6116056848999385,0.10145238266876896,0.9906107783317566
16,1,3,0.6225340962409973,0.11337555199861526,0.6231356409901956,0.09977755309501524,0.9888074398040771
16,1,4,0.5824851989746094,0.1191105768084526,0.5828802250935174,0.10614748618657448,0.9857792854309082
16,1,5,0.5800142884254456,0.11840634047985077,0.581205732717468,0.10578288276036145,0.9868980646133423
16,1,6,0.5778985023498535,0.11788471043109894,0.5801178668066315,0.10543946126510233,0.9841592907905579
16,1,7,0.6690247654914856,0.11945155262947083,0.6758414582933457,0.10886806022618381,0.993690013885498
16,1,8,0.609268069267273,0.12210510671138763,0.6190168707341412,0.11121155366415467,0.9899759888648987
16,1,9,0.6063455939292908,0.17573213577270508,0.60596151340776,0.16118188017438306,0.996803343296051
16,1,10,0.5800571441650391,0.176503986120224,0.5805062953731855,0.16307099012373055,0.9945403933525085
16,1,11,0.8556502461433411,0.28043994307518005,0.861388393860719,0.2770409879308719,0.9966790080070496
16,1,12,0.5092799663543701,0.26571035385131836,0.5090861573332065,0.26018299889210905,0.9979680180549622
16,1,13,0.9548438191413879,0.4856204390525818,0.9722514865639406,0.5064210223574671,0.9565626978874207
16,1,14,0.26851144433021545,0.25236377120018005,0.26324158866226455,0.28539647375766475,0.9912686347961426
16,1,15,1.0075139999389648,0.6980075240135193,1.023516443142295,0.7029426005695718,0.824950098991394
16,1,16,0.05979152023792267,0.14616407454013824,0.044210180798914527,0.22560822578688827,0.9751930832862854
16,1,17,1.0303312540054321,0.759742021560669,1.0436139270464533,0.7676408812824331,0.7225487232208252
16,1,18,0.009611316956579685,0.10505127906799316,-0.014088361756595733,0.2038320669667399,0.9280790686607361
16,1,19,1.0067874193191528,0.7566940784454346,1.0303172482118237,0.7610024039725763,0.7628577351570129
16,1,20,0.01286645419895649,0.08718052506446838,-0.014394852529114247,0.18901392865959138,0.9423459768295288
16,1,21,0.9827274084091187,0.7392022013664246,1.0071245172196355,0.740659057350316,0.7918670177459717
16,1,22,0.029408590868115425,0.10234376043081284,0.012615128033451255,0.20153345682338242,0.9536578059196472
16,1,23,0.772891640663147,0.7433283925056458,0.7811781034665134,0.7473721394604018,0.9068126678466797
16,1,24,0.5871140956878662,0.7557249069213867,0.5859624630051129,0.7535449901651331,0.9508484601974487
16,1,25,0.7949477434158325,0.9819704294204712,0.7935627888438945,1.0029846730157435,0.6213065981864929
16,1,26,0.6089676022529602,1.0722596645355225,0.6085530424034484,1.0496599335715289,0.5937855839729309
16,1,27,0.7981565594673157,1.3441981077194214,0.7977830532544572,1.3367021355044457,0.13668161630630493
16,1,28,0.6236494779586792,1.3501554727554321,0.6216308644261104,1.348334040468041,0.15198568999767303
16,1,29,0.796837568283081,1.3746824264526367,0.7948808438865217,1.3678932703303193,0.15759527683258057
16,1,30,0.6302024722099304,1.383414626121521,0.631251455510929,1.3840579550587322,0.11337335407733917
16,1,31,0.7868096232414246,1.4468775987625122,0.7885591829531299,1.444455866813877,0.07291651517152786
16,1,32,0.6314466595649719,1.4501577615737915,0.6163758263758327,1.454249120996421,0.06943581998348236
17,1,0,0.5718527436256409,0.15142396092414856,0.5733415917935517,0.13874233348416826,0.9941742420196533
17,1,1,0.5953264832496643,0.11779420077800751,0.5996848368174484,0.10586400348576264,0.9889989495277405
17,1,2,0.6055331230163574,0.11596149951219559,0.6105539031656249,0.10396603303591986,0.9907363057136536
17,1,3,0.6161319017410278,0.11451074481010437,0.6219225432153944,0.10233004078292593,0.9890993237495422
17,1,4,0.5772359371185303,0.12015663087368011,0.5819026340804547,0.10857448176906269,0.9860813617706299
17,1,5,0.574730396270752,0.11960623413324356,0.5800841761077484,0.10817767744427906,0.9870657920837402
17,1,6,0.5725817084312439,0.11927223205566406,0.5788125296500242,0.10783588846276417,0.9845638275146484
17,1,7,0.6630198359489441,0.12085005640983582,0.6736202734230339,0.1109437386674276,0.9937823414802551
17,1,8,0.6039986610412598,0.12362869828939438,0.6164149839716264,0.11336264234330493,0.9901101589202881
17,1,9,0.6001724600791931,0.17699089646339417,0.6049588445641673,0.1639208403213685,0.9969333410263062
17,1,10,0.5753715634346008,0.17767556011676788,0.5796169730888822,0.16560118468491963,0.9947606921195984
17,1,11,0.8482678532600403,0.2784351408481598,0.8591154053310421,0.27728242452274854,0.9968043565750122
17,1,12,0.5087937116622925,0.26767659187316895,0.5090355138764355,0.2614809621552938,0.9980520009994507
17,1,13,0.9469658732414246,0.4833988845348358,0.9678694403568736,0.5024315033612148,0.9588426947593689
17,1,14,0.27414214611053467,0.25136372447013855,0.26512986187755555,0.2794969497623497,0.9919371008872986
17,1,15,0.9994991421699524,0.700166642665863,1.0193543684920108,0.7024618458330559,0.8302738666534424
17,1,16,0.0729166716337204,0.14470194280147552,0.04918558852448998,0.21156334436318114,0.9773160815238953
17,1,17,1.0255123376846313,0.760101318359375,1.0404775745404646,0.7663349535421163,0.7265316843986511
17,1,18,0.024554716423153877,0.10111250728368759,-0.007388744897860946,0.18598875380954266,0.933320939540863
17,1,19,0.9976227283477783,0.7580282092094421,1.024649987826932,0.7604873142705185,0.7673733234405518
17,1,20,0.0268253143876791,0.08502557873725891,-0.007247887057503317,0.1709495005698692,0.9465532302856445
17,1,21,0.974018394947052,0.7422352433204651,1.0013858376836544,0.7409320194553899,0.7958948612213135
17,1,22,0.04206068813800812,0.1004473939538002,0.017718745584751103,0.1839747592891494,0.9569724798202515
17,1,23,0.7639192938804626,0.7454758286476135,0.778187835492894,0.747043735242309,0.9134731292724609
17,1,24,0.5805330872535706,0.7557457685470581,0.5850221019557291,0.7539261258335651,0.9543352127075195
17,1,25,0.784797191619873,1.082380771636963,0.7920444460472597,1.0167665609115824,0.611846923828125
17,1,26,0.5994368195533752,1.085700273513794,0.6069739485923191,1.055907836565683,0.5883594751358032
17,1,27,0.7913073301315308,1.350835919380188,0.7966614306797963,1.33915073423113,0.12869371473789215
17,1,28,0.6185105443000793,1.3565592765808105,0.6210904667192007,1.349758764137531,0.1449114978313446
17,1,29,0.7900620698928833,1.3816406726837158,0.7940462535312354,1.3702749031149175,0.14882324635982513
17,1,30,0.6238892674446106,1.3898975849151611,0.6299762606900273,1.3850693865085462,0.10688575357198715
17,1,31,0.7786111831665039,1.4525020122528076,0.786835967771176,1.445849561039108,0.06920969486236572
17,1,32,0.628629744052887,1.456050157546997,0.6184986312986952,1.454561025018725,0.06658568233251572
18,1,0,0.5761305689811707,0.15223954617977142,0.5738246015160644,0.14108060425054206,0.9939519762992859
18,1,1,0.5985932350158691,0.1197468563914299,0.599495797171058,0.10826911075977624,0.9884899258613586
18,1,2,0.608589768409729,0.11792205274105072,0.6102137524958288,0.10638382126076522,0.990033745765686
18,1,3,0.6190598607063293,0.11643330007791519,0.6214267678168326,0.1047733481059651,0.988615870475769
18,1,4,0.5807909965515137,0.12211044877767563,0.5817101246189964,0.1109194690252271,0.9856991767883301
18,1,5,0.578164279460907,0.12155361473560333,0.5797516871225108,0.11049492980293901,0.9864912033081055
18,1,6,0.575773298740387,0.12119630724191666,0.5782861759199609,0.1101504513013724,0.9843189120292664
18,1,7,0.6633925437927246,0.12297248840332031,0.6718485858409254,0.11302751933903929,0.9932357668876648
18,1,8,0.6036954522132874,0.1261669397354126,0.6142114922815394,0.11558082543155804,0.9897864460945129
18,1,9,0.6041068434715271,0.17709389328956604,0.6048112991635279,0.1662029310955265,0.9968215227127075
18,1,10,0.5783481001853943,0.17749617993831635,0.5793972331158109,0.16766178642977025,0.9946715831756592
18,1,11,0.8428092002868652,0.2753431499004364,0.8562902649035619,0.2769465793677685,0.9966288805007935
18,1,12,0.5116769671440125,0.26563841104507446,0.5094929726872869,0.2622010005727893,0.9980949759483337
18,1,13,0.9447726607322693,0.47404924035072327,0.9638669844452808,0.4975123328880178,0.9597896337509155
18,1,14,0.28160274028778076,0.25186461210250854,0.26798389140439344,0.2747078494408202,0.9925813674926758
18,1,15,1.00855553150177,0.6928015351295471,1.01748372686107,0.7007884770262821,0.8298426866531372
18,1,16,0.08132335543632507,0.14768709242343903,0.05475628072443959,0.20048045886529528,0.9792608618736267
18,1,17,1.0441168546676636,0.751990795135498,1.041107863337997,0.7638498936680229,0.7228534817695618
18,1,18,0.030809585005044937,0.10512371361255646,-0.0007663205906904974,0.17195098869989872,0.9381738901138306
18,1,19,1.014249563217163,0.7566728591918945,1.0228483852871741,0.7598266863715261,0.7648223638534546
18,1,20,0.0333261676132679,0.08889579772949219,-0.00021308151832793477,0.15670486304373143,0.9504349231719971
18,1,21,0.9834354519844055,0.7423226237297058,0.9982756950473524,0.7411728414021114,0.7944736480712891
18,1,22,0.04959335923194885,0.1050199419260025,0.023243780719731422,0.1702693869855626,0.960073709487915
18,1,23,0.7557320594787598,0.7425109148025513,0.7742965306840076,0.7462586765105284,0.9197340607643127
18,1,24,0.5730926990509033,0.7459104657173157,0.5829555401499086,0.7525377138910011,0.9578643441200256
18,1,25,0.773952841758728,1.0840811729431152,0.7889098092831719,1.0284470772936058,0.6038918495178223
18,1,26,0.5923187136650085,1.0885215997695923,0.6044349750972163,1.0615611310065258,0.588580846786499
18,1,27,0.7816208004951477,1.3449581861495972,0.7940556587958759,1.3401565908812807,0.1201702430844307
18,1,28,0.610077977180481,1.35438871383667,0.6191827976729575,1.350560648114097,0.13623559474945068
18,1,29,0.7796798348426819,1.3768985271453857,0.7915573386076311,1.371422149815988,0.13860870897769928
18,1,30,0.6155079007148743,1.3862427473068237,0.6274696790155069,1.3852725855763248,0.09908828884363174
18,1,31,0.7696875929832458,1.4446594715118408,0.7838648436618948,1.4456434650491519,0.0648193210363388
18,1,32,0.6194965839385986,1.4527487754821777,0.6186714528922731,1.4542471796423682,0.06280054152011871
19,1,0,0.5689173936843872,0.15497374534606934,0.5729746914736715,0.1434874947164153,0.9943366646766663
19,1,1,0.5910216569900513,0.12283302843570709,0.5980279504979858,0.11079225942901891,0.989253580570221
19,1,2,0.6007890105247498,0.12093503773212433,0.6085812008459095,0.10890476852691232,0.990654468536377
19,1,3,0.6109530925750732,0.11942145228385925,0.6196124629676696,0.10731108821893678,0.9893815517425537
19,1,4,0.5735588073730469,0.12564800679683685,0.5802982094576672,0.11347115016537568,0.9865561127662659
19,1,5,0.5708891749382019,0.1254069209098816,0.5782165509045553,0.11307840798841567,0.9872180819511414
19,1,6,0.5684260725975037,0.1252792477607727,0.5765781889855178,0.11277150772935973,0.9852011799812317
19,1,7,0.6565802693367004,0.12608791887760162,0.6692033471540738,0.11529008634891734,0.9936749935150146
19,1,8,0.5967875719070435,0.12924595177173615,0.6111926000279845,0.11794819756814012,0.9903151988983154
19,1,9,0.5956622958183289,0.1784069985151291,0.6032265240411696,0.16831709392498848,0.9970365166664124
19,1,10,0.5711272954940796,0.1791532337665558,0.5779647662088069,0.16965245636475043,0.994986355304718
19,1,11,0.8369461297988892,0.27573221921920776,0.8529384799444049,0.2767362800729862,0.9968517422676086
19,1,12,0.5071737766265869,0.2650264501571655,0.5090913279167365,0.26269032728180713,0.9981586933135986
19,1,13,0.9355672001838684,0.4811134338378906,0.9589621280768201,0.4946711233297342,0.962853729724884
19,1,14,0.2786816358566284,0.2510049641132355,0.2698370215760696,0.27060026871847137,0.9931373596191406
19,1,15,0.9876253008842468,0.6990887522697449,1.0123084984689377,0.7004941194257357,0.8431676626205444
19,1,16,0.08675643801689148,0.14782188832759857,0.060303098779620215,0.19134699295965274,0.9810314178466797
19,1,17,1.0142196416854858,0.7658628821372986,1.036447865584273,0.7641985053731775,0.7419577240943909
19,1,18,0.03761467710137367,0.10442666709423065,0.005887811379361404,0.16023381939258366,0.9427464008331299
19,1,19,0.9872892498970032,0.7711759805679321,1.0166840289677062,0.761792721938329,0.7815872430801392
19,1,20,0.039366625249385834,0.08760952204465866,0.006649119483785373,0.14471450385309093,0.9540745615959167
19,1,21,0.9669462442398071,0.7543056607246399,0.9928452647366294,0.7434479586410453,0.8092676401138306
19,1,22,0.055566951632499695,0.10376454144716263,0.028846644239308473,0.1587294779389263,0.9629817008972168
19,1,23,0.7436771988868713,0.7402581572532654,0.7689892815494066,0.7452193748232948,0.9265666007995605
19,1,24,0.5616093873977661,0.7392745614051819,0.5792566427549652,0.7502400086260862,0.9613043069839478
19,1,25,0.7580336332321167,1.0714190006256104,0.7835580012175183,1.035898180556672,0.6019681096076965
19,1,26,0.5823349356651306,1.0776814222335815,0.6006053553307324,1.064354050265163,0.5936556458473206
19,1,27,0.7644525766372681,1.3242011070251465,0.7889247137043256,1.3373922437811812,0.11429459601640701
19,1,28,0.5980237126350403,1.3334101438522339,0.6155163376997396,1.3475891535132234,0.12963950634002686
19,1,29,0.7632004022598267,1.3551329374313354,0.7866425655756003,1.3685999548180499,0.13189679384231567
19,1,30,0.603383481502533,1.3652613162994385,0.6232956406195245,1.3818051371393536,0.09334411472082138
19,1,31,0.7526189088821411,1.4264036417007446,0.7784488848082995,1.4423097643587475,0.06204192712903023
19,1,32,0.6055247783660889,1.4321626424789429,0.6163939364531219,1.4504202480562358,0.0599360316991806
20,1,0,0.5819666981697083,0.15956725180149078,0.5745322648073169,0.14627338433066678,0.9948566555976868
20,1,1,0.6036694049835205,0.12739090621471405,0.5990050510276955,0.1136680937952784,0.9902400374412537
20,1,2,0.613542377948761,0.1258920431137085,0.6094404596787747,0.11184796980805295,0.9915032982826233
20,1,3,0.6233553886413574,0.12470419704914093,0.6202607010879616,0.11032464075915983,0.9903631210327148
20,1,4,0.5832690000534058,0.1291748434305191,0.580812709430816,0.11619185425099307,0.9877743721008301
20,1,5,0.5790830254554749,0.12867210805416107,0.5783666028614782,0.11578004653920805,0.988351047039032
20,1,6,0.5751792788505554,0.12825913727283478,0.57633592857034,0.11545476080217691,0.9865145087242126
20,1,7,0.6636911630630493,0.13031692802906036,0.6682486401513776,0.1178934711749315,0.9942551255226135
20,1,8,0.597675085067749,0.1309158056974411,0.6088508115418217,0.1201946832944143,0.9911518096923828
20,1,9,0.6090596914291382,0.18329809606075287,0.6042368350863079,0.17091253363002062,0.9973084330558777
20,1,10,0.5798006653785706,0.18334737420082092,0.5782827077790699,0.17202499185615766,0.9954344034194946
20,1,11,0.8326789736747742,0.27982470393180847,0.8494279904324841,0.27727115432895477,0.9971348643302917
20,1,12,0.5061140656471252,0.2648554742336273,0.5085757072041578,0.26306529174966137,0.9982871413230896
20,1,13,0.9314743280410767,0.483832985162735,0.9541981174274803,0.4927936633183811,0.9662092328071594
20,1,14,0.27715057134628296,0.25023049116134644,0.2711037917623371,0.2670706519994754,0.993729293346405
20,1,15,0.9867673516273499,0.7018467783927917,1.0078821355831917,0.7007283698803657,0.8578730821609497
20,1,16,0.08987590670585632,0.14064322412014008,0.06542879455167627,0.1825531115499048,0.9827905297279358
20,1,17,1.0144224166870117,0.766630232334137,1.032631189409087,0.7646196400154194,0.765000581741333
20,1,18,0.040745340287685394,0.0986335501074791,0.011930440289413213,0.14954654520582372,0.9476237893104553
20,1,19,0.9857089519500732,0.7751825451850891,1.0113150762703063,0.7641123802695329,0.8013039231300354
20,1,20,0.04338277131319046,0.08142758905887604,0.013017338217756028,0.13373404071756087,0.9579719305038452
20,1,21,0.9693599939346313,0.7584667801856995,0.9887754456320775,0.7460499527613738,0.8264246582984924
20,1,22,0.059507012367248535,0.09642212092876434,0.03416101521002268,0.14791930146654161,0.9661145210266113
20,1,23,0.7413015365600586,0.7386474609375,0.7641905856445138,0.7440810869045871,0.9329769611358643
20,1,24,0.5578494668006897,0.7391031384468079,0.5755471634825848,0.7483107831721001,0.964606761932373
20,1,25,0.7528784275054932,1.0677903890609741,0.77824030030676,1.0414262811434245,0.6055232286453247
20,1,26,0.5954099297523499,1.0536950826644897,0.5997055196668706,1.0625076398231363,0.6054996848106384
20,1,27,0.7585377097129822,1.3240422010421753,0.783657770151425,1.3350794799218622,0.10903078317642212
20,1,28,0.6004822254180908,1.3389290571212769,0.6129116955591848,1.3460890886573338,0.12480512261390686
20,1,29,0.7563901543617249,1.3541762828826904,0.7813989723387522,1.3661011147000601,0.12516739964485168
20,1,30,0.6053725481033325,1.3684130907058716,0.6201902167782402,1.3794850941939378,0.0876697227358818
20,1,31,0.751295804977417,1.4271878004074097,0.7737429307526457,1.439689892632651,0.0594208724796772
20,1,32,0.610895574092865,1.4378846883773804,0.6154416245209419,1.448248639169068,0.057664137333631516
21,1,0,0.5818555355072021,0.1548856794834137,0.5758007201668811,0.1477651680788079,0.9952311515808105
21,1,1,0.6055302619934082,0.12379428744316101,0.6001352482887593,0.1154221881556704,0.990971565246582
21,1,2,0.6148277521133423,0.1224045678973198,0.6103735321666037,0.11367664397601926,0.9921060800552368
21,1,3,0.6239727139472961,0.12134002894163132,0.6209035848076945,0.1122328154827489,0.9910992980003357
21,1,4,0.5855726599693298,0.12554338574409485,0.5816371115614777,0.11781172121817299,0.9886254668235779
21,1,5,0.5812433958053589,0.12508223950862885,0.5788648223292785,0.11739136472055499,0.9891003966331482
21,1,6,0.5771640539169312,0.12471119314432144,0.5764793392273654,0.11705815015755218,0.987421452999115
21,1,7,0.6606649160385132,0.12899023294448853,0.6669350618289658,0.11981574670864777,0.9946643710136414
21,1,8,0.596636176109314,0.12895773351192474,0.6067348179610329,0.12171258696726998,0.9916839599609375
21,1,9,0.6068210005760193,0.17851507663726807,0.6046843716887748,0.17222937258428037,0.9974973201751709
21,1,10,0.5777738094329834,0.17884056270122528,0.5781945801470418,0.1732054911564326,0.9957162141799927
21,1,11,0.8256359696388245,0.2754398584365845,0.8453049624547352,0.27695401004445525,0.9973388314247131
21,1,12,0.503483235836029,0.26174047589302063,0.5076937053714661,0.2628358632973922,0.9983227252960205
21,1,13,0.9144155979156494,0.4818991422653198,0.9473007164045013,0.49090643306679344,0.9687839150428772
21,1,14,0.27255502343177795,0.24482481181621552,0.2713551134010697,0.263215740427102,0.9942119121551514
21,1,15,0.9649070501327515,0.7031468749046326,1.0004305112826917,0.7011472145931231,0.8694912195205688
21,1,16,0.09320450574159622,0.13404570519924164,0.07024275030675839,0.17414072553776708,0.9842429757118225
21,1,17,0.9886193871498108,0.7724471092224121,1.0249995704158155,0.7659754473555407,0.7821062207221985
21,1,18,0.048196274787187576,0.09065144509077072,0.018217469024339083,0.13932945094480148,0.9514100551605225
21,1,19,0.9650960564613342,0.7795924544334412,1.0033001971791082,0.7667943231241754,0.816080629825592
21,1,20,0.05088350921869278,0.0703478753566742,0.019582117052037048,0.12273634814596245,0.9609643220901489
21,1,21,0.9517822861671448,0.7624266743659973,0.9823622067876852,0.7488873175027282,0.8394220471382141
21,1,22,0.06554349511861801,0.08529623597860336,0.039600668953911344,0.1370542686933403,0.9685319066047668
21,1,23,0.7421597838401794,0.7279272675514221,0.7603729697141799,0.7412823598037472,0.938679575920105
21,1,24,0.5554854273796082,0.7262248992919922,0.5720709646121952,0.7444836153971945,0.9674727916717529
21,1,25,0.7433210015296936,1.0432589054107666,0.7721869543742725,1.041743655967098,0.614661455154419
21,1,26,0.5979841351509094,1.0291060209274292,0.5994074109690838,1.0567176549958546,0.6175463795661926
21,1,27,0.7446874976158142,1.3093925714492798,0.7769013562594509,1.3306278252007364,0.10817725211381912
21,1,28,0.5991939306259155,1.3213120698928833,0.6105352025351153,1.341795240166454,0.12132667005062103
21,1,29,0.7398243546485901,1.336368203163147,0.7741904707938894,1.3609476437094752,0.12251937389373779
21,1,30,0.6048198342323303,1.3464921712875366,0.6175272888796444,1.3737660213974339,0.08379113674163818
21,1,31,0.7452049851417542,1.417828917503357,0.7687967560913925,1.4359017239091545,0.05949058383703232
21,1,32,0.6099330186843872,1.4234862327575684,0.614487537981974,1.4439573249350117,0.05652506276965141
22,1,0,0.5760732293128967,0.15480785071849823,0.5758479111608577,0.14898501290699634,0.9951731562614441
22,1,1,0.600039005279541,0.12416113168001175,0.6001185817705578,0.11693591511394615,0.9908338189125061
22,1,2,0.6088154315948486,0.12288674712181091,0.6101037021454289,0.11527200603060736,0.9918869733810425
22,1,3,0.6175975799560547,0.12189377099275589,0.6203310246878314,0.11390629628003168,0.990995466709137
22,1,4,0.5826880931854248,0.1255982220172882,0.581819116575751,0.11916043100215652,0.9881964921951294
22,1,5,0.5797533392906189,0.12498267740011215,0.579018691580076,0.1187062580017946,0.9885388016700745
22,1,6,0.5769407153129578,0.12446128576993942,0.5765592371755501,0.11834044198408447,0.9868803024291992
22,1,7,0.655347466468811,0.12982237339019775,0.6649277306010652,0.1215491229746232,0.9945248961448669
22,1,8,0.6031075119972229,0.12945853173732758,0.606106606360111,0.12305427031235408,0.9910993576049805
22,1,9,0.6010929942131042,0.1781972050666809,0.6040623831492404,0.17326301198839686,0.9974399209022522
22,1,10,0.5751769542694092,0.1783352941274643,0.5776719683336723,0.17409395993125143,0.9954398274421692
22,1,11,0.8284881711006165,0.27487584948539734,0.8423913141721094,0.2765941110023214,0.9973956942558289
22,1,12,0.5097173452377319,0.26164382696151733,0.5080441619065238,0.26262943010984624,0.9982501268386841
22,1,13,0.9113892316818237,0.48743391036987305,0.9410751875630862,0.4903050309553805,0.9706510901451111
22,1,14,0.2741595208644867,0.24260300397872925,0.2718407953546472,0.2596440003319666,0.9945809841156006
22,1,15,0.9591038227081299,0.7073456645011902,0.9932650589821705,0.7022208046756875,0.8773874044418335
22,1,16,0.09139686822891235,0.1304960399866104,0.07390835400964019,0.16657276918462313,0.9853439331054688
22,1,17,0.9805504679679871,0.7731651663780212,1.0172920169055868,0.7672207652196388,0.7920936346054077
22,1,18,0.04602624475955963,0.08900254964828491,0.02303716258629648,0.1306010224551646,0.9540311098098755
22,1,19,0.9609875679016113,0.7792039513587952,0.9959635828512504,0.7689441090180343,0.8248611688613892
22,1,20,0.04936423897743225,0.0694463923573494,0.024744128929022613,0.11349319443055492,0.963023841381073
22,1,21,0.9471146464347839,0.7611966133117676,0.9762519060291578,0.7510197159278815,0.8471503853797913
22,1,22,0.06412544846534729,0.08290348201990128,0.04385077464501459,0.127661569153477,0.9701368808746338
22,1,23,0.7416550517082214,0.7268103957176208,0.7571297505677173,0.7387751488450314,0.9420711994171143
22,1,24,0.5651984214782715,0.7259559631347656,0.5708805958846881,0.7412733811837027,0.9691428542137146
22,1,25,0.7483771443367004,1.0232491493225098,0.7680608413094535,1.0385391720774435,0.6162927746772766
22,1,26,0.6070743799209595,1.0279467105865479,0.6007354120267416,1.0517310635776491,0.6250688433647156
22,1,27,0.7560197114944458,1.3145452737808228,0.7732829966856911,1.3278414516838986,0.10690229386091232
22,1,28,0.6071538925170898,1.3186448812484741,0.6099495994943941,1.3377834866031024,0.11809805780649185
22,1,29,0.7499836683273315,1.3433822393417358,0.7699955108204951,1.3579042236801337,0.1199960708618164
22,1,30,0.612298309803009,1.3441272974014282,0.6166216410658014,1.3686288897561738,0.08064786344766617
22,1,31,0.7585388422012329,1.4211845397949219,0.7670198381972345,1.433352010736705,0.059202637523412704
22,1,32,0.6156547665596008,1.4207206964492798,0.6146896750096102,1.4399306112248373,0.05526651069521904
23,1,0,0.5765681266784668,0.15330401062965393,0.5759726341064155,0.14973303406263685,0.9948858022689819
23,1,1,0.6002182364463806,0.12329971045255661,0.6001358390952032,0.11803814912239778,0.9901703596115112
23,1,2,0.6083523035049438,0.1220962256193161,0.6098003952263716,0.11645400366646887,0.9911985397338867
23,1,3,0.6166338324546814,0.12113186717033386,0.6196907081000959,0.11515782558357299,0.9903976321220398
23,1,4,0.5849127769470215,0.12458624690771103,0.5823548978476945,0.12010017683125465,0.9871047735214233
23,1,5,0.5828051567077637,0.12394656985998154,0.5796744711884215,0.1196138696535142,0.9874416589736938
23,1,6,0.5806155204772949,0.12340140342712402,0.5772617524242424,0.11921698577111153,0.9857548475265503
23,1,7,0.6539878845214844,0.1295187622308731,0.6630326464933981,0.12292956197688601,0.9940273761749268
23,1,8,0.6081460118293762,0.1295969933271408,0.6064597933706469,0.12418750134196836,0.9900200366973877
23,1,9,0.6007425785064697,0.17662878334522247,0.6034874328345935,0.17384592408065988,0.9971754550933838
23,1,10,0.5777549743652344,0.17684359848499298,0.5776863425847681,0.1745701562252743,0.9947574734687805
23,1,11,0.8311909437179565,0.2730329632759094,0.8404510847019744,0.27597735846206883,0.997304379940033
23,1,12,0.5123804211616516,0.2598962187767029,0.5087951730185776,0.26215607904123395,0.9981033205986023
23,1,13,0.9095558524131775,0.48422569036483765,0.9356117903078094,0.48925207463271814,0.9714968800544739
23,1,14,0.27813905477523804,0.24089321494102478,0.27293167553964204,0.25639507838037534,0.9948630332946777
23,1,15,0.9570767879486084,0.7040195465087891,0.9869914987070206,0.7025323109428941,0.8807651400566101
23,1,16,0.08964836597442627,0.1311955749988556,0.07663535334192526,0.16043991836155316,0.986184298992157
23,1,17,0.9784219861030579,0.7690845727920532,1.0105530087117194,0.7675435401871433,0.7945112586021423
23,1,18,0.044294267892837524,0.09057914465665817,0.026720624964386114,0.12366199919966625,0.9558173418045044
23,1,19,0.9615564346313477,0.7744816541671753,0.9899991170312212,0.7699032093228801,0.8271540403366089
23,1,20,0.047976840287446976,0.07136521488428116,0.02877016673991502,0.10618854681803079,0.9644289612770081
23,1,21,0.9464489221572876,0.7557545304298401,0.9710862853992894,0.7518397638853233,0.8492818474769592
23,1,22,0.06207500398159027,0.08444824814796448,0.047008407403512,0.12016849330311907,0.9711899161338806
23,1,23,0.7461621165275574,0.7220491170883179,0.7552298512243756,0.7358772331632497,0.944672703742981
23,1,24,0.572019100189209,0.7214751839637756,0.5710777583017133,0.7378428721118475,0.9706213474273682
23,1,25,0.7597660422325134,1.0170176029205322,0.76662406670177,1.0348098586403003,0.6146994829177856
23,1,26,0.6168978810310364,1.0204992294311523,0.6035356393008887,1.0463175484530738,0.6288327574729919
23,1,27,0.7691461443901062,1.313694715499878,0.7725665258466423,1.3253906092113343,0.10505854338407516
23,1,28,0.6153451204299927,1.3195297718048096,0.610884097813934,1.3346207432848558,0.1165897399187088
23,1,29,0.7636922001838684,1.3430249691009521,0.7689037550259299,1.355326419717367,0.11700315028429031
23,1,30,0.6197494268417358,1.3462238311767578,0.6171633332226844,1.364746376114388,0.07839780300855637
23,1,31,0.7679821848869324,1.4189502000808716,0.7671864933087429,1.430856958760286,0.05852903053164482
23,1,32,0.6233726143836975,1.4203487634658813,0.6161936991619649,1.436537612615262,0.05478914454579353
24,1,0,0.5780029892921448,0.15269112586975098,0.5763242536517269,0.15024533456101374,0.9948225021362305
24,1,1,0.6017688512802124,0.1229858472943306,0.600418642889484,0.11889507312370173,0.9900350570678711
24,1,2,0.6100240349769592,0.12174182385206223,0.6098391233449286,0.11736984497754165,0.9909757375717163
24,1,3,0.6185295581817627,0.12078060209751129,0.6194896239189769,0.11613169056221964,0.9902468323707581
24,1,4,0.5860957503318787,0.12438912689685822,0.5830027768753732,0.1208429932487041,0.9867699146270752
24,1,5,0.5837541222572327,0.12348546832799911,0.5803810340195998,0.12028439528853693,0.9870374798774719
24,1,6,0.5816171169281006,0.12253646552562714,0.5780160728717875,0.11979187989331365,0.9854061603546143
24,1,7,0.6557486653327942,0.12937764823436737,0.6617709979815312,0.12404639829943916,0.9939190745353699
24,1,8,0.6086054444313049,0.12914879620075226,0.6068313813167192,0.12504678056782206,0.9896416664123535
24,1,9,0.6015732884407043,0.17539222538471222,0.6031559400081937,0.174113710663059,0.9971019625663757
24,1,10,0.5780903100967407,0.17543230950832367,0.5777562987832646,0.17471945981071438,0.9944969415664673
24,1,11,0.8361508846282959,0.27273109555244446,0.8397063196311771,0.2754151459105551,0.9972639679908752
24,1,12,0.5157842040061951,0.2571835219860077,0.5100057229741701,0.2612948490154594,0.998035728931427
24,1,13,0.909757137298584,0.48464858531951904,0.9311310410707515,0.4884547746624109,0.9726362824440002
24,1,14,0.2814132273197174,0.24093098938465118,0.27440080599869926,0.2537159027224283,0.9951664805412292
24,1,15,0.956871747970581,0.7045920491218567,0.9817709200698633,0.7028890193787062,0.8858403563499451
24,1,16,0.09248901158571243,0.13088899850845337,0.07938205163973869,0.155317988568645,0.9870994091033936
24,1,17,0.9784442186355591,0.7732971906661987,1.0049873435420367,0.7685400763013713,0.7998288869857788
24,1,18,0.04574452340602875,0.0912621021270752,0.03001689280463163,0.11804577404439735,0.9580755233764648
24,1,19,0.963739275932312,0.7782759070396423,0.9854480954711379,0.7713534803724407,0.8316901326179504
24,1,20,0.04996272176504135,0.07185446470975876,0.03244243710572131,0.10023669917646467,0.9661930799484253
24,1,21,0.9472660422325134,0.7568318843841553,0.9669583671799532,0.7527043827424744,0.8531830310821533
24,1,22,0.06483374536037445,0.08539299666881561,0.05009688901853516,0.11414004948168113,0.9725133180618286
24,1,23,0.7490346431732178,0.721101701259613,0.7541568227445851,0.7333174067689598,0.947412371635437
24,1,24,0.574386715888977,0.7196756601333618,0.5716508300189463,0.7346951241704286,0.9722452163696289
24,1,25,0.7641205191612244,1.0165420770645142,0.7661904929217488,1.031644678634852,0.6223684549331665
24,1,26,0.6086516380310059,1.0194402933120728,0.6044217170168298,1.0416594348082961,0.6444312930107117
24,1,27,0.7857471108436584,1.3145058155059814,0.774849921633226,1.323505064715122,0.10844848304986954
24,1,28,0.6091704368591309,1.3288558721542358,0.6105873267549191,1.3336222634038135,0.12363884598016739
24,1,29,0.7811022996902466,1.3445578813552856,0.7710169603963696,1.35346102030952,0.11766330152750015
24,1,30,0.61408531665802,1.358521819114685,0.6166302617973116,1.3636682632625117,0.07909025251865387
24,1,31,0.7894316911697388,1.4180587530136108,0.7710412869192156,1.428639831262326,0.06050822138786316
24,1,32,0.6170014142990112,1.430793046951294,0.6163335752293557,1.4355426502624915,0.05768660828471184
25,1,0,0.5723677277565002,0.1519385278224945,0.5756390177275544,0.1505385610081993,0.9950326681137085
25,1,1,0.597457230091095,0.12304016202688217,0.5999057672611727,0.11961297067766,0.990436315536499
25,1,2,0.6063770055770874,0.12191262096166611,0.609239523529851,0.11815662828815875,0.9913215637207031
25,1,3,0.6155380010604858,0.12108179181814194,0.6188052372558203,0.11698903082651119,0.9906387329101562
25,1,4,0.5813302397727966,0.12414919584989548,0.5827131278741438,0.12141558769344216,0.9872044920921326
25,1,5,0.5791549682617188,0.12326421588659286,0.5801687075183315,0.12080045923854074,0.9874314665794373
25,1,6,0.577199399471283,0.12234863638877869,0.5778746454903946,0.12023466932568747,0.9858230948448181
25,1,7,0.6571040749549866,0.13036198914051056,0.6609627101493163,0.1251402814783048,0.994118332862854
25,1,8,0.606635332107544,0.12942853569984436,0.6067974311367454,0.12580567227544293,0.9898708462715149
25,1,9,0.5963447093963623,0.17490768432617188,0.6019761927855776,0.17425120694582769,0.9971824884414673
25,1,10,0.5726961493492126,0.1746072918176651,0.5768798957862544,0.1747000355342887,0.9945654273033142
25,1,11,0.831246554851532,0.27666234970092773,0.8382409633669243,0.27563113318851656,0.9973288178443909
25,1,12,0.5120170712471008,0.257768839597702,0.5103540506928564,0.26068418269114807,0.9980455636978149
25,1,13,0.9070106148719788,0.48435530066490173,0.9269510599359072,0.487744778242155,0.9739283323287964
25,1,14,0.28187763690948486,0.24015307426452637,0.27569586489600995,0.2513662578260696,0.9954667687416077
25,1,15,0.9506797790527344,0.7001174688339233,0.9763818143429096,0.7024090279836736,0.8922828435897827
25,1,16,0.09386972337961197,0.13033750653266907,0.08189198531791189,0.1509888304955126,0.9880428910255432
25,1,17,0.9717645645141602,0.7701863646507263,0.9992283877217256,0.7688251793419282,0.8083425760269165
25,1,18,0.04972277209162712,0.08874300122261047,0.033431397251261985,0.1129668858391207,0.960486888885498
25,1,19,0.9584212303161621,0.776111900806427,0.9807640339313972,0.7721776173495002,0.8391178250312805
25,1,20,0.05332960933446884,0.07027209550142288,0.03606175707979993,0.09504299354759439,0.9680887460708618
25,1,21,0.9437045454978943,0.754381000995636,0.9629286741706529,0.7529947385693255,0.8594515323638916
25,1,22,0.06683499366044998,0.08481422066688538,0.0529968980017156,0.10905716126517018,0.9740031361579895
25,1,23,0.7501697540283203,0.7172829508781433,0.7534662964076025,0.730539369597051,0.9509950876235962
25,1,24,0.5660708546638489,0.7160816192626953,0.5706843797497725,0.7314700058022983,0.9741287231445312
25,1,25,0.7731283903121948,1.0094355344772339,0.7673921841910326,1.0277961393176036,0.6391840577125549
25,1,26,0.597367525100708,1.015832781791687,0.6031998787274451,1.0371835422677618,0.6649869680404663
25,1,27,0.787379264831543,1.308081865310669,0.7770204543220742,1.3208329795636908,0.11332139372825623
25,1,28,0.6000173091888428,1.3194769620895386,0.6087563281713907,1.3311716697026672,0.12709133327007294
25,1,29,0.7813918590545654,1.339511513710022,0.7728141494342465,1.3510443609306926,0.11826970428228378
25,1,30,0.6048442125320435,1.3479982614517212,0.6145885406996976,1.3609533991097684,0.07782549411058426
25,1,31,0.7964432239532471,1.4105795621871948,0.7754435186422471,1.4255106229804608,0.06284613907337189
25,1,32,0.6096082329750061,1.4202566146850586,0.615168707775597,1.4328943400018619,0.059073030948638916
26,1,0,0.5693234205245972,0.15556544065475464,0.5745451335590709,0.1514092010063183,0.9952302575111389
26,1,1,0.5942590832710266,0.1271950602531433,0.598927760944917,0.12092626600861911,0.9907909035682678
26,1,2,0.6034229397773743,0.12597714364528656,0.6082320854040331,0.11951123111198357,0.991614818572998
26,1,3,0.6128969192504883,0.12510965764522552,0.6177819078350779,0.11839562908728295,0.9909986257553101
26,1,4,0.5780856013298035,0.12808993458747864,0.5819116643149612,0.12257162116942515,0.9875546097755432
26,1,5,0.5759733319282532,0.12707699835300446,0.5794420997060553,0.12188757722323608,0.987736701965332
26,1,6,0.5740761756896973,0.12606802582740784,0.5772167866609991,0.12124501310784204,0.9862048625946045
26,1,7,0.65716153383255,0.13332656025886536,0.6603043824701912,0.1265582542959915,0.9942821264266968
26,1,8,0.6054307818412781,0.13165216147899628,0.6065607577857726,0.12681829104933232,0.9901095032691956
26,1,9,0.5933571457862854,0.17855116724967957,0.6004832394512645,0.17499593048192216,0.997247576713562
26,1,10,0.5701956748962402,0.17726334929466248,0.5757221518554585,0.1751439606565584,0.9946064352989197
26,1,11,0.8275718092918396,0.2801673412322998,0.8363927855015942,0.2764167787432727,0.9973750114440918
26,1,12,0.5116324424743652,0.2572890818119049,0.5105754392411299,0.26009619060921874,0.9980948567390442
26,1,13,0.9037421941757202,0.4844447672367096,0.9229291587416986,0.48717325622134544,0.9747183322906494
26,1,14,0.2847180962562561,0.2401176244020462,0.27725867467048826,0.24941766338566737,0.9957321286201477
26,1,15,0.9476861357688904,0.6952521204948425,0.9714082768836392,0.7011693944749857,0.8971444368362427
26,1,16,0.09676186740398407,0.13220849633216858,0.08446816508844998,0.14773477669325552,0.9889008402824402
26,1,17,0.9679832458496094,0.7654389142990112,0.9938125628657475,0.7682387176659982,0.814693033695221
26,1,18,0.05206827074289322,0.09126654267311096,0.036660567692804236,0.10920654771458731,0.9627857804298401
26,1,19,0.9553320407867432,0.7715194225311279,0.9763565919052143,0.77206363502285,0.8445364832878113
26,1,20,0.055735696107149124,0.07283667474985123,0.039470724199080424,0.09119491740229987,0.9698830842971802
26,1,21,0.9416826367378235,0.7493321299552917,0.959247134628982,0.752360412153544,0.8640499114990234
26,1,22,0.06923330575227737,0.08753450214862823,0.05580994162978967,0.10532763278322203,0.9754090309143066
26,1,23,0.7467457056045532,0.713654100894928,0.7523022516804574,0.7276138506648369,0.9546794891357422
26,1,24,0.5609315633773804,0.712652325630188,0.5689949825552699,0.7282094903789299,0.9761486053466797
26,1,25,0.7769420742988586,1.0005394220352173,0.7690464203511441,1.0230722080154981,0.6538904905319214
26,1,26,0.5934670567512512,1.0152003765106201,0.6015139460532746,1.0333741853484624,0.685971736907959
26,1,27,0.7911302447319031,1.2992596626281738,0.7794648934486071,1.3170946894295812,0.1185961589217186
26,1,28,0.6003491282463074,1.317004919052124,0.6073000797153055,1.328717358353905,0.13218648731708527
26,1,29,0.787433385848999,1.3302761316299438,0.7753468858348329,1.3474456658477738,0.11896107345819473
26,1,30,0.6056827306747437,1.3429826498031616,0.6130459026672765,1.3578397098012542,0.07641001045703888
26,1,31,0.8009961247444153,1.4007648229599,0.7798718821287873,1.4212221864035093,0.06566917896270752
26,1,32,0.6114535331726074,1.420604944229126,0.6145252766295761,1.430765390123055,0.06155690923333168
27,1,0,0.5640457272529602,0.16380417346954346,0.5727263698715944,0.15355644734663798,0.9954509139060974
27,1,1,0.5885183811187744,0.1344631463289261,0.5971245970255213,0.12327141156123574,0.9912111163139343
27,1,2,0.5979816913604736,0.1330653429031372,0.606456470258486,0.121859363089974,0.9919962286949158
27,1,3,0.6078628301620483,0.13199129700660706,0.6160637017626861,0.1207509632547569,0.9914394617080688
27,1,4,0.572178840637207,0.13566356897354126,0.5802257310869922,0.12483965572710128,0.9879242777824402
27,1,5,0.5701430439949036,0.13486561179161072,0.5778313253809176,0.1241358698747769,0.9880986213684082
27,1,6,0.568362832069397,0.13399308919906616,0.5756831328936234,0.12345345287621808,0.986602783203125
27,1,7,0.6560901403427124,0.13918805122375488,0.6595745066473793,0.12874619597797107,0.9945424795150757
27,1,8,0.6038762331008911,0.13767358660697937,0.6060958392160934,0.12869872402207572,0.9903151392936707
27,1,9,0.5883945226669312,0.18721826374530792,0.5983890668057608,0.17711325862096466,0.9973140358924866
27,1,10,0.5657749772071838,0.18578006327152252,0.5739990773259693,0.1769864112826292,0.9945988059043884
27,1,11,0.8285018801689148,0.2849242687225342,0.8350259874566038,0.27789040375869595,0.997469961643219
27,1,12,0.5120841264724731,0.2639137804508209,0.5108367115599377,0.26075736127039517,0.9980790615081787
27,1,13,0.9007019400596619,0.5003095865249634,0.9190774821299291,0.48944898231980466,0.9757445454597473
27,1,14,0.2876627445220947,0.23905177414417267,0.27906091821273477,0.24762203409808992,0.9959239959716797
27,1,15,0.942097008228302,0.7072667479515076,0.9663279506025271,0.7022254711351209,0.9037765860557556
27,1,16,0.09832064062356949,0.1329355090856552,0.08686800769387415,0.14517082759489805,0.9895508289337158
27,1,17,0.9611210227012634,0.7752150893211365,0.9881457817693314,0.7694470743461359,0.8244432806968689
27,1,18,0.0527021586894989,0.09051802009344101,0.03943984241854657,0.10596840734731786,0.9643827676773071
27,1,19,0.9490432739257812,0.780144453048706,0.9716228422630473,0.7734633360838378,0.8528916239738464
27,1,20,0.055903203785419464,0.0723622739315033,0.04231775577569024,0.08793179092296671,0.9711000323295593
27,1,21,0.9356416463851929,0.7590317726135254,0.9551564559219614,0.7535159281812266,0.8711258172988892
27,1,22,0.06932629644870758,0.08738482743501663,0.05815153028037799,0.10221877240612623,0.9763212203979492
27,1,23,0.7484667301177979,0.7113416194915771,0.7516379750420311,0.7247945976605259,0.9575945138931274
27,1,24,0.5621825456619263,0.7107686400413513,0.5678150264577401,0.7251876614414906,0.9776949882507324
27,1,25,0.7734680771827698,0.9933967590332031,0.7698122236445428,1.0179287056058886,0.6671697497367859
27,1,26,0.588650643825531,1.0647121667861938,0.5992855375748996,1.0388061179352805,0.7042930126190186
27,1,27,0.7777981758117676,1.2959263324737549,0.7791762523033076,1.313426616400905,0.1285352110862732
27,1,28,0.599073052406311,1.324936032295227,0.6058750473894691,1.32806246892534,0.14242449402809143
27,1,29,0.774103045463562,1.3255820274353027,0.7751314810521477,1.3436570346519374,0.12372907251119614
27,1,30,0.6042485237121582,1.3498971462249756,0.6115220516130293,1.3564639616988372,0.0769338384270668
27,1,31,0.7833746075630188,1.3990824222564697,0.7804785156757269,1.4173856747892986,0.07170305401086807
27,1,32,0.6143139004707336,1.4355021715164185,0.61448867224383,1.431585778762532,0.06663725525140762
28,1,0,0.5627331733703613,0.17319341003894806,0.5709953208752453,0.15695900216590275,0.9956992268562317
28,1,1,0.5869656801223755,0.1417917013168335,0.5953648327348764,0.12648036953107436,0.9916912913322449
28,1,2,0.5963383913040161,0.13980703055858612,0.6047037822095973,0.12496905093235189,0.9924333095550537
28,1,3,0.6061354875564575,0.13805297017097473,0.6143439125368748,0.12374872310884091,0.9919123649597168
28,1,4,0.5706422328948975,0.1437077820301056,0.5785656716417619,0.12810891648120593,0.9884719848632812
28,1,5,0.5685538053512573,0.14296084642410278,0.5762242824531927,0.12739764987760838,0.9886564612388611
28,1,6,0.5667312145233154,0.1420947015285492,0.5741325055535332,0.1266833807386025,0.9872249364852905
28,1,7,0.6556130051612854,0.14372630417346954,0.6588884088623306,0.13134148066020454,0.9948380589485168
28,1,8,0.6050457954406738,0.14390653371810913,0.6059139966469916,0.13133347566811995,0.9907620549201965
28,1,9,0.5876639485359192,0.195762500166893,0.5965311914163239,0.18034457214928765,0.997420608997345
28,1,10,0.5655524730682373,0.19505654275417328,0.5725360013221298,0.18011732914765188,0.9947311282157898
28,1,11,0.8352014422416687,0.2889983057975769,0.835056371246355,0.2798146095963556,0.9975794553756714
28,1,12,0.5166297554969788,0.26766738295555115,0.5118400719266745,0.2619542233090771,0.9981231689453125
28,1,13,0.90397709608078,0.5118811130523682,0.9164613494477173,0.49333619023862535,0.9768062829971313
28,1,14,0.28812023997306824,0.2396540641784668,0.2806301546023876,0.2462418835801491,0.9961497187614441
28,1,15,0.9478878974914551,0.7134491801261902,0.9631329025296487,0.7041697447848306,0.9103229641914368
28,1,16,0.10067068785429001,0.1328398734331131,0.0892592200358935,0.14303466947062565,0.9903270602226257
28,1,17,0.9668266773223877,0.7792122960090637,0.984451570313866,0.7711386212894643,0.8343749642372131
28,1,18,0.05437368527054787,0.09111371636390686,0.042027108815261685,0.10339485015045534,0.9666268825531006
28,1,19,0.9555014371871948,0.7855105400085449,0.9688297340067759,0.7755503147249011,0.8614147901535034
28,1,20,0.057641901075839996,0.07343973964452744,0.04497267285845607,0.08542108721491525,0.9728512763977051
28,1,21,0.9421430230140686,0.7650377154350281,0.9529020292198411,0.7555118555658965,0.8784018754959106
28,1,22,0.07124100625514984,0.08845190703868866,0.060419136834594114,0.09983375756917504,0.9776538610458374
28,1,23,0.7538994550704956,0.7090948224067688,0.7520296237892152,0.7220745725218022,0.960351288318634
28,1,24,0.5693050026893616,0.7087270021438599,0.5680730582971891,0.7223357458956834,0.9791440963745117
28,1,25,0.7766817808151245,0.9878915548324585,0.7710020755158593,1.0127224537278472,0.6781811714172363
28,1,26,0.587561309337616,1.0718648433685303,0.5972545290417536,1.0445366107874445,0.720694899559021
28,1,27,0.77310711145401,1.3034355640411377,0.778125063061835,1.31169593862664,0.13651545345783234
28,1,28,0.599804162979126,1.3321999311447144,0.6048235562549852,1.3287790453445898,0.1531047374010086
28,1,29,0.7693442702293396,1.3329613208770752,0.7741291312255935,1.3418042542257143,0.12832066416740417
28,1,30,0.6057314872741699,1.3571906089782715,0.6105191210140994,1.3565897984646602,0.07785103470087051
28,1,31,0.776478111743927,1.408086895942688,0.7797856796935381,1.4157749479617174,0.07595442235469818
28,1,32,0.6152597069740295,1.446315884590149,0.6146221960037493,1.4341377314041355,0.07081533968448639
29,1,0,0.5632156133651733,0.17853276431560516,0.5696477881688261,0.1606973696655932,0.9959396719932556
29,1,1,0.5863779783248901,0.14773015677928925,0.5938081521576986,0.13016256184985223,0.9921398758888245
29,1,2,0.5961035490036011,0.1459762454032898,0.6032140885031342,0.12860917991030946,0.9928516745567322
29,1,3,0.606181263923645,0.1443098783493042,0.6129300338567146,0.1273115146173149,0.9923677444458008
29,1,4,0.5694456100463867,0.14918486773967743,0.5769859109461382,0.13176096716771474,0.9889720678329468
29,1,5,0.5671819448471069,0.148446723818779,0.5746579886383052,0.13104504029532507,0.9891784191131592
29,1,6,0.5652298331260681,0.14751861989498138,0.5725904107183001,0.13029369458958606,0.9878056049346924
29,1,7,0.6567830443382263,0.15035369992256165,0.6585237982881328,0.13463572259846862,0.9950758218765259
29,1,8,0.604729950428009,0.14958856999874115,0.6057089472189205,0.13449645877476754,0.9911195635795593
29,1,9,0.5886501669883728,0.2013195902109146,0.595166105308529,0.18397912202172875,0.9974982142448425
29,1,10,0.5668370723724365,0.2003728449344635,0.5715489445823255,0.18362712779072374,0.9948179125785828
29,1,11,0.8296194076538086,0.2949292063713074,0.8341146943843054,0.28243320470248584,0.9976393580436707
29,1,12,0.5144603252410889,0.2745872437953949,0.512293858846333,0.2641427234995168,0.998153030872345
29,1,13,0.8970533609390259,0.5222733020782471,0.9130984921003238,0.49835161031767,0.9773527979850769
29,1,14,0.291861891746521,0.24309895932674408,0.282575819251075,0.24569756940399126,0.9963265061378479
29,1,15,0.9425002932548523,0.724571943283081,0.9595577217801213,0.7077049753726193,0.9152724146842957
29,1,16,0.10244062542915344,0.13797242939472198,0.09154275848758935,0.14215790214067672,0.9909741282463074
29,1,17,0.9624907970428467,0.7843607664108276,0.9806460958400084,0.7734292199157585,0.8415201306343079
29,1,18,0.057624902576208115,0.09096729755401611,0.04472945757247365,0.10124195025754737,0.9684612154960632
29,1,19,0.9520888924598694,0.7917969822883606,0.9659292513666827,0.7783651361741936,0.8675928115844727
29,1,20,0.060832634568214417,0.07329201698303223,0.047720464574426386,0.08331991354787399,0.9742984771728516
29,1,21,0.9385320544242859,0.7717880606651306,0.9504124956716952,0.7583317970481278,0.8836261630058289
29,1,22,0.07385670393705368,0.09032251685857773,0.062747070637248,0.09818621234903059,0.9787746667861938
29,1,23,0.7505249977111816,0.7122116088867188,0.7517690548175562,0.7203660892151323,0.9626736640930176
29,1,24,0.5674868226051331,0.7098288536071777,0.5679715376588738,0.720169103447594,0.9803584814071655
29,1,25,0.7783610224723816,0.9837471842765808,0.7722767116326946,1.0077004140682353,0.6904000639915466
29,1,26,0.5849709510803223,1.0708129405975342,0.5951265875282314,1.04909049715628,0.7362411618232727
29,1,27,0.776185154914856,1.294066309928894,0.7777891081845736,1.308641384467726,0.14395371079444885
29,1,28,0.5953688025474548,1.3185665607452393,0.6031858045472227,1.3270099989702562,0.15804341435432434
29,1,29,0.7725372910499573,1.3234705924987793,0.7738534579259864,1.338627650304309,0.13070257008075714
29,1,30,0.600831925868988,1.3433823585510254,0.6088410941009919,1.354301748146968,0.07728315889835358
29,1,31,0.7809637784957886,1.3967747688293457,0.7799896991787779,1.4124827930295103,0.07998879253864288
29,1,32,0.6106400489807129,1.427786111831665,0.613932522279709,1.4330376068308066,0.0733427032828331
30,1,0,0.5741353034973145,0.19865480065345764,0.5704249992595796,0.16727798665933036,0.9962134957313538
30,1,1,0.5956621170043945,0.16905057430267334,0.5941292224731551,0.13690470056562545,0.9926620125770569
30,1,2,0.6052196025848389,0.16749227046966553,0.6035614057530233,0.13535046429093855,0.9933298230171204
30,1,3,0.6150141954421997,0.16627757251262665,0.6132909722252053,0.13406720011092652,0.9928818941116333
30,1,4,0.5788360238075256,0.17141543328762054,0.5773063141401592,0.1386361465370785,0.9896708130836487
30,1,5,0.5764362215995789,0.17127323150634766,0.5749659429824733,0.1380198106002753,0.9898723363876343
30,1,6,0.5743498206138611,0.17112112045288086,0.5728951051139007,0.1373724875891458,0.9885827302932739
30,1,7,0.6615594029426575,0.17234589159488678,0.6590495241049935,0.1411734234623823,0.9953909516334534
30,1,8,0.6109430193901062,0.17317362129688263,0.6066154779330191,0.14120199898002464,0.9916538596153259
30,1,9,0.6005651950836182,0.21971285343170166,0.5961012213132628,0.19017380625286598,0.9976284503936768
30,1,10,0.5783621668815613,0.2205788642168045,0.5727290368725324,0.19003319557207285,0.9950580596923828
30,1,11,0.8317171335220337,0.305641770362854,0.8336994770940758,0.28645505322249687,0.9977147579193115
30,1,12,0.5162856578826904,0.29244717955589294,0.512985204550199,0.2690483974395659,0.9982151985168457
30,1,13,0.897130012512207,0.5295829176902771,0.9103318905916268,0.5037650371171096,0.9782665371894836
30,1,14,0.3027244806289673,0.25931549072265625,0.286067090841234,0.24805675913626396,0.9965270757675171
30,1,15,0.9413378834724426,0.7272477149963379,0.9564008502926932,0.7110911943265863,0.9201233386993408
30,1,16,0.11374341696500778,0.1480235904455185,0.09538982909278314,0.1431738446935664,0.9915547966957092
30,1,17,0.9624642729759216,0.788563072681427,0.9774958146467878,0.7760511526244276,0.8485203981399536
30,1,18,0.06512975692749023,0.09701620787382126,0.04826435991771863,0.1005100802908614,0.9700616002082825
30,1,19,0.9515702128410339,0.7960630059242249,0.9634416127846598,0.7814315199247148,0.8736270666122437
30,1,20,0.06998389959335327,0.0783221572637558,0.05157842160478438,0.08245431573526227,0.9755642414093018
30,1,21,0.9381943345069885,0.776033878326416,0.9482958909040263,0.7613989108843823,0.8886040449142456
30,1,22,0.0859808549284935,0.09730888158082962,0.0667732929694721,0.09803427989545213,0.979736864566803
30,1,23,0.7495148181915283,0.7297172546386719,0.7513786605757342,0.7219858922876718,0.9640970230102539
30,1,24,0.570539653301239,0.7295512557029724,0.5684162944611837,0.7217942754746528,0.9812301397323608
30,1,25,0.7763364315032959,0.986635684967041,0.7729798220707524,1.0040503087864228,0.7068430185317993
30,1,26,0.5817587375640869,1.0844236612319946,0.59281073698106,1.0552156673571065,0.7532393932342529
30,1,27,0.7768056392669678,1.3072459697723389,0.7776187951311881,1.3083997293169543,0.16066233813762665
30,1,28,0.5910212993621826,1.3325202465057373,0.601078498204511,1.3279643705581594,0.17226409912109375
30,1,29,0.7726691961288452,1.338568091392517,0.7736483711576754,1.3386173364242044,0.1410476416349411
30,1,30,0.596585750579834,1.3586704730987549,0.6067180456752547,1.3550583826809937,0.08062908053398132
30,1,31,0.7819358110427856,1.4076955318450928,0.7803267285472523,1.4116536600402911,0.08965142071247101
30,1,32,0.6047605276107788,1.4381160736083984,0.6123437635533546,1.433917182868437,0.07997516542673111
31,1,0,0.5796390175819397,0.21154677867889404,0.5720210394465449,0.17495424942015603,0.9964545369148254
31,1,1,0.600436806678772,0.1818379908800125,0.5952217185001705,0.14469634362656641,0.993119478225708
31,1,2,0.6102539896965027,0.18050652742385864,0.6047205985186463,0.14318078953759789,0.9937487840652466
31,1,3,0.6201960444450378,0.17965532839298248,0.6144869767798774,0.14197255046943766,0.9933395981788635
31,1,4,0.5826953053474426,0.18438482284545898,0.5782396808268334,0.14656937550846416,0.9902849197387695
31,1,5,0.5799201130867004,0.1844327747821808,0.5758239879744156,0.14606839350788497,0.9904826879501343
31,1,6,0.5775008797645569,0.18460872769355774,0.5736928008772864,0.14556403914358532,0.9892757534980774
31,1,7,0.6649296283721924,0.18703514337539673,0.6600679660108529,0.14912628182259433,0.9956520199775696
31,1,8,0.6122504472732544,0.1882239580154419,0.6075914549869819,0.14935633771338405,0.9921226501464844
31,1,9,0.6078566312789917,0.23288604617118835,0.5981376335562608,0.1975798147069573,0.9977254867553711
31,1,10,0.5840942859649658,0.23370227217674255,0.574697837758978,0.1976053303711621,0.9952254891395569
31,1,11,0.8307138681411743,0.32064884901046753,0.8331824106092777,0.29238250499518936,0.9977474212646484
31,1,12,0.5201367139816284,0.3061799108982086,0.5142239029167539,0.2754856667207383,0.998258113861084
31,1,13,0.8969541788101196,0.5458951592445374,0.9080143301894593,0.5110699825216163,0.9787500500679016
31,1,14,0.3066764771938324,0.27050477266311646,0.28963824452180786,0.2519467199748407,0.9967396855354309
31,1,15,0.9424496293067932,0.7365908026695251,0.9539838933964325,0.7155103655960962,0.9238077402114868
31,1,16,0.11524220556020737,0.1564117968082428,0.09882973202117122,0.14546717896950098,0.9921467900276184
31,1,17,0.9632344245910645,0.7980028390884399,0.975025099932151,0.7798550509628133,0.8537756204605103
31,1,18,0.06693344563245773,0.10457852482795715,0.05149911457044062,0.10121470023798111,0.971741795539856
31,1,19,0.9525026082992554,0.80449378490448,0.9615466743737747,0.7854279983672366,0.8781509399414062
31,1,20,0.07143767178058624,0.08529244363307953,0.05501951689580058,0.08294583705326368,0.9769201874732971
31,1,21,0.9380921721458435,0.7835310101509094,0.9465283636208199,0.7652340929959845,0.8922834396362305
31,1,22,0.08663126081228256,0.10354189574718475,0.07021416548203027,0.09898819332541202,0.9808182120323181
31,1,23,0.7511237263679504,0.7463973760604858,0.7513345130967138,0.7262163484412596,0.966025710105896
31,1,24,0.5732517242431641,0.7469384670257568,0.5692537711027371,0.7261518039911933,0.982426106929779
31,1,25,0.7748821377754211,0.9949020147323608,0.7733092662981945,1.0024656559563887,0.7195402979850769
31,1,26,0.5879537463188171,1.100890874862671,0.5919695255750675,1.0631361389904235,0.7660918235778809
31,1,27,0.7762013077735901,1.318511962890625,0.777373317366879,1.3101514042258264,0.16924253106117249
31,1,28,0.6011518239974976,1.3474937677383423,0.6010911961136162,1.3313482759089283,0.17788822948932648
31,1,29,0.7725927233695984,1.3494997024536133,0.7734655580693652,1.3405024598706132,0.1457875370979309
31,1,30,0.6068499684333801,1.3734979629516602,0.6067408909262519,1.358253348030699,0.08094894140958786
31,1,31,0.7790015935897827,1.4184908866882324,0.7800972448617629,1.4128379106650506,0.09500950574874878
31,1,32,0.6145519614219666,1.4502174854278564,0.612726184191986,1.4367413013598063,0.08291243016719818
32,1,0,0.5771815776824951,0.2051875740289688,0.5729148322263415,0.18019453773352742,0.9967517852783203
32,1,1,0.5987333655357361,0.17569229006767273,0.5958298971466837,0.15006893896603235,0.9936753511428833
32,1,2,0.6082307696342468,0.1747560054063797,0.6053285215250317,0.1486538861260298,0.9942659139633179
32,1,3,0.6178430318832397,0.17414698004722595,0.6150682058956387,0.14754961226334967,0.9938823580741882
32,1,4,0.5813153982162476,0.17724256217479706,0.5787723542752202,0.15188597474059592,0.9910660982131958
32,1,5,0.5785695910453796,0.17707224190235138,0.5762994852847745,0.15144235994198169,0.9912808537483215
32,1,6,0.5761517882347107,0.17687341570854187,0.5741186569728483,0.15099101333232823,0.9901583790779114
32,1,7,0.6625555157661438,0.18320615589618683,0.6604987690109765,0.15503396800266228,0.9959975481033325
32,1,8,0.6101197004318237,0.18207401037216187,0.6080293063651382,0.15502765678652602,0.9927822351455688
32,1,9,0.6039056777954102,0.22839663922786713,0.5991366631582375,0.20292133333617418,0.9978830814361572
32,1,10,0.5809158086776733,0.22824902832508087,0.5757748095859335,0.2029168132108834,0.9955302476882935
32,1,11,0.8283908367156982,0.32306182384490967,0.8323525307375752,0.29770016623501466,0.9978964924812317
32,1,12,0.5188813805580139,0.3088560998439789,0.5150305546453441,0.2812702477774235,0.9983697533607483
32,1,13,0.8958547711372375,0.5580255389213562,0.9059078802349027,0.5192127913448547,0.9801332950592041
32,1,14,0.3057610094547272,0.27915722131729126,0.29243158893153015,0.25666263576969145,0.9970170259475708
32,1,15,0.9422899484634399,0.7588159441947937,0.9519581321086861,0.7230193876892664,0.9295157790184021
32,1,16,0.11412837356328964,0.16151487827301025,0.10148022796871768,0.1482475076515625,0.9928916096687317
32,1,17,0.963191568851471,0.8157251477241516,0.9729751492722034,0.7860734003052581,0.8640245795249939
32,1,18,0.06710593402385712,0.10781026631593704,0.054203027749668065,0.10235708337955414,0.974298894405365
32,1,19,0.9538285136222839,0.8231137990951538,0.9602098046749419,0.7919614699607774,0.8868591785430908
32,1,20,0.07190179079771042,0.08918874710798264,0.05794451741668191,0.0840271268926131,0.978998601436615
32,1,21,0.9397823810577393,0.8042819499969482,0.9453599200678134,0.7720039768547456,0.9002893567085266
32,1,22,0.08640404045581818,0.10744646936655045,0.07301914321643707,0.10045328864390736,0.9825513958930969
32,1,23,0.7501040697097778,0.7536177039146423,0.7511214284451552,0.7309653697396686,0.969064474105835
32,1,24,0.5709026455879211,0.7467324733734131,0.5695393220538998,0.7297179783878304,0.9840258359909058
32,1,25,0.7643201947212219,1.0796054601669312,0.7717522016106524,1.0158549775130317,0.6911416053771973
32,1,26,0.5871003866195679,1.1012184619903564,0.5911262098234276,1.0697384363607876,0.7447424530982971
32,1,27,0.7741183042526245,1.3438585996627808,0.7768095892429536,1.315994417621081,0.1534525603055954
32,1,28,0.5997509360313416,1.3615466356277466,0.6008590929693501,1.3365824953266368,0.16195784509181976
32,1,29,0.7698370218276978,1.3760017156600952,0.7728371332863863,1.346656451155762,0.13272324204444885
32,1,30,0.6036561131477356,1.3913012742996216,0.6062066482186165,1.3639819667555333,0.07378989458084106
32,1,31,0.7525734305381775,1.4388383626937866,0.7753269827747846,1.4173439463914075,0.08604015409946442
32,1,32,0.6134827136993408,1.4596734046936035,0.6128571959413618,1.440715208232682,0.07529599219560623
33,1,0,0.5797074437141418,0.21425709128379822,0.5740913538839242,0.18609921858518128,0.9967515468597412
33,1,1,0.6011397838592529,0.18307872116565704,0.5967495608478315,0.15579094310628255,0.9936257004737854
33,1,2,0.6105439066886902,0.1818116009235382,0.606231815146143,0.15440155886954093,0.9942496418952942
33,1,3,0.6201098561286926,0.18080687522888184,0.6159414044350252,0.1533145583185003,0.9938516020774841
33,1,4,0.5841610431671143,0.18452802300453186,0.5797056686006975,0.1575441724720653,0.9909961819648743
33,1,5,0.5816326141357422,0.18410350382328033,0.5772231751388766,0.15710387105161372,0.9912792444229126
33,1,6,0.5793803930282593,0.18356873095035553,0.5750299797495432,0.156638049203564,0.9901340007781982
33,1,7,0.6659873723983765,0.18786706030368805,0.6614493912617563,0.16072531412903526,0.9959211945533752
33,1,8,0.6153357028961182,0.1864769458770752,0.609294838294056,0.16047890549423544,0.9927838444709778
33,1,9,0.6056007146835327,0.23690368235111237,0.6002562651761534,0.20881209647286764,0.997802734375
33,1,10,0.5837021470069885,0.2361578792333603,0.5771479195426982,0.20867894842258633,0.9952888488769531
33,1,11,0.8341646790504456,0.33173900842666626,0.8326663588535166,0.30360073104971286,0.997748076915741
33,1,12,0.5255417227745056,0.31232476234436035,0.5168513565022008,0.28665300337872246,0.9983171820640564
33,1,13,0.9006677269935608,0.5684366822242737,0.9050002959367146,0.5277495471211454,0.9799663424491882
33,1,14,0.3084791898727417,0.2810990512371063,0.29521190462275265,0.26089741601339833,0.9971659183502197
33,1,15,0.947807252407074,0.7770715355873108,0.9512392314272707,0.7323948490421899,0.9319984316825867
33,1,16,0.1170697882771492,0.16739414632320404,0.10418114931226109,0.15156504988086425,0.9934369921684265
33,1,17,0.9678849577903748,0.8321441411972046,0.9720935420526867,0.7940625547259598,0.8679053783416748
33,1,18,0.06811710447072983,0.114287830889225,0.05661354715159182,0.1044238772270759,0.9759318232536316
33,1,19,0.958921492099762,0.8383685350418091,0.9599866980033794,0.8000090282242867,0.8904473781585693
33,1,20,0.0726938471198082,0.09631474316120148,0.06049980300668778,0.0861557646042215,0.9803274869918823
33,1,21,0.9448883533477783,0.8199411034584045,0.9452782573640693,0.7803172484556078,0.9036813974380493
33,1,22,0.08783309161663055,0.11464837193489075,0.07558562858328473,0.1029125065059636,0.9836472868919373
33,1,23,0.7562909722328186,0.7644599080085754,0.7520167812038188,0.736771484051547,0.9707818031311035
33,1,24,0.5739649534225464,0.7519019246101379,0.5703058138348395,0.7335621505917335,0.9850450754165649
33,1,25,0.7624496221542358,1.0505602359771729,0.7701408166574231,1.0218711867238035,0.6849737763404846
33,1,26,0.5897159576416016,1.1084543466567993,0.5908819850795656,1.0764507065828937,0.7377814054489136
33,1,27,0.7614854574203491,1.3455965518951416,0.7741546757023664,1.3211252028866216,0.14423829317092896
33,1,28,0.6002324223518372,1.3625797033309937,0.6007505699272512,1.3410879699000136,0.1516747921705246
33,1,29,0.7612919211387634,1.3765182495117188,0.7708371466017431,1.3518322831015122,0.12584301829338074
33,1,30,0.602795422077179,1.391212821006775,0.6056158631682463,1.3687014145007264,0.06911800801753998
33,1,31,0.7366437315940857,1.4445582628250122,0.7686203864106853,1.4220605247457394,0.08051884919404984
33,1,32,0.6104412078857422,1.4632861614227295,0.6124387871855309,1.4446264892116065,0.07007264345884323
34,1,0,0.5844004154205322,0.2241963893175125,0.575877134846257,0.19270409332795652,0.996882975101471
34,1,1,0.6050665974617004,0.1925647258758545,0.598190188223483,0.162166129953048,0.9938692450523376
34,1,2,0.6145170331001282,0.19128882884979248,0.6076669297108538,0.1607964419520904,0.9944877624511719
34,1,3,0.6242536902427673,0.19015996158123016,0.6173812086972922,0.1597021752970455,0.9941196441650391
34,1,4,0.5882200002670288,0.19337864220142365,0.5811804789984653,0.16375634270847092,0.9913325309753418
34,1,5,0.5857635140419006,0.19270017743110657,0.5787024915410875,0.16327470986335157,0.991601824760437
34,1,6,0.5835589170455933,0.191968634724617,0.5765073207174376,0.16276277488167543,0.9904902577400208
34,1,7,0.6708009243011475,0.1949356496334076,0.663069258302305,0.16665563954377977,0.9960546493530273
34,1,8,0.6194443106651306,0.19439594447612762,0.6110529661226399,0.16635833639579506,0.9930889010429382
34,1,9,0.6103150844573975,0.24649259448051453,0.6019986849733266,0.21534465109191167,0.9978758692741394
34,1,10,0.5889427661895752,0.24482987821102142,0.5791911660086803,0.21494603861024877,0.9954157471656799
34,1,11,0.8375263214111328,0.33953243494033813,0.8335080850250959,0.30982977432695996,0.9978366494178772
34,1,12,0.5291728973388672,0.31927645206451416,0.5189858771486553,0.29230797301397143,0.998377799987793
34,1,13,0.89930260181427,0.5782124996185303,0.9040134529156122,0.5365015172379574,0.9795256853103638
34,1,14,0.3087221086025238,0.2911517918109894,0.29755242699286155,0.26614135348501944,0.9973254203796387
34,1,15,0.9450275301933289,0.7922011613845825,0.9501633455698006,0.7427701771116245,0.9325539469718933
34,1,16,0.1170557290315628,0.16699953377246857,0.10641151306395244,0.1542390886307369,0.9939635396003723
34,1,17,0.9663568139076233,0.8475177884101868,0.9710999371760389,0.8033343150977599,0.8662241697311401
34,1,18,0.06750179827213287,0.11450327187776566,0.05849969123062392,0.10616985987784623,0.9774115681648254
34,1,19,0.9568462371826172,0.8521210551261902,0.9594428107629221,0.809047446860065,0.8899124264717102
34,1,20,0.07206584513187408,0.09657461941242218,0.06250340001118714,0.08796056779046867,0.9815491437911987
34,1,21,0.9428558945655823,0.8330557346343994,0.9448587445121791,0.7894644936948949,0.9047099351882935
34,1,22,0.08775607496500015,0.11463309824466705,0.07769396527365546,0.10494288235821775,0.9847201108932495
34,1,23,0.7593422532081604,0.7716708183288574,0.7532856178658777,0.7428213689902972,0.9721973538398743
34,1,24,0.5764322876930237,0.7578619718551636,0.5713669351882312,0.737773242721229,0.9858322739601135
34,1,25,0.7517268061637878,1.097524881362915,0.7669502838156231,1.0350019896905198,0.6252148747444153
34,1,26,0.5896846055984497,1.0745984315872192,0.5906746265456676,1.0761299292080406,0.6739577651023865
34,1,27,0.7587483525276184,1.3619180917739868,0.771485515774976,1.328198000738517,0.13011008501052856
34,1,28,0.5924960374832153,1.370751142501831,0.5993207718836956,1.3462293448943004,0.13676932454109192
34,1,29,0.763591468334198,1.4001002311706543,0.7695821339070384,1.3602030077252283,0.11386586725711823
34,1,30,0.5930749177932739,1.4055471420288086,0.6034433198426791,1.3750890845632564,0.06234924867749214
34,1,31,0.7276270985603333,1.4574686288833618,0.7615127996824598,1.4281986988871072,0.07267966121435165
34,1,32,0.6034290194511414,1.4719843864440918,0.6108781366493806,1.449367973316633,0.06322329491376877
35,1,0,0.5851226449012756,0.2237129658460617,0.5774786315752477,0.19807893227677587,0.9970568418502808
35,1,1,0.6069380640983582,0.1924084573984146,0.5997054626403038,0.1674079811816061,0.9941926002502441
35,1,2,0.6170703172683716,0.19183437526226044,0.6092957815070966,0.16617632276360544,0.9948281049728394
35,1,3,0.6277073621749878,0.19143500924110413,0.6191699513200082,0.16520261974657924,0.9944428205490112
35,1,4,0.5885559916496277,0.19206814467906952,0.5824579850849242,0.16866329471119326,0.9918316006660461
35,1,5,0.5855823755264282,0.19121798872947693,0.57989413246921,0.16811773652168358,0.9921540021896362
35,1,6,0.5829758048057556,0.19024758040905,0.5776276906380897,0.16752627506509257,0.9910879135131836
35,1,7,0.6735323071479797,0.19862140715122223,0.6648817220275095,0.17219649835985934,0.9962515234947205
35,1,8,0.6171355247497559,0.19389168918132782,0.6121064798563391,0.17113025724283415,0.9935734868049622
35,1,9,0.6104252934455872,0.24869710206985474,0.6034582965764675,0.22112611451798023,0.9979256391525269
35,1,10,0.5877199172973633,0.24570922553539276,0.5806684748031015,0.22027825270984455,0.9955658316612244
35,1,11,0.8293989300727844,0.347215473651886,0.8327964117744266,0.3163111627949775,0.9977521300315857
35,1,12,0.5251924395561218,0.3228814899921417,0.5200608726624739,0.2976072803544234,0.9983912110328674
35,1,13,0.8937044143676758,0.5858026146888733,0.9022276756454671,0.545051686498665,0.9798224568367004
35,1,14,0.3060057461261749,0.29807618260383606,0.29901666661068194,0.2716768410223703,0.9975236654281616
35,1,15,0.9325343370437622,0.7944916486740112,0.9471088989856303,0.7517407574587777,0.9347048997879028
35,1,16,0.11603160947561264,0.16971208155155182,0.10807791429499343,0.15691980269464423,0.9945051670074463
35,1,17,0.9448918700218201,0.8562648892402649,0.9665578907471571,0.8125149324285562,0.8694860935211182
35,1,18,0.06811182200908661,0.1161324754357338,0.0601647123125909,0.10789560807775364,0.979253351688385
35,1,19,0.9400320649147034,0.8593254685401917,0.9560794761675235,0.8177672947219113,0.8929393887519836
35,1,20,0.07241321355104446,0.09949417412281036,0.06422000137454825,0.08995854096245519,0.983056366443634
35,1,21,0.9228843450546265,0.8358813524246216,0.941050908060577,0.797513757689941,0.9081987142562866
35,1,22,0.08778626471757889,0.11805269122123718,0.07944218675877673,0.1072140097824714,0.9859857559204102
35,1,23,0.7523874640464783,0.780213475227356,0.7531300797235175,0.7493038680974723,0.9743924140930176
35,1,24,0.5688053965568542,0.7644047737121582,0.5709233175513344,0.7423887373000232,0.9870169758796692
35,1,25,0.7411978840827942,1.1020381450653076,0.7624872693115543,1.0466340964277412,0.6252140998840332
35,1,26,0.5737136602401733,1.1097649335861206,0.5877359860299725,1.0819604208230291,0.6688161492347717
35,1,27,0.7467554807662964,1.361790657043457,0.7671998136038485,1.3340211423511723,0.11989390850067139
35,1,28,0.5854287147521973,1.3740131855010986,0.5969140695976861,1.3510447129866283,0.12547756731510162
35,1,29,0.7508138418197632,1.3986623287200928,0.7663301812568278,1.366870739521475,0.10551128536462784
35,1,30,0.5866416692733765,1.4064295291900635,0.6005322961849321,1.3805214475393668,0.05718621611595154
35,1,31,0.7214220762252808,1.4584975242614746,0.7545618901166915,1.4334503488961408,0.06663834303617477
35,1,32,0.5989964008331299,1.4752283096313477,0.6088198329300921,1.4538497091801699,0.05770369991660118
36,1,0,0.6072474718093872,0.22077032923698425,0.5826383366863424,0.20201110175244008,0.9968575835227966
36,1,1,0.630926251411438,0.18617524206638336,0.6051170636253413,0.1706597576287855,0.9937770366668701
36,1,2,0.6422305703163147,0.18570221960544586,0.6150047695248598,0.16955962413651388,0.9944321513175964
36,1,3,0.6544780731201172,0.18513396382331848,0.625290774206087,0.1686562160955714,0.9940340518951416
36,1,4,0.6105894446372986,0.18500946462154388,0.587333650222194,0.1714953660987424,0.9912224411964417
36,1,5,0.6074010729789734,0.18351851403713226,0.5846614683145204,0.17078593725169094,0.9915286302566528
36,1,6,0.6045888662338257,0.18196094036102295,0.5823003612356358,0.17002702325246338,0.9904265403747559
36,1,7,0.6947134733200073,0.1926453411579132,0.6700523410028159,0.17573981910421227,0.9959924221038818
36,1,8,0.6300302743911743,0.18699237704277039,0.6152120289852915,0.17387842400577588,0.9930343627929688
36,1,9,0.6337154507637024,0.2522015869617462,0.6087027159414057,0.22651250818969182,0.9978389143943787
36,1,10,0.6067554354667664,0.248277947306633,0.5851895156749195,0.22513106522890564,0.9953710436820984
36,1,11,0.8395429253578186,0.36114951968193054,0.8339649473525516,0.324086324518239,0.997639000415802
36,1,12,0.5259580016136169,0.3179246783256531,0.5210822638539605,0.30112781018922574,0.998240053653717
36,1,13,0.9113929271697998,0.6022395491600037,0.903815265963635,0.5549719867761481,0.9801676869392395
36,1,14,0.3016728460788727,0.29075607657432556,0.29947667591321864,0.27498270220666265,0.9976094961166382
36,1,15,0.9497197270393372,0.8183188438415527,0.9475610533741825,0.7632932202850131,0.9369024634361267
36,1,16,0.10524488240480423,0.17292098701000214,0.10758727442770363,0.15969207094915086,0.9948485493659973
36,1,17,0.9659305810928345,0.888586163520813,0.9664492570082508,0.8257183755253644,0.8724681735038757
36,1,18,0.05646924301981926,0.1209038570523262,0.059524694272066886,0.1101491349363945,0.9802161455154419
36,1,19,0.9513483643531799,0.8955733180046082,0.9552600695062814,0.8312725419973795,0.8955270648002625
36,1,20,0.06117184832692146,0.10247699171304703,0.06369210227711776,0.09212718396158509,0.9838331937789917
36,1,21,0.9365512132644653,0.8708395957946777,0.9402715872046755,0.8102396436860684,0.910516083240509
36,1,22,0.07940673828125,0.12045643478631973,0.07943604811516254,0.10950812109765225,0.9866130948066711
36,1,23,0.7544217705726624,0.8026221990585327,0.7533537714461812,0.7585518446030567,0.974841296672821
36,1,24,0.5589860081672668,0.7801702618598938,0.5688553832223957,0.7489388236745584,0.9873180389404297
36,1,25,0.7310419082641602,1.1295454502105713,0.7570367049780339,1.0610277192756317,0.638800859451294
36,1,26,0.5551525950431824,1.1384729146957397,0.582087969493828,1.0917633610338868,0.6779288649559021
36,1,27,0.7275491952896118,1.3679373264312744,0.7603253023018414,1.3399004238124563,0.12110050022602081
36,1,28,0.568497359752655,1.3864434957504272,0.5919889235146781,1.357181271403883,0.12598538398742676
36,1,29,0.7247492074966431,1.3978140354156494,0.7591205732179114,1.3722342006377006,0.10732480138540268
36,1,30,0.5742943286895752,1.4201817512512207,0.5959850642425983,1.3873976424579124,0.057616204023361206
36,1,31,0.7103893756866455,1.4763100147247314,0.7469023420456219,1.4408819531676023,0.06653543561697006
36,1,32,0.5659006834030151,1.4892619848251343,0.6013779040426862,1.4599886086494265,0.05665813013911247
37,1,0,0.5939114093780518,0.20486947894096375,0.5845911647845917,0.20250613190819136,0.9965023398399353
37,1,1,0.6195864677429199,0.17184604704380035,0.607623831220057,0.1708651956978294,0.9932299256324768
37,1,2,0.6310514807701111,0.17082077264785767,0.6177849312194695,0.1697780265760322,0.9938929080963135
37,1,3,0.6435235738754272,0.1698950082063675,0.6284498926991954,0.16887074677002217,0.9935256838798523
37,1,4,0.5996636748313904,0.17236781120300293,0.5894696413053412,0.17164645211374924,0.9902943968772888
37,1,5,0.5971068739891052,0.1713818907737732,0.5868174548945885,0.17088914087287554,0.9904276728630066
37,1,6,0.5951617360115051,0.17027632892131805,0.5845284362912404,0.17007019604800075,0.9891929030418396
37,1,7,0.684415876865387,0.17816123366355896,0.6725407594112498,0.17615916804521536,0.9957542419433594
37,1,8,0.6186689734458923,0.17382562160491943,0.615810732818637,0.17386928016761763,0.9921226501464844
37,1,9,0.6204087138175964,0.234281525015831,0.6107305658188102,0.22785818981176997,0.9977743029594421
37,1,10,0.5967649221420288,0.2321634143590927,0.5871947350644267,0.22634912062252152,0.9951680302619934
37,1,11,0.8330984115600586,0.3509165346622467,0.833814884814941,0.3287362832348288,0.99769127368927
37,1,12,0.5103625655174255,0.30817073583602905,0.5192253277736777,0.30234769768876363,0.9981374144554138
37,1,13,0.9054449200630188,0.5953495502471924,0.9040974881316634,0.5619726972312378,0.9807979464530945
37,1,14,0.2832474708557129,0.27576524019241333,0.2966648817803287,0.27511821810430154,0.997609555721283
37,1,15,0.9450319409370422,0.8046685457229614,0.9471230517876127,0.7704671403279196,0.9396017789840698
37,1,16,0.08803297579288483,0.16276374459266663,0.10419905225420978,0.16022404381228586,0.9950224757194519
37,1,17,0.9595911502838135,0.8818904161453247,0.9652613886084254,0.835462170435103,0.8772144913673401
37,1,18,0.03952408209443092,0.11572764068841934,0.05605909185437969,0.11111533014219857,0.9806779623031616
37,1,19,0.9503812193870544,0.8835026621818542,0.9544150715127218,0.8403314867287924,0.8994972109794617
37,1,20,0.04519201070070267,0.09526155143976212,0.06048664689981845,0.09267001537515315,0.9841941595077515
37,1,21,0.9343199729919434,0.8616392016410828,0.9392407574021898,0.8191543099799975,0.9138299822807312
37,1,22,0.0653824433684349,0.11346591264009476,0.07700134738839355,0.11019357579745302,0.9868719577789307
37,1,23,0.736298680305481,0.8039003014564514,0.7503988146394731,0.7664155815938213,0.9752284288406372
37,1,24,0.5427717566490173,0.7843894362449646,0.5643349208449723,0.7550843768225688,0.9870894551277161
37,1,25,0.7248318195343018,1.1532291173934937,0.7514543608776605,1.0770385843491161,0.6542854905128479
37,1,26,0.5396389961242676,1.1446465253829956,0.5747276686990909,1.100935744223091,0.6868190765380859
37,1,27,0.7128170728683472,1.3528167009353638,0.7520865162468335,1.3421380148135484,0.12501788139343262
37,1,28,0.557768702507019,1.3615542650222778,0.5860568862379747,1.357938645828313,0.12450893968343735
37,1,29,0.7068231701850891,1.3766964673995972,0.750049954858864,1.3730070388150208,0.11166489869356155
37,1,30,0.5667513608932495,1.388129472732544,0.5909181929792274,1.3875243769050027,0.05929699167609215
37,1,31,0.7015150785446167,1.4698705673217773,0.739031867103821,1.445906310138664,0.06806129962205887
37,1,32,0.5500066876411438,1.4664053916931152,0.5924681742645607,1.4611000224915733,0.05599278211593628
38,1,0,0.583860456943512,0.17604705691337585,0.5844646248217077,0.1979205530689704,0.9965229630470276
38,1,1,0.6100497841835022,0.14478300511837006,0.6080439659566338,0.16634498510091061,0.9934542775154114
38,1,2,0.6197254061698914,0.14427891373634338,0.618120984334879,0.16535894453397532,0.9940728545188904
38,1,3,0.6303039193153381,0.1439707726240158,0.6287709737944339,0.16455557518130565,0.9938130974769592
38,1,4,0.5952412486076355,0.14482899010181427,0.5904692882796652,0.16699871150647605,0.9904877543449402
38,1,5,0.5946369171142578,0.14411477744579315,0.5881718753364905,0.16624887568904176,0.9905019998550415
38,1,6,0.5948085188865662,0.14340326189994812,0.5863091960667861,0.1654485643339511,0.9894184470176697
38,1,7,0.6788290143013,0.1568029671907425,0.673629907105563,0.17280529225436642,0.9958924651145935
38,1,8,0.6247442960739136,0.15360622107982635,0.6173581800406318,0.1703581759229411,0.9922512173652649
38,1,9,0.609345018863678,0.20514662563800812,0.6104906196984508,0.2239225292113776,0.9978207945823669
38,1,10,0.5903806090354919,0.20450936257839203,0.5877464880791137,0.22256463320632158,0.9951959252357483
38,1,11,0.8360344767570496,0.33838751912117004,0.8341992787984496,0.3304080811368293,0.9976787567138672
38,1,12,0.5093513131141663,0.3002155125141144,0.5175149299651474,0.3019784421616756,0.9979547262191772
38,1,13,0.9086958169937134,0.5794230103492737,0.9048938940679986,0.5649961708936508,0.9809262156486511
38,1,14,0.27884694933891296,0.26789677143096924,0.29357768482180985,0.2738674037892601,0.9976475238800049
38,1,15,0.9481715559959412,0.7945073843002319,0.9473046277191175,0.7746332231478652,0.9418767690658569
38,1,16,0.07847274094820023,0.15751442313194275,0.09974056309724705,0.15975477847543734,0.9953227043151855
38,1,17,0.9637591242790222,0.8667194247245789,0.9650012286186567,0.8408801091308712,0.8824502229690552
38,1,18,0.0317096970975399,0.11345808207988739,0.05183940332119018,0.11152105452377273,0.9817458391189575
38,1,19,0.9542389512062073,0.8677181601524353,0.954384572468816,0.845077970945861,0.9037627577781677
38,1,20,0.03643099591135979,0.09106522053480148,0.056317900344768586,0.09239209831446822,0.9850818514823914
38,1,21,0.9368613362312317,0.8454822301864624,0.9388286818261498,0.8237171521730806,0.9176989197731018
38,1,22,0.05644671246409416,0.11040455102920532,0.07343968725074033,0.1102301107412894,0.9876061081886292
38,1,23,0.740362823009491,0.8031739592552185,0.7486603502582736,0.7727880970291903,0.9764497876167297
38,1,24,0.5409988760948181,0.7825705409049988,0.5602909656166177,0.7598481114203988,0.9877209663391113
38,1,25,0.7210364937782288,1.1625123023986816,0.7461820580508212,1.0918782028990737,0.6575002074241638
38,1,26,0.5325243473052979,1.1371676921844482,0.5674100140831543,1.1072168993059022,0.6908371448516846
38,1,27,0.702527642250061,1.365085482597351,0.7434915800119106,1.3461145879842682,0.1196245402097702
38,1,28,0.5419234037399292,1.3740330934524536,0.5784041179287898,1.3607270827657265,0.12063243985176086
38,1,29,0.6984717845916748,1.388880729675293,0.7411042721135757,1.3757572108088927,0.10740199685096741
38,1,30,0.5505113005638123,1.4031320810317993,0.5839124012571659,1.3902284440176567,0.05830344185233116
38,1,31,0.6783033609390259,1.4810993671417236,0.7284962616639,1.452007168595466,0.06476586312055588
38,1,32,0.5288762450218201,1.4786375761032104,0.5814348588107678,1.4641386157624385,0.053849127143621445
39,1,0,0.5755426287651062,0.16447019577026367,0.5829191820844263,0.19212210805808977,0.9966992139816284
39,1,1,0.6019554734230042,0.13224677741527557,0.6069894244619202,0.16043412349050243,0.9938705563545227
39,1,2,0.6109747886657715,0.1315847486257553,0.6168832067920915,0.1595043068172933,0.9944252967834473
39,1,3,0.6204960942268372,0.1311991661787033,0.6273376506978626,0.15877343196248878,0.9942291378974915
39,1,4,0.5888043642044067,0.1325906664133072,0.5901809577810206,0.16103408449330017,0.9910756945610046
39,1,5,0.5889734625816345,0.13201577961444855,0.5883106901391413,0.1603146072136039,0.9910459518432617
39,1,6,0.5900256037712097,0.1315954178571701,0.5869528410604686,0.15958022663034982,0.9901093244552612
39,1,7,0.674832284450531,0.1438947170972824,0.6738381312136656,0.16779447809929715,0.9961445927619934
39,1,8,0.6268804669380188,0.1432730108499527,0.6190076335377923,0.165664001033789,0.992755115032196
39,1,9,0.6008848547935486,0.19454385340213776,0.608826702278964,0.21883051198807354,0.9979525208473206
39,1,10,0.5843017101287842,0.19358442723751068,0.5871498916866658,0.21754174011790323,0.9954988956451416
39,1,11,0.8393746614456177,0.32247042655944824,0.8350956429931461,0.32903318473959015,0.9977023601531982
39,1,12,0.5115683674812317,0.28812623023986816,0.5164849753465484,0.2995786466065421,0.997933030128479
39,1,13,0.9077574014663696,0.5703920125961304,0.9053898123609705,0.5659307255951139,0.9807477593421936
39,1,14,0.2805595099925995,0.26158520579338074,0.2913224357238221,0.27173970174781464,0.9976797699928284
39,1,15,0.9540594220161438,0.7869000434875488,0.9484745977653802,0.7767582641309071,0.9411592483520508
39,1,16,0.07647747546434402,0.15467599034309387,0.09570925984744713,0.15887514655016632,0.9956110119819641
39,1,17,0.9654677510261536,0.8554860949516296,0.96508201776159,0.8434105536440871,0.8821665048599243
39,1,18,0.032827433198690414,0.11067474633455276,0.04854520485478874,0.11137449492618892,0.9827919602394104
39,1,19,0.9542186260223389,0.8575223088264465,0.9543558352581778,0.8472337760364681,0.903656005859375
39,1,20,0.037518735975027084,0.08894328027963638,0.053060595594497655,0.09179480177277036,0.9859560132026672
39,1,21,0.9414297342300415,0.8364340662956238,0.9392791431507747,0.8259201950394197,0.918165385723114
39,1,22,0.05603846162557602,0.10841324925422668,0.07042472806168731,0.10991546619555667,0.9883148074150085
39,1,23,0.7423955202102661,0.802558958530426,0.7475752607217627,0.7779481582829141,0.9775444865226746
39,1,24,0.5443857908248901,0.7818069458007812,0.5575353374824099,0.7636532511797578,0.9882356524467468
39,1,25,0.7139611840248108,1.168131947517395,0.7405969387794784,1.105113434938797,0.655606746673584
39,1,26,0.5293393731117249,1.1245577335357666,0.5608097444530901,1.1102213936884795,0.6874579191207886
39,1,27,0.6986127495765686,1.3794355392456055,0.7357093890231583,1.3518905841411901,0.11456827819347382
39,1,28,0.5328476428985596,1.3879724740982056,0.5705042626358198,1.3654490532257566,0.1195773184299469
39,1,29,0.6977707147598267,1.403833270072937,0.7335903863788555,1.38062326851917,0.10394103825092316
39,1,30,0.5397797226905823,1.4207072257995605,0.5762597712712536,1.395511315265105,0.05915829911828041
39,1,31,0.6622323989868164,1.4938647747039795,0.716998430950907,1.4592648059973619,0.06155769154429436
39,1,32,0.5183863639831543,1.4928085803985596,0.5704960027996352,1.4691076951863289,0.052546121180057526
40,1,0,0.5771470069885254,0.16059447824954987,0.5819194369854751,0.1866572719948983,0.9967532157897949
40,1,1,0.6018149852752686,0.12771166861057281,0.6060932237951367,0.15476197899242855,0.9940230846405029
40,1,2,0.6105971932411194,0.12687522172927856,0.6157944477003197,0.1538483630855854,0.9945353865623474
40,1,3,0.6199368834495544,0.12623915076255798,0.6260557695176128,0.15313393773126457,0.9943987727165222
40,1,4,0.5882292985916138,0.12793661653995514,0.5898429677555898,0.15529687008060142,0.9913055896759033
40,1,5,0.5878980755805969,0.12720654904842377,0.5882392364998789,0.15457555524189762,0.9912272095680237
40,1,6,0.5884035229682922,0.1266697347164154,0.587204067675181,0.15387545525549248,0.9903987050056458
40,1,7,0.6756619811058044,0.13615131378173828,0.674153985970415,0.1623095972427512,0.9962407946586609
40,1,8,0.6261329650878906,0.13637983798980713,0.6202417967660169,0.16058837804463622,0.9929686188697815
40,1,9,0.6022018194198608,0.19012202322483063,0.6076792381381138,0.2138547530274832,0.998008131980896
40,1,10,0.5853644013404846,0.1892169862985611,0.5868406804690114,0.2126325465862582,0.9956315755844116
40,1,11,0.8430433869361877,0.3142240643501282,0.8364722884208902,0.3264675384107359,0.9976728558540344
40,1,12,0.5133479833602905,0.27272722125053406,0.5159416889470809,0.29492501383363157,0.9979154467582703
40,1,13,0.9043659567832947,0.5655344724655151,0.9052125050844794,0.5658621054181453,0.980509340763092
40,1,14,0.2820604741573334,0.25385618209838867,0.28971808846756164,0.2686411351408035,0.9976977705955505
40,1,15,0.9490336179733276,0.7818992137908936,0.9485714053172742,0.7776486649019126,0.9401656985282898
40,1,16,0.07512379437685013,0.15219272673130035,0.09214225332260095,0.15771771434625026,0.9958211779594421
40,1,17,0.9585442543029785,0.8516688346862793,0.9639496458797118,0.8448410034589914,0.8810288906097412
40,1,18,0.032778311520814896,0.10980232805013657,0.04581354609756298,0.11110222867935761,0.9834941029548645
40,1,19,0.947212278842926,0.8552274107933044,0.953118514691743,0.8486183742968311,0.9029349088668823
40,1,20,0.037095893174409866,0.0887380987405777,0.0502946494886952,0.09126542143187631,0.9865634441375732
40,1,21,0.9369481801986694,0.8341005444526672,0.9388754603146776,0.8273371424572605,0.9178040623664856
40,1,22,0.053677961230278015,0.10814621299505234,0.0675232181674933,0.10960906692846854,0.9888065457344055
40,1,23,0.7393208146095276,0.7972387075424194,0.7461454775190584,0.7812906574820339,0.9781500697135925
40,1,24,0.5437638163566589,0.7772833704948425,0.5551495253864417,0.7660145573287754,0.988528311252594
40,1,25,0.7045297622680664,1.1644850969314575,0.7343443845212569,1.1154132602658515,0.6580265164375305
40,1,26,0.5196381211280823,1.128159523010254,0.5536711952964374,1.113329431353995,0.6863804459571838
40,1,27,0.6878186464309692,1.3897483348846436,0.7274041670145693,1.3584539029663731,0.11178959161043167
40,1,28,0.5203431844711304,1.3997869491577148,0.5618047285900395,1.3714015122116785,0.11947230249643326
40,1,29,0.685917854309082,1.415788173675537,0.7253230603167827,1.386719241224433,0.10223352909088135
40,1,30,0.5273259878158569,1.43332040309906,0.567773402650249,1.402066187512346,0.059821851551532745
40,1,31,0.6537831425666809,1.5042402744293213,0.7060305740191504,1.4670637765436385,0.05964973196387291
40,1,32,0.5049107670783997,1.5050328969955444,0.5591161542119392,1.4753356096290966,0.0519973486661911
41,1,0,0.577065646648407,0.16108070313930511,0.5810787800134424,0.1822247534517509,0.9969726800918579
41,1,1,0.6016025543212891,0.12777115404605865,0.6053154663993653,0.15008416553469917,0.9944648146629333
41,1,2,0.6107314825057983,0.12673313915729523,0.614917556991683,0.14914897239578134,0.9949269890785217
41,1,3,0.6204493045806885,0.12593814730644226,0.6250847303982687,0.14842057257037514,0.9948302507400513
41,1,4,0.587071418762207,0.12837469577789307,0.5893629766648824,0.15063096404943901,0.9919577240943909
41,1,5,0.5863903164863586,0.1276775449514389,0.5879190399176971,0.1499138404832784,0.9918511509895325
41,1,6,0.5865287184715271,0.12712132930755615,0.5870871146032302,0.14923869726112085,0.9911147952079773
41,1,7,0.6754288077354431,0.13607224822044373,0.6743747562570832,0.15776247295188614,0.9965102672576904
41,1,8,0.6237523555755615,0.13545948266983032,0.6208497869716132,0.15623350184931134,0.9934957027435303
41,1,9,0.602783739566803,0.19020450115203857,0.6068313564036228,0.2097563103053525,0.9981582760810852
41,1,10,0.5848527550697327,0.18933290243148804,0.5864964094476344,0.20859490446334883,0.9959737658500671
41,1,11,0.8418645858764648,0.3067043721675873,0.8374062278578805,0.32304310477511655,0.9978013038635254
41,1,12,0.5112009048461914,0.2688051164150238,0.5151206069277876,0.29039826120452605,0.9979928731918335
41,1,13,0.9005205035209656,0.5581790804862976,0.9043998731283461,0.5645313244017299,0.9804765582084656
41,1,14,0.28214147686958313,0.25476205348968506,0.2884057422357511,0.26623668183779775,0.9977321028709412
41,1,15,0.9473695755004883,0.7823042869567871,0.9483632760499422,0.7784549960868623,0.9368029832839966
41,1,16,0.07475847750902176,0.15138694643974304,0.08913031850495642,0.15662120182968847,0.996002733707428
41,1,17,0.9606839418411255,0.8489079475402832,0.9633840659734602,0.845545366137842,0.8767513632774353
41,1,18,0.03201550990343094,0.10866840183734894,0.043423138759944406,0.11068073015284251,0.9840955138206482
41,1,19,0.9487884044647217,0.8528625965118408,0.9523685687245548,0.849353444024592,0.9004783034324646
41,1,20,0.036454033106565475,0.08786965161561966,0.04789686243206168,0.09067731327813772,0.987104058265686
41,1,21,0.9362874627113342,0.8323551416397095,0.9384272600205671,0.8282062451196418,0.915833055973053
41,1,22,0.052730150520801544,0.10743711143732071,0.06496035247553855,0.10923292314999787,0.989241361618042
41,1,23,0.7416183948516846,0.7898685336112976,0.7453614126061646,0.7827764789435345,0.9780872464179993
41,1,24,0.543245792388916,0.7720852494239807,0.5530874092415292,0.76706601584761,0.9882214665412903
41,1,25,0.7079071998596191,1.1542015075683594,0.7297625965336978,1.1221381086912876,0.6435120701789856
41,1,26,0.5209552645683289,1.12265145778656,0.5480001769004715,1.11494418747343,0.6625267863273621
41,1,27,0.6990417838096619,1.3849104642868042,0.72248843868872,1.3630390520717097,0.10524416714906693
41,1,28,0.5216187238693237,1.398404598236084,0.5548372753367833,1.3760814547549662,0.11336180567741394
41,1,29,0.6993218660354614,1.4094748497009277,0.7208168893757382,1.3906625447858958,0.09745226800441742
41,1,30,0.5274211764335632,1.430252194404602,0.560777095659039,1.40695131784866,0.056616295129060745
41,1,31,0.6655071973800659,1.5010318756103516,0.6990045481635025,1.4729520694173897,0.056086860597133636
41,1,32,0.5139631032943726,1.5045729875564575,0.5512863394383749,1.4804031204643038,0.04890767112374306
42,1,0,0.5826837420463562,0.15593530237674713,0.5813567258718352,0.17766859164956478,0.9971595406532288
42,1,1,0.6060363054275513,0.12488528341054916,0.6054402973269424,0.14571715050004802,0.9948302507400513
42,1,2,0.6148996353149414,0.12408128380775452,0.6149144534805933,0.14480471062096725,0.9952477812767029
42,1,3,0.6266677379608154,0.12361368536949158,0.6253588740292132,0.1441215417252688,0.9951770305633545
42,1,4,0.591996967792511,0.1255347728729248,0.5898191429588028,0.1462817588778581,0.9925220608711243
42,1,5,0.5912219285964966,0.12485866993665695,0.5884910603679112,0.14557174959744892,0.9924014806747437
42,1,6,0.5913083553314209,0.1243213638663292,0.5878182027311725,0.14492051161724676,0.9917439222335815
42,1,7,0.681357204914093,0.1336323618888855,0.6755841658679783,0.15358081259481998,0.9967326521873474
42,1,8,0.6282154321670532,0.13234920799732208,0.6221255836026909,0.1520944713107154,0.9939917922019958
42,1,9,0.6088791489601135,0.18428725004196167,0.6071859959688393,0.20534243772058608,0.9982870817184448
42,1,10,0.590366005897522,0.18351919949054718,0.5871665882586284,0.20424925293906832,0.9962882399559021
42,1,11,0.8421598672866821,0.29685357213020325,0.8382295366876085,0.3185042751944237,0.997883141040802
42,1,12,0.5111045837402344,0.2583899199962616,0.5144250653206516,0.28485002017237104,0.9981060028076172
42,1,13,0.9005092978477478,0.5466546416282654,0.9037260605627786,0.5614339449963158,0.9813485741615295
42,1,14,0.28430411219596863,0.2475774735212326,0.28769537238166226,0.26300364073280913,0.9978735446929932
42,1,15,0.9524645805358887,0.7776475548744202,0.9490735894463005,0.7783151676469706,0.9379701614379883
42,1,16,0.076014943420887,0.15051910281181335,0.08685822355200107,0.15556430290635676,0.9963150024414062
42,1,17,0.9709262847900391,0.8437485694885254,0.9646904535042256,0.8452341970975139,0.8794893622398376
42,1,18,0.03135070949792862,0.10988443344831467,0.041331788441487646,0.11054283154042412,0.9852449297904968
42,1,19,0.9554883241653442,0.8429219722747803,0.9529088696734485,0.8482394872190613,0.9029029011726379
42,1,20,0.036523401737213135,0.09037984162569046,0.04592663837270787,0.0906257994219905,0.9880499839782715
42,1,21,0.9414985775947571,0.8255142569541931,0.9389591713980644,0.8277400343151942,0.9184761643409729
42,1,22,0.0528777651488781,0.10825314372777939,0.06286724185038947,0.10906324899896737,0.9900351166725159
42,1,23,0.7446010112762451,0.772567093372345,0.7452297303441633,0.7810079709751055,0.9797183275222778
42,1,24,0.5412839651107788,0.7588996291160583,0.5510426725919398,0.7656514901278804,0.9890710115432739
42,1,25,0.7151901721954346,1.1370866298675537,0.7272379720426427,1.1247279277060707,0.6427106857299805
42,1,26,0.5266401171684265,1.1131296157836914,0.5442988612446049,1.1146299399111788,0.6507120132446289
42,1,27,0.704562783241272,1.385840892791748,0.719382563467194,1.3669903728852795,0.09913672506809235
42,1,28,0.527374804019928,1.3981138467788696,0.5500776477851735,1.3798993493765925,0.1082863137125969
42,1,29,0.7044331431388855,1.413020372390747,0.7179783034003971,1.3945368707536927,0.09276613593101501
42,1,30,0.5330012440681458,1.4325729608535767,0.555963110017743,1.411391656891291,0.054543182253837585
42,1,31,0.6708709597587585,1.4990066289901733,0.694128503881037,1.4774674950095756,0.0524369515478611
42,1,32,0.5155131816864014,1.502338171005249,0.545084801869749,1.4842041361878762,0.04606369137763977
43,1,0,0.5886526107788086,0.1397174745798111,0.5826204367241972,0.171089070336347,0.9973173141479492
43,1,1,0.6149089932441711,0.11116556078195572,0.6070804651162466,0.13972761070680928,0.9951382875442505
43,1,2,0.6257117390632629,0.110789455473423,0.616784834306423,0.13890823977424874,0.9955190420150757
43,1,3,0.6384130120277405,0.11089428514242172,0.6276203559130664,0.1383618050633876,0.9954831600189209
43,1,4,0.599024772644043,0.11196590214967728,0.5914137297953401,0.14033312555044608,0.9929863214492798
43,1,5,0.597893476486206,0.1116827130317688,0.590119743923774,0.13969718058017053,0.9928401112556458
43,1,6,0.597337007522583,0.1116195097565651,0.589467052873326,0.1391479787098202,0.9922739267349243
43,1,7,0.6864128708839417,0.12513932585716248,0.6774599911816483,0.14865136787481203,0.9969184994697571
43,1,8,0.6287108659744263,0.12391933053731918,0.6232661875491589,0.14721122845564039,0.9944117069244385
43,1,9,0.6159406304359436,0.1678503304719925,0.6087024414482246,0.19884258437129146,0.9983839392662048
43,1,10,0.5944799184799194,0.16870902478694916,0.5884333214665283,0.19808814988053902,0.9965333938598633
43,1,11,0.8396501541137695,0.2912525534629822,0.8384755565413888,0.3137812093593513,0.9978062510490417
43,1,12,0.5102295279502869,0.25729304552078247,0.5136984294367876,0.28007400492331913,0.998106062412262
43,1,13,0.8987105488777161,0.5388138890266418,0.9028573897813222,0.5575141521402533,0.9814550876617432
43,1,14,0.28316935896873474,0.25047263503074646,0.2869114926901347,0.26083281983130663,0.9979764819145203
43,1,15,0.9475740194320679,0.7804058194160461,0.9488138961092039,0.7786772303560582,0.9348791241645813
43,1,16,0.077023446559906,0.15094369649887085,0.085154624235781,0.15476403789431106,0.9965113401412964
43,1,17,0.9665454626083374,0.8462530970573425,0.9650117046627195,0.8454106463010201,0.8762459754943848
43,1,18,0.03203846514225006,0.11209657788276672,0.03972200709625962,0.11081190742219248,0.9860002994537354
43,1,19,0.9510621428489685,0.846552848815918,0.9525890528919354,0.8479473962696618,0.8994743227958679
43,1,20,0.036867037415504456,0.09320458024740219,0.04435735325795573,0.09107240326978698,0.9886742234230042
43,1,21,0.9327927231788635,0.82680743932724,0.9378911251155095,0.8275785317719758,0.9163268804550171
43,1,22,0.052909206598997116,0.11045532673597336,0.0611422852537575,0.10930432613981997,0.9905515313148499
43,1,23,0.7420421838760376,0.774421751499176,0.744677687704365,0.7798672054628365,0.9810411334037781
43,1,24,0.5370561480522156,0.7583678364753723,0.5486195971672077,0.7643898987738186,0.9897870421409607
43,1,25,0.7130363583564758,1.13156259059906,0.7247776168883634,1.1259117380197923,0.6497524976730347
43,1,26,0.5250095725059509,1.1112011671066284,0.5409565813220896,1.1140361160609291,0.6536378264427185
43,1,27,0.6981006264686584,1.3765878677368164,0.7156947933698015,1.3686528586838884,0.09655064344406128
43,1,28,0.5287649035453796,1.3830208778381348,0.546384535843349,1.3804399577402928,0.10672448575496674
43,1,29,0.696782648563385,1.4031684398651123,0.7143054939665648,1.396031994597023,0.09137480705976486
43,1,30,0.5357500314712524,1.4178179502487183,0.5524606661128908,1.4125047185042696,0.055704597383737564
43,1,31,0.6643835306167603,1.488968014717102,0.6889729300449735,1.4794597388249293,0.0508449524641037
43,1,32,0.5083655714988708,1.485020399093628,0.5387190758024389,1.4843454925725748,0.045196786522865295
44,1,0,0.6256282329559326,0.14469487965106964,0.5900777566468612,0.16651474070138833,0.9974499344825745
44,1,1,0.6542143225669861,0.11532936990261078,0.6152542339828806,0.13549944911506448,0.9953594207763672
44,1,2,0.6664232611656189,0.11476057022809982,0.6253935828093716,0.1347235331866671,0.9957409501075745
44,1,3,0.6798719763755798,0.11467410624027252,0.6366830189427486,0.1342568665790546,0.995701014995575
44,1,4,0.6291487812995911,0.1162051260471344,0.5979557488087995,0.13615183007718623,0.9933722615242004
44,1,5,0.6237987279891968,0.1158645749092102,0.5959578630546438,0.13556711246272105,0.9932540655136108
44,1,6,0.6188980340957642,0.1157013326883316,0.5945681467508258,0.13508484256540776,0.9926914572715759
44,1,7,0.7135123610496521,0.12696461379528046,0.6837099728518569,0.14489340754145866,0.9970428943634033
44,1,8,0.631897509098053,0.12584421038627625,0.6247612676882016,0.14350870874718316,0.9947221279144287
44,1,9,0.6493261456489563,0.17209017276763916,0.615745868661404,0.1942061226331644,0.9984592795372009
44,1,10,0.6167730689048767,0.17236772179603577,0.593345117367128,0.1936306794880461,0.9967593550682068
44,1,11,0.8402020931243896,0.2885858714580536,0.8387745576488473,0.30941480974782076,0.9979206919670105
44,1,12,0.5116943717002869,0.2582428455352783,0.5133513644013181,0.2762910051360452,0.9982261657714844
44,1,13,0.8953402042388916,0.5331685543060303,0.9015553390818306,0.5532951234761121,0.9812018871307373
44,1,14,0.2812456786632538,0.24660223722457886,0.28593017241739893,0.25836744511754434,0.9980518817901611
44,1,15,0.9585164785385132,0.7746813893318176,0.9504945893901008,0.7779851849967865,0.9263514280319214
44,1,16,0.07566260546445847,0.1489948332309723,0.08351041513437557,0.15376480715360338,0.9965808391571045
44,1,17,0.9843739867210388,0.8371798396110535,0.9683666366473977,0.8439849599110243,0.860022783279419
44,1,18,0.03148598596453667,0.11047793924808502,0.03829541605521185,0.110754073321695,0.9858640432357788
44,1,19,0.9617719650268555,0.844002902507782,0.9541797034041084,0.8472642449142855,0.888266384601593
44,1,20,0.03590596094727516,0.09171751141548157,0.042893447539913226,0.09118411925595556,0.9886787533760071
44,1,21,0.9453645348548889,0.8208775520324707,0.9391855916343265,0.8264178852652484,0.9083738327026367
44,1,22,0.05222725495696068,0.10888011008501053,0.05959804908261449,0.10923086339001799,0.9906147718429565
44,1,23,0.7358354330062866,0.7643307447433472,0.7431460609610266,0.7771754900122247,0.9796018600463867
44,1,24,0.5301896929740906,0.7490277290344238,0.5454263084706343,0.7617283927835943,0.9888553619384766
44,1,25,0.6990761160850525,1.1131947040557861,0.7203234282502173,1.12370868363877,0.5984556674957275
44,1,26,0.5167473554611206,1.0911643505096436,0.5367611978886163,1.110072674799541,0.5967488288879395
44,1,27,0.6865378022193909,1.3720043897628784,0.7106412258696783,1.3692333045501937,0.08804838359355927
44,1,28,0.5219166874885559,1.3681708574295044,0.5421443002012895,1.3783145260378147,0.09714088588953018
44,1,29,0.6906521320343018,1.4062421321868896,0.7102065078044039,1.3978006351370413,0.084055095911026
44,1,30,0.5271118879318237,1.4113768339157104,0.5480676508765052,1.4123093954038832,0.05079074203968048
44,1,31,0.6555185914039612,1.473767876625061,0.6831737822903491,1.478473907068966,0.046400006860494614
44,1,32,0.49834850430488586,1.464246392250061,0.5317195788161263,1.4808628153412104,0.041116196662187576
45,1,0,0.6424835920333862,0.14861755073070526,0.5991672113751895,0.1634138024389694,0.9972596168518066
45,1,1,0.6691116690635681,0.11889554560184479,0.6245958667933066,0.13262270268246765,0.9949893355369568
45,1,2,0.681157648563385,0.11831651628017426,0.6350664765228585,0.1318809156385132,0.9953667521476746
45,1,3,0.6940996050834656,0.11813855916261673,0.6466430548311024,0.13146429401800233,0.9953534007072449
45,1,4,0.6436348557472229,0.11960470676422119,0.6058768963908671,0.13328492609559775,0.9930931925773621
45,1,5,0.6381961703300476,0.11925254762172699,0.6032815899226343,0.1327405206210295,0.9929662346839905
45,1,6,0.6332249045372009,0.11903408914804459,0.601270145687395,0.13230397964027682,0.9924518465995789
45,1,7,0.7205420732498169,0.12903207540512085,0.6900952780478617,0.14214537862202692,0.9967009425163269
45,1,8,0.6398095488548279,0.12745366990566254,0.6273683685193612,0.14072710332817515,0.9944708347320557
45,1,9,0.6688613891601562,0.17625240981578827,0.6249586095883948,0.1910953859286466,0.998336672782898
45,1,10,0.6335009336471558,0.17643602192401886,0.6003073241971256,0.19065152793597426,0.9966542720794678
45,1,11,0.8545700907707214,0.2908511459827423,0.8415111805149962,0.30619833229590343,0.9976800680160522
45,1,12,0.5241611003875732,0.2603871524333954,0.5152239025390519,0.2735356058861113,0.9981673955917358
45,1,13,0.9067692160606384,0.5348918437957764,0.9024583714178454,0.5501064518070742,0.9805759787559509
45,1,14,0.28958582878112793,0.24856391549110413,0.28656329462123753,0.2566692603100365,0.9981223344802856
45,1,15,0.9762312173843384,0.7785788178443909,0.9549548681217298,0.7780879867131413,0.9209398031234741
45,1,16,0.07789254933595657,0.14937901496887207,0.08253740079784626,0.15300521613352747,0.9967054128646851
45,1,17,1.0094751119613647,0.8386192321777344,0.9754942180096923,0.8430556236315659,0.8501302599906921
45,1,18,0.03176392614841461,0.11044967174530029,0.03716413101299819,0.11070135939111754,0.9860242009162903
45,1,19,1.0007786750793457,0.8507561087608337,0.9622605841796369,0.8478689973272742,0.8804455995559692
45,1,20,0.03609452769160271,0.0913311317563057,0.04171583290980914,0.0912095776247126,0.9888679385185242
45,1,21,0.9726721048355103,0.8280526399612427,0.9449903127416119,0.8267009909817006,0.9026011824607849
45,1,22,0.052361320704221725,0.10882750153541565,0.058344586831561844,0.10916101206977889,0.9907865524291992
45,1,23,0.7426585555076599,0.7651036977767944,0.7430616380501227,0.7750842511246195,0.9797038435935974
45,1,24,0.5459902286529541,0.7509536147117615,0.5455239645716315,0.7598619125844859,0.9890369176864624
45,1,25,0.6986645460128784,1.1194512844085693,0.7165702997762566,1.1229713338949219,0.5987842679023743
45,1,26,0.5179691314697266,1.1029675006866455,0.5335051213544918,1.1088420043213505,0.5826016664505005
45,1,27,0.6864051818847656,1.375348448753357,0.7064411909579339,1.3702924636790712,0.0844867005944252
45,1,28,0.5206891894340515,1.3693128824234009,0.5384265034754536,1.376755283596238,0.09206488728523254
45,1,29,0.6885021328926086,1.4092686176300049,0.7064454898936456,1.3997872395200925,0.08113011717796326
45,1,30,0.524827241897583,1.4117456674575806,0.5440402772715307,1.4122117726202041,0.04881339892745018
45,1,31,0.6539254188537598,1.477161169052124,0.6781043608346148,1.4782465704608436,0.044478826224803925
45,1,32,0.5024623274803162,1.469614863395691,0.5266486147888719,1.4789143413272596,0.03883666917681694
46,1,0,0.6373207569122314,0.148573100566864,0.6057818708557371,0.16084267965747892,0.9969947338104248
46,1,1,0.663082480430603,0.1185135617852211,0.6312683373726587,0.1301783752348194,0.9942882061004639
46,1,2,0.6746935248374939,0.11828096210956573,0.6419369013136028,0.12952483805177814,0.9948164820671082
46,1,3,0.6871875524520874,0.11834179610013962,0.6536727384842811,0.12919096425601523,0.9947365522384644
46,1,4,0.6393970251083374,0.11994874477386475,0.6116874536991332,0.13097456309783687,0.992343008518219
46,1,5,0.6348057985305786,0.11957400292158127,0.608745835888804,0.13045956183162366,0.9923518896102905
46,1,6,0.6305491924285889,0.11934102326631546,0.6063448841726492,0.13005829944187183,0.9916732311248779
46,1,7,0.7178609371185303,0.12955313920974731,0.6949074928135629,0.13996394529438264,0.996248185634613
46,1,8,0.640166163444519,0.1297890841960907,0.6295854248015487,0.1388323352620192,0.9938806295394897
46,1,9,0.6649788618087769,0.1767343133687973,0.631897287711057,0.1886073939936415,0.9981639385223389
46,1,10,0.6321018934249878,0.17719557881355286,0.6058184774272928,0.18832040806691627,0.9964674115180969
46,1,11,0.8619304299354553,0.29101860523223877,0.8450493675385639,0.30356844801110666,0.9975713491439819
46,1,12,0.5328644514083862,0.26090380549430847,0.5182803492837486,0.27134731657096056,0.9981085658073425
46,1,13,0.9102883338928223,0.5346350073814392,0.9038146108287926,0.5474260048173503,0.9800523519515991
46,1,14,0.2951344847679138,0.2475886195898056,0.28804795625617513,0.2550963297742116,0.998145580291748
46,1,15,0.9849885702133179,0.7759748697280884,0.9601605223218695,0.7777220336333535,0.9135182499885559
46,1,16,0.08573608100414276,0.14871108531951904,0.08309137175353383,0.15226150233408509,0.9966498017311096
46,1,17,1.0232480764389038,0.834799587726593,0.9837756608716809,0.8416255657624955,0.8343824744224548
46,1,18,0.03811768814921379,0.10989033430814743,0.03732926390807959,0.11056091015119711,0.9851597547531128
46,1,19,1.003379464149475,0.8502193093299866,0.9693899740167529,0.8482760315064208,0.8686017394065857
46,1,20,0.04223824664950371,0.09087830036878586,0.04180630108675426,0.09115220952458547,0.9883150458335876
46,1,21,0.9799708724021912,0.8284752368927002,0.9510542924822862,0.8270082549525125,0.8940637111663818
46,1,22,0.05908145755529404,0.10826991498470306,0.05847219408166436,0.10900669599266631,0.9903824329376221
46,1,23,0.747071385383606,0.7653440833091736,0.7437560925745458,0.7733970457943227,0.978263258934021
46,1,24,0.5538383722305298,0.7487912178039551,0.5469641362370193,0.7579441545337741,0.9881096482276917
46,1,25,0.705110490322113,1.120223879814148,0.7145851115559788,1.1224955168005872,0.5723038911819458
46,1,26,0.5243381261825562,1.0979231595993042,0.5319172276560934,1.1069505599938472,0.5455451607704163
46,1,27,0.6927486062049866,1.3858424425125122,0.7040690581004524,1.37298652469921,0.07839235663414001
46,1,28,0.517043948173523,1.380825400352478,0.5347212877089353,1.3774601950972352,0.0861142948269844
46,1,29,0.694784939289093,1.423126220703125,0.7044255144846446,1.4038317050725682,0.07642031461000443
46,1,30,0.5179030299186707,1.4271624088287354,0.5395105113051857,1.4148019497968731,0.04591865837574005
46,1,31,0.6538971662521362,1.4875199794769287,0.6739093269101574,1.479852902011028,0.0413641594350338
46,1,32,0.5056086778640747,1.4805504083633423,0.5230028035261259,1.4791976742415343,0.03628012537956238
47,1,0,0.6402250528335571,0.13679960370063782,0.611752602126768,0.1566761118120355,0.9971500039100647
47,1,1,0.6617482900619507,0.11054714769124985,0.6365514138360087,0.1267768138347624,0.9946423172950745
47,1,2,0.6739614009857178,0.11046641319990158,0.6474879512596066,0.12622258475370657,0.9951182007789612
47,1,3,0.6871479153633118,0.1108006164431572,0.6594754985174522,0.12600453267483963,0.9950868487358093
47,1,4,0.6347131729125977,0.11135472357273102,0.6156775968273176,0.12757497609215257,0.9927960634231567
47,1,5,0.6301769018173218,0.11110354959964752,0.6124594621953071,0.12710571555739655,0.9927355647087097
47,1,6,0.6266541481018066,0.11100661009550095,0.6098640030515237,0.12675721388060754,0.9921286106109619
47,1,7,0.7147244215011597,0.12565024197101593,0.6983412508387812,0.13748416365363433,0.9964749217033386
47,1,8,0.645926296710968,0.12622679769992828,0.6324165758519613,0.13664859741347807,0.9942113757133484
47,1,9,0.6595901250839233,0.1667230874300003,0.6366968727072505,0.18481517826258556,0.9982640743255615
47,1,10,0.6321457028388977,0.16670019924640656,0.6103811926638358,0.18457398624209528,0.9966371655464172
47,1,11,0.8603266477584839,0.2930176556110382,0.8476961605867323,0.30174077984629083,0.9976317286491394
47,1,12,0.5322858095169067,0.25540784001350403,0.5207067063215465,0.26858574248549233,0.9980853199958801
47,1,13,0.9120733141899109,0.5362440347671509,0.9052451315403814,0.545488964181988,0.9808107614517212
47,1,14,0.2985162138938904,0.24521659314632416,0.28986132250777613,0.2533849403303819,0.9981763362884521
47,1,15,0.9803417921066284,0.7780766487121582,0.9636574485364793,0.7777834432585348,0.9170946478843689
47,1,16,0.08644955605268478,0.14846470952033997,0.08367296960362045,0.15160393388122317,0.9967821836471558
47,1,17,1.0159776210784912,0.8393258452415466,0.9893574991079992,0.8412272941262622,0.8406915664672852
47,1,18,0.03705019876360893,0.1081695556640625,0.037280937587123794,0.110146767754563,0.9856184124946594
47,1,19,0.9989829659461975,0.8521282076835632,0.974519175600052,0.8489431931583504,0.8734704852104187
47,1,20,0.04011167958378792,0.08982134610414505,0.04151282728922649,0.09092173369968279,0.9886738061904907
47,1,21,0.9737340211868286,0.8320833444595337,0.9549844366399535,0.8278872462915658,0.8980550169944763
47,1,22,0.05827353522181511,0.10752645879983902,0.058437791976106754,0.10875035081771904,0.9906947016716003
47,1,23,0.750145673751831,0.7600809931755066,0.7448627934926854,0.7710901727024339,0.979793131351471
47,1,24,0.5558748841285706,0.7416540384292603,0.5485076300938596,0.7551218020413465,0.9889344573020935
47,1,25,0.7107988595962524,1.1152770519256592,0.7139293686479705,1.1212452204991916,0.5794264674186707
47,1,26,0.5493269562721252,1.0567673444747925,0.5349336593060298,1.0982471897688557,0.5557225942611694
47,1,27,0.6974220871925354,1.3855295181274414,0.7029177665030661,1.3751594238196931,0.07590721547603607
47,1,28,0.5305219888687134,1.3791394233703613,0.533993999765232,1.377751003016412,0.08386964350938797
47,1,29,0.6986735463142395,1.4224941730499268,0.7034292691014616,1.407065312675994,0.07403763383626938
47,1,30,0.5341803431510925,1.4187110662460327,0.5385873336403424,1.4154789741093134,0.04443110153079033
47,1,31,0.6673149466514587,1.487362265586853,0.6727671454889755,1.4811535981250001,0.040033597499132156
47,1,32,0.509027898311615,1.4793033599853516,0.5205817391042801,1.4792159759797965,0.035156410187482834
48,1,0,0.6355463862419128,0.1401894986629486,0.6158759398084204,0.15381969686249292,0.9972593188285828
48,1,1,0.6594051718711853,0.11299150437116623,0.6405117381884161,0.1243886116382393,0.9947997331619263
48,1,2,0.6707220673561096,0.11269176006317139,0.6515142341059265,0.12387848810727893,0.9952964782714844
48,1,3,0.6829022765159607,0.11277273297309875,0.6635351919016306,0.12371226012054207,0.9952445030212402
48,1,4,0.6361949443817139,0.11383863538503647,0.6192327944639568,0.12519526086729904,0.9930680990219116
48,1,5,0.6316545009613037,0.11349277943372726,0.6157854008707657,0.12474738798767218,0.9930281043052673
48,1,6,0.6273022294044495,0.11326215416193008,0.6128853778147649,0.12441931571906699,0.9923691749572754
48,1,7,0.7124536633491516,0.1271994411945343,0.7007861455176995,0.13570259970623463,0.9966239333152771
48,1,8,0.640053927898407,0.12738682329654694,0.633739445461282,0.1350442823397888,0.994443416595459
48,1,9,0.657097578048706,0.16945065557956696,0.6402318471525591,0.18215326282090108,0.9983150959014893
48,1,10,0.6271783113479614,0.16919651627540588,0.6132914322243153,0.18190982669029135,0.9967648983001709
48,1,11,0.8519870638847351,0.2928284704685211,0.848439315357041,0.30019701505042984,0.9977168440818787
48,1,12,0.5289923548698425,0.2554570734500885,0.522141895605244,0.266311343462587,0.9981481432914734
48,1,13,0.9052929282188416,0.5344235897064209,0.9052534085374694,0.5435721279214707,0.981109082698822
48,1,14,0.29628482460975647,0.24470111727714539,0.2909738998354185,0.2518807636991626,0.9982202053070068
48,1,15,0.96852707862854,0.7741924524307251,0.9645008495602975,0.7771615218341956,0.9171257019042969
48,1,16,0.0865432620048523,0.14791838824748993,0.08417006305891754,0.15096563452496572,0.9967577457427979
48,1,17,0.9950844049453735,0.8386846780776978,0.9903494029237319,0.8407869539585476,0.8399748802185059
48,1,18,0.03772229701280594,0.10756304115056992,0.03735736912606508,0.10969930716097602,0.9852409362792969
48,1,19,0.9792885184288025,0.8497374653816223,0.9753452050476822,0.8490807411813264,0.8735284805297852
48,1,20,0.04093724861741066,0.0893581435084343,0.04141315218590639,0.0906509529056507,0.9884286522865295
48,1,21,0.9599869847297668,0.8316484093666077,0.9558508621013208,0.8285386434692016,0.8980202674865723
48,1,22,0.05895145237445831,0.10715869814157486,0.058526744285686105,0.10847470996409163,0.9905595183372498
48,1,23,0.7484745383262634,0.7570324540138245,0.7454883098575943,0.7686547589299401,0.9789187908172607
48,1,24,0.5565077662467957,0.7392290830612183,0.5498933525484695,0.7523683335153417,0.9885202050209045
48,1,25,0.723331868648529,1.1057865619659424,0.7155580660477093,1.1185669923817605,0.5913144946098328
48,1,26,0.552918016910553,1.0705493688583374,0.5380497061406847,1.0934467433585315,0.5568705797195435
48,1,27,0.7097832560539246,1.377751350402832,0.7041069129816558,1.3756083047381498,0.0768015906214714
48,1,28,0.5474947690963745,1.3807133436203003,0.5363328853002824,1.3782640394628938,0.08386315405368805
48,1,29,0.7069051861763,1.413588047027588,0.7040312587437714,1.4081950812377015,0.07481833547353745
48,1,30,0.5522884130477905,1.4208757877349854,0.5409609353236703,1.4164136961321785,0.0441901795566082
48,1,31,0.6895062327384949,1.479324460029602,0.6756673210780694,1.480836827669753,0.039962537586688995
48,1,32,0.5317251086235046,1.4817779064178467,0.522512088772597,1.479659661568608,0.034616462886333466
49,1,0,0.6329861283302307,0.1409822553396225,0.6188404500385999,0.1515957690116567,0.9972083568572998
49,1,1,0.6562334299087524,0.11287586390972137,0.6432355639297005,0.12239425010655287,0.9947285652160645
49,1,2,0.6668550372123718,0.11244811862707138,0.6541720396134885,0.12189840194525565,0.9952402710914612
49,1,3,0.678236722946167,0.11240292340517044,0.6660821942864331,0.12175314765453976,0.9951773285865784
49,1,4,0.6351240277290344,0.11384909600019455,0.6219860071106363,0.1232297664427667,0.9929942488670349
49,1,5,0.6308315396308899,0.11347877979278564,0.6183921314910683,0.12279533325566191,0.9929240345954895
49,1,6,0.6266037225723267,0.11321067065000534,0.6152619742599277,0.12247765188208339,0.9921970367431641
49,1,7,0.7076395153999329,0.1272672563791275,0.7019731935530691,0.13424147443816556,0.9966257214546204
49,1,8,0.6361367106437683,0.1269982010126114,0.6341546115657857,0.1336505992937248,0.9943394064903259
49,1,9,0.6551024913787842,0.16939470171928406,0.6428081605211766,0.17994300538082955,0.9983150362968445
49,1,10,0.6252331733703613,0.1693796068429947,0.6153601355755917,0.1797391413818201,0.9967811107635498
49,1,11,0.8508753776550293,0.2908462584018707,0.8488612009619304,0.2985772823418628,0.9977139830589294
49,1,12,0.5282922983169556,0.2538730502128601,0.5232071623077177,0.2641565892686404,0.99810391664505
49,1,13,0.8991164565086365,0.5295590758323669,0.9041904720400883,0.5411444552974457,0.9815202355384827
49,1,14,0.2969469726085663,0.2428814321756363,0.2920084469238631,0.25032192118913266,0.9982278943061829
49,1,15,0.9656557440757751,0.7680755257606506,0.9647008504606746,0.77558766390167,0.9186671376228333
49,1,16,0.08875834196805954,0.14775696396827698,0.08496472817951653,0.15040993309754208,0.9967256784439087
49,1,17,0.9860808253288269,0.8323716521263123,0.9896101157976729,0.8393293017567631,0.8414598703384399
49,1,18,0.04023325815796852,0.10667318850755692,0.037855431938431744,0.10917522429652902,0.9848220944404602
49,1,19,0.9749603867530823,0.8421082496643066,0.9752785650479692,0.847873057011357,0.8749712705612183
49,1,20,0.04289649799466133,0.08900395035743713,0.04167003569194105,0.09036572614252174,0.9881308078765869
49,1,21,0.9567885994911194,0.8255813121795654,0.9560132553867271,0.8280264748773185,0.8990718722343445
49,1,22,0.0607830248773098,0.10782840102910995,0.05891749250815918,0.10836278599782863,0.9903354644775391
49,1,23,0.7481591105461121,0.7459192276000977,0.7459508514719222,0.7647149399000751,0.9787232875823975
49,1,24,0.5584233403205872,0.730953574180603,0.5513708754198001,0.7486575366386332,0.9882671236991882
49,1,25,0.723686158657074,1.0853755474090576,0.7169659572721377,1.1128134760824604,0.6067041158676147
49,1,26,0.5563304424285889,1.061267375946045,0.5412171333998286,1.0878688268308354,0.5602562427520752
49,1,27,0.7094917297363281,1.3451037406921387,0.7050395560998092,1.3703209645749042,0.08146697282791138
49,1,28,0.5565671920776367,1.3535932302474976,0.5398390047279218,1.37398860965663,0.08521883934736252
49,1,29,0.7053422927856445,1.3756818771362305,0.7042583003000765,1.4025592449225504,0.07971101254224777
49,1,30,0.5622593760490417,1.3891853094100952,0.5446515615434561,1.411694678274328,0.04621555283665657
49,1,31,0.6911570429801941,1.452207088470459,0.678350934367352,1.4758747295816366,0.042431458830833435
49,1,32,0.5393627285957336,1.450856328010559,0.5254316018589529,1.4746674492083096,0.035109132528305054
50,1,0,0.6268623471260071,0.1319051831960678,0.6202299437613102,0.14818391637206202,0.9966460466384888
50,1,1,0.6505264639854431,0.10842779278755188,0.6444984120015625,0.11997465237513652,0.9938741326332092
50,1,2,0.6606669425964355,0.10796988755464554,0.6552969871256711,0.11948538035569212,0.994339108467102
50,1,3,0.6718642711639404,0.10787969082593918,0.6670836555805364,0.1193496684253419,0.9944260120391846
50,1,4,0.6325997114181519,0.11016367375850677,0.623824577384953,0.12096621226354634,0.9917573928833008
50,1,5,0.6298971772193909,0.11027806252241135,0.620385158588222,0.12062689210733722,0.9913923144340515
50,1,6,0.6270965337753296,0.11052524298429489,0.6173121034247203,0.12040710026872077,0.9907264709472656
50,1,7,0.7038856744766235,0.12394167482852936,0.7023043984104568,0.13245729804386353,0.9960916638374329
50,1,8,0.6400244832038879,0.12582272291183472,0.635171280953353,0.13229472102941078,0.9933221340179443
50,1,9,0.6494221687316895,0.15971241891384125,0.6439537415788045,0.17643752833248608,0.998073399066925
50,1,10,0.6231625080108643,0.1597711145877838,0.616711595542269,0.17627918699101508,0.9962457418441772
50,1,11,0.8505793213844299,0.28440091013908386,0.8491587445082602,0.2961213031370725,0.9975866675376892
50,1,12,0.5303439497947693,0.25057822465896606,0.524443310215091,0.2618042536639744,0.9980151653289795
50,1,13,0.8977437019348145,0.5197140574455261,0.9030738638180413,0.5374309468164887,0.9808968305587769
50,1,14,0.3006788492202759,0.24057887494564056,0.2935102981693121,0.24863421648357564,0.9982104301452637
50,1,15,0.9620999097824097,0.7671255469322205,0.9642504085448602,0.7741219004560922,0.9174122214317322
50,1,16,0.0912255346775055,0.1479758322238922,0.08604912058010403,0.1499883872278253,0.996621310710907
50,1,17,0.981978714466095,0.8309662938117981,0.9882882778951789,0.8378807098068505,0.8399061560630798
50,1,18,0.04232914373278618,0.1068294569849968,0.038630252007087244,0.10876897740650397,0.9842411279678345
50,1,19,0.9708293676376343,0.8380138874053955,0.9745079915693264,0.846165231789495,0.8732552528381348
50,1,20,0.04388467222452164,0.08967367559671402,0.04205357141710273,0.09024588074992232,0.9876658916473389
50,1,21,0.9544366002082825,0.8228521347045898,0.9557402119984232,0.8271302914531143,0.8977118134498596
50,1,22,0.061734639108181,0.10866222530603409,0.05940538111678286,0.10841464058212809,0.9899957776069641
50,1,23,0.7494416236877441,0.7296563982963562,0.7465554144523974,0.7586374285818962,0.979182243347168
50,1,24,0.5621656179428101,0.7211226224899292,0.553240815383695,0.7438853482680698,0.9885860085487366
50,1,25,0.7251877188682556,1.022024393081665,0.7183900772772535,1.0970485798115512,0.6097447276115417
50,1,26,0.5892512798309326,1.0269925594329834,0.5495472498827957,1.077307546504287,0.5621862411499023
50,1,27,0.7220796942710876,1.3316922187805176,0.7079919196844646,1.3636238295691652,0.08156542479991913
50,1,28,0.5743255019187927,1.3411149978637695,0.5458172457265208,1.368290237009516,0.0835413858294487
50,1,29,0.7182731628417969,1.361404299736023,0.7066862858735284,1.3954235972913371,0.08047161251306534
50,1,30,0.5812963247299194,1.3704050779342651,0.5510043499787952,1.4045356544247825,0.04582764208316803
50,1,31,0.7153111696243286,1.4357508420944214,0.6847584721794717,1.4689180674059334,0.04304533824324608
50,1,32,0.56173175573349,1.440175175666809,0.5317245808054025,1.468688203850198,0.03477025404572487
51,1,0,0.6258128881454468,0.13307350873947144,0.6211969091207423,0.14556604656583927,0.9964643120765686
51,1,1,0.6497212052345276,0.10881374776363373,0.6454029894259717,0.11804126142244727,0.9934456944465637
51,1,2,0.6595420837402344,0.10820971429347992,0.6560322078560122,0.11753210268638438,0.9939241409301758
51,1,3,0.6705039739608765,0.10793840140104294,0.6676760158855339,0.11737289263856764,0.994037926197052
51,1,4,0.6322028636932373,0.11062216013669968,0.6252758173754427,0.11917436774547176,0.9912197589874268
51,1,5,0.6294673085212708,0.11068879812955856,0.6219583511048118,0.11890539055201026,0.9907223582267761
51,1,6,0.6265481114387512,0.11086367070674896,0.6189119542530775,0.11875398309607461,0.989976167678833
51,1,7,0.7033452391624451,0.1241355687379837,0.7024846472452215,0.13101585737468566,0.9958330392837524
51,1,8,0.6394766569137573,0.12585096061229706,0.635916942580591,0.13117863403611696,0.9927101135253906
51,1,9,0.6495944261550903,0.1608644723892212,0.6449307091707625,0.1737394675402811,0.9979391694068909
51,1,10,0.6231362223625183,0.1607487052679062,0.6178243680890447,0.1735885057402449,0.9959536790847778
51,1,11,0.8483376502990723,0.28137895464897156,0.8490165515331042,0.293567228158844,0.9974924921989441
51,1,12,0.5308393836021423,0.24809953570365906,0.5255511359244822,0.2594300194251667,0.9979729056358337
51,1,13,0.896681010723114,0.5160797834396362,0.901966596042019,0.5337311768129297,0.9803112745285034
51,1,14,0.3035115897655487,0.24089032411575317,0.2952427498729425,0.24729288873201158,0.9982184767723083
51,1,15,0.9602366089820862,0.7638525366783142,0.9635552521987796,0.7723429985089045,0.9172168374061584
51,1,16,0.09322470426559448,0.14813891053199768,0.08729198961138722,0.14966809419422208,0.9966012239456177
51,1,17,0.9795207977294922,0.8286467790603638,0.9867696073599989,0.8362812196913886,0.8390770554542542
51,1,18,0.043548136949539185,0.1074901893734932,0.039482011584770806,0.10854752023622605,0.9838213920593262
51,1,19,0.967768669128418,0.8357251882553101,0.9733407021543667,0.8443567547465686,0.8724551796913147
51,1,20,0.04438414424657822,0.09136669337749481,0.042457186660183936,0.09043997920964994,0.9873501062393188
51,1,21,0.9523765444755554,0.818885862827301,0.9551576644794494,0.8257022441612184,0.8968100547790527
51,1,22,0.062343623489141464,0.10989954322576523,0.05991424359952254,0.10867179370983106,0.9897478818893433
51,1,23,0.7502017617225647,0.7229434251785278,0.7471869242600997,0.752449638664752,0.9794972538948059
51,1,24,0.564307451248169,0.7148770689964294,0.5551578703060642,0.7388575819841294,0.9888710379600525
51,1,25,0.7300093173980713,1.003760814666748,0.7204028920142721,1.080848569906823,0.6255171895027161
51,1,26,0.5917777419090271,1.0116225481033325,0.5568696198248309,1.0659103615659766,0.5745814442634583
51,1,27,0.7229630351066589,1.3338714838027954,0.7105856447326605,1.3584669852311724,0.08725570887327194
51,1,28,0.5715318918228149,1.3419302701950073,0.5502737116448801,1.3637218445215358,0.08581845462322235
51,1,29,0.7186861038208008,1.3631027936935425,0.7087650521319566,1.3898211412086185,0.08468907326459885
51,1,30,0.5778124928474426,1.372064232826233,0.5556504765820783,1.398907064831327,0.04674798622727394
51,1,31,0.7149654030799866,1.4381864070892334,0.6899941767303425,1.4635913262827955,0.046498410403728485
51,1,32,0.5584009885787964,1.441015601158142,0.5363478565811943,1.4638921317393705,0.03572367876768112
52,1,0,0.6259015798568726,0.13559645414352417,0.6220117359868172,0.14383908702841314,0.9964768290519714
52,1,1,0.6495079398155212,0.10984816402196884,0.6461139347267268,0.1166221070061881,0.9934234023094177
52,1,2,0.6594142317771912,0.10891377180814743,0.6566179352354975,0.11603927305529198,0.9938973784446716
52,1,3,0.6703487634658813,0.10819779336452484,0.6681388949604418,0.11578359543508156,0.9939656257629395
52,1,4,0.6317260265350342,0.11153355985879898,0.6263930217812248,0.11785089926309136,0.9912113547325134
52,1,5,0.628789484500885,0.11127940565347672,0.623141546750272,0.11758449016490194,0.9907053709030151
52,1,6,0.6257724165916443,0.11112350970506668,0.6201002308521141,0.11743230508745348,0.9899687767028809
52,1,7,0.7040348649024963,0.12398213893175125,0.7027531121294425,0.12979756551063354,0.9958218336105347
52,1,8,0.6389558911323547,0.1254749894142151,0.6364432476105452,0.1301907602773091,0.992742657661438
52,1,9,0.6502306461334229,0.1618099808692932,0.6458486497314614,0.17167288819081603,0.9979373812675476
52,1,10,0.6231679320335388,0.16193462908267975,0.6187498658455817,0.17156968785264934,0.9959938526153564
52,1,11,0.8477718234062195,0.2804078459739685,0.8488009930133604,0.29128750654966024,0.9974481463432312
52,1,12,0.5326108336448669,0.24492160975933075,0.5267739284317127,0.2569164912518293,0.9980423450469971
52,1,13,0.8990786075592041,0.5133435130119324,0.9014664375625288,0.5301984658916942,0.9797608852386475
52,1,14,0.306194007396698,0.23964333534240723,0.2971398115154302,0.24596790529665827,0.9982638955116272
52,1,15,0.953423023223877,0.7580210566520691,0.9618001124923926,0.7698617898429716,0.9170852899551392
52,1,16,0.09868068993091583,0.147914320230484,0.08926485430079126,0.14936437586975626,0.996681809425354
52,1,17,0.9737050533294678,0.8243237733840942,0.9845063211168398,0.8342097959280322,0.838403046131134
52,1,18,0.04744546860456467,0.1085299551486969,0.040861379328758426,0.10854447847564079,0.9839873909950256
52,1,19,0.9606923460960388,0.8301553130149841,0.971149544866501,0.8418964311090377,0.8716176748275757
52,1,20,0.04664326831698418,0.0932791456580162,0.0431821846557064,0.09093168165635275,0.9874709844589233
52,1,21,0.945673406124115,0.8121243715286255,0.9535148005637156,0.8233499946335611,0.8955582976341248
52,1,22,0.06485176831483841,0.11132291704416275,0.06076940522439191,0.10913092722327826,0.9898225665092468
52,1,23,0.7448582053184509,0.7169256806373596,0.7467836300884964,0.7462913576447221,0.9797797203063965
52,1,24,0.560798704624176,0.7090466022491455,0.5561348633254214,0.7336905651700842,0.9891968369483948
52,1,25,0.7257189750671387,1.010287880897522,0.7213236289731648,1.0686035869227404,0.6402108669281006
52,1,26,0.591555655002594,1.005091905593872,0.5628824914603544,1.0553591182474171,0.5911664962768555
52,1,27,0.7218326926231384,1.324159026145935,0.7125339623367857,1.352519722167328,0.09337902814149857
52,1,28,0.570167064666748,1.3353288173675537,0.5537207184025313,1.3588008055767704,0.08919509500265121
52,1,29,0.71706622838974,1.353631854057312,0.7102029312927813,1.3835473965416787,0.08906922489404678
52,1,30,0.5757856965065002,1.3651503324508667,0.5591394181008533,1.3930554531364703,0.04768127575516701
52,1,31,0.7133615612983704,1.4310015439987183,0.6940435658204352,1.4579421996330917,0.05007283017039299
52,1,32,0.5608862042427063,1.4351085424423218,0.5406003138187688,1.4589033423085345,0.03701726347208023
53,1,0,0.6258291006088257,0.14508238434791565,0.622672867912877,0.14405439770933248,0.9965540766716003
53,1,1,0.648873507976532,0.11622024327516556,0.6465918518593671,0.11655251511949548,0.9934884309768677
53,1,2,0.6586571335792542,0.11445186287164688,0.6569710864857289,0.11576436691547116,0.9939550161361694
53,1,3,0.6692649126052856,0.11279088258743286,0.6683338949380989,0.11526529846195334,0.9940045475959778
53,1,4,0.6312155723571777,0.11813398450613022,0.6272282676920626,0.11789992174580002,0.9912916421890259
53,1,5,0.6283330321311951,0.11727496981620789,0.6240407005922712,0.11753088979415692,0.9908027052879333
53,1,6,0.6254171133041382,0.11644106358289719,0.6210211066283282,0.11726064593456637,0.9900597333908081
53,1,7,0.7042698860168457,0.12466305494308472,0.7030157849857765,0.1289082812338801,0.9958928823471069
53,1,8,0.6415958404541016,0.12671667337417603,0.6373356641089276,0.12958908723652157,0.9928005933761597
53,1,9,0.6507412791252136,0.16891513764858246,0.6466960348387868,0.17119528682082089,0.9979902505874634
53,1,10,0.6243647933006287,0.16908606886863708,0.6197223712686754,0.17113956554010612,0.9960898160934448
53,1,11,0.8537697792053223,0.28087469935417175,0.8496615698857787,0.28948374844352787,0.9975698590278625
53,1,12,0.5410704612731934,0.24297310411930084,0.5292507336119311,0.2545008921553487,0.9981446862220764
53,1,13,0.910153329372406,0.5119458436965942,0.9029711457520948,0.5270359110692759,0.9804227352142334
53,1,14,0.314755380153656,0.239909827709198,0.3001919279443124,0.24491863247916568,0.998304009437561
53,1,15,0.954622209072113,0.7507668137550354,0.9605568416264061,0.7665532009464835,0.9205105304718018
53,1,16,0.10607685893774033,0.14802247285842896,0.09217767279999674,0.14913198817701073,0.9968016147613525
53,1,17,0.9728084802627563,0.8175514340400696,0.9824798855558124,0.8313236108581689,0.8428521752357483
53,1,18,0.054549045860767365,0.10879260301589966,0.0432326578236966,0.10858744669983905,0.9843639135360718
53,1,19,0.9595751762390137,0.8207635879516602,0.9691445060066515,0.8382345165994495,0.8752743601799011
53,1,20,0.054365817457437515,0.09330469369888306,0.04511951356880655,0.091342647165537,0.987754225730896
53,1,21,0.944940984249115,0.8037753701210022,0.9520296840611143,0.8199582482125138,0.8984870910644531
53,1,22,0.07179676741361618,0.11125926673412323,0.06267965457579337,0.10949951688243346,0.9900728464126587
53,1,23,0.7473137974739075,0.7164948582649231,0.7468754410195313,0.741126851837014,0.9799623489379883
53,1,24,0.5645661354064941,0.7080346941947937,0.5575952829186371,0.729244291074344,0.989372968673706
53,1,25,0.7340935468673706,0.9988229870796204,0.7235358536572051,1.0564942573107834,0.6265628933906555
53,1,26,0.5836355686187744,1.0362154245376587,0.5664785610866752,1.0520420771925387,0.5782228112220764
53,1,27,0.7306141257286072,1.3186568021774292,0.7156666187118605,1.3466496839884514,0.0875697210431099
53,1,28,0.5728061199188232,1.3314366340637207,0.5570276478424887,1.3540582325515385,0.08415453881025314
53,1,29,0.7290869951248169,1.348355770111084,0.7134749543162124,1.3774467873169216,0.08444597572088242
53,1,30,0.5766306519508362,1.361397624015808,0.5621699808624253,1.3875680241673036,0.04493165761232376
53,1,31,0.7155822515487671,1.423844814300537,0.6977758507442734,1.4520314761628395,0.04704348370432854
53,1,32,0.5674136877059937,1.4314709901809692,0.5452473476690981,1.454148942693281,0.03494022786617279
54,1,0,0.628066897392273,0.14857620000839233,0.6236071076935392,0.14483754775103502,0.9959847331047058
54,1,1,0.651502251625061,0.11826076358556747,0.6474423151555048,0.11684834887946044,0.9924638867378235
54,1,2,0.6612848043441772,0.11612772941589355,0.6577181932699266,0.11582729133810737,0.9930280447006226
54,1,3,0.6718429923057556,0.1139962449669838,0.6689416322019179,0.1150455271334496,0.9930916428565979
54,1,4,0.6336755156517029,0.12053406238555908,0.6283449589840228,0.11835611382934944,0.9896129369735718
54,1,5,0.6307594180107117,0.1196371391415596,0.6252044210350597,0.11789565354989201,0.9890176057815552
54,1,6,0.6277928352355957,0.11872042715549469,0.6221940107470593,0.11751344835547797,0.9880272150039673
54,1,7,0.7084137797355652,0.12517891824245453,0.7039507114905555,0.12826239226925135,0.9954083561897278
54,1,8,0.6458774209022522,0.12693527340888977,0.6388152262440161,0.12912948767132848,0.9912391901016235
54,1,9,0.6532160639762878,0.17207106947898865,0.6478253346704427,0.17134695069457642,0.9977400302886963
54,1,10,0.6269457936286926,0.17290045320987701,0.6209735284525931,0.17144451580643194,0.9954715967178345
54,1,11,0.8615779280662537,0.2808205783367157,0.8517258736290814,0.28798315007735764,0.9975353479385376
54,1,12,0.5488178730010986,0.24192354083061218,0.5326411828465197,0.2523220391328007,0.9979795217514038
54,1,13,0.917444109916687,0.5097377300262451,0.905478529954321,0.5240388141216517,0.9808093309402466
54,1,14,0.3194810450077057,0.23920805752277374,0.3035341756411487,0.24392955824613435,0.9982172846794128
54,1,15,0.9595255851745605,0.7454919815063477,0.9603782526771094,0.7629037050033624,0.9231386184692383
54,1,16,0.10909023880958557,0.14742891490459442,0.09510792336966835,0.14883705064356909,0.9966919422149658
54,1,17,0.9774259328842163,0.8119372725486755,0.9816045560728845,0.8279645080858968,0.8468478918075562
54,1,18,0.05777202546596527,0.10812395066022873,0.04575155125257165,0.1085071816361642,0.9839330315589905
54,1,19,0.9642913341522217,0.8157877326011658,0.9683039562243421,0.8343447676125453,0.8784617781639099
54,1,20,0.058670878410339355,0.09220145642757416,0.04746716930298122,0.0914913716195409,0.9874208569526672
54,1,21,0.9493443965911865,0.7997872829437256,0.9515646333941018,0.8164631093919739,0.9006361365318298
54,1,22,0.07677051424980164,0.10940965265035629,0.06512081266133771,0.10948395498625646,0.9897786974906921
54,1,23,0.7528001666069031,0.7138648629188538,0.747901612781215,0.7364020017940038,0.9789522886276245
54,1,24,0.5706672072410583,0.7065582871437073,0.5598598471722223,0.7253130584220457,0.9887397885322571
54,1,25,0.7477625608444214,0.9901421070098877,0.7277342654048412,1.0449810610050752,0.6329514980316162
54,1,26,0.5861433744430542,1.0448739528656006,0.5698859460917066,1.0508004985398658,0.5848435759544373
54,1,27,0.7366638779640198,1.3065133094787598,0.71930502432481,1.3396908495918272,0.08981747925281525
54,1,28,0.586586058139801,1.3197821378707886,0.5621508481774096,1.3481164982794644,0.08664774894714355
54,1,29,0.7336632609367371,1.3332020044326782,0.7169730995540394,1.3697746917040343,0.08738002926111221
54,1,30,0.590678870677948,1.347580909729004,0.5671111177664773,1.380635099469086,0.04646984115242958
54,1,31,0.7222185730934143,1.4150364398956299,0.702011725231832,1.4456178911819353,0.048192765563726425
54,1,32,0.5826184153556824,1.4200865030288696,0.5517261929889531,1.4482442829675084,0.03600873053073883
55,1,0,0.630717396736145,0.1481596678495407,0.6248386651501955,0.14541289903784094,0.9955676794052124
55,1,1,0.6543959975242615,0.11808831989765167,0.6486467414424186,0.11706308352853094,0.9918420910835266
55,1,2,0.6646092534065247,0.11604728549718857,0.6589117707221619,0.11586538813167752,0.9924890398979187
55,1,3,0.6748672127723694,0.11404652893543243,0.6699679524012616,0.11487252467675488,0.9925730228424072
55,1,4,0.6361564993858337,0.12051087617874146,0.6296980070741353,0.11872927970088364,0.9883713126182556
55,1,5,0.6334048509597778,0.11978211253881454,0.6266248458075746,0.11822235149719187,0.9876492023468018
55,1,6,0.6307089328765869,0.11899040639400482,0.6236689237053471,0.11776922556740387,0.9863834381103516
55,1,7,0.7114775776863098,0.12522615492343903,0.7052544394873141,0.12773655681139842,0.995186448097229
55,1,8,0.6508949398994446,0.1272844672203064,0.6409078388028534,0.12880996640148495,0.9899657964706421
55,1,9,0.6561015844345093,0.17252695560455322,0.6492588958147175,0.17155130020732406,0.9975987076759338
55,1,10,0.6293854713439941,0.17335380613803864,0.6224305993478452,0.1717751679112333,0.9949728846549988
55,1,11,0.8683513402938843,0.27707213163375854,0.8546063569092816,0.2860930610828535,0.9975895881652832
55,1,12,0.5515309572219849,0.2414371371269226,0.5359141968226473,0.2504364755882032,0.9978213310241699
55,1,13,0.9213464856147766,0.5052191019058228,0.9082277062824206,0.5207779463363197,0.9809837341308594
55,1,14,0.3215496838092804,0.23929841816425323,0.30665562433625143,0.24312746866703847,0.998008668422699
55,1,15,0.9641572833061218,0.7424723505973816,0.9610327445197576,0.7593634190610719,0.9236779808998108
55,1,16,0.11095729470252991,0.14686037600040436,0.09785387850312448,0.14849472812182152,0.996151328086853
55,1,17,0.9823600649833679,0.807860791683197,0.9817353910824101,0.8244810287356297,0.8466942310333252
55,1,18,0.05902457982301712,0.106465645134449,0.04805096853053992,0.1081536255808192,0.9818117618560791
55,1,19,0.9689974188804626,0.8107641935348511,0.9684240461688286,0.8302584073988576,0.8782162070274353
55,1,20,0.060205139219760895,0.09090500324964523,0.04967385758371047,0.09138982799432872,0.985747754573822
55,1,21,0.9544814229011536,0.7953424453735352,0.9520697802670788,0.8128033061705361,0.8998481631278992
55,1,22,0.0799114927649498,0.10809944570064545,0.06768326445998041,0.10924418853103018,0.988410472869873
55,1,23,0.758439302444458,0.7050650715827942,0.749727010248242,0.7309702477213893,0.9778990745544434
55,1,24,0.5766139030456543,0.7000362873077393,0.5627626206400493,0.7209325336557254,0.9877990484237671
55,1,25,0.7516369819641113,1.0040034055709839,0.7318764907104038,1.0378761685477729,0.636425793170929
55,1,26,0.5894758105278015,1.0498164892196655,0.5732803367064224,1.0506300916820888,0.5850643515586853
55,1,27,0.7417899370193481,1.2932106256484985,0.7232013850018154,1.3316305843881928,0.09194696694612503
55,1,28,0.5917611718177795,1.2974720001220703,0.5672830549563446,1.339332998887358,0.08682120591402054
55,1,29,0.7368832230567932,1.3184350728988647,0.7204230138187931,1.3608704461743728,0.09031731635332108
55,1,30,0.5966107249259949,1.3240292072296143,0.5722241176150643,1.3708159313273456,0.04795076325535774
55,1,31,0.7311428785324097,1.4059844017028809,0.7070608066870533,1.4387463498868225,0.049222975969314575
55,1,32,0.5831953883171082,1.3970595598220825,0.5571808930896742,1.4393669457735576,0.036323558539152145
56,1,0,0.6296301484107971,0.14716379344463348,0.6256685294976981,0.14571611859872285,0.995674729347229
56,1,1,0.6524814367294312,0.11760176718235016,0.6493108751118202,0.11715636926461433,0.9919772744178772
56,1,2,0.6624043583869934,0.11564422398805618,0.6595166483102236,0.11582708871872759,0.992634117603302
56,1,3,0.6722609996795654,0.1137479916214943,0.6703650685329403,0.11467778187205219,0.9927006959915161
56,1,4,0.6352908611297607,0.11995327472686768,0.6306666886925931,0.11894124757748566,0.9884658455848694
56,1,5,0.6330093741416931,0.11918194591999054,0.6277306716083477,0.11838852993046255,0.9877443313598633
56,1,6,0.6305211782455444,0.11846019327640533,0.624855778216009,0.11788888341611793,0.9863800406455994
56,1,7,0.7113626599311829,0.12496034055948257,0.7063123988143488,0.12725575727466895,0.9952880144119263
56,1,8,0.6505947113037109,0.12683551013469696,0.6425858101658549,0.12846802806694232,0.9898293614387512
56,1,9,0.6558963060379028,0.17172448337078094,0.6504085305664936,0.17158129061206848,0.9976528882980347
56,1,10,0.6286152601242065,0.1725509613752365,0.6235018008349683,0.17190951573839275,0.9949584007263184
56,1,11,0.868847131729126,0.2762356996536255,0.8570734982339004,0.28438554858997445,0.9977126121520996
56,1,12,0.551928699016571,0.2453661412000656,0.538688775397909,0.24955830812570953,0.9978218674659729
56,1,13,0.9201216101646423,0.5026255249977112,0.910288118859271,0.5176327621968845,0.9816741943359375
56,1,14,0.3202325105667114,0.23820334672927856,0.30900770359608626,0.24227462863552773,0.9979453682899475
56,1,15,0.9598662257194519,0.7316272854804993,0.9608307305425141,0.7545563272412512,0.9278953075408936
56,1,16,0.11077442765235901,0.14570586383342743,0.10009220871760112,0.14801173798017378,0.996101438999176
56,1,17,0.975936233997345,0.7987127900123596,0.980730971872727,0.8200152669930612,0.8535793423652649
56,1,18,0.059004947543144226,0.10551322996616364,0.04994850183000611,0.10769635006203924,0.9815247058868408
56,1,19,0.961398184299469,0.8012545108795166,0.9672071157073182,0.8252314015288407,0.8836833238601685
56,1,20,0.06066371127963066,0.09017814695835114,0.05157760739293977,0.09117999266873081,0.9854850769042969
56,1,21,0.9487891793251038,0.7856063842773438,0.9515016202387072,0.8080897442975178,0.9036953449249268
56,1,22,0.08071986585855484,0.10711173713207245,0.06994170711471225,0.10887488670377618,0.9881455302238464
56,1,23,0.7659745216369629,0.7053137421607971,0.7525419779463816,0.7265238624656565,0.9781005382537842
56,1,24,0.5798238515853882,0.6988962292671204,0.5657186420230956,0.7171139611121785,0.9877392649650574
56,1,25,0.7708245515823364,0.9870949387550354,0.738629052054189,1.029068899267142,0.6428694128990173
56,1,26,0.5980517864227295,1.0730162858963013,0.577573223137376,1.0545093300726351,0.5904606580734253
56,1,27,0.754407525062561,1.2887731790542603,0.7286104448764426,1.3241993686288644,0.09352945536375046
56,1,28,0.6038134694099426,1.2953464984893799,0.5736160022113148,1.3317057471089064,0.08669045567512512
56,1,29,0.7486495971679688,1.3152788877487183,0.7253151797304699,1.3529644948018233,0.0919419527053833
56,1,30,0.6088829636573792,1.3224323987960815,0.5785793543832942,1.3624251256328528,0.04795033112168312
56,1,31,0.7471323609352112,1.4018564224243164,0.714008387186081,1.4323510054053241,0.05059075728058815
56,1,32,0.5970531702041626,1.394345760345459,0.5640938825009298,1.4315600370771178,0.03657456487417221
57,1,0,0.6257079243659973,0.15363113582134247,0.6256753515448819,0.14708709384238694,0.9956752061843872
57,1,1,0.6463500261306763,0.12318770587444305,0.6487980972209072,0.11820100947160248,0.9918151497840881
57,1,2,0.65605628490448,0.12044303119182587,0.6589173524702021,0.11662654566381357,0.9925472140312195
57,1,3,0.6654642820358276,0.11773042380809784,0.6695162709422648,0.11520645854429373,0.992557168006897
57,1,4,0.6302371025085449,0.12628291547298431,0.6305922959954703,0.12021289001547408,0.9881517887115479
57,1,5,0.6283625960350037,0.12556074559688568,0.627840104512083,0.11963081540416136,0.9874536991119385
57,1,6,0.6263127326965332,0.12471731752157211,0.6251080911593868,0.11907161093759003,0.9858949184417725
57,1,7,0.7069597840309143,0.125674307346344,0.706424509172584,0.12698188341133734,0.9952315092086792
57,1,8,0.6471099853515625,0.12937790155410767,0.6433693714675456,0.12862559581515523,0.9893094897270203
57,1,9,0.6513682007789612,0.17625053226947784,0.6505747221757651,0.17238997996815278,0.9976347088813782
57,1,10,0.6249707937240601,0.1776522397994995,0.6237561986620468,0.1729041589931933,0.9947744607925415
57,1,11,0.8681637048721313,0.2769147753715515,0.8589946378778571,0.28309153866841785,0.9978109002113342
57,1,12,0.5516718626022339,0.2491120845079422,0.5409379439542926,0.24948103421269935,0.997831404209137
57,1,13,0.9199129343032837,0.4997653663158417,0.9119553375315538,0.5145369895446394,0.9823877215385437
57,1,14,0.318539023399353,0.23895518481731415,0.310658722373779,0.24169974076194553,0.9978997707366943
57,1,15,0.954493522644043,0.726539134979248,0.9597331026231323,0.7497004822361586,0.931964099407196
57,1,16,0.11175547540187836,0.1457670032978058,0.10211265349289148,0.1476229894173941,0.9960756897926331
57,1,17,0.9691105484962463,0.7954098582267761,0.9787179518845457,0.8157511779289317,0.8600505590438843
57,1,18,0.05989736691117287,0.10541681945323944,0.05167186943972609,0.10730157504267196,0.981339693069458
57,1,19,0.9526521563529968,0.7976226210594177,0.9646855201190851,0.8204463995944679,0.8888247013092041
57,1,20,0.06176081299781799,0.09018827974796295,0.05334158045988122,0.09100825190486692,0.9853088855743408
57,1,21,0.9418558478355408,0.7809393405914307,0.9498307705430705,0.803384250725565,0.9072279334068298
57,1,22,0.08259464800357819,0.1071370542049408,0.07213365971875325,0.10857392926970239,0.9879211187362671
57,1,23,0.7655263543128967,0.7064425945281982,0.754791369667124,0.7230442732193054,0.9777973294258118
57,1,24,0.5775294303894043,0.7004168629646301,0.5677646512604667,0.7142210598058302,0.987410306930542
57,1,25,0.7747492790222168,0.9879629015922546,0.744890811707618,1.0219417291177866,0.6498940587043762
57,1,26,0.5977527499198914,1.0794991254806519,0.5810698480932114,1.0588400787292618,0.5951644778251648
57,1,27,0.7549135684967041,1.2943499088287354,0.7331689786126748,1.3190256723731684,0.09608191251754761
57,1,28,0.6031162142753601,1.2958412170410156,0.5787291082502884,1.3254883585847235,0.08705826103687286
57,1,29,0.749688982963562,1.321360468864441,0.7295391024076336,1.3474863965605475,0.09461137652397156
57,1,30,0.6081734895706177,1.3279054164886475,0.5837087540565482,1.3564411119727229,0.048290763050317764
57,1,31,0.7456152439117432,1.4055241346359253,0.7194869725127253,1.427701626257552,0.05233629047870636
57,1,32,0.5964983105659485,1.3972728252410889,0.569710850175325,1.425616369851039,0.0369434617459774
58,1,0,0.62186598777771,0.16185413300991058,0.6250156058355811,0.1496454477544962,0.995675802230835
58,1,1,0.6424458026885986,0.1312522143125534,0.6476978558884284,0.1204619826876524,0.9917398691177368
58,1,2,0.6519744992256165,0.12843196094036102,0.6577148028074242,0.11867162339765998,0.9925243258476257
58,1,3,0.6611520648002625,0.12559665739536285,0.6680674713477666,0.11700629870684276,0.9924839735031128
58,1,4,0.6265500783920288,0.13404183089733124,0.6298922172838275,0.1226086531869456,0.987945020198822
58,1,5,0.6245185136795044,0.13314354419708252,0.6272648448635859,0.12197177489520873,0.9872775673866272
58,1,6,0.6223738789558411,0.13204127550125122,0.6246345667928074,0.12131845273931026,0.9855837821960449
58,1,7,0.7032158970832825,0.1309361606836319,0.7058688179527703,0.127666729828059,0.995209813117981
58,1,8,0.6463239789009094,0.1335073858499527,0.6438810684487906,0.12947110295647396,0.9890117645263672
58,1,9,0.6470806002616882,0.18376705050468445,0.6499695790982958,0.17436082919457763,0.9976110458374023
58,1,10,0.6216794848442078,0.18451741337776184,0.6233965502212901,0.1749159366258979,0.9946342706680298
58,1,11,0.8684433698654175,0.2769680619239807,0.8606313466145539,0.282030936447052,0.9978894591331482
58,1,12,0.5513259768486023,0.25455132126808167,0.5427374092414738,0.25035919321982136,0.9977876543998718
58,1,13,0.9210885763168335,0.4977753758430481,0.9135373815062376,0.5116329053639225,0.9829516410827637
58,1,14,0.32071295380592346,0.24508549273014069,0.3124003474474826,0.24228611353100563,0.9978241324424744
58,1,15,0.9494594931602478,0.7190678119659424,0.9579534647742864,0.7443909139649288,0.9359976053237915
58,1,16,0.11769077181816101,0.14941933751106262,0.10481159125458551,0.1479340811070794,0.996103823184967
58,1,17,0.9636760354042053,0.788033127784729,0.9761119544848599,0.8109472222995003,0.8670722842216492
58,1,18,0.06345014274120331,0.10871836543083191,0.05371224395996617,0.10754693210150149,0.9815914630889893
58,1,19,0.9473651647567749,0.7904521822929382,0.9616845798991197,0.8152475940721889,0.8944210410118103
58,1,20,0.06519481539726257,0.09396397322416306,0.055394945341073136,0.091520141774163,0.9854903221130371
58,1,21,0.9366990923881531,0.7730765342712402,0.9475558506295312,0.7981310581502109,0.9113495349884033
58,1,22,0.0875375047326088,0.11108624190092087,0.07480239026507794,0.10900902111435344,0.9880227446556091
58,1,23,0.7697497606277466,0.7038806080818176,0.7573828901524836,0.7197237736282657,0.9769567251205444
58,1,24,0.5791851282119751,0.6981977820396423,0.5697430227781554,0.7114449593894161,0.9864755868911743
58,1,25,0.7788859605789185,0.9880350232124329,0.7507837952026334,1.0160640809530472,0.6582682132720947
58,1,26,0.6199203729629517,1.0260244607925415,0.5878054818583364,1.0531517654167912,0.6029426455497742
58,1,27,0.7534198760986328,1.291988730430603,0.7366779772343542,1.3143398554056525,0.10087305307388306
58,1,28,0.6072569489479065,1.2970424890518188,0.5836735344889283,1.3205581493938157,0.08890023082494736
58,1,29,0.7468786835670471,1.3195133209228516,0.7325433762306699,1.3426381996609729,0.10027711093425751
58,1,30,0.611930787563324,1.3274438381195068,0.5886001330787629,1.3514152496376308,0.04996788874268532
58,1,31,0.7453378438949585,1.401031494140625,0.7239670679923175,1.4230794334812507,0.054762765765190125
58,1,32,0.6027961373329163,1.396761417388916,0.5754459552678663,1.4206151972817882,0.037868525832891464
59,1,0,0.6213297843933105,0.16291849315166473,0.6243772588368715,0.15194486773052118,0.9957029223442078
59,1,1,0.6420894265174866,0.1327599436044693,0.6467264764900972,0.12259241679451503,0.9916719198226929
59,1,2,0.6516112089157104,0.12966307997703552,0.6566576452345331,0.12057565078647796,0.9925095438957214
59,1,3,0.660875678062439,0.12656304240226746,0.6668217942000199,0.11866172234389226,0.9923998117446899
59,1,4,0.6262022256851196,0.13633768260478973,0.6292531479581603,0.12498710038364096,0.9877423644065857
59,1,5,0.6243155598640442,0.13564786314964294,0.6267540698200357,0.12434104667865617,0.9870392680168152
59,1,6,0.6224998235702515,0.13465523719787598,0.6242648680790168,0.12362891932054222,0.9851031303405762
59,1,7,0.7039933204650879,0.13202621042728424,0.7055440184117432,0.12842176314211462,0.9951829314231873
59,1,8,0.6515229940414429,0.1361788958311081,0.64520473033857,0.13063293050917546,0.9888819456100464
59,1,9,0.6467204689979553,0.1840141862630844,0.6494068734716155,0.17603299307531264,0.9975674748420715
59,1,10,0.6227496862411499,0.18500284850597382,0.6232845301522161,0.17666322407107757,0.9944648146629333
59,1,11,0.874132513999939,0.27729225158691406,0.862970302779522,0.28121021798558804,0.9979909658432007
59,1,12,0.5583512783050537,0.25480011105537415,0.5454425438998702,0.25112833277079566,0.9978261590003967
59,1,13,0.9192801713943481,0.49363428354263306,0.9145320363579656,0.5085143836857156,0.9822625517845154
59,1,14,0.3254093527793884,0.24532335996627808,0.31465400769496554,0.24281212369793995,0.9977672696113586
59,1,15,0.9468867182731628,0.7070963382720947,0.9560363906548635,0.7379253422588372,0.9367693066596985
59,1,16,0.12477730959653854,0.1497502624988556,0.1082711449175142,0.14824860771718446,0.9959637522697449
59,1,17,0.9608097672462463,0.7746033072471619,0.973460844582142,0.8046466421443836,0.8686261177062988
59,1,18,0.06734471023082733,0.11093415319919586,0.05607395575890516,0.10813355934818855,0.9811596870422363
59,1,19,0.9449706673622131,0.775601863861084,0.9587887651229553,0.808373929385868,0.8953635692596436
59,1,20,0.06894354522228241,0.09558822214603424,0.05774212204611765,0.09222470034153492,0.9851297736167908
59,1,21,0.9326056838035583,0.7569040060043335,0.9449657557850443,0.7909828893055041,0.9117798209190369
59,1,22,0.09169888496398926,0.11216356605291367,0.07772985512274003,0.10955534774000131,0.9877266883850098
59,1,23,0.7724074721336365,0.7048565149307251,0.7599858833749787,0.7171480475569262,0.9772446751594543
59,1,24,0.5917138457298279,0.6991034746170044,0.5735502395743123,0.7093069817519427,0.9863104224205017
59,1,25,0.7863288521766663,0.9815687537193298,0.7569457391506981,1.0100842924600602,0.6678964495658875
59,1,26,0.6143210530281067,1.0223321914672852,0.5924008655331466,1.0478097694550859,0.6118059158325195
59,1,27,0.7690889239311218,1.2653530836105347,0.742296074562096,1.305844281634407,0.1070031076669693
59,1,28,0.6103163957595825,1.2588860988616943,0.5882909961014705,1.3098585491326968,0.09320656210184097
59,1,29,0.757106363773346,1.2930010557174683,0.736800108581216,1.3340296653660577,0.1102662980556488
59,1,30,0.6175156235694885,1.2898424863815308,0.59361180502103,1.3407329047670222,0.055758681148290634
59,1,31,0.7818361520767212,1.3758506774902344,0.73400573529313,1.4148891784810271,0.058149732649326324
59,1,32,0.5965954661369324,1.3566852807998657,0.5791107625704788,1.4095231243740893,0.04029538854956627
60,1,0,0.629219114780426,0.1675320714712143,0.6252158486753187,0.1546453799598986,0.9959591627120972
60,1,1,0.6505988836288452,0.13620707392692566,0.6473971421695576,0.12495104182909043,0.9921475648880005
60,1,2,0.6606444120407104,0.13303335011005402,0.6573481193442393,0.1227337675384935,0.9929254055023193
60,1,3,0.6706284284591675,0.1298624873161316,0.6674810673130364,0.12060202003252667,0.9928269386291504
60,1,4,0.6329944133758545,0.1396709531545639,0.6299010985212129,0.12753103635162483,0.9883722066879272
60,1,5,0.6306162476539612,0.13884708285331726,0.6274229636580085,0.12685416299471097,0.9876129031181335
60,1,6,0.6283375024795532,0.13771270215511322,0.6249702155248619,0.12606885086483877,0.9857463240623474
60,1,7,0.7134407162666321,0.1337241381406784,0.7069118200213543,0.12934012559408636,0.9954419136047363
60,1,8,0.6571292877197266,0.13757985830307007,0.647270454977278,0.1318361862434933,0.9894521236419678
60,1,9,0.6574943661689758,0.18790164589881897,0.6508077311094146,0.17808902957426825,0.9976904988288879
60,1,10,0.6325592994689941,0.18943381309509277,0.6248910966370286,0.17887556522042555,0.9947324395179749
60,1,11,0.8807918429374695,0.2774489223957062,0.8660581256471761,0.2805587980074106,0.9981421828269958
60,1,12,0.561967670917511,0.25445306301116943,0.5483056342828253,0.2517041362107202,0.9979389905929565
60,1,13,0.9232161045074463,0.49001947045326233,0.9160362554433861,0.505309824532625,0.9819543361663818
60,1,14,0.32920166850090027,0.2465714067220688,0.3171743388087612,0.24346319501257135,0.9977799654006958
60,1,15,0.9478142857551575,0.7010020017623901,0.9546122108192616,0.7315242001150377,0.9393660426139832
60,1,16,0.12686942517757416,0.1497456431388855,0.11149362390535203,0.14850786208546835,0.9960249066352844
60,1,17,0.9615814685821533,0.7677067518234253,0.9714029496682425,0.798242628189582,0.8738510012626648
60,1,18,0.06983176618814468,0.1114046573638916,0.0584573914054163,0.10870007345395015,0.981644868850708
60,1,19,0.9448617696762085,0.7666477560997009,0.9563760072806723,0.8011391103276776,0.8992123603820801
60,1,20,0.07099981606006622,0.09634671360254288,0.060038881804499906,0.09293860080901438,0.9854763746261597
60,1,21,0.932397723197937,0.7480036616325378,0.9427885180509575,0.7835305254128352,0.9148725867271423
60,1,22,0.0937524065375328,0.11257877945899963,0.08050582886845692,0.11007896517942825,0.9880402684211731
60,1,23,0.7763532400131226,0.7055974006652832,0.7628216253788015,0.7151471181250718,0.9785243272781372
60,1,24,0.5951268076896667,0.6994577646255493,0.5772890937982945,0.7076008800746948,0.9868459701538086
60,1,25,0.7977976202964783,0.9658891558647156,0.7640287811482289,1.0024208058897717,0.6811445951461792
60,1,26,0.6163374185562134,1.0035818815231323,0.5965489611584062,1.0401406066796262,0.6258145570755005
60,1,27,0.7849738001823425,1.2425707578659058,0.7496960914616647,1.2948663094388597,0.11818490922451019
60,1,28,0.6182094216346741,1.235062599182129,0.5934766543558264,1.296876946436942,0.10123980045318604
60,1,29,0.7715940475463867,1.2691806554794312,0.7428317040735152,1.3227778129941985,0.12476598471403122
60,1,30,0.6274439692497253,1.2661234140396118,0.5994765074857906,1.3277837344140944,0.06462141126394272
60,1,31,0.8065054416656494,1.3552645444869995,0.7465879302471948,1.4045454231470127,0.0634930282831192
60,1,32,0.5972164869308472,1.337293267250061,0.5822478526225172,1.396987856798862,0.04435256868600845
61,1,0,0.620485246181488,0.17070434987545013,0.6243965303961911,0.15742766611228762,0.9962155818939209
61,1,1,0.6417086720466614,0.13938362896442413,0.6464118973078139,0.12745142789998054,0.9926795959472656
61,1,2,0.6509717106819153,0.13632261753082275,0.6562437004699742,0.12508791991736937,0.993415117263794
61,1,3,0.6604301333427429,0.13320447504520416,0.666259793257777,0.12278522314926897,0.9933255314826965
61,1,4,0.6264809966087341,0.142632856965065,0.6293087761524259,0.13014741701146987,0.9890555739402771
61,1,5,0.6252313256263733,0.14180627465248108,0.6270434111402066,0.1294445950183735,0.9882985949516296
61,1,6,0.62415611743927,0.14069829881191254,0.6248292341319693,0.1286033572766663,0.9864957928657532
61,1,7,0.7096602320671082,0.1366073340177536,0.7073878038725221,0.1305988682546763,0.9957537055015564
61,1,8,0.6583219170570374,0.14049296081066132,0.6491848806500768,0.133335676295434,0.9900561571121216
61,1,9,0.6479470729827881,0.19206862151622772,0.6503123063228412,0.18051090305264397,0.9978392720222473
61,1,10,0.6289535164833069,0.19356583058834076,0.625594674789299,0.18142061262573964,0.9949755072593689
61,1,11,0.8862829804420471,0.28133881092071533,0.86956260841751,0.2806938765637275,0.9982910752296448
61,1,12,0.5655224919319153,0.2596830427646637,0.5512886337309202,0.2530861805891347,0.9980053901672363
61,1,13,0.9315240383148193,0.491864949464798,0.9187195350114952,0.5029806240669943,0.9826191663742065
61,1,14,0.32589471340179443,0.25181254744529724,0.31868484851812107,0.2449094213221762,0.9977837800979614
61,1,15,0.9506324529647827,0.7061041593551636,0.9539229508020307,0.7271188263284643,0.9436681270599365
61,1,16,0.10945063084363937,0.1528143435716629,0.1111398156640185,0.14925371514276284,0.9961813688278198
61,1,17,0.9575737714767456,0.7717470526695251,0.969007145080465,0.793650712774821,0.882449209690094
61,1,18,0.04934920370578766,0.11373262852430344,0.05687968822682032,0.10957169650208812,0.982380211353302
61,1,19,0.9384878873825073,0.7710471153259277,0.9532766424622843,0.7959233397674865,0.9060181975364685
61,1,20,0.05274760350584984,0.09805518388748169,0.05877596922386867,0.09382477949134398,0.9860518574714661
61,1,21,0.9274610877037048,0.7527382373809814,0.9401330326039498,0.7781932625218916,0.9203270077705383
61,1,22,0.07852397859096527,0.11429595202207565,0.0801626100314257,0.11080931641508807,0.9885082244873047
61,1,23,0.776892364025116,0.721143901348114,0.7652592964616219,0.7161857722037547,0.9799461364746094
61,1,24,0.5976269245147705,0.7150706052780151,0.5808131647951202,0.7088947078974827,0.9875642657279968
61,1,25,0.8117644190788269,0.9904680848121643,0.7723070642073296,1.000350196626941,0.6870675683021545
61,1,26,0.6245883703231812,1.0081591606140137,0.6014086617981168,1.0345970272520337,0.6323778033256531
61,1,27,0.8009855151176453,1.2590943574905396,0.7585916165007675,1.2886649835136756,0.11438674479722977
61,1,28,0.6215353608131409,1.246659517288208,0.5983397024506742,1.2881676138096312,0.09566885232925415
61,1,29,0.7859463691711426,1.283570647239685,0.7503075813516848,1.315980266101124,0.12066185474395752
61,1,30,0.6330055594444275,1.2691400051116943,0.6052886138986949,1.317610435298712,0.06173131614923477
61,1,31,0.8108364343643188,1.3700517416000366,0.7577353930316315,1.3985659252893092,0.06123949959874153
61,1,32,0.5993649959564209,1.343650460243225,0.5852135678228627,1.387736554676329,0.04203473776578903
62,1,0,0.6043253540992737,0.16691532731056213,0.6209186932527223,0.1590711200180048,0.9961433410644531
62,1,1,0.6262981295585632,0.13804811239242554,0.6429266756310564,0.12928704812540529,0.9925652742385864
62,1,2,0.6344244480133057,0.1354140043258667,0.6524627664968629,0.1268766506263808,0.9932960867881775
62,1,3,0.6428846120834351,0.13256961107254028,0.6622090519252524,0.12448009114249449,0.9931970238685608
62,1,4,0.6157875657081604,0.13989533483982086,0.6269663466831223,0.1318359658173531,0.9888185858726501
62,1,5,0.6166108846664429,0.13862664997577667,0.6252362364542771,0.13103509716356987,0.9879769682884216
62,1,6,0.6178281307220459,0.13710889220237732,0.6236165928726795,0.1300766436450874,0.9861385822296143
62,1,7,0.691867470741272,0.13512130081653595,0.704698882617663,0.1313821276382025,0.9956542253494263
62,1,8,0.6545711755752563,0.13833221793174744,0.6501177803465491,0.1342010609983718,0.9899106621742249
62,1,9,0.6271501779556274,0.18847306072711945,0.6462985111686279,0.18189004574343678,0.9978175759315491
62,1,10,0.6151026487350464,0.18898163735866547,0.6237771900520691,0.18273025842781315,0.9947683215141296
62,1,11,0.86985182762146,0.28019416332244873,0.8696126931598973,0.28060733955709094,0.9983782172203064
62,1,12,0.5563615560531616,0.2576834559440613,0.5521672495065503,0.2538824040835999,0.9980447888374329
62,1,13,0.9261293411254883,0.4916360676288605,0.9200029824654038,0.5010154084941565,0.9824000000953674
62,1,14,0.31597208976745605,0.255131334066391,0.3182150398792007,0.24668010132758567,0.9977556467056274
62,1,15,0.9334024786949158,0.7051458954811096,0.9503672134838768,0.7233112419663394,0.9452533721923828
62,1,16,0.09583296626806259,0.15500767529010773,0.10848789810009485,0.15025030494524477,0.9961469769477844
62,1,17,0.9389157295227051,0.7704775333404541,0.9637914786421363,0.7896349984562596,0.8857996463775635
62,1,18,0.03988340497016907,0.11435172706842422,0.053934925871343666,0.11039957680269445,0.9823176860809326
62,1,19,0.9248422980308533,0.7705718278884888,0.9483484368492443,0.7915298508457552,0.9082803726196289
62,1,20,0.04305892065167427,0.0989271029829979,0.056052950701734286,0.09470848807598686,0.9859451651573181
62,1,21,0.9105147123336792,0.752591609954834,0.9349994394145018,0.7737563901135046,0.9217353463172913
62,1,22,0.06699205189943314,0.11572382599115372,0.0778809521489487,0.11166049133077478,0.9883953928947449
62,1,23,0.7607467770576477,0.7260025143623352,0.7644777543171479,0.7178862456905396,0.9806088805198669
62,1,24,0.5954079031944275,0.7230692505836487,0.5833416557693208,0.711350369150057,0.987819492816925
62,1,25,0.7636786699295044,1.0334867238998413,0.7708124928800191,1.0060941795646687,0.6842082142829895
62,1,26,0.6203826665878296,1.0139155387878418,0.6046962802618919,1.031013369060077,0.6333535313606262
62,1,27,0.7765130400657654,1.2868999242782593,0.7616967573837287,1.2883593102538218,0.11228170245885849
62,1,28,0.6165233850479126,1.2728368043899536,0.6014903073323973,1.2855115373291255,0.09041333198547363
62,1,29,0.7683918476104736,1.3133647441864014,0.7534409514831061,1.3155272979188992,0.1183694452047348
62,1,30,0.6291730999946594,1.2954742908477783,0.6094276805548141,1.313774543281185,0.06001732498407364
62,1,31,0.7901120781898499,1.3968439102172852,0.7633475551627358,1.3982677068642038,0.060288138687610626
62,1,32,0.5886242985725403,1.3683946132659912,0.5858042674025508,1.3843851419521627,0.040358081459999084
63,1,0,0.6070963740348816,0.1659824401140213,0.6185240775524479,0.1602682070811972,0.9963527917861938
63,1,1,0.6295129060745239,0.13770899176597595,0.6406028666836378,0.13074585156124408,0.9929772615432739
63,1,2,0.6382306218147278,0.1351778656244278,0.6499971211236838,0.12831453686509206,0.993683934211731
63,1,3,0.6472656726837158,0.13243050873279572,0.6596201334824618,0.12585719983751473,0.9935657382011414
63,1,4,0.616586446762085,0.1393255591392517,0.6251682910117304,0.13313323624087992,0.989453136920929
63,1,5,0.6163824200630188,0.13805833458900452,0.6237026065962077,0.13225157315238492,0.9886642694473267
63,1,6,0.6166134476661682,0.13657724857330322,0.6224035978644169,0.13120257817516418,0.9869149327278137
63,1,7,0.6944144368171692,0.1350846290588379,0.7029173670413741,0.1320233638472729,0.9959030151367188
63,1,8,0.649120032787323,0.1381053328514099,0.6499449945115772,0.1348772459383209,0.9905173778533936
63,1,9,0.6313104033470154,0.18800334632396698,0.6437018401100635,0.18294888502489162,0.9979342818260193
63,1,10,0.6161121129989624,0.18819677829742432,0.6224495172823213,0.1836770552361551,0.9950293898582458
63,1,11,0.8650364279747009,0.27690500020980835,0.8688201091030374,0.2799661313869171,0.9984717965126038
63,1,12,0.5533401370048523,0.25615307688713074,0.5523703664753523,0.254275644961425,0.9981293678283691
63,1,13,0.9263565540313721,0.490820050239563,0.9211034453062357,0.4992493293657676,0.9824827313423157
63,1,14,0.30943384766578674,0.25560832023620605,0.3166939931905809,0.24822662248013855,0.9977828860282898
63,1,15,0.9323907494544983,0.7014762759208679,0.9472525335516707,0.7195275806912834,0.9471638798713684
63,1,16,0.08939439803361893,0.1552746742963791,0.1051795652484921,0.15112051004554478,0.9962965846061707
63,1,17,0.9413135051727295,0.7635347247123718,0.9598963205234783,0.7851116460840338,0.889531135559082
63,1,18,0.034782201051712036,0.11435376852750778,0.05061632498280165,0.11108440844298527,0.9830034971237183
63,1,19,0.928803026676178,0.7654404044151306,0.944961754406552,0.7870083757096605,0.9111214280128479
63,1,20,0.03872235491871834,0.0988781750202179,0.05305023530113915,0.09543064629612223,0.9864763021469116
63,1,21,0.914807140827179,0.7469871640205383,0.9315006010583121,0.7691170098439446,0.92384272813797
63,1,22,0.06264746189117432,0.11569314450025558,0.07524174967770064,0.11235891345904957,0.9888007640838623
63,1,23,0.7627124190330505,0.7262905836105347,0.7641720337445332,0.7193419983157183,0.9810531139373779
63,1,24,0.5891051888465881,0.722690999507904,0.5843399041322288,0.7133149035657342,0.9879770874977112
63,1,25,0.771657407283783,1.0097789764404297,0.7709588111562969,1.0067323484206514,0.6965600252151489
63,1,26,0.6223419904708862,1.0192956924438477,0.6077536234633851,1.0289834940962275,0.6445285081863403
63,1,27,0.7686328291893005,1.2940324544906616,0.7628981334089407,1.289341899077528,0.11682551354169846
63,1,28,0.6198204755783081,1.286698818206787,0.6046663069136826,1.2857171465937056,0.09004269540309906
63,1,29,0.761547327041626,1.3205755949020386,0.7548450813478365,1.3164016466383652,0.1213521659374237
63,1,30,0.6320639848709106,1.3118529319763184,0.6133502960808184,1.3134417565805556,0.060093995183706284
63,1,31,0.7765126824378967,1.4063750505447388,0.7656282762605936,1.3996720020924818,0.062288593500852585
63,1,32,0.5925292372703552,1.384851098060608,0.586969071256676,1.3844658328916197,0.040347833186388016
64,1,0,0.5992492437362671,0.16445088386535645,0.6151843063626531,0.16099261536851617,0.9964834451675415
64,1,1,0.6232656240463257,0.13685740530490875,0.6375989988622429,0.13180438826451843,0.9932814836502075
64,1,2,0.6317707896232605,0.13432100415229797,0.6468391244894094,0.1293548690284231,0.993974506855011
64,1,3,0.6404750347137451,0.1316189169883728,0.6563028544521743,0.12685513343291907,0.993847668170929
64,1,4,0.6109810471534729,0.13850687444210052,0.6227104278361174,0.13406394344937653,0.9898572564125061
64,1,5,0.6110097765922546,0.13726045191287994,0.6215037413062585,0.13311909498023042,0.9890915155410767
64,1,6,0.6114006638526917,0.13580046594142914,0.6204975815742485,0.1319989078298672,0.9873833060264587
64,1,7,0.6889330148696899,0.13518288731575012,0.7004946684866171,0.13257055277592228,0.9960891008377075
64,1,8,0.6437515020370483,0.1375933289527893,0.6488722632932536,0.13534763040355696,0.9908975958824158
64,1,9,0.6232450008392334,0.18688197433948517,0.6401571356204936,0.18363006149791544,0.9980172514915466
64,1,10,0.6084134578704834,0.18685735762119293,0.6200178570915958,0.18422784317213634,0.995181679725647
64,1,11,0.8580707907676697,0.27616381645202637,0.866958040527411,0.27930760646880687,0.9985571503639221
64,1,12,0.5479081869125366,0.2598806321620941,0.5515975440630997,0.25524642817996535,0.9981662034988403
64,1,13,0.9164741635322571,0.48964372277259827,0.9203016777299765,0.4975854388174254,0.9822327494621277
64,1,14,0.3070739507675171,0.26081618666648865,0.31502760180462,0.2504075916426083,0.9977236986160278
64,1,15,0.9279050230979919,0.7010173201560974,0.9439001619753267,0.71632035982794,0.9479395151138306
64,1,16,0.09081938117742538,0.15718258917331696,0.10269172824394386,0.15217047599907507,0.9963183999061584
64,1,17,0.9369383454322815,0.7632330060005188,0.9559179264507086,0.7813204118904471,0.8911516666412354
64,1,18,0.03573637455701828,0.11571957170963287,0.04803840037895688,0.11188719487188287,0.9831840991973877
64,1,19,0.9239087104797363,0.7658431529998779,0.941313675163389,0.7833408439973719,0.9121979475021362
64,1,20,0.0393131859600544,0.10059157013893127,0.05067039801973026,0.09632450588198364,0.9866093397140503
64,1,21,0.9099791646003723,0.7473808526992798,0.9277713061545975,0.7653504813581149,0.9244287610054016
64,1,22,0.06349282711744308,0.11813512444496155,0.07320646166001551,0.11335935779884339,0.9889153838157654
64,1,23,0.7569775581359863,0.7233962416648865,0.7629258918435634,0.7200441599927837,0.9813438653945923
64,1,24,0.5828480124473572,0.7196344137191772,0.58408154063759,0.7144094654977247,0.9879378080368042
64,1,25,0.7699263691902161,0.9986725449562073,0.7707800170130853,1.0053362868413598,0.7008655071258545
64,1,26,0.6204743981361389,1.0105303525924683,0.6099573328308969,1.0257861753064137,0.6444793343544006
64,1,27,0.7604238390922546,1.28273344039917,0.7624696264994383,1.288197278972958,0.11611352860927582
64,1,28,0.6190990805625916,1.2765804529190063,0.6071667265818319,1.2841345018434474,0.08719275146722794
64,1,29,0.7534995079040527,1.307699203491211,0.7546120581148517,1.3148942422804268,0.12140707671642303
64,1,30,0.6316459774971008,1.302204966545105,0.6165203172181877,1.3114952129539752,0.059782519936561584
64,1,31,0.7685134410858154,1.3974872827529907,0.7661279464355031,1.3992936474804256,0.06159229949116707
64,1,32,0.5923723578453064,1.3732906579971313,0.5879049146414349,1.3825299667039614,0.03939027711749077
65,1,0,0.599820613861084,0.16899363696575165,0.6125225355102769,0.16237849142700647,0.996622622013092
65,1,1,0.6242095828056335,0.14043350517749786,0.6352794104685786,0.1332990864326873,0.9935799837112427
65,1,2,0.6327742338180542,0.13791808485984802,0.6444024670770732,0.13083814914580258,0.9942636489868164
65,1,3,0.6415050029754639,0.13530045747756958,0.6537391594949862,0.12831798768865757,0.9941259026527405
65,1,4,0.6113355755805969,0.1423301249742508,0.6207399627608139,0.13549575991101323,0.9902505278587341
65,1,5,0.6113417744636536,0.1412125676870346,0.6197434485065895,0.13452098861386536,0.9894880652427673
65,1,6,0.612087607383728,0.13989736139774323,0.6190408520361277,0.1333670136116011,0.9877819418907166
65,1,7,0.6917272806167603,0.1390291452407837,0.6989760133355534,0.1336892090703763,0.9962932467460632
65,1,8,0.6474827527999878,0.14098013937473297,0.6486316307173893,0.13632318122802428,0.9912241697311401
65,1,9,0.624552309513092,0.1929035186767578,0.6374535685431545,0.18523640055162593,0.9981163740158081
65,1,10,0.6112200021743774,0.19326002895832062,0.618493923198363,0.1857923780941963,0.9953804612159729
65,1,11,0.8683534860610962,0.2789326012134552,0.8671997009938466,0.27924266580434126,0.9986346960067749
65,1,12,0.551826000213623,0.26663273572921753,0.5516371062552174,0.2572188782448394,0.9982051253318787
65,1,13,0.9306077361106873,0.4937736988067627,0.922086938405191,0.49692528128462177,0.9828393459320068
65,1,14,0.31056270003318787,0.2636471688747406,0.3142543077921552,0.25270121149255353,0.9977033734321594
65,1,15,0.9340853095054626,0.7089250683784485,0.9422000150785521,0.7150394264405513,0.9500159621238708
65,1,16,0.09255650639533997,0.1593548208475113,0.1009360697226815,0.153414862923819,0.9962982535362244
65,1,17,0.9393486976623535,0.7725101709365845,0.953047190992105,0.7797943311176263,0.8947053551673889
65,1,18,0.036918409168720245,0.12052223086357117,0.04611209955277408,0.11338291850866306,0.9831817150115967
65,1,19,0.9250392317771912,0.7728627920150757,0.9384940383603786,0.7815257793586392,0.9149910807609558
65,1,20,0.04033916816115379,0.10554618388414383,0.04888077569585563,0.09792187328456362,0.9866147041320801
65,1,21,0.9136896729469299,0.7536831498146057,0.9253317465406925,0.7633293310279846,0.9265838861465454
65,1,22,0.06372115015983582,0.1214376837015152,0.0715634149967612,0.11475862710697007,0.988939642906189
65,1,23,0.7667226791381836,0.7284797430038452,0.7635834593377052,0.7215053262295892,0.9805173873901367
65,1,24,0.5881382822990417,0.7237498164176941,0.5847841353143942,0.7160273948825779,0.9872115254402161
65,1,25,0.78775554895401,0.9930794835090637,0.7737211841170558,1.0032129834491574,0.7078216075897217
65,1,26,0.6270005106925964,1.0088845491409302,0.6129102258574253,1.0228578194788773,0.6483485102653503
65,1,27,0.7623096704483032,1.2734204530715942,0.7624419266774785,1.285637226356058,0.11797663569450378
65,1,28,0.6296435594558716,1.2764956951141357,0.6110616879726342,1.2828113787703033,0.08625447005033493
65,1,29,0.7550473809242249,1.2972936630249023,0.75468744429673,1.311844721589623,0.12497701495885849
65,1,30,0.6421350836753845,1.3026456832885742,0.6209594632242477,1.3099623236650866,0.061175063252449036
65,1,31,0.7689347267150879,1.3886431455612183,0.7666140402304917,1.3974487004273222,0.06221316009759903
65,1,32,0.6048701405525208,1.3735857009887695,0.5908442944260565,1.3809806633004102,0.039150822907686234
66,1,0,0.6069614291191101,0.16984716057777405,0.6115593535894535,0.1636721367466426,0.9966015219688416
66,1,1,0.6295238733291626,0.14109858870506287,0.6342825473902295,0.13465004866838795,0.9935805797576904
66,1,2,0.638191282749176,0.1384371817111969,0.6433266708340022,0.13215437981354602,0.9943141341209412
66,1,3,0.6468310952186584,0.1355411410331726,0.6525426364143249,0.12956909805906014,0.9941400289535522
66,1,4,0.6170609593391418,0.14289088547229767,0.6201027965873075,0.13677666394820984,0.9901817440986633
66,1,5,0.6173021793365479,0.14180302619934082,0.6193206611241865,0.13578230047749146,0.989454448223114
66,1,6,0.6180219054222107,0.14052030444145203,0.6188643949097905,0.13460602062295043,0.9876468181610107
66,1,7,0.6981672644615173,0.13886328041553497,0.6988359582988526,0.1345853461243202,0.9963545799255371
66,1,8,0.6531363725662231,0.1415533423423767,0.6494118257895699,0.13722903443118856,0.9911697506904602
66,1,9,0.633664071559906,0.1938169300556183,0.6367972637695444,0.18672268041823512,0.9981350898742676
66,1,10,0.620353102684021,0.1944563388824463,0.6188158966383708,0.1872931133108966,0.9953807592391968
66,1,11,0.8778618574142456,0.2806071639060974,0.8690466663156007,0.2794789666099955,0.9986808896064758
66,1,12,0.5573073625564575,0.26556649804115295,0.5526191961160246,0.25866480439892053,0.9981905817985535
66,1,13,0.9338777661323547,0.49349245429039,0.9241294885006106,0.4963307547138533,0.9834834933280945
66,1,14,0.3163735568523407,0.2654132544994354,0.3146213230764748,0.25490340662422223,0.997656524181366
66,1,15,0.9423509836196899,0.7123850584030151,0.9422261585242941,0.7145797307232801,0.9524224996566772
66,1,16,0.0955895185470581,0.16174769401550293,0.10001005474486686,0.15485822683654352,0.9962574243545532
66,1,17,0.9510148167610168,0.7783399224281311,0.9526952216783708,0.7795424589831388,0.8990305066108704
66,1,18,0.0381300114095211,0.12420346587896347,0.04472950376367549,0.11525733012722836,0.9830808043479919
66,1,19,0.9343128204345703,0.7777279615402222,0.937769882621052,0.7808680330413246,0.9185234308242798
66,1,20,0.04134036973118782,0.10908244550228119,0.04757470205109712,0.09985520617336258,0.9865536093711853
66,1,21,0.9231375455856323,0.7585647106170654,0.9249517500182248,0.7625041195973363,0.9292819499969482
66,1,22,0.06445759534835815,0.12450980395078659,0.0703326321779008,0.11644774052363113,0.9888719916343689
66,1,23,0.7764431238174438,0.7286517024040222,0.7658112378347439,0.7227431350866107,0.9792441129684448
66,1,24,0.596386194229126,0.7237153053283691,0.5867939733272101,0.7173590235232373,0.9861631989479065
66,1,25,0.7992006540298462,0.9941517114639282,0.7781368643982107,1.0016434078433571,0.7153988480567932
66,1,26,0.6270186901092529,1.0401376485824585,0.6153544361456882,1.025851732872757,0.6509809494018555
66,1,27,0.7686622738838196,1.279776692390442,0.7635193106484509,1.2846221738899142,0.120658278465271
66,1,28,0.6390235424041748,1.2877269983291626,0.615907935127379,1.283662745102342,0.08708493411540985
66,1,29,0.7613369226455688,1.3037974834442139,0.7558391698574324,1.3104508372369725,0.12834344804286957
66,1,30,0.6496922969818115,1.3143407106399536,0.6259394496490336,1.3107206310301867,0.06241420656442642
66,1,31,0.7713835835456848,1.3963228464126587,0.7674401047899769,1.3972537287542537,0.06344259530305862
66,1,32,0.6223651766777039,1.3857994079589844,0.5963079623529302,1.3818152488084416,0.03940669074654579
67,1,0,0.607845664024353,0.16975083947181702,0.610916179426185,0.16472498252277792,0.9966708421707153
67,1,1,0.629963755607605,0.14087942242622375,0.633534561932583,0.13572899591588716,0.9937602281570435
67,1,2,0.6391823291778564,0.13786962628364563,0.6426089027103417,0.13314426328232046,0.9945210218429565
67,1,3,0.6484004259109497,0.13462772965431213,0.651825237424525,0.13044523821080037,0.994334876537323
67,1,4,0.6167746782302856,0.14275045692920685,0.6195264062408726,0.1378113358479245,0.9903074502944946
67,1,5,0.61690354347229,0.14168286323547363,0.6189020566902448,0.13680428651540397,0.989569902420044
67,1,6,0.6173661947250366,0.1404212862253189,0.6186049388159418,0.1356132304825979,0.9876618981361389
67,1,7,0.7006115317344666,0.13667941093444824,0.6991434520320201,0.1349479996702685,0.9964864253997803
67,1,8,0.6529222130775452,0.14066120982170105,0.6500197862628893,0.13782344805697827,0.9912145733833313
67,1,9,0.6366575956344604,0.1937728077173233,0.6367730772339472,0.18794381488310447,0.9982012510299683
67,1,10,0.6215538382530212,0.1944015771150589,0.6192900669817422,0.1885243542536877,0.9954911470413208
67,1,11,0.8796986937522888,0.2791244089603424,0.8708918764806687,0.27941756695063313,0.9987590312957764
67,1,12,0.5618006587028503,0.26177898049354553,0.5542095956444466,0.25920413901997674,0.998212456703186
67,1,13,0.9273695945739746,0.48931798338890076,0.9246906347072219,0.4951160918399645,0.984154999256134
67,1,14,0.3297290802001953,0.266715407371521,0.31723873268059805,0.25694962589111825,0.9975355267524719
67,1,15,0.9424715042114258,0.7124541401863098,0.942268645521756,0.7142116170167266,0.9548381567001343
67,1,16,0.10752750188112259,0.1660284548997879,0.10131215068196728,0.15679323296370634,0.9960675835609436
67,1,17,0.9546723961830139,0.7797483801841736,0.9530376306854907,0.7795781187123075,0.9036884903907776
67,1,18,0.04790322110056877,0.13156989216804504,0.04527915108488515,0.11808357375436102,0.9825795292854309
67,1,19,0.9389590620994568,0.7787718772888184,0.9379758210042028,0.7805050171921041,0.9223156571388245
67,1,20,0.046713657677173615,0.11589797586202621,0.047425590508349845,0.10263468423053997,0.9861781597137451
67,1,21,0.9270886778831482,0.7591431140899658,0.9253218270540057,0.7619220327530413,0.9322784543037415
67,1,22,0.07045824080705643,0.13081608712673187,0.07035438399634171,0.11893699239396748,0.9885547757148743
67,1,23,0.7749481201171875,0.7247306704521179,0.767393913100342,0.7230873385511136,0.9788849949836731
67,1,24,0.5982134938240051,0.7164043188095093,0.5887721791421116,0.7171936918684038,0.9853979349136353
67,1,25,0.8046292066574097,0.9822529554367065,0.7827282186858509,0.9982835897093497,0.7253878116607666
67,1,26,0.631587028503418,1.003281593322754,0.6181668187950596,1.021940591877627,0.6595768928527832
67,1,27,0.7667774558067322,1.274327039718628,0.764083581485832,1.2828388051478754,0.12488823384046555
67,1,28,0.6357691287994385,1.2618045806884766,0.6193493678031546,1.2798750604704805,0.08709074556827545
67,1,29,0.7559194564819336,1.2995458841323853,0.7558530731875361,1.3085617981868125,0.13321684300899506
67,1,30,0.6474196314811707,1.286519169807434,0.6296615926646797,1.30652659328947,0.0637206956744194
67,1,31,0.7765691876411438,1.3927150964736938,0.7690214299336351,1.3964676628695802,0.06529364734888077
67,1,32,0.6172237396240234,1.3605369329452515,0.5999322416009263,1.3781281071364917,0.03957608342170715
68,1,0,0.6188837885856628,0.1663045436143875,0.6122962664653179,0.16499852925899258,0.9960647821426392
68,1,1,0.6412127017974854,0.1367187350988388,0.6348644978013899,0.13590039487229336,0.9924156069755554
68,1,2,0.6510847806930542,0.13378013670444489,0.6440770505329063,0.1332543800509718,0.9935762882232666
68,1,3,0.6607755422592163,0.13082455098628998,0.6533755851042529,0.130510924828847,0.9932439923286438
68,1,4,0.6281204223632812,0.13989746570587158,0.6210150226953897,0.13817261513624612,0.9879542589187622
68,1,5,0.6283766031265259,0.13937655091285706,0.6205432380655003,0.13724976186658083,0.9873591065406799
68,1,6,0.628809928894043,0.138702392578125,0.6203726865039785,0.13614823261980144,0.9845401644706726
68,1,7,0.711483895778656,0.13600459694862366,0.7012812483760208,0.13513097719570466,0.995993435382843
68,1,8,0.6635440587997437,0.1413256675004959,0.6523627466330975,0.13842999379069182,0.9887771606445312
68,1,9,0.6507938504219055,0.19130392372608185,0.6392020879061957,0.1885257461608274,0.9979363083839417
68,1,10,0.6331811547279358,0.19310854375362396,0.6216966012680518,0.18931831110288969,0.9946554899215698
68,1,11,0.8860013484954834,0.2779228389263153,0.8735095834448423,0.2791587121846331,0.9987698197364807
68,1,12,0.5693910121917725,0.26321128010749817,0.5568397726430485,0.2598981421434165,0.9980007410049438
68,1,13,0.9392551779747009,0.4830300509929657,0.9272138917397947,0.493022382676665,0.984218955039978
68,1,14,0.33477696776390076,0.26894205808639526,0.3202774430910105,0.2590271129831034,0.9973298907279968
68,1,15,0.9560598731040955,0.7170097231864929,0.9446578723532654,0.7146962076911931,0.9546809196472168
68,1,16,0.1084815189242363,0.1729879081249237,0.10255394294778075,0.15959904210395742,0.995454728603363
68,1,17,0.9690912365913391,0.7851677536964417,0.9558189864327395,0.7805462421869103,0.902187168598175
68,1,18,0.04812588915228844,0.1372036337852478,0.045772164931789976,0.12139651184936553,0.9801832437515259
68,1,19,0.9544563293457031,0.7842891812324524,0.9408311760643917,0.7811603979076693,0.92121422290802
68,1,20,0.04695173725485802,0.12033307552337646,0.047343531826432576,0.10570115841426243,0.9844445586204529
68,1,21,0.9399124383926392,0.7643111348152161,0.9278496016701507,0.7623357848285841,0.9303217530250549
68,1,22,0.07094106078147888,0.13624031841754913,0.07045598102797958,0.12193498080277203,0.9871096014976501
68,1,23,0.7912712693214417,0.7285352349281311,0.7715317405600899,0.7240309091460844,0.9727011919021606
68,1,24,0.6110517978668213,0.7215737700462341,0.5926329415314314,0.7179522930258313,0.9815497398376465
68,1,25,0.8141191601753235,0.9862592220306396,0.7881693434873122,0.9962005673571268,0.7290078997612
68,1,26,0.632841169834137,1.0637414455413818,0.620709108775083,1.0291883685655518,0.6539860367774963
68,1,27,0.7911107540130615,1.2931500673294067,0.7687677008026412,1.2846249664766254,0.12728847563266754
68,1,28,0.6430443525314331,1.3073744773864746,0.6234555703703544,1.2846410875779504,0.0903327465057373
68,1,29,0.7853151559829712,1.3231894969940186,0.7609595633549566,1.311095999835922,0.13475513458251953
68,1,30,0.6527432799339294,1.3380028009414673,0.6336614410817624,1.3119825038168749,0.06545308232307434
68,1,31,0.787986695766449,1.4007658958435059,0.7723075336885317,1.397212086837268,0.06666026264429092
68,1,32,0.6323590278625488,1.405086636543274,0.6055530877483798,1.3828003149862484,0.04098531976342201
69,1,0,0.6185793876647949,0.16334205865859985,0.6133845245751222,0.16471166277836066,0.995710015296936
69,1,1,0.6412159204483032,0.13344493508338928,0.6359645882220075,0.13547514975925012,0.9916974902153015
69,1,2,0.6510429382324219,0.13059648871421814,0.6452835909013693,0.13279407433053927,0.9930686950683594
69,1,3,0.660702645778656,0.12782563269138336,0.6546446969187991,0.13004587332685474,0.9926788806915283
69,1,4,0.6281618475914001,0.13692282140254974,0.6222529094285393,0.13795617933287163,0.9866613149642944
69,1,5,0.6284648776054382,0.13649418950080872,0.6219153608132294,0.13711891588948846,0.9860849380493164
69,1,6,0.6289402842521667,0.135949969291687,0.6218567257748117,0.13611389901334955,0.9828758835792542
69,1,7,0.711510956287384,0.1338711977005005,0.7030532791089961,0.1349128120119285,0.995715856552124
69,1,8,0.6638838052749634,0.1391466110944748,0.654358547842614,0.13855409360037746,0.9873947501182556
69,1,9,0.6494624614715576,0.1884605884552002,0.6409794322332292,0.18851446273236763,0.9977936148643494
69,1,10,0.6329684853553772,0.1908719837665558,0.623649223108084,0.18958737429563022,0.9942497611045837
69,1,11,0.8859912157058716,0.2765200734138489,0.8756718480381592,0.27870174094997624,0.9987632632255554
69,1,12,0.5688773989677429,0.26165640354156494,0.5589250917226191,0.260202637636701,0.9978396892547607
69,1,13,0.9392359256744385,0.48271888494491577,0.9292965086898692,0.4912375656061452,0.9844120740890503
69,1,14,0.33427417278289795,0.26827162504196167,0.322702287083416,0.26062843690469856,0.9972644448280334
69,1,15,0.9587618708610535,0.7167419195175171,0.9471013074843746,0.7150504867798368,0.9558742642402649
69,1,16,0.10443362593650818,0.17775675654411316,0.10287946739963176,0.16274514336412219,0.995362401008606
69,1,17,0.9764339327812195,0.7861555218696594,0.9593911036501791,0.7815177687524912,0.9042593240737915
69,1,18,0.037223681807518005,0.13969728350639343,0.04429143740287819,0.12456741371181289,0.9798902273178101
69,1,19,0.9620459079742432,0.7864226698875427,0.9445072892039994,0.7820718132248633,0.92294842004776
69,1,20,0.03643691912293434,0.12367918342351913,0.0454542064354971,0.10881610902500437,0.9842735528945923
69,1,21,0.9482592344284058,0.7663499116897583,0.931386120771829,0.7630309977321136,0.931485652923584
69,1,22,0.0650862455368042,0.1411418914794922,0.06952594992476213,0.12526297630033026,0.9869349002838135
69,1,23,0.7912842035293579,0.7275102138519287,0.7749543205990649,0.7246334858401363,0.969375491142273
69,1,24,0.6091122627258301,0.7217238545417786,0.595488091869936,0.7186054910967216,0.979413628578186
69,1,25,0.8115703463554382,0.9849109053611755,0.7922245654128195,0.9942448639108061,0.7295989990234375
69,1,26,0.6323273181915283,1.036388874053955,0.6227217459193826,1.0304355551497084,0.6500223278999329
69,1,27,0.7882993817329407,1.2868566513061523,0.7721520034868553,1.285011454714726,0.1276177614927292
69,1,28,0.6386439800262451,1.3065683841705322,0.6260869605519556,1.2884407545613703,0.09241104871034622
69,1,29,0.7819378972053528,1.3162299394607544,0.7645946889615705,1.3119851846844515,0.13553467392921448
69,1,30,0.6466565132141113,1.3387067317962646,0.6359126875905634,1.3166140730685811,0.06694254279136658
69,1,31,0.7827706933021545,1.3933614492416382,0.7741200177739929,1.396545191712109,0.06706555187702179
69,1,32,0.6297087669372559,1.40341055393219,0.609739183955476,1.3863716145185363,0.04188933223485947
70,1,0,0.614992618560791,0.16299937665462494,0.6136630128217425,0.16441512970242506,0.9940218329429626
70,1,1,0.6376591324806213,0.13232728838920593,0.6362580486123554,0.13492998076566948,0.9887664318084717
70,1,2,0.6474329233169556,0.12925668060779572,0.6456558163822134,0.1321814361795587,0.990892231464386
70,1,3,0.6570589542388916,0.12626388669013977,0.6550628059264128,0.12939086952120013,0.9901544451713562
70,1,4,0.6247411966323853,0.13592761754989624,0.6226838401502424,0.13760487041577937,0.9817980527877808
70,1,5,0.6251974105834961,0.13533106446266174,0.6224837718251436,0.13680929573926862,0.981317400932312
70,1,6,0.6259061098098755,0.13459903001785278,0.6225580459145745,0.1358515561193523,0.9764427542686462
70,1,7,0.7088557481765747,0.13132913410663605,0.7040582721720732,0.13429215706364986,0.9945393204689026
70,1,8,0.6618183851242065,0.1368555724620819,0.6556506630621664,0.13825994445402617,0.9837263822555542
70,1,9,0.6454187035560608,0.1878240555524826,0.6417482866397897,0.18839490194592473,0.9972193837165833
70,1,10,0.6291860938072205,0.19052791595458984,0.624608206648998,0.1897502531830319,0.9928005933761597
70,1,11,0.8829497694969177,0.2726142406463623,0.8769324468607401,0.2776473711760427,0.9986537098884583
70,1,12,0.5687569975852966,0.2616506516933441,0.5606281934245114,0.26045340219373664,0.9975826144218445
70,1,13,0.9385241866111755,0.4813407063484192,0.9308949158139497,0.4895232091944011,0.9829760789871216
70,1,14,0.33522161841392517,0.27157753705978394,0.3248710849857875,0.26252512481138685,0.9969067573547363
70,1,15,0.9669898748397827,0.722754180431366,0.9505474843411983,0.7163848496725624,0.9486057758331299
70,1,16,0.10734369605779648,0.18176151812076569,0.10365264485560272,0.1660401057641951,0.9942647218704224
70,1,17,0.9830067753791809,0.794864296913147,0.9634835498784647,0.7838299235753984,0.8916959762573242
70,1,18,0.03783688694238663,0.1439535915851593,0.043173481279916916,0.12792648923687927,0.9765293002128601
70,1,19,0.9702602028846741,0.7953617572784424,0.9489703924631202,0.7843741613897206,0.9127245545387268
70,1,20,0.0368729904294014,0.12771721184253693,0.04396780760370001,0.1120910870315656,0.9818612337112427
70,1,21,0.9535882472991943,0.775092601776123,0.9352334452327706,0.7651204712746623,0.922292172908783
70,1,22,0.0660029798746109,0.14546333253383636,0.0689158100333138,0.12876321145012712,0.9849507212638855
70,1,23,0.7946914434432983,0.7337822914123535,0.7783742411421324,0.7262182268069327,0.9629061818122864
70,1,24,0.6050546765327454,0.7300744652748108,0.5971452210556419,0.7205922664314477,0.9741588234901428
70,1,25,0.8170140385627747,0.971153736114502,0.7965205781208254,0.9902433790756383,0.7305768132209778
70,1,26,0.6200529932975769,1.0477102994918823,0.6222595591584074,1.033428588584336,0.6423755288124084
70,1,27,0.7865568399429321,1.2824161052703857,0.7746475806669987,1.2845619809557982,0.12787850201129913
70,1,28,0.6341375112533569,1.2988111972808838,0.6274814182766636,1.2902371709176037,0.09297098219394684
70,1,29,0.7797093987464905,1.3115209341049194,0.7672133044708676,1.3119047889251567,0.13614819943904877
70,1,30,0.6440746188163757,1.3320897817611694,0.6373264426508134,1.319295258646163,0.06827719509601593
70,1,31,0.780281126499176,1.3944228887557983,0.7751871396514536,1.3961776474199572,0.0674605667591095
70,1,32,0.6229088306427002,1.400465488433838,0.6120206853121987,1.388813294091541,0.04244082048535347
71,1,0,0.616032063961029,0.1586156189441681,0.6140732923222288,0.16341064915399844,0.9879839420318604
71,1,1,0.6397984027862549,0.12741196155548096,0.6368711995386721,0.13362778572000966,0.9753089547157288
71,1,2,0.6500377655029297,0.12465409934520721,0.6464147416199442,0.13087762685871013,0.9805387854576111
71,1,3,0.6604637503623962,0.12210319936275482,0.6559982432097488,0.1281285819308873,0.977648913860321
71,1,4,0.6261584162712097,0.13064488768577576,0.6232855978553911,0.13639935301398134,0.9652956128120422
71,1,5,0.6263404488563538,0.12988920509815216,0.6231517128130922,0.1356106893607402,0.96673983335495
71,1,6,0.6267246007919312,0.12908098101615906,0.6232796616255939,0.1346788521092142,0.9585278034210205
71,1,7,0.7114347815513611,0.12827226519584656,0.7053359509436573,0.1332494993715447,0.9867410659790039
71,1,8,0.6629325747489929,0.13325431942939758,0.6569119531173503,0.13739298631102334,0.9716797471046448
71,1,9,0.6462340354919434,0.18383027613162994,0.6425251917580698,0.18760433394090428,0.9938533306121826
71,1,10,0.6277243494987488,0.1859586387872696,0.6251478819273283,0.1890935817527766,0.9866864085197449
71,1,11,0.8795276880264282,0.2675759792327881,0.8773819017545136,0.2759027728310769,0.9979977011680603
71,1,12,0.5707100033760071,0.2555737793445587,0.5623745971060229,0.25960827042587403,0.9973515868186951
71,1,13,0.9432390928268433,0.4728446304798126,0.933033359393713,0.4866335191088565,0.9766450524330139
71,1,14,0.3392984867095947,0.27039802074432373,0.3273705725489967,0.26388880271757265,0.9965289831161499
71,1,15,1.0005477666854858,0.7173064351081848,0.9592190831013541,0.7165444456815178,0.9238219857215881
71,1,16,0.11569762229919434,0.1855013072490692,0.10573923764593947,0.16941218836767405,0.9931389093399048
71,1,17,1.006449818611145,0.7906817197799683,0.9709336599769117,0.7850166983168192,0.8576756715774536
71,1,18,0.04729139059782028,0.15245036780834198,0.04388667085839148,0.13217643878911253,0.9724985361099243
71,1,19,0.9829604029655457,0.7911746501922607,0.9548624819676601,0.7855520475019752,0.8833221793174744
71,1,20,0.04467729479074478,0.13737305998802185,0.04409067262480565,0.11647251287562457,0.9790141582489014
71,1,21,0.9624513983726501,0.7710589170455933,0.9399506547713702,0.766149019609857,0.8953312039375305
71,1,22,0.07303648442029953,0.15393570065498352,0.06962947858334155,0.13312564917311812,0.9824711680412292
71,1,23,0.7976634502410889,0.7302883863449097,0.7817165052176143,0.7269231455007142,0.9531140923500061
71,1,24,0.6027421355247498,0.7265757322311401,0.598114606037829,0.7216286139268393,0.9695734977722168
71,1,25,0.8048483729362488,1.0473463535308838,0.7979630702794118,1.0001489104903196,0.7229493856430054
71,1,26,0.6134170889854431,1.0760953426361084,0.6207278954996261,1.04082669759768,0.6256515979766846
71,1,27,0.7865512371063232,1.2910819053649902,0.7767096838850044,1.2856912619685834,0.12364000827074051
71,1,28,0.6264846324920654,1.305867075920105,0.627308799056223,1.2929450839857157,0.08947257697582245
71,1,29,0.7816891670227051,1.3260804414749146,0.7697211918295951,1.314360642356591,0.13143423199653625
71,1,30,0.6359228491783142,1.340348243713379,0.6370833712036214,1.3229433258352667,0.06622069329023361
71,1,31,0.7726929783821106,1.3950881958007812,0.7747551917626081,1.3959889800724627,0.06571897864341736
71,1,32,0.6146348714828491,1.4055793285369873,0.6124734215964178,1.3917181430482897,0.041145458817481995
72,1,0,0.6200535297393799,0.15627728402614594,0.6151090805231445,0.16217509426109852,0.981345534324646
72,1,1,0.6451267004013062,0.12465294450521469,0.6383011653870728,0.1320731866466768,0.962051272392273
72,1,2,0.6552904844284058,0.12197354435920715,0.647952170529641,0.1293352877039832,0.9699556231498718
72,1,3,0.6655438542366028,0.11957027018070221,0.6576517379207264,0.12664615157685225,0.965312659740448
72,1,4,0.6304205060005188,0.1279759258031845,0.6245214200893021,0.13494029265290453,0.9512158036231995
72,1,5,0.6301537752151489,0.12726832926273346,0.6243645202882517,0.13416567452510905,0.9540454149246216
72,1,6,0.630038321018219,0.1265198141336441,0.6244503013980978,0.1332655990456344,0.9439111948013306
72,1,7,0.7137134075164795,0.12652529776096344,0.7067870465738026,0.13208482911395553,0.9781063795089722
72,1,8,0.6643985509872437,0.13130758702754974,0.6582087045645805,0.13633898052434665,0.9614757895469666
72,1,9,0.6496121883392334,0.1817198544740677,0.6437527135576717,0.18658513412005084,0.9898127317428589
72,1,10,0.6290626525878906,0.18306994438171387,0.6258258853965802,0.1880502752332082,0.9801719188690186
72,1,11,0.8819460272789001,0.2672051787376404,0.8781723831847481,0.2743962102818522,0.9969282746315002
72,1,12,0.5740557909011841,0.254973828792572,0.5643981484851451,0.2588056090060871,0.9969632625579834
72,1,13,0.964808464050293,0.4743975102901459,0.9385411338710561,0.48451382084864186,0.9693185091018677
72,1,14,0.34678125381469727,0.2730260193347931,0.33073389623899924,0.2654715359296289,0.996078610420227
72,1,15,1.0279788970947266,0.67549067735672,0.971150882111079,0.7094263605089487,0.8936327695846558
72,1,16,0.12730936706066132,0.19008997082710266,0.1094769748823862,0.1729952015443766,0.992082953453064
72,1,17,1.0298200845718384,0.7662335634231567,0.9811491169722648,0.781762172121464,0.819131076335907
72,1,18,0.06048300489783287,0.15894381701946259,0.046762103905449416,0.136815496182668,0.9687309861183167
72,1,19,1.0014736652374268,0.7744874358177185,0.962945485479022,0.7836353430309493,0.8493650555610657
72,1,20,0.05770603567361832,0.14443190395832062,0.046449419909452797,0.12131833162508088,0.976388692855835
72,1,21,0.972471296787262,0.7404934167861938,0.9455877843763304,0.7617027929679818,0.864629864692688
72,1,22,0.08477020263671875,0.16020888090133667,0.07225260217523839,0.1378194917062157,0.9802944660186768
72,1,23,0.7960447072982788,0.735166609287262,0.7841987997469476,0.7283510258463295,0.9389190673828125
72,1,24,0.6056951880455017,0.7291520237922668,0.5994276402822019,0.7229317429486032,0.9631107449531555
72,1,25,0.7991080284118652,1.0745124816894531,0.7981613504269932,1.0130552863098061,0.7101175785064697
72,1,26,0.6120429635047913,1.0923898220062256,0.6192235271291741,1.0497697630751204,0.6052649617195129
72,1,27,0.7856650352478027,1.3251726627349854,0.7782609065673359,1.29253639746048,0.11727523803710938
72,1,28,0.6237820386886597,1.3331016302108765,0.6266980028517349,1.299907415051896,0.08488457649946213
72,1,29,0.7834290862083435,1.3646563291549683,0.7720959768052912,1.3230835483142431,0.12494602054357529
72,1,30,0.6323514580726624,1.3690330982208252,0.6362638261015351,1.3309357814805203,0.06309428811073303
72,1,31,0.7677826881408691,1.422157883644104,0.7735475056343267,1.400524232205554,0.062461256980895996
72,1,32,0.6127723455429077,1.4305304288864136,0.6125251869555953,1.3984471350649217,0.0391060933470726
73,1,0,0.6234805583953857,0.1577828824520111,0.6165591402405003,0.1614143913398359,0.9811525344848633
73,1,1,0.6448509693145752,0.124798983335495,0.6394356230080337,0.1308132321160324,0.9610283970832825
73,1,2,0.6547806262969971,0.1217251569032669,0.6491349018998308,0.12801713433130346,0.9694992303848267
73,1,3,0.664814829826355,0.11896586418151855,0.6588924428483759,0.12531584354845257,0.9643133282661438
73,1,4,0.6298995614051819,0.12878258526325226,0.6254529073001962,0.1338737606106747,0.9490457773208618
73,1,5,0.6291776299476624,0.12815995514392853,0.6251981305845338,0.1331254719806943,0.9528200626373291
73,1,6,0.6286730766296387,0.12746921181678772,0.6251816552867973,0.13226165956356026,0.941830039024353
73,1,7,0.7120921015739441,0.12534861266613007,0.707705873330566,0.13091807738878727,0.9779987931251526
73,1,8,0.6611552238464355,0.13003335893154144,0.6587190006636231,0.1352468244673208,0.9597625136375427
73,1,9,0.6536876559257507,0.18066470324993134,0.6454736685907652,0.18555970635055444,0.9897146821022034
73,1,10,0.633108913898468,0.18290939927101135,0.6270873688942571,0.18715988844562295,0.9795957207679749
73,1,11,0.8790420293807983,0.26498278975486755,0.8783229843908893,0.2727656200406392,0.9969273805618286
73,1,12,0.5710226893424988,0.2527540326118469,0.5655455536085296,0.25775746248918524,0.9969174861907959
73,1,13,0.9584566950798035,0.47637608647346497,0.9419919917399011,0.4831042585412239,0.9690762162208557
73,1,14,0.34465888142585754,0.2755992114543915,0.33314630591383404,0.2672258869800971,0.995801568031311
73,1,15,0.9978877305984497,0.7142120599746704,0.9757846481020667,0.7102552224676356,0.8910359740257263
73,1,16,0.12543922662734985,0.1918644905090332,0.11224249632472937,0.1762646643235169,0.9912586212158203
73,1,17,1.0056151151657104,0.7859790921211243,0.9853890313010287,0.7824925116708528,0.8106201887130737
73,1,18,0.06081807240843773,0.15992140769958496,0.049197214764553895,0.14081954426189394,0.9658114910125732
73,1,19,0.9861984252929688,0.7933489680290222,0.9669750309932152,0.785317949493215,0.8431310653686523
73,1,20,0.05818847939372063,0.1455983966588974,0.048482998765999104,0.12552599845814397,0.9742424488067627
73,1,21,0.9680938720703125,0.7689599394798279,0.9494878180215128,0.762959792170803,0.8588395714759827
73,1,22,0.08432061225175858,0.16071300208568573,0.07434318649023568,0.1417867072686585,0.9783334732055664
73,1,23,0.7943377494812012,0.7301124930381775,0.7859551045999756,0.7286560765413657,0.932959794998169
73,1,24,0.603030800819397,0.726414144039154,0.6000516698680053,0.7235348560056208,0.9583658576011658
73,1,25,0.8016408085823059,1.024410605430603,0.7987639539831461,1.0150223684006774,0.70243901014328
73,1,26,0.6041707396507263,1.086888313293457,0.616615645748859,1.0562047857396628,0.5959258079528809
73,1,27,0.7754941582679749,1.3108813762664795,0.777781747043455,1.2957149629471905,0.11589328199625015
73,1,28,0.6135603189468384,1.3163707256317139,0.6244220426141763,1.302759789825091,0.08303747326135635
73,1,29,0.7723563313484192,1.3453328609466553,0.7721410629542375,1.326939055850041,0.12360939383506775
73,1,30,0.6216098666191101,1.3501743078231812,0.6337250720836638,1.3342692586067602,0.0620521679520607
73,1,31,0.7564937472343445,1.4153625965118408,0.770592780769256,1.4030949486163575,0.06232388690114021
73,1,32,0.6085497736930847,1.4165440797805786,0.611836679701152,1.401582701336926,0.038582298904657364
74,1,0,0.6256831288337708,0.1566544771194458,0.6181395813471031,0.16058999560236317,0.9812033176422119
74,1,1,0.6487501859664917,0.12316010147333145,0.6410490843152524,0.12948762900540028,0.9608227014541626
74,1,2,0.6588146686553955,0.12021384388208389,0.6508116419291361,0.12666551585041202,0.9693999290466309
74,1,3,0.6691876649856567,0.11757953464984894,0.6606758257363858,0.12397582972806867,0.9641293883323669
74,1,4,0.6321424841880798,0.1267492026090622,0.6266115791589446,0.13263973148141728,0.9496691823005676
74,1,5,0.6304692625999451,0.12596412003040314,0.6261110809927031,0.13188506848003037,0.9532411098480225
74,1,6,0.6288900971412659,0.1251586675643921,0.6258239204519545,0.13103136663207246,0.9427036643028259
74,1,7,0.7156807780265808,0.12314020097255707,0.709087224496547,0.1295708619310439,0.9776589870452881
74,1,8,0.6597225069999695,0.12674586474895477,0.658892783829865,0.13377433087525406,0.960615336894989
74,1,9,0.654184103012085,0.17957161366939545,0.6469824558521385,0.1845225573340742,0.9896119832992554
74,1,10,0.6316413879394531,0.18127049505710602,0.6278760996577972,0.18613983736375755,0.9797621965408325
74,1,11,0.8752033114433289,0.2640603482723236,0.877782697738607,0.2712577272263054,0.9962047934532166
74,1,12,0.5757588148117065,0.25146323442459106,0.567314734672943,0.2566672802037477,0.9969357252120972
74,1,13,0.9546847343444824,0.4739605188369751,0.9441908424871157,0.48152039504718996,0.959295928478241
74,1,14,0.3493064343929291,0.27790895104408264,0.3359461271192011,0.2690764752504301,0.9958443641662598
74,1,15,1.0079598426818848,0.6348602771759033,0.9813618447584341,0.6971694371503674,0.8755961656570435
74,1,16,0.13063476979732513,0.19283771514892578,0.11542926111094852,0.17913606216395558,0.9914058446884155
74,1,17,1.0309689044952393,0.688818633556366,0.9932929513337293,0.7662252737491434,0.7923222184181213
74,1,18,0.0674552321434021,0.1622636318206787,0.05236070446910954,0.144535427697257,0.9660267233848572
74,1,19,1.020855188369751,0.6710941791534424,0.9763206126792207,0.7654698482645288,0.8280097246170044
74,1,20,0.0644938200712204,0.14773423969745636,0.051256938904475156,0.12937438469748516,0.9743879437446594
74,1,21,1.003341794013977,0.6543036699295044,0.9588288492108751,0.7440822976572496,0.846037745475769
74,1,22,0.08995398133993149,0.1620860993862152,0.07704778798678606,0.14530411415067931,0.978611171245575
74,1,23,0.7900298237800598,0.7269343137741089,0.7866608132472381,0.7283579022070414,0.9201647639274597
74,1,24,0.6016222238540649,0.7204017639160156,0.6003236567061607,0.7229922450909442,0.9529212117195129
74,1,25,0.7868143320083618,1.0527299642562866,0.7966938865874452,1.0215596272243457,0.6822510361671448
74,1,26,0.6050118803977966,1.0771070718765259,0.6146055124678408,1.0598267270627784,0.5857903957366943
74,1,27,0.7695427536964417,1.3292597532272339,0.776354641515293,1.3015297968853385,0.11034329235553741
74,1,28,0.6097489595413208,1.3411954641342163,0.621879973773953,1.3094234144135068,0.07961191982030869
74,1,29,0.7691089510917664,1.3684715032577515,0.771615942210594,1.3341402408203447,0.11760728806257248
74,1,30,0.61577969789505,1.3775790929794312,0.6306157827079437,1.341779019781942,0.05858320742845535
74,1,31,0.7481252551078796,1.4291820526123047,0.7666994359714777,1.407616014056867,0.058812856674194336
74,1,32,0.6077849864959717,1.442631721496582,0.6111349597714087,1.4086999621041556,0.03670452907681465
75,1,0,0.6312130093574524,0.15630069375038147,0.6204044061802049,0.15984711831788098,0.9795054793357849
75,1,1,0.6543371677398682,0.12250057607889175,0.6433511106497329,0.12827742181601307,0.9565380811691284
75,1,2,0.664546012878418,0.11965120583772659,0.653191014987383,0.12545058654114585,0.9662039875984192
75,1,3,0.6751481294631958,0.11712165921926498,0.6631830955184953,0.12278864345429491,0.9602167010307312
75,1,4,0.6371910572052002,0.12585856020450592,0.628444217764668,0.13146519173165822,0.9454963207244873
75,1,5,0.635206937789917,0.12502160668373108,0.6276866478577917,0.13069627257541405,0.9494777917861938
75,1,6,0.6332414150238037,0.12420471012592316,0.6271086998188523,0.1298489469497818,0.9387041330337524
75,1,7,0.7207773923873901,0.12240900844335556,0.7111123308813541,0.12833037151769092,0.9749503135681152
75,1,8,0.6621947288513184,0.12584005296230316,0.6594646408175412,0.1324000184581666,0.9579741358757019
75,1,9,0.6601974368095398,0.17936497926712036,0.6492718129185064,0.18362927732174422,0.9884582161903381
75,1,10,0.6357604265213013,0.18067054450511932,0.6292417579149712,0.18519256023173059,0.9778961539268494
75,1,11,0.8802412748336792,0.2641541063785553,0.8782084827967944,0.270027325293734,0.9953180551528931
75,1,12,0.5791157484054565,0.25143900513648987,0.569359049992269,0.25576175371251175,0.9968205094337463
75,1,13,0.957549512386322,0.47422152757644653,0.9465051026480126,0.48025616739220894,0.9488199949264526
75,1,14,0.35537397861480713,0.27976125478744507,0.33931242782907717,0.2709273607866157,0.9957385063171387
75,1,15,1.0033936500549316,0.6386369466781616,0.9851796392808321,0.6870154793301873,0.8530741333961487
75,1,16,0.13667255640029907,0.19315890967845917,0.11911032786036291,0.18156543314459536,0.9910971522331238
75,1,17,1.019709587097168,0.7138757109642029,0.9978711765876962,0.7571455840890046,0.7655847072601318
75,1,18,0.07456543296575546,0.16405418515205383,0.056208480543678045,0.14791748968415216,0.9644914269447327
75,1,19,1.0151978731155396,0.6803537607192993,0.9830608899827457,0.7506924999485604,0.8047519326210022
75,1,20,0.07178771495819092,0.14880679547786713,0.054814462869411114,0.13274147651698998,0.9732186794281006
75,1,21,0.9814265966415405,0.6874590516090393,0.9627447788266591,0.7342601012149143,0.8252483606338501
75,1,22,0.09630834311246872,0.1624012142419815,0.08038508381701545,0.1482663541958121,0.9777930378913879
75,1,23,0.7937681078910828,0.7300570011138916,0.787891851796576,0.7286521514180967,0.9077914953231812
75,1,24,0.605025053024292,0.720547080039978,0.6011379160524895,0.7225687829736124,0.9469684362411499
75,1,25,0.780297040939331,1.066412091255188,0.7938530339828942,1.0293372399327283,0.666161060333252
75,1,26,0.6244922876358032,1.034521460533142,0.6163181214584683,1.055441265116996,0.5742557644844055
75,1,27,0.7741169333457947,1.339030385017395,0.7759671099750647,1.3080311231629063,0.10596854984760284
75,1,28,0.6150771975517273,1.3512767553329468,0.6207016913030254,1.3166803086335597,0.07690121233463287
75,1,29,0.7756534218788147,1.3784127235412598,0.7723152004783453,1.3418171452366443,0.11315887421369553
75,1,30,0.6199373006820679,1.3874740600585938,0.6287659887972494,1.3497029358251758,0.05594244971871376
75,1,31,0.7489754557609558,1.439502477645874,0.7636285263385644,1.4131431095064495,0.05620080605149269
75,1,32,0.6165451407432556,1.454321265220642,0.6120719972960642,1.4166110729902845,0.03528956323862076
76,1,0,0.6377947926521301,0.15399307012557983,0.6234174865727102,0.1588331901410628,0.977429211139679
76,1,1,0.660447359085083,0.12011808902025223,0.6463132021459366,0.1268641176209442,0.9521556496620178
76,1,2,0.6700534820556641,0.11711698770523071,0.6561125810730901,0.1240070896018526,0.9626519680023193
76,1,3,0.6797094941139221,0.1144041121006012,0.6660464059788941,0.12133632205968455,0.9557101726531982
76,1,4,0.6426832675933838,0.12393485754728317,0.6309110599626621,0.13016086307037855,0.9407862424850464
76,1,5,0.6402072906494141,0.12318625301122665,0.629855672850958,0.1293954634020529,0.9453151226043701
76,1,6,0.6376930475234985,0.12245205789804459,0.6289421822607437,0.12856773744981637,0.9343149662017822
76,1,7,0.7208306789398193,0.11913315206766129,0.7127957560385761,0.12673724194054764,0.9718900918960571
76,1,8,0.6626853942871094,0.12430300563573837,0.6600224350448108,0.13099751152676964,0.9556307196617126
76,1,9,0.6656452417373657,0.1759864240884781,0.6521086072925961,0.18230545477757115,0.9869857430458069
76,1,10,0.6411068439483643,0.17798380553722382,0.6312971764516048,0.18394394441399925,0.9755789041519165
76,1,11,0.8827938437461853,0.26276570558547974,0.8790026425594071,0.2687695507667931,0.9945648312568665
76,1,12,0.5777475833892822,0.24548348784446716,0.5708120648825394,0.25398130895234133,0.9967456459999084
76,1,13,0.9532237648963928,0.47680729627609253,0.9476688135227291,0.4796588619045333,0.9392808675765991
76,1,14,0.35469284653663635,0.27873849868774414,0.34197709818219274,0.2722803389628571,0.9956486821174622
76,1,15,1.0019925832748413,0.6360407471656799,0.9880926232542931,0.678174609663422,0.8294343948364258
76,1,16,0.1342831403017044,0.1921035796403885,0.12173901381985225,0.18339091017965603,0.9904800653457642
76,1,17,1.015236496925354,0.7466002702713013,1.0008799143456577,0.7553188625027493,0.7371127605438232
76,1,18,0.07200689613819122,0.16298183798789978,0.05894560342134658,0.1505273761682368,0.961769700050354
76,1,19,1.003881812095642,0.7483124136924744,0.9866687245582592,0.7502803080109574,0.7793574929237366
76,1,20,0.0695628896355629,0.1481364518404007,0.057369591316453555,0.135408670410128,0.9711434245109558
76,1,21,0.9768670201301575,0.7155776619911194,0.9651913775472658,0.7310230256010811,0.8013811707496643
76,1,22,0.09406577795743942,0.16151942312717438,0.0827551542098821,0.15056231294031677,0.9760682582855225
76,1,23,0.7962050437927246,0.725780189037323,0.7893318132816038,0.728154768677522,0.9025508761405945
76,1,24,0.6106584072113037,0.7166935801506042,0.602787058419598,0.7215511901550865,0.9447736740112305
76,1,25,0.7911618947982788,1.0411690473556519,0.7933869698446746,1.0313868936160113,0.6718253493309021
76,1,26,0.6206609010696411,1.0837681293487549,0.6170702619686875,1.0603508282826495,0.5744096040725708
76,1,27,0.7775938510894775,1.3308078050613403,0.776248827722934,1.311978080122943,0.10720979422330856
76,1,28,0.6221867799758911,1.3397431373596191,0.6209588766840084,1.3206768866253045,0.07473599165678024
76,1,29,0.7769294381141663,1.3674094676971436,0.7731143623145763,1.3462523990773507,0.11301390826702118
76,1,30,0.6268711686134338,1.371448278427124,0.6284378427537183,1.3534710570200188,0.05420032516121864
76,1,31,0.7542951107025146,1.4372917413711548,0.7620117985237851,1.4173279824580893,0.05705978721380234
76,1,32,0.622451901435852,1.4450504779815674,0.6138700540481191,1.421540158923214,0.0343623161315918
77,1,0,0.632545530796051,0.14925037324428558,0.6249986305062143,0.1571732487015786,0.9752289652824402
77,1,1,0.6560178995132446,0.11514776945114136,0.6479942620717989,0.1248344744002451,0.9457902908325195
77,1,2,0.6657453179359436,0.11217643320560455,0.6577811723031322,0.1219576375240948,0.9582370519638062
77,1,3,0.6756916642189026,0.10943008959293365,0.6677171668057224,0.11927377307764277,0.9490092992782593
77,1,4,0.6385072469711304,0.11880797147750854,0.6322267976452146,0.1281942035538163,0.9340072870254517
77,1,5,0.6360352039337158,0.11804002523422241,0.6309259855738998,0.12742836259184265,0.9404117465019226
77,1,6,0.6335307955741882,0.1173093169927597,0.6297369053915,0.12661744869021688,0.9279139637947083
77,1,7,0.7189425826072693,0.11363784223794937,0.7138604032071123,0.12446791597834209,0.967483401298523
77,1,8,0.6585351228713989,0.11882907152175903,0.6597648646152044,0.12888952300945938,0.95219886302948
77,1,9,0.6581156849861145,0.17177504301071167,0.6531490452308574,0.1804813184077621,0.985176146030426
77,1,10,0.6344968676567078,0.17334024608135223,0.6318513226153152,0.18210710889739867,0.9728400111198425
77,1,11,0.8816173672676086,0.2597239017486572,0.8794554719332535,0.2672026831133435,0.9935398101806641
77,1,12,0.5738125443458557,0.24151046574115753,0.5713317069954431,0.2518209142694022,0.9967759847640991
77,1,13,0.9441516995429993,0.4907551407814026,0.947059688073772,0.4815810534106782,0.9283030033111572
77,1,14,0.35310161113739014,0.27898913621902466,0.34390418283884033,0.27344234065508227,0.995539128780365
77,1,15,0.9888759255409241,0.7126917839050293,0.9882282715775111,0.6841581662118951,0.8027855753898621
77,1,16,0.13568009436130524,0.20212481915950775,0.12415421314592087,0.18663690256073864,0.9901084899902344
77,1,17,1.001440405845642,0.7872909307479858,1.000976976775257,0.7608608024743547,0.7069935202598572
77,1,18,0.07197434455156326,0.1782100945711136,0.06120268406167195,0.1553252035718475,0.9601834416389465
77,1,19,0.987489640712738,0.795538604259491,0.98681088683332,0.7581283634411792,0.7518696784973145
77,1,20,0.06970642507076263,0.1631637066602707,0.05950676238514966,0.14021904208847003,0.9699927568435669
77,1,21,0.9667738080024719,0.7631338238716125,0.9654654213688609,0.7365890332445617,0.7759181261062622
77,1,22,0.09391648322343826,0.17349344491958618,0.08468861844917216,0.15453605238745122,0.9750545024871826
77,1,23,0.7960174679756165,0.7253008484840393,0.7904898058022509,0.7276605108530336,0.8965721130371094
77,1,24,0.6101970672607422,0.7230930328369141,0.6040705409781808,0.7218182045405105,0.9432181119918823
77,1,25,0.8081641793251038,1.025570273399353,0.7959470871205568,1.0303794500640489,0.6756526827812195
77,1,26,0.6218903064727783,1.049286127090454,0.6179050735524552,1.0584341095773122,0.5808863043785095
77,1,27,0.7895627617835999,1.3285040855407715,0.7785553344455239,1.3148413235449448,0.10885139554738998
77,1,28,0.6196802854537964,1.336874008178711,0.620737453624963,1.323483121218949,0.07527164369821548
77,1,29,0.7878220677375793,1.3646098375320435,0.7756624328320739,1.349433126592894,0.11250881850719452
77,1,30,0.623898983001709,1.3689669370651245,0.627651737928147,1.3561557417185022,0.053548697382211685
77,1,31,0.7693460583686829,1.4369693994522095,0.7632821576714013,1.4207313102649386,0.058115195482969284
77,1,32,0.6172438859939575,1.4430001974105835,0.6144543623151408,1.425258809272196,0.034575555473566055
78,1,0,0.6261621117591858,0.14917391538619995,0.6252001184560381,0.15578766519281728,0.9767662882804871
78,1,1,0.6502856016159058,0.11464644223451614,0.6483910823584607,0.12306966503397133,0.9489797353744507
78,1,2,0.6607359051704407,0.11177349835634232,0.6582928910194674,0.12019350271965067,0.960652232170105
78,1,3,0.6717885136604309,0.10917935520410538,0.6684222912361635,0.11752518484622808,0.951920211315155
78,1,4,0.6317298412322998,0.11796573549509048,0.6321407380644861,0.12642238758725627,0.93764728307724
78,1,5,0.6289832592010498,0.11714742332696915,0.6305895426133955,0.12564745454519524,0.9435844421386719
78,1,6,0.6263149380683899,0.11642546206712723,0.6291442598970639,0.12485195412000616,0.9315209984779358
78,1,7,0.7166628241539001,0.11228431016206741,0.7143457413766373,0.12235729921171472,0.9695383310317993
78,1,8,0.6529051661491394,0.1171175092458725,0.6585767207202309,0.12685023328723505,0.9547598361968994
78,1,9,0.6512393355369568,0.17192916572093964,0.65281832046396,0.17899995511598704,0.9860853552818298
78,1,10,0.6274234652519226,0.17233099043369293,0.6310844453179757,0.18041367376966996,0.974368155002594
78,1,11,0.8727342486381531,0.26001015305519104,0.878291317681623,0.2659568780854748,0.9939029216766357
78,1,12,0.5669715404510498,0.23889678716659546,0.5705765548899429,0.24958196411183797,0.996961772441864
78,1,13,0.9398068189620972,0.5085914731025696,0.9458034298160926,0.4862622651373075,0.9316695332527161
78,1,14,0.35110345482826233,0.2820281386375427,0.34515115605102986,0.27492953340025345,0.9955573678016663
78,1,15,0.9679822325706482,0.7522993683815002,0.984720118668244,0.6959823801970333,0.8097313046455383
78,1,16,0.13981038331985474,0.2229032963514328,0.12686668010461977,0.19292402837758804,0.9902324080467224
78,1,17,0.9798024296760559,0.8230482339859009,0.9973078333498858,0.7716499630348931,0.7124071717262268
78,1,18,0.07930932939052582,0.20355001091957092,0.06433993227464442,0.16368843721598014,0.9607382416725159
78,1,19,0.9657503366470337,0.8294480443000793,0.9831615096301666,0.770505296719294,0.7568177580833435
78,1,20,0.07868820428848267,0.1876121312379837,0.062830342455687,0.1484378326297198,0.9703541398048401
78,1,21,0.9493690133094788,0.8050040602684021,0.9626766472138866,0.7484608578793882,0.7808740735054016
78,1,22,0.09966536611318588,0.1961004137992859,0.0872833207729313,0.16174277832863962,0.9753029346466064
78,1,23,0.7835657596588135,0.7280791401863098,0.7892905142680716,0.7277330061081027,0.9020227789878845
78,1,24,0.6014444828033447,0.7250171303749084,0.6036157487213759,0.7223722181125033,0.9462226033210754
78,1,25,0.797387957572937,1.0098999738693237,0.7961966145413113,1.0268308235233068,0.6871619820594788
78,1,26,0.6108517646789551,1.032472014427185,0.6166833880022151,1.0539347276446187,0.6019205451011658
78,1,27,0.7906001210212708,1.3233723640441895,0.7806418944146437,1.3163190295003089,0.11573686450719833
78,1,28,0.6079534888267517,1.3266854286193848,0.6185227944749848,1.324037720760552,0.08146072924137115
78,1,29,0.7860106825828552,1.3572361469268799,0.7774550045030074,1.3507846990941996,0.11655247211456299
78,1,30,0.6121973395347595,1.3581454753875732,0.6249742452707314,1.3565003261498232,0.05552719160914421
78,1,31,0.7901296019554138,1.4322727918624878,0.7679351014691705,1.4227306510783542,0.06206754595041275
78,1,32,0.6040787696838379,1.4320321083068848,0.6126570532057962,1.4264319859204873,0.037243589758872986
79,1,0,0.619225800037384,0.14766572415828705,0.6241653556605068,0.15438083931652472,0.9784095883369446
79,1,1,0.6428307294845581,0.11369024962186813,0.6474280311341436,0.12144496678495831,0.9525427222251892
79,1,2,0.6530101895332336,0.11081948131322861,0.6573779365589926,0.11856973907788854,0.9633550047874451
79,1,3,0.6637011170387268,0.10821036249399185,0.6676046061044848,0.11591167850742179,0.9552956223487854
79,1,4,0.6250084638595581,0.11697552353143692,0.6309053722029075,0.12478600260436576,0.9418157935142517
79,1,5,0.6225513815879822,0.11617503315210342,0.6291972321206897,0.12400664126164548,0.9472678303718567
79,1,6,0.6202067732810974,0.1154564693570137,0.6275961330490513,0.12322447156805148,0.935894250869751
79,1,7,0.7093566060066223,0.11120709031820297,0.7134816396481243,0.12042576205960165,0.9717400670051575
79,1,8,0.6471543312072754,0.11617985367774963,0.6565980180273223,0.12500184304866072,0.9576706290245056
79,1,9,0.6448283195495605,0.17052434384822845,0.6514343539440552,0.1775318533338861,0.9870725870132446
79,1,10,0.6215563416481018,0.17072315514087677,0.6294339841185775,0.17873507068620684,0.9760658740997314
79,1,11,0.8632512092590332,0.26727840304374695,0.8756856336048653,0.26618573659507844,0.9942976236343384
79,1,12,0.5621259212493896,0.24505384266376495,0.5691127808467735,0.2487977192519326,0.9971200823783875
79,1,13,0.9297941327095032,0.5136298537254333,0.9430297542626974,0.4910054297434587,0.935508668422699
79,1,14,0.34687453508377075,0.29249444603919983,0.34544961035273136,0.27797286849652264,0.9955647587776184
79,1,15,0.9608981013298035,0.7611474990844727,0.9805918903165426,0.7072891702992464,0.8188713192939758
79,1,16,0.14057141542434692,0.24385511875152588,0.1292409173361637,0.2017573077947277,0.9904769062995911
79,1,17,0.9721767902374268,0.8313894271850586,0.9929525865660216,0.7820136625104588,0.7214393019676208
79,1,18,0.08097726851701736,0.2291468232870102,0.06722247343315733,0.17504622240015022,0.9615641236305237
79,1,19,0.9572055339813232,0.83499675989151,0.9786631896186733,0.7816949711002571,0.7649126648902893
79,1,20,0.08059198409318924,0.21561293303966522,0.06590778170432518,0.1600940874972471,0.9709187746047974
79,1,21,0.9428316950798035,0.811295747756958,0.95923803346912,0.7593625668076339,0.7886923551559448
79,1,22,0.10071201622486115,0.2221911996603012,0.08960971684260455,0.17222969970728275,0.9757360219955444
79,1,23,0.7755595445632935,0.7335904240608215,0.7869117309465344,0.728747518026744,0.9085249900817871
79,1,24,0.5953105688095093,0.7307310700416565,0.6021771756921463,0.7238200903134421,0.9497121572494507
79,1,25,0.7942888140678406,1.0074150562286377,0.795866220450319,1.0234666203504978,0.6965675354003906
79,1,26,0.6025680899620056,1.0327316522598267,0.6142379944018121,1.0502606360971007,0.6191778779029846
79,1,27,0.7895745038986206,1.3333959579467773,0.7821891764681048,1.3192777728089424,0.11748035997152328
79,1,28,0.5991971492767334,1.341879963874817,0.6151742142139398,1.3271291335126185,0.08475928008556366
79,1,29,0.785541832447052,1.366189956665039,0.778855747008203,1.3534536756254059,0.11646709591150284
79,1,30,0.6034480333328247,1.3715087175369263,0.6212441232126727,1.359100514136639,0.05508806183934212
79,1,31,0.7883127927780151,1.4424405097961426,0.7714660833031837,1.4261458449448101,0.0632474422454834
79,1,32,0.5967639684677124,1.4476724863052368,0.6099035214487932,1.430112569369352,0.038611963391304016
80,1,0,0.6146447658538818,0.14422129094600677,0.6225161964121796,0.15262096554724397,0.9803082346916199
80,1,1,0.637053370475769,0.11006151139736176,0.6456308833666035,0.11947301082568934,0.9566982388496399
80,1,2,0.6470689177513123,0.10763786733150482,0.6555921631091515,0.11667603665026638,0.9664708971977234
80,1,3,0.6575230360031128,0.10540100187063217,0.6658582442609794,0.11409096176585679,0.959233283996582
80,1,4,0.6197077631950378,0.11275631934404373,0.6289656214165512,0.12270206012738011,0.9469510912895203
80,1,5,0.6175646185874939,0.1119968593120575,0.627182099563644,0.12192614759929407,0.951812744140625
80,1,6,0.6155306696891785,0.11121989041566849,0.6255059901503112,0.12114487918377695,0.941484808921814
80,1,7,0.7025374174118042,0.11001512408256531,0.7115857972448679,0.11862237995125242,0.9741258025169373
80,1,8,0.6432510018348694,0.11427676677703857,0.6542857781031106,0.12314397484318178,0.9613479971885681
80,1,9,0.6412503123283386,0.168148472905159,0.6496702361966723,0.17590646809197497,0.9881536364555359
80,1,10,0.6160869002342224,0.1684872955083847,0.6271217325133894,0.1769599092194161,0.97807776927948
80,1,11,0.8549978733062744,0.2687242925167084,0.8721008909950622,0.2666253736864679,0.9947090744972229
80,1,12,0.552731454372406,0.24573783576488495,0.5662746177359856,0.24826778824548357,0.9972985982894897
80,1,13,0.9247589707374573,0.5119075775146484,0.9398640517343114,0.49462734496972766,0.9398399591445923
80,1,14,0.33768656849861145,0.30146268010139465,0.3441049652142639,0.28204348915049315,0.9957231283187866
80,1,15,0.9540953040122986,0.7642763257026672,0.9759998037776851,0.7171745853485275,0.8296309113502502
80,1,16,0.13692495226860046,0.2617405354976654,0.13057187487817812,0.21216338157353906,0.9910093545913696
80,1,17,0.9650651812553406,0.8340638875961304,0.9881192571652254,0.7910413431339399,0.7344080209732056
80,1,18,0.07809052616357803,0.2528292238712311,0.06910511728799461,0.18854746509750142,0.9636510014533997
80,1,19,0.9504925012588501,0.8345674872398376,0.9737807214298054,0.7908654955856387,0.7759445309638977
80,1,20,0.07932355999946594,0.24161793291568756,0.06823193919721397,0.17424623682003315,0.9724321365356445
80,1,21,0.9353655576705933,0.8114876747131348,0.9551010536771863,0.7684032546986617,0.7998903393745422
80,1,22,0.0996503084897995,0.24942289292812347,0.09134897847127052,0.18562832628356674,0.9770311117172241
80,1,23,0.7692402005195618,0.7269626259803772,0.7838499135818625,0.7284384103991496,0.9163273572921753
80,1,24,0.5914136171340942,0.7221644520759583,0.6003126393794418,0.723533367979601,0.9537762403488159
80,1,25,0.7845451831817627,1.0112190246582031,0.7939050811752155,1.021344915233489,0.7037099599838257
80,1,26,0.5852972269058228,1.0248603820800781,0.6092219404433183,1.04585869751902,0.6344576478004456
80,1,27,0.7779428958892822,1.341055989265442,0.781453751206686,1.3230515927486368,0.12017073482275009
80,1,28,0.5782174468040466,1.3416839838027954,0.6087672739469379,1.3296507113373897,0.09293539077043533
80,1,29,0.7747514843940735,1.374873161315918,0.7781449212764391,1.357165293708167,0.1176774874329567
80,1,30,0.5854809284210205,1.3756511211395264,0.6150443263761343,1.3619680220880133,0.05695182457566261
80,1,31,0.7810156941413879,1.450468897819519,0.77312027138718,1.4303609667184547,0.06460483372211456
80,1,32,0.5644338726997375,1.446765661239624,0.6020187477089626,1.4329978425532095,0.04168683663010597
81,1,0,0.613852858543396,0.14171373844146729,0.6210155692183604,0.15073153368186737,0.982062041759491
81,1,1,0.6354801058769226,0.10799473524093628,0.6438725294867645,0.11748462347704688,0.960514485836029
81,1,2,0.645393967628479,0.1060885563492775,0.6538255928008798,0.1148420113103904,0.9693560600280762
81,1,3,0.6557278633117676,0.10430330038070679,0.6641034246270836,0.1123955265012979,0.9628515243530273
81,1,4,0.6188176274299622,0.10998566448688507,0.6272077498178616,0.12049911066383785,0.9516431093215942
81,1,5,0.6173909902572632,0.10929225385189056,0.6254860669737512,0.11973749593725899,0.9559841156005859
81,1,6,0.6144317388534546,0.10858476907014847,0.6235876155247562,0.11896901436740732,0.946607768535614
81,1,7,0.7005891799926758,0.110233835875988,0.7096808755275847,0.11716936323862819,0.9763438701629639
81,1,8,0.6398420929908752,0.11328389495611191,0.6517834684928754,0.12143599139064751,0.9647152423858643
81,1,9,0.6398606896400452,0.16704416275024414,0.6479710089696092,0.1743713672915658,0.9891582131385803
81,1,10,0.6125725507736206,0.16698524355888367,0.624601138097208,0.17523207106687141,0.9799572825431824
81,1,11,0.8503469228744507,0.2708227336406708,0.8683312765900773,0.26735232523804275,0.9950804710388184
81,1,12,0.5446732044219971,0.24723513424396515,0.5625314560703923,0.24808895724782007,0.9974597096443176
81,1,13,0.9185425639152527,0.5147054195404053,0.9361694275474547,0.4981063791449944,0.9438947439193726
81,1,14,0.3345147967338562,0.3060981035232544,0.3424437501506507,0.2862120571889176,0.9957885146141052
81,1,15,0.9503384232521057,0.7691985964775085,0.9715525764282247,0.7261977168636142,0.8387334942817688
81,1,16,0.13002048432826996,0.2738192081451416,0.13047638861295296,0.22286016413848622,0.9913217425346375
81,1,17,0.9634251594543457,0.835788905620575,0.9838397883155054,0.7988007396789641,0.7444268465042114
81,1,18,0.07465460151433945,0.2656238079071045,0.07006628598962569,0.20192577542964926,0.9650493860244751
81,1,19,0.9465133547782898,0.8364668488502502,0.969054941887514,0.7987731440114783,0.7844163775444031
81,1,20,0.07798660546541214,0.2552032172679901,0.06992165750802898,0.1882997538718703,0.9734014868736267
81,1,21,0.935123860836029,0.815026044845581,0.9516395114229226,0.7764882771668853,0.8089084625244141
81,1,22,0.09931246936321259,0.26377421617507935,0.09272835229898006,0.19919271242938846,0.9778749346733093
81,1,23,0.7654386162757874,0.7247649431228638,0.7806598511144327,0.7278022031656665,0.9230878949165344
81,1,24,0.5877848863601685,0.7199484705924988,0.5981423822678931,0.7229125018106263,0.9571515917778015
81,1,25,0.7829069495201111,1.0567727088928223,0.7919998971422033,1.027486507571409,0.7080065011978149
81,1,26,0.5769752860069275,1.0235981941223145,0.6036323499838588,1.0420012502864955,0.6451418995857239
81,1,27,0.7751873135566711,1.332004189491272,0.7803683833310097,1.3246023382181478,0.12357242405414581
81,1,28,0.5674946904182434,1.3337692022323608,0.6016112018470702,1.3303640019370622,0.10305380821228027
81,1,29,0.7703567147254944,1.3652126789093018,0.7767959162585797,1.3585592030200329,0.12070254981517792
81,1,30,0.5757982134819031,1.3695123195648193,0.6082400289431648,1.363274770393802,0.060780905187129974
81,1,31,0.7752887010574341,1.4413362741470337,0.7734958044552844,1.4322621963942903,0.06610090285539627
81,1,32,0.5496810078620911,1.4387118816375732,0.5929411225900272,1.4339875172587593,0.04564397782087326
82,1,0,0.6166048049926758,0.14505738019943237,0.6202516527126456,0.1497487687494033,0.9836795926094055
82,1,1,0.6393476724624634,0.10873060673475266,0.6430888501375523,0.11596828498055195,0.964017927646637
82,1,2,0.6502365469932556,0.10686943680047989,0.6532040080887348,0.11346106379649307,0.9719641208648682
82,1,3,0.661923885345459,0.10507983714342117,0.6637259675099029,0.11112838456255876,0.9661256074905396
82,1,4,0.6209669709205627,0.11011046171188354,0.6261268268439784,0.11869953878522756,0.9559878706932068
82,1,5,0.6194692254066467,0.109126016497612,0.6244439376735235,0.11789931197657347,0.9598220586776733
82,1,6,0.613955020904541,0.10818611830472946,0.6219190490228652,0.11710112697235621,0.9513266086578369
82,1,7,0.7039200067520142,0.1110750213265419,0.7086830889242131,0.11611380819840686,0.9783673882484436
82,1,8,0.6293323040008545,0.11305427551269531,0.6478929597201585,0.11998415772261722,0.9677738547325134
82,1,9,0.6430231332778931,0.17185910046100616,0.6471140543048441,0.17393628335112613,0.9901146292686462
82,1,10,0.6151068210601807,0.17137913405895233,0.6229565309680066,0.1745647778561794,0.9817715287208557
82,1,11,0.8483100533485413,0.27767956256866455,0.8648620995161297,0.2691412556075467,0.9954734444618225
82,1,12,0.5356947183609009,0.25104770064353943,0.557880369045597,0.2486013705317581,0.9976364374160767
82,1,13,0.9181050658226013,0.52219158411026,0.9330395098569222,0.5022802525034707,0.9475355744361877
82,1,14,0.32595622539520264,0.3160715699195862,0.3395871785278156,0.2913874933251522,0.9958024621009827
82,1,15,0.9481216073036194,0.779575526714325,0.967492160460081,0.7354560319946207,0.846735954284668
82,1,16,0.1249476820230484,0.28823405504226685,0.12951881949482658,0.23420326957236762,0.9915947914123535
82,1,17,0.9586482048034668,0.8418928384780884,0.9794740398010944,0.8062727026924332,0.753261148929596
82,1,18,0.07053148746490479,0.28370776772499084,0.07014684640307095,0.216122865851895,0.9664970636367798
82,1,19,0.9395330548286438,0.8423635363578796,0.963938078272978,0.8063316208492304,0.7918664216995239
82,1,20,0.07709014415740967,0.2737765610218048,0.07116329726148915,0.20313989788548512,0.9743919968605042
82,1,21,0.9292808175086975,0.8215827941894531,0.9477650377683312,0.7843079195173165,0.8170373439788818
82,1,22,0.09674756228923798,0.28224822878837585,0.093424445980774,0.21361143079785586,0.9786678552627563
82,1,23,0.7585139274597168,0.7295137643814087,0.7768222719857578,0.7280986107060006,0.9296521544456482
82,1,24,0.5799374580383301,0.7274807691574097,0.5949880969130673,0.7237037006208674,0.9603800177574158
82,1,25,0.7803642749786377,1.080511212348938,0.7899842432433631,1.0366834730700132,0.7068356871604919
82,1,26,0.5703381299972534,1.0208821296691895,0.5978609936280358,1.0383417146054514,0.649465799331665
82,1,27,0.7784602642059326,1.3440650701522827,0.7800379340347011,1.3279746866691822,0.12367331236600876
82,1,28,0.5607062578201294,1.357077717781067,0.5945189498219956,1.3349937518620631,0.11173615604639053
82,1,29,0.7690597772598267,1.3757563829421997,0.775455931988241,1.3615387919541821,0.12242197245359421
82,1,30,0.5686730742454529,1.3950095176696777,0.6013800381271093,1.3687755441758191,0.0638992041349411
82,1,31,0.776854395866394,1.4572489261627197,0.7740774729560169,1.4365924179955576,0.06633792817592621
82,1,32,0.5449662804603577,1.4649327993392944,0.5846212984522255,1.4393513213017874,0.04839693754911423
83,1,0,0.6289672255516052,0.14584611356258392,0.6217613302439685,0.149072863804813,0.9848599433898926
83,1,1,0.6548923850059509,0.10873562097549438,0.6451336021622426,0.11471552688494115,0.9665400981903076
83,1,2,0.6670990586280823,0.10716031491756439,0.6556112292270948,0.11236975179708342,0.9739264845848083
83,1,3,0.6801875829696655,0.10570959746837616,0.6665780481822993,0.11018985635219229,0.9684993028640747
83,1,4,0.6305396556854248,0.10947045683860779,0.6268911009702506,0.11710088840814746,0.9590606093406677
83,1,5,0.6258015036582947,0.10838260501623154,0.6246790379432364,0.11625082529159356,0.9625964760780334
83,1,6,0.6192352175712585,0.10734325647354126,0.6214542504756069,0.11541085361931315,0.954586923122406
83,1,7,0.721913754940033,0.11302029341459274,0.7109751642482423,0.1155780521511128,0.979861319065094
83,1,8,0.6349608898162842,0.11321388930082321,0.6456526328451707,0.11881150672174727,0.9699397683143616
83,1,9,0.6542074680328369,0.17470286786556244,0.648342687842625,0.17406903639712223,0.990788459777832
83,1,10,0.6207548975944519,0.1734127700328827,0.6225752472733402,0.17436527691177442,0.9829587936401367
83,1,11,0.8635766506195068,0.2854039967060089,0.864639488761639,0.27195886315148177,0.9957154989242554
83,1,12,0.5426996350288391,0.25778666138648987,0.5552503100885358,0.2501924331911113,0.9976738095283508
83,1,13,0.9171174168586731,0.5366498827934265,0.9302809493513464,0.508238217332707,0.9505912661552429
83,1,14,0.332738995552063,0.32524344325065613,0.3384010295916544,0.29725632158073,0.9955295920372009
83,1,15,0.9598677754402161,0.7890417575836182,0.9661715374521481,0.7447504700941492,0.8556668758392334
83,1,16,0.12927451729774475,0.30712029337882996,0.1294765132014827,0.24685805990094026,0.9916836619377136
83,1,17,0.9752761721611023,0.8546465635299683,0.9787470002171891,0.814661828576763,0.7641549110412598
83,1,18,0.07137200981378555,0.3066992163658142,0.0703590166751697,0.23185078115488625,0.9673011302947998
83,1,19,0.9540323615074158,0.8556244969367981,0.9622221870607047,0.8148803597763015,0.8013073205947876
83,1,20,0.07867636531591415,0.2991010844707489,0.07246463474826391,0.21980554201747915,0.9749788641929626
83,1,21,0.9418066740036011,0.8350050449371338,0.9467330387200974,0.7931005651192479,0.8261162042617798
83,1,22,0.09893335402011871,0.30532097816467285,0.09437858566361251,0.22953665666247358,0.9791368842124939
83,1,23,0.7738099098205566,0.7502290606498718,0.7763005717462906,0.7319335064334188,0.934073269367218
83,1,24,0.5878739356994629,0.7479783296585083,0.5937558689013767,0.7279104234065306,0.9625852704048157
83,1,25,0.8062916398048401,1.0340019464492798,0.7928095914114955,1.03621907411203,0.7181277871131897
83,1,26,0.5691090822219849,1.0886585712432861,0.5928776987697657,1.0470682984364694,0.6608238220214844
83,1,27,0.7994457483291626,1.3669638633728027,0.7834007604262248,1.334734385978558,0.12822991609573364
83,1,28,0.58064866065979,1.384727954864502,0.5921160186540225,1.3436191379561508,0.11573880165815353
83,1,29,0.7889946699142456,1.3960471153259277,0.7778013994351564,1.3675208245661277,0.12604671716690063
83,1,30,0.5907400846481323,1.4197661876678467,0.599536919150818,1.3776191685138321,0.06547221541404724
83,1,31,0.8046455979347229,1.4958287477493286,0.7793758422292468,1.446868683387635,0.06917321681976318
83,1,32,0.5623772144317627,1.4944461584091187,0.5807666948557964,1.448907938210508,0.05022599548101425
84,1,0,0.6148916482925415,0.14563843607902527,0.6205714567767988,0.1484780600418846,0.9834198951721191
84,1,1,0.6448174118995667,0.10931586474180222,0.645078846747585,0.11378031162950553,0.9629154205322266
84,1,2,0.6574146747589111,0.10808628797531128,0.6559235501326162,0.11162788570185511,0.9701594710350037
84,1,3,0.67097008228302,0.10702667385339737,0.6673387203633325,0.10964203363193809,0.9641968011856079
84,1,4,0.6175739765167236,0.10916833579540253,0.6252771958251412,0.11572687481744777,0.9565379023551941
84,1,5,0.6114433407783508,0.10799162834882736,0.6223860906040384,0.11482021892345375,0.9597459435462952
84,1,6,0.6051967740058899,0.10715856403112411,0.618637555393009,0.11398144399586838,0.9516803026199341
84,1,7,0.7135435938835144,0.11482854187488556,0.7114199754117582,0.11544825598448671,0.976436197757721
84,1,8,0.6233187913894653,0.11315629631280899,0.6417824680641168,0.11783202327832597,0.9682473540306091
84,1,9,0.6391893029212952,0.17414642870426178,0.6467571533587514,0.17408243850933935,0.9899381399154663
84,1,10,0.6062209606170654,0.17256110906600952,0.6197417710342398,0.17405283090550647,0.9826006889343262
84,1,11,0.8470001816749573,0.2834400534629822,0.8615832568631354,0.27394775553394385,0.9948535561561584
84,1,12,0.5295409560203552,0.25680848956108093,0.5507947608349402,0.25133836832878265,0.9976470470428467
84,1,13,0.9023807644844055,0.5295594334602356,0.9254454011391458,0.5119327959723627,0.9454004168510437
84,1,14,0.3178001642227173,0.32660695910453796,0.3348313534140354,0.30234347968140335,0.9951198101043701
84,1,15,0.9334932565689087,0.7777319550514221,0.9605070564378403,0.7504675696371889,0.8371633887290955
84,1,16,0.12119735777378082,0.3122374415397644,0.12804244914068785,0.2582021300044512,0.9906454682350159
84,1,17,0.9386392831802368,0.8454153537750244,0.9717931434858416,0.8199923689564753,0.7408804893493652
84,1,18,0.06084843724966049,0.31637266278266907,0.06871159201932026,0.2465247317187566,0.9644567966461182
84,1,19,0.9333798885345459,0.8469688892364502,0.9572232140954814,0.8204425204415354,0.7794325351715088
84,1,20,0.06945620477199554,0.3139280676841736,0.0719436157055286,0.23615097846263935,0.9725706577301025
84,1,21,0.920622706413269,0.8236890435218811,0.942207944199019,0.7984024716691989,0.8081827163696289
84,1,22,0.09279582649469376,0.3189306855201721,0.094104485100109,0.2450587317254478,0.9772230982780457
84,1,23,0.7587279677391052,0.7534586787223816,0.7732559032263905,0.7356634485206168,0.9349308013916016
84,1,24,0.5725358128547668,0.7544384002685547,0.5900788319778261,0.7325079564046235,0.9629919528961182
84,1,25,0.7782852649688721,1.0244855880737305,0.7902933051320046,1.0341864624396244,0.7295928001403809
84,1,26,0.5552098751068115,1.1061140298843384,0.5863473454113163,1.0573114399368972,0.6708962917327881
84,1,27,0.7786554098129272,1.3544083833694458,0.7825788874853331,1.3381433631295436,0.1323675960302353
84,1,28,0.5722007155418396,1.3683207035064697,0.5886652044063309,1.3478999053640577,0.11575034260749817
84,1,29,0.7681025862693787,1.3855277299880981,0.7761213593256128,1.3706407830223475,0.13135291635990143
84,1,30,0.5826038718223572,1.4029120206832886,0.5966031167823801,1.382002483827009,0.06619559228420258
84,1,31,0.7847711443901062,1.476396918296814,0.7803103023731884,1.4519866524896006,0.07174374908208847
84,1,32,0.5579704642295837,1.4757745265960693,0.5768163464024625,1.4535642064515737,0.05030025169253349
85,1,0,0.6127760410308838,0.1439969390630722,0.6192212026265875,0.14770195651287646,0.9845740795135498
85,1,1,0.6394155025482178,0.1086793839931488,0.6440979543762742,0.11289684478682621,0.9654608964920044
85,1,2,0.6519328951835632,0.10760730504989624,0.655232402642041,0.11093155464936565,0.9720978736877441
85,1,3,0.6658617854118347,0.10671746730804443,0.6670829471278905,0.10913553981684922,0.9665766358375549
85,1,4,0.6091384291648865,0.1091347262263298,0.6224810778636198,0.11458508134701136,0.9598169922828674
85,1,5,0.6009064316749573,0.1083793044090271,0.618664040417592,0.1137046250292982,0.9627327919006348
85,1,6,0.5927245616912842,0.10777983069419861,0.6141466874996102,0.11290730581981206,0.9553221464157104
85,1,7,0.7094312906265259,0.11547015607357025,0.7110755728485552,0.11545204844098232,0.9779828190803528
85,1,8,0.6040179133415222,0.1141195222735405,0.6352353275169819,0.11718905500390292,0.9706341028213501
85,1,9,0.6373397707939148,0.1738322377204895,0.6451258766650758,0.17403911073144815,0.9906433820724487
85,1,10,0.6032297015190125,0.1728067696094513,0.6168809443275042,0.1738370414817373,0.9839334487915039
85,1,11,0.8371596932411194,0.2862195372581482,0.8573507045190532,0.27607365300527253,0.9948582053184509
85,1,12,0.5227143168449402,0.26099693775177,0.5459279438809316,0.25301143545587207,0.9977320432662964
85,1,13,0.8917908072471619,0.5311056971549988,0.9196115132411786,0.5152548963139937,0.946090042591095
85,1,14,0.31598198413848877,0.3278261721134186,0.3315653445699735,0.3067597188174006,0.9943451881408691
85,1,15,0.9174826741218567,0.7767553329467773,0.9530468555491206,0.7550234450329673,0.8360121846199036
85,1,16,0.12266279757022858,0.32909536361694336,0.12711070038013436,0.2705049530875133,0.9902318120002747
85,1,17,0.925540566444397,0.8476007580757141,0.9637724128788077,0.8247773073570889,0.7357059717178345
85,1,18,0.06139227747917175,0.3381023705005646,0.067443822210111,0.2624270089597615,0.9639711380004883
85,1,19,0.9149402976036072,0.8495394587516785,0.9498917425764578,0.8254856714739488,0.7747319936752319
85,1,20,0.07011476904153824,0.33547088503837585,0.07162689563031668,0.25340169433530624,0.9720396995544434
85,1,21,0.9024223685264587,0.8247774839401245,0.9353100064188827,0.8029734785828528,0.8055658340454102
85,1,22,0.09374857693910599,0.3380647897720337,0.09404285157275913,0.26120974382952,0.9768322110176086
85,1,23,0.7500074505805969,0.7642583250999451,0.7692271375007882,0.7406195013361183,0.9388285875320435
85,1,24,0.563410758972168,0.7650269269943237,0.5854569995409056,0.7381447961691626,0.965340256690979
85,1,25,0.7716673016548157,1.0911037921905518,0.7870660205010525,1.0440597449564986,0.7407163977622986
85,1,26,0.5502421855926514,1.1145906448364258,0.5800881989730754,1.0672476061999692,0.6780644655227661
85,1,27,0.7667977213859558,1.358667016029358,0.7798447551896913,1.3416996535265517,0.13292470574378967
85,1,28,0.5712175965309143,1.3732926845550537,0.5856422030680869,1.352300550972635,0.11563075333833694
85,1,29,0.7573682069778442,1.3903121948242188,0.7728720316101095,1.3740493117714534,0.1332409530878067
85,1,30,0.5824518799781799,1.4092457294464111,0.5941514930973546,1.3867240836825634,0.06642883270978928
85,1,31,0.764824628829956,1.4804143905639648,0.7776273891409488,1.4569137155622283,0.07203488051891327
85,1,32,0.557468831539154,1.4800938367843628,0.5734639718856669,1.458162029551466,0.05008356273174286
86,1,0,0.6273653507232666,0.13685481250286102,0.6206318759503778,0.14582293610279368,0.9859931468963623
86,1,1,0.6547225713729858,0.10312546789646149,0.6459384147002198,0.11120423119599719,0.9686467051506042
86,1,2,0.6676515936851501,0.10372717678546906,0.657383845973473,0.10968369704462458,0.9746617674827576
86,1,3,0.6817283630371094,0.10445963591337204,0.6696202211552117,0.10832569629635638,0.9696483612060547
86,1,4,0.6232654452323914,0.10170603543519974,0.6226169105207429,0.1123539439330111,0.9635818600654602
86,1,5,0.6138911247253418,0.10123143345117569,0.6178373924699575,0.11154382327414746,0.9662277102470398
86,1,6,0.6042352318763733,0.10096754133701324,0.6124298018341049,0.11083894582549518,0.9594860076904297
86,1,7,0.7217675447463989,0.1167743057012558,0.7129277045450252,0.11568103377644569,0.9799733757972717
86,1,8,0.6044704914093018,0.11335032433271408,0.6299028293890946,0.11652422248865092,0.973358690738678
86,1,9,0.6507617235183716,0.16931375861167908,0.6461020056799613,0.17322070182202773,0.9914530515670776
86,1,10,0.6132650375366211,0.16731108725070953,0.6162547070007224,0.172706715512054,0.9853889346122742
86,1,11,0.833612859249115,0.2905353009700775,0.8532370701965558,0.2785790760358786,0.9952061772346497
86,1,12,0.5192673802375793,0.26564857363700867,0.5413074129354245,0.2552006492632397,0.9978536367416382
86,1,13,0.8808412551879883,0.5361044406890869,0.9128898124497989,0.5188676915685573,0.9477507472038269
86,1,14,0.3214166760444641,0.3414156436920166,0.3298073558943762,0.3127673657848807,0.9939458966255188
86,1,15,0.9220812320709229,0.787818431854248,0.9476795218819133,0.7607081831676535,0.8441266417503357
86,1,16,0.12555138766765594,0.36044856905937195,0.12684066042861758,0.2861227004263839,0.9899700284004211
86,1,17,0.9273003339767456,0.8588413000106812,0.9574495881821168,0.8306822405371841,0.7468910813331604
86,1,18,0.06304609775543213,0.3665243089199066,0.06668216444181481,0.28051008857390075,0.9641766548156738
86,1,19,0.9201657772064209,0.8608964681625366,0.9447394731625773,0.8316243188614499,0.784561276435852
86,1,20,0.07167134433984756,0.3571323752403259,0.07163459285627452,0.2714209023022562,0.9721407294273376
86,1,21,0.9073761105537415,0.8355013728141785,0.9304686094905358,0.8086118718073037,0.8149487972259521
86,1,22,0.09561710804700851,0.3593089282512665,0.09431547961998986,0.2782478136101469,0.9770007729530334
86,1,23,0.7553936243057251,0.7740388512611389,0.7668305812437715,0.746412569781937,0.9444237351417542
86,1,24,0.5662391781806946,0.774760901927948,0.5821271120636532,0.7444926151722434,0.9683719277381897
86,1,25,0.7768014669418335,1.1103276014328003,0.785287951713333,1.0555582646547115,0.7492575645446777
86,1,26,0.557451069355011,1.1329056024551392,0.5761654403191303,1.07864009961019,0.6746267676353455
86,1,27,0.7666308879852295,1.3786488771438599,0.7775555912774709,1.3481052871850305,0.12908460199832916
86,1,28,0.5732258558273315,1.3929013013839722,0.5834912515636979,1.3593399977301848,0.10946984589099884
86,1,29,0.7577149271965027,1.411234974861145,0.7702460687612408,1.3804959809833939,0.13025419414043427
86,1,30,0.5801801681518555,1.430525779724121,0.5917310513617496,1.3943192476874047,0.06312277913093567
86,1,31,0.7643271684646606,1.5008107423782349,0.7753232596385663,1.464525432166096,0.06967195868492126
86,1,32,0.5694335699081421,1.5021226406097412,0.5727659392088992,1.4657847860487703,0.04739466682076454
87,1,0,0.6276463270187378,0.13512395322322845,0.6218468296807781,0.1439695894606564,0.986740231513977
87,1,1,0.6549181938171387,0.10211630165576935,0.6474938693985786,0.10963003778126935,0.9701711535453796
87,1,2,0.6688979864120483,0.10297085344791412,0.6593784483040467,0.10852099440462387,0.9759379625320435
87,1,3,0.6833601593971252,0.10396227240562439,0.672000559210595,0.10756997987691803,0.9710777997970581
87,1,4,0.6181861162185669,0.10049871355295181,0.6218495244261937,0.11030023321818382,0.9657072424888611
87,1,5,0.605456531047821,0.1000463142991066,0.6156925915020309,0.10955210293173237,0.9682723879814148
87,1,6,0.5928846597671509,0.09948929399251938,0.6090431661320109,0.1088728476049283,0.961772084236145
87,1,7,0.7134126424789429,0.11738302558660507,0.7130116828226916,0.11597578399627893,0.9806581735610962
87,1,8,0.5824910402297974,0.1131221130490303,0.6216807908436248,0.11593501645566491,0.9747335910797119
87,1,9,0.6487730741500854,0.16877152025699615,0.6465645936717428,0.1724501307605684,0.9916318655014038
87,1,10,0.6063200235366821,0.16677536070346832,0.6145337966756258,0.17167939532016335,0.9861167073249817
87,1,11,0.8167563676834106,0.29191669821739197,0.8469127508572042,0.28088968806794296,0.9950975179672241
87,1,12,0.4942590296268463,0.2681567370891571,0.5331484849328801,0.2574451383614101,0.9975637793540955
87,1,13,0.856410801410675,0.5382763743400574,0.9030926925380814,0.5222306696932439,0.9446650147438049
87,1,14,0.3073909878730774,0.34938615560531616,0.3259228808191895,0.3191156525027543,0.9925873875617981
87,1,15,0.9128035306930542,0.7912877202033997,0.9416336861014651,0.7660085385474639,0.8383343815803528
87,1,16,0.1253107190132141,0.38535070419311523,0.12657570719559236,0.3033573865314398,0.9858930706977844
87,1,17,0.9218147993087769,0.8630325198173523,0.9512720713031092,0.8362898159314888,0.7380411624908447
87,1,18,0.060026269406080246,0.3907817006111145,0.06552932769181198,0.29966928451628244,0.9555031061172485
87,1,19,0.9146984219551086,0.8634987473487854,0.9395325417577399,0.837149331650006,0.7767049074172974
87,1,20,0.06681184470653534,0.3887087106704712,0.0707993130435759,0.29180342112754554,0.9648800492286682
87,1,21,0.9018970727920532,0.838737964630127,0.9255166039551197,0.8138335594403703,0.8091981410980225
87,1,22,0.09298431873321533,0.3942653238773346,0.09408495231651882,0.29840879796742764,0.9712595343589783
87,1,23,0.7382186055183411,0.7758774757385254,0.7618715619765145,0.7515195503945991,0.9467660188674927
87,1,24,0.5488483309745789,0.7767837643623352,0.5763584348838156,0.750089927673611,0.9685054421424866
87,1,25,0.7502626180648804,1.107923984527588,0.7792162027860313,1.0646407610240216,0.7571762800216675
87,1,26,0.5401012301445007,1.1316956281661987,0.5699134001857238,1.087842430785269,0.6705397963523865
87,1,27,0.7302137613296509,1.370568037033081,0.7693457058982782,1.3519978069573393,0.13319912552833557
87,1,28,0.5550642013549805,1.3838170766830444,0.5785643097488193,1.3635818336077847,0.10822439193725586
87,1,29,0.7198339104652405,1.3996005058288574,0.7615029298943323,1.3838062274336547,0.13495028018951416
87,1,30,0.5601326823234558,1.4193737506866455,0.5862539390511692,1.3986612259566573,0.0633411705493927
87,1,31,0.723699152469635,1.4990415573120117,0.7663696042662864,1.4705088222010312,0.07089865952730179
87,1,32,0.5576130151748657,1.4904544353485107,0.5701406994725846,1.4700600194664655,0.046155136078596115
88,1,0,0.6181962490081787,0.1342705637216568,0.6212145866168528,0.1422895123046173,0.9866487383842468
88,1,1,0.6441864371299744,0.10275063663721085,0.6469210620340466,0.10843848044458144,0.9695082306861877
88,1,2,0.658134937286377,0.10343264043331146,0.6591631005665134,0.10763970563349598,0.9755938053131104
88,1,3,0.6725818514823914,0.1040969118475914,0.6721012237791616,0.10696848335996223,0.9700199365615845
88,1,4,0.6088607311248779,0.10160882025957108,0.619599367259436,0.10879474152784671,0.9661518931388855
88,1,5,0.5967566967010498,0.10107924789190292,0.6124115818201742,0.1080844786112568,0.9691893458366394
88,1,6,0.5852997303009033,0.10011299699544907,0.6049285625208671,0.10735549830412185,0.9627962708473206
88,1,7,0.7022696733474731,0.12140080332756042,0.7111508805590298,0.11691539171185127,0.9792410135269165
88,1,8,0.5791350603103638,0.11776935309171677,0.6143036878753225,0.11625268735811745,0.975357711315155
88,1,9,0.6399165391921997,0.1681419014930725,0.645413115162247,0.17170397493834866,0.9907814860343933
88,1,10,0.5993956923484802,0.16666854918003082,0.6119111268938191,0.17081153272564678,0.9862121939659119
88,1,11,0.7980861067771912,0.29205408692359924,0.8384449922404679,0.2828236842145796,0.9941264986991882
88,1,12,0.4901098310947418,0.2732076346874237,0.5256858029376398,0.2601760349143583,0.9975213408470154
88,1,13,0.8480638861656189,0.5277924537658691,0.893547543450614,0.5231939692852419,0.9286550879478455
88,1,14,0.29479435086250305,0.3525485098361969,0.32052728552570814,0.32491106754363513,0.9920783638954163
88,1,15,0.8987268209457397,0.7793654203414917,0.9341938852248115,0.7683224910560444,0.8059913516044617
88,1,16,0.108751080930233,0.39255812764167786,0.12348734978618084,0.31884582217825025,0.9838405847549438
88,1,17,0.909257173538208,0.842961847782135,0.943987126390443,0.8374454494962468,0.7046300172805786
88,1,18,0.04379386827349663,0.40750205516815186,0.06176292305531555,0.31840339222315234,0.9505220055580139
88,1,19,0.9033440351486206,0.8450139760971069,0.933258930890404,0.8385115812717486,0.745516300201416
88,1,20,0.05044107884168625,0.41095495223999023,0.06727170538409596,0.3125109979599017,0.9610009789466858
88,1,21,0.8856863975524902,0.8086178302764893,0.9186109166437766,0.8129302071566982,0.7819610834121704
88,1,22,0.07579505443572998,0.41480326652526855,0.0909159360394542,0.3186355391906943,0.9679548740386963
88,1,23,0.7237241268157959,0.7742489576339722,0.7552579657911925,0.7554583096159717,0.9449403285980225
88,1,24,0.5367481708526611,0.7770987749099731,0.5694909269197308,0.754770869511404,0.9668734669685364
88,1,25,0.7274666428565979,1.1067798137664795,0.7702407523368016,1.0719472666527934,0.7484797835350037
88,1,26,0.5329914093017578,1.1296770572662354,0.5635124910071272,1.0950960866167703,0.6588799357414246
88,1,27,0.7160995006561279,1.3706156015396118,0.7601102613777699,1.3552236703005873,0.1304425299167633
88,1,28,0.5470005869865417,1.3843387365341187,0.5730932080487516,1.3671785672308292,0.10624256730079651
88,1,29,0.7098429799079895,1.4007964134216309,0.7525430436922221,1.3867499346554684,0.13243910670280457
88,1,30,0.5502393841743469,1.4217538833618164,0.5800105175538213,1.4026629777505495,0.06193896010518074
88,1,31,0.7055109143257141,1.4940422773361206,0.7558113793869377,1.4745870148874392,0.06890062987804413
88,1,32,0.5574965476989746,1.490375280380249,0.5679502690926567,1.473580179617422,0.04462059587240219
89,1,0,0.6311959624290466,0.144943505525589,0.6229435873885183,0.14274914286751428,0.9878146052360535
89,1,1,0.6599732637405396,0.10998696833848953,0.6491822082395258,0.10870664567647527,0.9721297025680542
89,1,2,0.6737722158432007,0.11059397459030151,0.661694082883451,0.10815134393631047,0.977687418460846
89,1,3,0.6883696913719177,0.11115191876888275,0.6749198241552885,0.10769302298261377,0.9723438024520874
89,1,4,0.626041054725647,0.10895901173353195,0.620715094899465,0.10882318845556649,0.9692906141281128
89,1,5,0.6142557859420776,0.1090482771396637,0.6127309616397795,0.10825138511830532,0.9720994234085083
89,1,6,0.6028448343276978,0.10933210700750351,0.6045676991156608,0.10769780936970572,0.9663003087043762
89,1,7,0.717909574508667,0.12806305289268494,0.7123215262970037,0.1188464872104939,0.9809500575065613
89,1,8,0.5978298783302307,0.12741230428218842,0.611449490932396,0.11818585460084437,0.9777597188949585
89,1,9,0.6518544554710388,0.17695966362953186,0.6465287827140161,0.1726142501340401,0.9914606213569641
89,1,10,0.6172754168510437,0.1768312007188797,0.6128402145706262,0.17185415160614914,0.9874866008758545
89,1,11,0.8182713985443115,0.2922220528125763,0.8349493950950783,0.28445166653402376,0.993553102016449
89,1,12,0.5023154020309448,0.28213444352149963,0.5216358868944576,0.26398109895343386,0.9976716637611389
89,1,13,0.8660233616828918,0.3979164659976959,0.8887772110982493,0.5014179251108307,0.9244412183761597
89,1,14,0.2987145483493805,0.3837130665779114,0.3167474799408523,0.3351118572142397,0.9925211071968079
89,1,15,0.9309031367301941,0.42278504371643066,0.9336239670894535,0.7078652432775954,0.799460768699646
89,1,16,0.11390896141529083,0.4367145001888275,0.12182817565626329,0.3393296165467811,0.9841626882553101
89,1,17,0.9286376237869263,0.4461333751678467,0.9413278128518439,0.768886359443345,0.7042173147201538
89,1,18,0.04668622091412544,0.4638698995113373,0.059150896095027404,0.34370419738111196,0.9524892568588257
89,1,19,0.9357739090919495,0.4244188368320465,0.9336944841119758,0.7659123762595577,0.744547426700592
89,1,20,0.05657558888196945,0.46325692534446716,0.06541885548498362,0.3387342082930631,0.9624889492988586
89,1,21,0.919734001159668,0.423178106546402,0.9188054084391979,0.7446475774102238,0.7831442356109619
89,1,22,0.08811505883932114,0.45955175161361694,0.0904308652632821,0.34314159464300414,0.9692075848579407
89,1,23,0.7434070706367493,0.7766549587249756,0.753205005563122,0.759131289403923,0.9483742713928223
89,1,24,0.5549079775810242,0.7797231078147888,0.5669644784851778,0.7590951104791864,0.9682593941688538
89,1,25,0.7550879120826721,1.1133170127868652,0.7676155270202529,1.0791202162523936,0.758994460105896
89,1,26,0.5376487374305725,1.124772071838379,0.5590301599101699,1.1002396920770618,0.6712555289268494
89,1,27,0.7417472004890442,1.3702176809310913,0.7569285589805379,1.3578213657849925,0.12837617099285126
89,1,28,0.5621001124382019,1.3712292909622192,0.5711888955124649,1.3678801198907773,0.10394537448883057
89,1,29,0.731853187084198,1.3994033336639404,0.7489579348815137,1.3889419675479093,0.13672217726707458
89,1,30,0.566367506980896,1.4050910472869873,0.5776469770885078,1.4030834793255966,0.06634294241666794
89,1,31,0.7349318861961365,1.4939887523651123,0.7521933896861046,1.477948790560443,0.06621602922677994
89,1,32,0.5736429691314697,1.4786369800567627,0.5689362463458776,1.4744560032296472,0.04301031678915024
90,1,0,0.631510317325592,0.14618398249149323,0.6244274763215686,0.143344017918013,0.9888917207717896
90,1,1,0.6606799960136414,0.11315751820802689,0.6511739768238146,0.10947750958572967,0.9746038913726807
90,1,2,0.6749778985977173,0.11472810059785843,0.6639953697127207,0.10929047079153717,0.9796812534332275
90,1,3,0.6901677250862122,0.11621049791574478,0.6775615248805547,0.10916837794248725,0.9746764898300171
90,1,4,0.6301286220550537,0.11215602606534958,0.6223457034819143,0.10940039613720384,0.9721406698226929
90,1,5,0.6189410090446472,0.11359792202711105,0.6138065606914074,0.10917739753438728,0.9747509360313416
90,1,6,0.6076997518539429,0.11533218622207642,0.6051101299118208,0.10902016327670372,0.9694874882698059
90,1,7,0.7229761481285095,0.138345405459404,0.7141671858986227,0.1222251084130341,0.9826444983482361
90,1,8,0.6066962480545044,0.1385076642036438,0.610626250163188,0.12170714703847074,0.9799156188964844
90,1,9,0.6625450849533081,0.18205495178699493,0.6493036728450282,0.17424956726201307,0.9921663403511047
90,1,10,0.6213010549545288,0.18075305223464966,0.6143057569843163,0.1733955929194354,0.9886429905891418
90,1,11,0.8315333127975464,0.3042929470539093,0.8343577685042929,0.2878896452975547,0.9938240051269531
90,1,12,0.5072932243347168,0.2946246862411499,0.5191510847203384,0.26929256032636895,0.9978368282318115
90,1,13,0.892478346824646,0.40716245770454407,0.8894182100188527,0.4850493707650587,0.9282026290893555
90,1,14,0.3025123178958893,0.3995940387248993,0.31428131087448996,0.34629993766329875,0.9930106401443481
90,1,15,0.9314397573471069,0.591915488243103,0.9332457008196968,0.6877158308295439,0.8088880181312561
90,1,16,0.13362443447113037,0.45569363236427307,0.12387166671919353,0.3595510390831244,0.9852409362792969
90,1,17,0.9359097480773926,0.6463180184364319,0.9403894090793264,0.7475824565569714,0.7208788990974426
90,1,18,0.06208625063300133,0.47975558042526245,0.05965925837631079,0.3673608320523569,0.9561285376548767
90,1,19,0.927263081073761,0.6363497376441956,0.9325805374262005,0.7433880022565498,0.7588967084884644
90,1,20,0.08213231712579727,0.48265978693962097,0.06831459192234819,0.36376592659987306,0.965339720249176
90,1,21,0.9119298458099365,0.6199416518211365,0.9176145155346364,0.7229707533756345,0.7964679598808289
90,1,22,0.11500141769647598,0.4803066849708557,0.09468890845682669,0.36699267821027715,0.9715647101402283
90,1,23,0.7529848217964172,0.7865948677062988,0.753166875913829,0.7638911057774869,0.9530681371688843
90,1,24,0.5627020001411438,0.7901445627212524,0.5662262470834356,0.7644769884339918,0.9710476994514465
90,1,25,0.7636534571647644,1.1336605548858643,0.7669293304210558,1.0885805048124295,0.7645592093467712
90,1,26,0.5457478761672974,1.13675856590271,0.5567291369191556,1.106570644335681,0.6755849123001099
90,1,27,0.7536830306053162,1.3909573554992676,0.7563664732791503,1.3635652676590246,0.11889246851205826
90,1,28,0.5698590874671936,1.3849202394485474,0.5709586023789873,1.3708324830965248,0.09623969346284866
90,1,29,0.746019721031189,1.422471046447754,0.7484490769603314,1.3947540771770437,0.1293134093284607
90,1,30,0.5740413665771484,1.4193447828292847,0.5770225229041762,1.4059008395133534,0.06395787745714188
90,1,31,0.7425469756126404,1.50958251953125,0.750522427407322,1.4834320401048409,0.06070768088102341
90,1,32,0.5826283097267151,1.4883402585983276,0.5713082860212281,1.476861354985861,0.03964580222964287
91,1,0,0.640701174736023,0.1602296382188797,0.6272469833051415,0.14626959729185596,0.9898790717124939
91,1,1,0.671427309513092,0.12459539622068405,0.6546833968410639,0.1120966747333352,0.9768404960632324
91,1,2,0.6856454014778137,0.12485485523939133,0.6677469619063438,0.11198702764957917,0.9814700484275818
91,1,3,0.7005645632743835,0.12500382959842682,0.6815477328646007,0.1119119200536475,0.976804256439209
91,1,4,0.6392789483070374,0.12500245869159698,0.6252795384611737,0.11210348375398006,0.9747015833854675
91,1,5,0.6278349161148071,0.1261175125837326,0.616236885491037,0.11211242335585908,0.9771198630332947
91,1,6,0.6164029240608215,0.12756916880607605,0.6070663748624344,0.112234099081379,0.9723408222198486
91,1,7,0.7312065362930298,0.14316429197788239,0.717119414160235,0.12585344481425562,0.9841545224189758
91,1,8,0.6154696345329285,0.14615824818611145,0.6114651041196175,0.12594447459829297,0.9818353056907654
91,1,9,0.6714450716972351,0.19225502014160156,0.653140467262351,0.17736927238630987,0.9928279519081116
91,1,10,0.631206214427948,0.19225682318210602,0.6172339082633042,0.17666365785819935,0.9897021651268005
91,1,11,0.8405957818031311,0.3118289113044739,0.8354382117602459,0.29203820940845526,0.9942004680633545
91,1,12,0.5156957507133484,0.2988649010658264,0.5185526594717064,0.27441817797579027,0.9980048537254333
91,1,13,0.8955484628677368,0.488773375749588,0.8904799849722438,0.48569432953669256,0.9319030046463013
91,1,14,0.30981677770614624,0.4025460183620453,0.3135080804466764,0.3560565947908302,0.9933599233627319
91,1,15,0.9233232736587524,0.7345670461654663,0.931526913388471,0.6958403791158063,0.8174811005592346
91,1,16,0.1404327005147934,0.47323790192604065,0.1267409807944906,0.37930567074170224,0.9860727787017822
91,1,17,0.9239832758903503,0.7990365028381348,0.9375469439338014,0.7565063800860307,0.734632670879364
91,1,18,0.07032778859138489,0.506376326084137,0.06150732791547981,0.3915350393372435,0.9590428471565247
91,1,19,0.9199925065040588,0.779025673866272,0.9303998330025982,0.749565865918818,0.7709957361221313
91,1,20,0.09449853003025055,0.5107560753822327,0.07285245269014752,0.3893330165785552,0.9676068425178528
91,1,21,0.9097293615341187,0.7708442807197571,0.9162487133985224,0.7312727986673233,0.8075763583183289
91,1,22,0.12498212605714798,0.5041247010231018,0.09993958457716419,0.39083801909315774,0.9733957052230835
91,1,23,0.7565934658050537,0.7934916019439697,0.7537603218871809,0.7690216089038053,0.957248866558075
91,1,24,0.5674422383308411,0.796894907951355,0.566436828776651,0.7700962973814055,0.9735075831413269
91,1,25,0.7650102376937866,1.140419840812683,0.7665969804251662,1.0975715643303474,0.7708421945571899
91,1,26,0.5478194355964661,1.1431102752685547,0.5551858231538113,1.1129051985972154,0.6798146367073059
91,1,27,0.7598329186439514,1.4043959379196167,0.756966822355152,1.3706446266657204,0.11277937889099121
91,1,28,0.5642167329788208,1.4003410339355469,0.5697908708835,1.3759470358573105,0.09120558202266693
91,1,29,0.7551730871200562,1.436071753501892,0.7496137133578473,1.4019179794582914,0.12445130199193954
91,1,30,0.5645542740821838,1.4351006746292114,0.5748625769505541,1.4109618376830255,0.06254773586988449
91,1,31,0.7432381510734558,1.5235967636108398,0.7492607269201425,1.49039579765931,0.0566556490957737
91,1,32,0.5840693712234497,1.5046942234039307,0.5735189795825882,1.4816852285819277,0.03718053922057152
92,1,0,0.6411301493644714,0.13807563483715057,0.6296521448342443,0.14485029335220473,0.9908332824707031
92,1,1,0.6634157299995422,0.11228229105472565,0.6561959784583692,0.11212881822481703,0.9790259003639221
92,1,2,0.6772850751876831,0.11305446177721024,0.6693991577625541,0.11217188192207997,0.9832164645195007
92,1,3,0.6911023259162903,0.11371352523565292,0.6832027842307169,0.11222392223008346,0.9789596796035767
92,1,4,0.6263351440429688,0.11537651717662811,0.6254623442461161,0.11267033308073973,0.9771230816841125
92,1,5,0.6134089827537537,0.11883813887834549,0.6157471338790356,0.11327735588049183,0.9793283343315125
92,1,6,0.6001279354095459,0.12244034558534622,0.6058645895094087,0.11400206451748611,0.9750014543533325
92,1,7,0.7155451774597168,0.13591676950454712,0.7168467895719406,0.12759664548074937,0.985619068145752
92,1,8,0.5901666879653931,0.14725647866725922,0.6077744784320066,0.12963745489193226,0.9835984706878662
92,1,9,0.6723987460136414,0.1712953746318817,0.6564773685331555,0.17631725910837337,0.993489146232605
92,1,10,0.6213058829307556,0.17699000239372253,0.6179391413766071,0.17672017173375773,0.9906971454620361
92,1,11,0.8063086271286011,0.3157585859298706,0.830389400861229,0.29614881422311323,0.9946698546409607
92,1,12,0.4814266860485077,0.30049166083335876,0.5121163490518373,0.2789368826245577,0.9981667995452881
92,1,13,0.8375569581985474,0.5432427525520325,0.8813006801370908,0.49567724333359464,0.9357116222381592
92,1,14,0.27980703115463257,0.4131694734096527,0.3076661314711163,0.36596386965153477,0.9936996102333069
92,1,15,0.8801933526992798,0.7707692980766296,0.922623722891031,0.7088449177827434,0.82770836353302
92,1,16,0.10918666422367096,0.4943731427192688,0.12369948291172893,0.3993010427366763,0.9864825010299683
92,1,17,0.895399808883667,0.8463699221611023,0.9302390428227488,0.7721098687069304,0.7455369830131531
92,1,18,0.05313855782151222,0.5275585055351257,0.06005773726892116,0.4151868580042065,0.9606156349182129
92,1,19,0.8837838172912598,0.8456600904464722,0.9223159889932436,0.7662542953638,0.7804293632507324
92,1,20,0.08022814244031906,0.5280704498291016,0.07412998959435324,0.41345873122368826,0.9687995910644531
92,1,21,0.8669966459274292,0.8217957019805908,0.9077070672362202,0.746991085952296,0.8154696226119995
92,1,22,0.10835646092891693,0.5221200585365295,0.1013975102798686,0.41366216194162253,0.9740630388259888
92,1,23,0.7026078104972839,0.7856577634811401,0.7448885822009472,0.7719039462434343,0.9611530900001526
92,1,24,0.5092655420303345,0.7955092787742615,0.5565194194977413,0.7745004468728082,0.9758144021034241
92,1,25,0.7257837653160095,1.1335476636886597,0.7595206528443805,1.1038083210094531,0.773364245891571
92,1,26,0.4882737100124359,1.1359912157058716,0.5435752947399647,1.1169058013824162,0.6732802987098694
92,1,27,0.7054303884506226,1.391958236694336,0.7480283917760275,1.374337887563208,0.1155271902680397
92,1,28,0.4757263660430908,1.409656047821045,0.5534556029139654,1.381790368400189,0.09420794248580933
92,1,29,0.6942938566207886,1.4229212999343872,0.7400180001127925,1.405557438836097,0.12700170278549194
92,1,30,0.472637802362442,1.4449368715286255,0.5571058551906826,1.416851331454057,0.06254532933235168
92,1,31,0.690854549407959,1.5122244358062744,0.739128725609534,1.4941783628783756,0.05920293182134628
92,1,32,0.4987548291683197,1.5180134773254395,0.5605429237342119,1.4879830915928889,0.039122261106967926
93,1,0,0.6310255527496338,0.13830919563770294,0.6298899887129634,0.1437173439781589,0.9917187094688416
93,1,1,0.6512781381607056,0.11108342558145523,0.6553442266790628,0.11194778113888633,0.9810694456100464
93,1,2,0.6658969521522522,0.11163834482431412,0.6687926145138052,0.11207948743828142,0.9848471283912659
93,1,3,0.6799597144126892,0.1121167540550232,0.6826411248249529,0.11220536378080812,0.9810019731521606
93,1,4,0.6090078353881836,0.11384638398885727,0.6226114955260514,0.11287399786300356,0.9793646335601807
93,1,5,0.5944477915763855,0.11690594255924225,0.6120563494310659,0.11390578940765358,0.9813563227653503
93,1,6,0.5795164108276367,0.1201668232679367,0.6012982417711634,0.11506981813457406,0.9774516224861145
93,1,7,0.6972936987876892,0.13293465971946716,0.713458776455729,0.12852118171876573,0.9870139956474304
93,1,8,0.561838686466217,0.14479760825634003,0.5998087562158936,0.13226394665512123,0.9852151870727539
93,1,9,0.6593601107597351,0.17081616818904877,0.656976618421588,0.1753644737042173,0.9941126108169556
93,1,10,0.6038575172424316,0.17570112645626068,0.6154995839802616,0.17654369753034194,0.9916082620620728
93,1,11,0.7827700972557068,0.32096540927886963,0.8221313238340867,0.30044952923707907,0.9951452612876892
93,1,12,0.43951237201690674,0.29888916015625,0.49951602245862586,0.2823941068656502,0.9983161687850952
93,1,13,0.818313479423523,0.5654695630073547,0.8703724795980833,0.5077885612233073,0.9393173456192017
93,1,14,0.24355880916118622,0.4219818115234375,0.296543225485406,0.3756808903940387,0.9938020706176758
93,1,15,0.8592979311943054,0.7746732234954834,0.9116366687268043,0.7202668892355129,0.8377022743225098
93,1,16,0.0848596841096878,0.5019642114639282,0.11696571396392856,0.41713429849306705,0.9862360954284668
93,1,17,0.8751078248023987,0.8554388284683228,0.9206761020005957,0.7865759520637434,0.7568932771682739
93,1,18,0.020792601630091667,0.5241921544075012,0.05325013935856746,0.4341254503510022,0.9611997604370117
93,1,19,0.8600000739097595,0.8573755025863647,0.9115044776578496,0.7820767939604044,0.7901039719581604
93,1,20,0.04700883477926254,0.5232192873954773,0.06942957084606088,0.4325289973980976,0.969157874584198
93,1,21,0.8455421328544617,0.8326026797294617,0.8969217990335827,0.7618544559779679,0.8241053223609924
93,1,22,0.08060159534215927,0.5222461223602295,0.0977940158355391,0.43252731051550797,0.9741241931915283
93,1,23,0.6740687489509583,0.7837488651275635,0.732598549306384,0.7739558708612192,0.9647910594940186
93,1,24,0.4728972017765045,0.7906945943832397,0.5420020970831702,0.7773061663019536,0.9780158996582031
93,1,25,0.7045348286628723,1.124448299407959,0.7499829751867036,1.1073847852282577,0.7816511988639832
93,1,26,0.46452972292900085,1.1214518547058105,0.5298543821235128,1.1176931533367294,0.675721287727356
93,1,27,0.6826056241989136,1.383934736251831,0.7366767977882983,1.3760002613960716,0.12384984642267227
93,1,28,0.4607374370098114,1.4043292999267578,0.5373547684757984,1.3856960986802505,0.10369586199522018
93,1,29,0.6688840985298157,1.4140733480453491,0.7276733448136237,1.4070325235162118,0.13388164341449738
93,1,30,0.4603092074394226,1.4388988018035889,0.5402947200182011,1.420671841080257,0.06482503563165665
93,1,31,0.6766260266304016,1.5060738325119019,0.7282847440407704,1.4962390483972876,0.06333325803279877
93,1,32,0.47727030515670776,1.5171194076538086,0.546086441623444,1.4930330714573676,0.04247744753956795
94,1,0,0.6429502367973328,0.13465744256973267,0.6321525295091995,0.14214800694877602,0.9924872517585754
94,1,1,0.6649067997932434,0.10709767788648605,0.6570006605959255,0.1111077627891661,0.9828436970710754
94,1,2,0.6793477535247803,0.1080421432852745,0.6706210358033153,0.11138025278384694,0.9862606525421143
94,1,3,0.6931672692298889,0.10900159180164337,0.6844645219586954,0.11165051085067831,0.9827690124511719
94,1,4,0.6224254369735718,0.10773005336523056,0.6225792754515915,0.1119830795156702,0.9813247323036194
94,1,5,0.6079636216163635,0.10962969809770584,0.6113475215224442,0.11316520039810286,0.9831281304359436
94,1,6,0.5935448408126831,0.11194033175706863,0.5999552664861145,0.11452783174810105,0.9795928001403809
94,1,7,0.7120155692100525,0.12998181581497192,0.7132088443694201,0.12877413191028014,0.9882124066352844
94,1,8,0.5755288600921631,0.13457024097442627,0.5956011168682105,0.13266335707383414,0.986641526222229
94,1,9,0.6718860268592834,0.16856245696544647,0.6595596490713614,0.17418632270031503,0.9946461915969849
94,1,10,0.6136865615844727,0.17066505551338196,0.615185604461772,0.17552550896116345,0.992409348487854
94,1,11,0.7936224341392517,0.32107552886009216,0.817190183824964,0.3040235644638444,0.9955779910087585
94,1,12,0.45457345247268677,0.2928439676761627,0.49172276025684253,0.284204286056165,0.9984497427940369
94,1,13,0.8099207878112793,0.5613580346107483,0.8598849796359523,0.5170801570799636,0.9416350722312927
94,1,14,0.257669597864151,0.4283021092414856,0.2898035783687974,0.38480777777069197,0.9941076040267944
94,1,15,0.8553373217582703,0.7709006667137146,0.9018707594608512,0.7290484530550102,0.8480783700942993
94,1,16,0.09046639502048492,0.5467967391014099,0.11237315090102609,0.43967570685025215,0.9865416884422302
94,1,17,0.8750526309013367,0.8484260439872742,0.9127646087349305,0.7973063835056519,0.7708021998405457
94,1,18,0.024829871952533722,0.557890772819519,0.0483243748847252,0.4556379421506898,0.9624998569488525
94,1,19,0.8589705228805542,0.8504300713539124,0.9023927587462713,0.7939377667620106,0.8020414113998413
94,1,20,0.04205569997429848,0.5633513331413269,0.06468531675645885,0.45527294016471076,0.9701619744300842
94,1,21,0.8429818153381348,0.8251978158950806,0.8875658176169435,0.7728444487723259,0.8340311050415039
94,1,22,0.0721592903137207,0.5677116513252258,0.09335141120804946,0.4560326408586191,0.9747923016548157
94,1,23,0.6888455748558044,0.778598427772522,0.7250118402427734,0.7747599383475695,0.9679636359214783
94,1,24,0.4903031289577484,0.7844177484512329,0.5330354214096267,0.7785379481556579,0.9798935651779175
94,1,25,0.7123648524284363,1.1247977018356323,0.743461244899285,1.1104017758105016,0.7848036885261536
94,1,26,0.4859072268009186,1.1034808158874512,0.5222339530673125,1.115230943621972,0.6682227253913879
94,1,27,0.7051404714584351,1.3916049003601074,0.7312104447484812,1.3787037972805283,0.12491566687822342
94,1,28,0.4813128113746643,1.3914233446121216,0.527633568350354,1.3866880613753358,0.10418114811182022
94,1,29,0.6947070360183716,1.4225664138793945,0.7219588791067799,1.4097237962954046,0.13482941687107086
94,1,30,0.4781462252140045,1.4291105270385742,0.5295122836474124,1.4221335461147724,0.06503146886825562
94,1,31,0.6977725028991699,1.5109626054763794,0.722996062973053,1.498789867886612,0.0626521185040474
94,1,32,0.4932911992073059,1.4928292036056519,0.5369293249960136,1.4929977673235746,0.042323242872953415
95,1,0,0.6453977823257446,0.13496343791484833,0.6344471330807283,0.14090358117537813,0.9932265877723694
95,1,1,0.6754793524742126,0.10676363855600357,0.6602024070055905,0.11035538940902233,0.9845400452613831
95,1,2,0.6911391019821167,0.10762877017259598,0.6741763562675187,0.1107305325674003,0.9876161217689514
95,1,3,0.7053813934326172,0.10854195803403854,0.6880889899275054,0.11111215021762921,0.9844688773155212
95,1,4,0.6332212686538696,0.10734225809574127,0.6244227466932161,0.11117931298401072,0.9831755757331848
95,1,5,0.6207754611968994,0.10928475856781006,0.61298062727762,0.11249314309311208,0.9847984910011292
95,1,6,0.6078521013259888,0.11124277859926224,0.6013230915154598,0.11395890055315124,0.9816135168075562
95,1,7,0.7253189086914062,0.12916170060634613,0.7153067164551737,0.12884124824797685,0.9893738031387329
95,1,8,0.5937026739120483,0.13080009818077087,0.5952723431344307,0.13234067716507772,0.9879686236381531
95,1,9,0.68230140209198,0.16968880593776703,0.6635005479260101,0.17340737917630342,0.995172917842865
95,1,10,0.625540554523468,0.16988427937030792,0.616979336844826,0.1745484474998682,0.9931631088256836
95,1,11,0.811357319355011,0.3192245364189148,0.8161799245636586,0.3066571316227439,0.9960070252418518
95,1,12,0.46727895736694336,0.2893815040588379,0.48748669244827775,0.28510096849160316,0.9985902905464172
95,1,13,0.827027440071106,0.5595656037330627,0.8541893851033399,0.5244467881216268,0.9457027912139893
95,1,14,0.27090296149253845,0.43564292788505554,0.28652868170477325,0.3936244085021827,0.9945211410522461
95,1,15,0.8723915219306946,0.7682404518127441,0.896761286543169,0.7358433141415908,0.859431266784668
95,1,16,0.09594248235225677,0.5757663249969482,0.10952643374481663,0.4633392067779955,0.9871227741241455
95,1,17,0.8890112638473511,0.8466162085533142,0.908648282353612,0.8058579940850739,0.7856833934783936
95,1,18,0.04022461920976639,0.5974972248077393,0.0469213922803384,0.4803088174001484,0.9642409086227417
95,1,19,0.8784273862838745,0.8510997891426086,0.8982396620263102,0.8038534796736493,0.8148260712623596
95,1,20,0.05456123873591423,0.6012336611747742,0.0629315889743617,0.48066024107964,0.9715337157249451
95,1,21,0.8629765510559082,0.8271746039390564,0.8833045227343745,0.7822681357142907,0.8446587920188904
95,1,22,0.08378170430660248,0.6018351316452026,0.09169374130421624,0.48139227986713584,0.9758228063583374
95,1,23,0.7049720883369446,0.7669308185577393,0.721539446371409,0.7734038453754375,0.9709579348564148
95,1,24,0.5008180737495422,0.7751895189285278,0.5274509062414616,0.777958040165906,0.9817023873329163
95,1,25,0.7296854257583618,1.113983154296875,0.7410746859365471,1.1110220333059415,0.7859529852867126
95,1,26,0.5107303261756897,1.0978636741638184,0.5202411688962433,1.1122218732941827,0.6552417278289795
95,1,27,0.728455126285553,1.3809725046157837,0.7307332641422561,1.3790966979614472,0.12426035106182098
95,1,28,0.5091031193733215,1.3844908475875854,0.524422840633759,1.3863075433396743,0.1047530472278595
95,1,29,0.7181895971298218,1.4110000133514404,0.7213060749282586,1.4099448083110384,0.13410210609436035
95,1,30,0.5064593553543091,1.422290325164795,0.5255174121118666,1.4221606957984032,0.0660843700170517
95,1,31,0.7193865180015564,1.499718189239502,0.7223709268008501,1.4989506305518774,0.062209393829107285
95,1,32,0.5184907913208008,1.4854096174240112,0.5337345342666109,1.4916834229182703,0.042949821799993515
96,1,0,0.6709485650062561,0.1458103209733963,0.6407750488497583,0.14175341017611232,0.9938775300979614
96,1,1,0.6803188323974609,0.1135990172624588,0.6636880901296038,0.11091714555805542,0.986046552658081
96,1,2,0.6996162533760071,0.11315152794122696,0.6785851715785297,0.11114980859910585,0.9888128042221069
96,1,3,0.7158310413360596,0.11285308748483658,0.6928971084515654,0.11141364536215036,0.9859740138053894
96,1,4,0.6450127959251404,0.11412892490625381,0.6279905475415317,0.11169014469839872,0.9848248958587646
96,1,5,0.6281026601791382,0.11440621316432953,0.6156005110385664,0.11282444987051661,0.9862829446792603
96,1,6,0.6137270331382751,0.11521069705486298,0.6034718917998113,0.11417568321692763,0.9834127426147461
96,1,7,0.7305393815040588,0.12864668667316437,0.7179457761297335,0.12880755568528668,0.9904005527496338
96,1,8,0.6016259789466858,0.13027392327785492,0.5963728163587217,0.1319827537131784,0.9891546368598938
96,1,9,0.6889580488204956,0.17802794277668,0.6679124165312429,0.17420763667022934,0.9956395030021667
96,1,10,0.6380215287208557,0.17492982745170593,0.6206255335299221,0.1746144920988982,0.993836522102356
96,1,11,0.8154882192611694,0.31683680415153503,0.8160601388905103,0.3084204929159081,0.9963915348052979
96,1,12,0.4601782560348511,0.2878309190273285,0.4827537822721561,0.285573754931373,0.9987131357192993
96,1,13,0.8260686993598938,0.5608943700790405,0.849315580741361,0.530765359057852,0.947796106338501
96,1,14,0.27634817361831665,0.4524880349636078,0.2847651745689636,0.40383592300932536,0.9948658347129822
96,1,15,0.8682326674461365,0.7712835073471069,0.8918167208803074,0.7419870268405601,0.8691263198852539
96,1,16,0.13077405095100403,0.6279270052909851,0.11320824821217275,0.49198221872981296,0.9872941970825195
96,1,17,0.8933465480804443,0.8531616926193237,0.9059972480029059,0.8140612098552111,0.7987260222434998
96,1,18,0.08589663356542587,0.6758337616920471,0.05367866860785142,0.5143672891449671,0.9648953676223755
96,1,19,0.8803015947341919,0.8608090877532959,0.8951316348493936,0.8137333447628717,0.8260698318481445
96,1,20,0.11855778843164444,0.6882687211036682,0.07258052281411607,0.5168366131739537,0.9719951152801514
96,1,21,0.8631895184516907,0.839067280292511,0.8798190819793164,0.7921208212069154,0.8537514805793762
96,1,22,0.1447180211544037,0.6734089255332947,0.10089062848677725,0.514836157648023,0.975982129573822
96,1,23,0.7073851227760315,0.7679194211959839,0.71908728591324,0.7724539473490812,0.9736136794090271
96,1,24,0.5015364289283752,0.7770448923110962,0.5229597737045268,0.7777999054177452,0.9832609295845032
96,1,25,0.7158437967300415,1.1142898797988892,0.736702116731026,1.1115879848585504,0.7883682250976562
96,1,26,0.5116971135139465,1.0924229621887207,0.5187612062088726,1.108791243027504,0.6331785917282104
96,1,27,0.7205423712730408,1.375169038772583,0.7289679573363258,1.3784164623561075,0.12076154351234436
96,1,28,0.5109360218048096,1.3725038766860962,0.5220863660612,1.383916161407407,0.10111784934997559
96,1,29,0.7121577262878418,1.404061198234558,0.7197214111839548,1.4089257594946856,0.13069623708724976
96,1,30,0.5071855187416077,1.4106767177581787,0.5223411067668138,1.420171321297614,0.06501858681440353
96,1,31,0.709051251411438,1.494734764099121,0.7200634227741254,1.4982204737619416,0.06004156172275543
96,1,32,0.5201094746589661,1.4684313535690308,0.5313741022248835,1.4876540324906138,0.041911281645298004
