frame_id,person_id,landmark_id,raw_x,raw_y,filtered_x,filtered_y,visibility
1,1,0,0.4450460374355316,0.15258175134658813,0.4450460374355316,0.15258175134658813,0.9993137121200562
1,1,1,0.4868030846118927,0.12310779094696045,0.4868030846118927,0.12310779094696045,0.9993900060653687
1,1,2,0.5085165500640869,0.12265950441360474,0.5085165500640869,0.12265950441360474,0.999504566192627
1,1,3,0.5306740403175354,0.12263952940702438,0.5306740403175354,0.12263952940702438,0.9995255470275879
1,1,4,0.44095325469970703,0.12425214052200317,0.44095325469970703,0.12425214052200317,0.9992067217826843
1,1,5,0.43072783946990967,0.1243889331817627,0.43072783946990967,0.1243889331817627,0.9989547729492188
1,1,6,0.4209749698638916,0.12478072196245193,0.4209749698638916,0.12478072196245193,0.9988032579421997
1,1,7,0.5834063291549683,0.13685137033462524,0.5834063291549683,0.13685137033462524,0.999588668346405
1,1,8,0.45456022024154663,0.1381128430366516,0.45456022024154663,0.1381128430366516,0.9987591505050659
1,1,9,0.5004798173904419,0.190477192401886,0.5004798173904419,0.190477192401886,0.9996379613876343
1,1,10,0.44153594970703125,0.18950128555297852,0.44153594970703125,0.18950128555297852,0.9988654851913452
1,1,11,0.7297564744949341,0.2988158166408539,0.7297564744949341,0.2988158166408539,0.9994207620620728
1,1,12,0.4150767922401428,0.3171975910663605,0.4150767922401428,0.3171975910663605,0.9928104281425476
1,1,13,0.6707429885864258,0.5137085318565369,0.6707429885864258,0.5137085318565369,0.9759697318077087
1,1,14,0.2563909888267517,0.4885140359401703,0.2563909888267517,0.4885140359401703,0.19211086630821228
1,1,15,0.30170270800590515,0.43016257882118225,0.30170270800590515,0.43016257882118225,0.9467270970344543
1,1,16,0.208333820104599,0.4051150381565094,0.208333820104599,0.4051150381565094,0.3114558160305023
1,1,17,0.21954640746116638,0.4317285418510437,0.21954640746116638,0.4317285418510437,0.9121255278587341
1,1,18,0.19590237736701965,0.38991639018058777,0.19590237736701965,0.38991639018058777,0.30446600914001465
1,1,19,0.22112315893173218,0.4015982151031494,0.22112315893173218,0.4015982151031494,0.9113012552261353
1,1,20,0.20324814319610596,0.36819425225257874,0.20324814319610596,0.36819425225257874,0.2818719744682312
1,1,21,0.2486819624900818,0.3995051085948944,0.2486819624900818,0.3995051085948944,0.8830207586288452
1,1,22,0.23601624369621277,0.378930002450943,0.23601624369621277,0.378930002450943,0.31067612767219543
1,1,23,0.7934765219688416,0.6818720102310181,0.7934765219688416,0.6818720102310181,0.9781297445297241
1,1,24,0.5514075756072998,0.6832929253578186,0.5514075756072998,0.6832929253578186,0.9618050456047058
1,1,25,0.7870216965675354,0.90037602186203,0.7870216965675354,0.90037602186203,0.9145856499671936
1,1,26,0.31850552558898926,0.828989565372467,0.31850552558898926,0.828989565372467,0.6204739212989807
1,1,27,0.8611931204795837,1.2123676538467407,0.8611931204795837,1.2123676538467407,0.6100473999977112
1,1,28,0.5153419375419617,1.0828825235366821,0.5153419375419617,1.0828825235366821,0.09999016672372818
1,1,29,0.8859431147575378,1.2458419799804688,0.8859431147575378,1.2458419799804688,0.3665503263473511
1,1,30,0.5918423533439636,1.112788438796997,0.5918423533439636,1.112788438796997,0.15807031095027924
1,1,31,0.8414990901947021,1.3535804748535156,0.8414990901947021,1.3535804748535156,0.2967338263988495
1,1,32,0.4201812446117401,1.205579400062561,0.4201812446117401,1.205579400062561,0.057245999574661255
2,1,0,0.44541794061660767,0.15299704670906067,0.4451104408971841,0.15265366924137586,0.999274730682373
2,1,1,0.48710963129997253,0.12314344197511673,0.4868561700117443,0.12311396466777697,0.999335765838623
2,1,2,0.5093303322792053,0.12281437963247299,0.5086574767640811,0.12268632439159219,0.999450147151947
2,1,3,0.5321259498596191,0.12273256480693817,0.5309254795140403,0.12265564045924024,0.9994527101516724
2,1,4,0.44110357761383057,0.12385351210832596,0.44097928634457195,0.12418310892536641,0.9991526007652283
2,1,5,0.43117043375968933,0.12389673292636871,0.4308044848615258,0.12430369724793446,0.9988835453987122
2,1,6,0.42203304171562195,0.12419979274272919,0.42115820275702454,0.12468012027423417,0.9987164735794067
2,1,7,0.5868269801139832,0.13647790253162384,0.5839987466674037,0.13678669592019566,0.9995713829994202
2,1,8,0.45459431409835815,0.1373615711927414,0.4545661243053154,0.13798274181202266,0.9987381100654602
2,1,9,0.5003953576087952,0.1896664947271347,0.5004651913921376,0.19033679988005728,0.9996170997619629
2,1,10,0.4417489469051361,0.18865451216697693,0.441572834821317,0.1893546454629296,0.998850405216217
2,1,11,0.7371714115142822,0.3106287717819214,0.7310408107458858,0.30086220113825746,0.9992764592170715
2,1,12,0.4149033725261688,0.31706252694129944,0.41504676086689396,0.3171742018196515,0.993229866027832
2,1,13,0.6535689234733582,0.5246157050132751,0.6677674077548097,0.5155979542909626,0.9737744927406311
2,1,14,0.25057685375213623,0.48395010828971863,0.2553839748618967,0.48772358885009437,0.19791005551815033
2,1,15,0.30183085799217224,0.4285639822483063,0.301724899916748,0.42988573539608427,0.943104088306427
2,1,16,0.2307158261537552,0.40432825684547424,0.2122123362768724,0.40497878744752935,0.3231835663318634
2,1,17,0.21991313993930817,0.4297112226486206,0.2196099154885845,0.4313791800433541,0.9076932668685913
2,1,18,0.2258891612291336,0.3899365961551666,0.20109989155543126,0.3899198892658707,0.3130509555339813
2,1,19,0.22188343107700348,0.3996293246746063,0.22125481881586076,0.40125724074624947,0.9071061611175537
2,1,20,0.23537740111351013,0.3669942319393158,0.20881736390737185,0.36798643637324085,0.2895534038543701
2,1,21,0.25199782848358154,0.39819803833961487,0.24925623063924093,0.3992787534026227,0.8778753280639648
2,1,22,0.26331430673599243,0.37733975052833557,0.2407473483911799,0.37865460421349056,0.3174182176589966
2,1,23,0.7755146622657776,0.7192943692207336,0.7903643740771081,0.6883597573418274,0.9767200350761414
2,1,24,0.5505250096321106,0.7110325694084167,0.5512547369665315,0.688100625469134,0.962519645690918
2,1,25,0.7878686189651489,0.9577056765556335,0.7871683624633465,0.9103209468932808,0.90362548828125
2,1,26,0.35197967290878296,0.8986381888389587,0.3243081010298291,0.8410759151320538,0.6022434234619141
2,1,27,0.8593093752861023,1.2488051652908325,0.8608668924923315,1.2186844755736994,0.5826032757759094
2,1,28,0.5237326622009277,1.161358118057251,0.5167953319413425,1.0965042494954322,0.09662842750549316
2,1,29,0.8856637477874756,1.2793843746185303,0.8858947361719329,1.2516563976660438,0.36081674695014954
2,1,30,0.5962503552436829,1.1990020275115967,0.5926057913755987,1.1277567891759104,0.1565963178873062
2,1,31,0.8242772817611694,1.3940812349319458,0.8385152330685895,1.3606025594739786,0.28226298093795776
2,1,32,0.41852596402168274,1.279809832572937,0.4198945842142286,1.2184626152230036,0.055636417120695114
3,1,0,0.4459504187107086,0.15318040549755096,0.44525590413337657,0.1527448859825441,0.9992276430130005
3,1,1,0.48895367980003357,0.123410664498806,0.4872194201990041,0.12316534484937815,0.9992937445640564
3,1,2,0.5126060843467712,0.1232011690735817,0.5093413411627385,0.12277548179580676,0.9994061589241028
3,1,3,0.5369346141815186,0.12310618907213211,0.5319662737031883,0.12273366334370518,0.9994025826454163
3,1,4,0.4397023916244507,0.12369727343320847,0.4407581570774319,0.1240989752145784,0.9991018772125244
3,1,5,0.4296644628047943,0.12363272160291672,0.43060705965449,0.12418750156847654,0.9988048672676086
3,1,6,0.420897901058197,0.12380507588386536,0.4211131257717395,0.12452858422054887,0.998625636100769
3,1,7,0.5901283621788025,0.13678571581840515,0.5850604122272571,0.13678652619525836,0.9995510578155518
3,1,8,0.450948566198349,0.1367608606815338,0.453939601024439,0.1377711400035392,0.9986456632614136
3,1,9,0.4995187819004059,0.1891554296016693,0.500301296315669,0.19013221387191137,0.9995934963226318
3,1,10,0.4401911199092865,0.18799979984760284,0.4413335523150858,0.18912001631497416,0.9987953305244446
3,1,11,0.741783857345581,0.31478574872016907,0.7329017927819552,0.3032743613036701,0.9991439580917358
3,1,12,0.4107818305492401,0.3229042589664459,0.41430810510485844,0.3181666508955857,0.9932317137718201
3,1,13,0.6485869884490967,0.5263941287994385,0.6644440052405606,0.5174681425019194,0.9717891216278076
3,1,14,0.25576579570770264,0.4914325177669525,0.2554500958112596,0.4883659383633291,0.20126758515834808
3,1,15,0.3107393682003021,0.4271833300590515,0.30328636497247213,0.42941771989343136,0.9416465759277344
3,1,16,0.25145837664604187,0.4042786955833435,0.21901661990375085,0.4048575494835782,0.33468198776245117
3,1,17,0.2271914929151535,0.4276752173900604,0.2209231219901859,0.4307376907307354,0.906370997428894
3,1,18,0.25091028213500977,0.3884056508541107,0.20973850874846695,0.3896576555715238,0.32414597272872925
3,1,19,0.2262357622385025,0.3977304995059967,0.22211750155198953,0.40064644766543767,0.9058493375778198
3,1,20,0.25170570611953735,0.3648907244205475,0.21625394533172382,0.3674502998071985,0.2999614179134369
3,1,21,0.2584858238697052,0.3969647288322449,0.2508549694738229,0.39887800422126707,0.8766475915908813
3,1,22,0.26225462555885315,0.3769681453704834,0.2444741877079231,0.3783625441128636,0.32598456740379333
3,1,23,0.7675071358680725,0.7324532866477966,0.7864034494886776,0.6960055879740551,0.9770641922950745
3,1,24,0.5449768900871277,0.7244505882263184,0.5501673924998864,0.6944022539151995,0.96306973695755
3,1,25,0.7814552187919617,0.9439852833747864,0.7861788433139499,0.9161565269922121,0.8954648971557617
3,1,26,0.36332184076309204,0.936794102191925,0.33107206301367814,0.8576991922871634,0.5824317336082458
3,1,27,0.835644543170929,1.240515947341919,0.8564958081409757,1.2224675293975944,0.5613642930984497
3,1,28,0.5426804423332214,1.1634514331817627,0.5212813634788194,1.108120879991426,0.09125640988349915
3,1,29,0.8604435920715332,1.2692794799804688,0.8814839709122981,1.2547098170096862,0.35720065236091614
3,1,30,0.6100831627845764,1.1904622316360474,0.5956339507020924,1.1386360139197234,0.15077835321426392
3,1,31,0.7971324920654297,1.394267201423645,0.8313400389447269,1.366438191076775,0.2736065983772278
3,1,32,0.45466265082359314,1.2878836393356323,0.4259216882126818,1.2305093970925849,0.0527321919798851
4,1,0,0.44809526205062866,0.15368704497814178,0.445747639764529,0.1529080449557516,0.9992055296897888
4,1,1,0.49157342314720154,0.12350848317146301,0.48797350473036444,0.12322476697260555,0.9992772936820984
4,1,2,0.5156307816505432,0.1232931837439537,0.5104306940641217,0.12286513401022323,0.9993888735771179
4,1,3,0.5402957797050476,0.12321480363607407,0.5334090615028458,0.1228169839597277,0.9993849992752075
4,1,4,0.44078516960144043,0.12392403930425644,0.4407628348594495,0.12406868127776509,0.999082624912262
4,1,5,0.4306352138519287,0.12393290549516678,0.43061193514124524,0.1241434126457525,0.9987676739692688
4,1,6,0.4220503270626068,0.12411028146743774,0.4212754261671482,0.1244561455206949,0.998579204082489
4,1,7,0.593076229095459,0.13747534155845642,0.5864488515598089,0.13690581131785465,0.9995468258857727
4,1,8,0.4508974552154541,0.13690081238746643,0.45341274225698885,0.13762042079988054,0.9986072778701782
4,1,9,0.5011014342308044,0.18924224376678467,0.5004398601077373,0.1899780929842514,0.999588668346405
4,1,10,0.4412386417388916,0.18820784986019135,0.4413171165354043,0.18896205146117862,0.9987844228744507
4,1,11,0.7490054965019226,0.3161149322986603,0.7356918329924514,0.3054988307851037,0.9991141557693481
4,1,12,0.41108477115631104,0.32453852891921997,0.413749863945471,0.3192702850018139,0.9933903813362122
4,1,13,0.6548988819122314,0.5288920402526855,0.6627905948331327,0.5194471066494774,0.9698032140731812
4,1,14,0.2557506263256073,0.48607173562049866,0.2555021393667333,0.48796862221761556,0.2012474536895752
4,1,15,0.31398817896842957,0.4272092878818512,0.30514020213278054,0.42903525873747106,0.9388422966003418
4,1,16,0.2682347595691681,0.3855200409889221,0.2275523727285261,0.4015069123739791,0.3374370038509369
4,1,17,0.2322540432214737,0.42750805616378784,0.22288597426310935,0.4301783582771254,0.9026657938957214
4,1,18,0.2697441577911377,0.3645990490913391,0.22014847690731748,0.3853149695461402,0.324920654296875
4,1,19,0.23084793984889984,0.397722989320755,0.22362975469521998,0.40014014577806484,0.9022068381309509
4,1,20,0.27700597047805786,0.3418571650981903,0.22679363220697182,0.3630149081943464,0.2998713552951813
4,1,21,0.2612452805042267,0.39743614196777344,0.25265482923676436,0.3986283050720802,0.8727105855941772
4,1,22,0.29766276478767395,0.3552756905555725,0.25369961910723343,0.3743618021474041,0.32495060563087463
4,1,23,0.7658571600914001,0.730961799621582,0.7828432354972614,0.7020653444088581,0.9778398275375366
4,1,24,0.5447840690612793,0.7268092632293701,0.5492350076071955,0.7000196680612104,0.9644576907157898
4,1,25,0.7851742506027222,0.9168785214424133,0.7860048720155574,0.9162815580802801,0.8906784057617188
4,1,26,0.3577917218208313,0.905125617980957,0.33570284415935536,0.865923785807773,0.5755257606506348
4,1,27,0.8270448446273804,1.2351173162460327,0.8513912476222366,1.2246589357640711,0.5501261949539185
4,1,28,0.5327581167221069,1.1453007459640503,0.5232694871119847,1.114566549892614,0.0876445472240448
4,1,29,0.8490962982177734,1.266887903213501,0.8758699129749752,1.256819477532674,0.3603162467479706
4,1,30,0.6012933850288391,1.175629734992981,0.5966141658347587,1.1450493775638102,0.14717185497283936
4,1,31,0.7903386950492859,1.3843252658843994,0.8242310533346981,1.3695373756640046,0.27041956782341003
4,1,32,0.42286768555641174,1.2686315774917603,0.42539277591105956,1.2371186176451718,0.05100780352950096
5,1,0,0.44578614830970764,0.15793877840042114,0.44575430832473695,0.15377935246136173,0.9992602467536926
5,1,1,0.48896437883377075,0.12717540562152863,0.488145100224766,0.12390898317595037,0.9993241429328918
5,1,2,0.5139051675796509,0.12699134647846222,0.5110324340046878,0.12357976184184868,0.9994261264801025
5,1,3,0.538827657699585,0.1270095854997635,0.5343475565972067,0.12354311131025322,0.9994213581085205
5,1,4,0.43885815143585205,0.12729932367801666,0.4404329805707291,0.12462818829096926,0.9991459846496582
5,1,5,0.4289267361164093,0.12712585926055908,0.4303200932264272,0.12465993138696385,0.998852014541626
5,1,6,0.42000433802604675,0.12702231109142303,0.42105530250656537,0.12490056454732275,0.9986790418624878
5,1,7,0.5927371978759766,0.1414341926574707,0.5875380149259084,0.1376901011449461,0.9995761513710022
5,1,8,0.44754543900489807,0.13885709643363953,0.45239651788362717,0.13783458477243335,0.9987024068832397
5,1,9,0.4967082738876343,0.19220282137393951,0.499793586133123,0.1903633765711924,0.9996053576469421
5,1,10,0.43858474493026733,0.19082744419574738,0.44084391090463015,0.18928510098150877,0.9988619685173035
5,1,11,0.7418957948684692,0.31655383110046387,0.7367663780040797,0.3074138695841811,0.9991301894187927
5,1,12,0.4057351350784302,0.3243510127067566,0.4123616131184093,0.32015025269068004,0.9938902258872986
5,1,13,0.622056245803833,0.5355742573738098,0.6557279600196855,0.5222412111934912,0.9635450839996338
5,1,14,0.2199791818857193,0.4843485951423645,0.24934403414806067,0.48734167128988487,0.20803089439868927
5,1,15,0.304770827293396,0.425193727016449,0.30507623651745674,0.4283699410847277,0.9295918941497803
5,1,16,0.2607325613498688,0.3776416480541229,0.2333039447699375,0.39737118195548443,0.3456501066684723
5,1,17,0.22201408445835114,0.4236734211444855,0.2227349845241471,0.42905167330964444,0.8907203078269958
5,1,18,0.2600548267364502,0.3479505479335785,0.2270673850821739,0.37883727740850054,0.3279081881046295
5,1,19,0.2282050997018814,0.3958919942378998,0.2244221794924372,0.39940439635025704,0.8900002837181091
5,1,20,0.29695868492126465,0.3356420695781708,0.23896979935063495,0.358270832785736,0.30041879415512085
5,1,21,0.26103270053863525,0.39667025208473206,0.25410599673108974,0.39828920766385634,0.8609931468963623
5,1,22,0.30894821882247925,0.3462574779987335,0.2632829526734837,0.3694908436993675,0.3248823881149292
5,1,23,0.7528629302978516,0.7437438368797302,0.7776468443726948,0.7092918858327301,0.9797374606132507
5,1,24,0.5323309302330017,0.7310234904289246,0.5463062286179821,0.7053936286753293,0.967627227306366
5,1,25,0.6843690276145935,0.9299555420875549,0.7683507669701916,0.9186504664120312,0.8889086246490479
5,1,26,0.33775681257247925,0.8447727560997009,0.33605855346663815,0.8622587252009608,0.5716964602470398
5,1,27,0.764252245426178,1.234368920326233,0.8362618047997497,1.2263409120640385,0.5377403497695923
5,1,28,0.446438193321228,1.1291917562484741,0.5099338361533218,1.117100324735345,0.0888427197933197
5,1,29,0.7990050315856934,1.264329433441162,0.8625284139416016,1.2581202758958032,0.36912456154823303
5,1,30,0.5068953037261963,1.1625162363052368,0.5810355970445157,1.1480757190752795,0.1496077924966812
5,1,31,0.7279857397079468,1.3860578536987305,0.8075159708516744,1.3723996607650037,0.26907649636268616
5,1,32,0.3132533133029938,1.2546586990356445,0.40590807484521396,1.2401576523037263,0.05267050489783287
6,1,0,0.44592800736427307,0.15890873968601227,0.44578438806953324,0.15466774913539236,0.999302864074707
6,1,1,0.48946091532707214,0.127714142203331,0.48837296988862217,0.12456800069530875,0.9993615746498108
6,1,2,0.5153036117553711,0.1273644119501114,0.5117721719233251,0.12423522700660979,0.999455988407135
6,1,3,0.5406098961830139,0.1273658126592636,0.5354322146611383,0.12420516734302073,0.9994502067565918
6,1,4,0.43762385845184326,0.12828868627548218,0.4399464817834922,0.1252621491295627,0.999196469783783
6,1,5,0.4270317852497101,0.128220796585083,0.42975059826616724,0.12527663499785116,0.9989190697669983
6,1,6,0.41698047518730164,0.1281539648771286,0.4203495752723727,0.12546401333643045,0.9987611174583435
6,1,7,0.595177948474884,0.14241424202919006,0.5888613316499163,0.13850830022665125,0.9995988011360168
6,1,8,0.44113650918006897,0.13990163803100586,0.4504459539268229,0.13819256012006945,0.998782753944397
6,1,9,0.49593064188957214,0.1928250789642334,0.499124559599325,0.19078970289967392,0.9996166825294495
6,1,10,0.4376220107078552,0.19161242246627808,0.44028591807801126,0.18968815312040496,0.9989246129989624
6,1,11,0.7437540888786316,0.3164159655570984,0.7379766992276615,0.3089731910720907,0.9991447925567627
6,1,12,0.38776591420173645,0.32526206970214844,0.40809920872929634,0.3210356057890335,0.994345486164093
6,1,13,0.6110960245132446,0.544712483882904,0.6479886436339479,0.5261352068914458,0.9575688242912292
6,1,14,0.18075409531593323,0.48369285464286804,0.23744177673554367,0.48670973376052606,0.2217302918434143
6,1,15,0.30016711354255676,0.4247010350227356,0.3042259946983751,0.4277345238909323,0.9238312840461731
6,1,16,0.2588513195514679,0.3799359202384949,0.2377314029878518,0.39435032204207277,0.3565179407596588
6,1,17,0.21057814359664917,0.4217734932899475,0.2206290062099419,0.42779102981643613,0.8840622901916504
6,1,18,0.2615077793598175,0.35362178087234497,0.2330376341093278,0.3744673802507705,0.3340900242328644
6,1,19,0.21770858764648438,0.39589136838912964,0.22325934730041405,0.3987959785074733,0.8831642866134644
6,1,20,0.2917691171169281,0.3263233006000519,0.2481276202063954,0.3527331411398297,0.3045286536216736
6,1,21,0.25505173206329346,0.3966442346572876,0.25426977506196674,0.39800433241466604,0.8540382981300354
6,1,22,0.30841064453125,0.3495344817638397,0.27110835603970607,0.36603291203237875,0.32832860946655273
6,1,23,0.7507790923118591,0.7461588978767395,0.7729903769714898,0.7156832532325474,0.9814243316650391
6,1,24,0.5126052498817444,0.7330372929573059,0.5404642929942023,0.7101846826033403,0.9703719019889832
6,1,25,0.7128690481185913,0.9161341786384583,0.7587269196732542,0.9182146862716617,0.8902665972709656
6,1,26,0.29711389541625977,0.8127528429031372,0.3293065860177021,0.8536730125127728,0.5766118168830872
6,1,27,0.7871236801147461,1.2436556816101074,0.8277399401507903,1.2293408846589444,0.5461087822914124
6,1,28,0.40996530652046204,1.1234370470046997,0.4925701955441955,1.1181978699199695,0.09093625098466873
6,1,29,0.8190284371376038,1.2818654775619507,0.8549856329950446,1.2622351856394352,0.3896796703338623
6,1,30,0.47460177540779114,1.1570861339569092,0.5625454073591271,1.1496364838539972,0.15381422638893127
6,1,31,0.7480680346488953,1.3957080841064453,0.7972029148572328,1.376438827055926,0.2827928066253662
6,1,32,0.2799464762210846,1.253617763519287,0.38401262431520655,1.2424894956261556,0.0550367496907711
7,1,0,0.4423609972000122,0.15884345769882202,0.4451914959877433,0.1553909503863446,0.9993190765380859
7,1,1,0.4855039119720459,0.12766863405704498,0.48787609020591843,0.12510498966626854,0.9993795156478882
7,1,2,0.511058509349823,0.12732748687267303,0.5116485838112363,0.12477076566339068,0.999471127986908
7,1,3,0.5361049771308899,0.12731555104255676,0.5355487197812323,0.12474384510248301,0.9994660019874573
7,1,4,0.43362513184547424,0.12824371457099915,0.4388516010052119,0.12577851525179493,0.9992196559906006
7,1,5,0.4227851331233978,0.12820635735988617,0.4285441310342287,0.12578402182083973,0.9989508390426636
7,1,6,0.41229093074798584,0.12816712260246277,0.41895371586600577,0.12593215075972267,0.9987996816635132
7,1,7,0.5896993279457092,0.1423272043466568,0.5890064517316154,0.13916969854169167,0.9996132850646973
7,1,8,0.43332937359809875,0.1399320513010025,0.44748033796052106,0.13849380481490006,0.9988225102424622
7,1,9,0.49191781878471375,0.19259081780910492,0.49787629267958733,0.19110162015620408,0.9996262192726135
7,1,10,0.4337407052516937,0.19158175587654114,0.43915225580425177,0.19001608834308117,0.9989718794822693
7,1,11,0.7326849699020386,0.3149360418319702,0.7370601809002807,0.3100059674341665,0.9991887807846069
7,1,12,0.37722161412239075,0.32535552978515625,0.4027471494050006,0.3217837873150916,0.9946883320808411
7,1,13,0.616125226020813,0.5411601662635803,0.6424655439755159,0.5287382656526042,0.9544230699539185
7,1,14,0.21867340803146362,0.49773338437080383,0.23418980794824792,0.4886193399700328,0.21933846175670624
7,1,15,0.297711044549942,0.426618367433548,0.3030975751129608,0.42754123178622927,0.9195730686187744
7,1,16,0.3013741075992584,0.38935768604278564,0.24877354517597533,0.393485613747357,0.35497745871543884
7,1,17,0.20886611938476562,0.42503422498703003,0.21859129821549853,0.4273135923605908,0.8800703883171082
7,1,18,0.3120201826095581,0.3640808165073395,0.2467475795069586,0.3726681692148577,0.3329872488975525
7,1,19,0.21444353461265564,0.3977370262145996,0.22173230202833039,0.39861259313680447,0.879246175289154
7,1,20,0.3230341672897339,0.3394334614276886,0.261128465406932,0.3504291043420901,0.30285218358039856
7,1,21,0.25191497802734375,0.39882898330688477,0.2538619643044521,0.39814714134376833,0.8498823046684265
7,1,22,0.34372374415397644,0.3573493957519531,0.2837106727351181,0.364528788334817,0.3259502053260803
7,1,23,0.742232084274292,0.7382727861404419,0.7676590142531676,0.7195977588627255,0.9827895760536194
7,1,24,0.50730299949646,0.7274703979492188,0.5347160019199151,0.7131796196018673,0.9721880555152893
7,1,25,0.7178601622581482,0.8767494559288025,0.7516412871411285,0.9110251747838968,0.8896213173866272
7,1,26,0.29197201132774353,0.7885819673538208,0.3228340750997605,0.8423791082306556,0.5706736445426941
7,1,27,0.789919912815094,1.2385677099227905,0.8211831628959051,1.2309391442385031,0.555297315120697
7,1,28,0.42414212226867676,1.094292163848877,0.4806960596627867,1.114055130619269,0.09217280894517899
7,1,29,0.8195749521255493,1.2761847972869873,0.8488470047327599,1.2646518636019042,0.4112740755081177
7,1,30,0.4883633255958557,1.1337149143218994,0.5496705667580648,1.1468780173957054,0.15894140303134918
7,1,31,0.7549042105674744,1.3888211250305176,0.7898686886792976,1.3785838775851662,0.2961106598377228
7,1,32,0.31030094623565674,1.220531940460205,0.37121959049936076,1.2386845838981082,0.0567205436527729
8,1,0,0.43958619236946106,0.1587379276752472,0.44422065793198046,0.155970607185419,0.9993355870246887
8,1,1,0.4812885522842407,0.12764127552509308,0.48673509557517786,0.12554423361015132,0.9994004964828491
8,1,2,0.5060004591941833,0.1272777020931244,0.5106703279123938,0.12520492637486616,0.9994869232177734
8,1,3,0.5304273366928101,0.12725558876991272,0.5346617096353494,0.1251788384124396,0.9994815587997437
8,1,4,0.4318936765193939,0.12831293046474457,0.4376464401341426,0.12621743520482012,0.9992460608482361
8,1,5,0.42156732082366943,0.12831170856952667,0.4273356983364473,0.12622177642337212,0.9989759922027588
8,1,6,0.4113903045654297,0.12828712165355682,0.4176436566218348,0.12633999164197704,0.9988279342651367
8,1,7,0.5870206952095032,0.14228455722332,0.5886625563210971,0.1397091513835839,0.999629557132721
8,1,8,0.43387019634246826,0.14011117815971375,0.4451224953505722,0.13877390014179997,0.9988380074501038
8,1,9,0.48736652731895447,0.19251537322998047,0.4960557339314071,0.19134645120069133,0.9996356964111328
8,1,10,0.4321558177471161,0.19157767295837402,0.43794042271061145,0.19028652177220662,0.9989922642707825
8,1,11,0.7302417159080505,0.31476685404777527,0.7358791803907987,0.3108305316670322,0.9992034435272217
8,1,12,0.37858670949935913,0.3277800679206848,0.3985602286731571,0.3228223547689062,0.9947487711906433
8,1,13,0.620354950428009,0.5389772653579712,0.6386340888889754,0.5305119067225644,0.9544221758842468
8,1,14,0.22262205183506012,0.5051173567771912,0.2321859129862084,0.4914777305613218,0.2207881361246109
8,1,15,0.2970771789550781,0.4266824424266815,0.30205483006498274,0.42739251077399504,0.9207525253295898
8,1,16,0.28977376222610474,0.3957251310348511,0.2558823414661105,0.39387345862900064,0.3635883927345276
8,1,17,0.2091527134180069,0.4249165952205658,0.21695634780917222,0.426898472718352,0.8819323182106018
8,1,18,0.29206666350364685,0.36963504552841187,0.254606223544476,0.3721428729414665,0.3403853178024292
8,1,19,0.21367530524730682,0.3977319896221161,0.2203367280948114,0.39846009435389507,0.8813292384147644
8,1,20,0.30691730976104736,0.3501996397972107,0.2690686845377669,0.35038936751570315,0.30984145402908325
8,1,21,0.2513678967952728,0.39879921078681946,0.2534300324605988,0.39826006289222804,0.8523337841033936
8,1,22,0.33047929406166077,0.3592119514942169,0.2918210285154426,0.3636079205041876,0.33124491572380066
8,1,23,0.7401872873306274,0.7535578012466431,0.76289778448647,0.7254846522261104,0.9838512539863586
8,1,24,0.5099611878395081,0.7478460073471069,0.5304260011001657,0.7191890819612289,0.973334789276123
8,1,25,0.7301581501960754,0.8855428695678711,0.7479186274658305,0.90660900521028,0.8890095949172974
8,1,26,0.29541927576065063,0.9013452529907227,0.31808272103334934,0.8526084172355541,0.5534117221832275
8,1,27,0.7956522703170776,1.2580674886703491,0.8167585598603397,1.2356408114546904,0.551374614238739
8,1,28,0.4264658987522125,1.1604623794555664,0.4712896513701046,1.122102724009272,0.08701265603303909
8,1,29,0.824455976486206,1.2996424436569214,0.8446200904353584,1.2707175825061463,0.4205951988697052
8,1,30,0.4944396913051605,1.1964845657348633,0.5400902880436221,1.1554812357986153,0.15318766236305237
8,1,31,0.7632123827934265,1.4115114212036133,0.7852488884528595,1.384291610244567,0.2989327609539032
8,1,32,0.31580421328544617,1.2828971147537231,0.36160724555333534,1.2463510812257186,0.053828850388526917
9,1,0,0.4443632960319519,0.15519900619983673,0.4442453587801833,0.155836985388723,0.9993496537208557
9,1,1,0.4883011281490326,0.12496841698884964,0.48700629933094153,0.12544451730559275,0.9994277954101562
9,1,2,0.5127761960029602,0.12489856034517288,0.5110350256964687,0.125151872260615,0.9995111227035522
9,1,3,0.5370092988014221,0.12527085840702057,0.5350682720405878,0.1251947736252908,0.9995072484016418
9,1,4,0.4347190856933594,0.12563300132751465,0.4371394634324488,0.12611622659171526,0.999273955821991
9,1,5,0.4229322373867035,0.1256689876317978,0.4265730468609947,0.1261260479998667,0.999000072479248
9,1,6,0.41206055879592896,0.12536001205444336,0.4166766652351987,0.1261702828717233,0.9988479018211365
9,1,7,0.5897487998008728,0.14181004464626312,0.5888506680330293,0.14007298756627623,0.9996515512466431
9,1,8,0.4342835247516632,0.13832081854343414,0.4432448911644807,0.13869543860659564,0.9988698363304138
9,1,9,0.49269986152648926,0.19051550328731537,0.4954745364378339,0.19120255175760825,0.999649703502655
9,1,10,0.433587908744812,0.19017718732357025,0.43718659608405536,0.1902675881848496,0.999019980430603
9,1,11,0.7302175164222717,0.3160778880119324,0.7348985790932834,0.3117393635616325,0.9992401003837585
9,1,12,0.3821457326412201,0.3290189504623413,0.3957163149730964,0.32389562365121355,0.9946898221969604
9,1,13,0.6227246522903442,0.5401992201805115,0.6358777208183956,0.5321899546204091,0.9552962779998779
9,1,14,0.2477300763130188,0.4988971948623657,0.23487896308245151,0.4927628512254414,0.21493598818778992
9,1,15,0.2961360514163971,0.42285338044166565,0.3010296885040403,0.4266063590255599,0.922804594039917
9,1,16,0.2852262854576111,0.3971085250377655,0.2609683424252772,0.3944337318367128,0.3577514588832855
9,1,17,0.20891176164150238,0.41950371861457825,0.21556292403235966,0.42561763309691064,0.8853390216827393
9,1,18,0.28335079550743103,0.363793283700943,0.25958825246219414,0.37069660521148945,0.3375026285648346
9,1,19,0.21377994120121002,0.39290687441825867,0.2192010607268017,0.3974982786893898,0.8851150274276733
9,1,20,0.29842716455459595,0.3524443209171295,0.2741572120954529,0.35074524717478733,0.30762234330177307
9,1,21,0.2511955499649048,0.394259512424469,0.2530430595285327,0.39756720135625734,0.8565431237220764
9,1,22,0.3215083181858063,0.3626566231250763,0.2969665952239751,0.36344317891309597,0.32820722460746765
9,1,23,0.7481001019477844,0.7515310049057007,0.7603341178649903,0.7299986534589831,0.984661877155304
9,1,24,0.5107454657554626,0.7591045498847961,0.5270158907785012,0.7261095702053143,0.9739174246788025
9,1,25,0.7416722774505615,0.8881698250770569,0.7468367377284296,0.9034141087009353,0.8885031342506409
9,1,26,0.3467942476272583,0.9408860802650452,0.3230590070518665,0.8679360886791797,0.5410566329956055
9,1,27,0.8165669441223145,1.2669059038162231,0.8167253773901268,1.2410601003074497,0.5491873025894165
9,1,28,0.5668490529060364,1.1957697868347168,0.4878852178889994,1.1348879588158483,0.08258164674043655
9,1,29,0.8498308658599854,1.3081982135772705,0.8455225845508288,1.2772154457426959,0.430875688791275
9,1,30,0.6403056383132935,1.2240126132965088,0.5574968598421697,1.167373320961334,0.14790931344032288
9,1,31,0.784275233745575,1.4256491661071777,0.7850802747298244,1.3914624350534426,0.30358508229255676
9,1,32,0.4984995722770691,1.3247900009155273,0.3854103872096738,1.2599664393179044,0.050972629338502884
10,1,0,0.4493379294872284,0.15173907577991486,0.4451273779440107,0.15512726000095015,0.9993446469306946
10,1,1,0.4940756857395172,0.12253256142139435,0.488230770269065,0.12494020766044875,0.9994382262229919
10,1,2,0.5186941027641296,0.12264303117990494,0.5123616590193157,0.12471738167377919,0.9995211958885193
10,1,3,0.5433319807052612,0.12320253998041153,0.5364996599882207,0.12484975642690482,0.9995207190513611
10,1,4,0.43891993165016174,0.12302559614181519,0.43744780489707863,0.12558097015892777,0.9992827773094177
10,1,5,0.4265573024749756,0.12301521748304367,0.4265703203930052,0.12558729285459108,0.9990043640136719
10,1,6,0.41544637084007263,0.12257665395736694,0.41646360638380436,0.12554790432650384,0.9988538026809692
10,1,7,0.5959779620170593,0.14059686660766602,0.5900851711708734,0.14016370950650706,0.9996574521064758
10,1,8,0.43809348344802856,0.1362837255001068,0.4423526799318529,0.13827777022792448,0.9988850951194763
10,1,9,0.4982832372188568,0.18846657872200012,0.49596096223734853,0.19072872236269375,0.9996496438980103
10,1,10,0.437251478433609,0.18897631764411926,0.4371978318289599,0.19004396925455558,0.9990295171737671
10,1,11,0.7354874014854431,0.3136073052883148,0.7350005476976451,0.3120628545594745,0.9992760419845581
10,1,12,0.3855080008506775,0.32323524355888367,0.39394799079641524,0.32378126288709164,0.9946882128715515
10,1,13,0.6297280192375183,0.5326216816902161,0.6348125750762836,0.5322647180883284,0.9548874497413635
10,1,14,0.24954956769943237,0.48136889934539795,0.23742060147343716,0.49078907655693743,0.20984166860580444
10,1,15,0.2985609471797943,0.4225887656211853,0.3006021430557638,0.42591054543667545,0.9233322143554688
10,1,16,0.2670193314552307,0.39110448956489563,0.2620163884171114,0.3938571467921674,0.348501592874527
10,1,17,0.21079128980636597,0.4192052185535431,0.21473649811680545,0.42450697653829,0.8870130777359009
10,1,18,0.2750628888607025,0.3506099581718445,0.2622692576002831,0.3672160847212974,0.33034589886665344
10,1,19,0.21673135459423065,0.39011165499687195,0.21877334817110522,0.3962188476483994,0.8870102167129517
10,1,20,0.28951945900917053,0.3336820900440216,0.2768187374108404,0.3477888915253317,0.30142268538475037
10,1,21,0.2534681558609009,0.3924102485179901,0.2531166747082687,0.3966740296493834,0.8584946990013123
10,1,22,0.31936734914779663,0.3612414300441742,0.300848368612321,0.3630618751833952,0.32185518741607666
10,1,23,0.7549552321434021,0.7438965439796448,0.759402501310809,0.7324063686972827,0.9855595827102661
10,1,24,0.5259312987327576,0.7527223825454712,0.5268280649964978,0.7307218206281894,0.9749476313591003
10,1,25,0.7652410268783569,0.8598878979682922,0.7500255811469659,0.8958667805595543,0.8871286511421204
10,1,26,0.34740501642227173,0.8631682991981506,0.3272781084894048,0.8671103302390337,0.5341017842292786
10,1,27,0.8224924206733704,1.2481310367584229,0.8177242325060682,1.2422848402516256,0.5553550720214844
10,1,28,0.5598798990249634,1.1485722064971924,0.5003795562252078,1.1372586487046863,0.08036434650421143
10,1,29,0.8516252040863037,1.2958338260650635,0.846579572522777,1.2804414104997557,0.44451430439949036
10,1,30,0.6359656453132629,1.1825567483901978,0.5711173876994683,1.1700038506137354,0.14733727276325226
10,1,31,0.7910000085830688,1.402694821357727,0.7861055802514596,1.3934082136072914,0.3142721354961395
10,1,32,0.472011536359787,1.2799831628799438,0.4004461954386681,1.26343484184545,0.05016932636499405
11,1,0,0.4449012279510498,0.15177305042743683,0.4450882151207043,0.15454635053685314,0.9993423819541931
11,1,1,0.48677974939346313,0.12228373438119888,0.48797948497803373,0.12448014752811427,0.9994441270828247
11,1,2,0.5115264654159546,0.12216369062662125,0.5122170243115655,0.12427512320301123,0.9995269179344177
11,1,3,0.5366397500038147,0.1224706843495369,0.5365239195796547,0.12443774133381358,0.9995264410972595
11,1,4,0.4330173432826996,0.12301894277334213,0.4366804764590869,0.12513726785590146,0.9992738366127014
11,1,5,0.42011311650276184,0.12301485985517502,0.4254519046367024,0.12514178832565528,0.9989989399909973
11,1,6,0.40787190198898315,0.1226297989487648,0.4149753903825329,0.12504252958043244,0.9988515973091125
11,1,7,0.591302216053009,0.13974593579769135,0.5902959354254406,0.14009136242437162,0.9996647834777832
11,1,8,0.42745181918144226,0.13614220917224884,0.4397711309320844,0.13790792983659156,0.998863160610199
11,1,9,0.4917299747467041,0.1877758949995041,0.4952281858669782,0.19021733372382757,0.9996527433395386
11,1,10,0.43131130933761597,0.18867111206054688,0.4361782780600981,0.18980622077295572,0.9990407228469849
11,1,11,0.7318297624588013,0.3086208403110504,0.7344514081948966,0.3114667368137341,0.9993173480033875
11,1,12,0.36021196842193604,0.3176977038383484,0.3880999732017384,0.32272757590687035,0.9946578741073608
11,1,13,0.6363153457641602,0.528179407119751,0.6350728225975608,0.5315571750265203,0.9544957280158997
11,1,14,0.1680757850408554,0.45951467752456665,0.22538707710056693,0.4853681746453977,0.22433353960514069
11,1,15,0.28298136591911316,0.4226706326007843,0.29754912384400767,0.4253494327386733,0.9230626225471497
11,1,16,0.2153555005788803,0.38957488536834717,0.25392476328855595,0.39311548896125,0.34887659549713135
11,1,17,0.19242386519908905,0.42058855295181274,0.21087001134273844,0.4238283403451906,0.8859491348266602
11,1,18,0.23312868177890778,0.3521024286746979,0.2572185494506254,0.3645976521132509,0.330548495054245
11,1,19,0.1882868856191635,0.39490675926208496,0.213489146877261,0.39599162339074306,0.8858880996704102
11,1,20,0.2535504400730133,0.33417409658432007,0.272786537633437,0.34543024209182654,0.301578551530838
11,1,21,0.2291201800107956,0.394883930683136,0.24895818662534644,0.39636402023591116,0.8575574159622192
11,1,22,0.2746032774448395,0.36547398567199707,0.2962999077292555,0.3634796123396249,0.3217534124851227
11,1,23,0.7432583570480347,0.7388591170310974,0.7566054502612931,0.7335240133284923,0.9867660403251648
11,1,24,0.48805496096611023,0.7444078922271729,0.5201058705585253,0.733092824424647,0.9764551520347595
11,1,25,0.768052875995636,0.8434433937072754,0.7531490696256689,0.8867742762819611,0.8905254006385803
11,1,26,0.2447654753923416,0.7778171896934509,0.31295390445780225,0.8516059021703778,0.5308237671852112
11,1,27,0.8451802134513855,1.2324583530426025,0.8224827247048774,1.2405826781860243,0.5769282579421997
11,1,28,0.4184889495372772,1.0520415306091309,0.48616360368346134,1.122463767157998,0.08405768871307373
11,1,29,0.8701781034469604,1.2743803262710571,0.8506690433526048,1.2793916174152948,0.4649311602115631
11,1,30,0.4817315638065338,1.0856633186340332,0.5555968032387876,1.1553615412344698,0.1521286815404892
11,1,31,0.8374969959259033,1.39937424659729,0.7950188054203746,1.3944415417243796,0.34070149064064026
11,1,32,0.3617469072341919,1.1772704124450684,0.3937368217446782,1.2484750711404244,0.05439634621143341
12,1,0,0.4340527653694153,0.1518748253583908,0.4431765642816097,0.15408368343827306,0.9993346333503723
12,1,1,0.47309696674346924,0.12204526364803314,0.48540111541687603,0.1240584660650699,0.9994432330131531
12,1,2,0.49815380573272705,0.12160524725914001,0.509780656942688,0.12381274174942669,0.9995284080505371
12,1,3,0.5240070223808289,0.12153658270835876,0.5343555437941145,0.12393530178323195,0.9995285272598267
12,1,4,0.4218728542327881,0.12304886430501938,0.4341150882331694,0.1247755948008915,0.9992559552192688
12,1,5,0.40907806158065796,0.12303343415260315,0.42261503854814075,0.12477665997102537,0.9989784955978394
12,1,6,0.397410124540329,0.1227589026093483,0.41193199420910825,0.12464704510056536,0.998826265335083
12,1,7,0.582844614982605,0.13834865391254425,0.5890052958358805,0.1397895605253329,0.9996711015701294
12,1,8,0.4190443754196167,0.1361585557460785,0.4361796268026079,0.1376049735316064,0.9988095760345459
12,1,9,0.4811183512210846,0.18757134675979614,0.49278373905646783,0.18975908980208014,0.9996535778045654
12,1,10,0.4219539165496826,0.18866685032844543,0.43371398166060726,0.1896089084138739,0.9990360140800476
12,1,11,0.7268413305282593,0.30524376034736633,0.7331332640451305,0.31038889790475344,0.9993528723716736
12,1,12,0.3597189784049988,0.31727638840675354,0.3831810206748983,0.3217834351313239,0.9947113394737244
12,1,13,0.6371057629585266,0.5286728143692017,0.6354248897290556,0.5310576449421053,0.9542471170425415
12,1,14,0.1766260266304016,0.48003897070884705,0.2169307052747066,0.4844451645677073,0.22714364528656006
12,1,15,0.27634963393211365,0.4228020906448364,0.2938756529357081,0.4249082738845848,0.9245234131813049
12,1,16,0.21908678114414215,0.39090582728385925,0.24788552942676495,0.3927328148098323,0.3502732813358307
12,1,17,0.18628650903701782,0.42090216279029846,0.20660972177128356,0.4233215674780153,0.8877459168434143
12,1,18,0.22999458014965057,0.3528884947299957,0.25250030153409825,0.36256925457618944,0.33316168189048767
12,1,19,0.1857268512248993,0.39498645067214966,0.20867751685842803,0.39581755164454197,0.8876179456710815
12,1,20,0.24335235357284546,0.33971747756004333,0.26768489507574583,0.3444407884170413,0.30397000908851624
12,1,21,0.22291851043701172,0.3949311673641205,0.2444453467251249,0.3961158813814073,0.8596863150596619
12,1,22,0.26073336601257324,0.3658067286014557,0.2901342454260374,0.36388262889712736,0.3231774866580963
12,1,23,0.7370866537094116,0.7396847009658813,0.7532233815573843,0.7345910622647834,0.9878028035163879
12,1,24,0.48074883222579956,0.7420311570167542,0.5132823170667805,0.7346410988582129,0.9776654839515686
12,1,25,0.7397795915603638,0.8454965353012085,0.7508329350620722,0.879617305206076,0.8949023485183716
12,1,26,0.22582753002643585,0.7710660099983215,0.2978266473544922,0.8376249917460864,0.5314655303955078
12,1,27,0.848641574382782,1.23232102394104,0.8270162311589229,1.2391516465523453,0.5981006026268005
12,1,28,0.4065801501274109,1.0508171319961548,0.4723491058281109,1.1100299514814218,0.08960644900798798
12,1,29,0.8756564855575562,1.2741420269012451,0.8549993849950669,1.2784823989204672,0.4906885325908661
12,1,30,0.4720483720302582,1.086359977722168,0.5410923177427603,1.1433877106387906,0.16244177520275116
12,1,31,0.8542834520339966,1.39810311794281,0.8052999824307772,1.3950756896114764,0.3679421842098236
12,1,32,0.3450639247894287,1.1738524436950684,0.3852957737704511,1.2355236367542404,0.05978894233703613
13,1,0,0.42753365635871887,0.15205931663513184,0.44046639658924724,0.1537331010441325,0.9993597865104675
13,1,1,0.46566182374954224,0.12188838422298431,0.4819808193805718,0.12368264691030553,0.9994667172431946
13,1,2,0.4908873438835144,0.12123601138591766,0.5065070298082174,0.12336649292697882,0.9995496273040771
13,1,3,0.5171507596969604,0.12090068310499191,0.5313746378000901,0.12340974673369424,0.9995490908622742
13,1,4,0.4151666462421417,0.12307386845350266,0.4308319034543502,0.12448089054617012,0.9992828369140625
13,1,5,0.4022653102874756,0.12305203825235367,0.41908890527981596,0.12447799049986853,0.9990190863609314
13,1,6,0.3908199667930603,0.1228569895029068,0.4082736884506523,0.12433704319967454,0.9988745450973511
13,1,7,0.578151524066925,0.13718684017658234,0.5871251270175822,0.13933881029917597,0.9996854662895203
13,1,8,0.41402843594551086,0.13616646826267242,0.4323411340026465,0.137355855764179,0.9988394975662231
13,1,9,0.47503459453582764,0.1874638944864273,0.48970846661079787,0.18936160174739197,0.999667763710022
13,1,10,0.4161512553691864,0.18866772949695587,0.43067102566978305,0.18944591917123238,0.999078094959259
13,1,11,0.725900411605835,0.3049159049987793,0.73188047339762,0.3094409798444564,0.9993857741355896
13,1,12,0.34992918372154236,0.31726306676864624,0.3774170175471868,0.32100053329663636,0.9948316812515259
13,1,13,0.635897696018219,0.5289928913116455,0.6355067670728439,0.5307000678981896,0.9534937143325806
13,1,14,0.17062830924987793,0.4847811758518219,0.20890131585794156,0.48450335246478765,0.23521174490451813
13,1,15,0.26904287934303284,0.42571112513542175,0.28957213271676996,0.42504730756853515,0.9248086810112
13,1,16,0.20932337641716003,0.39476269483566284,0.2411999538596146,0.393084352029317,0.3564385175704956
13,1,17,0.17988906800746918,0.42380231618881226,0.20197876897551623,0.4234048202800553,0.8888678550720215
13,1,18,0.20579306781291962,0.3542220890522003,0.24440062627058076,0.36112340682344674,0.33977431058883667
13,1,19,0.18349264562129974,0.3959212601184845,0.20431293134796988,0.3958355109714004,0.8889105916023254
13,1,20,0.23463812470436096,0.34730997681617737,0.2619564821431051,0.34493769061366597,0.31041011214256287
13,1,21,0.21934878826141357,0.3957264721393585,0.2400960778701248,0.396048446312814,0.8608354330062866
13,1,22,0.2511327564716339,0.3674675226211548,0.28337241566669097,0.3645034943907906,0.3292335867881775
13,1,23,0.7386563420295715,0.7349352240562439,0.7506996911789251,0.7346506616550242,0.9885545372962952
13,1,24,0.47389084100723267,0.740837574005127,0.5064527847839235,0.7357143474058704,0.9782389402389526
13,1,25,0.7421572208404541,0.8148894906044006,0.7493301624846274,0.8683865263519097,0.9014094471931458
13,1,26,0.2084350436925888,0.7515251636505127,0.28230502260860835,0.82267642768876,0.5430939197540283
13,1,27,0.8690817356109619,1.2276380062103271,0.8343099531625208,1.2371571313569885,0.6250221729278564
13,1,28,0.38725483417510986,1.0588923692703247,0.4575755607542949,1.101160800498861,0.09841090440750122
13,1,29,0.898440957069397,1.270026445388794,0.8625320144862091,1.2770177035439538,0.5138257145881653
13,1,30,0.45411545038223267,1.0974254608154297,0.5259910716032399,1.1354173924439677,0.17188283801078796
13,1,31,0.8524320125579834,1.3981807231903076,0.8134734339538675,1.3956134409154348,0.39987900853157043
13,1,32,0.32053157687187195,1.1878304481506348,0.37405868069273474,1.227252726018274,0.06572998315095901
14,1,0,0.42286744713783264,0.1520959436893463,0.4374171611488222,0.1534495793707903,0.9993835687637329
14,1,1,0.46153247356414795,0.12173982709646225,0.4784375873816849,0.12334618775116625,0.9994922280311584
14,1,2,0.48725903034210205,0.12092858552932739,0.5031719107712449,0.12294428780171737,0.9995715618133545
14,1,3,0.5140575766563416,0.12038963288068771,0.5283742683972456,0.12288670395169775,0.9995718598365784
14,1,4,0.41038426756858826,0.12309299409389496,0.4272887945285695,0.1242405374888151,0.9993123412132263
14,1,5,0.39737528562545776,0.12307411432266235,0.41532628707411756,0.12423486998972295,0.9990626573562622
14,1,6,0.3859844505786896,0.12292341887950897,0.4044112580920459,0.12409223445335098,0.9989262819290161
14,1,7,0.5766205191612244,0.1363614797592163,0.5853054619572551,0.13882317767197935,0.9997013211250305
14,1,8,0.41062456369400024,0.13616789877414703,0.42857800382955463,0.13715012904893945,0.9988803267478943
14,1,9,0.47105109691619873,0.18723222613334656,0.48647574387741577,0.18899283262982347,0.9996849298477173
14,1,10,0.4121691882610321,0.1886102706193924,0.4274652666714494,0.18930120567416647,0.9991278648376465
14,1,11,0.729457676410675,0.30472567677497864,0.7314608853322613,0.30862431166190235,0.9994254112243652
14,1,12,0.34460172057151794,0.3167114853858948,0.37172875997360166,0.32025769999857046,0.9950152039527893
14,1,13,0.6348497271537781,0.5289885997772217,0.6353929847201449,0.5304036764981727,0.9530209302902222
14,1,14,0.17506884038448334,0.48768773674964905,0.20303655481663846,0.4850548473296992,0.23523640632629395
14,1,15,0.2692197859287262,0.42915627360343933,0.2860455449657644,0.42575894807883113,0.9264248609542847
14,1,16,0.199895441532135,0.3992339074611664,0.23403834013102873,0.39414947182369514,0.3602863550186157
14,1,17,0.17976608872413635,0.43119344115257263,0.19812961336968102,0.4247538971922427,0.8918765783309937
14,1,18,0.18543380498886108,0.3761563301086426,0.23417120384784262,0.3637278450692217,0.3461042642593384
14,1,19,0.18296489119529724,0.3988164961338043,0.20061370203986803,0.39635177658174947,0.8920308351516724
14,1,20,0.20990781486034393,0.36686182022094727,0.2529290810460868,0.3487368098374277,0.3168293833732605
14,1,21,0.21747663617134094,0.3984309434890747,0.23617638822631715,0.39646105461704473,0.8641148209571838
14,1,22,0.24272854626178741,0.37034690380096436,0.27632549053851574,0.36551557952821423,0.33552175760269165
14,1,23,0.7438836097717285,0.7316466569900513,0.749519103188092,0.7341304092238661,0.9893654584884644
14,1,24,0.473707377910614,0.7375487089157104,0.500776652602196,0.7360320227699079,0.9790891408920288
14,1,25,0.750890851020813,0.7944665551185608,0.7496004405711452,0.8555572955140361,0.9065978527069092
14,1,26,0.19183818995952606,0.6990920305252075,0.2665961791751625,0.801195720757652,0.5505056977272034
14,1,27,0.8740848302841187,1.215384840965271,0.8412060323894355,1.2333843407686678,0.6483122706413269
14,1,28,0.3724929690361023,1.0210151672363281,0.44280403633225973,1.087248479686141,0.10543341189622879
14,1,29,0.9034733176231384,1.2598776817321777,0.8696305751322279,1.2740480248599164,0.5354515910148621
14,1,30,0.44073179364204407,1.0641518831253052,0.5111887890880795,1.123049848493554,0.1822272688150406
14,1,31,0.8452086448669434,1.3896055221557617,0.8189742884541742,1.3945728576908634,0.42789337038993835
14,1,32,0.30153176188468933,1.1496630907058716,0.3614717574606847,1.2137851280890395,0.07199563831090927
15,1,0,0.42192021012306213,0.1522570103406906,0.43473229238141925,0.1532430539281307,0.9994101524353027
15,1,1,0.460688054561615,0.12168359756469727,0.47536224734038496,0.12305826141889134,0.9995193481445312
15,1,2,0.48668885231018066,0.12080380320549011,0.5003161127959903,0.12257359468703573,0.9995942711830139
15,1,3,0.5131497383117676,0.12017707526683807,0.5257366185352806,0.12241743737212578,0.9995952248573303
15,1,4,0.4088170826435089,0.12310630828142166,0.42408825800735783,0.12404411550206093,0.9993470907211304
15,1,5,0.3955617845058441,0.12312726676464081,0.4119016196053907,0.12404305915426987,0.9991133809089661
15,1,6,0.383818656206131,0.12307576835155487,0.40084301400154604,0.1239162069069525,0.9989854693412781
15,1,7,0.574224054813385,0.13586021959781647,0.5833858472953031,0.1383100343786874,0.9997170567512512
15,1,8,0.4070912301540375,0.13617628812789917,0.42485471925089885,0.13698148337763036,0.9989299178123474
15,1,9,0.47036221623420715,0.18717029690742493,0.48368400051961885,0.18867720551100944,0.9997024536132812
15,1,10,0.4110933244228363,0.18861190974712372,0.4246287297680629,0.18918183732851318,0.9991817474365234
15,1,11,0.7291178703308105,0.30461615324020386,0.7310551151508854,0.3079301323401238,0.9994603395462036
15,1,12,0.3398517966270447,0.3163004517555237,0.3662033099628887,0.3195723389322492,0.9952382445335388
15,1,13,0.630427896976471,0.5289287567138672,0.6345330483614154,0.5301482522632442,0.9514977931976318
15,1,14,0.1782553493976593,0.48777517676353455,0.19874197282142922,0.48552596723094865,0.2323252260684967
15,1,15,0.2667655050754547,0.43070918321609497,0.2827048705456348,0.4266163114489007,0.9264147281646729
15,1,16,0.19666267931461334,0.4010942280292511,0.22755869583976854,0.39535235133323676,0.3589949905872345
15,1,17,0.17779573798179626,0.4342905282974243,0.19460622787151022,0.42640583598792736,0.8929287791252136
15,1,18,0.18015749752521515,0.39183932542800903,0.22480242243663812,0.36860004384890677,0.3480343520641327
15,1,19,0.18020758032798767,0.40115490555763245,0.19707779015689286,0.3971836579985304,0.8931695818901062
15,1,20,0.20059973001480103,0.37358516454696655,0.2438529165143257,0.35304303159937644,0.3192245066165924
15,1,21,0.2142074853181839,0.40086111426353455,0.23236950373791168,0.3972231169165371,0.8652405142784119
15,1,22,0.2392480969429016,0.37204989790916443,0.2698976151651516,0.36664735440666585,0.33785709738731384
15,1,23,0.7423988580703735,0.7285512685775757,0.748285820919577,0.7331641036670211,0.9901765584945679
15,1,24,0.4732818007469177,0.7310301661491394,0.49601140983318065,0.7351657177113151,0.980146586894989
15,1,25,0.7505244612693787,0.7740095257759094,0.7497604582712458,0.8414009725410886,0.9105919003486633
15,1,26,0.192926824092865,0.6517620086669922,0.2538105105592929,0.7752019078829383,0.5527695417404175
15,1,27,0.871830403804779,1.1913584470748901,0.8465141602824274,1.2260974928619213,0.6691506505012512
15,1,28,0.34998905658721924,0.9747766256332397,0.4266863176601889,1.0677057901733589,0.11204677075147629
15,1,29,0.9030085206031799,1.236507773399353,0.87541645934947,1.2675398173074495,0.5560129284858704
15,1,30,0.4152173399925232,1.020321011543274,0.4945213562158934,1.1052052796411105,0.19379189610481262
15,1,31,0.818185567855835,1.3615918159484863,0.818837701968049,1.3888558457316025,0.45531392097473145
15,1,32,0.2722555994987488,1.0994259119033813,0.3459806891080383,1.1939133774008475,0.07907090336084366
16,1,0,0.4251702129840851,0.1520865559577942,0.4330759439610082,0.15304277537804153,0.9994276762008667
16,1,1,0.46501076221466064,0.12123456597328186,0.47356911501394217,0.12274243344838351,0.9995377063751221
16,1,2,0.4910569489002228,0.12033865600824356,0.4987122501165802,0.12218654273886144,0.9996110796928406
16,1,3,0.5171870589256287,0.11971175670623779,0.5242557043957758,0.1219488545848338,0.9996122717857361
16,1,4,0.4121764600276947,0.12280634790658951,0.42202474426321906,0.12382976241934189,0.9993691444396973
16,1,5,0.398944228887558,0.12285830080509186,0.40965690434081375,0.12383788638951464,0.9991394281387329
16,1,6,0.3868696093559265,0.1228722631931305,0.3984222123369588,0.12373542074794044,0.9990105628967285
16,1,7,0.576910138130188,0.13525323569774628,0.5822642256870906,0.13778063769794544,0.999732494354248
16,1,8,0.409351646900177,0.1356813907623291,0.42216878898627835,0.13675633660274794,0.99896240234375
16,1,9,0.47370272874832153,0.18618522584438324,0.48195501753875397,0.18824563526324467,0.9997154474258423
16,1,10,0.4136062264442444,0.18782664835453033,0.4227193220816684,0.188947148716024,0.9992106556892395
16,1,11,0.733652651309967,0.30466821789741516,0.7315049674849368,0.3073652088699654,0.9994877576828003
16,1,12,0.34366872906684875,0.3163165748119354,0.3622983340151871,0.3190084807210247,0.9952133297920227
16,1,13,0.6289803981781006,0.5302290916442871,0.6335713312258089,0.5301622513116142,0.9526253938674927
16,1,14,0.1783982217311859,0.487708181142807,0.19521687189014889,0.48590388755629554,0.23409202694892883
16,1,15,0.26631805300712585,0.4305282533168793,0.27986575480451903,0.42729382491978224,0.9285323023796082
16,1,16,0.18620699644088745,0.3982639014720917,0.2203888874100288,0.39585659069550544,0.3604280948638916
16,1,17,0.17656877636909485,0.4341449439525604,0.19148097456208665,0.42774633474756407,0.8963017463684082
16,1,18,0.1769615262746811,0.39849305152893066,0.21650586021109447,0.37378128963095686,0.3510347902774811
16,1,19,0.1793530136346817,0.4008753299713135,0.1940067411488809,0.3978230184504777,0.8967238664627075
16,1,20,0.19805298745632172,0.3773942291736603,0.23591078779397998,0.35726303341338367,0.32238224148750305
16,1,21,0.2129448503255844,0.40027865767478943,0.2290037570634552,0.3977522957215376,0.869101345539093
16,1,22,0.23897045850753784,0.373759925365448,0.264536956655008,0.3678793068007369,0.3407128155231476
16,1,23,0.7492616772651672,0.7354806661605835,0.7484548155851182,0.7335652925091739,0.9906750321388245
16,1,24,0.47961124777793884,0.7373957633972168,0.4931699793712078,0.7355519223374858,0.9804580211639404
16,1,25,0.7493148446083069,0.8255839347839355,0.7496832899688112,0.838660614795243,0.9151743650436401
16,1,26,0.20939621329307556,0.785489022731781,0.24610895602585642,0.7769838737320004,0.5606063604354858
16,1,27,0.8272861838340759,1.256881594657898,0.8431825139386699,1.2314333301114295,0.6842479109764099
16,1,28,0.377702534198761,1.101418375968933,0.4181912366729126,1.0735497189177239,0.11102990806102753
16,1,29,0.8582288026809692,1.3021546602249146,0.8724385236260594,1.27354033161789,0.5727677941322327
16,1,30,0.4459743797779083,1.14078688621521,0.4861021368573587,1.111373544757523,0.19399689137935638
16,1,31,0.7706083655357361,1.431129813194275,0.8104736883709378,1.3961857622123806,0.4699888825416565
16,1,32,0.2883160710334778,1.2420860528945923,0.33597753439972267,1.2022675245824201,0.07738743722438812
17,1,0,0.425754576921463,0.1508399099111557,0.43180781833172777,0.15266127831262938,0.9994454383850098
17,1,1,0.4674415588378906,0.12014485150575638,0.4725078060429381,0.12229257318043366,0.999560534954071
17,1,2,0.49348390102386475,0.11944033205509186,0.49780671069287385,0.12171094018895151,0.9996311068534851
17,1,3,0.5191773176193237,0.11914191395044327,0.5233761421276877,0.12146273362910776,0.9996329545974731
17,1,4,0.41325822472572327,0.12169024348258972,0.4205062393765821,0.12345923655042575,0.9993960857391357
17,1,5,0.40024814009666443,0.1217755526304245,0.4080271206387526,0.12348072842203736,0.999165415763855
17,1,6,0.3883107900619507,0.12178321182727814,0.39667067736707484,0.12339733547979238,0.9990352392196655
17,1,7,0.5776259899139404,0.13527162373065948,0.5814609070115324,0.13734611716470996,0.9997516870498657
17,1,8,0.4102155864238739,0.13488049805164337,0.42009809984830554,0.13643147796881544,0.999000608921051
17,1,9,0.47399455308914185,0.18513275682926178,0.4805761680515355,0.1877065254086137,0.999732255935669
17,1,10,0.4146905541419983,0.18649987876415253,0.42132863873836673,0.18852332203266345,0.9992460608482361
17,1,11,0.7328780889511108,0.30426251888275146,0.7317427617334439,0.30682786368851744,0.999508798122406
17,1,12,0.34527504444122314,0.31802746653556824,0.35934888807508375,0.3188385927764736,0.9948302507400513
17,1,13,0.6269180178642273,0.5327398180961609,0.6324189415020434,0.5306086450148148,0.9550825953483582
17,1,14,0.18176962435245514,0.49449390172958374,0.19288725842571236,0.4873918106083544,0.23830315470695496
17,1,15,0.26169100403785706,0.430174320936203,0.2767166995995159,0.42779268569218515,0.9323185086250305
17,1,16,0.1884494423866272,0.4104134440422058,0.21485259631963374,0.3983785146915497,0.36490440368652344
17,1,17,0.16866673529148102,0.428747296333313,0.187527505344224,0.42791967720583374,0.9014684557914734
17,1,18,0.1775192767381668,0.4042530953884125,0.20974660666396208,0.37906294888689307,0.3568820059299469
17,1,19,0.17482952773571014,0.3952842652797699,0.19068389351150672,0.3973833471778213,0.9019920229911804
17,1,20,0.19311682879924774,0.38176456093788147,0.22849058938951627,0.36150910655509677,0.3286884129047394
17,1,21,0.20983125269412994,0.39540645480155945,0.22568172587989854,0.3973460361089814,0.8754059076309204
17,1,22,0.23676703870296478,0.37932971119880676,0.25972400369847803,0.3698628641788478,0.3454289138317108
17,1,23,0.749966025352478,0.7472705841064453,0.7487165247099236,0.7359396262004477,0.9912074208259583
17,1,24,0.48219460248947144,0.7627038955688477,0.49126873695204387,0.7402576883150649,0.9805177450180054
17,1,25,0.7510799765586853,0.8606040477752686,0.749925165270545,0.8424630731187586,0.9195744395256042
17,1,26,0.21619591116905212,0.9298213124275208,0.2409242158483449,0.8035722073846149,0.561545193195343
17,1,27,0.831932783126831,1.3002710342407227,0.8412337314180062,1.243378667415125,0.6875773668289185
17,1,28,0.4231952726840973,1.194846749305725,0.41905791635476747,1.0946313066488693,0.10551493614912033
17,1,29,0.8611698150634766,1.3520090579986572,0.870486452663424,1.2871608642240424,0.5787563323974609
17,1,30,0.5003782510757446,1.2276191711425781,0.4885753931662498,1.1315741490605151,0.18575213849544525
17,1,31,0.7806548476219177,1.4717389345169067,0.8053053091359684,1.4092990721720569,0.47454574704170227
17,1,32,0.3408862352371216,1.3266655206680298,0.3368277010264261,1.22389007417572,0.07268136739730835
18,1,0,0.42641955614089966,0.1486208140850067,0.430874577828622,0.15196150321059226,0.9994413256645203
18,1,1,0.46767309308052063,0.11872818320989609,0.4716704535043271,0.12167525905061045,0.999563455581665
18,1,2,0.49370652437210083,0.11792900413274765,0.497096590862911,0.1210559451250323,0.9996364712715149
18,1,3,0.519329309463501,0.11769018322229385,0.5226752638680404,0.12080936425335442,0.9996392726898193
18,1,4,0.41420572996139526,0.12072964757680893,0.41941496877770396,0.12298651286843885,0.9993960857391357
18,1,5,0.40123939514160156,0.12085405737161636,0.406851445238037,0.12302582998118448,0.9991575479507446
18,1,6,0.38929978013038635,0.12085992842912674,0.3953939706645299,0.12295789735006332,0.9990149736404419
18,1,7,0.578087568283081,0.1337439864873886,0.5808766842433176,0.13672226604095133,0.9997583627700806
18,1,8,0.41068220138549805,0.13387511670589447,0.41846707993094845,0.1359887570219518,0.998993456363678
18,1,9,0.4751531481742859,0.18325906991958618,0.47963690655543884,0.1869362533480434,0.9997357726097107
18,1,10,0.4153411090373993,0.1848219931125641,0.4202915871173322,0.18788228890663072,0.9992475509643555
18,1,11,0.7309244275093079,0.3031363785266876,0.7316010467195103,0.30618853559290815,0.9995290637016296
18,1,12,0.3469046354293823,0.3174462914466858,0.35719310038441693,0.3185974768584457,0.9945359826087952
18,1,13,0.6276905536651611,0.5310589075088501,0.6316000066564506,0.5306866183527403,0.9560573101043701
18,1,14,0.1840842217206955,0.4931230843067169,0.19136242537526288,0.4883844703979309,0.23830613493919373
18,1,15,0.2628743648529053,0.4315863251686096,0.274318614306967,0.42844970790813286,0.9344375729560852
18,1,16,0.1917017549276352,0.4024933874607086,0.2108407552670004,0.39909117834793073,0.3656415343284607
18,1,17,0.1700284332036972,0.42941993474960327,0.18449558312990239,0.4281794896078718,0.9047361016273499
18,1,18,0.1816527098417282,0.39010003209114075,0.2048774523861996,0.38097488330742113,0.3581535220146179
18,1,19,0.1761302947998047,0.3955858647823334,0.1881625327553078,0.3970720590347288,0.9054667353630066
18,1,20,0.19720309972763062,0.37960395216941833,0.22306741178523815,0.3646443093407531,0.3303835690021515
18,1,21,0.2107446789741516,0.3957127034664154,0.22309390425850523,0.39706317682937703,0.8793206810951233
18,1,22,0.23681466281414032,0.3792446553707123,0.2557540427063327,0.3714879739989267,0.34638407826423645
18,1,23,0.7505708932876587,0.7484380006790161,0.7490376649058017,0.7381047924687667,0.9914198517799377
18,1,24,0.4826725125312805,0.7588707208633423,0.48977973694900395,0.7434827253017962,0.979758083820343
18,1,25,0.770660400390625,0.8599197864532471,0.7535181383476777,0.8454876458535064,0.9216057658195496
18,1,26,0.21856924891471863,0.8814432621002197,0.23705037643028692,0.8170887391170717,0.5556930899620056
18,1,27,0.8450196385383606,1.2836053371429443,0.8418894144026914,1.250353177314585,0.6955677270889282
18,1,28,0.4700835943222046,1.1561166048049927,0.42790759525178057,1.105298437250145,0.10189501196146011
18,1,29,0.8744084239006042,1.3310834169387817,0.8711657034829704,1.2947770147924,0.5871585011482239
18,1,30,0.5513013601303101,1.1913560628890991,0.4994581377509631,1.1419452308902267,0.18172389268875122
18,1,31,0.8022003769874573,1.4519519805908203,0.804767575515814,1.4166947858451842,0.4829254448413849
18,1,32,0.3983777165412903,1.2864179611206055,0.3475060583184252,1.2347384265630295,0.06987769901752472
19,1,0,0.42946767807006836,0.14757931232452393,0.43063093365774036,0.15120253606909656,0.9994067549705505
19,1,1,0.47023066878318787,0.11777286231517792,0.47142111412634313,0.12099939890392192,0.9995394349098206
19,1,2,0.4958329200744629,0.11697855591773987,0.49687775174753995,0.12034977413457404,0.9996211528778076
19,1,3,0.5213977098464966,0.11683370172977448,0.5224540204031872,0.12012081361084903,0.9996244311332703
19,1,4,0.4144165813922882,0.12007796764373779,0.41854926424099503,0.12248279394961455,0.9993539452552795
19,1,5,0.4018668830394745,0.12027336657047272,0.4059881355197741,0.12254914446315043,0.9991037845611572
19,1,6,0.3900207579135895,0.12028860300779343,0.3944633370647344,0.12249561662727476,0.9989405870437622
19,1,7,0.5784562826156616,0.13289092481136322,0.5804575110341045,0.1360587134883506,0.9997524619102478
19,1,8,0.409673273563385,0.13325753808021545,0.41694384719658345,0.13551575103052943,0.9989340305328369
19,1,9,0.47843822836875916,0.18233704566955566,0.47942932308793784,0.18613969510157985,0.9997295141220093
19,1,10,0.4154868721961975,0.1840309202671051,0.41945943088625565,0.18721526739277342,0.9992318153381348
19,1,11,0.7289049625396729,0.301368772983551,0.7311341260324423,0.3053537728774263,0.9995457530021667
19,1,12,0.34279629588127136,0.31708937883377075,0.3546989150217543,0.3183363065947322,0.9943549633026123
19,1,13,0.6435550451278687,0.5302297472953796,0.633671013171978,0.5306075005780022,0.9562990069389343
19,1,14,0.18542292714118958,0.4930516183376312,0.1903336937347096,0.48919279716482894,0.236794576048851
19,1,15,0.26619136333465576,0.43806517124176025,0.2729108681588072,0.43011530601353953,0.9357913732528687
19,1,16,0.19339479506015778,0.4018169641494751,0.20781803911996827,0.3995632433326749,0.36326149106025696
19,1,17,0.17360956966876984,0.43919986486434937,0.1826098267239239,0.43008852828057886,0.9069662690162659
19,1,18,0.18350833654403687,0.3897842466831207,0.20117456623851243,0.3825008115420469,0.35720229148864746
19,1,19,0.1773136556148529,0.40777018666267395,0.18628321151639302,0.3989252573883269,0.9078205823898315
19,1,20,0.19788683950901031,0.3744830787181854,0.21870356937337673,0.36634860050903184,0.3301602303981781
19,1,21,0.21184247732162476,0.4063996374607086,0.22114482685639533,0.3986804322965454,0.881818413734436
19,1,22,0.23728862404823303,0.38010549545288086,0.2525545963677876,0.3729806630742406,0.346407949924469
19,1,23,0.7499377131462097,0.7501698136329651,0.749193531105342,0.7401948591713725,0.9914479851722717
19,1,24,0.48310035467147827,0.7562320232391357,0.4886228306363735,0.745691377399918,0.9786890149116516
19,1,25,0.7723751664161682,0.848177969455719,0.7567854742831642,0.8459535681413318,0.9222798347473145
19,1,26,0.2197633683681488,0.8360905051231384,0.23405520906294613,0.8203811687700071,0.560270369052887
19,1,27,0.8451915383338928,1.2750427722930908,0.8424613024249219,1.254631869341483,0.7007863521575928
19,1,28,0.4688734710216522,1.127612829208374,0.43501040643542005,1.1091652312832563,0.10334431380033493
19,1,29,0.8755576610565186,1.3239548206329346,0.8719263625104984,1.299834194486266,0.5908652544021606
19,1,30,0.5494601130485535,1.1620818376541138,0.5081300122459288,1.145434415360008,0.18647190928459167
19,1,31,0.8078234791755676,1.439341425895691,0.8052968171030243,1.4206191957656011,0.48621636629104614
19,1,32,0.3915053606033325,1.255923867225647,0.3551355184522577,1.2384094644521129,0.07066960632801056
20,1,0,0.4322131276130676,0.14675188064575195,0.4309049363385105,0.15043170972387213,0.9993914365768433
20,1,1,0.4755384922027588,0.1171751394867897,0.47213421165427943,0.12033707299535347,0.9995347261428833
20,1,2,0.5013526678085327,0.11644012480974197,0.4976527803860191,0.11967265775496648,0.9996182918548584
20,1,3,0.5265302062034607,0.11630534380674362,0.5231599828984714,0.11946001015451888,0.9996223449707031
20,1,4,0.41482043266296387,0.11922591179609299,0.4179034673259377,0.12191874209115106,0.9993473887443542
20,1,5,0.40113353729248047,0.11942919343709946,0.4051473384356806,0.12200880961326514,0.9990914463996887
20,1,6,0.3888019025325775,0.11938405781984329,0.3934827753476539,0.12195673533617818,0.9989264011383057
20,1,7,0.5770695805549622,0.1324678510427475,0.5798707608938616,0.1354368141125438,0.9997541904449463
20,1,8,0.40672212839126587,0.13261668384075165,0.4151732004597425,0.13501367371614797,0.9989264011383057
20,1,9,0.480631947517395,0.18148201704025269,0.4796375899382718,0.18533300867688293,0.9997294545173645
20,1,10,0.41514694690704346,0.18306653201580048,0.4187125380288169,0.18649673827888852,0.9992388486862183
20,1,11,0.7232679128646851,0.2993479073047638,0.7297716060560026,0.30431354499897234,0.99955815076828
20,1,12,0.3476822078227997,0.31844985485076904,0.3534835699031566,0.3183559698949833,0.9943637251853943
20,1,13,0.6369203925132751,0.5276032090187073,0.6342337654663844,0.5300871982611222,0.9551305174827576
20,1,14,0.21475555002689362,0.49255093932151794,0.1945659465960103,0.48977438776910154,0.22780294716358185
20,1,15,0.26477760076522827,0.4376859962940216,0.2715020796766678,0.43142662634668455,0.9337228536605835
20,1,16,0.20428727567195892,0.4128332734107971,0.20720654899231272,0.4018621408669013,0.3542462885379791
20,1,17,0.17330405116081238,0.4375438988208771,0.18099788752820223,0.4313798696028292,0.9060145020484924
20,1,18,0.19210520386695862,0.4035712480545044,0.1996035885894993,0.38615190637570035,0.35288336873054504
20,1,19,0.17634637653827667,0.4055381417274475,0.18456192808270858,0.400070643039458,0.9072158932685852
20,1,20,0.20406050980091095,0.3860012888908386,0.21616670186591838,0.3697538822114722,0.3270236551761627
20,1,21,0.21085160970687866,0.40547388792037964,0.2193617909209298,0.3998571002076715,0.8808679580688477
20,1,22,0.24823340773582458,0.38670215010643005,0.2518061955094668,0.3753578031985205,0.34262749552726746
20,1,23,0.743962287902832,0.7462438941001892,0.7482874903716774,0.7412425656178613,0.9918224811553955
20,1,24,0.4909042418003082,0.7513984441757202,0.4890179311826987,0.7466798441340663,0.9788213968276978
20,1,25,0.7672213315963745,0.8477074503898621,0.7585932261156508,0.8462573048470132,0.9231922626495361
20,1,26,0.23319782316684723,0.8311848044395447,0.23390673077330051,0.8222526500982369,0.549759566783905
20,1,27,0.8393136262893677,1.2641955614089966,0.8419161655504513,1.2562884982970883,0.7062453031539917
20,1,28,0.4654894173145294,1.1069040298461914,0.4402933069666912,1.1087736310099212,0.10081589221954346
20,1,29,0.8711002469062805,1.3109585046768188,0.8717832999453063,1.3017612457406271,0.6000184416770935
20,1,30,0.5421236753463745,1.1403576135635376,0.5140227273087155,1.1445551283639768,0.18572625517845154
20,1,31,0.8023521900177002,1.4282472133636475,0.8047868487067088,1.4219404494810717,0.49335619807243347
20,1,32,0.3862767219543457,1.2286925315856934,0.3605333084525393,1.236726285921627,0.06928636133670807
21,1,0,0.4420556426048279,0.1462373584508896,0.432836559431351,0.14970527928845462,0.9993484020233154
21,1,1,0.4897150695323944,0.11701957881450653,0.4751803104593881,0.1197625228315123,0.9995110034942627
21,1,2,0.5152930617332458,0.11643847823143005,0.5007091805279548,0.1191125380920081,0.9996004104614258
21,1,3,0.5388498306274414,0.11633194237947464,0.5258782866581381,0.11891826945451148,0.9996017217636108
21,1,4,0.42368388175964355,0.11852564662694931,0.4189046397345257,0.12133109735855992,0.9993144273757935
21,1,5,0.4078076183795929,0.11861056089401245,0.4056080578272202,0.12142027230574322,0.9990555047988892
21,1,6,0.3941614031791687,0.11842478811740875,0.3936002962011727,0.12134504053877078,0.9988919496536255
21,1,7,0.5838378667831421,0.1330239325761795,0.5805578294024036,0.13501894336332868,0.9997442364692688
21,1,8,0.40825599431991577,0.13231202960014343,0.4139750935606946,0.13454579005448009,0.9988884329795837
21,1,9,0.4878231883049011,0.18144641816616058,0.4810554446640724,0.18465988634211195,0.9997155666351318
21,1,10,0.41870349645614624,0.18279395997524261,0.41871097229262033,0.18585545410265641,0.9992216229438782
21,1,11,0.7354855537414551,0.29961827397346497,0.7307612644721733,0.3035003467417967,0.9995443224906921
21,1,12,0.34825512766838074,0.3214416205883026,0.3525780141266706,0.3188903638196552,0.9944137930870056
21,1,13,0.6461667418479919,0.5265730023384094,0.6363009488468384,0.5294785781311571,0.953108012676239
21,1,14,0.1504307985305786,0.4739967882633209,0.18691288811526807,0.48704087343223673,0.24176332354545593
21,1,15,0.28176018595695496,0.43738600611686707,0.27327903088526867,0.432458801369386,0.9311698079109192
21,1,16,0.19904725253582,0.38384369015693665,0.20579325041187507,0.39874018260174804,0.36079975962638855
21,1,17,0.1875874251127243,0.4374329149723053,0.18213922829404372,0.4324282706324659,0.9031520485877991
21,1,18,0.19266484677791595,0.37115517258644104,0.19840175010722003,0.38355374089525984,0.35663697123527527
21,1,19,0.19165709614753723,0.40457311272621155,0.1857908652627277,0.4008504445250174,0.9045203924179077
21,1,20,0.20925135910511017,0.3478493094444275,0.21496891717600636,0.3659581544411613,0.33071354031562805
21,1,21,0.22399115562438965,0.4052409529685974,0.22016357273595238,0.40078957680472466,0.877299964427948
21,1,22,0.26014137268066406,0.3846946358680725,0.25324996540886396,0.37697512321151444,0.3459715247154236
21,1,23,0.755977213382721,0.7455958724021912,0.7496194329986737,0.7419965296826896,0.9916460514068604
21,1,24,0.4910888969898224,0.7488386034965515,0.48937658402808,0.7470537024030303,0.9784137606620789
21,1,25,0.7764325737953186,0.8058095574378967,0.7616841355537713,0.8392444159036656,0.9216811656951904
21,1,26,0.23429468274116516,0.7691308259963989,0.23397391335515358,0.8130388180653643,0.5562922358512878
21,1,27,0.8298115730285645,1.2393304109573364,0.8398192418558901,1.2533503588140091,0.7079648971557617
21,1,28,0.44884929060935974,1.0753228664398193,0.44177533234699995,1.1029751157242205,0.10158161073923111
21,1,29,0.8525543212890625,1.295192003250122,0.8684514792393505,1.3006234216604742,0.6013416647911072
21,1,30,0.5221859812736511,1.1188113689422607,0.5154367095551906,1.1400936153106338,0.1901957094669342
21,1,31,0.7747534513473511,1.3900381326675415,0.7995812473713113,1.416410609057679,0.495063841342926
21,1,32,0.34511372447013855,1.1925486326217651,0.3578618491878976,1.229065855386507,0.07027555257081985
22,1,0,0.44610053300857544,0.14592553675174713,0.43513440721219726,0.1490506641601852,0.9992985129356384
22,1,1,0.4952391982078552,0.11690796911716461,0.47865601724013374,0.1192681552790445,0.9994863867759705
22,1,2,0.5209360718727112,0.1164378672838211,0.504214015882559,0.11864932617053628,0.9995825290679932
22,1,3,0.5442603230476379,0.11636090278625488,0.529063276338786,0.118475374371078,0.9995805025100708
22,1,4,0.4274994432926178,0.11804644018411636,0.42039339256513186,0.12076223473249656,0.9992761015892029
22,1,5,0.41072583198547363,0.11808538436889648,0.40649444275631186,0.12084270945122431,0.9990100860595703
22,1,6,0.3964991569519043,0.11786819994449615,0.39410233770791986,0.12074289060550424,0.9988437294960022
22,1,7,0.5879206657409668,0.1334581971168518,0.5818331393085078,0.1347486551273186,0.999735414981842
22,1,8,0.4091948866844177,0.13223199546337128,0.4131471825960618,0.13414508070270595,0.9988358020782471
22,1,9,0.49147161841392517,0.1814478635787964,0.4828597857790066,0.18410360432316875,0.999702513217926
22,1,10,0.4204874336719513,0.18265968561172485,0.4190186197995296,0.18530198739199868,0.9992005228996277
22,1,11,0.7431811690330505,0.3005017340183258,0.7329128314009973,0.3029810279942694,0.9995286464691162
22,1,12,0.348716139793396,0.32482030987739563,0.35190917270601174,0.31991743993585675,0.9943810105323792
22,1,13,0.650018036365509,0.5263059139251709,0.6386773263503632,0.5289291131821536,0.9512929320335388
22,1,14,0.13678953051567078,0.46908098459243774,0.1782199069301027,0.4839290670605015,0.2524113059043884
22,1,15,0.28853368759155273,0.43732574582099915,0.27592190197582944,0.4333017369983831,0.9282037615776062
22,1,16,0.19919659197330475,0.3737659156322479,0.20465067526000721,0.3944121236104983,0.36304178833961487
22,1,17,0.1944722980260849,0.4364505410194397,0.1842757463659967,0.43312489435240814,0.8998767733573914
22,1,18,0.19650030136108398,0.35948464274406433,0.19807245583083463,0.37938266251398667,0.3573070168495178
22,1,19,0.19911569356918335,0.4029916822910309,0.1880992593549533,0.40122126809039765,0.9014313220977783
22,1,20,0.22037501633167267,0.3351869583129883,0.21590524689775423,0.3606245555316768,0.33153897523880005
22,1,21,0.23033024370670319,0.40511080622673035,0.22192468028927087,0.40153798445502054,0.8734807968139648
22,1,22,0.2684208154678345,0.3826080560684204,0.25587831005099076,0.377950747513253,0.34640562534332275
22,1,23,0.7618322372436523,0.7462952136993408,0.7517351095283095,0.742741032202897,0.9916067719459534
22,1,24,0.49124106764793396,0.7478843331336975,0.48969947600569697,0.7471975469460557,0.9780846238136292
22,1,25,0.7795913815498352,0.7816013097763062,0.7647868158035933,0.8292450120272491,0.92076575756073
22,1,26,0.24118976294994354,0.760191798210144,0.23522375643242732,0.8038727213809143,0.5615718960762024
22,1,27,0.8270856738090515,1.2191156148910522,0.8376133166072691,1.2474158052212465,0.7116301655769348
22,1,28,0.44914427399635315,1.0613466501235962,0.4430516988688199,1.0957572650795122,0.10201214253902435
22,1,29,0.8482260704040527,1.2769585847854614,0.8649469010787838,1.296522452386767,0.606807291507721
22,1,30,0.5222102403640747,1.1051416397094727,0.5166099247795468,1.1340345992009075,0.19444780051708221
22,1,31,0.7660655975341797,1.3693372011184692,0.7937714691658618,1.4082473433394496,0.5006354451179504
22,1,32,0.34602662920951843,1.178731083869934,0.355811605679629,1.220336160615607,0.07122387737035751
23,1,0,0.452853262424469,0.14595915377140045,0.43820442871242316,0.14851525531201704,0.9992257356643677
23,1,1,0.500665545463562,0.11688670516014099,0.4824699452796117,0.11885572831546957,0.9994433522224426
23,1,2,0.5258989334106445,0.11643774807453156,0.507971657048518,0.11826632012999048,0.9995489716529846
23,1,3,0.548684298992157,0.11637569218873978,0.5324630674702653,0.11811174793839772,0.9995508790016174
23,1,4,0.4354950785636902,0.11800698935985565,0.42300974966215527,0.12028506737851165,0.9992169141769409
23,1,5,0.4190903902053833,0.11805600672960281,0.408676517947889,0.12036009369779155,0.9989393949508667
23,1,6,0.4052492380142212,0.11786964535713196,0.3960333012329663,0.12024528566975735,0.9987592101097107
23,1,7,0.5937274694442749,0.1334669440984726,0.5838936256020978,0.13452669175104526,0.9997154474258423
23,1,8,0.4189038872718811,0.13215342164039612,0.4141442477115607,0.13380016301404854,0.9987461566925049
23,1,9,0.4999054968357086,0.18149949610233307,0.4858131165096937,0.1836526137140897,0.9996851086616516
23,1,10,0.42933887243270874,0.18280045688152313,0.42080633982140936,0.18486876296720986,0.9991726875305176
23,1,11,0.747414767742157,0.3010479807853699,0.7354252371562806,0.3026462613579788,0.9994966983795166
23,1,12,0.36965125799179077,0.32468941807746887,0.3549832204535901,0.32074392539598257,0.9940407872200012
23,1,13,0.6529444456100464,0.5269836783409119,0.641149033463496,0.5285922011265364,0.9503344297409058
23,1,14,0.21348309516906738,0.4875289499759674,0.18433292626551362,0.48455252879610744,0.2392725795507431
23,1,15,0.2925216555595398,0.4330454468727112,0.27879792767103706,0.4332573547120176,0.9292978644371033
23,1,16,0.20257306098937988,0.3867855370044708,0.2042908706969939,0.3930911191268677,0.34969693422317505
23,1,17,0.20213718712329865,0.4320867955684662,0.18737048546904142,0.43294512043323063,0.9018859267234802
23,1,18,0.19595153629779816,0.3724990785121918,0.1977051510593777,0.37819038066476846,0.3481389284133911
23,1,19,0.20961537957191467,0.4009149968624115,0.1918276310956496,0.4011682303939915,0.9033106565475464
23,1,20,0.221084326505661,0.3627321720123291,0.21680225108381188,0.3609895561035558,0.32359325885772705
23,1,21,0.23932337760925293,0.4016147553920746,0.22493920084505772,0.40155127896437776,0.8755375146865845
23,1,22,0.26480820775032043,0.3872274160385132,0.25742512178610016,0.3795576430267055,0.3387606143951416
23,1,23,0.7636959552764893,0.7392337918281555,0.7538071225881788,0.7421336168853376,0.9907273650169373
23,1,24,0.5028547644615173,0.7406761646270752,0.4919784872812339,0.746068013232499,0.9758924245834351
23,1,25,0.7858468294143677,0.785818874835968,0.7684361028527898,0.8217150492842579,0.9182784557342529
23,1,26,0.24760067462921143,0.7386327981948853,0.2373678711737843,0.7925529159042916,0.5739524364471436
23,1,27,0.7228297591209412,1.14927077293396,0.8176676121126015,1.2303698385316508,0.6978328227996826
23,1,28,0.44903403520584106,1.0424394607543945,0.4440878499435829,1.086509384443893,0.1085396260023117
23,1,29,0.7254889011383057,1.1915799379348755,0.8406956794396316,1.2782921855822067,0.598962128162384
23,1,30,0.5220610499382019,1.0832695960998535,0.5175540541926912,1.125230173664109,0.20643655955791473
23,1,31,0.648995041847229,1.2835464477539062,0.7685913825995162,1.3865718965112137,0.4884183406829834
23,1,32,0.34452635049819946,1.1671984195709229,0.3538566662675457,1.2111195602639437,0.07612742483615875
24,1,0,0.46310681104660034,0.14511170983314514,0.44252002088151227,0.14792580056983945,0.9991149306297302
24,1,1,0.5078414082527161,0.11616291850805283,0.48686689154235935,0.11838937474400521,0.9993553757667542
24,1,2,0.5316064953804016,0.11589008569717407,0.5120674277214837,0.11785479649982962,0.9994811415672302
24,1,3,0.5530855059623718,0.11603614687919617,0.5360364844988679,0.11775229217494777,0.9994925856590271
24,1,4,0.44332796335220337,0.11721353977918625,0.42653041864638436,0.11975311960768883,0.9991053938865662
24,1,5,0.4258964955806732,0.11732135713100433,0.41166005760798247,0.1198338254170035,0.998778223991394
24,1,6,0.4112303853034973,0.11731567978858948,0.3986661935279964,0.11973791901961761,0.9985582828521729
24,1,7,0.5971729755401611,0.13347508013248444,0.5861941383478839,0.13434457765116142,0.999675452709198
24,1,8,0.4206949770450592,0.13205282390117645,0.4152788655432434,0.13349755914360112,0.9985666275024414
24,1,9,0.5097977519035339,0.18113267421722412,0.4899695481027759,0.18321620090964916,0.9996442198753357
24,1,10,0.4366513192653656,0.1825878620147705,0.42355153338134743,0.18447375061618546,0.9990761876106262
24,1,11,0.7454935312271118,0.3011626601219177,0.7371692987693376,0.3023893336010915,0.9994765520095825
24,1,12,0.3793133497238159,0.3258415460586548,0.35919956756114213,0.32162681934270726,0.9936648011207581
24,1,13,0.6480273604393005,0.5276554822921753,0.642340404678971,0.5284299842840152,0.9504484534263611
24,1,14,0.2639952003955841,0.49558112025260925,0.19816111878955328,0.48646299105518037,0.22412781417369843
24,1,15,0.2924509644508362,0.43229129910469055,0.28116320435235964,0.4330900573114491,0.9307183623313904
24,1,16,0.21900424361228943,0.40641769766807556,0.20683992242773722,0.39539981675597824,0.3367898762226105
24,1,17,0.20390979945659637,0.4300316572189331,0.1902360343888365,0.4324405497273208,0.9044246673583984
24,1,18,0.20079922676086426,0.39333245158195496,0.1982410039950174,0.38081373781984484,0.3384701609611511
24,1,19,0.20991376042366028,0.40029335021972656,0.19496132206280758,0.4010167227814585,0.9058547019958496
24,1,20,0.21938453614711761,0.3736601173877716,0.2172494617966214,0.3631845620956642,0.31508883833885193
24,1,21,0.23969994485378265,0.4006921947002411,0.22749646371110954,0.401402506883747,0.8785194158554077
24,1,22,0.26219457387924194,0.3897237181663513,0.258251169570405,0.3813186477725288,0.3313172459602356
24,1,23,0.762606680393219,0.7405050992965698,0.7553313515031729,0.7418515915398605,0.9890557527542114
24,1,24,0.5113033652305603,0.7408271431922913,0.495326934039629,0.7451603051032692,0.9723871350288391
24,1,25,0.7869088053703308,0.820539116859436,0.7716368110503525,0.8215114047229649,0.9173164367675781
24,1,26,0.2829536497592926,0.8010292053222656,0.24527280259457543,0.794021133287008,0.5818613171577454
24,1,27,0.7461850643157959,1.2037755250930786,0.8052623082027206,1.225760794039321,0.6883181929588318
24,1,28,0.4449515640735626,1.135888934135437,0.4442374237360722,1.0950731645773264,0.10934040695428848
24,1,29,0.7567117214202881,1.2522454261779785,0.8261153656488215,1.2737781117900917,0.588354766368866
24,1,30,0.5170990824699402,1.1835230588912964,0.5174752652952017,1.1353424785515225,0.20794393122196198
24,1,31,0.6869885325431824,1.3375755548477173,0.7544254524279841,1.378074649025703,0.47308915853500366
24,1,32,0.31769314408302307,1.2657028436660767,0.3475873933991787,1.2205872888352225,0.07496330142021179
25,1,0,0.4700247645378113,0.14478075504302979,0.44728697623694447,0.14738111926487446,0.9991360306739807
25,1,1,0.511570394039154,0.11560339480638504,0.4911479928163203,0.11790688417611317,0.99936842918396
25,1,2,0.5347424149513245,0.11535333842039108,0.5159967491249444,0.11742158462033728,0.999489426612854
25,1,3,0.5557371973991394,0.11559595912694931,0.5394500923048839,0.11737885421609126,0.9995036125183105
25,1,4,0.44820311665534973,0.11680937558412552,0.43028594099108985,0.11924330421280446,0.9991334676742554
25,1,5,0.4308180510997772,0.11704427003860474,0.41497957206364033,0.11935071558386039,0.9988184571266174
25,1,6,0.41582512855529785,0.11718327552080154,0.4016391515558046,0.11929549558261453,0.9986096024513245
25,1,7,0.6019710898399353,0.13341124355793,0.5889275404491576,0.13418294697811753,0.9996806383132935
25,1,8,0.42444828152656555,0.13193857669830322,0.4168671775535627,0.1332275763756952,0.9986120462417603
25,1,9,0.5194204449653625,0.18088668584823608,0.49507409711710915,0.18281276885062955,0.9996498823165894
25,1,10,0.44580763578414917,0.18243491649627686,0.4274082175324474,0.18412066259784823,0.9991084933280945
25,1,11,0.7460201978683472,0.3011802136898041,0.7387024233035221,0.3021799418218929,0.9994853734970093
25,1,12,0.38558754324913025,0.3257259130477905,0.3637728172292471,0.3223367498441973,0.9939131140708923
25,1,13,0.6543092131614685,0.527523934841156,0.6444137977905474,0.5282730787761801,0.9490953683853149
25,1,14,0.24912793934345245,0.4952532649040222,0.20700060564322184,0.4879856113553608,0.222281813621521
25,1,15,0.29810747504234314,0.432222455739975,0.2840989507422605,0.432939810206195,0.9298872351646423
25,1,16,0.2668873369693756,0.40244120359420776,0.2172571417919131,0.39661943686925555,0.3433789908885956
25,1,17,0.20997177064418793,0.4299871325492859,0.1936557138466704,0.4320156583758805,0.9037691950798035
25,1,18,0.22330336272716522,0.3691598176956177,0.20258433926630698,0.37879491309054936,0.3431118428707123
25,1,19,0.2139158993959427,0.4002591073513031,0.19824557044588378,0.4008855229851745,0.9051881432533264
25,1,20,0.26192933320999146,0.36706167459487915,0.22499709653274888,0.3638560427183012,0.3192950189113617
25,1,21,0.24459625780582428,0.4004186689853668,0.2304591696538275,0.40123212992923357,0.878067672252655
25,1,22,0.3080785274505615,0.37573397159576416,0.26689273167684624,0.38035138304912136,0.33682599663734436
25,1,23,0.7666999101638794,0.7407162189483643,0.7573007259249235,0.7416549715541899,0.9888671636581421
25,1,24,0.5201734900474548,0.7379494905471802,0.49963284368917693,0.7439113325613402,0.9723696112632751
25,1,25,0.7794195413589478,0.806388795375824,0.7729848676408364,0.8188914177404922,0.9176720976829529
25,1,26,0.30620652437210083,0.7318407893180847,0.2558440592867581,0.7832331830604519,0.5941598415374756
25,1,27,0.7222124338150024,1.2024785280227661,0.7908445707506996,1.2217261603603102,0.6838585138320923
25,1,28,0.4406062364578247,1.1275887489318848,0.44360853945718637,1.1007094154635977,0.11417212337255478
25,1,29,0.7349417209625244,1.251714825630188,0.8102834439317882,1.2699548578963418,0.5856264233589172
25,1,30,0.5109226703643799,1.165257453918457,0.5163403236917434,1.140527536675997,0.2135894000530243
25,1,31,0.6295658349990845,1.3453820943832397,0.7327222240097852,1.3724076788234207,0.465741902589798
25,1,32,0.29876551032066345,1.2496358156204224,0.3391204618950557,1.2256220358131742,0.07743410766124725
26,1,0,0.47476744651794434,0.14431053400039673,0.4520497216541482,0.1468493347071429,0.9991450309753418
26,1,1,0.5143639445304871,0.11525428295135498,0.4951711229635025,0.11744749467304633,0.9993749856948853
26,1,2,0.5374187231063843,0.11510623246431351,0.5197087978118086,0.11702060550543128,0.9994943737983704
26,1,3,0.5583228468894958,0.11548127233982086,0.5427201557999322,0.11705022984603192,0.9995096921920776
26,1,4,0.4518260955810547,0.11641756445169449,0.43401848111240465,0.11875392724592577,0.9991539716720581
26,1,5,0.4346855580806732,0.11675060540437698,0.4183940938386198,0.11890041742872146,0.9988428950309753
26,1,6,0.4195139706134796,0.11700945347547531,0.4047362104499571,0.11889959281226556,0.9986379742622375
26,1,7,0.60914146900177,0.13371144235134125,0.5924301285644414,0.1341012950247264,0.9996856451034546
26,1,8,0.42783746123313904,0.13194356858730316,0.41876753597774846,0.13300521523773123,0.9986526370048523
26,1,9,0.5252944827079773,0.18065378069877625,0.5003121386897338,0.18243887104517817,0.9996535181999207
26,1,10,0.4513334333896637,0.18223655223846436,0.4315543448502456,0.18379437136525612,0.9991317987442017
26,1,11,0.7477735280990601,0.3021749258041382,0.740273701570359,0.3021790731943517,0.9994670152664185
26,1,12,0.3916650414466858,0.3275972008705139,0.3686069842933137,0.3232478500274373,0.994019627571106
26,1,13,0.6502927541732788,0.5272722840309143,0.6454320409104186,0.5280997652153722,0.9500289559364319
26,1,14,0.2785041034221649,0.5046606063842773,0.2194095379741735,0.49087467985334116,0.214974045753479
26,1,15,0.29823994636535645,0.42691531777381897,0.2865487983987072,0.4318963555546687,0.932022750377655
26,1,16,0.2747703790664673,0.42291101813316345,0.22723397153691544,0.40117596744117523,0.344240665435791
26,1,17,0.21151499450206757,0.42742955684661865,0.196750079076282,0.43122137037471925,0.9071211218833923
26,1,18,0.24857233464717865,0.4073321521282196,0.21055912099094623,0.3837409671146536,0.3455300033092499
26,1,19,0.2126244306564331,0.39983442425727844,0.20073664465193106,0.40070349771128894,0.9086413383483887
26,1,20,0.2717796266078949,0.3859051465988159,0.2331098539766764,0.3676768329541563,0.3218327462673187
26,1,21,0.24389860033988953,0.39923030138015747,0.2327874259888677,0.4008854509770294,0.8822606205940247
26,1,22,0.31017518043518066,0.394107848405838,0.27439773863078465,0.3827345854463625,0.34025895595550537
26,1,23,0.7691881656646729,0.744307816028595,0.7593600182217095,0.7421144032134381,0.9867205023765564
26,1,24,0.5279797911643982,0.7448117136955261,0.5045458884237015,0.7440672564436758,0.9697635173797607
26,1,25,0.7926079630851746,0.8421936631202698,0.7763850184391181,0.8229295071084322,0.9180164337158203
26,1,26,0.3125595450401306,0.8373978137969971,0.26568226531242983,0.792628168511493,0.6083531975746155
26,1,27,0.7307206392288208,1.2645642757415771,0.7804140181119209,1.2291540123814668,0.6730397939682007
26,1,28,0.4596039056777954,1.2034679651260376,0.4463797994747085,1.1185591361092733,0.11417973041534424
26,1,29,0.7481640577316284,1.3183554410934448,0.7995060539496622,1.2783486072529138,0.5781644582748413
26,1,30,0.5326443910598755,1.2542427778244019,0.5191650937788658,1.1602869779380083,0.2123294621706009
26,1,31,0.6492892503738403,1.4160062074661255,0.7182377660552891,1.3799675467199726,0.44894105195999146
26,1,32,0.30719631910324097,1.3337152004241943,0.3335868255445915,1.2444014060901947,0.07517993450164795
27,1,0,0.4824311137199402,0.14361850917339325,0.4573156960734317,0.14628979596901814,0.9991942048072815
27,1,1,0.5215077996253967,0.11466529220342636,0.49973547663126267,0.11696565836158532,0.999418318271637
27,1,2,0.5443167686462402,0.11454445123672485,0.5239733315686798,0.1165917761611303,0.9995294213294983
27,1,3,0.5640869140625,0.11507391929626465,0.5464226303318837,0.11670797038700527,0.9995449185371399
27,1,4,0.458017498254776,0.11607691645622253,0.4381774074177672,0.11829031004355664,0.999215841293335
27,1,5,0.44011425971984863,0.11656643450260162,0.4221578471783639,0.11849621155896632,0.9989296793937683
27,1,6,0.4241955578327179,0.11695968359708786,0.4081079713834808,0.11856363774066284,0.9987367987632751
27,1,7,0.6133750677108765,0.13371168076992035,0.5960594631398544,0.13403382445324924,0.9997096657752991
27,1,8,0.42982804775238037,0.1320277601480484,0.42068352966698813,0.13283594366116833,0.9987430572509766
27,1,9,0.5333430171012878,0.18021972477436066,0.5060378013789745,0.18205455424379693,0.9996791481971741
27,1,10,0.45744603872299194,0.18200623989105225,0.4360415189167488,0.18348470270075984,0.9991986751556396
27,1,11,0.7533219456672668,0.3021802604198456,0.7425341619751231,0.30217927878705086,0.9994896054267883
27,1,12,0.3913954794406891,0.33025380969047546,0.37255598877752727,0.324461332683863,0.9941275715827942
27,1,13,0.6661638617515564,0.5243914127349854,0.6490244231277645,0.5274575155458245,0.9504115581512451
27,1,14,0.28474387526512146,0.516007125377655,0.23074576614035977,0.4952301720440322,0.20508171617984772
27,1,15,0.3108960688114166,0.42522430419921875,0.2907681192210999,0.4307407198428883,0.9330177903175354
27,1,16,0.2659081816673279,0.4267984926700592,0.23393900407178742,0.4056164568003969,0.3310447335243225
27,1,17,0.21874305605888367,0.4270192086696625,0.2005611372835146,0.43049358707230867,0.9088455438613892
27,1,18,0.2425207942724228,0.4182591140270233,0.21609926600387352,0.3897247031262522,0.33719921112060547
27,1,19,0.21551084518432617,0.398946613073349,0.20329624028447607,0.4003992406649543,0.910323441028595
27,1,20,0.2663109302520752,0.39184507727622986,0.23886504895590105,0.37186510644962933,0.3148907721042633
27,1,21,0.2485228031873703,0.3969128429889679,0.235513621842283,0.4001974294267839,0.8847941756248474
27,1,22,0.30331090092658997,0.3987199664115906,0.27940900653738704,0.38550411597237916,0.333033949136734
27,1,23,0.7780365347862244,0.7462769746780396,0.762596060216577,0.7428353289661218,0.9866024255752563
27,1,24,0.5255762338638306,0.7450334429740906,0.5081900316255836,0.7442345765320301,0.9681515097618103
27,1,25,0.7900590300559998,0.7073773741722107,0.7787539307872327,0.8028497714487937,0.9178299903869629
27,1,26,0.3269970417022705,0.6539533734321594,0.276319764030261,0.7685136905725939,0.6180764436721802
27,1,27,0.6342453956604004,1.1100072860717773,0.754990666847618,1.2084474133880787,0.6711291074752808
27,1,28,0.4216301441192627,1.0221399068832397,0.4420906935659711,1.101813800150322,0.12473735213279724
27,1,29,0.6451427340507507,1.1633377075195312,0.7726507844630409,1.258363252071418,0.58154296875
27,1,30,0.4825179874897003,1.076423168182373,0.5128118950793098,1.1457276535555139,0.22916656732559204
27,1,31,0.45742130279541016,1.2409536838531494,0.6727181046762546,1.3557938466598465,0.4556078612804413
27,1,32,0.2680289149284363,1.1563154458999634,0.3222117370190587,1.2291071469423476,0.08627241104841232
28,1,0,0.4851507246494293,0.14304091036319733,0.4621399435256375,0.14572712914588273,0.9992551207542419
28,1,1,0.5248064994812012,0.11425618827342987,0.5040803175933186,0.11649641924875882,0.9994650483131409
28,1,2,0.5475753545761108,0.11422986537218094,0.5280634123041528,0.11618273332052007,0.9995679259300232
28,1,3,0.5670666098594666,0.11490495502948761,0.5499997827751206,0.1163957239915869,0.9995825886726379
28,1,4,0.46145763993263245,0.11564598232507706,0.4422116845794163,0.11783235349778588,0.9992793798446655
28,1,5,0.4433341920375824,0.11619918793439865,0.4258273053790605,0.11809840684940834,0.9990177154541016
28,1,6,0.42719417810440063,0.11668728291988373,0.41141504054399064,0.11823868969237576,0.9988359212875366
28,1,7,0.6145216226577759,0.1338500827550888,0.5992583437284319,0.13400200559529094,0.9997348785400391
28,1,8,0.4318249523639679,0.13200347125530243,0.42261354415548363,0.13269178020676545,0.9988412857055664
28,1,9,0.5351077914237976,0.17986027896404266,0.5110762741200525,0.18167454494162416,0.9997062087059021
28,1,10,0.45985397696495056,0.18158112466335297,0.440168092480058,0.18315503985275874,0.9992655515670776
28,1,11,0.7564519643783569,0.3023211658000946,0.744945326545348,0.30220384956789864,0.9995262026786804
28,1,12,0.3903912901878357,0.3307605981826782,0.37564619760740553,0.32555238765109307,0.9943135380744934
28,1,13,0.6770642399787903,0.5249805450439453,0.6538841920694,0.5270285448354909,0.9514465928077698
28,1,14,0.2851959764957428,0.5268018245697021,0.24019039856366445,0.5007026475915466,0.19488270580768585
28,1,15,0.3137910068035126,0.42287710309028625,0.29475776942220366,0.42937864970488493,0.9362372159957886
28,1,16,0.2628265917301178,0.430549681186676,0.23894583743148012,0.4099373984044492,0.3222876787185669
28,1,17,0.2207133024930954,0.4255703389644623,0.20405301708933848,0.42964089845471576,0.9131995439529419
28,1,18,0.23905065655708313,0.42330509424209595,0.2200765184815681,0.3955457157880404,0.3332797586917877
28,1,19,0.21558836102485657,0.39769458770751953,0.2054256626080347,0.39993083588003175,0.914691150188446
28,1,20,0.26225221157073975,0.3962397277355194,0.24291787030191556,0.37608917088152477,0.3119276165962219
28,1,21,0.24947024881839752,0.39479267597198486,0.2379315153322051,0.3992613322889622,0.8904764652252197
28,1,22,0.2987121641635895,0.4027881622314453,0.28275369010779583,0.38849876233710273,0.3308882713317871
28,1,23,0.7791107296943665,0.7489122748374939,0.7654573376440695,0.7438878703863163,0.9870433211326599
28,1,24,0.5240435004234314,0.7487643361091614,0.51093669730146,0.7450191051368741,0.9680635333061218
28,1,25,0.7882533073425293,0.7080264091491699,0.7803994147832715,0.7863823066044184,0.9185571670532227
28,1,26,0.33967041969299316,0.6652844548225403,0.28731114366115834,0.7505818941206325,0.6342599987983704
28,1,27,0.6028474569320679,1.1167594194412231,0.7285233479359187,1.1925259463619597,0.665084183216095
28,1,28,0.4046294093132019,1.0358835458755493,0.4355961883422646,1.0903739863775672,0.13541863858699799
28,1,29,0.6071560382843018,1.170387625694275,0.7438492725669514,1.2430881338842248,0.5816216468811035
28,1,30,0.4586866497993469,1.0859893560409546,0.503423734742652,1.135364163254608,0.24233347177505493
28,1,31,0.4319870173931122,1.2510249614715576,0.630728591965394,1.337593751028773,0.45478352904319763
28,1,32,0.25450021028518677,1.1775481700897217,0.31046220508935407,1.2201648077558045,0.09422338008880615
29,1,0,0.4895954132080078,0.14332431554794312,0.46689835346545433,0.14531100212021938,0.9993119835853577
29,1,1,0.5285679697990417,0.11424200236797333,0.5083239854574148,0.11610599378922128,0.9995068311691284
29,1,2,0.5515545606613159,0.11431781202554703,0.5321342657403916,0.11585976544678629,0.999601423740387
29,1,3,0.5716038942337036,0.11518767476081848,0.553743413259261,0.11618651763712061,0.9996156692504883
29,1,4,0.46541208028793335,0.11568481475114822,0.4462321171997187,0.1174604386514848,0.9993367791175842
29,1,5,0.4476257860660553,0.11637544631958008,0.42960463864435855,0.11780002507573252,0.9990954995155334
29,1,6,0.43167948722839355,0.11708882451057434,0.41492638788763225,0.11803955982585652,0.998927116394043
29,1,7,0.6225770115852356,0.13509264588356018,0.6032992859291828,0.1341908787519773,0.999755859375
29,1,8,0.43696877360343933,0.132656991481781,0.4251005225332969,0.13268575581191086,0.998929500579834
29,1,9,0.5410863757133484,0.1805316060781479,0.5162778361376571,0.18147661459305547,0.9997292160987854
29,1,10,0.46516919136047363,0.18248914182186127,0.44450080613213316,0.18303972350215805,0.9993240833282471
29,1,11,0.7688139081001282,0.30522069334983826,0.7490816323841273,0.30272632596367416,0.999555230140686
29,1,12,0.40131375193595886,0.3317715525627136,0.3800944974420624,0.3266295663240642,0.9946568012237549
29,1,13,0.6764630675315857,0.5247063040733337,0.6577968471734023,0.5266263726516419,0.9534369111061096
29,1,14,0.2765875458717346,0.5263180136680603,0.2465002279165709,0.5051418960789555,0.19583547115325928
29,1,15,0.3233978748321533,0.4168562889099121,0.2997216684066914,0.4272093270147672,0.9394673109054565
29,1,16,0.25359299778938293,0.42964792251586914,0.24148341600164677,0.41335270752559444,0.3299674689769745
29,1,17,0.22552567720413208,0.41857823729515076,0.20777385426771763,0.4277245322658192,0.9173921942710876
29,1,18,0.21992693841457367,0.4197979271411896,0.22005061548587923,0.39974855261627024,0.34191012382507324
29,1,19,0.2264374941587448,0.38813021779060364,0.20906659557350535,0.3978865893234604,0.9188235998153687
29,1,20,0.24731530249118805,0.3933154344558716,0.24367947785971472,0.3790738009526284,0.32072994112968445
29,1,21,0.2621852457523346,0.3867822289466858,0.2421346141774192,0.39709950617622614,0.8957670331001282
29,1,22,0.2892923653125763,0.40164223313331604,0.28388622041688993,0.3907757263523067,0.3408532440662384
29,1,23,0.7817075252532959,0.7492241859436035,0.768272769512276,0.744812112301893,0.9874526262283325
29,1,24,0.5293780565261841,0.7496388554573059,0.5141319719791619,0.7458192217864846,0.9690456986427307
29,1,25,0.7822268009185791,0.7206581234931946,0.7807158819925528,0.7749782778569835,0.921064555644989
29,1,26,0.35224124789237976,0.6963356733322144,0.2985770970900954,0.7411726762039595,0.6449527740478516
29,1,27,0.6375576853752136,1.192352056503296,0.7127275624646494,1.1924958334652074,0.6716386675834656
29,1,28,0.4071670174598694,1.0965948104858398,0.4306688782842681,1.0914514517264027,0.14227528870105743
29,1,29,0.644416332244873,1.252476692199707,0.7265787744075825,1.2447144109291421,0.5912939310073853
29,1,30,0.46454814076423645,1.1579540967941284,0.49668374737052406,1.1392787355540164,0.2540544867515564
29,1,31,0.512709379196167,1.3422476053237915,0.6102182021909475,1.338399770922987,0.46036815643310547
29,1,32,0.2517903447151184,1.2450296878814697,0.30028402090452155,1.2244738952035865,0.09880514442920685
30,1,0,0.4949604868888855,0.14693118631839752,0.47176199536807545,0.14559158424925572,0.9993639588356018
30,1,1,0.5324819087982178,0.11638247221708298,0.5125104705227898,0.11615387215522441,0.9995346665382385
30,1,2,0.5550796985626221,0.11635621637105942,0.5361104853733863,0.11594573749340845,0.9996259808540344
30,1,3,0.5753638744354248,0.11704397946596146,0.5574898788149951,0.11633500874671236,0.9996358752250671
30,1,4,0.47078388929367065,0.11844895780086517,0.4504869047942146,0.11763162631083889,0.9993873238563538
30,1,5,0.4533233642578125,0.11936361342668533,0.4337149573416094,0.11807080552395915,0.9991664290428162
30,1,6,0.4375625252723694,0.12027682363986969,0.4188489725087504,0.11842701447083369,0.9990082383155823
30,1,7,0.6275568604469299,0.13758599758148193,0.6075030520600613,0.13477887394011914,0.9997678995132446
30,1,8,0.44416308403015137,0.13555128872394562,0.428403492069938,0.13318202496216394,0.9990188479423523
30,1,9,0.5462208390235901,0.1842142641544342,0.5214677579596771,0.18195073435878417,0.9997151494026184
30,1,10,0.47352808713912964,0.18616779148578644,0.4495318694521297,0.18358146423146515,0.999338686466217
30,1,11,0.778491735458374,0.311764121055603,0.7541791048932375,0.3042918327289927,0.9992110729217529
30,1,12,0.4226665198802948,0.3333575129508972,0.38747616187149314,0.32779488539479823,0.9947903156280518
30,1,13,0.672724723815918,0.5283302664756775,0.6603830791927919,0.5269214522876435,0.954103410243988
30,1,14,0.22174492478370667,0.5045464634895325,0.24221015190176923,0.5050387827753264,0.23452986776828766
30,1,15,0.3550682067871094,0.4125272333621979,0.30932201580059515,0.4246656958779517,0.9403669834136963
30,1,16,0.28394293785095215,0.41264989972114563,0.24884555230786906,0.41323099925151796,0.36373504996299744
30,1,17,0.25542083382606506,0.4098961353302002,0.21603673535447745,0.42463552102641056,0.9171462059020996
30,1,18,0.2946150302886963,0.39767786860466003,0.2329919287369089,0.3993899486125359,0.36158493161201477
30,1,19,0.2667379677295685,0.3837149143218994,0.21907090222717165,0.395431424467453,0.9187668561935425
30,1,20,0.3304547071456909,0.3733741343021393,0.2587455995824398,0.378086616652008,0.33881717920303345
30,1,21,0.3053065240383148,0.385183721780777,0.25309491223551284,0.39503530190729474,0.8957130908966064
30,1,22,0.3509538471698761,0.3840399980545044,0.295523786189457,0.3896090593601375,0.3587656319141388
30,1,23,0.7778811454772949,0.7592282295227051,0.7699371398056976,0.7473096438318063,0.9760540127754211
30,1,24,0.5393556952476501,0.7532028555870056,0.5185032955672285,0.7470981348795243,0.9678012728691101
30,1,25,0.7856853604316711,0.9639022946357727,0.7815765788474398,0.8078798922313205,0.9137200713157654
30,1,26,0.3436698615550995,0.8983628749847412,0.3063964433192098,0.7685218289245412,0.6577795743942261
30,1,27,0.7189931273460388,1.2836885452270508,0.7138127701628085,1.2083309712643762,0.6304341554641724
30,1,28,0.4481011629104614,1.2510944604873657,0.4336892200583652,1.119229501754649,0.14276936650276184
30,1,29,0.7493326663970947,1.3373595476150513,0.7305217383023693,1.2608024588701425,0.5613400936126709
30,1,30,0.5165175795555115,1.3122313022613525,0.5001204313408643,1.1693846456323587,0.2468857616186142
30,1,31,0.5934430956840515,1.3934048414230347,0.6073117209300339,1.3479407463275912,0.4241352677345276
30,1,32,0.25701427459716797,1.354443073272705,0.2927812065060016,1.2470686352548237,0.09351543337106705
31,1,0,0.4974173903465271,0.14777898788452148,0.4762081875993838,0.14597040342168308,0.9992908239364624
31,1,1,0.5350090861320496,0.11726746708154678,0.5164092090064498,0.11634672064594094,0.9994530081748962
31,1,2,0.5575589537620544,0.11731941252946854,0.5398271286044789,0.11618362761210592,0.9995664954185486
31,1,3,0.577731192111969,0.11811588704586029,0.5609972157901426,0.11664342123596386,0.9995797872543335
31,1,4,0.47283267974853516,0.11923354119062424,0.4543591397393541,0.11790904442342033,0.9993212819099426
31,1,5,0.4550951421260834,0.12015994638204575,0.437419760265515,0.11843260627361946,0.9990630745887756
31,1,6,0.43904197216033936,0.1211358904838562,0.4223479325525541,0.1188961506858042,0.998852014541626
31,1,7,0.6316891312599182,0.1385575532913208,0.6116944194691625,0.1354333049079569,0.9997473955154419
31,1,8,0.4462703764438629,0.13642063736915588,0.431499175601649,0.13374291241542277,0.9989392757415771
31,1,9,0.548380434513092,0.18506574630737305,0.5261320190339075,0.18249021374106675,0.9995990991592407
31,1,10,0.47528523206710815,0.18704266846179962,0.45399505249449124,0.184180905835006,0.9990484118461609
31,1,11,0.7801791429519653,0.3128525912761688,0.7586850707619713,0.3057746870426496,0.998979389667511
31,1,12,0.42556437849998474,0.3346962332725525,0.3940794812573526,0.32899024479415573,0.9939686059951782
31,1,13,0.7012516260147095,0.5279725193977356,0.6674690112210516,0.5271034720875267,0.9570251703262329
31,1,14,0.22466173768043518,0.48961877822875977,0.23916968155123577,0.5023672522136498,0.2570748031139374
31,1,15,0.3789554536342621,0.4059954881668091,0.32140573365868147,0.4214307475640994,0.9449516534805298
31,1,16,0.2797359228134155,0.39853864908218384,0.254199832528018,0.4106855910401486,0.40141862630844116
31,1,17,0.2699891924858093,0.40357330441474915,0.22539487787448326,0.4209858519930112,0.922673225402832
31,1,18,0.2827867269515991,0.3828733563423157,0.24162784595733783,0.3965283392136277,0.39075222611427307
31,1,19,0.2763691544532776,0.37782153487205505,0.22901037705688254,0.39238029253101975,0.9240849018096924
31,1,20,0.31107085943222046,0.3609544634819031,0.2678210678296603,0.3751183017654513,0.3677584230899811
31,1,21,0.32025840878486633,0.37753763794898987,0.2647491504907489,0.39200362468927646,0.9026153683662415
31,1,22,0.3382646441459656,0.3706747889518738,0.3029347686951691,0.38632833195710736,0.3896206021308899
31,1,23,0.7574803829193115,0.7666720747947693,0.7677791866278627,0.7506646020270917,0.9774312973022461
31,1,24,0.5183169841766357,0.7620677351951599,0.5184710317179396,0.7496915981634046,0.9703903794288635
31,1,25,0.7960318326950073,1.0344184637069702,0.7840808937547036,0.8473766769884821,0.8820656538009644
31,1,26,0.3717389702796936,1.0381901264190674,0.31773410021364135,0.8155985087126802,0.6304773092269897
31,1,27,0.7738282084465027,1.3130615949630737,0.7242243625720179,1.2265243030186732,0.569908082485199
31,1,28,0.5089700818061829,1.3126819133758545,0.4467551507599063,1.1529245401294226,0.1296728104352951
31,1,29,0.8138642907142639,1.3609436750411987,0.7449902584032898,1.2781961540370663,0.5094457268714905
31,1,30,0.5680547952651978,1.3581327199935913,0.5119086862615175,1.2022557249994268,0.22351312637329102
31,1,31,0.6396178007125854,1.415631890296936,0.6129115273049134,1.3596866831193861,0.3828144371509552
31,1,32,0.36543089151382446,1.4043190479278564,0.3053894497033002,1.2744285028878533,0.08459236472845078
32,1,0,0.4533654749393463,0.14786194264888763,0.47224978421163816,0.1462979812589567,0.9991703033447266
32,1,1,0.4847666621208191,0.11725859344005585,0.5109244363788111,0.11650463464279068,0.9993253946304321
32,1,2,0.508075475692749,0.11724994331598282,0.534323425767589,0.11636828818959731,0.9994414448738098
32,1,3,0.5330294966697693,0.11785648763179779,0.556149955196555,0.11685349647823161,0.9994809031486511
32,1,4,0.4312615394592285,0.11928511410951614,0.4503565356623719,0.11814734925984768,0.9991976022720337
32,1,5,0.4157474935054779,0.12029236555099487,0.43366431411665857,0.11875468013411046,0.9988887906074524
32,1,6,0.4011574387550354,0.12138689309358597,0.4186760226691319,0.11932750664258858,0.9986788630485535
32,1,7,0.5941970348358154,0.13760840892791748,0.6086627918222436,0.13580999387135373,0.9996793866157532
32,1,8,0.41581618785858154,0.1368071585893631,0.4287820611274699,0.13427359902125632,0.998694896697998
32,1,9,0.5026798248291016,0.18465293943881989,0.5220679247278772,0.1828647588603915,0.9994471669197083
32,1,10,0.4392421245574951,0.18698850274085999,0.4514391452958196,0.18466714045515384,0.998762309551239
32,1,11,0.7734273076057434,0.3129628300666809,0.7612391269135049,0.307019731996331,0.9986453652381897
32,1,12,0.3319854736328125,0.3401370048522949,0.38330655601949143,0.3309211842318611,0.993677020072937
32,1,13,0.7013741731643677,0.5226066708564758,0.6733463796766137,0.5263246524941315,0.960087776184082
32,1,14,0.17684198915958405,0.49843543767929077,0.2283561430248974,0.5016862966892318,0.32455867528915405
32,1,15,0.3722398579120636,0.4048038125038147,0.3302221785675626,0.4185500096129183,0.949504554271698
32,1,16,0.2784487009048462,0.3955492079257965,0.25840209161185673,0.40806322020009334,0.4543456733226776
32,1,17,0.2646498680114746,0.3983677625656128,0.2322007206163517,0.4170663973023696,0.9272216558456421
32,1,18,0.31010228395462036,0.3767510652542114,0.2535100326098133,0.3931014589638142,0.4349355697631836
32,1,19,0.27196046710014343,0.37066537141799927,0.23645768564785596,0.38861744874720167,0.9281631708145142
32,1,20,0.35664650797843933,0.3553241193294525,0.28324411880214484,0.37168848942470906,0.41175997257232666
32,1,21,0.3269217908382416,0.37485945224761963,0.2755357650656378,0.38903322548590347,0.9092371463775635
32,1,22,0.36201348900794983,0.36359480023384094,0.3131836522923559,0.38238885938056666,0.4347798824310303
32,1,23,0.7142632603645325,0.7868198156356812,0.7584968884723916,0.7569324320782918,0.9789165258407593
32,1,24,0.43032652139663696,0.7945939302444458,0.5031665541874907,0.7574778632769467,0.9727449417114258
32,1,25,0.7725570797920227,1.092940092086792,0.7820846154235612,0.890215000670578,0.7970279455184937
32,1,26,0.3800027668476105,1.1002453565597534,0.32853741585049173,0.8653127109823298,0.5712686777114868
32,1,27,0.7757013440132141,1.374481201171875,0.733152415882119,1.2522600060287201,0.5129520297050476
32,1,28,0.5076012015342712,1.3841267824172974,0.4573111810302432,1.1932402794752068,0.11677274852991104
32,1,29,0.8105459213256836,1.421248435974121,0.7563648830683989,1.3030751006105414,0.4585811495780945
32,1,30,0.5159175395965576,1.4295207262039185,0.512602986066997,1.241880296148214,0.20124684274196625
32,1,31,0.661990225315094,1.4678057432174683,0.6214229422727143,1.3784705310699736,0.34456348419189453
32,1,32,0.4196203351020813,1.4783451557159424,0.32523877373794496,1.3099573477223,0.07619520276784897
33,1,0,0.44151365756988525,0.14794208109378815,0.4669222708866914,0.14658270528395853,0.9990184903144836
33,1,1,0.47366929054260254,0.1172933354973793,0.5044657120292051,0.1166412177757963,0.9990898966789246
33,1,2,0.4980364143848419,0.11724527925252914,0.5280327242851354,0.11652016136731456,0.9992170929908752
33,1,3,0.5230202674865723,0.1178477331995964,0.5504071503429421,0.11702567431345616,0.9992597699165344
33,1,4,0.4155483841896057,0.11934547126293182,0.4443224769690811,0.11835483638315135,0.9990111589431763
33,1,5,0.397886723279953,0.12036284804344177,0.42746202054128135,0.11903318119376702,0.9986867308616638
33,1,6,0.38000762462615967,0.12147071957588196,0.41197200558193053,0.11969867228545297,0.9984780550003052
33,1,7,0.5732819437980652,0.1364564150571823,0.6025293496805336,0.13592193726933213,0.9994508624076843
33,1,8,0.37959301471710205,0.13653439283370972,0.4202513645005777,0.13466512892686927,0.9984084367752075
33,1,9,0.488558828830719,0.18456512689590454,0.5162592874518086,0.1831592278709248,0.999242901802063
33,1,10,0.42374610900878906,0.18696151673793793,0.44663953132538853,0.18506448665740435,0.9985721707344055
33,1,11,0.7421644926071167,0.30952736735343933,0.7579340655043509,0.3074540137684947,0.9984011650085449
33,1,12,0.2703263759613037,0.33777111768722534,0.36367527889143575,0.3321076364975948,0.993981659412384
33,1,13,0.7482950091362,0.5281543731689453,0.6863545303261772,0.5266415239708566,0.9631794095039368
33,1,14,0.18680448830127716,0.5339969396591187,0.22115162796436946,0.5072869896306267,0.38968831300735474
33,1,15,0.42894789576530457,0.39257511496543884,0.34736932769234513,0.41404840529436526,0.9538651704788208
33,1,16,0.2779483199119568,0.3976389169692993,0.2617889179989337,0.406257470471086,0.5066765546798706
33,1,17,0.33318081498146057,0.3710574209690094,0.24974059501017404,0.4090879692825643,0.9325015544891357
33,1,18,0.3048032224178314,0.3772400915622711,0.2624062222673728,0.39035342514297255,0.48576444387435913
33,1,19,0.33176013827323914,0.3390602767467499,0.2530085632502867,0.38002281251378045,0.933036744594574
33,1,20,0.3510968089103699,0.35295918583869934,0.29501821135034434,0.3684432962095261,0.464138925075531
33,1,21,0.38286662101745605,0.3482389748096466,0.29418230160963316,0.38196019188804575,0.9162299036979675
33,1,22,0.35984495282173157,0.362169086933136,0.32127536921048566,0.3788852580974254,0.48593559861183167
33,1,23,0.7087150812149048,0.775481104850769,0.7498632338323515,0.7601463113098157,0.9804766178131104
33,1,24,0.3813531994819641,0.7897650003433228,0.48199482214011063,0.7630744790670534,0.9749013185501099
33,1,25,0.7547739148139954,1.0581092834472656,0.7773513190698624,0.9194365119644595,0.7234936952590942
33,1,26,0.4027491807937622,1.067155361175537,0.3414174157123689,0.9004785891372331,0.5185937881469727
33,1,27,0.7767032980918884,1.3464328050613403,0.7407039976851606,1.2686141942419726,0.46171531081199646
33,1,28,0.5010422468185425,1.3504672050476074,0.46489408409530664,1.2205963940108164,0.1051720678806305
33,1,29,0.7984844446182251,1.390733242034912,0.7636679634267246,1.318294971122362,0.4128376245498657
33,1,30,0.4716441035270691,1.3938415050506592,0.5055013747598116,1.2683160734538903,0.18124856054782867
33,1,31,0.6919899582862854,1.4474363327026367,0.6336688666593436,1.39043814743852,0.3101471960544586
33,1,32,0.4721313416957855,1.4455844163894653,0.3507885494265648,1.333539953488351,0.06865477561950684
34,1,0,0.4252074956893921,0.1480737179517746,0.4596894360083671,0.14684091659543572,0.9988802075386047
34,1,1,0.46105512976646423,0.11736616492271423,0.496938460204744,0.11676676013102183,0.9988870024681091
34,1,2,0.4874646067619324,0.1173122376203537,0.5209989464471276,0.11665732904845333,0.9990013241767883
34,1,3,0.5134665369987488,0.11792493611574173,0.5440030136230343,0.11718140433731934,0.999059796333313
34,1,4,0.4000588357448578,0.11935713142156601,0.4366471113415565,0.11852840976663725,0.9988698959350586
34,1,5,0.38204851746559143,0.12036214023828506,0.41958699549711503,0.11926332718362335,0.9985259175300598
34,1,6,0.36426758766174316,0.12146048247814178,0.4036991503259595,0.12000378238649777,0.9983511567115784
34,1,7,0.5628873109817505,0.13645170629024506,0.5956563286300339,0.13601367921345922,0.999217689037323
34,1,8,0.36434516310691833,0.13631395995616913,0.4105537756335024,0.13495067233917193,0.9981988668441772
34,1,9,0.47276389598846436,0.18451569974422455,0.5087173124089351,0.18339413866209114,0.9990618228912354
34,1,10,0.4056099057197571,0.1869502067565918,0.4395256393481368,0.18539105667991537,0.9984441995620728
34,1,11,0.7272642254829407,0.30916136503219604,0.7526180513700859,0.3077496922001783,0.998013436794281
34,1,12,0.23812896013259888,0.33636149764060974,0.34185228168225607,0.33284437494393476,0.9942923188209534
34,1,13,0.7616007924079895,0.5310348272323608,0.699414465034024,0.527402415953242,0.9657434225082397
34,1,14,0.1832340657711029,0.5445560812950134,0.21457793211872747,0.5137481375657761,0.44897663593292236
34,1,15,0.4465702772140503,0.3855113387107849,0.3645992842074786,0.4091023802866881,0.9577146172523499
34,1,16,0.27558356523513794,0.3986961543560028,0.264178739561502,0.4049477742975104,0.554566502571106
34,1,17,0.35170266032218933,0.3604711592197418,0.2674515799737063,0.4006566538766351,0.9369673728942871
34,1,18,0.30096760392189026,0.3739584684371948,0.2690916779580783,0.38751289949662415,0.5329512357711792
34,1,19,0.38688454031944275,0.31214240193367004,0.276285262232949,0.3682439249287188,0.9370884299278259
34,1,20,0.35210803151130676,0.3465832471847534,0.3049214898430854,0.36465528779663287,0.5128893852233887
34,1,21,0.39437437057495117,0.3380083441734314,0.3115849269162155,0.3743389602530058,0.9222511053085327
34,1,22,0.3455885648727417,0.36140409111976624,0.3254887870475788,0.37585644046997585,0.5332534313201904
34,1,23,0.703870952129364,0.7749542593955994,0.7418877006928922,0.7627117567571655,0.9818102717399597
34,1,24,0.3624662160873413,0.7837762832641602,0.4612215656168335,0.7666616583187994,0.9768726229667664
34,1,25,0.7424436211585999,1.059874415397644,0.7712999840819929,0.94385931441794,0.6573835015296936
34,1,26,0.40089404582977295,1.0721527338027954,0.3517354690584077,0.9303615541466512,0.47079184651374817
34,1,27,0.769577145576477,1.3463934659957886,0.7457083070819955,1.2821148352988507,0.41560813784599304
34,1,28,0.4755624830722809,1.3531875610351562,0.4667421331506385,1.2436491508909968,0.09472325444221497
34,1,29,0.7831217050552368,1.39044988155365,0.7670387418799175,1.3308172410181693,0.37169742584228516
34,1,30,0.4471960663795471,1.3977025747299194,0.4953869064205904,1.2908095019934334,0.1632273942232132
34,1,31,0.6986770033836365,1.4496574401855469,0.64494827490995,1.4007114589514642,0.27917903661727905
34,1,32,0.470298707485199,1.4476873874664307,0.3715586162405889,1.3533749876929035,0.06185920909047127
35,1,0,0.4130508005619049,0.14867493510246277,0.45160166613632197,0.1471585324134667,0.9988990426063538
35,1,1,0.45174676179885864,0.11737090349197388,0.4891019475850513,0.11687138197180126,0.9988888502120972
35,1,2,0.4794715940952301,0.11729832738637924,0.5137986455594475,0.11676833333110048,0.9989868998527527
35,1,3,0.5055689215660095,0.11786558479070663,0.5373396628018913,0.11729988679600602,0.9990429282188416
35,1,4,0.38850516080856323,0.1195061206817627,0.42829826830694123,0.11869772564644658,0.9988861083984375
35,1,5,0.3693932592868805,0.1205318346619606,0.41088179263321795,0.11948300391478485,0.998554527759552
35,1,6,0.35133349895477295,0.1216440498828888,0.3946166751377613,0.12028784269843504,0.9984062910079956
35,1,7,0.5566983222961426,0.13601051270961761,0.5889020401529245,0.13601313086765945,0.999182403087616
35,1,8,0.35040828585624695,0.13635371625423431,0.40011950110080413,0.13519364871416165,0.9982536435127258
35,1,9,0.4616529643535614,0.18452335894107819,0.5005556138504521,0.18358969318994453,0.9990670084953308
35,1,10,0.39149001240730286,0.18717610836029053,0.4311952631258198,0.18570019195583667,0.9985142350196838
35,1,11,0.7316537499427795,0.30857303738594055,0.7489853601020148,0.30789227501083716,0.9978688955307007
35,1,12,0.22957666218280792,0.3348850905895233,0.3223437596677012,0.33319778883866225,0.9947205185890198
35,1,13,0.8320476412773132,0.5323403477668762,0.7224742155212809,0.5282576481174951,0.9683313369750977
35,1,14,0.1829271912574768,0.5584287047386169,0.20909173429217257,0.5214958990252453,0.5022454261779785
35,1,15,0.528942883014679,0.3565357029438019,0.3931993812032652,0.39998498478586486,0.9613438248634338
35,1,16,0.23811785876750946,0.40222761034965515,0.25966222522782356,0.4044766830372436,0.5977626442909241
35,1,17,0.4469231963157654,0.31299248337745667,0.298698448394196,0.38543578130833256,0.9412792325019836
35,1,18,0.2619328796863556,0.3745727837085724,0.2678517191162475,0.3852711785943446,0.5757754445075989
35,1,19,0.475876122713089,0.2739851474761963,0.31105588647394794,0.3518748111418779,0.9410427212715149
35,1,20,0.25982609391212463,0.3486884832382202,0.2971017245093602,0.3618889771544021,0.5571864247322083
35,1,21,0.48871394991874695,0.298073947429657,0.3424218015576355,0.36110181427301224,0.9277951121330261
35,1,22,0.26966309547424316,0.3628387153148651,0.3158052037030224,0.3736012690171522,0.5759693384170532
35,1,23,0.6895173192024231,0.7688170671463013,0.7328043995952092,0.7637692121305538,0.982830822467804
35,1,24,0.3441145122051239,0.7823367714881897,0.440870598632607,0.7693774094601767,0.978516161441803
35,1,25,0.7172364592552185,1.0587738752365112,0.7619225483737513,0.9638282376224722,0.6008666753768921
35,1,26,0.4056829810142517,1.0620322227478027,0.36109277500486636,0.95325383010672,0.4318031668663025
35,1,27,0.7442517280578613,1.341614007949829,0.7454560586276772,1.2924368265681858,0.3741619884967804
35,1,28,0.4370657801628113,1.3441671133041382,0.4615984779235753,1.2611087852758376,0.08541065454483032
35,1,29,0.7519239187240601,1.3844270706176758,0.7644201011550672,1.3401158951593297,0.3347187936306
35,1,30,0.419599324464798,1.3880521059036255,0.48223281446271293,1.307698559792093,0.14711947739124298
35,1,31,0.703411340713501,1.445959210395813,0.6550900937095891,1.4085577129587685,0.2513463497161865
35,1,32,0.45720598101615906,1.4402071237564087,0.38642849542588803,1.368451194056309,0.055812057107686996
36,1,0,0.4133590757846832,0.1501794010400772,0.44497155288732865,0.14768170592269336,0.9989460110664368
36,1,1,0.44781407713890076,0.11807641386985779,0.48194321917060445,0.11708006577328642,0.9989197850227356
36,1,2,0.47489964962005615,0.11790847778320312,0.5070545980061109,0.11696577973463558,0.9990178942680359
36,1,3,0.5002066493034363,0.11842458695173264,0.5309021313041942,0.11749465851761282,0.9990561604499817
36,1,4,0.3850444257259369,0.12021767348051071,0.4207982256087788,0.11896094813545378,0.998933732509613
36,1,5,0.36495280265808105,0.12112792581319809,0.4029172501348798,0.11976787031214937,0.9986394047737122
36,1,6,0.34625545144081116,0.12231160700321198,0.3862297461803847,0.12063832074517965,0.9985028505325317
36,1,7,0.5505739450454712,0.13602802157402039,0.5822570859947984,0.13601570950315356,0.9991839528083801
36,1,8,0.3383199870586395,0.13797104358673096,0.38939774348251255,0.13567465234935266,0.9983687400817871
36,1,9,0.4622243046760559,0.1849856823682785,0.4939101016219427,0.18383144778771227,0.9990641474723816
36,1,10,0.388625830411911,0.18757742643356323,0.4238140470499801,0.18602529235101564,0.9985808730125427
36,1,11,0.7327013611793518,0.3073073625564575,0.746164067556329,0.30779098352038836,0.997723400592804
36,1,12,0.22709600627422333,0.33341458439826965,0.3058023386737137,0.333235331727678,0.9951204061508179
36,1,13,0.8695928454399109,0.5304008722305298,0.7480635611007738,0.5286288156983783,0.9709236025810242
36,1,14,0.1839079111814499,0.5664942264556885,0.20472733023967263,0.5292988374243287,0.5512986779212952
36,1,15,0.6191400289535522,0.3505731523036957,0.4325914081358798,0.3914155873659151,0.9647529125213623
36,1,16,0.2187843769788742,0.4006288945674896,0.2525746833559511,0.4038102816664318,0.6375712156295776
36,1,17,0.5354191660881042,0.30622467398643494,0.3399832203122853,0.3716860574188618,0.9458864331245422
36,1,18,0.2112015038728714,0.3716108202934265,0.25802487070941127,0.382904632959698,0.6170238852500916
36,1,19,0.5474206209182739,0.2740146815776825,0.3522782246446529,0.33836013491396033,0.9455018043518066
36,1,20,0.20340725779533386,0.34780585765838623,0.2808309369317687,0.359449160285648,0.6001765131950378
36,1,21,0.5628151893615723,0.29286497831344604,0.38084037156798994,0.3492609411522089,0.9335712790489197
36,1,22,0.2182413786649704,0.3587507903575897,0.2988604843826422,0.3710284523577355,0.617124080657959
36,1,23,0.7012087106704712,0.758677065372467,0.7273277479309445,0.7628872666120927,0.9840919971466064
36,1,24,0.35707715153694153,0.7777276635169983,0.42632339719657164,0.7708237926122937,0.9803432822227478
36,1,25,0.7268176674842834,1.057626724243164,0.7558369915607555,0.980117461164046,0.5724083781242371
36,1,26,0.4261105954647064,1.0606093406677246,0.37237399288604134,0.9719050685299104,0.41238608956336975
36,1,27,0.7523561716079712,1.3403502702713013,0.7466512018270158,1.3007460201329095,0.3371891677379608
36,1,28,0.4458661675453186,1.3476099967956543,0.4588728156134879,1.276127431703301,0.07722007483243942
36,1,29,0.7618880867958069,1.3804113864898682,0.7639815961133111,1.3471023758954328,0.30190226435661316
36,1,30,0.44003012776374817,1.3894939422607422,0.47491526282620244,1.3218981590227343,0.13285081088542938
36,1,31,0.7138499021530151,1.4410451650619507,0.6652834967081975,1.4141890911448143,0.22643622756004333
36,1,32,0.49058225750923157,1.4428532123565674,0.4045214351257043,1.3813644017655604,0.050410836935043335
37,1,0,0.4095280170440674,0.15078754723072052,0.438827226795977,0.14821959692382022,0.9990214705467224
37,1,1,0.44303059577941895,0.11853243410587311,0.4751968046662583,0.11733158442551232,0.9989860653877258
37,1,2,0.46878302097320557,0.11816313862800598,0.5004194521492004,0.1171731347005747,0.99908447265625
37,1,3,0.49407026171684265,0.11853347718715668,0.5245168641882781,0.11767455711305357,0.9991061687469482
37,1,4,0.38184481859207153,0.12121430039405823,0.4140447317252906,0.11935118920569125,0.9990091919898987
37,1,5,0.3624041676521301,0.12224916368722916,0.39589302011099714,0.12019758972921636,0.9987523555755615
37,1,6,0.3439143896102905,0.12360892444849014,0.37889263687644337,0.12115278827469739,0.9986257553100586
37,1,7,0.5477356314659119,0.13612398505210876,0.5762727733584325,0.13603445971894657,0.9992372989654541
37,1,8,0.337741494178772,0.13998134434223175,0.38043848991285467,0.1364205418770969,0.998514711856842
37,1,9,0.4586842358112335,0.18494383990764618,0.48780354961009886,0.18402408797480663,0.9990993142127991
37,1,10,0.3858923614025116,0.18761824071407318,0.4172396309282425,0.186301157578377,0.998670220375061
37,1,11,0.7359476685523987,0.31604140996932983,0.7443943427955766,0.3092200702400592,0.9973902702331543
37,1,12,0.23391325771808624,0.3343195617198944,0.29332628389961224,0.33342309474171755,0.9954720139503479
37,1,13,0.9217908978462219,0.5301714539527893,0.7783052405485132,0.5288959678671543,0.9733098149299622
37,1,14,0.1842166632413864,0.5664995312690735,0.20117329174615373,0.5357481182153726,0.5957096815109253
37,1,15,0.7730081677436829,0.31327036023139954,0.49214456210470264,0.3778513277713528,0.9678497314453125
37,1,16,0.19315655529499054,0.39815813302993774,0.2422668280436478,0.4028313286985371,0.6736404299736023
37,1,17,0.7215163707733154,0.25477710366249084,0.4068107514335697,0.3513696843824793,0.9503965377807617
37,1,18,0.1760561615228653,0.3637531101703644,0.24379533386495109,0.37958624030409444,0.6548567414283752
37,1,19,0.7470079064369202,0.23001132905483246,0.4214443075532013,0.31953615509915334,0.949928879737854
37,1,20,0.18095605075359344,0.3446865379810333,0.2634836303524519,0.3568915713415004,0.639646053314209
37,1,21,0.7253641486167908,0.2552681267261505,0.4411193771419411,0.3329381326895222,0.9392749071121216
37,1,22,0.2143930047750473,0.35399389266967773,0.28419604601812737,0.3680770541768065,0.6549491286277771
37,1,23,0.69749915599823,0.7626293897628784,0.7221576713493039,0.7628426095549726,0.9855249524116516
37,1,24,0.35779160261154175,0.7767516374588013,0.41443117903196347,0.7718505050974978,0.9821996688842773
37,1,25,0.7171281576156616,1.0700026750564575,0.7491259499807961,0.9957252427503992,0.572963535785675
37,1,26,0.4224027395248413,1.0820351839065552,0.38105056173161905,0.9910398943982959,0.42686936259269714
37,1,27,0.7486423850059509,1.353690266609192,0.7469960365653957,1.309929042174927,0.30387499928474426
37,1,28,0.4467316269874573,1.3581931591033936,0.45676955083316223,1.290374059339332,0.06987901031970978
37,1,29,0.7600670456886292,1.391000509262085,0.7633036296458224,1.3547143065493759,0.2722771465778351
37,1,30,0.4441954791545868,1.3976061344146729,0.46959057507339136,1.3350385723212612,0.12018132209777832
37,1,31,0.7119726538658142,1.4531205892562866,0.673380012444254,1.4209387860259028,0.20393022894859314
37,1,32,0.4956265687942505,1.4498990774154663,0.4203414765477432,1.3932571690936217,0.045500498265028
38,1,0,0.3974328339099884,0.15110115706920624,0.4316500052035697,0.14871864200327298,0.9990483522415161
38,1,1,0.42627596855163574,0.11851998418569565,0.46671268325326226,0.11753738782066163,0.9990151524543762
38,1,2,0.45326074957847595,0.11778786033391953,0.4922413627360845,0.11727958914841159,0.9991140365600586
38,1,3,0.48083484172821045,0.11770980060100555,0.5169424789243318,0.11768066025968836,0.99912428855896
38,1,4,0.3656347990036011,0.1215800791978836,0.40564934237483297,0.11973719355709357,0.9990395307540894
38,1,5,0.34694263339042664,0.12270447611808777,0.3874037651644247,0.1206317417720158,0.9988144636154175
38,1,6,0.3284430503845215,0.12412538379430771,0.37014298748658686,0.1216676007906783,0.9986952543258667
38,1,7,0.5416370630264282,0.13495925068855286,0.5702686333223442,0.13584825897811637,0.9992637634277344
38,1,8,0.3246150314807892,0.1405853033065796,0.37075526424560656,0.13714184692826134,0.9986146092414856
38,1,9,0.45560869574546814,0.1845785230398178,0.48222294368201013,0.18412010149463645,0.999114990234375
38,1,10,0.3767472803592682,0.1879129856824875,0.41021900064285755,0.18658029253912464,0.9987027049064636
38,1,11,0.7402600049972534,0.3187901973724365,0.7436783074821175,0.31087781293944045,0.9972054362297058
38,1,12,0.2198699563741684,0.33823075890541077,0.28057764368744653,0.33425576177125665,0.9955464601516724
38,1,13,0.9557293057441711,0.5185642242431641,0.8091939451822736,0.5271062566167686,0.9751668572425842
38,1,14,0.18435126543045044,0.5718762874603271,0.19825873495128724,0.5420112600141344,0.6349802017211914
38,1,15,0.8332725167274475,0.2934776842594147,0.5518243142858072,0.36320320963217556,0.9706707000732422
38,1,16,0.1802261918783188,0.3978116512298584,0.23150316743895097,0.40196193635193034,0.7058396935462952
38,1,17,0.7995749115943909,0.22089137136936188,0.4756296697970958,0.32868599253860864,0.9542458057403564
38,1,18,0.1553005427122116,0.3586539030075073,0.2284298656484555,0.3759590909073832,0.6881440877914429
38,1,19,0.8054177165031433,0.2028428167104721,0.48870564984474524,0.2992573477872937,0.9536345601081848
38,1,20,0.16387103497982025,0.34174010157585144,0.24618198910558736,0.35426658480644657,0.6743395328521729
38,1,21,0.7778530716896057,0.22918404638767242,0.5000227359663779,0.3149148942145462,0.9441364407539368
38,1,22,0.2099369317293167,0.34955185651779175,0.2713078176721333,0.3648672450880127,0.6882423758506775
38,1,23,0.6878082156181335,0.7726904153823853,0.7162032026929764,0.7645484663857555,0.9865700602531433
38,1,24,0.34230393171310425,0.7881821990013123,0.4019137024919161,0.7746800658093492,0.983642578125
38,1,25,0.7031133770942688,1.0810902118682861,0.7411468922031309,1.0105460941306457,0.5445862412452698
38,1,26,0.4176699221134186,1.091296911239624,0.38739896206882674,1.0084541166852838,0.4086533486843109
38,1,27,0.7381741404533386,1.3642600774765015,0.7454679353147213,1.31935298804138,0.27373290061950684
38,1,28,0.440093994140625,1.3651105165481567,0.4538803860744953,1.3033454574085002,0.06309405714273453
38,1,29,0.7509683966636658,1.4027708768844604,0.7611667332135394,1.363048346792783,0.24542555212974548
38,1,30,0.43491995334625244,1.4049829244613647,0.4635803727016657,1.3471764955212224,0.10847800225019455
38,1,31,0.7057616114616394,1.4637025594711304,0.6789930027498167,1.4283537492478513,0.18365104496479034
38,1,32,0.48663094639778137,1.4584739208221436,0.4318438219061732,1.4045730422748812,0.041070979088544846
39,1,0,0.37909841537475586,0.15045921504497528,0.42253522573456026,0.14902007406504206,0.9990605115890503
39,1,1,0.4071223735809326,0.11763850599527359,0.4563748922181288,0.11755489858095364,0.999035656452179
39,1,2,0.4330041706562042,0.11676237732172012,0.4819649406920434,0.11719002181129451,0.9991285800933838
39,1,3,0.4611603617668152,0.11646697670221329,0.5072664446292383,0.11747047813477628,0.9991406798362732
39,1,4,0.345501571893692,0.12095972150564194,0.39521466772562114,0.1199489073839551,0.9990555047988892
39,1,5,0.32460784912109375,0.12235106527805328,0.3765088134860054,0.1209294936532576,0.9988455772399902
39,1,6,0.30345264077186584,0.12400349974632263,0.35857100802786823,0.12207213850605209,0.998737096786499
39,1,7,0.521172285079956,0.13447929918766022,0.5617540297499585,0.1356111854683369,0.9992844462394714
39,1,8,0.2896803617477417,0.1411941945552826,0.35668122957708553,0.13784368039190112,0.9986876845359802
39,1,9,0.4341728091239929,0.1846938133239746,0.4738900428072257,0.18421945329884462,0.999144434928894
39,1,10,0.35656267404556274,0.18810468912124634,0.4009123017828091,0.1868442854925045,0.9987432360649109
39,1,11,0.7195613384246826,0.32029807567596436,0.7394989262277385,0.3125095887128384,0.9971355199813843
39,1,12,0.18457455933094025,0.3397158086299896,0.263904666980826,0.33520143726078155,0.9955908060073853
39,1,13,0.9636294841766357,0.49922168254852295,0.8360620899288241,0.5222734168402673,0.9766486883163452
39,1,14,0.14618505537509918,0.5689427256584167,0.1892269803098053,0.5466787818912076,0.6700830459594727
39,1,15,0.8607022166252136,0.28691551089286804,0.6058110155514812,0.34996209128116623,0.9727692008018494
39,1,16,0.1495460420846939,0.38527044653892517,0.21727562208953297,0.39907000852753965,0.7343648076057434
39,1,17,0.8534692525863647,0.21629169583320618,0.5418055029939375,0.3091567415886532,0.9560143947601318
39,1,18,0.1293824017047882,0.3459685146808624,0.21122666719456346,0.37076091810769274,0.7165125608444214
39,1,19,0.8303374648094177,0.20107658207416534,0.5484759276300214,0.2822050572366151,0.9550162553787231
39,1,20,0.13348327577114105,0.33349671959877014,0.22659973440285175,0.35066760581991907,0.703754723072052
39,1,21,0.8039212226867676,0.2250513732433319,0.5531312801742595,0.2993110748022276,0.9468337893486023
39,1,22,0.1632714569568634,0.3410096764564514,0.2525383045998881,0.36073284868443484,0.7166863679885864
39,1,23,0.6510622501373291,0.7816886305809021,0.7049005990874849,0.7675181709541302,0.9871719479560852
39,1,24,0.30718162655830383,0.7932410836219788,0.38546208769405854,0.7778960851973094,0.9846168756484985
39,1,25,0.6639530658721924,1.0856534242630005,0.7277481554800995,1.0235820147206094,0.5037438273429871
39,1,26,0.35183262825012207,1.0939393043518066,0.3812333454996395,1.0232959403801576,0.3814271092414856
39,1,27,0.705261766910553,1.3689827919006348,0.7384969817059154,1.3279602697213686,0.2464975118637085
39,1,28,0.3832985460758209,1.3683512210845947,0.4416317531070292,1.314624672994327,0.056932371109724045
39,1,29,0.7171671986579895,1.4093568325042725,0.7535372153386662,1.3710788086521124,0.22109803557395935
39,1,30,0.37853994965553284,1.4094419479370117,0.44881620617148393,1.3579793446803332,0.09779327362775803
39,1,31,0.6779900193214417,1.469287633895874,0.6788193098392092,1.4354510320455545,0.16535381972789764
39,1,32,0.44921356439590454,1.4624474048614502,0.4348533426806787,1.4146127044140149,0.03706120327115059
40,1,0,0.3669303059577942,0.14907759428024292,0.4128899770698731,0.14903003489935424,0.9990555047988892
40,1,1,0.39340740442276,0.11652632802724838,0.44545011426772174,0.11737677476931112,0.9990447163581848
40,1,2,0.41838839650154114,0.11532774567604065,0.4709342916831538,0.11686751205495283,0.9991196393966675
40,1,3,0.4458603858947754,0.11448652297258377,0.4966130741087443,0.1169536981102472,0.999144434928894
40,1,4,0.3321438729763031,0.12014958262443542,0.3842719319165542,0.11998365866946895,0.9990572333335876
40,1,5,0.31139472126960754,0.12161504477262497,0.36521087345782577,0.12104821348128988,0.9988407492637634
40,1,6,0.2901450991630554,0.12321937829256058,0.3466972538420724,0.12227081369928317,0.9987509250640869
40,1,7,0.5005506873130798,0.13116435706615448,0.551135895364368,0.13484102203352283,0.9992884993553162
40,1,8,0.27669039368629456,0.14083702862262726,0.3427958226825125,0.13836208731755548,0.9987164735794067
40,1,9,0.4227083623409271,0.18263491988182068,0.46501323011660917,0.1839450454338204,0.9991869926452637
40,1,10,0.34493595361709595,0.1868375837802887,0.39120251620058966,0.18684312495194677,0.9987967014312744
40,1,11,0.7132996916770935,0.32283565402030945,0.7349584117666541,0.3142983161135844,0.9971662163734436
40,1,12,0.17131835222244263,0.34102118015289307,0.2478267224434571,0.3362094226984604,0.9955620765686035
40,1,13,0.9697542786598206,0.5028542876243591,0.8593069985498669,0.5189086284975558,0.9781332612037659
40,1,14,0.12549766898155212,0.5728888511657715,0.17816978253986998,0.5512211790914661,0.7007325887680054
40,1,15,0.9087844491004944,0.29558631777763367,0.658756830199609,0.3405303807418853,0.9747574925422668
40,1,16,0.11913777142763138,0.38602831959724426,0.20023087069560397,0.39681068422532434,0.7594213485717773
40,1,17,0.8978269696235657,0.225619375705719,0.6041206001761289,0.29465409617128435,0.9572962522506714
40,1,18,0.12250411510467529,0.35085904598236084,0.19582151049856383,0.36731243358469373,0.7400274872779846
40,1,19,0.863684892654419,0.20781435072422028,0.6035806806789337,0.26929388410824223,0.9558079838752747
40,1,20,0.12628425657749176,0.33614087104797363,0.20917559351247772,0.34815090150883526,0.7280479073524475
40,1,21,0.8408454656600952,0.2337724268436432,0.6033876901800379,0.28793929068676916,0.9489527940750122
40,1,22,0.150654599070549,0.3429284989833832,0.23484094747162468,0.35764800546885406,0.7404158115386963
40,1,23,0.6371169686317444,0.7957200407981873,0.6931385270134693,0.772406050464764,0.9874278903007507
40,1,24,0.29474738240242004,0.8023671507835388,0.3697100369358308,0.7821368760946432,0.9851418733596802
40,1,25,0.6575086712837219,1.1027772426605225,0.7155590342218859,1.0373291117662946,0.4616710841655731
40,1,26,0.32896867394447327,1.108824610710144,0.37216843397487703,1.0381453045079236,0.35120537877082825
40,1,27,0.6929481625556946,1.3825278282165527,0.7305984512478652,1.3374253043754947,0.2219436764717102
40,1,28,0.3774925768375397,1.3850573301315308,0.43050330789105146,1.3268474872747726,0.05137084797024727
40,1,29,0.7037479877471924,1.4251607656478882,0.744902263964171,1.3804594718970493,0.19912368059158325
40,1,30,0.37676703929901123,1.428675889968872,0.4363123549235546,1.3702480459853785,0.08816976845264435
40,1,31,0.6671658158302307,1.4830001592636108,0.6768005558393886,1.443696929467021,0.14887948334217072
40,1,32,0.44603532552719116,1.4810051918029785,0.43679039600347,1.4261329665536628,0.0334954559803009
41,1,0,0.3473603129386902,0.1454780250787735,0.40151979170166213,0.14841486511085153,0.9991039037704468
41,1,1,0.3732483983039856,0.11300909519195557,0.43291973636496833,0.11662032122540156,0.9991036057472229
41,1,2,0.396609365940094,0.11166179925203323,0.4580346172630268,0.11596589392132466,0.9991726875305176
41,1,3,0.422669380903244,0.11057388782501221,0.48377971454142443,0.11584868984575078,0.9991960525512695
41,1,4,0.31391724944114685,0.11687052249908447,0.3720627764834107,0.11944450417642039,0.9991119503974915
41,1,5,0.2929573953151703,0.1185603141784668,0.3526714907777113,0.12061734994092016,0.9989122152328491
41,1,6,0.2717413008213043,0.12033931910991669,0.3336878077889471,0.1219363159673662,0.9988269805908203
41,1,7,0.4789476692676544,0.12681078910827637,0.5386078688159596,0.13345008506399098,0.99933922290802
41,1,8,0.25913897156715393,0.13742297887802124,0.3282724382587973,0.13819945664262973,0.9988102316856384
41,1,9,0.3980099558830261,0.17829881608486176,0.45338684428589593,0.18296711784341452,0.9992420077323914
41,1,10,0.3263186514377594,0.18244364857673645,0.3799446021134187,0.1860811636839858,0.9988707900047302
41,1,11,0.6913033723831177,0.325027197599411,0.7273887149156186,0.31615684365990643,0.9972255229949951
41,1,12,0.15619032084941864,0.34146279096603394,0.23191418169162262,0.33711929597989737,0.9953717589378357
41,1,13,0.964547336101532,0.48073896765708923,0.8775894523511566,0.5122911754360467,0.9795218706130981
41,1,14,0.0728423222899437,0.5472545623779297,0.1598724010641964,0.5505341958990355,0.7275710701942444
41,1,15,0.930277407169342,0.2897398769855499,0.7061620929608522,0.3317214986504825,0.976447582244873
41,1,16,0.056140489876270294,0.3860706686973572,0.17517055064678544,0.3949502273264059,0.7812540531158447
41,1,17,0.9209541082382202,0.22218531370162964,0.6595126392195669,0.28207720499204364,0.9587066173553467
41,1,18,0.07022973150014877,0.356639564037323,0.1739905477291298,0.36546361149972983,0.7600936889648438
41,1,19,0.8887088894844055,0.20543703436851501,0.6533824589167814,0.2582144577700603,0.9570009112358093
41,1,20,0.08105004578828812,0.34097957611083984,0.18690248011218447,0.3469087699156509,0.7489126920700073
41,1,21,0.8613902926445007,0.22961147129535675,0.6484146519874481,0.27782086616428747,0.9509502053260803
41,1,22,0.10226749628782272,0.3487328290939331,0.21179155802404515,0.35610374373674175,0.7609864473342896
41,1,23,0.6024916172027588,0.8031558990478516,0.6773983445400772,0.7777359477763371,0.9878425002098083
41,1,24,0.26895445585250854,0.8073925375938416,0.3522091843412163,0.786513739362169,0.985764741897583
41,1,25,0.6341849565505981,1.108717441558838,0.7014329335830879,1.0497181368661948,0.4309875965118408
41,1,26,0.2871031165122986,1.1101073026657104,0.3573999715727406,1.050634144522789,0.3277757167816162
41,1,27,0.6749633550643921,1.391000509262085,0.7209479582091936,1.3467179321924654,0.1999393254518509
41,1,28,0.3411972224712372,1.3921558856964111,0.41499658681620066,1.3381792909978978,0.04650534689426422
41,1,29,0.6874449253082275,1.43174409866333,0.734935137012257,1.3893541836436085,0.1794457882642746
41,1,30,0.34607580304145813,1.436577320098877,0.4206436106659586,1.3817573326312032,0.07970506697893143
41,1,31,0.6377252340316772,1.4979610443115234,0.6700258973839429,1.4531092269356796,0.13406650722026825
41,1,32,0.39480575919151306,1.4873716831207275,0.4295107423911074,1.4367573107165366,0.030308926478028297
42,1,0,0.33961597084999084,0.14396889507770538,0.3907798969933619,0.14764485035993277,0.9991277456283569
42,1,1,0.36397993564605713,0.11200673878192902,0.42095661737589213,0.11582127300370512,0.9991372227668762
42,1,2,0.38702288269996643,0.11070941388607025,0.44571119026921124,0.1150554816203337,0.9992107152938843
42,1,3,0.41258737444877625,0.10968870669603348,0.47142488019206685,0.11478176355064355,0.9992276430130005
42,1,4,0.3048326373100281,0.11575707793235779,0.3603969331409529,0.11880587912200838,0.9991384148597717
42,1,5,0.28376272320747375,0.11743588000535965,0.3407137663761497,0.12006635980076161,0.998958945274353
42,1,6,0.26212164759635925,0.11921311169862747,0.32126795416392123,0.12146469811241221,0.9988624453544617
42,1,7,0.4655429720878601,0.1258591115474701,0.5259273585499745,0.13213525067618515,0.9993823170661926
42,1,8,0.24563686549663544,0.13677574694156647,0.3139267856643472,0.13795290125684387,0.9988844394683838
42,1,9,0.3901543617248535,0.1765202283859253,0.44241600010343746,0.18185048894695124,0.9992813467979431
42,1,10,0.31550368666648865,0.1805552840232849,0.36876368759598593,0.18512408413492465,0.998924732208252
42,1,11,0.6771833896636963,0.31179991364479065,0.7186814979620068,0.3154022521587821,0.9972794055938721
42,1,12,0.15480275452136993,0.33817219734191895,0.21852970652372553,0.33730163344325,0.9947714805603027
42,1,13,0.9759038090705872,0.44646814465522766,0.8946651618089121,0.5008699989559929,0.9811055064201355
42,1,14,0.0887826532125473,0.5408650636672974,0.14753540153984857,0.5488592997433426,0.7466168403625488
42,1,15,0.87818443775177,0.2332366406917572,0.7361069661760872,0.3146162839392604,0.9775149822235107
42,1,16,0.0738828033208847,0.43559032678604126,0.15757699217968596,0.40199649982224966,0.7914589643478394
42,1,17,0.8386090993881226,0.1676030308008194,0.6906961390692044,0.2621853154912963,0.9585591554641724
42,1,18,0.08196977525949478,0.4332071542739868,0.15801109166721108,0.37721869223027066,0.7627620697021484
42,1,19,0.7983376383781433,0.15535272657871246,0.6785954979723655,0.24034666196694976,0.9564833641052246
42,1,20,0.08746852725744247,0.40864840149879456,0.16963186605616076,0.35762010460169597,0.7533106207847595
42,1,21,0.7949991226196289,0.18714497983455658,0.6739119751513118,0.26207560268009533,0.9507597088813782
42,1,22,0.10336056351661682,0.4140825867652893,0.19295318088642346,0.36616147648726016,0.7671645283699036
42,1,23,0.6048345565795898,0.7949869632720947,0.6648049794731113,0.7807248690457724,0.9882252812385559
42,1,24,0.26738983392715454,0.7986287474632263,0.3374834157682688,0.7886124690102524,0.9860002398490906
42,1,25,0.6328939199447632,1.0957951545715332,0.6895394993369316,1.05770845589089,0.41932880878448486
42,1,26,0.29279401898384094,1.098976731300354,0.34619038615082404,1.0590179351283646,0.30974331498146057
42,1,27,0.6671348214149475,1.3746612071990967,0.7116140108883702,1.3515609695969828,0.18057763576507568
42,1,28,0.3449987471103668,1.3746811151504517,0.402849483225363,1.3445073255447861,0.04237249493598938
42,1,29,0.6793540120124817,1.4137213230133057,0.7252940169868318,1.3935769616827198,0.16241182386875153
42,1,30,0.3512290120124817,1.4171607494354248,0.40859791486665026,1.3878947410029736,0.07256166636943817
42,1,31,0.6272873878479004,1.481976866722107,0.6626153211900855,1.4581126039619692,0.1209317222237587
42,1,32,0.39014071226119995,1.4699679613113403,0.42268496016732604,1.4425142004799312,0.027602359652519226
43,1,0,0.3319105803966522,0.14320068061351776,0.3805673948753472,0.14687514744690608,0.9991095066070557
43,1,1,0.35609251260757446,0.11155407130718231,0.40970212517892907,0.11508222379997504,0.9991427063941956
43,1,2,0.3784812092781067,0.11026135087013245,0.43404536968606766,0.11422515887025259,0.9992287755012512
43,1,3,0.4031660854816437,0.10922720283269882,0.4595801748624488,0.11381971561705588,0.9992498755455017
43,1,4,0.29769057035446167,0.11522780358791351,0.349517532657859,0.11818619454422623,0.9991162419319153
43,1,5,0.27692919969558716,0.11694137752056122,0.3296469404655901,0.11952515352247124,0.9989331960678101
43,1,6,0.25556737184524536,0.11878027766942978,0.30986803551449604,0.12099979757175543,0.9987979531288147
43,1,7,0.4558747112751007,0.12526705861091614,0.5137707199832218,0.1309456352789916,0.9994174242019653
43,1,8,0.23622621595859528,0.13614538311958313,0.30043984545640956,0.13763987503055194,0.9988978505134583
43,1,9,0.3808532953262329,0.17527669668197632,0.431735393911705,0.18071187559020718,0.9993034601211548
43,1,10,0.3085663616657257,0.17919206619262695,0.35832038894436796,0.18409664909342474,0.99891197681427
43,1,11,0.6603772044181824,0.3057708442211151,0.708567199421468,0.31373389140373514,0.9973910450935364
43,1,12,0.14383265376091003,0.3343510627746582,0.20556524274520038,0.3367906356777049,0.993044376373291
43,1,13,0.9797232747077942,0.4178495705127716,0.9094325847345553,0.4864574078805704,0.9828524589538574
43,1,14,-0.039863865822553635,0.48301491141319275,0.11490059136008177,0.5374344209576012,0.7671362161636353
43,1,15,0.8680694103240967,0.21048897504806519,0.7590507975625778,0.29652799365051336,0.9794065356254578
43,1,16,-0.029999686405062675,0.39678576588630676,0.12491100620808201,0.4010940120868444,0.803005576133728
43,1,17,0.8316097259521484,0.13877762854099274,0.7152032392923601,0.24073532045753127,0.9610681533813477
43,1,18,-0.017047517001628876,0.4059125483036041,0.1275364959833952,0.3821919168159277,0.7643827199935913
43,1,19,0.7913028597831726,0.12708061933517456,0.6981803922638313,0.22066542373288392,0.9589067697525024
43,1,20,-0.0012177461758255959,0.3815556764602661,0.13989368067231447,0.3617680293699322,0.7550074458122253
43,1,21,0.7809799909591675,0.15909162163734436,0.6925135832027354,0.24418651887079973,0.9538735151290894
43,1,22,0.003903105389326811,0.3879951238632202,0.16002912673367561,0.3699449080572445,0.7729859948158264
43,1,23,0.5931848287582397,0.7888674736022949,0.6523757292829525,0.7821352754424641,0.9887953400611877
43,1,24,0.25354817509651184,0.7936504483222961,0.3229115271680962,0.7894850319604295,0.9863244295120239
43,1,25,0.6282763481140137,1.0989840030670166,0.6789109471182538,1.0648651002112273,0.38354820013046265
43,1,26,0.28168097138404846,1.0956060886383057,0.33499757608382325,1.065360969015893,0.28434598445892334
43,1,27,0.6565423011779785,1.378406286239624,0.7020614002622189,1.3562135570286515,0.16257119178771973
43,1,28,0.3341517150402069,1.3760883808135986,0.39092844801538423,1.3499814696714774,0.038230255246162415
43,1,29,0.6722158789634705,1.4186732769012451,0.7160877554855101,1.397926198042629,0.14626777172088623
43,1,30,0.34049952030181885,1.420448899269104,0.3967810878606584,1.393537722878903,0.06546829640865326
43,1,31,0.6094256043434143,1.4851161241531372,0.6533896810567817,1.4627926265342623,0.10886319726705551
43,1,32,0.37822484970092773,1.4729934930801392,0.414975500742073,1.4477971857907805,0.024914849549531937
44,1,0,0.32078006863594055,0.14555886387825012,0.37019535135779497,0.14664719665139916,0.9990668892860413
44,1,1,0.3450278341770172,0.11401218175888062,0.39848062899855874,0.11489691788643938,0.9991166591644287
44,1,2,0.3670506477355957,0.11241370439529419,0.42242045074965856,0.11391145090634217,0.9992161989212036
44,1,3,0.39163610339164734,0.11121634393930435,0.44779019026956407,0.11336885257377766,0.9992386102676392
44,1,4,0.28705349564552307,0.11903101205825806,0.3386802520931115,0.11833249591666307,0.9990753531455994
44,1,5,0.26601433753967285,0.12087398022413254,0.31860652935334316,0.1197587402854758,0.9988886713981628
44,1,6,0.24483977258205414,0.12268489599227905,0.2985849989426105,0.12129162206288083,0.9987138509750366
44,1,7,0.44501793384552,0.12686197459697723,0.501840114680261,0.1302383779733179,0.9994286894798279
44,1,8,0.22618471086025238,0.14019934833049774,0.28755227740583705,0.1380831349750724,0.9988797307014465
44,1,9,0.3691847026348114,0.17643509805202484,0.4208830563241844,0.17997116769810056,0.9993007183074951
44,1,10,0.2983604371547699,0.18125244975090027,0.3479183431411928,0.18360407492082953,0.9988755583763123
44,1,11,0.6429201364517212,0.3028562068939209,0.6971766064122183,0.31184957892855336,0.9973596930503845
44,1,12,0.13269445300102234,0.3331679701805115,0.19291844136203734,0.33616322776360935,0.991600513458252
44,1,13,0.9584382176399231,0.40292397141456604,0.9179315297901014,0.4719555210651725,0.9842594265937805
44,1,14,-0.013945921324193478,0.48342108726501465,0.0925015963309486,0.5280657054398737,0.7824335694313049
44,1,15,0.8511247634887695,0.1937580704689026,0.7750401665831748,0.2786762063725905,0.980553925037384
44,1,16,-0.022271033376455307,0.389801561832428,0.09931042054750694,0.3991378267293546,0.8076204657554626
44,1,17,0.8250327110290527,0.1209380105137825,0.7342864042882724,0.21991508581788713,0.961310863494873
44,1,18,-0.014817302115261555,0.401284784078598,0.10277932727726308,0.3855001421244407,0.7592481970787048
44,1,19,0.7850586771965027,0.10927610844373703,0.7132652314885044,0.20131135692262425,0.9588042497634888
44,1,20,-0.004537670873105526,0.3758560121059418,0.11477361839689398,0.36420868995575856,0.7501218914985657
44,1,21,0.7695913910865784,0.14219190180301666,0.7058926898548304,0.2264698051442644,0.9544111490249634
44,1,22,0.004936013836413622,0.38321197032928467,0.13304610157176638,0.3722432920204302,0.7713437080383301
44,1,23,0.5790259838104248,0.7918190956115723,0.6396456552153278,0.7838127183107595,0.9888063073158264
44,1,24,0.24517185986042023,0.7960209846496582,0.3094177502779413,0.7906170903343485,0.9859606623649597
44,1,25,0.6128592491149902,1.1078479290008545,0.6674499831551596,1.072318138184538,0.35599684715270996
44,1,26,0.2751411497592926,1.10697340965271,0.324613533964098,1.0725761048481715,0.2629745900630951
44,1,27,0.6415813565254211,1.3901143074035645,0.6915689688008597,1.3620901712291216,0.14650654792785645
44,1,28,0.33186712861061096,1.3912782669067383,0.38068257140463524,1.3571417855942138,0.03465074673295021
44,1,29,0.6564207673072815,1.4314531087875366,0.705736628759203,1.4037379410716375,0.13194863498210907
44,1,30,0.3406809866428375,1.4353299140930176,0.3870497751784175,1.400784040044367,0.05940074846148491
44,1,31,0.5942712426185608,1.4971965551376343,0.6431338912211432,1.468756549789965,0.09805387258529663
44,1,32,0.37067312002182007,1.4897773265838623,0.40729342253770245,1.455076123900127,0.022585289552807808
45,1,0,0.315525084733963,0.1458226442337036,0.3607124812409168,0.1465044047750967,0.9990887641906738
45,1,1,0.3385950028896332,0.11416429281234741,0.38809149408039484,0.11477004587958442,0.9991440773010254
45,1,2,0.36140236258506775,0.1124911829829216,0.4118344921707257,0.11366549158264372,0.9992411732673645
45,1,3,0.385583758354187,0.1112351268529892,0.4369976831974543,0.11299933004455784,0.9992644190788269
45,1,4,0.281157523393631,0.1195337176322937,0.32870174793437706,0.11854051985801903,0.999103844165802
45,1,5,0.26229187846183777,0.12150798738002777,0.30883794367248174,0.1200616745953861,0.9989221692085266
45,1,6,0.24284981191158295,0.12357465922832489,0.28891709533708243,0.12168700439119275,0.9987492561340332
45,1,7,0.43749767541885376,0.12682898342609406,0.49067630619236907,0.12964791012918997,0.999453067779541
45,1,8,0.22602656483650208,0.14185135066509247,0.27687807497354394,0.13873575353453788,0.9989339709281921
45,1,9,0.36435315012931824,0.17645445466041565,0.41107707374091496,0.1793621115669422,0.9993283152580261
45,1,10,0.2923456132411957,0.1813488006591797,0.3382786738921943,0.18321350096672215,0.9989177584648132
45,1,11,0.631228506565094,0.3025871217250824,0.6857336710835032,0.31024514585631624,0.9973353743553162
45,1,12,0.13464315235614777,0.3333871364593506,0.18280913176104122,0.33568244991244206,0.9912251234054565
45,1,13,0.9544196128845215,0.41209858655929565,0.9242571943154508,0.4615713764006867,0.9853420257568359
45,1,14,-0.006112280301749706,0.47176969051361084,0.07537379806477923,0.5183003817404086,0.7969105839729309
45,1,15,0.8390074968338013,0.19335731863975525,0.7861391710237199,0.26386350617693094,0.9811919927597046
45,1,16,-0.021677937358617783,0.35940754413604736,0.0782823595486336,0.39224948879416477,0.8128113150596619
45,1,17,0.806768000125885,0.11694037169218063,0.7468660894175004,0.20202753650321187,0.9599311351776123
45,1,18,-0.015657534822821617,0.35213714838027954,0.08219631768168327,0.3797168568913519,0.7545603513717651
45,1,19,0.7709320187568665,0.10286994278430939,0.7232691824083171,0.1842136242106258,0.9569397568702698
45,1,20,-0.005535806994885206,0.3296523988246918,0.09386399073544774,0.3582183381807911,0.7454074025154114
45,1,21,0.7583679556846619,0.13625818490982056,0.7149945310986063,0.21080534464417278,0.9529352784156799
45,1,22,0.005681090522557497,0.34105074405670166,0.11090551591378833,0.3668365925374573,0.7686040997505188
45,1,23,0.5679368376731873,0.795694887638092,0.627200978432325,0.7858710977565471,0.9883307814598083
45,1,24,0.23975399136543274,0.7987616658210754,0.29732869030190956,0.7920278380506959,0.9853317737579346
45,1,25,0.594695508480072,1.111497163772583,0.6548234478581273,1.0791108310005717,0.3331131339073181
45,1,26,0.2670465409755707,1.108890414237976,0.3146273508201097,1.0788715939590938,0.2461773008108139
45,1,27,0.6214345693588257,1.3922158479690552,0.6793981175708634,1.3673117922780686,0.13226112723350525
45,1,28,0.3189062774181366,1.3937897682189941,0.36996483149930237,1.363495167400063,0.03169978782534599
45,1,29,0.633970320224762,1.4323242902755737,0.6932819719812581,1.408692523392849,0.11932726949453354
45,1,30,0.32854560017585754,1.4371280670166016,0.3769007134584076,1.4070846690286067,0.05420039966702461
45,1,31,0.5772868990898132,1.5014170408248901,0.63170853230008,1.4744179513302214,0.08842546492815018
45,1,32,0.35356980562210083,1.4945417642593384,0.3979750527361002,1.4619185527613923,0.020659010857343674
46,1,0,0.3146928548812866,0.14712727069854736,0.35273218534222,0.14661226893488755,0.9991404414176941
46,1,1,0.33800140023231506,0.11590942740440369,0.3794042697055647,0.11496736015654536,0.9991953372955322
46,1,2,0.36165931820869446,0.11427586525678635,0.40313248891498443,0.11377119237002534,0.9992848038673401
46,1,3,0.38574567437171936,0.11332670599222183,0.428108634800149,0.11305602253035947,0.9993078112602234
46,1,4,0.2792622447013855,0.12187919020652771,0.32012752534295735,0.11911873784237367,0.9991578459739685
46,1,5,0.2615777552127838,0.1240324005484581,0.3006422116116759,0.12074937015943885,0.9989867806434631
46,1,6,0.24329981207847595,0.12632690370082855,0.2810066599067184,0.12249061118950198,0.9988251328468323
46,1,7,0.436807781457901,0.1294592171907425,0.48133272077562494,0.12961523385122037,0.9994863867759705
46,1,8,0.22791992127895355,0.14575454592704773,0.268387443160141,0.13995145937192552,0.9990036487579346
46,1,9,0.36466532945632935,0.17751473188400269,0.40302868518701856,0.1790421817230423,0.9993677735328674
46,1,10,0.2906920909881592,0.1824360191822052,0.33002626225222503,0.18307886073797755,0.9989790320396423
46,1,11,0.6281014084815979,0.3039543926715851,0.6757361416732797,0.30915556553727347,0.9973475933074951
46,1,12,0.1362065225839615,0.3365270495414734,0.1747275755901491,0.33582871355341937,0.9912826418876648
46,1,13,0.942775309085846,0.42320477962493896,0.9274658033463381,0.4549197241475679,0.9862179756164551
46,1,14,0.01079597044736147,0.47443193197250366,0.0641690010194111,0.5106936253607703,0.8133090138435364
46,1,15,0.8509162664413452,0.20586998760700226,0.7973788815700291,0.25380316209007675,0.9823394417762756
46,1,16,-0.015286094509065151,0.35812482237815857,0.06203328068666143,0.3863340326974257,0.826285719871521
46,1,17,0.8172268271446228,0.13595250248908997,0.7590768091625075,0.19056244438999512,0.9611090421676636
46,1,18,-0.0209619402885437,0.3287922441959381,0.0642767499699993,0.3708847083493514,0.7659240961074829
46,1,19,0.7883208394050598,0.12001318484544754,0.7345566688387541,0.1730744457519252,0.9579697847366333
46,1,20,-0.007221899926662445,0.3077194094657898,0.07630548984449957,0.3494601294800835,0.7570959329605103
46,1,21,0.7796944975852966,0.14954566955566406,0.7262207982932269,0.20017736094494348,0.9545218348503113
46,1,22,0.006741086486726999,0.32186946272850037,0.09281058079190192,0.3590390774873985,0.7804774641990662
46,1,23,0.563803493976593,0.8025861382484436,0.6162014280330502,0.7887671086693308,0.9886906743049622
46,1,24,0.2386385053396225,0.8071526885032654,0.2871472775673141,0.7946482108682975,0.9858982563018799
46,1,25,0.5933821797370911,1.1171596050262451,0.6441639325250539,1.0857073363084166,0.3116103410720825
46,1,26,0.26824304461479187,1.1156600713729858,0.30658373268777833,1.0852493688772422,0.23087313771247864
46,1,27,0.6201273798942566,1.395289659500122,0.6691158499106669,1.372160824067288,0.11925750970840454
46,1,28,0.31806373596191406,1.3986307382583618,0.36096303301759913,1.3695860731980503,0.028746452182531357
46,1,29,0.6327179074287415,1.4341955184936523,0.6827749297057697,1.4131122889868442,0.1077381819486618
46,1,30,0.3248738944530487,1.4413267374038696,0.3678770708374388,1.4130205223187358,0.04908790439367294
46,1,31,0.5734488368034363,1.5063390731811523,0.6216019699071393,1.4799510666788158,0.07966705411672592
46,1,32,0.352961003780365,1.5001473426818848,0.39016939389244437,1.4685462912982148,0.018745182082057
47,1,0,0.30928027629852295,0.1491229087114334,0.3451977405060568,0.14704707105061107,0.9991183876991272
47,1,1,0.33347490429878235,0.11804984509944916,0.37143964425423937,0.11550120576380207,0.9991855025291443
47,1,2,0.35829877853393555,0.11640904098749161,0.3953581161821922,0.11422802674088889,0.9992785453796387
47,1,3,0.38251039385795593,0.11547931283712387,0.420201507492215,0.11347569602888541,0.999298095703125
47,1,4,0.2743018865585327,0.12397663295269012,0.31218091288308686,0.11996010590976294,0.9991350769996643
47,1,5,0.257525235414505,0.12608745694160461,0.2931659150003032,0.12167391885821445,0.9989627003669739
47,1,6,0.2403251975774765,0.12846727669239044,0.27395318554233544,0.12352578064761413,0.9987944960594177
47,1,7,0.43319666385650635,0.13135717809200287,0.4729848781393197,0.12991690338350145,0.9994884729385376
47,1,8,0.22739583253860474,0.14836867153644562,0.2612801215287275,0.14140944296789484,0.9990195631980896
47,1,9,0.3606387972831726,0.17943106591701508,0.3956786258395674,0.1791095258653196,0.9993769526481628
47,1,10,0.28583768010139465,0.18417304754257202,0.32236391017502075,0.18326834808678716,0.9989840388298035
47,1,11,0.6243394017219543,0.30856916308403015,0.6668219611032659,0.30905401601031157,0.9972864389419556
47,1,12,0.13453641533851624,0.34189364314079285,0.16775920113338735,0.3368791733030602,0.9906635880470276
47,1,13,0.9348134994506836,0.4264393448829651,0.9287384996614538,0.44998352122353413,0.9868837594985962
47,1,14,-0.02550375647842884,0.476067453622818,0.04859833075134801,0.5046911378494842,0.8265018463134766
47,1,15,0.8739476799964905,0.20216204226016998,0.8106692427992334,0.2448465027311347,0.9827954769134521
47,1,16,-0.03212679922580719,0.3566807508468628,0.045681183264290395,0.38119437324994676,0.8310849070549011
47,1,17,0.8509839177131653,0.13173715770244598,0.7750369755588209,0.18035752964656757,0.9599911570549011
47,1,18,-0.02488807588815689,0.3344447612762451,0.0487944677456458,0.36456746268483126,0.7599018812179565
47,1,19,0.8161039352416992,0.11452475190162659,0.7487133194513791,0.1629174359750576,0.9564134478569031
47,1,20,-0.013848043978214264,0.3131873309612274,0.06065105994641507,0.3431718918622639,0.7516921758651733
47,1,21,0.8130444288253784,0.14501185715198517,0.74129572588694,0.19060841360422692,0.9532672762870789
47,1,22,-0.006883538793772459,0.32581380009651184,0.07549453501094758,0.3532796841580185,0.7778936624526978
47,1,23,0.5602279901504517,0.8148594498634338,0.6064921224320123,0.7932890836263624,0.9883117079734802
47,1,24,0.2353818416595459,0.8212889432907104,0.27816902121358345,0.7992653015382014,0.9853888154029846
47,1,25,0.5914681553840637,1.1361186504364014,0.6350240804806782,1.0944503688297074,0.2882392108440399
47,1,26,0.26747453212738037,1.1343531608581543,0.29980318935711014,1.0937653074974025,0.21403340995311737
47,1,27,0.6163831353187561,1.4141985177993774,0.6599695892106799,1.3794497333230813,0.10753154754638672
47,1,28,0.31788355112075806,1.4148313999176025,0.35349324585848163,1.377431925685623,0.026081984862685204
47,1,29,0.6310687065124512,1.452934741973877,0.6738069846377293,1.4200166374850431,0.09727797657251358
47,1,30,0.325152188539505,1.4569618701934814,0.3604688454501398,1.420639956877426,0.04464547336101532
47,1,31,0.5702418088912964,1.5251237154006958,0.6126941422354933,1.487784278451981,0.07178469747304916
47,1,32,0.35918399691581726,1.5169947147369385,0.3847986328312665,1.4769483846535245,0.017076194286346436
48,1,0,0.3067758083343506,0.15048684179782867,0.3385364867930413,0.14764280023242182,0.9991216063499451
48,1,1,0.3309232294559479,0.11907699704170227,0.3644148228066344,0.11612049468714407,0.9991923570632935
48,1,2,0.35514751076698303,0.11745597422122955,0.3883863801294795,0.11478706697987635,0.9992820024490356
48,1,3,0.3788316547870636,0.11655617505311966,0.41302853085013497,0.11400919420392906,0.9993043541908264
48,1,4,0.2725461721420288,0.12499432265758514,0.30530914052596647,0.1208320168067795,0.9991351366043091
48,1,5,0.2557274401187897,0.12711787223815918,0.2866753536060977,0.12261680649909033,0.9989576935768127
48,1,6,0.2388712763786316,0.12968283891677856,0.26787160250504577,0.12459220025273111,0.9987910389900208
48,1,7,0.428027868270874,0.13185584545135498,0.4651890967102538,0.1302526909474396,0.9994946122169495
48,1,8,0.22634947299957275,0.14983707666397095,0.2552247828831837,0.14286923219503392,0.9990620017051697
48,1,9,0.3570477366447449,0.18120326101779938,0.3889811027780729,0.17947212230995682,0.9994057416915894
48,1,10,0.2833814322948456,0.18612053990364075,0.31560535972591436,0.18376230655086093,0.9990372657775879
48,1,11,0.6216537356376648,0.30861735343933105,0.6589895093577995,0.3089783978448205,0.9974111318588257
48,1,12,0.13244812190532684,0.34288737177848816,0.16163783928380743,0.33791980532382354,0.9908668398857117
48,1,13,0.93425452709198,0.4199490547180176,0.9296938783620213,0.44477772344212196,0.9874879717826843
48,1,14,-0.013536585494875908,0.4800531268119812,0.0378182009216157,0.5004213906488097,0.8337200284004211
48,1,15,0.8786200284957886,0.19252653419971466,0.8224606470469346,0.2357719233662644,0.98208087682724
48,1,16,-0.015743572264909744,0.5025513172149658,0.0350244583073147,0.4022864612804638,0.8152790069580078
48,1,17,0.8572449088096619,0.12405332177877426,0.789308608371854,0.17059071506494408,0.9552621841430664
48,1,18,-0.008173990063369274,0.5325906872749329,0.038912203505408575,0.3938110010877779,0.7319203019142151
48,1,19,0.8161422610282898,0.10868459194898605,0.7604140176028289,0.15351052417845606,0.9509753584861755
48,1,20,0.003915519453585148,0.5111777186393738,0.050809263903258434,0.3724123853891131,0.7259218692779541
48,1,21,0.8103021383285522,0.13774438202381134,0.7532706685068746,0.1814393152285745,0.9480303525924683
48,1,22,0.011371550150215626,0.5054895877838135,0.06436877380835378,0.3797584918300209,0.7562100887298584
48,1,23,0.5538792610168457,0.813160240650177,0.5973666732213486,0.7967322430165804,0.9871183633804321
48,1,24,0.23636241257190704,0.8191881775856018,0.2709202058294713,0.8027174277872784,0.9832816123962402
48,1,25,0.5855637192726135,1.138864517211914,0.6264462314019161,1.1021519000655524,0.26554182171821594
48,1,26,0.26395183801651,1.1352508068084717,0.29358808284576055,1.100958377004225,0.19781996309757233
48,1,27,0.6185964345932007,1.4216418266296387,0.6527960408165848,1.386765447658254,0.09704805165529251
48,1,28,0.32165035605430603,1.4177430868148804,0.34797369626472613,1.384421122185575,0.023809850215911865
48,1,29,0.6372461915016174,1.4616339206695557,0.6674687501644305,1.4272325592086126,0.08790469169616699
48,1,30,0.3304983973503113,1.4600380659103394,0.35527414955385933,1.4274706594025097,0.04095643386244774
48,1,31,0.5670763850212097,1.53113853931427,0.6047836313800776,1.495301761270255,0.06472218036651611
48,1,32,0.3662405014038086,1.519971489906311,0.38158311459730176,1.484408384501859,0.01568746566772461
49,1,0,0.2985948324203491,0.15108102560043335,0.3316114423541189,0.14823826174575008,0.9990951418876648
49,1,1,0.32233285903930664,0.11940308660268784,0.35711822190737347,0.11668899959720368,0.9991899728775024
49,1,2,0.3468870520591736,0.11772850155830383,0.38119092801428706,0.11529648237131217,0.999271035194397
49,1,3,0.37071388959884644,0.1167600229382515,0.40569153413710657,0.11448559659376024,0.9992946982383728
49,1,4,0.2654418647289276,0.1255165934562683,0.29839700503532074,0.12164336258608387,0.9991224408149719
49,1,5,0.24952296912670135,0.12770795822143555,0.28023444744214565,0.12349857987363562,0.998930037021637
49,1,6,0.23327697813510895,0.1303941309452057,0.2618745815623497,0.12559710005119404,0.9987768530845642
49,1,7,0.4213358163833618,0.13194909691810608,0.4575849610919331,0.1305464737713935,0.9994880557060242
49,1,8,0.2237032949924469,0.1504388153553009,0.24976099462733076,0.1441803607325135,0.9990767240524292
49,1,9,0.34933897852897644,0.1823226809501648,0.38210805216529165,0.17996579790614875,0.9994184374809265
49,1,10,0.2771366536617279,0.1873033046722412,0.30893598798669025,0.18437556902804844,0.9990464448928833
49,1,11,0.6214680671691895,0.30863305926322937,0.6524845511266694,0.3089185946924997,0.9974341988563538
49,1,12,0.1326781064271927,0.3468291759490967,0.1566184768686592,0.339463060757567,0.9903205037117004
49,1,13,0.9363729953765869,0.4088894724845886,0.9308507439866839,0.4385562121300159,0.9881265759468079
49,1,14,-0.022738201543688774,0.4837285876274109,0.027312441797880192,0.49752923220749423,0.8432328701019287
49,1,15,0.883593738079071,0.18353407084941864,0.8330667811071477,0.22671161257418332,0.9824691414833069
49,1,16,-0.03992852941155434,0.41114696860313416,0.02201543054370806,0.4038212535142093,0.8213305473327637
49,1,17,0.8747284412384033,0.11574268341064453,0.8041392011407544,0.1610769194435341,0.9531774520874023
49,1,18,-0.03294568881392479,0.405677855014801,0.026441532798327443,0.39586673436535,0.7288324236869812
49,1,19,0.8370463848114014,0.09929647296667099,0.7737153690665515,0.14410688371794872,0.9484010338783264
49,1,20,0.0016067089745774865,0.4041058421134949,0.04227613953262592,0.3779060155869524,0.7226998805999756
49,1,21,0.8266063928604126,0.1295696347951889,0.7659985047767082,0.17244295674159507,0.9458070993423462
49,1,22,-0.015548172406852245,0.3908161520957947,0.05049611032139557,0.38167399780773476,0.7538951635360718
49,1,23,0.5493184924125671,0.829596757888794,0.5890340890035328,0.8024290392444697,0.986531138420105
49,1,24,0.23455165326595306,0.8307396769523621,0.26461532384036396,0.8075741502998444,0.982618510723114
49,1,25,0.5872889161109924,1.155912160873413,0.619657327657418,1.1114766826379923,0.24511463940143585
49,1,26,0.2650541067123413,1.1559224128723145,0.2886425866802345,1.110492306386587,0.18359075486660004
49,1,27,0.619522750377655,1.4365571737289429,0.64702830363465,1.3954008362754748,0.08760067820549011
49,1,28,0.32440510392189026,1.4335691928863525,0.3438894045288226,1.3929447296212056,0.021803371608257294
49,1,29,0.6387702822685242,1.4768646955490112,0.6624947159857124,1.4358402274679523,0.07944197952747345
49,1,30,0.3355366289615631,1.475684642791748,0.35185415166735123,1.4358320356066911,0.037611205130815506
49,1,31,0.5680895447731018,1.5480679273605347,0.5984222662666816,1.504453821707506,0.05837101489305496
49,1,32,0.362447053194046,1.5394313335418701,0.3782674022490281,1.493952533309176,0.014498602598905563
50,1,0,0.29710763692855835,0.15096811950206757,0.32563018397759497,0.14871103198091745,0.9991291761398315
50,1,1,0.32141149044036865,0.11917958408594131,0.3509282096470175,0.11712032820432643,0.9992374777793884
50,1,2,0.3450106680393219,0.11759152263402939,0.3749187368739114,0.11569394357065248,0.9993088245391846
50,1,3,0.3684684932231903,0.11670443415641785,0.3992383648099586,0.11486985992483446,0.9993353486061096
50,1,4,0.26396068930625916,0.12545618414878845,0.29242745659715064,0.12230370734045204,0.9991663694381714
50,1,5,0.2484896034002304,0.12764447927474976,0.27473191160990296,0.12421661776199712,0.9989725351333618
50,1,6,0.2317138910293579,0.13029278814792633,0.2566468858176101,0.1264103705582758,0.9988381862640381
50,1,7,0.4188792109489441,0.13195422291755676,0.45087444252064807,0.13079026502085286,0.9995163679122925
50,1,8,0.2236163169145584,0.15037617087364197,0.24522993108684626,0.14525349354528685,0.9991351962089539
50,1,9,0.3496730327606201,0.1823313683271408,0.3764857683934329,0.18037547457318448,0.9994591474533081
50,1,10,0.2754962146282196,0.1871841847896576,0.3031393652268881,0.18486198011332403,0.9991062879562378
50,1,11,0.6324434876441956,0.30858370661735535,0.6490119276413076,0.30886060129904924,0.9975860714912415
50,1,12,0.13312184810638428,0.35008174180984497,0.1525466614950017,0.3413024925199962,0.9899131655693054
50,1,13,0.947258710861206,0.3911951780319214,0.9336935369966441,0.430342976737252,0.9891025424003601
50,1,14,-0.0528440847992897,0.47474098205566406,0.01339814875749412,0.4935802674032798,0.8543720841407776
50,1,15,0.8647781610488892,0.15458549559116364,0.8385635965578201,0.21419435450249194,0.9836466312408447
50,1,16,-0.0452435277402401,0.36182552576065063,0.010344499241043376,0.39653965433062976,0.8273797631263733
50,1,17,0.853528618812561,0.09236010164022446,0.8127049038626456,0.14915253033774048,0.9539957046508789
50,1,18,-0.03236294537782669,0.3463297188282013,0.01624023509201089,0.3872756296092912,0.7216912508010864
50,1,19,0.8216103911399841,0.08123654127120972,0.7820214912364634,0.13319894991973363,0.9490299820899963
50,1,20,-0.007395142689347267,0.33003491163253784,0.03366161421986465,0.3696042423012105,0.713982880115509
50,1,21,0.8109398484230042,0.10849016159772873,0.7737916742051255,0.16134686794273434,0.9469285011291504
50,1,22,-0.0121406065300107,0.3365655839443207,0.0396287363330717,0.3738519710109177,0.7476028800010681
50,1,23,0.561831533908844,0.8281672596931458,0.5843195353548655,0.8068895961346674,0.9859082102775574
50,1,24,0.24941889941692352,0.8321341872215271,0.2619825355118895,0.8118303714577039,0.9816257357597351
50,1,25,0.6114546060562134,1.161110520362854,0.6182365020678312,1.1200846645645504,0.22482843697071075
50,1,26,0.28086045384407043,1.1633673906326294,0.28729463176534603,1.1196633137325536,0.16888602077960968
50,1,27,0.6358713507652283,1.446913719177246,0.6450955937400803,1.4043351876885197,0.07904785871505737
50,1,28,0.333762526512146,1.4427779912948608,0.34213518821164934,1.401587343953245,0.019969964399933815
50,1,29,0.659783661365509,1.4885140657424927,0.6620252014263027,1.4449762509117567,0.07173606008291245
50,1,30,0.34610334038734436,1.486625075340271,0.3508581051076522,1.4446413576981927,0.03462415933609009
50,1,31,0.5803637504577637,1.5597593784332275,0.5952933557158255,1.5140470609727317,0.052633002400398254
50,1,32,0.35989078879356384,1.5508341789245605,0.3750833522473272,1.5038196372352548,0.013554601930081844
51,1,0,0.3061572313308716,0.1512652039527893,0.3222560583288747,0.14915337374901558,0.999161422252655
51,1,1,0.33131682872772217,0.11945290118455887,0.3475300829856979,0.11752428987682917,0.9992775917053223
51,1,2,0.3533603549003601,0.11777530610561371,0.3711830284839501,0.11605439717531302,0.9993382692337036
51,1,3,0.3770621716976166,0.11681348830461502,0.3953955285767893,0.11520645911950018,0.9993682503700256
51,1,4,0.27278169989585876,0.12589003145694733,0.28902337037327686,0.12292482064320494,0.9992075562477112
51,1,5,0.25750425457954407,0.1281922608613968,0.2717470346993175,0.12490516504455697,0.9990150332450867
51,1,6,0.24325712025165558,0.1307656317949295,0.25432723244854555,0.12716467305764062,0.9988990426063538
51,1,7,0.4222894310951233,0.13195356726646423,0.4459200900369825,0.13099172195287864,0.9995425939559937
51,1,8,0.2404554933309555,0.15016217529773712,0.2444030176300703,0.14610365898316072,0.9991899132728577
51,1,9,0.36447376012802124,0.1829978972673416,0.37440488520876986,0.18082963720464393,0.9994942545890808
51,1,10,0.286478728055954,0.18774482607841492,0.3002527801298632,0.18536124789681435,0.9991613626480103
51,1,11,0.6565402746200562,0.30717265605926514,0.6503159097369863,0.3085682837697247,0.9977008700370789
51,1,12,0.15896423161029816,0.3519129753112793,0.15365820814409106,0.34314050370206545,0.9903623461723328
51,1,13,0.9754419326782227,0.38694021105766296,0.9409322350220348,0.42281706840723127,0.9898154139518738
51,1,14,-0.0057976325042545795,0.4779161810874939,0.010072061610314077,0.49086642661131163,0.8666420578956604
51,1,15,0.8662948608398438,0.14655184745788574,0.8433699146331526,0.20245678923743096,0.9843595027923584
51,1,16,0.07303177565336227,0.3515932261943817,0.021220465815216888,0.3887457414684801,0.838962197303772
51,1,17,0.8441775441169739,0.08228164166212082,0.8181603099950006,0.13754910992973296,0.9534801244735718
51,1,18,0.0775885283946991,0.28078100085258484,0.026883473427625787,0.3687749100589295,0.7305049300193787
51,1,19,0.81069415807724,0.0737372562289238,0.7869911215220081,0.12288347053188582,0.9478096961975098
51,1,20,0.13999159634113312,0.3090979754924774,0.05213355208850166,0.35910729976863376,0.7218474745750427
51,1,21,0.8044283390045166,0.10210394114255905,0.7791020093590654,0.15106941496179963,0.9456779360771179
51,1,22,0.1500106304883957,0.31701743602752686,0.05880687773286087,0.36399309979229383,0.7547074556350708
51,1,23,0.5847181677818298,0.8267375230789185,0.5843885674538801,0.8103287284756971,0.9848961234092712
51,1,24,0.2732788324356079,0.8310824632644653,0.2639393814053268,0.8151662010664446,0.9806234240531921
51,1,25,0.6252239346504211,1.1677446365356445,0.6194467721396844,1.1283498280066084,0.2089674323797226
51,1,26,0.29779767990112305,1.1733375787734985,0.2891140242306997,1.1289731568694408,0.15685351192951202
51,1,27,0.6509307026863098,1.4627430438995361,0.6461062391865994,1.4144674941082944,0.07145991176366806
51,1,28,0.34743982553482056,1.4611725807189941,0.3430539410118617,1.411924271735632,0.01825929991900921
51,1,29,0.6757270097732544,1.5068129301071167,0.664398926679294,1.4557044747212886,0.06491434574127197
51,1,30,0.36017507314682007,1.5046441555023193,0.3524719801329422,1.4550508542345386,0.03172186017036438
51,1,31,0.593533456325531,1.5736408233642578,0.594988576003414,1.5243854593182813,0.04750002175569534
51,1,32,0.3664443790912628,1.573290467262268,0.373586946215417,1.5158751032633295,0.012566382996737957
52,1,0,0.31590402126312256,0.15105438232421875,0.3211558596744342,0.1494825915898431,0.999192476272583
52,1,1,0.3417828381061554,0.11933499574661255,0.34653465463285615,0.11783786818773524,0.9993032813072205
52,1,2,0.36358001828193665,0.11768928915262222,0.36986610627285055,0.11633752651313654,0.9993540048599243
52,1,3,0.3870867192745209,0.11678357422351837,0.3939563238724742,0.11547958222784041,0.9993879795074463
52,1,4,0.2828076183795929,0.12575700879096985,0.28794678106710375,0.12341531447335471,0.9992384910583496
52,1,5,0.2671484649181366,0.12807302176952362,0.27095058560778645,0.12545379733250758,0.9990484714508057
52,1,6,0.25337010622024536,0.13059741258621216,0.2541614811656772,0.12775918439781364,0.9989461302757263
52,1,7,0.4284854233264923,0.1319519728422165,0.44289932743073,0.13115801409070707,0.9995602369308472
52,1,8,0.25031185150146484,0.14939092099666595,0.24542643444015363,0.146672972794835,0.9992194771766663
52,1,9,0.3732222020626068,0.18305137753486633,0.37420007151826085,0.18121440327741242,0.9995215535163879
52,1,10,0.2951091229915619,0.1876324862241745,0.2993619101498679,0.18575458673267867,0.9992061257362366
52,1,11,0.6630404591560364,0.30583539605140686,0.6525202689851431,0.3080949887454013,0.9978142976760864
52,1,12,0.16882222890853882,0.35270553827285767,0.15628536384832667,0.3447973640578467,0.9909660816192627
52,1,13,0.9865379929542542,0.3821324408054352,0.9488406687451302,0.415763052704663,0.99055415391922
52,1,14,0.064446821808815,0.5387260317802429,0.019503516830581456,0.49916622610793515,0.8770526051521301
52,1,15,0.8631482720375061,0.14014066755771637,0.8467970262346096,0.19164520406323562,0.985511064529419
52,1,16,0.09191219508647919,0.35672810673713684,0.03348813826718665,0.3831958911306381,0.8525893092155457
52,1,17,0.8387215733528137,0.07107820361852646,0.8217231796655473,0.12601523602149522,0.9559435248374939
52,1,18,0.08387602120637894,0.3062368333339691,0.03676976582371683,0.35792479254688675,0.7503041625022888
52,1,19,0.808616042137146,0.06503941118717194,0.7907384120714283,0.11284911014008488,0.9502310156822205
52,1,20,0.11849527806043625,0.31543660163879395,0.06364833303713723,0.3515348975380579,0.7418407797813416
52,1,21,0.7933320999145508,0.0942734032869339,0.7815673280515943,0.14121717749671633,0.9482545852661133
52,1,22,0.13430093228816986,0.3240346312522888,0.07190982889462039,0.3570651590876568,0.7721209526062012
52,1,23,0.5957667231559753,0.8268325924873352,0.5863596003758034,0.8131881338533646,0.984136164188385
52,1,24,0.284205824136734,0.8318321108818054,0.2674510648762924,0.8180536958739796,0.9798269867897034
52,1,25,0.6305513381958008,1.1697224378585815,0.6213703961087742,1.1355232855847746,0.19769792258739471
52,1,26,0.31323739886283875,1.175979733467102,0.29329451174023935,1.1371248514701944,0.14691007137298584
52,1,27,0.6585469245910645,1.466748595237732,0.6482614041996894,1.4235352965047174,0.06471456587314606
52,1,28,0.36194130778312683,1.4662787914276123,0.34632653255045825,1.4213522888324015,0.016742007806897163
52,1,29,0.6806552410125732,1.5106195211410522,0.6672154161575136,1.4652298695363122,0.05885672941803932
52,1,30,0.37374651432037354,1.5093127489089966,0.3561584572923842,1.4644627785626076,0.029222525656223297
52,1,31,0.6061272621154785,1.5769412517547607,0.5969181134409824,1.5335009796957617,0.04293040931224823
52,1,32,0.3782182037830353,1.5767496824264526,0.3743890559788192,1.5264361183519333,0.011685860343277454
53,1,0,0.3202054798603058,0.1518126279115677,0.32099127679869316,0.14988611392615192,0.9992267489433289
53,1,1,0.34632670879364014,0.11952988803386688,0.34649864422192533,0.11813089138984266,0.9993373155593872
53,1,2,0.3680237829685211,0.117826446890831,0.369547051646573,0.11659537546977024,0.9993789792060852
53,1,3,0.39144453406333923,0.1168408989906311,0.3935213218764523,0.11571533208055049,0.9994140267372131
53,1,4,0.2871953845024109,0.12590734660625458,0.28781665805329865,0.12384689381094545,0.9992793798446655
53,1,5,0.27169787883758545,0.1281953603029251,0.2710799976405932,0.12592859490625471,0.9990962743759155
53,1,6,0.25851982831954956,0.13067995011806488,0.2549163171465993,0.12826501992632408,0.9990049600601196
53,1,7,0.4317212700843811,0.13203352689743042,0.4409629612305636,0.1313096312640414,0.9995797872543335
53,1,8,0.2549538314342499,0.14925920963287354,0.24707677059802663,0.14712086812810776,0.9992623329162598
53,1,9,0.3778880536556244,0.1842620074748993,0.3748387920431854,0.18174220744950376,0.9995484352111816
53,1,10,0.29997679591178894,0.18854698538780212,0.29946839218803567,0.1862381890185617,0.9992529153823853
53,1,11,0.6616681814193726,0.3057594299316406,0.6541048534507372,0.30769050993959923,0.9979119300842285
53,1,12,0.1734706610441208,0.3535473048686981,0.15926288633931365,0.3463129963176666,0.991503119468689
53,1,13,0.9813632369041443,0.3737245202064514,0.9544781482418109,0.4084739973625029,0.991224467754364
53,1,14,0.07910388708114624,0.5488724112510681,0.029843003766331186,0.5077867407767268,0.8867730498313904
53,1,15,0.8591699600219727,0.12806284427642822,0.8489404753187542,0.18061351432129377,0.9862645268440247
53,1,16,0.10150684416294098,0.359663724899292,0.04529101637772494,0.379117927291395,0.863004207611084
53,1,17,0.8328543901443481,0.06778832525014877,0.8236514514403649,0.1159143406438654,0.9566594362258911
53,1,18,0.0923883244395256,0.31751149892807007,0.04641733380412319,0.35091788854801914,0.76253342628479
53,1,19,0.8030129671096802,0.06429263949394226,0.792864815009333,0.10442824114105162,0.9506621360778809
53,1,20,0.1136806383728981,0.31985220313072205,0.07232546942077471,0.34604316221006837,0.7539770603179932
53,1,21,0.794073760509491,0.09159739315509796,0.7837339117413303,0.13261163380608929,0.9485878944396973
53,1,22,0.1323813498020172,0.32819274067878723,0.08240072169193402,0.3520609652088342,0.7825746536254883
53,1,23,0.5970776081085205,0.8292950987815857,0.588216240096741,0.815978740422483,0.983513593673706
53,1,24,0.28878769278526306,0.8336821794509888,0.27114830631883846,0.8207613642774075,0.9792740941047668
53,1,25,0.6304857134819031,1.17820143699646,0.6229493322733546,1.1429233945403645,0.18758699297904968
53,1,26,0.3191412389278412,1.1843113899230957,0.2977738826461825,1.1453077961641533,0.1373312771320343
53,1,27,0.6588996052742004,1.4792625904083252,0.6501042161189767,1.4332018176008818,0.05873364955186844
53,1,28,0.36730000376701355,1.4788047075271606,0.34996080977507327,1.4313185750224422,0.015368112362921238
53,1,29,0.6809822916984558,1.5225921869277954,0.669600419927477,1.4751804920029958,0.0534738153219223
53,1,30,0.37884917855262756,1.5213044881820679,0.3600905016612225,1.4743229438842425,0.02693343162536621
53,1,31,0.6067543625831604,1.5901769399642944,0.5986219654968931,1.543332336935219,0.03883083164691925
53,1,32,0.3826592266559601,1.5898382663726807,0.3758215633278864,1.5374364708844088,0.010833650827407837
54,1,0,0.3264031708240509,0.1518334299325943,0.3219286098611675,0.15022335178616583,0.9992126822471619
54,1,1,0.3519260287284851,0.11945439875125885,0.3474386604852038,0.11836009323341043,0.9993289113044739
54,1,2,0.3739648163318634,0.11771678924560547,0.37031217976172187,0.11678957804859995,0.9993535876274109
54,1,3,0.39685115218162537,0.11675482243299484,0.3940980079543914,0.11589534699918938,0.9993866682052612
54,1,4,0.2935734689235687,0.1259453296661377,0.28881374048591224,0.12421030438933214,0.9992959499359131
54,1,5,0.2784784734249115,0.128334641456604,0.27236148053406756,0.1263452818662659,0.9991220831871033
54,1,6,0.2661612331867218,0.13088570535182953,0.2568642635074466,0.12871888167448522,0.9990454316139221
54,1,7,0.4368637502193451,0.13206465542316437,0.4402530093697044,0.13144038230880667,0.9995535612106323
54,1,8,0.2650224268436432,0.14921890199184418,0.2501861054151718,0.14748420908996712,0.9992831349372864
54,1,9,0.384650856256485,0.18455760180950165,0.376538453751854,0.18222979258896344,0.999535083770752
54,1,10,0.3078417181968689,0.18900136649608612,0.30091877055227156,0.1867167302072151,0.9992583990097046
54,1,11,0.669621467590332,0.30506432056427,0.6567931276894067,0.3072356949216926,0.9976211786270142
54,1,12,0.1882784366607666,0.35372278094291687,0.1642919056842272,0.3475964400007958,0.9919568300247192
54,1,13,0.9693236351013184,0.36941295862197876,0.9570501060247435,0.4017018147384208,0.9914459586143494
54,1,14,0.10449231415987015,0.5612741708755493,0.042799045199449784,0.5170640909221851,0.8950462341308594
54,1,15,0.876022458076477,0.1348196566104889,0.8536341402959514,0.17267241100487893,0.9847932457923889
54,1,16,0.0895797535777092,0.3961290419101715,0.05297071801701917,0.3820652613971948,0.8731693029403687
54,1,17,0.8476513624191284,0.07127635180950165,0.8278105801105389,0.10817393853219122,0.9503446221351624
54,1,18,0.08387183398008347,0.341907799243927,0.052910640472810466,0.34935718129063326,0.7778851985931396
54,1,19,0.8106575608253479,0.07030665874481201,0.7959476758437739,0.09851329730207195,0.942873477935791
54,1,20,0.1046801432967186,0.3312763273715973,0.07793379056870571,0.3434848451265258,0.7698278427124023
54,1,21,0.8022641539573669,0.1005694717168808,0.7869446211447162,0.12705750445942365,0.9414355754852295
54,1,22,0.127679243683815,0.3492480516433716,0.09025228911033614,0.3515738099546534,0.7959185242652893
54,1,23,0.6013732552528381,0.8286782503128052,0.5904955476504468,0.8181787642164752,0.9829562902450562
54,1,24,0.303091436624527,0.8327965140342712,0.27668522368657356,0.8228462546715495,0.9792921543121338
54,1,25,0.6383962631225586,1.1708143949508667,0.6256255272065653,1.1477573618280779,0.18081679940223694
54,1,26,0.3326147794723511,1.174588680267334,0.3038136219397142,1.150382867370327,0.12992732226848602
54,1,27,0.6686608791351318,1.4668879508972168,0.653319476416687,1.4390411901578195,0.05339758098125458
54,1,28,0.38559067249298096,1.4657412767410278,0.3561374621652554,1.4372857648551174,0.014299098402261734
54,1,29,0.6914429068565369,1.5099157094955444,0.6733853794832583,1.4812019095912237,0.04856725037097931
54,1,30,0.3990178108215332,1.5084543228149414,0.3668394540628661,1.4802395807831654,0.02503114938735962
54,1,31,0.6132241487503052,1.5774668455123901,0.6011517437608369,1.5492495133320354,0.035189781337976456
54,1,32,0.3987349569797516,1.5745689868927002,0.3797922252215346,1.5438739338131937,0.010109991766512394
55,1,0,0.32381194829940796,0.15178479254245758,0.32225476711052214,0.15049376030139383,0.9992204308509827
55,1,1,0.3489048480987549,0.1194082573056221,0.34769257217779087,0.11854161028105711,0.9993255138397217
55,1,2,0.37080997228622437,0.1176719218492508,0.37039838404931696,0.11694237821342328,0.9993436932563782
55,1,3,0.39368686079978943,0.11673139035701752,0.39402680834768405,0.11604012886857772,0.9993730783462524
55,1,4,0.29088276624679565,0.1259264051914215,0.2891720570994511,0.1245074981367719,0.9993049502372742
55,1,5,0.2757641673088074,0.12831279635429382,0.2729507859782486,0.1266860179258306,0.9991400837898254
55,1,6,0.2632558345794678,0.13086016476154327,0.2579713081617485,0.12908971308632494,0.9990656971931458
55,1,7,0.43325182795524597,0.13212259113788605,0.43904035304831357,0.13155852332567264,0.9995487928390503
55,1,8,0.2612951695919037,0.14916126430034637,0.2521105106123513,0.14777464059786696,0.999296247959137
55,1,9,0.38167014718055725,0.18469317257404327,0.3774272491522801,0.1826564094708981,0.999541699886322
55,1,10,0.3053906559944153,0.18897998332977295,0.301693273607419,0.1871086860516952,0.9992699027061462
55,1,11,0.6593253016471863,0.30456119775772095,0.6572316591368538,0.3067725130759553,0.9976407289505005
55,1,12,0.18113118410110474,0.3556140959262848,0.16720944884497638,0.34898519802531874,0.9923176765441895
55,1,13,0.965169370174408,0.3477759063243866,0.9584564711542688,0.39234827396510175,0.9918038249015808
55,1,14,0.08710695803165436,0.552135705947876,0.05048208694870856,0.5231438746607131,0.9029446840286255
55,1,15,0.8645404577255249,0.12742364406585693,0.8555234280632937,0.16482596297962304,0.9855425953865051
55,1,16,0.06745878607034683,0.3953954875469208,0.055480715024470585,0.3843745918711097,0.883622407913208
55,1,17,0.8337593078613281,0.06793593615293503,0.8288409197802956,0.10119743632318141,0.9513809680938721
55,1,18,0.07845959067344666,0.34202322363853455,0.057338359169736904,0.34808687387569615,0.7934368848800659
55,1,19,0.7947605848312378,0.06968939304351807,0.7957421007668403,0.09351749828027875,0.9436054229736328
55,1,20,0.10262953490018845,0.331765741109848,0.08221353947308647,0.34145472540875527,0.7855734825134277
55,1,21,0.786971390247345,0.0991545021533966,0.7869492568049113,0.12222145285730218,0.9421889185905457
55,1,22,0.12372582405805588,0.3487960994243622,0.09605474866260041,0.35109275182078753,0.8096128106117249
55,1,23,0.6006047129631042,0.8272242546081543,0.5922466889885077,0.8197456048384458,0.9819498658180237
55,1,24,0.2997044622898102,0.8343017101287842,0.2806742355155177,0.8248306879839167,0.9782844185829163
55,1,25,0.6366398334503174,1.1730952262878418,0.6275335121919031,1.1521484906127544,0.17280970513820648
55,1,26,0.3340390920639038,1.1823842525482178,0.3090525431409988,1.1559299167568238,0.12209317088127136
55,1,27,0.6731899380683899,1.4700156450271606,0.6567625115489629,1.4444100644878641,0.04858566075563431
55,1,28,0.39167022705078125,1.4715005159378052,0.36229726623076025,1.4432168674493864,0.01318628340959549
55,1,29,0.6978888511657715,1.513437271118164,0.6776317862648518,1.48678955167115,0.044295258820056915
55,1,30,0.40576252341270447,1.5134004354476929,0.37358767318725433,1.485987809070057,0.02339863032102585
55,1,31,0.6193605661392212,1.580685019493103,0.6043067024281646,1.5546983781458283,0.0318591333925724
55,1,32,0.40549615025520325,1.5818017721176147,0.38424683208981825,1.5504494322228068,0.009522560052573681
56,1,0,0.31684058904647827,0.15117080509662628,0.32131703667826256,0.1506110070229538,0.9992613196372986
56,1,1,0.3411840796470642,0.11912984400987625,0.3465652703115251,0.11864347694107956,0.9993669390678406
56,1,2,0.3629196286201477,0.11747889220714569,0.36910299022285686,0.11703528822669057,0.9993781447410583
56,1,3,0.3850819170475006,0.1165512353181839,0.39247739709267004,0.11612863890046973,0.9994077682495117
56,1,4,0.2843261659145355,0.12528729438781738,0.2883327676773025,0.12464253918186931,0.9993483424186707
56,1,5,0.2694680690765381,0.12763412296772003,0.2723476177586874,0.12685020664015006,0.9991911053657532
56,1,6,0.25699159502983093,0.1302984207868576,0.2578016454084574,0.1292990334781291,0.999125599861145
56,1,7,0.4239257574081421,0.13210411369800568,0.4364217555581553,0.13165300515277933,0.9995736479759216
56,1,8,0.2545348107814789,0.14908641576766968,0.25253035866762463,0.1480018106116486,0.9993429183959961
56,1,9,0.3730766773223877,0.1844622641801834,0.37667375841640516,0.18296914761137034,0.9995713233947754
56,1,10,0.2985963225364685,0.18875166773796082,0.3011569220295789,0.18739321642905576,0.9993166327476501
56,1,11,0.6438949108123779,0.30381491780281067,0.6549211973430923,0.30626029862470083,0.9977444410324097
56,1,12,0.1760106235742569,0.35579532384872437,0.16873395663062088,0.3501647539578842,0.9926177263259888
56,1,13,0.9430755972862244,0.350226491689682,0.9557917273081512,0.3850447651909685,0.9922266602516174
56,1,14,0.08081096410751343,0.5549525618553162,0.05573894458525299,0.5286574790444629,0.9097791314125061
56,1,15,0.8434818983078003,0.12561945617198944,0.8534374452179218,0.1580285194540101,0.9862794280052185
56,1,16,0.057837750762701035,0.39463096857070923,0.05588891286408855,0.3861512440397622,0.8912265300750732
56,1,17,0.8167079091072083,0.06818943470716476,0.8267390879269338,0.09547572321483591,0.9524936676025391
56,1,18,0.05280688777565956,0.342468798160553,0.05655353274967032,0.3471138229092027,0.8022698163986206
56,1,19,0.7816681265830994,0.06614266335964203,0.7933038855669938,0.08877306270531816,0.944602370262146
56,1,20,0.07943055778741837,0.3345426023006439,0.0817315676883396,0.34025749978129755,0.7946562170982361
56,1,21,0.7706360220909119,0.0955837145447731,0.7841229126391258,0.11760486982310847,0.9430611729621887
56,1,22,0.11108765751123428,0.34955060482025146,0.09865918178419489,0.3508256848104681,0.8176149725914001
56,1,23,0.5949379205703735,0.8272675275802612,0.5927127687362622,0.8210484765843009,0.9822754859924316
56,1,24,0.2931247353553772,0.8363446593284607,0.28283110257822186,0.8268252614717536,0.9784833788871765
56,1,25,0.6291645169258118,1.1802537441253662,0.627815968068189,1.1570196197001457,0.16694146394729614
56,1,26,0.32539981603622437,1.1896202564239502,0.31188480331650126,1.1617700201133454,0.11532586067914963
56,1,27,0.6619188189506531,1.4822465181350708,0.6576555709353924,1.4509696950006705,0.04428793117403984
56,1,28,0.3800143301486969,1.484903335571289,0.3653669765119963,1.4504448059656967,0.012267970480024815
56,1,29,0.6844409704208374,1.5252249240875244,0.6788111784342867,1.4934531357288277,0.04044714570045471
56,1,30,0.39298710227012634,1.527282476425171,0.3769490449954053,1.4931477294772204,0.02195952832698822
56,1,31,0.6114717721939087,1.5958542823791504,0.6055477492915126,1.5618342061633386,0.028926629573106766
56,1,32,0.39823389053344727,1.5984818935394287,0.3866699999203314,1.5587792791322594,0.009149979799985886
57,1,0,0.3127998411655426,0.15038155019283295,0.3198417291883918,0.15057127154454222,0.9992758631706238
57,1,1,0.3378068208694458,0.11894793063402176,0.34504816282264555,0.11869619988890422,0.9993788599967957
57,1,2,0.3591720163822174,0.11756917834281921,0.3673827215627667,0.11712774384654513,0.9993772506713867
57,1,3,0.38130271434783936,0.11680620163679123,0.3905416176036769,0.11624597531756475,0.9994139075279236
57,1,4,0.2808314561843872,0.12471124529838562,0.2870334663015111,0.12465443709415448,0.9993699193000793
57,1,5,0.2656705379486084,0.12703780829906464,0.2711911101586004,0.1268826939379158,0.9992151856422424
57,1,6,0.2529815137386322,0.12966789305210114,0.25696681824711665,0.1293629098650312,0.9991632699966431
57,1,7,0.4204937517642975,0.1332630068063736,0.4336621683789592,0.13193182379399568,0.9995779395103455
57,1,8,0.25050219893455505,0.15009577572345734,0.25217911912631036,0.14836444689263753,0.9993604421615601
57,1,9,0.36695533990859985,0.18447822332382202,0.3749903201522064,0.1832304871967699,0.9995791912078857
57,1,10,0.29368874430656433,0.18836939334869385,0.29986336113659323,0.1875622666510324,0.9993325471878052
57,1,11,0.6350095868110657,0.30247244238853455,0.6514710234253243,0.3056042781234155,0.9977502822875977
57,1,12,0.17333371937274933,0.36052775382995605,0.16953061047245593,0.35195988134708034,0.9930192232131958
57,1,13,0.9328760504722595,0.33612218499183655,0.9518206749585377,0.37656033290121094,0.9927448630332947
57,1,14,0.07965359091758728,0.5859535932540894,0.05988323622317451,0.538596583109096,0.9171633124351501
57,1,15,0.8332488536834717,0.12645776569843292,0.8499392675243198,0.15255618411389874,0.9870031476020813
57,1,16,0.056967511773109436,0.39383527636528015,0.05607570042032181,0.3874822011020859,0.9007819890975952
57,1,17,0.8083149194717407,0.06806512176990509,0.8235468151322028,0.09072508235259277,0.9530410170555115
57,1,18,0.045306529849767685,0.3481394350528717,0.05460521980021025,0.3472914343160598,0.8177968859672546
57,1,19,0.7685328722000122,0.06804995983839035,0.7890111004704018,0.08518218282077215,0.9446824193000793
57,1,20,0.077855184674263,0.34311044216156006,0.08106021281709426,0.3407515884026594,0.8105529546737671
57,1,21,0.7589260935783386,0.09727054089307785,0.7797562762973433,0.11408139835252337,0.9441566467285156
57,1,22,0.1083989068865776,0.35497644543647766,0.10034630928925298,0.3515445648966985,0.831774115562439
57,1,23,0.5954863429069519,0.8304983377456665,0.5931931102229555,0.8226853812035809,0.9822453856468201
57,1,24,0.2898170053958893,0.8431990146636963,0.2840411095788676,0.8296621126289428,0.9787641167640686
57,1,25,0.6272355914115906,1.183422565460205,0.6277154620009772,1.1615954742716872,0.15479576587677002
57,1,26,0.3185107707977295,1.1953775882720947,0.31303245545984365,1.1675957594301525,0.10656456649303436
57,1,27,0.6566359400749207,1.4928960800170898,0.6574789952292507,1.4582392804814066,0.03996046259999275
57,1,28,0.3710275888442993,1.4964380264282227,0.3663473955298267,1.4584205139907207,0.01114235445857048
57,1,29,0.6789682507514954,1.538238286972046,0.6788383788784473,1.501219067324335,0.03652351722121239
57,1,30,0.3835832178592682,1.5404446125030518,0.37809811853626374,1.5013498268322694,0.019938506186008453
57,1,31,0.6064532399177551,1.603968858718872,0.6057045579492651,1.5691399489543567,0.026102466508746147
57,1,32,0.3890669047832489,1.6088651418685913,0.387085103625056,1.567465763795059,0.00838154274970293
58,1,0,0.3105166256427765,0.15050868690013885,0.3182264406991742,0.150560433696269,0.9992981553077698
58,1,1,0.33570730686187744,0.11916704475879669,0.34343014480466594,0.11877773758830851,0.9993975758552551
58,1,2,0.3568199574947357,0.11790898442268372,0.3655529780478885,0.11726303501737181,0.9993868470191956
58,1,3,0.3789229393005371,0.11725261807441711,0.3885288985619666,0.11642030164450047,0.9994279742240906
58,1,4,0.2791178822517395,0.12479923665523529,0.2856623918965945,0.12467951224763475,0.999396800994873
58,1,5,0.2638513743877411,0.1271299421787262,0.26991980164776447,0.1269255104122637,0.9992468357086182
58,1,6,0.2509782910346985,0.12976102530956268,0.2559295934168296,0.12943185262885976,0.9992058277130127
58,1,7,0.418110191822052,0.13432876765727997,0.4309677600937652,0.13234693420241508,0.9995841979980469
58,1,8,0.24816904962062836,0.15078981220722198,0.2514846083780296,0.1487844797835958,0.9993854761123657
58,1,9,0.36348235607147217,0.18496379256248474,0.3729967872151144,0.1835306605782403,0.9995847940444946
58,1,10,0.29109400510787964,0.1886366605758667,0.29834436426596195,0.18774832623112017,0.99934983253479
58,1,11,0.6289867758750916,0.30298900604248047,0.6475747761795849,0.30515135395862647,0.9977896809577942
58,1,12,0.16890360414981842,0.3632844090461731,0.1694220292281072,0.35392162579599146,0.9933915734291077
58,1,13,0.9235163927078247,0.33706381916999817,0.9469150368602295,0.3697125597304103,0.9932560324668884
58,1,14,0.07869132608175278,0.592642605304718,0.06314208716032485,0.5479709863460689,0.9237453937530518
58,1,15,0.8265015482902527,0.12679462134838104,0.8458776971808671,0.14809156891869862,0.987832248210907
58,1,16,0.05619298666715622,0.4021691381931305,0.05609601101318281,0.3900266720201569,0.9093710780143738
58,1,17,0.8016756176948547,0.06791240721940994,0.8197568941555837,0.08677187426637097,0.9548954367637634
58,1,18,0.03850918635725975,0.35328125953674316,0.05181650589598046,0.34832888316319915,0.8318704962730408
58,1,19,0.7609562873840332,0.06860953569412231,0.7841487524258826,0.08231084920867303,0.9465433955192566
58,1,20,0.06538226455450058,0.3503016531467438,0.07834396950300898,0.34240585528657935,0.8249967098236084
58,1,21,0.7521809935569763,0.09769918024539948,0.7749771038977133,0.11124307480756199,0.9464377164840698
58,1,22,0.101284921169281,0.3594200909137726,0.10050885384505907,0.3529086986213364,0.8445805907249451
58,1,23,0.5892922282218933,0.829942524433136,0.5925175119802919,0.823942380413779,0.9822525978088379
58,1,24,0.2862870991230011,0.841831624507904,0.2844300752286399,0.8317702873489191,0.9790544509887695
58,1,25,0.6206846833229065,1.1822651624679565,0.6264976789180989,1.165177089064716,0.14584673941135406
58,1,26,0.314390629529953,1.1938976049423218,0.31326766104614134,1.1721540794815484,0.0998658537864685
58,1,27,0.6494560837745667,1.4921461343765259,0.6560893261997355,1.4641169499292495,0.03612535446882248
58,1,28,0.36579811573028564,1.4951257705688477,0.3662522747706943,1.464783816898501,0.010210446082055569
58,1,29,0.6710510849952698,1.5370817184448242,0.6774895314185667,1.5074361349754586,0.03303266316652298
58,1,30,0.3778713643550873,1.5385500192642212,0.37805885108104004,1.5077990286231866,0.018229756504297256
58,1,31,0.6014990210533142,1.6011817455291748,0.6049761897212482,1.574694004475152,0.02360629290342331
58,1,32,0.38400664925575256,1.6061205863952637,0.3865519561762777,1.5741674420703533,0.007738054264336824
59,1,0,0.3087582588195801,0.14988653361797333,0.3165863613446467,0.15044373157034993,0.9993444085121155
59,1,1,0.33362969756126404,0.1193661242723465,0.3417324933379921,0.11887963073653737,0.9994303584098816
59,1,2,0.35442036390304565,0.11834421008825302,0.3636244889315291,0.1174502689691027,0.999416172504425
59,1,3,0.37639719247817993,0.11785963922739029,0.3864272748265551,0.11666956355664627,0.9994562864303589
59,1,4,0.27740269899368286,0.1249101534485817,0.2842316990277746,0.12471945282750917,0.9994344115257263
59,1,5,0.2620064914226532,0.12738656997680664,0.26854912134830417,0.1270053535360981,0.9992950558662415
59,1,6,0.24904035031795502,0.13007418811321259,0.25473633059492523,0.12954308847597695,0.9992591738700867
59,1,7,0.41525641083717346,0.13552641868591309,0.428245727420026,0.13289758045499547,0.9996047616004944
59,1,8,0.24545836448669434,0.15222126245498657,0.25044084980413583,0.14937969141905819,0.9994199872016907
59,1,9,0.3605111241340637,0.1847590059041977,0.37083382336209103,0.18374338187909647,0.9996062517166138
59,1,10,0.2887149453163147,0.18794624507427216,0.29667634734350995,0.18778260018366139,0.9993861317634583
59,1,11,0.6237125992774963,0.3018829822540283,0.6434395793748645,0.3045853120536193,0.997918963432312
59,1,12,0.16307297348976135,0.3666498363018036,0.16832234827781112,0.35612662282178503,0.9938738942146301
59,1,13,0.9220268726348877,0.3304842710494995,0.9426019142525996,0.36291134581547896,0.9938026666641235
59,1,14,0.07668697834014893,0.596965491771698,0.06548862031757613,0.5564679070852482,0.9305176734924316
59,1,15,0.8188217282295227,0.12602347135543823,0.8411885997113216,0.14426747641903465,0.9888930916786194
59,1,16,0.0631113201379776,0.41014936566352844,0.057311112275189154,0.39351344206051764,0.9180193543434143
59,1,17,0.7982079982757568,0.06746894121170044,0.8160228551622873,0.08342722337823892,0.9583152532577515
59,1,18,0.042102277278900146,0.3630121648311615,0.05013379288172013,0.35087271952195603,0.8472375869750977
59,1,19,0.7570974826812744,0.0684729516506195,0.7794604716167791,0.07991352900943649,0.9504340887069702
59,1,20,0.0678415298461914,0.35518577694892883,0.07652467899755643,0.3446198143947709,0.8408799767494202
59,1,21,0.7474403977394104,0.09716383367776871,0.7702046192288333,0.10880392623398885,0.9505317807197571
59,1,22,0.09860337525606155,0.3646712005138397,0.10017886162965259,0.35494634026315297,0.8586241602897644
59,1,23,0.5963521003723145,0.8271725177764893,0.5931816265909935,0.824501800059051,0.9828881025314331
59,1,24,0.288709431886673,0.8461902141571045,0.2851712294721097,0.8342684796198594,0.9799654483795166
59,1,25,0.6339069604873657,1.183125615119934,0.6277810347525069,1.168286929770755,0.13662290573120117
59,1,26,0.3235531747341156,1.2005637884140015,0.31504936167341596,1.1770780196610997,0.093180812895298
59,1,27,0.6667972803115845,1.4930473566055298,0.6579442266944213,1.4691312145863027,0.032625962048769
59,1,28,0.3743189871311188,1.5033921003341675,0.3676495318417986,1.4714774139875317,0.009302333928644657
59,1,29,0.6893433928489685,1.5374059677124023,0.679543004166979,1.5126307172482776,0.029874805361032486
59,1,30,0.38616934418678284,1.547277569770813,0.37946369342253716,1.5146436828332428,0.01662493497133255
59,1,31,0.6194261312484741,1.6047033071517944,0.6074795827888091,1.57989543369664,0.021315690129995346
59,1,32,0.3927614390850067,1.6144635677337646,0.3876274576487929,1.5811540198113743,0.007116050459444523
60,1,0,0.3111388087272644,0.1505301147699356,0.3156428498629887,0.15045869065005688,0.9993818402290344
60,1,1,0.3364599645137787,0.11985946446657181,0.34081930057850146,0.1190493142478489,0.9994583129882812
60,1,2,0.3573898375034332,0.1188012883067131,0.36254462696631223,0.11768423546407623,0.9994369745254517
60,1,3,0.37949874997138977,0.11828657984733582,0.3852272066650637,0.11694959704614478,0.9994738698005676
60,1,4,0.28003546595573425,0.1254740208387375,0.28350494234509993,0.12485012487809129,0.9994722604751587
60,1,5,0.2647816836833954,0.12796758115291595,0.2678966372998048,0.12717198800659663,0.9993434548377991
60,1,6,0.25231629610061646,0.1306658685207367,0.2543172208324534,0.129737527669339,0.9993140697479248
60,1,7,0.41641148924827576,0.1359131634235382,0.42619565348819416,0.13341983847821806,0.9996078014373779
60,1,8,0.24625788629055023,0.15284137427806854,0.2497163916089403,0.14997921593228528,0.9994557499885559
60,1,9,0.3621443808078766,0.185588076710701,0.3693286726304246,0.18406284672972625,0.9996156692504883
60,1,10,0.2900054454803467,0.18879076838493347,0.2955209103312725,0.18795719068923486,0.9994173645973206
60,1,11,0.6243550777435303,0.30314910411834717,0.6401328046063629,0.3043365921498196,0.9979212284088135
60,1,12,0.16363748908042908,0.36746537685394287,0.1675109532431046,0.35809083257807145,0.9943010807037354
60,1,13,0.9278835654258728,0.33006545901298523,0.9400520007787608,0.3572177738072182,0.9942284822463989
60,1,14,0.07504452764987946,0.5981597900390625,0.06714389880873872,0.5636967798526306,0.9365833401679993
60,1,15,0.8212547302246094,0.1207970529794693,0.8377345772328746,0.14020021043607264,0.9895926117897034
60,1,16,0.0630263015627861,0.4172855317592621,0.05830098504456047,0.39763301481617946,0.925738513469696
60,1,17,0.8069750070571899,0.06054683402180672,0.8144556121272004,0.07946227611985848,0.9601109623908997
60,1,18,0.04219938442111015,0.3696354329586029,0.04875945668804023,0.3541237044189462,0.8609219789505005
60,1,19,0.7718789577484131,0.05877178907394409,0.7781472798454832,0.0762500657842254,0.9524281024932861
60,1,20,0.06780875474214554,0.3572194576263428,0.07501493975184109,0.3468025306974001,0.8550735712051392
60,1,21,0.7566260695457458,0.08591026812791824,0.7678522575394101,0.10483668054377336,0.9527164697647095
60,1,22,0.0980382189154625,0.3673003315925598,0.0998081409339745,0.35708648482198435,0.871083676815033
60,1,23,0.5984727144241333,0.8289363980293274,0.594098033411727,0.8252698450982972,0.9832192659378052
60,1,24,0.29435956478118896,0.8466548919677734,0.28676281901344175,0.8364142428343471,0.9807899594306946
60,1,25,0.6391469836235046,1.1832362413406372,0.6297499561368973,1.1708768794587694,0.13156162202358246
60,1,26,0.32869061827659607,1.1983942985534668,0.3174125967853516,1.1807717464558227,0.08826673775911331
60,1,27,0.6676424145698547,1.4924964904785156,0.6596241581465944,1.4731802443804727,0.029568664729595184
60,1,28,0.37609586119651794,1.5034420490264893,0.3691125601301729,1.4770180822862713,0.00854656845331192
60,1,29,0.6871280074119568,1.5352689027786255,0.6808568039225852,1.5165536623031082,0.027112126350402832
60,1,30,0.38693490624427795,1.5461604595184326,0.3807577793070869,1.5201066470695086,0.015227187424898148
60,1,31,0.6222174167633057,1.6064081192016602,0.6100328743585341,1.5844903207847743,0.01929686963558197
60,1,32,0.3990655839443207,1.6151378154754639,0.38960888753797585,1.5870450429433516,0.006557288579642773
61,1,0,0.3219199776649475,0.15120552480220795,0.31673006941164417,0.15058802336195995,0.9994055032730103
61,1,1,0.3433542847633362,0.12004265189170837,0.3412583189119092,0.11922133638036732,0.9994674921035767
61,1,2,0.3652311861515045,0.11870793998241425,0.3630098977535692,0.11786151656901565,0.9994412660598755
61,1,3,0.3860454559326172,0.11791660636663437,0.3853689069079341,0.11711705961518833,0.9994760155677795
61,1,4,0.2882516086101532,0.1259423941373825,0.28432704298979544,0.12503928014434001,0.9994938373565674
61,1,5,0.27319279313087463,0.12848080694675446,0.26881392216563843,0.12739864604455323,0.999374508857727
61,1,6,0.2609443962574005,0.13125713169574738,0.25546508189836853,0.13000069061706526,0.9993516206741333
61,1,7,0.42130979895591736,0.13597021996974945,0.42534944181491635,0.13386152374530289,0.9996031522750854
61,1,8,0.25436362624168396,0.15384237468242645,0.25052126875680397,0.15064827962701005,0.9994745254516602
61,1,9,0.37522605061531067,0.18619462847709656,0.3703501065712373,0.18443203257241794,0.9996142983436584
61,1,10,0.30447521805763245,0.18972361087799072,0.297071951221661,0.18826309919175208,0.9994315505027771
61,1,11,0.6421276330947876,0.30392298102378845,0.6404782710489229,0.30426496592224617,0.9979598522186279
61,1,12,0.17696696519851685,0.37176838517189026,0.16914892265953924,0.36046035842452717,0.9946653246879578
61,1,13,0.9385476112365723,0.3306449353694916,0.939791472889691,0.35261245283414056,0.994655966758728
61,1,14,0.08512100577354431,0.6089147329330444,0.07025868950392888,0.5715378607378421,0.9419140815734863
61,1,15,0.8255199193954468,0.1194058507680893,0.8356185836752316,0.136596978828562,0.9903830289840698
61,1,16,0.06271862983703613,0.4296664893627167,0.05906609291521749,0.40318561804561986,0.9327344298362732
61,1,17,0.8160485625267029,0.059232112020254135,0.8147314785136048,0.07595686699623938,0.9625970721244812
61,1,18,0.0426267646253109,0.37998533248901367,0.04769725739756101,0.35860566277654543,0.8735305070877075
61,1,19,0.7806671261787415,0.05776029825210571,0.778583677528039,0.07304639508007676,0.955254077911377
61,1,20,0.06773450970649719,0.361945778131485,0.07375390587092953,0.3494260922230215,0.8681187629699707
61,1,21,0.7672371864318848,0.08463502675294876,0.7677457434659238,0.10133621640020224,0.9556139707565308
61,1,22,0.09603399783372879,0.3758375346660614,0.09915449540334353,0.36033544870659956,0.8825392127037048
61,1,23,0.6170964241027832,0.8319178223609924,0.5980834334319123,0.8264213103747162,0.983483076095581
61,1,24,0.31621384620666504,0.8484706878662109,0.2918673883606277,0.8385028233387185,0.9814873337745667
61,1,25,0.6697899103164673,1.1855604648590088,0.6366920473859685,1.1734207716673872,0.13044357299804688
61,1,26,0.3613642454147339,1.2006473541259766,0.3250337914833748,1.1842156811535935,0.08566035330295563
61,1,27,0.6976349353790283,1.4968703985214233,0.6662140318057782,1.4772856125534561,0.026865916326642036
61,1,28,0.40432095527648926,1.512718677520752,0.3752160762835892,1.4832070255660637,0.007985025644302368
61,1,29,0.7150600552558899,1.5385873317718506,0.6867858947340316,1.5203717814172093,0.02467646449804306
61,1,30,0.4135030508041382,1.555712103843689,0.38643388342905827,1.5262790798134822,0.014114621095359325
61,1,31,0.6525474786758423,1.613987684249878,0.6174045667884143,1.5896029369490259,0.01753154583275318
61,1,32,0.4305138885974884,1.6258426904678345,0.3967011467226002,1.5937715084545994,0.006140611134469509
62,1,0,0.331615149974823,0.1503480225801468,0.319308882432285,0.15054646195400634,0.9994085431098938
62,1,1,0.35298728942871094,0.11872363090515137,0.34329014881979253,0.11913514707538159,0.9994699954986572
62,1,2,0.3758583962917328,0.11732562631368637,0.3652357402926236,0.11776871457267676,0.999436616897583
62,1,3,0.3956742584705353,0.11657290160655975,0.3871540443963765,0.11702282583956246,0.9994753003120422
62,1,4,0.29624003171920776,0.12514857947826385,0.2863907621555628,0.12505820765089465,0.999504804611206
62,1,5,0.28064459562301636,0.12777534127235413,0.270863376598626,0.12746387936728346,0.9993897676467896
62,1,6,0.2675127387046814,0.1307515949010849,0.2575521384993192,0.13013072818877444,0.9993769526481628
62,1,7,0.4311755299568176,0.13511481881141663,0.426358525993939,0.13407856593319104,0.9995964169502258
62,1,8,0.26006343960762024,0.15403273701667786,0.25217416698101985,0.15123442819736557,0.9994875192642212
62,1,9,0.3874327540397644,0.18580426275730133,0.37330983945432167,0.1846696724662731,0.999613344669342
62,1,10,0.3139589726924896,0.19026850163936615,0.299997772871461,0.1886103971175879,0.9994394183158875
62,1,11,0.6543462872505188,0.30418604612350464,0.6428808057872483,0.3042512992914029,0.9979546666145325
62,1,12,0.19096092879772186,0.37306642532348633,0.17292859942804473,0.3626441877128466,0.9948820471763611
62,1,13,0.9473490118980408,0.3261393904685974,0.9411005152220109,0.34802443849016174,0.9949946999549866
62,1,14,0.10088817030191422,0.614629328250885,0.0755677024416636,0.5790097190388095,0.9457359910011292
62,1,15,0.8289797306060791,0.11459926515817642,0.834468701150644,0.13278509398312202,0.9905223846435547
62,1,16,0.06849334388971329,0.433132141828537,0.06069907865501461,0.40837614970961794,0.9382739663124084
62,1,17,0.8125312924385071,0.053098563104867935,0.8143504464240572,0.07199575164667456,0.9617012143135071
62,1,18,0.05107500031590462,0.3831569254398346,0.048282242621862995,0.362860360848787,0.882882297039032
62,1,19,0.7805125713348389,0.05294622853398323,0.7789177254741972,0.06956352715535438,0.9540382027626038
62,1,20,0.07140711694955826,0.36326369643211365,0.07334748190742581,0.35182335752960103,0.8777284026145935
62,1,21,0.7701250910758972,0.08122678101062775,0.7681578069293531,0.09785174170893696,0.9551073312759399
62,1,22,0.10128583014011383,0.37766942381858826,0.09952360369106862,0.36333875056703013,0.8910030126571655
62,1,23,0.6247327923774719,0.8353052139282227,0.6027020183019828,0.8279601534573223,0.9838513135910034
62,1,24,0.3259129822254181,0.8510259389877319,0.29776912161858243,0.8406722772383615,0.9820629954338074
62,1,25,0.6723880171775818,1.1890590190887451,0.6428801773833216,1.176130133870621,0.12641502916812897
62,1,26,0.35771897435188293,1.2036092281341553,0.33069947159490054,1.1875760378013522,0.08184754103422165
62,1,27,0.6957882046699524,1.5018500089645386,0.671339966246243,1.4815425931186121,0.024318475276231766
62,1,28,0.398479163646698,1.5165364742279053,0.3792473799522251,1.4889845024312467,0.007348454091697931
62,1,29,0.7150322794914246,1.5435935258865356,0.691681495432294,1.5243959198756443,0.022362107411026955
62,1,30,0.40798819065093994,1.5594382286071777,0.39016887763873437,1.5320270067342763,0.012892126105725765
62,1,31,0.6454053521156311,1.621039867401123,0.6222575654108066,1.595052044470935,0.01585458777844906
62,1,32,0.425735205411911,1.6325880289077759,0.40173338575531053,1.6005012491555617,0.005639097187668085
63,1,0,0.3300012946128845,0.1500696837902069,0.3211610900713741,0.15046389675276464,0.999422550201416
63,1,1,0.3520349860191345,0.11841956526041031,0.3448048963871031,0.11901122659144746,0.999474823474884
63,1,2,0.3744312822818756,0.11704811453819275,0.3668285787989137,0.11764392504252402,0.9994391202926636
63,1,3,0.3948984742164612,0.11639811843633652,0.38849546480772873,0.11691464277706551,0.9994831085205078
63,1,4,0.2958988547325134,0.12501730024814606,0.2880377557452266,0.12505112367782747,0.9995148777961731
63,1,5,0.28049561381340027,0.1277141273021698,0.2725318807938006,0.127507215308435,0.9994029998779297
63,1,6,0.26757732033729553,0.1307080090045929,0.25928872942946124,0.13023069805862894,0.9993972778320312
63,1,7,0.4313570261001587,0.13508866727352142,0.4272242496442297,0.13425349122228966,0.9996023774147034
63,1,8,0.26052212715148926,0.15395621955394745,0.2536201517920992,0.15170580134367265,0.9994990825653076
63,1,9,0.38504090905189514,0.1856292188167572,0.3753420333825277,0.18483584259282307,0.9996185898780823
63,1,10,0.3116348385810852,0.19023798406124115,0.3020136766705791,0.18889226131372877,0.9994522333145142
63,1,11,0.651631772518158,0.30383196473121643,0.6443966152767057,0.3041786819079445,0.9980356097221375
63,1,12,0.18799367547035217,0.3734578490257263,0.1755386107674064,0.36451740626548673,0.9952000379562378
63,1,13,0.9496335983276367,0.32247740030288696,0.9425785749372082,0.34359703602185127,0.9954046010971069
63,1,14,0.0973920151591301,0.6102769374847412,0.0793495144722312,0.5844293839459231,0.949916660785675
63,1,15,0.8373897075653076,0.11464357376098633,0.8349745790555226,0.1296417962931393,0.9911895394325256
63,1,16,0.07798486948013306,0.43001383543014526,0.06369402594233166,0.412125602488812,0.9434807896614075
63,1,17,0.8220237493515015,0.052066534757614136,0.8156795470389859,0.06854252228545199,0.9636688232421875
63,1,18,0.056897442787885666,0.3824004828929901,0.04977452874008499,0.366246126129413,0.8917813897132874
63,1,19,0.7860084176063538,0.05201160907745361,0.7801458894764699,0.0665224417256901,0.956194281578064
63,1,20,0.07661671191453934,0.36337682604789734,0.07391367228444097,0.3538247753731496,0.8867826461791992
63,1,21,0.7751344442367554,0.08167029917240143,0.769366211233656,0.09504822362736066,0.9575503468513489
63,1,22,0.10343918949365616,0.3764515519142151,0.10020174812752804,0.36561039951497737,0.8990905284881592
63,1,23,0.6240473985671997,0.8316827416419983,0.6064007849501687,0.8286048689575304,0.9838499426841736
63,1,24,0.3212829828262329,0.8507250547409058,0.3018439126554265,0.8424136504447338,0.9821181297302246
63,1,25,0.6661579608917236,1.1888145208358765,0.6469140297088941,1.1783275376710483,0.11840073019266129
63,1,26,0.35177719593048096,1.2021738290786743,0.3343518309078289,1.1901050599457776,0.07657180726528168
63,1,27,0.6921696066856384,1.5001952648162842,0.6749493096179433,1.4847745044966965,0.021961770951747894
63,1,28,0.3939230442047119,1.5131608247756958,0.3817898971895676,1.4931741828573206,0.006725418847054243
63,1,29,0.7132079005241394,1.5423628091812134,0.695411651619137,1.5275089430354272,0.020213022828102112
63,1,30,0.40365836024284363,1.5561374425888062,0.39250580891483067,1.536205260959243,0.011742750182747841
63,1,31,0.6429910659790039,1.617527723312378,0.6258502395661141,1.5989468084891518,0.014331742189824581
63,1,32,0.4198109805583954,1.6282447576522827,0.40486559855857895,1.6053096280563433,0.005173053126782179
64,1,0,0.3274129331111908,0.14918319880962372,0.32224392959705045,0.15024210882827302,0.9994398355484009
64,1,1,0.34976789355278015,0.11776180565357208,0.34566447027457087,0.1187948553404852,0.9994816184043884
64,1,2,0.37153688073158264,0.11632995307445526,0.3676440341068845,0.1174163745816262,0.9994388222694397
64,1,3,0.3922646939754486,0.11558830738067627,0.38914825877351966,0.1166849511624169,0.9994902610778809
64,1,4,0.29456207156181335,0.12440503388643265,0.2891677976643569,0.12493923767041328,0.9995303750038147
64,1,5,0.2793023884296417,0.1271577626466751,0.2737045729757238,0.12744669970383293,0.9994204044342041
64,1,6,0.2665706276893616,0.13008418679237366,0.26055001691566987,0.130205326485538,0.9994252324104309
64,1,7,0.4281541407108307,0.1338464468717575,0.42738528400599635,0.13418300219669302,0.9995991587638855
64,1,8,0.25873881578445435,0.15286393463611603,0.2545066907959218,0.15190636310528072,0.9995118379592896
64,1,9,0.38078153133392334,0.1850571632385254,0.3762841491005078,0.1848741691034285,0.9996228218078613
64,1,10,0.3083260655403137,0.1890377700328827,0.30310700494031556,0.18891745927363213,0.9994713068008423
64,1,11,0.6438934803009033,0.30272307991981506,0.6443094856929337,0.30392660323101134,0.9980596899986267
64,1,12,0.18452849984169006,0.37308427691459656,0.1770958169974355,0.36600131970719957,0.99550461769104
64,1,13,0.9450645446777344,0.3233064115047455,0.94300910439977,0.3400811463896071,0.9957630038261414
64,1,14,0.0952892079949379,0.6074255704879761,0.0821111259093793,0.5884144091668235,0.9541553258895874
64,1,15,0.8289116621017456,0.11140694469213486,0.8339244691645915,0.12648231919381447,0.9917380809783936
64,1,16,0.07785701751708984,0.42848190665245056,0.06614768505138599,0.4149594295642991,0.9484860897064209
64,1,17,0.8149189352989197,0.04792938008904457,0.8155478285633015,0.06497071319789394,0.965167760848999
64,1,18,0.05772232636809349,0.382059246301651,0.05115118291830681,0.36898579787371805,0.9004598259925842
64,1,19,0.7808467745780945,0.04701467975974083,0.7802672649728859,0.06314228415063952,0.9577964544296265
64,1,20,0.0776878297328949,0.36308959126472473,0.07456731983673835,0.355429617428321,0.8956788778305054
64,1,21,0.7685981392860413,0.07636917382478714,0.7692332007342153,0.09181173980891487,0.9594846367835999
64,1,22,0.10219044238328934,0.3763161599636078,0.1005461522504448,0.36746492086476906,0.9070011377334595
64,1,23,0.6151803135871887,0.8314287662506104,0.6079215435738989,0.8290939268509737,0.983906090259552
64,1,24,0.3171893358230591,0.8500121235847473,0.3045025170253237,0.8437297843451105,0.9823813438415527
64,1,25,0.6554276943206787,1.188733696937561,0.6483887248964485,1.1801301447609591,0.1124541237950325
64,1,26,0.3482503890991211,1.2042721509933472,0.3367596610278408,1.1925594324799844,0.0720895305275917
64,1,27,0.6816772818565369,1.50421941280365,0.6761146333590519,1.4881437649030629,0.019868073984980583
64,1,28,0.38542452454566956,1.5194368362426758,0.3824193771436975,1.4977257023148454,0.006182887125760317
64,1,29,0.7021011710166931,1.5464414358139038,0.6965703137505906,1.5307893656708926,0.0183122418820858
64,1,30,0.39534881711006165,1.5627421140670776,0.3929981768689765,1.5408043391966126,0.010723653249442577
64,1,31,0.6340301036834717,1.6234662532806396,0.6272671012836196,1.60319599281608,0.012973176315426826
64,1,32,0.4117637276649475,1.6358634233474731,0.40606040075829286,1.610605519056977,0.004768878221511841
65,1,0,0.3249943256378174,0.1484851986169815,0.3227202569984514,0.14993784735059495,0.9994637966156006
65,1,1,0.34735485911369324,0.1172180026769638,0.3459572109624256,0.11852177768341415,0.9994962811470032
65,1,2,0.36866068840026855,0.11578567326068878,0.36782009421793854,0.11713397101444016,0.9994492530822754
65,1,3,0.3895365297794342,0.11504638195037842,0.38921549671659,0.11640118497292985,0.9995056986808777
65,1,4,0.2925981283187866,0.1240488812327385,0.2897618916879146,0.12478504987794796,0.999549150466919
65,1,5,0.27757397294044495,0.12691150605678558,0.2743747176330479,0.12735401834361654,0.9994426965713501
65,1,6,0.2652023732662201,0.12980663776397705,0.2613557814293146,0.130136284445268,0.9994548559188843
65,1,7,0.4255429804325104,0.13321101665496826,0.427066233222999,0.1340146778421311,0.9996083974838257
65,1,8,0.2576723098754883,0.15218879282474518,0.25505493543672964,0.15195527207880094,0.9995315074920654
65,1,9,0.3776533603668213,0.18386897444725037,0.37652126613944387,0.184700093560697,0.9996335506439209
65,1,10,0.30583178997039795,0.1880185604095459,0.30357889654199033,0.188761792103551,0.9994910955429077
65,1,11,0.6391816139221191,0.3015172481536865,0.6434213513682464,0.30350934325123946,0.9981223344802856
65,1,12,0.18294396996498108,0.3710583448410034,0.17810872387794527,0.3668771816336798,0.9958595037460327
65,1,13,0.9375926852226257,0.32247617840766907,0.9420709866472905,0.3370308646358972,0.9960713982582092
65,1,14,0.09266899526119232,0.6027529239654541,0.08394002041926354,0.5908984937478602,0.9580543041229248
65,1,15,0.8307926654815674,0.11248867213726044,0.833382081905017,0.12405800733006898,0.9921914935112
65,1,16,0.08058935403823853,0.4206106662750244,0.06864964461904158,0.41593822497516353,0.9529731869697571
65,1,17,0.8174328207969666,0.04969645291566849,0.8158742729746062,0.062324441083473237,0.9662734270095825
65,1,18,0.059609103947877884,0.37749651074409485,0.052616219186879885,0.3704599815350471,0.908315122127533
65,1,19,0.7796763777732849,0.04834401607513428,0.7801649389057381,0.060578515151292124,0.9588759541511536
65,1,20,0.0788700059056282,0.3593730628490448,0.07531251530914865,0.3561125877935949,0.9037258625030518
65,1,21,0.7692986130714417,0.0777902603149414,0.7692445282681487,0.08938260464154112,0.9610822200775146
65,1,22,0.10249596834182739,0.3740953803062439,0.10088382303269323,0.3686133514076702,0.9142218232154846
65,1,23,0.61235511302948,0.8258228898048401,0.6086894103445297,0.8285274233448107,0.9836791753768921
65,1,24,0.31317055225372314,0.8454813957214355,0.3060039583544446,0.8440331281678202,0.9825615286827087
65,1,25,0.6516677141189575,1.1822768449783325,0.6489566059259199,1.1805019145860873,0.10339035838842392
65,1,26,0.3430832624435425,1.1976211071014404,0.33785493227343416,1.1934361003967322,0.06660052388906479
65,1,27,0.6775978207588196,1.5002315044403076,0.6763714894921428,1.4902377699280183,0.017914216965436935
65,1,28,0.38095659017562866,1.5151686668395996,0.3821660541757278,1.5007479007824434,0.0056157298386096954
65,1,29,0.6981167793273926,1.5429253578186035,0.6968381288084339,1.5328917327496538,0.016522090882062912
65,1,30,0.39085686206817627,1.5586771965026855,0.3926273400282479,1.5439010616359385,0.00971610564738512
65,1,31,0.6306971907615662,1.6153607368469238,0.6278611537465142,1.6053033427985575,0.011709476821124554
65,1,32,0.4063774049282074,1.6296602487564087,0.4061152971396695,1.6139071354265244,0.004344134125858545
66,1,0,0.3265529274940491,0.1484459638595581,0.32338403973614954,0.14967948522381716,0.999484658241272
66,1,1,0.3470565974712372,0.11720903217792511,0.3461475987860616,0.11829443962653023,0.9995061159133911
66,1,2,0.3680601119995117,0.11577411741018295,0.36786165856472197,0.11689847455862053,0.9994580149650574
66,1,3,0.38861507177352905,0.11501684784889221,0.3891115188054709,0.11616144833852939,0.9995153546333313
66,1,4,0.2929660677909851,0.12402880191802979,0.29031681457055153,0.12465408689680356,0.9995654821395874
66,1,5,0.27793043851852417,0.1269044280052185,0.27499053015127345,0.12727616140884582,0.99946528673172
66,1,6,0.26543542742729187,0.12980209290981293,0.26206234326545746,0.13007841167519452,0.9994807243347168
66,1,7,0.4226760268211365,0.13319048285484314,0.4263058775177469,0.13387194786631326,0.9996100664138794
66,1,8,0.25547757744789124,0.1522669941186905,0.25512812558021564,0.15200925371511087,0.9995459318161011
66,1,9,0.37707284092903137,0.18386848270893097,0.3766167843191837,0.18455607931032172,0.9996325969696045
66,1,10,0.305521160364151,0.1880112737417221,0.3039152593844279,0.18863182136604761,0.9995008111000061
66,1,11,0.6344268321990967,0.3008359670639038,0.6418633425362229,0.30304635555827264,0.9981256723403931
66,1,12,0.17916345596313477,0.37158095836639404,0.17829137837764072,0.36769185331029147,0.9959576725959778
66,1,13,0.9287624955177307,0.32179346680641174,0.9397654239167521,0.3343909822865716,0.9962854981422424
66,1,14,0.0906505286693573,0.6044215559959412,0.08510231860550845,0.5932412469010094,0.9605429172515869
66,1,15,0.8178457617759705,0.10811657458543777,0.8306903915283653,0.12129609251128436,0.9926015138626099
66,1,16,0.06844423711299896,0.4216785132884979,0.06861407382881722,0.4169324467393055,0.9565956592559814
66,1,17,0.8060932159423828,0.04902442544698715,0.8141799841022169,0.060020344729875684,0.9675930142402649
66,1,18,0.05028293654322624,0.377384215593338,0.052212134502678705,0.37165930595342433,0.914505124092102
66,1,19,0.765475332736969,0.047507528215646744,0.7776200080678161,0.058314111780698355,0.9603947997093201
66,1,20,0.07115455716848373,0.3599737584590912,0.0745923885579874,0.35678130721682233,0.910090446472168
66,1,21,0.755163848400116,0.07659491151571274,0.7668051363409015,0.08716729774577474,0.9626619815826416
66,1,22,0.09637853503227234,0.37367990612983704,0.10010353325112303,0.36949086412933624,0.9198032021522522
66,1,23,0.6075666546821594,0.8237602710723877,0.6084949753775344,0.8277017738793407,0.9837973713874817
66,1,24,0.3095664083957672,0.8453419804573059,0.3066209365568155,0.8442597920082917,0.9827738404273987
66,1,25,0.6484372615814209,1.1821482181549072,0.6488666693040136,1.1807870204046658,0.10454124212265015
66,1,26,0.344778835773468,1.1969417333602905,0.3390541996353861,1.1940432377604082,0.06588650494813919
66,1,27,0.6800223588943481,1.4989138841629028,0.6770037826755216,1.4917406118620629,0.016340376809239388
66,1,28,0.38909751176834106,1.5126699209213257,0.3833666300095558,1.5028131877943987,0.0053597502410411835
66,1,29,0.6982458233833313,1.5403404235839844,0.6970819106455372,1.5341819177041411,0.015125463716685772
66,1,30,0.39900171756744385,1.5559817552566528,0.39373140728172246,1.5459938461117957,0.009087898768484592
66,1,31,0.637696385383606,1.6136431694030762,0.6295648318650334,1.6067479198979993,0.010683377273380756
66,1,32,0.4193495810031891,1.6267794370651245,0.4084080001207112,1.6161371066675407,0.0041160606779158115
67,1,0,0.3278889060020447,0.14727246761322021,0.3241642562834257,0.14926263008474144,0.9994745850563049
67,1,1,0.34921857714653015,0.11537114530801773,0.34667945137197365,0.11778816614972301,0.999491274356842
67,1,2,0.3714149296283722,0.11402060091495514,0.3684770467490929,0.11640006798467467,0.9994433522224426
67,1,3,0.3918421268463135,0.11344017833471298,0.3895844189335678,0.1156901654951616,0.9995090961456299
67,1,4,0.29402121901512146,0.12283290922641754,0.2909583803524993,0.12433869497977808,0.9995570778846741
67,1,5,0.27898016571998596,0.12592802941799164,0.2756815010400826,0.12704269495887363,0.9994561076164246
67,1,6,0.26650404930114746,0.1290443241596222,0.2628316193705825,0.12989933242839624,0.9994766116142273
67,1,7,0.4269077479839325,0.13241834938526154,0.42641010572856314,0.13362021616979516,0.9996021389961243
67,1,8,0.25796744227409363,0.15222477912902832,0.25561985402811804,0.15204657664821877,0.9995355010032654
67,1,9,0.3800240755081177,0.182492196559906,0.37720688779692046,0.18419865307040953,0.9996200203895569
67,1,10,0.30769312381744385,0.18759021162986755,0.30456954916232437,0.18845143940950046,0.9994769096374512
67,1,11,0.6424751281738281,0.3010996878147125,0.6419692878287933,0.3027092299713376,0.9981237649917603
67,1,12,0.1842637062072754,0.37375935912132263,0.17932579637149276,0.3687427594227684,0.9959130883216858
67,1,13,0.9322544932365417,0.32049718499183655,0.9384644570709506,0.3319839764816758,0.9964820146560669
67,1,14,0.09709669649600983,0.6059285998344421,0.08718014297870329,0.5954391651099623,0.9618765711784363
67,1,15,0.8222865462303162,0.10980354994535446,0.8292347247454894,0.11930523149857554,0.9927653670310974
67,1,16,0.06730466336011887,0.42326486110687256,0.06838731332234488,0.41802924459435886,0.9589889049530029
67,1,17,0.8070796132087708,0.05021778866648674,0.8129501464048227,0.05832232741467555,0.9678251147270203
67,1,18,0.04968319833278656,0.37740981578826904,0.051774163413511376,0.3726552981947868,0.9182175397872925
67,1,19,0.7679664492607117,0.048664674162864685,0.7759478103283328,0.05664262589344476,0.9605956673622131
67,1,20,0.07096454501152039,0.36147305369377136,0.0739640836571136,0.3575938950412262,0.9138069152832031
67,1,21,0.7596165537834167,0.07781234383583069,0.7655600159896394,0.08554683705050271,0.9631023406982422
67,1,22,0.09617359191179276,0.3749587833881378,0.09942290196847095,0.37043790344049415,0.9231407642364502
67,1,23,0.6218181848526001,0.8216531276702881,0.6108030893735182,0.8266541350188902,0.9837881922721863
67,1,24,0.32871201634407043,0.8472027778625488,0.31044900590719143,0.8447694761355713,0.9827957153320312
67,1,25,0.6667795777320862,1.176829218864441,0.6519703315913221,1.180101563767247,0.10371250659227371
67,1,26,0.36917853355407715,1.196347713470459,0.3442755779762654,1.194442333342635,0.06438920646905899
67,1,27,0.6991646885871887,1.4941514730453491,0.6808439600223892,1.4921581329393923,0.014890335500240326
67,1,28,0.41609519720077515,1.5133711099624634,0.3890398366046617,1.5046420927846114,0.00506028113886714
67,1,29,0.7190126180648804,1.5354619026184082,0.7008821714738577,1.5344035822760735,0.013806301169097424
67,1,30,0.4277026653289795,1.5555734634399414,0.3996202429396549,1.5476532346313292,0.00843282975256443
67,1,31,0.6554830074310303,1.6086695194244385,0.634056598980812,1.607080704127051,0.009728478267788887
67,1,32,0.4428909420967102,1.6280686855316162,0.4143856276009233,1.618204050185561,0.0038602452259510756
68,1,0,0.325265496969223,0.14641207456588745,0.3243549652301674,0.14876895502452753,0.9994605779647827
68,1,1,0.34648755192756653,0.11436710506677628,0.34664621981272487,0.11719567760023736,0.9994792342185974
68,1,2,0.3683510422706604,0.1127692312002182,0.36845522637843015,0.11577124472344792,0.9994413256645203
68,1,3,0.38868144154548645,0.11203504353761673,0.3894280454291994,0.11505713583181111,0.999506413936615
68,1,4,0.2919538915157318,0.1224464699625969,0.2911307788859178,0.12401099836866804,0.9995385408401489
68,1,5,0.2772320806980133,0.1256556510925293,0.2759500285382585,0.12680248955713883,0.9994388222694397
68,1,6,0.26507696509361267,0.1287873089313507,0.2632204737367007,0.1297067560806381,0.9994528293609619
68,1,7,0.4236953556537628,0.13052445650100708,0.4259399520670633,0.1330840713396816,0.9996082186698914
68,1,8,0.2577219605445862,0.1515265703201294,0.2559839003085753,0.15195652537068094,0.9995288848876953
68,1,9,0.3770180344581604,0.18000361323356628,0.37717418374093314,0.18347210337197614,0.9996191263198853
68,1,10,0.3056630492210388,0.18596594035625458,0.3047589175718767,0.18802099158380883,0.9994649291038513
68,1,11,0.6362836956977844,0.2935149073600769,0.6409845413165273,0.3011166023546934,0.9981594085693359
68,1,12,0.18342727422714233,0.37305739521980286,0.1800361398184505,0.3694900249904509,0.9954833984375
68,1,13,0.9278134703636169,0.31879958510398865,0.9366194275500441,0.32969991935543685,0.99662846326828
68,1,14,0.09598362445831299,0.5862249135971069,0.08870505192914875,0.5938430857775282,0.961767852306366
68,1,15,0.8165677785873413,0.10426151752471924,0.8270403462324637,0.11669892078829175,0.992744505405426
68,1,16,0.05079911649227142,0.4065247178077698,0.06533994176729079,0.4160363087852403,0.9588940143585205
68,1,17,0.8003462553024292,0.04829442873597145,0.8107666960644451,0.0565852642683845,0.9672681093215942
68,1,18,0.03789057210087776,0.3697158992290497,0.049368927920012705,0.3721462354333999,0.9156051278114319
68,1,19,0.7618874907493591,0.044752076268196106,0.7735119467917189,0.05458279364520553,0.9600714445114136
68,1,20,0.06667200475931168,0.3591231107711792,0.07270103208263518,0.3578587226327665,0.9110469818115234
68,1,21,0.7537389993667603,0.07390949875116348,0.7635122354553241,0.08353088470047741,0.9628748297691345
68,1,22,0.08498822152614594,0.3716064989566803,0.09692215284735711,0.37064027710070085,0.9213742613792419
68,1,23,0.6156386733055115,0.8129246234893799,0.6116405927033992,0.8242756042863337,0.9841122627258301
68,1,24,0.3242894411087036,0.8365930318832397,0.31284676178855736,0.8433532074326231,0.982835590839386
68,1,25,0.6630204916000366,1.1637272834777832,0.653884531841529,1.1772646228328045,0.10231541842222214
68,1,26,0.36438778042793274,1.179942011833191,0.34776052980408756,1.191930208634991,0.06326866894960403
68,1,27,0.6963300704956055,1.474277377128601,0.6835269500281976,1.4890600465231079,0.013558188453316689
68,1,28,0.41448351740837097,1.4918242692947388,0.39344930867274786,1.5024215673282755,0.004817693494260311
68,1,29,0.71639084815979,1.5149744749069214,0.7035690729037931,1.5310370661011166,0.01265564002096653
68,1,30,0.4257153570652008,1.5367083549499512,0.40414269899399985,1.5457572796710757,0.007938873022794724
68,1,31,0.6516783833503723,1.5946193933486938,0.6371097935484965,1.6049219627104658,0.008833925239741802
68,1,32,0.44442111253738403,1.6029760837554932,0.4195915926510582,1.615565807331884,0.0036538043059408665
69,1,0,0.3315366804599762,0.14703626930713654,0.3255988965187482,0.14846888895922664,0.9994640946388245
69,1,1,0.3531076908111572,0.11478883773088455,0.347765374706412,0.1167788532440705,0.9994794726371765
69,1,2,0.3753144145011902,0.11315013468265533,0.3696432818091758,0.11531730943774826,0.9994487762451172
69,1,3,0.3947208821773529,0.11238813400268555,0.39034475556910253,0.11459490577150279,0.9995113611221313
69,1,4,0.2969619631767273,0.1229526624083519,0.2921407462548868,0.12382771973666451,0.9995388984680176
69,1,5,0.2815084159374237,0.12615735828876495,0.27691273930388904,0.12669076954412745,0.999445378780365
69,1,6,0.26871737837791443,0.12928815186023712,0.26417253395821577,0.12963426517423557,0.9994561672210693
69,1,7,0.42921632528305054,0.13099424540996552,0.4265073798037213,0.1327221519389424,0.9996169209480286
69,1,8,0.2614096403121948,0.15211565792560577,0.2569236328347669,0.15198408260169238,0.9995378255844116
69,1,9,0.3832116723060608,0.1806289553642273,0.378219889727667,0.1829797112947727,0.99961918592453
69,1,10,0.31124600768089294,0.18684442341327667,0.30588251070397515,0.18781723721905352,0.9994640946388245
69,1,11,0.6399058103561401,0.29497960209846497,0.6407977306213686,0.30005365748583823,0.9981783628463745
69,1,12,0.18898043036460876,0.3747742176055908,0.18158544556132958,0.37040523787020735,0.9953959584236145
69,1,13,0.9352059960365295,0.32506683468818665,0.9363746522094993,0.3288974925128765,0.9967778921127319
69,1,14,0.09975376725196838,0.5885894298553467,0.09061900173767315,0.5929331632853129,0.9625661969184875
69,1,15,0.8258494138717651,0.10880951583385468,0.8268341043112079,0.11533238201488233,0.9925550222396851
69,1,16,0.061981573700904846,0.40319231152534485,0.06475831195291461,0.41381124602623687,0.9597432017326355
69,1,17,0.8048924207687378,0.05170441046357155,0.8097492645258784,0.05573991878890962,0.9661501049995422
69,1,18,0.05781467258930206,0.3669314980506897,0.05083185474120418,0.37124305410494357,0.9158483743667603
69,1,19,0.7673982977867126,0.046694882214069366,0.7724530476564827,0.05321651376660804,0.9588403701782227
69,1,20,0.07842346280813217,0.3596799373626709,0.0736921599185448,0.3581741209949431,0.9111218452453613
69,1,21,0.7595508098602295,0.0777144804596901,0.7628261510775457,0.08252347721505986,0.961907148361206
69,1,22,0.09399748593568802,0.3701801896095276,0.09641564156933208,0.370560602324146,0.9215978980064392
69,1,23,0.6203308701515198,0.8110424876213074,0.6131458875665086,0.8219831042069845,0.984197199344635
69,1,24,0.3275330364704132,0.8358101844787598,0.3153911179488385,0.842046680551434,0.982793390750885
69,1,25,0.6664453148841858,1.1594198942184448,0.6560605134880688,1.1741727811280582,0.10563930869102478
69,1,26,0.36803239583969116,1.1774595975875854,0.3512731642617296,1.1894232331135932,0.06381493806838989
69,1,27,0.6993057727813721,1.469658374786377,0.6862606768985824,1.4856982864766208,0.012442675419151783
69,1,28,0.4194994568824768,1.4886606931686401,0.39796396597960476,1.5000376023630122,0.004685542080551386
69,1,29,0.7191162109375,1.5102214813232422,0.7062626409510055,1.5274301617484727,0.011681274510920048
69,1,30,0.4317590594291687,1.5341047048568726,0.40892901606496446,1.543738689165149,0.007579860743135214
69,1,31,0.6546174883842468,1.5904408693313599,0.640143210294729,1.6024131706633566,0.008060252293944359
69,1,32,0.4442068934440613,1.5976284742355347,0.4238573984639741,1.6124579135204913,0.0034975705202668905
70,1,0,0.3392791748046875,0.14645278453826904,0.32796889448764394,0.14811973754078217,0.9994694590568542
70,1,1,0.36240914463996887,0.11411688476800919,0.3503023632390862,0.11631784134973229,0.99949049949646
70,1,2,0.3841553032398224,0.11260201781988144,0.37215743535835005,0.11484706204339558,0.9994590282440186
70,1,3,0.40243807435035706,0.11187019944190979,0.39243972560895246,0.11412302775807459,0.9995247721672058
70,1,4,0.30293935537338257,0.1219150647521019,0.2940113562341652,0.12349648484843193,0.9995457530021667
70,1,5,0.28605860471725464,0.12497510761022568,0.27849697086319214,0.1263936518060931,0.9994500875473022
70,1,6,0.27204450964927673,0.12799586355686188,0.26553605226280336,0.12935052801022884,0.9994632005691528
70,1,7,0.43493199348449707,0.1306760013103485,0.4279666456222627,0.1323677967619128,0.9996265172958374
70,1,8,0.2635538578033447,0.15137575566768646,0.2580720225008526,0.15187873626228485,0.9995437264442444
70,1,9,0.3910163640975952,0.1802944391965866,0.38043671690453407,0.1825146632466554,0.9996311068534851
70,1,10,0.31780388951301575,0.18650923669338226,0.3079476843538503,0.18759072091841633,0.9994772672653198
70,1,11,0.6421486735343933,0.29516467452049255,0.6410316838603561,0.2992069043175209,0.9982459545135498
70,1,12,0.1900429129600525,0.374394029378891,0.18305040370503528,0.37109606264619555,0.9951827526092529
70,1,13,0.9423242807388306,0.32863783836364746,0.9374051380207542,0.328852527644014,0.9968536496162415
70,1,14,0.10155720263719559,0.5868987441062927,0.09251380102655882,0.5918879895355275,0.9612600207328796
70,1,15,0.8331495523452759,0.10937003046274185,0.8279279630024299,0.114299691721912,0.992403507232666
70,1,16,0.06326603144407272,0.40334975719451904,0.06449988104063478,0.41199905287523947,0.9579735994338989
70,1,17,0.8085445761680603,0.052046239376068115,0.8095406403220534,0.05510021032999559,0.9644197821617126
70,1,18,0.05600355938076973,0.36657872796058655,0.051727581698816485,0.37043521617233116,0.9095439314842224
70,1,19,0.7733112573623657,0.04733319580554962,0.7726016683378923,0.05219751474321906,0.9568453431129456
70,1,20,0.0820736512541771,0.35554447770118713,0.07514395444169115,0.3577187077999397,0.9044790863990784
70,1,21,0.7660965919494629,0.0779666155576706,0.7633925515393476,0.08173425380090116,0.960024356842041
70,1,22,0.09812723845243454,0.3699064552783966,0.09671205525444679,0.37044732099032923,0.9159470796585083
70,1,23,0.6222881078720093,0.8112258315086365,0.6147294876721722,0.8201196569981931,0.9842985272407532
70,1,24,0.32907575368881226,0.8361706733703613,0.3177618716037593,0.841028948424956,0.9825078248977661
70,1,25,0.6689227223396301,1.1612963676452637,0.6582887331562896,1.1719421003789874,0.10375829041004181
70,1,26,0.3678829073905945,1.1788506507873535,0.3541509228680469,1.187591789877525,0.06151556596159935
70,1,27,0.7010696530342102,1.4716062545776367,0.688826300269835,1.4832569258144737,0.011377910152077675
70,1,28,0.4188538193702698,1.489372968673706,0.401583750233921,1.4981902087627748,0.004472572356462479
70,1,29,0.7195674180984497,1.5128562450408936,0.7085675608661195,1.524905280813047,0.010747247375547886
70,1,30,0.43076014518737793,1.5348901748657227,0.4127120111849648,1.5422059786488642,0.007114698179066181
70,1,31,0.6584349870681763,1.5923550128936768,0.6433125532537679,1.6006708660966238,0.0073655447922647
70,1,32,0.4456780254840851,1.5994821786880493,0.42763857286083456,1.6102100207673304,0.003350247163325548
71,1,0,0.35495996475219727,0.14559097588062286,0.3326467502967914,0.1476817967672987,0.999445915222168
71,1,1,0.3780379295349121,0.11357618123292923,0.3551093559972538,0.11584302695415748,0.9994498491287231
71,1,2,0.398222416639328,0.1121433824300766,0.37667466382764775,0.114378825835653,0.9994040727615356
71,1,3,0.41553857922554016,0.11148852854967117,0.3964425484075697,0.11366677349375265,0.9994645714759827
71,1,4,0.3178759217262268,0.12108233571052551,0.29814696516077754,0.12307839455839348,0.9995366930961609
71,1,5,0.2997605800628662,0.12403125315904617,0.2821815592738095,0.12598452447317576,0.999450147151947
71,1,6,0.28417420387268066,0.12689052522182465,0.26876544292771326,0.1289244960473138,0.9994727969169617
71,1,7,0.44895386695861816,0.13006627559661865,0.43160331077818925,0.13196921310406956,0.9995668530464172
71,1,8,0.2733912169933319,0.15004900097846985,0.2607260801955206,0.15156186225515178,0.99954754114151
71,1,9,0.40526238083839417,0.17939665913581848,0.38473900361147645,0.18197466560830547,0.9995989203453064
71,1,10,0.3342967629432678,0.18522652983665466,0.31251418771814604,0.18718128314403434,0.9994731545448303
71,1,11,0.6655552983283997,0.29505372047424316,0.6452815865428186,0.298487604656429,0.9977716207504272
71,1,12,0.19992192089557648,0.37432268261909485,0.18597353850487752,0.37165487298388683,0.9954807758331299
71,1,13,0.9564123749732971,0.3286924660205841,0.9406985159853357,0.32882480951292237,0.9964582324028015
71,1,14,0.11385009437799454,0.6009178757667542,0.09621099282073134,0.5934521266627438,0.9640666842460632
71,1,15,0.8486958742141724,0.11006680876016617,0.8315266035771204,0.1135665867521685,0.9899483323097229
71,1,16,0.07077298313379288,0.4180341064929962,0.06558640344299772,0.4130443371815432,0.9614083170890808
71,1,17,0.8149904608726501,0.05235623940825462,0.8104845446959128,0.05462499552194521,0.9531116485595703
71,1,18,0.06587928533554077,0.3804238736629486,0.05417928484830772,0.3721654787619123,0.9162145853042603
71,1,19,0.7800071239471436,0.0478079579770565,0.773884362340644,0.05143727146589612,0.9430397748947144
71,1,20,0.09189408272504807,0.362600713968277,0.0780460467737418,0.35856425246785883,0.9114057421684265
71,1,21,0.7791154980659485,0.07952971011400223,0.7661165932787419,0.08135246596448382,0.9494909644126892
71,1,22,0.11050989478826523,0.37282252311706543,0.09910242805463758,0.37085866585337396,0.9218705892562866
71,1,23,0.6385412216186523,0.803922712802887,0.618855934859846,0.817313454541972,0.981688916683197
71,1,24,0.3470690846443176,0.8328337669372559,0.3228414951599104,0.8396094333036593,0.9813722372055054
71,1,25,0.7002840638160706,1.1606199741363525,0.6655702765362111,1.1699807723577933,0.09880737960338593
71,1,26,0.39259400963783264,1.1789251565933228,0.3608158355557681,1.1860905919551372,0.05855288729071617
71,1,27,0.7397226691246033,1.4728971719741821,0.6976535468260604,1.481462361284046,0.010332397185266018
71,1,28,0.4426601231098175,1.4903475046157837,0.4087057612525104,1.4968317622874234,0.0041539426892995834
71,1,29,0.7571132183074951,1.5144189596176147,0.716986516242782,1.5230887847638284,0.009795613586902618
71,1,30,0.45143038034439087,1.535415530204773,0.4194247056360046,1.5410298321736864,0.006567934527993202
71,1,31,0.7003617286682129,1.5936415195465088,0.6532087431705368,1.5994533321438595,0.006690305192023516
71,1,32,0.4743250906467438,1.600460171699524,0.43573466046358916,1.6085211381533424,0.0031213914044201374
72,1,0,0.35681813955307007,0.14607687294483185,0.3368355694019924,0.14740385754140986,0.9994522333145142
72,1,1,0.3801189363002777,0.11374292522668839,0.359443539845055,0.11547932786063386,0.9994571805000305
72,1,2,0.40083834528923035,0.11218868941068649,0.3808621461466912,0.11399953335735484,0.9994102120399475
72,1,3,0.4187098741531372,0.1114034429192543,0.400301178889049,0.11327480423461238,0.9994757771492004
72,1,4,0.31989097595214844,0.12158816307783127,0.30191485296936577,0.1228203185367016,0.9995429515838623
72,1,5,0.3021094501018524,0.12454614788293839,0.28563455419802986,0.1257354289910619,0.9994550347328186
72,1,6,0.28692153096199036,0.12744463980197906,0.27191126213541195,0.1286682168732659,0.9994825720787048
72,1,7,0.45339006185531616,0.1297825127840042,0.43537860940519246,0.13159051573776187,0.9995773434638977
72,1,8,0.27885711193084717,0.15070150792598724,0.2638675555569363,0.15141287022295016,0.9995551705360413
72,1,9,0.4087200462818146,0.17988257110118866,0.3888948124485089,0.18161235330558723,0.9996076226234436
72,1,10,0.33730757236480713,0.18603555858135223,0.3168108767312024,0.18698287036178382,0.9994814991950989
72,1,11,0.6728541254997253,0.29581332206726074,0.6500603009985527,0.29802445996884047,0.9978445172309875
72,1,12,0.20985054969787598,0.3761439025402069,0.19011130604001147,0.37243234641825,0.9955469369888306
72,1,13,0.969042956829071,0.3276497423648834,0.945611126220527,0.32862131503183317,0.9966388940811157
72,1,14,0.11616650968790054,0.6025895476341248,0.0996687778889213,0.595034895738018,0.9652297496795654
72,1,15,0.8500985503196716,0.10791288316249847,0.8347445176350214,0.11258736407994607,0.9899683594703674
72,1,16,0.0724346935749054,0.4211391806602478,0.06677257088442888,0.41444646833420806,0.9628634452819824
72,1,17,0.819156289100647,0.04992830380797386,0.8119866289632198,0.05381155091963342,0.9518024921417236
72,1,18,0.06526755541563034,0.3815014064311981,0.056100088681930144,0.3737826419875589,0.9178546667098999
72,1,19,0.7806599140167236,0.0477222204208374,0.7750579288332007,0.050793861365325654,0.9413385391235352
72,1,20,0.09430596232414246,0.3650580942630768,0.08086316452783357,0.35968901534968467,0.9128169417381287
72,1,21,0.7807131409645081,0.07887160778045654,0.7686453978570981,0.08092282181439053,0.9482893347740173
72,1,22,0.11110024154186249,0.3745166063308716,0.10118084742751578,0.37149218374263826,0.9232485294342041
72,1,23,0.6501082181930542,0.8084030747413635,0.6242730006017374,0.8157700241616797,0.9819048047065735
72,1,24,0.3542170822620392,0.8363555073738098,0.3282799545314795,0.8390458934859895,0.9814541339874268
72,1,25,0.7023327946662903,1.166874647140503,0.6719435063260988,1.1694428322090993,0.09529251605272293
72,1,26,0.3913307189941406,1.1852270364761353,0.3661049702061386,1.1859410455694603,0.056392598897218704
72,1,27,0.7354690432548523,1.4809739589691162,0.7042095315186777,1.4813777830717396,0.009384560398757458
72,1,28,0.43938952684402466,1.4977564811706543,0.4140241954639986,1.4969919010213744,0.0038643255829811096
72,1,29,0.7534852027893066,1.522841453552246,0.723313958230906,1.5230459539259997,0.008926994167268276
72,1,30,0.4485655128955841,1.5431785583496094,0.4244754639254454,1.5414019527874647,0.006048175506293774
72,1,31,0.6940931677818298,1.6020704507827759,0.660297434945353,1.5999065762203841,0.006071601528674364
72,1,32,0.47348618507385254,1.6098190546035767,0.44227954300051425,1.6087459081247464,0.0028988069389015436
73,1,0,0.35276058316230774,0.14438623189926147,0.3395946364028055,0.14688124572204786,0.9994598031044006
73,1,1,0.3758236765861511,0.1120985746383667,0.3622814973886045,0.11489382087830222,0.9994620084762573
73,1,2,0.3969167470932007,0.11069773882627487,0.3836436753878734,0.11342770245562991,0.9994187951087952
73,1,3,0.4154527485370636,0.11008254438638687,0.4029261826913097,0.1127219452365441,0.9994726181030273
73,1,4,0.3165288269519806,0.11972913146018982,0.3044466776468448,0.12228496569163817,0.9995536208152771
73,1,5,0.2990906238555908,0.12293263524770737,0.28796569444075154,0.12525002627783705,0.9994757771492004
73,1,6,0.28420963883399963,0.12601344287395477,0.2740417685547668,0.1282084510519736,0.9994996190071106
73,1,7,0.45084014534950256,0.12896668910980225,0.4380573395921819,0.1311361099448665,0.9995800852775574
73,1,8,0.2761664390563965,0.15027683973312378,0.2659981497505007,0.15121613628599406,0.9995713233947754
73,1,9,0.4045141935348511,0.1786832958459854,0.39160090256150737,0.18110508164371894,0.9995852708816528
73,1,10,0.3336639404296875,0.18527927994728088,0.31973081319911056,0.1866878432719048,0.9994626045227051
73,1,11,0.6661048531532288,0.2959013879299164,0.6528400883313826,0.29765678258023115,0.9975484609603882
73,1,12,0.20656505227088928,0.3760748505592346,0.19296202300818577,0.3730631905879531,0.9956104755401611
73,1,13,0.9610485434532166,0.32639166712760925,0.9482856761824959,0.328235179308135,0.9966462850570679
73,1,14,0.1260487288236618,0.6043140292167664,0.10424063682796543,0.596642218784155,0.9671608209609985
73,1,15,0.8444199562072754,0.1082000583410263,0.836420508195433,0.11182751075453369,0.9890117049217224
73,1,16,0.09642142802476883,0.42099711298942566,0.07191146090931233,0.4155810716918542,0.9653336405754089
73,1,17,0.8158960938453674,0.05419747531414032,0.81266371358934,0.053878382482181034,0.9492350220680237
73,1,18,0.07955034077167511,0.37489092350006104,0.060163848556251086,0.37397457030297854,0.9227924942970276
73,1,19,0.7752811312675476,0.05630699172616005,0.7750965812272763,0.051748732157729904,0.9384552240371704
73,1,20,0.1010243222117424,0.3639051020145416,0.08435660304875037,0.3604192106998654,0.9179868102073669
73,1,21,0.7747164964675903,0.08618594706058502,0.7696969265337066,0.08183438504275987,0.9463237524032593
73,1,22,0.13454891741275787,0.3701759874820709,0.10696501638648695,0.37126424807954295,0.9278127551078796
73,1,23,0.6438347697257996,0.8086544871330261,0.6276625193739447,0.8145375577814066,0.9827321767807007
73,1,24,0.34861811995506287,0.8375491499900818,0.3318040841634433,0.8387866896754305,0.9824415445327759
73,1,25,0.6937177777290344,1.1713672876358032,0.6757166430166227,1.1697761108367892,0.1006435975432396
73,1,26,0.38650786876678467,1.1915162801742554,0.3696403241362709,1.1869066749127655,0.05881375074386597
73,1,27,0.7273232936859131,1.4938726425170898,0.7082149425165888,1.483542339939145,0.008617489598691463
73,1,28,0.43260613083839417,1.5095877647399902,0.4172438422895518,1.4991739623839084,0.0036813311744481325
73,1,29,0.7440862655639648,1.5378071069717407,0.7269133623917152,1.5256032880929582,0.008222767151892185
73,1,30,0.4421413242816925,1.5563545227050781,0.4275363003358096,1.5439924648039092,0.005764306988567114
73,1,31,0.6844273805618286,1.6134631633758545,0.6644790699195623,1.6022551374414467,0.00552790891379118
73,1,32,0.4647672176361084,1.6228501796722412,0.4461763857843217,1.611189391376087,0.0027278917841613293
74,1,0,0.3540967106819153,0.14389795064926147,0.34210706651217176,0.14636458002431932,0.9994707107543945
74,1,1,0.37711361050605774,0.11157586425542831,0.3648511309883212,0.11431919061800366,0.999477744102478
74,1,2,0.39859113097190857,0.11012721806764603,0.38623330076664414,0.11285609847685825,0.9994392395019531
74,1,3,0.41749465465545654,0.1095208078622818,0.4054501208475193,0.11216754861493983,0.9994885921478271
74,1,4,0.31766277551651,0.11948711425065994,0.3067362285609106,0.12180041898375525,0.9995658993721008
74,1,5,0.30028703808784485,0.12276659160852432,0.2901001810756098,0.12481993599508516,0.9994927048683167
74,1,6,0.2855258584022522,0.1259165108203888,0.27603116351371815,0.127811526760425,0.9995113611221313
74,1,7,0.45291393995285034,0.12847493588924408,0.4406312172126867,0.1306752356430208,0.9995983242988586
74,1,8,0.2774536907672882,0.150267094373703,0.2679825974363482,0.15105178532553445,0.9995840787887573
74,1,9,0.40670260787010193,0.17812931537628174,0.3942172635979551,0.18058971994759618,0.9995930790901184
74,1,10,0.3344306945800781,0.1850862056016922,0.32227752779238,0.1864104731666769,0.9994674324989319
74,1,11,0.6687939763069153,0.2959710359573364,0.6556041602174959,0.2973648458235761,0.9976301789283752
74,1,12,0.20773300528526306,0.37623342871665955,0.19552106098827454,0.37361223535467175,0.995472252368927
74,1,13,0.965463399887085,0.32615113258361816,0.9512618918392147,0.3278742607397512,0.9968227744102478
74,1,14,0.12746550142765045,0.604853093624115,0.10826531264606891,0.5980644533148383,0.9660801887512207
74,1,15,0.8465324640274048,0.10295503586530685,0.8381721356945754,0.11029064766395305,0.9891983866691589
74,1,16,0.1025819331407547,0.4269134998321533,0.07722758629847937,0.4175441852092043,0.9646916389465332
74,1,17,0.8124637007713318,0.045344121754169464,0.8126290770259097,0.052400118859971374,0.9493997097015381
74,1,18,0.0929720401763916,0.3953303098678589,0.06585087056025561,0.37767513370065564,0.9208462834358215
74,1,19,0.7710534930229187,0.04698215052485466,0.7743963517474567,0.050923181335208414,0.9386995434761047
74,1,20,0.10607130825519562,0.3650801181793213,0.0881194094153922,0.36122645654948043,0.9159024953842163
74,1,21,0.7718521356582642,0.0816175639629364,0.7700701699096796,0.08179683772932318,0.9464935064315796
74,1,22,0.14528200030326843,0.37842002511024475,0.11360804010279008,0.37250368579580295,0.9260187149047852
74,1,23,0.6484890580177307,0.8087670207023621,0.6312713252359954,0.8135380962728866,0.9835565686225891
74,1,24,0.3486188054084778,0.8398138284683228,0.3347173746886293,0.8389645655339157,0.9830905199050903
74,1,25,0.6953740119934082,1.1747606992721558,0.6791227373240778,1.170639424999409,0.10437106341123581
74,1,26,0.38712212443351746,1.1937870979309082,0.3726692528564891,1.1880984093252474,0.05985715985298157
74,1,27,0.7318204045295715,1.4969775676727295,0.7123056210271028,1.4858698680429976,0.007940166629850864
74,1,28,0.43326589465141296,1.5113863945007324,0.420019730735563,1.5012895750431203,0.0035794710274785757
74,1,29,0.748319149017334,1.5417084693908691,0.7306226056239342,1.5283935846528085,0.00762059586122632
74,1,30,0.4440320134162903,1.5594854354858398,0.4303942931108752,1.5466766440647368,0.005555612966418266
74,1,31,0.6883744597434998,1.618025302886963,0.6686200277795129,1.6049873636442094,0.005071044433861971
74,1,32,0.4505975544452667,1.6251469850540161,0.44694210510361504,1.6136074528397948,0.002644649473950267
75,1,0,0.3548489212989807,0.14366187155246735,0.3443144284136436,0.14589651201707154,0.999477207660675
75,1,1,0.37864312529563904,0.11109098792076111,0.3672404914245791,0.11376010616845798,0.9994937181472778
75,1,2,0.4004673957824707,0.10966619849205017,0.38869928458912856,0.11230364821555966,0.9994528889656067
75,1,3,0.4193626940250397,0.10907934606075287,0.40786037928716895,0.111632712695465,0.9995024800300598
75,1,4,0.31868693232536316,0.11914943903684616,0.3088064844380615,0.1213413102848398,0.9995789527893066
75,1,5,0.3013366162776947,0.12243296205997467,0.29204666025338294,0.12440655233307352,0.9995063543319702
75,1,6,0.286859393119812,0.1256089061498642,0.2779069064901782,0.12743007210206692,0.9995270371437073
75,1,7,0.4551906883716583,0.1281273365020752,0.44315359528488046,0.13023398031181313,0.9996111989021301
75,1,8,0.2798497676849365,0.14984861016273499,0.27003837725629243,0.15084342307928475,0.9995986819267273
75,1,9,0.4072330594062805,0.17795111238956451,0.3964721007809454,0.1801327541240337,0.9996023774147034
75,1,10,0.3346300721168518,0.18495190143585205,0.3244174216503736,0.1861578801727576,0.9994761347770691
75,1,11,0.6719894409179688,0.29602673649787903,0.6584430093679733,0.2971331151427022,0.9976361989974976
75,1,12,0.21172723174095154,0.37618643045425415,0.19832886310613598,0.37405804508823215,0.9955548048019409
75,1,13,0.9661327600479126,0.3268728256225586,0.9538382427157868,0.3277008362450685,0.996782124042511
75,1,14,0.1281018853187561,0.6005486845970154,0.1117024759119013,0.5984946816717496,0.9668271541595459
75,1,15,0.8458611369132996,0.11392034590244293,0.8395039536939837,0.11091927358980228,0.9879515767097473
75,1,16,0.1049586683511734,0.41345012187957764,0.08203380234563715,0.4168351260967426,0.965082049369812
75,1,17,0.8124116659164429,0.059937428683042526,0.8125914275491537,0.053705655768283955,0.9432307481765747
75,1,18,0.09557849168777466,0.3784974217414856,0.07100342592924266,0.37781753344977037,0.9201216101646423
75,1,19,0.7710369229316711,0.06317029148340225,0.7738145383649654,0.05304480282335566,0.9314027428627014
75,1,20,0.11198782920837402,0.36090022325515747,0.09225568743275263,0.3611699619431968,0.9149319529533386
75,1,21,0.7717381119728088,0.09731855988502502,0.7703590231711971,0.08448599951189044,0.9403490424156189
75,1,22,0.1408456414937973,0.37183478474617004,0.11832865916145034,0.37238784939463,0.9252791404724121
75,1,23,0.650954008102417,0.8089607357978821,0.634681807559066,0.8127453223217462,0.9839652180671692
75,1,24,0.351737380027771,0.8398685455322266,0.3376662505170542,0.8391211126566243,0.9834961891174316
75,1,25,0.6959930062294006,1.175571084022522,0.6820456571535694,1.1714935706030565,0.10042549669742584
75,1,26,0.3866692781448364,1.1945269107818604,0.3750946689909627,1.1892118528210014,0.05779305472970009
75,1,27,0.7278929352760315,1.4977859258651733,0.7150061541368554,1.4879341198819096,0.007248641457408667
75,1,28,0.43166443705558777,1.5126806497573853,0.4220369599499894,1.50326285165108,0.0033439407125115395
75,1,29,0.7450957894325256,1.5427354574203491,0.7331300293134377,1.5308782483192174,0.006976614240556955
75,1,30,0.44301560521125793,1.560935616493225,0.43258076527918526,1.5491469397534972,0.005161122884601355
75,1,31,0.6840406656265259,1.6183652877807617,0.6712916708257503,1.6073049606198657,0.004616427235305309
75,1,32,0.4491673707962036,1.6269067525863647,0.44732748199286443,1.6159114235913783,0.002481697825714946
76,1,0,0.3580811023712158,0.142942413687706,0.3466994004396304,0.14538490324250655,0.9994397759437561
76,1,1,0.3822050094604492,0.11033526062965393,0.3698330742090344,0.11316696212409005,0.9994692802429199
76,1,2,0.4043094217777252,0.10888568311929703,0.3914037724710475,0.11171169590750009,0.9994208216667175
76,1,3,0.42338860034942627,0.10828088968992233,0.41055066832651665,0.11105221659251131,0.9994773864746094
76,1,4,0.32167020440101624,0.11856964975595474,0.311034965957957,0.12086129983502565,0.999565601348877
76,1,5,0.3042483925819397,0.12185202538967133,0.2941604184399184,0.12396414908472436,0.9994904398918152
76,1,6,0.2897520363330841,0.1250215321779251,0.2799588668737386,0.12701295330374007,0.9995203614234924
76,1,7,0.45987579226493835,0.127151221036911,0.4460508464416326,0.12970008718487408,0.9995899200439453
76,1,8,0.283324658870697,0.14911676943302155,0.2723400914938436,0.15054440170152975,0.9995900392532349
76,1,9,0.4109233617782593,0.177077054977417,0.39897572380934254,0.17960354788305252,0.9995794892311096
76,1,10,0.3379957675933838,0.1840982288122177,0.3267697539628405,0.18580118677552582,0.9994557499885559
76,1,11,0.6799538731575012,0.2946898341178894,0.662170470845507,0.2967099793219281,0.9974650144577026
76,1,12,0.21703068912029266,0.37438541650772095,0.20156929330036782,0.3741147367919342,0.9956938624382019
76,1,13,0.9719258546829224,0.32909631729125977,0.9569721914854104,0.32794250280369364,0.9965667128562927
76,1,14,0.13954657316207886,0.6017933487892151,0.11652829602640907,0.5990659710021223,0.9675325155258179
76,1,15,0.854293704032898,0.1263669729232788,0.8420662447520287,0.11359560477520869,0.9854920506477356
76,1,16,0.10468347370624542,0.4172510802745819,0.08595873427281973,0.4169071580862292,0.9660935401916504
76,1,17,0.8217085003852844,0.07014065235853195,0.8141706706596121,0.05655312181887637,0.9338017702102661
76,1,18,0.09435538947582245,0.37795063853263855,0.07505014256777297,0.37784058344723553,0.9219751954078674
76,1,19,0.7825586199760437,0.07202643901109695,0.7753291555485524,0.05633374193169062,0.9202700257301331
76,1,20,0.11210200935602188,0.3595452904701233,0.09569454065648955,0.36088860268030803,0.9167373180389404
76,1,21,0.7837778329849243,0.10681308805942535,0.7726837059546366,0.08835499250513956,0.9317137598991394
76,1,22,0.13902486860752106,0.3729631006717682,0.1219148681590062,0.37248746779854897,0.9267939329147339
76,1,23,0.6577160954475403,0.8052946329116821,0.6386734352765806,0.8114547919650799,0.9835675358772278
76,1,24,0.35550209879875183,0.8373842239379883,0.34075655449827263,0.8388203186808957,0.983482301235199
76,1,25,0.7033751010894775,1.1708455085754395,0.6857416625504588,1.1713813430518634,0.09490131586790085
76,1,26,0.3904534876346588,1.189513921737671,0.3777555960085627,1.1892641627920202,0.0549762099981308
76,1,27,0.7321752905845642,1.4937368631362915,0.7179808822521516,1.4889391605464042,0.00659506069496274
76,1,28,0.43318700790405273,1.509660243988037,0.42396846993946874,1.504370905995032,0.0030988159123808146
76,1,29,0.7499951124191284,1.5378998517990112,0.7360520502145427,1.532094441322049,0.0063546765595674515
76,1,30,0.4446132481098175,1.5563029050827026,0.43466519370240186,1.5503864103315248,0.00473732128739357
76,1,31,0.6867154240608215,1.6123582124710083,0.6739638536162809,1.608180168992636,0.004197617061436176
76,1,32,0.45125746726989746,1.6245555877685547,0.4480081211471344,1.617408729115355,0.002291572978720069
77,1,0,0.3577176034450531,0.14294053614139557,0.348608063019651,0.14496157931970807,0.9994122385978699
77,1,1,0.381717711687088,0.11033548414707184,0.37189188123870975,0.11267659129694059,0.9994515776634216
77,1,2,0.4037633538246155,0.1088862344622612,0.3935448858285798,0.1112223671446943,0.9994151592254639
77,1,3,0.422992467880249,0.10828499495983124,0.41270603003037526,0.11057297495611372,0.9994555711746216
77,1,4,0.3213493824005127,0.11856123059988022,0.31282167505425507,0.12046296764264659,0.9995552897453308
77,1,5,0.3039317727088928,0.12184810638427734,0.29585302822457976,0.12359768913177989,0.9994921088218689
77,1,6,0.2894667088985443,0.12501689791679382,0.2816058175678998,0.12666727420952004,0.9995140433311462
77,1,7,0.45939871668815613,0.1272083967924118,0.44836323472172174,0.12926856703757864,0.999589204788208
77,1,8,0.2832425832748413,0.14903253316879272,0.2742287029124318,0.1502825784381199,0.9996026158332825
77,1,9,0.4107474386692047,0.17709662020206451,0.40101496200102804,0.17916938868638851,0.9995478391647339
77,1,10,0.3370307981967926,0.1840960681438446,0.3285472149042571,0.1855058950158361,0.9994352459907532
77,1,11,0.6763760447502136,0.2943158745765686,0.6646315115188097,0.29629536063195544,0.9969126582145691
77,1,12,0.2066166251897812,0.3736719489097595,0.202443476215204,0.3740380578764472,0.9955120086669922
77,1,13,0.9328128099441528,0.3223501145839691,0.9527854562385035,0.32697390194510484,0.9956728219985962
77,1,14,0.13014066219329834,0.5920246243476868,0.11888652492923167,0.5978463579884771,0.9657315611839294
77,1,15,0.8535175323486328,0.12591104209423065,0.8440499556044231,0.1157290673806997,0.9793525338172913
77,1,16,0.1032245084643364,0.4427599310874939,0.08895021387891373,0.4213875811975083,0.964113712310791
77,1,17,0.8218345642089844,0.07268371433019638,0.8154981386384835,0.05934782258716694,0.9197945594787598
77,1,18,0.10152088105678558,0.4403476417064667,0.0796377489137689,0.38868531283954216,0.9191583395004272
77,1,19,0.7861180305480957,0.07071948796510696,0.7771980790517231,0.05882600932895441,0.9052071571350098
77,1,20,0.11098265647888184,0.38918787240982056,0.09834321219152059,0.365793376952738,0.9141479730606079
77,1,21,0.7833490371704102,0.11099538207054138,0.7745312215482827,0.09227831375628325,0.920224666595459
77,1,22,0.13611820340156555,0.3972700834274292,0.12437552128617065,0.37678228879670733,0.924636721611023
77,1,23,0.65227872133255,0.8056960701942444,0.6410304369848453,0.8104573772466794,0.9842854738235474
77,1,24,0.3411957919597626,0.8371630907058716,0.3408326185955286,0.8385333210208208,0.9841741323471069
77,1,25,0.6795983910560608,1.1707582473754883,0.6846776317796524,1.171273439106249,0.0992732048034668
77,1,26,0.3661770522594452,1.1876842975616455,0.37574983405424656,1.1889905634153841,0.057408228516578674
77,1,27,0.7006220817565918,1.493698000907898,0.7149732789804247,1.4897633703568045,0.006109957117587328
77,1,28,0.40845903754234314,1.5063610076904297,0.4212814390406566,1.5047155540170563,0.003011679043993354
77,1,29,0.7201196551322937,1.538149118423462,0.7332917055505132,1.5331431251161138,0.005950026214122772
77,1,30,0.42090079188346863,1.5545958280563354,0.4322806168259753,1.551115450634341,0.004581859335303307
77,1,31,0.6425091624259949,1.610887050628662,0.6685116745661974,1.6086489598562272,0.003853864036500454
77,1,32,0.42431962490081787,1.618410348892212,0.4439030475774243,1.6175821855914922,0.0021968178916722536
78,1,0,0.3597263693809509,0.14230969548225403,0.3505340720851537,0.14450231406764424,0.9994357228279114
78,1,1,0.38394787907600403,0.10978186130523682,0.3739803842047626,0.11217526518695185,0.9994760751724243
78,1,2,0.40605980157852173,0.10835978388786316,0.395712918656683,0.11072660887161623,0.9994461536407471
78,1,3,0.42551398277282715,0.10781320184469223,0.41492484688002135,0.11009502339988797,0.9994840025901794
78,1,4,0.3233017921447754,0.1183035671710968,0.3146370965790872,0.12008899842767952,0.9995712637901306
78,1,5,0.3057495355606079,0.12175337970256805,0.2975673236633449,0.12327829102850751,0.9995119571685791
78,1,6,0.29119107127189636,0.12500104308128357,0.2832661813882152,0.12637871730910125,0.9995280504226685
78,1,7,0.4627312123775482,0.12693582475185394,0.45085242296327005,0.12886457604117205,0.9996132850646973
78,1,8,0.2848612666130066,0.14915242791175842,0.27607054042348395,0.15008686280767536,0.999621570110321
78,1,9,0.41312000155448914,0.17637412250041962,0.40311196369622504,0.17868528974274198,0.9995740652084351
78,1,10,0.3389240503311157,0.18392451107501984,0.33034473990753854,0.18523203259901685,0.999461829662323
78,1,11,0.6839514374732971,0.2943582832813263,0.6679791010405107,0.2959598960126297,0.9971377849578857
78,1,12,0.21671998500823975,0.37385502457618713,0.20491681111182367,0.37400636169423146,0.9956792593002319
78,1,13,0.9683762192726135,0.32258695363998413,0.9554865856932278,0.3262141106584384,0.9959619641304016
78,1,14,0.14311885833740234,0.5921198725700378,0.12308591409397038,0.5968545277748969,0.9585676193237305
78,1,15,0.8598913550376892,0.1254514902830124,0.8467945292007818,0.11741319841050418,0.9798151254653931
78,1,16,0.11274458467960358,0.5134655237197876,0.09307365112066916,0.4373769078924391,0.956669270992279
78,1,17,0.8274329900741577,0.07213778793811798,0.8175656473541131,0.0615635217279444,0.9192845821380615
78,1,18,0.1043214201927185,0.5212331414222717,0.08391541175978336,0.411730135588894,0.9093503952026367
78,1,19,0.7881616950035095,0.07085259258747101,0.7790972823624868,0.0609094144915694,0.9048430919647217
78,1,20,0.11224562674760818,0.4923571050167084,0.10075171018379497,0.3877938526183787,0.9048316478729248
78,1,21,0.7876028418540955,0.10950148105621338,0.776795733376347,0.09526240671867978,0.9196067452430725
78,1,22,0.1360028088092804,0.4945598840713501,0.1263897316791809,0.3972500972417962,0.916330873966217
78,1,23,0.6581482291221619,0.8095336556434631,0.643996263843242,0.8102974112610934,0.984847366809845
78,1,24,0.34473446011543274,0.8393735885620117,0.341508382756535,0.8386788344322839,0.9844794273376465
78,1,25,0.6862812638282776,1.1788629293441772,0.6849553473868034,1.172588016526146,0.09558076411485672
78,1,26,0.3597826361656189,1.1878234148025513,0.37298345637977076,1.1887884403683877,0.055245354771614075
78,1,27,0.7052109837532043,1.498521327972412,0.7132822397187045,1.4912803916741497,0.005650806240737438
78,1,28,0.4062817692756653,1.5073434114456177,0.41868276476630284,1.5051706579986837,0.002856713254004717
78,1,29,0.7256275415420532,1.5430867671966553,0.7319641913658259,1.5348655877656523,0.005546655505895615
78,1,30,0.4211646616458893,1.554667592048645,0.43035501606901466,1.5517306433208826,0.004305724520236254
78,1,31,0.6410139799118042,1.6142046451568604,0.6637459441444794,1.6096112027096001,0.003556234296411276
78,1,32,0.41598835587501526,1.6229352951049805,0.4390649849464201,1.6185093367763577,0.0020694523118436337
79,1,0,0.36501258611679077,0.14246080815792084,0.35304241860394514,0.14414876331730297,0.9994405508041382
79,1,1,0.38945239782333374,0.11011117696762085,0.37666093074441015,0.11181780335838923,0.999485194683075
79,1,2,0.411996066570282,0.10875652730464935,0.3985340640294893,0.11038542821745344,0.9994572401046753
79,1,3,0.4313092529773712,0.10825330764055252,0.41776354438176944,0.1097760744930096,0.999493420124054
79,1,4,0.3276386857032776,0.11845690757036209,0.3168894715371365,0.1198063542085129,0.9995799660682678
79,1,5,0.3098011612892151,0.12191786617040634,0.2996866456136004,0.12304269563935454,0.9995247721672058
79,1,6,0.29517942667007446,0.12522783875465393,0.285329945792451,0.12617941194441012,0.9995417594909668
79,1,7,0.46791261434555054,0.12753981351852417,0.45380826438352134,0.12863515682262341,0.9996223449707031
79,1,8,0.28759726881980896,0.14983852207660675,0.27806732425410774,0.15004385714342597,0.9996397495269775
79,1,9,0.4195042550563812,0.17685748636722565,0.40595202805464875,0.17836875031947041,0.999586284160614
79,1,10,0.34313520789146423,0.18427827954292297,0.3325605265679725,0.18506686575920117,0.9994832873344421
79,1,11,0.6890481114387512,0.29479554295539856,0.6716299486834596,0.2957582570951611,0.997161865234375
79,1,12,0.2213147133588791,0.3750547468662262,0.20775784808957212,0.3741879170343328,0.9959030747413635
79,1,13,0.97281813621521,0.3243187963962555,0.9584894670311445,0.3258858789881404,0.995771050453186
79,1,14,0.1504809707403183,0.5947741270065308,0.12783384465922662,0.5964942407784823,0.9565532207489014
79,1,15,0.8675470352172852,0.12754812836647034,0.8503904984548204,0.11916880627114695,0.9771246314048767
79,1,16,0.12069686502218246,0.5221224427223206,0.09786115709129868,0.4520897497649108,0.953316330909729
79,1,17,0.8346144556999207,0.07448635995388031,0.8205195154585218,0.06380224841556956,0.9089677929878235
79,1,18,0.10893618315458298,0.5303320288658142,0.08825153783625467,0.4323417671900922,0.9051045775413513
79,1,19,0.7934364080429077,0.08113635331392288,0.781581469856605,0.06441425818886871,0.8930465579032898
79,1,20,0.11672242730855942,0.5032907724380493,0.10351869935077827,0.40786399773825177,0.9008391499519348
79,1,21,0.7925938963890076,0.11803457885980606,0.7795328124478677,0.09920858043415307,0.9107828140258789
79,1,22,0.1392461359500885,0.505120575428009,0.12861694576320154,0.4159906951243752,0.9128848314285278
79,1,23,0.6621643304824829,0.8128681778907776,0.6471441604632954,0.810742627161029,0.9850155711174011
79,1,24,0.34839922189712524,0.8383941054344177,0.34270192183905046,0.8386295272848313,0.98463374376297
79,1,25,0.6883951425552368,1.1794294118881226,0.6855510809792125,1.1737729896133582,0.08972276002168655
79,1,26,0.36250248551368713,1.1862077713012695,0.37116788755770286,1.1883415093924166,0.052043747156858444
79,1,27,0.706595242023468,1.500301718711853,0.7121240150328936,1.4928430452423325,0.005156498868018389
79,1,28,0.4048871397972107,1.5052932500839233,0.4162927760404189,1.505191887439007,0.00265426910482347
79,1,29,0.7271446585655212,1.5455601215362549,0.7311294686863603,1.5367181635622449,0.005086245480924845
79,1,30,0.41703328490257263,1.5515224933624268,0.42804715880403327,1.5516945976222893,0.003969111014157534
79,1,31,0.642881453037262,1.6128695011138916,0.6601305593310878,1.6101754999291553,0.0032512214966118336
79,1,32,0.41987085342407227,1.6190016269683838,0.4357392056380364,1.6185945882971446,0.0019199737580493093
80,1,0,0.37275752425193787,0.14304473996162415,0.3564585218197272,0.14395757245083857,0.9994511008262634
80,1,1,0.3978930413722992,0.11046043038368225,0.3803400582882013,0.11158273650852275,0.999504566192627
80,1,2,0.4200655519962311,0.10910765081644058,0.402265101635105,0.11016414608259213,0.9994772672653198
80,1,3,0.4392183721065521,0.10858377814292908,0.42148128947048336,0.10956959627282545,0.9995152354240417
80,1,4,0.3348199725151062,0.11885286867618561,0.3199961835749649,0.11964123369830719,0.9995923638343811
80,1,5,0.31674450635910034,0.12227758765220642,0.3026420828844497,0.12291019829016225,0.9995371103286743
80,1,6,0.30165597796440125,0.1256338208913803,0.28815852453957,0.1260849299989645,0.9995552897453308
80,1,7,0.4752402901649475,0.12780258059501648,0.4575220557753257,0.12849097538821155,0.999642550945282
80,1,8,0.29420045018196106,0.15024979412555695,0.2808624646931551,0.1500795196196108,0.9996562004089355
80,1,9,0.42820411920547485,0.1775866597890854,0.4098080172684824,0.17823331195389308,0.9996084570884705
80,1,10,0.3513357639312744,0.18508663773536682,0.33581368372166437,0.1850702896885695,0.9995066523551941
80,1,11,0.6985692977905273,0.296152800321579,0.6762988345970011,0.2958265812396395,0.9973084330558777
80,1,12,0.22643497586250305,0.37682485580444336,0.2109939964949901,0.3746445938295643,0.9960638880729675
80,1,13,0.9797776341438293,0.32816872000694275,0.962178314185237,0.32628122731339876,0.9958705902099609
80,1,14,0.1495334655046463,0.587052583694458,0.13159403672081524,0.5948587582205079,0.9562361240386963
80,1,15,0.8736611604690552,0.1311129480600357,0.8544231159253313,0.12123792465544501,0.9762731790542603
80,1,16,0.11933542042970657,0.4809151291847229,0.10158227309946391,0.45708579873081084,0.9526600241661072
80,1,17,0.8442836403846741,0.0748923271894455,0.8246377068170869,0.06572336574763744,0.903641939163208
80,1,18,0.1086382195353508,0.44013726711273193,0.09178407958588329,0.4336920425979886,0.9027680158615112
80,1,19,0.8014921545982361,0.08065140247344971,0.7850314818486414,0.06722742904226607,0.8869118094444275
80,1,20,0.12026156485080719,0.41870957612991333,0.10641953354708536,0.4097427547889048,0.8981032967567444
80,1,21,0.7993921637535095,0.11659063398838043,0.7829739244695325,0.10222021674235089,0.905985951423645
80,1,22,0.1402169018983841,0.44153109192848206,0.13062641970387723,0.42041695637867604,0.9108667373657227
80,1,23,0.6730567812919617,0.8168662786483765,0.6516349647098751,0.8118032595087282,0.9850602746009827
80,1,24,0.3596837520599365,0.8423827886581421,0.34564417961617383,0.839279555607278,0.9845229387283325
80,1,25,0.7022674679756165,1.1848849058151245,0.6884473253372082,1.175697891074597,0.0853838101029396
80,1,26,0.3726758360862732,1.1922281980514526,0.3714290319719641,1.1890146487449513,0.049781396985054016
80,1,27,0.718948483467102,1.5074095726013184,0.7133060559167367,1.4953666462064799,0.004706234205514193
80,1,28,0.4109900891780853,1.512760877609253,0.4153743596576547,1.5065029133288423,0.0024648960679769516
80,1,29,0.7393208146095276,1.5528432130813599,0.7325483196262437,1.5395119040417546,0.004653775133192539
80,1,30,0.42261675000190735,1.5590845346450806,0.4271066176023706,1.5529746028280267,0.0036555163096636534
80,1,31,0.6609305739402771,1.6206592321395874,0.6602691017773674,1.6119915477988969,0.0029605168383568525
80,1,32,0.4256170094013214,1.6270866394042969,0.43398580421734123,1.6200655385498648,0.0017754764994606376
81,1,0,0.3733975291252136,0.14303964376449585,0.3593933563578473,0.14379860969168076,0.9994821548461914
81,1,1,0.3970969021320343,0.11041267961263657,0.3832433155548095,0.11138010978430234,0.9995321035385132
81,1,2,0.4192717671394348,0.1089780256152153,0.4052116646365142,0.10995873742106596,0.9995103478431702
81,1,3,0.4382608234882355,0.10830573737621307,0.42438847995484846,0.10935072459987051,0.9995465874671936
81,1,4,0.3369324803352356,0.11878236383199692,0.32293054814095457,0.11949249874408956,0.9996100664138794
81,1,5,0.31951436400413513,0.12220072746276855,0.30556535048702554,0.12278733609523212,0.9995574951171875
81,1,6,0.30511847138404846,0.12557508051395416,0.29109698867998673,0.12599663764304841,0.9995715022087097
81,1,7,0.47459015250205994,0.1269594132900238,0.46047926774657244,0.12822574146287846,0.9996649026870728
81,1,8,0.2992821931838989,0.1501922756433487,0.28405398918419866,0.15009904572756708,0.9996746778488159
81,1,9,0.4278104901313782,0.1773873269557953,0.4129272064742527,0.178086808395785,0.9996325373649597
81,1,10,0.353963166475296,0.18507106602191925,0.3389583582815128,0.1850704241267772,0.9995343685150146
81,1,11,0.6942823529243469,0.2945096790790558,0.6794147382238561,0.29559852331363107,0.997532844543457
81,1,12,0.2312036156654358,0.37641745805740356,0.21449583791137453,0.37495161837237895,0.9962036609649658
81,1,13,0.9720202088356018,0.3279542922973633,0.9638831468179534,0.3265709677365307,0.9961477518081665
81,1,14,0.15826837718486786,0.5875012278556824,0.13621695767639833,0.5935843676084595,0.9530091285705566
81,1,15,0.867680549621582,0.12178032845258713,0.8567198309760519,0.12133185464431172,0.9780060052871704
81,1,16,0.1432420313358307,0.531292736530304,0.10880556089204259,0.46996495346067974,0.9455263018608093
81,1,17,0.8422052264213562,0.06993552297353745,0.8276814942705069,0.06645288045669348,0.9098090529441833
81,1,18,0.13810059428215027,0.540282666683197,0.0998159140798244,0.4522096126101239,0.8927705883979797
81,1,19,0.8022580146789551,0.07062649726867676,0.788016158438501,0.06781610835803109,0.8940531611442566
81,1,20,0.14460596442222595,0.5125285387039185,0.11303989775566643,0.42759728140552833,0.888399064540863
81,1,21,0.7978876233100891,0.09540756046772003,0.7855576989326344,0.10104022273113215,0.9118415117263794
81,1,22,0.15969641506671906,0.5133154988288879,0.13566489247410707,0.4365492250897856,0.902827799320221
81,1,23,0.6679880619049072,0.8170181512832642,0.6544682356351733,0.8127064676491562,0.9856186509132385
81,1,24,0.35793590545654297,0.8414843082427979,0.34777353370992364,0.8396613795193731,0.984501302242279
81,1,25,0.6972540020942688,1.1848704814910889,0.6899727880880185,1.1772867532945372,0.07919339835643768
81,1,26,0.3689022958278656,1.1921571493148804,0.3709914420720542,1.1895588892668603,0.04640405997633934
81,1,27,0.7141528725624084,1.5081095695495605,0.7134527035282135,1.4975741930848392,0.0042851269245147705
81,1,28,0.4067371189594269,1.5129265785217285,0.4138782542029672,1.5076155189989064,0.0022792997770011425
81,1,29,0.7344450950622559,1.5531044006347656,0.7328768043898676,1.5418666886895471,0.0042560226283967495
81,1,30,0.41675737500190735,1.5592617988586426,0.4253138743664323,1.5540635670197251,0.0033651760313659906
81,1,31,0.6564180254936218,1.6214144229888916,0.6596021309375507,1.6136237763296322,0.002700419630855322
81,1,32,0.426719605922699,1.6272335052490234,0.43272723653726136,1.6213070881555225,0.001639463589526713
82,1,0,0.3739798069000244,0.14304889738559723,0.36192041077579146,0.14366877854501944,0.9994924664497375
82,1,1,0.39721137285232544,0.11041182279586792,0.38566319046051495,0.11121242594701915,0.9995477795600891
82,1,2,0.41972407698631287,0.1089690774679184,0.4077258866491963,0.10978735219420294,0.9995310306549072
82,1,3,0.4390147030353546,0.10827239602804184,0.42692242789625157,0.10916398360970737,0.9995682239532471
82,1,4,0.3375825583934784,0.11880006641149521,0.3254689654865971,0.11937258724191152,0.9996165633201599
82,1,5,0.32043296098709106,0.12223730236291885,0.3081411365797969,0.1226920847825089,0.9995618462562561
82,1,6,0.3065330684185028,0.12562884390354156,0.2937713066713429,0.12593294583204992,0.9995712637901306
82,1,7,0.4760518968105316,0.12684568762779236,0.46317725434062085,0.12798674662958634,0.9996827244758606
82,1,8,0.3004165291786194,0.15029583871364594,0.2868888963891739,0.15013312471220816,0.9996793866157532
82,1,9,0.4285481572151184,0.17740702629089355,0.41563356883962876,0.17796908763291605,0.9996472001075745
82,1,10,0.3544079661369324,0.18517203629016876,0.34163502126431494,0.18508802043196493,0.9995455145835876
82,1,11,0.695419430732727,0.2943199872970581,0.6821876168780955,0.2953771097990683,0.9977016448974609
82,1,12,0.2344430685043335,0.3765493631362915,0.21795218654328247,0.3752283142775118,0.9960767030715942
82,1,13,0.9740785360336304,0.3268536627292633,0.9656492312168703,0.32661992264534007,0.9963439106941223
82,1,14,0.15636909008026123,0.5769864916801453,0.1397088328979248,0.5907086672883787,0.9485757350921631
82,1,15,0.8684592247009277,0.11972770094871521,0.8587534682811755,0.12105404879839637,0.9792624115943909
82,1,16,0.1395067423582077,0.5207256078720093,0.11412701678029621,0.4787686471625927,0.9399800896644592
82,1,17,0.8431615829467773,0.06966625154018402,0.8303634406144881,0.06700939602492376,0.9137483835220337
82,1,18,0.1359509527683258,0.5197511911392212,0.106080246485042,0.46392964005537546,0.8823549747467041
82,1,19,0.803176760673523,0.06958742439746857,0.7906427279874083,0.06812286479753565,0.8985826373100281
82,1,20,0.1445579081773758,0.49400827288627625,0.11850306806812695,0.43912072852342077,0.8773334622383118
82,1,21,0.7991195321083069,0.09275827556848526,0.7879071693908792,0.0996056750768566,0.9153939485549927
82,1,22,0.15982702374458313,0.49691417813301086,0.1398521070144722,0.44702167542210847,0.8936609625816345
82,1,23,0.6682712435722351,0.8174237012863159,0.656859505206096,0.8135234702445068,0.986005961894989
82,1,24,0.35903701186180115,0.841546356678009,0.3497246992483313,0.8399878208723635,0.9844331741333008
82,1,25,0.696937620639801,1.1848918199539185,0.6911791459906179,1.1786040293646767,0.07575754821300507
82,1,26,0.3688199818134308,1.192346453666687,0.3706153842264434,1.190041654273551,0.044424235820770264
82,1,27,0.713188886642456,1.5080831050872803,0.7134070178135429,1.49939460414163,0.003941700793802738
82,1,28,0.4068848490715027,1.5129886865615845,0.41266694664797154,1.5085461446904047,0.002154687885195017
82,1,29,0.733269214630127,1.553065538406372,0.732944759166211,1.5438066547929223,0.003938538022339344
82,1,30,0.4172755181789398,1.5592297315597534,0.4239215301256221,1.5549583344989422,0.003138788975775242
82,1,31,0.6566910147666931,1.621449589729309,0.6590979667487559,1.6149792970665344,0.002484259894117713
82,1,32,0.4264545440673828,1.6273138523101807,0.4316407849981705,1.6223474717942163,0.0015409250045195222
83,1,0,0.3681635856628418,0.1440696269273758,0.3630017490308582,0.14373819458424017,0.9995155334472656
83,1,1,0.3905375301837921,0.11182048916816711,0.3865074072715687,0.11131772661731373,0.9995604753494263
83,1,2,0.4107489585876465,0.11052148789167404,0.4082494418955185,0.10991448580693483,0.9995510578155518
83,1,3,0.43095844984054565,0.10976243019104004,0.42762143368881506,0.10926761889918132,0.9995866417884827
83,1,4,0.33429062366485596,0.11941491812467575,0.3269970238496227,0.1193799177206499,0.9996235966682434
83,1,5,0.3182096779346466,0.1228192076086998,0.3098852412488706,0.12271409881789204,0.9995715618133545
83,1,6,0.30433714389801025,0.12617559731006622,0.295601581852044,0.12597496626961124,0.9995766878128052
83,1,7,0.4688696563243866,0.1279832124710083,0.46416318062875894,0.1279861346167354,0.9996936321258545
83,1,8,0.2937861680984497,0.15099461376667023,0.2880835497978286,0.1502823132560012,0.9996911287307739
83,1,9,0.4191303551197052,0.17884080111980438,0.4162391736441077,0.17812004684082147,0.9996628761291504
83,1,10,0.3475863039493561,0.186069056391716,0.3426657937927916,0.18525791214613913,0.999568521976471
83,1,11,0.6750177145004272,0.29574352502822876,0.6809457324456635,0.2954405628867651,0.9978764057159424
83,1,12,0.20533734560012817,0.37591418623924255,0.21576683748073391,0.37534708966905583,0.9961333274841309
83,1,13,0.9691495299339294,0.327838659286499,0.9662554443554731,0.3268309798710424,0.9965446591377258
83,1,14,0.11161081492900848,0.5539779663085938,0.1348389709396999,0.5843409619830796,0.9461803436279297
83,1,15,0.8392366170883179,0.12005305290222168,0.8553717387671277,0.12088070040286106,0.9808838963508606
83,1,16,0.08641014993190765,0.5214932560920715,0.10932327073679174,0.48617681923861344,0.9325321316719055
83,1,17,0.819039523601532,0.06981899589300156,0.8284018025541909,0.06749597757380658,0.9201241731643677
83,1,18,0.07992769777774811,0.537811279296875,0.10154783360179392,0.47675224935860716,0.8702980875968933
83,1,19,0.7818471789360046,0.06892507523298264,0.789119193916773,0.06826178751784263,0.9061536192893982
83,1,20,0.13096530735492706,0.4910307824611664,0.12066197271008647,0.44812409653824714,0.8659889101982117
83,1,21,0.7734286189079285,0.09190152585506439,0.7853988174279478,0.09827123313311308,0.9215143918991089
83,1,22,0.14302995800971985,0.49403712153434753,0.14040247055168728,0.4551749117027371,0.8840351700782776
83,1,23,0.6411494016647339,0.8227028250694275,0.6541376911129433,0.8151135044278706,0.9867865443229675
83,1,24,0.32149824500083923,0.8456529974937439,0.34483255693104453,0.8409690306952865,0.9850766062736511
83,1,25,0.662846565246582,1.191342830657959,0.6862685944637771,1.1808108617613435,0.07609646022319794
83,1,26,0.32791051268577576,1.1978236436843872,0.3632106581560676,1.1913895823273006,0.04719570279121399
83,1,27,0.6703943014144897,1.512481689453125,0.7059488450460167,1.5016617960981895,0.003785174572840333
83,1,28,0.3678322732448578,1.5203408002853394,0.40489243062565555,1.5105893581361758,0.0023301108740270138
83,1,29,0.6799411177635193,1.5550239086151123,0.7237514581872747,1.5457498100899758,0.003948709927499294
83,1,30,0.3780936598777771,1.5667475461959839,0.41597455285890717,1.557000604574927,0.0031583744566887617
83,1,31,0.6270986795425415,1.629347324371338,0.6535512967127427,1.6174684937330526,0.0024462987203150988
83,1,32,0.4075489044189453,1.6351797580718994,0.4274657549129524,1.6245705055822235,0.0015901285223662853
84,1,0,0.3421374261379242,0.14431464672088623,0.3593863934651469,0.14383802094550727,0.9995251297950745
84,1,1,0.36348748207092285,0.11198753863573074,0.38251827214061035,0.11143372078217481,0.9995613098144531
84,1,2,0.38515588641166687,0.11067228764295578,0.4042475384966206,0.11004571788584808,0.9995463490486145
84,1,3,0.40658125281333923,0.10987544804811478,0.42397558633240984,0.10937287903364473,0.999589741230011
84,1,4,0.3129453957080841,0.11941324919462204,0.3245626656743523,0.11938568976175351,0.9996246695518494
84,1,5,0.2980814576148987,0.12277514487504959,0.3078404464323328,0.12272467022692218,0.9995691776275635
84,1,6,0.2836560606956482,0.12612409889698029,0.29353222471692686,0.12600079178977097,0.9995834827423096
84,1,7,0.45180290937423706,0.12792183458805084,0.4620219485357364,0.12797499971294357,0.9996861219406128
84,1,8,0.27487844228744507,0.15086497366428375,0.2857959042866777,0.15038321474586322,0.9996854066848755
84,1,9,0.38880643248558044,0.1789560467004776,0.41148470919830066,0.1782648211767644,0.9996664524078369
84,1,10,0.324385404586792,0.1860673874616623,0.33949842637314487,0.1853980929807209,0.9995746612548828
84,1,11,0.6488747000694275,0.29605963826179504,0.6753866155340259,0.29554777061011245,0.9979491233825684
84,1,12,0.18185491859912872,0.375519335269928,0.20988830036672076,0.37537691771838316,0.9963019490242004
84,1,13,0.9623541831970215,0.3405444622039795,0.9655797809965522,0.32920673252184446,0.9967312812805176
84,1,14,0.10103160887956619,0.572038471698761,0.12897857721962996,0.5822097423994453,0.9500860571861267
84,1,15,0.8162102699279785,0.14010466635227203,0.848582136383243,0.1242116524951142,0.9822143912315369
84,1,16,0.07161181420087814,0.4328834116458893,0.10278535009220591,0.47693319956779523,0.9375157356262207
84,1,17,0.7871929407119751,0.08101671934127808,0.8212567954801917,0.06983832602581545,0.9247235059738159
84,1,18,0.06700800359249115,0.3928286135196686,0.09556033905943248,0.4621825510786737,0.87773197889328
84,1,19,0.7438979148864746,0.07598927617073059,0.7812775485904409,0.06960027329023113,0.9113594889640808
84,1,20,0.10094939917325974,0.38461995124816895,0.11724631056687665,0.4371060932653353,0.8732698559761047
84,1,21,0.7360764741897583,0.10255181044340134,0.776844969800611,0.09901259925841645,0.9255802035331726
84,1,22,0.11159595847129822,0.3957884907722473,0.13540970768785623,0.44487260197409156,0.8902148604393005
84,1,23,0.6170499920845032,0.8289540410041809,0.6477080284721687,0.8175112774820876,0.986410915851593
84,1,24,0.2989170551300049,0.8486020565032959,0.3368703623448109,0.8422911506364009,0.9848377704620361
84,1,25,0.6303269267082214,1.2008652687072754,0.6765648466258786,1.1842857919376337,0.07461913675069809
84,1,26,0.3073936402797699,1.2091443538665771,0.3535285661918178,1.1944658301980666,0.0468890406191349
84,1,27,0.6443465352058411,1.5262072086334229,0.6952613749279555,1.5059154799310528,0.003514199750497937
84,1,28,0.34188809990882874,1.5398266315460205,0.39396126135413073,1.515656848396543,0.002241642214357853
84,1,29,0.6558746695518494,1.5686568021774292,0.7119732024307068,1.549719362751846,0.0036728321574628353
84,1,30,0.34896114468574524,1.585910439491272,0.4043464159700289,1.562011293005442,0.0029795817099511623
84,1,31,0.601036012172699,1.6462968587875366,0.6444428305845661,1.6224650495500932,0.0022752948570996523
84,1,32,0.3821472227573395,1.6560091972351074,0.41960722048769883,1.6300199124599544,0.0015246651601046324
85,1,0,0.3291439116001129,0.14520154893398285,0.3541445201099325,0.1440741537486148,0.9995478987693787
85,1,1,0.3493311405181885,0.11266735196113586,0.3767654994071119,0.11164735750460575,0.9995775818824768
85,1,2,0.371243953704834,0.11131744831800461,0.3985266139517078,0.11026595278037758,0.9995599389076233
85,1,3,0.3928576409816742,0.11039932072162628,0.41858182873619665,0.10955063416476507,0.9996066689491272
85,1,4,0.3007463216781616,0.11966406553983688,0.3204354196344532,0.11943389669896445,0.9996373653411865
85,1,5,0.2861993610858917,0.12287530303001404,0.304090406232846,0.122750755535932,0.999581515789032
85,1,6,0.27172306180000305,0.12620273232460022,0.2897530403738083,0.12603576218979326,0.9996006488800049
85,1,7,0.4404696226119995,0.12801095843315125,0.4582872989339846,0.12798122671711518,0.9996961355209351
85,1,8,0.26346370577812195,0.15085634589195251,0.2819260252932141,0.15046514837245825,0.9996914863586426
85,1,9,0.37614262104034424,0.1793215572834015,0.4053579922558919,0.17844782274285334,0.9996806383132935
85,1,10,0.31221091747283936,0.1861788034439087,0.33476915278334746,0.1855332923469897,0.9995921850204468
85,1,11,0.629511296749115,0.29672178626060486,0.6674313988158054,0.2957510829212451,0.9980812668800354
85,1,12,0.1694526970386505,0.3739277124404907,0.2028775262590701,0.37512594686351325,0.9965159296989441
85,1,13,0.9478327631950378,0.3496052026748657,0.9625048777030155,0.33274131659825973,0.9969704747200012
85,1,14,0.08916747570037842,0.5779100060462952,0.12207620974537856,0.5814650575455079,0.9540629386901855
85,1,15,0.7897157073020935,0.15612895786762238,0.8383701563958098,0.12974409891829206,0.9837445020675659
85,1,16,0.06347598135471344,0.4241781532764435,0.09597007534672174,0.46778309742246993,0.9426476359367371
85,1,17,0.7522078156471252,0.09487613290548325,0.8092747176879005,0.07417740496863608,0.9305279850959778
85,1,18,0.05496367812156677,0.38380759954452515,0.08852160855757828,0.44857837657384075,0.8862618803977966
85,1,19,0.7115196585655212,0.08555836975574493,0.7691721953555859,0.07236507438974847,0.9180490970611572
85,1,20,0.0794556513428688,0.37214431166648865,0.11069464242893531,0.42583468154371606,0.8818296790122986
85,1,21,0.7070865631103516,0.11386478692293167,0.7647395257849768,0.10158571196242641,0.9310917854309082
85,1,22,0.09290081262588501,0.38710474967956543,0.12803900623973244,0.43485155514465107,0.8975704312324524
85,1,23,0.5970721244812012,0.8346317410469055,0.6389260258473136,0.8204775666302655,0.9863157868385315
85,1,24,0.28401800990104675,0.8504937291145325,0.3277033394955565,0.8437119473941136,0.9848254919052124
85,1,25,0.6086230278015137,1.2069686651229858,0.6647752820067079,1.188216480533901,0.07174631953239441
85,1,26,0.28930726647377014,1.2139848470687866,0.3423858433895044,1.1978479362105225,0.0455017052590847
85,1,27,0.6216357946395874,1.5337817668914795,0.6824833583932319,1.5107451484627479,0.0032329559326171875
85,1,28,0.3202258050441742,1.547672986984253,0.38116413190932924,1.5212064434884278,0.002111985580995679
85,1,29,0.6331959962844849,1.576176404953003,0.6982989858425424,1.5543045927790662,0.0033936442341655493
85,1,30,0.32512757182121277,1.5937727689743042,0.3905953582950859,1.56751670345965,0.0027805897407233715
85,1,31,0.5792954564094543,1.653696060180664,0.633139116589793,1.6278784250384402,0.002101675607264042
85,1,32,0.3594743311405182,1.6635308265686035,0.4091751395413023,1.6358288690157834,0.0014446483692154288
86,1,0,0.3290359079837799,0.14746032655239105,0.34979316117047393,0.14466059943123755,0.9995606541633606
86,1,1,0.350456178188324,0.11539633572101593,0.3722058912408112,0.11229664393974792,0.9995891451835632
86,1,2,0.3716588318347931,0.11406358331441879,0.3938701421230836,0.11092366628412301,0.9995710253715515
86,1,3,0.39273667335510254,0.11314109712839127,0.41410272666874226,0.11017246434197026,0.9996204972267151
86,1,4,0.30108511447906494,0.12163341790437698,0.31708256392953627,0.11981481455856285,0.999642014503479
86,1,5,0.28649580478668213,0.12456457316875458,0.3010419247453332,0.12306487277053244,0.9995840191841125
86,1,6,0.27225878834724426,0.12767881155014038,0.28672195478576007,0.12632030428613114,0.9996057748794556
86,1,7,0.43812182545661926,0.12996727228164673,0.4547931123969152,0.12832517219391043,0.999707818031311
86,1,8,0.2635319232940674,0.15181098878383636,0.27873894388920517,0.15069821795610475,0.9996936321258545
86,1,9,0.3761366009712219,0.18233618140220642,0.4002932567444407,0.17912125133247356,0.9996954202651978
86,1,10,0.3103460669517517,0.18844769895076752,0.3305366838621606,0.18603802646131956,0.9996035695075989
86,1,11,0.6262612342834473,0.299699604511261,0.660293106302877,0.2964349324233936,0.9982185363769531
86,1,12,0.16856619715690613,0.3757341504096985,0.19692967840839964,0.37523127183579935,0.9966075420379639
86,1,13,0.9535251259803772,0.36666005849838257,0.9609494278537677,0.3386210391460667,0.9971781373023987
86,1,14,0.09105437248945236,0.5864558219909668,0.11669912469298738,0.5823294413551828,0.9563170671463013
86,1,15,0.7590802311897278,0.17012153565883636,0.8246067348086578,0.1367447771116778,0.9849406480789185
86,1,16,0.06716594099998474,0.42406702041625977,0.09097772267644431,0.460202810838496,0.9455578923225403
86,1,17,0.7131326198577881,0.10803161561489105,0.7925776068955565,0.08004593027459246,0.9344406723976135
86,1,18,0.05533628165721893,0.3813484311103821,0.08276914832134988,0.4369126115980557,0.8898476362228394
86,1,19,0.6789504289627075,0.10150706768035889,0.7535060522535482,0.077416036032856,0.9224624633789062
86,1,20,0.07324076443910599,0.3685377240180969,0.10420142503646927,0.41589545449164717,0.8851401209831238
86,1,21,0.6737332344055176,0.13148075342178345,0.7489367851110122,0.10676731096204617,0.9345302581787109
86,1,22,0.08845115453004837,0.38501685857772827,0.12117538999345755,0.42620872986000113,0.9004387259483337
86,1,23,0.6033313870429993,0.8397217988967896,0.6327554783397078,0.8238120325434019,0.9863544702529907
86,1,24,0.2871755063533783,0.855815589427948,0.32067655033933573,0.845808706595393,0.9845224022865295
86,1,25,0.6141526103019714,1.213563084602356,0.6559955684466686,1.1926091156566723,0.07051477581262589
86,1,26,0.29512888193130493,1.2212433815002441,0.33419068678952074,1.2019021923875497,0.04456078261137009
86,1,27,0.6298909187316895,1.5397340059280396,0.673361476999832,1.5157695460573695,0.003010028740391135
86,1,28,0.3270733058452606,1.5531750917434692,0.3717819407238672,1.5267477995228764,0.0020175662357360125
86,1,29,0.6444856524467468,1.5825263261795044,0.6889650018847226,1.559195918380758,0.0031806225888431072
86,1,30,0.33300507068634033,1.5996699333190918,0.3806051259084746,1.5730900852498257,0.002641731407493353
86,1,31,0.5838642716407776,1.6600291728973389,0.6245935081105704,1.633451376207861,0.0019529578275978565
86,1,32,0.36300379037857056,1.6696168184280396,0.40116850967292444,1.6416858978244344,0.001397588406689465
87,1,0,0.3220136761665344,0.14725829660892487,0.3449785494701106,0.1451104796570437,0.9994869828224182
87,1,1,0.3441509008407593,0.11522796005010605,0.36734348979751363,0.11280430680057843,0.9995019435882568
87,1,2,0.36501750349998474,0.11386517435312271,0.3888693750358832,0.11143309440548453,0.99948650598526
87,1,3,0.3859158456325531,0.11288556456565857,0.40921744715254377,0.11064233218735564,0.9995535612106323
87,1,4,0.2970309555530548,0.12114416807889938,0.3136081189838944,0.12004502886566538,0.9995537400245667
87,1,5,0.2834610641002655,0.12397412955760956,0.2979958251233052,0.12322233372735403,0.999483585357666
87,1,6,0.27002447843551636,0.12702420353889465,0.2838289891007543,0.12644220160608174,0.9995191693305969
87,1,7,0.43428170680999756,0.12946344912052155,0.4512389470444693,0.12852229517463923,0.9996581673622131
87,1,8,0.26259973645210266,0.14983202517032623,0.27594274944297587,0.15054821482145767,0.9996048808097839
87,1,9,0.36956170201301575,0.18163645267486572,0.3949665332383749,0.17955684349912768,0.999658465385437
87,1,10,0.3056090474128723,0.18754945695400238,0.3262167115480701,0.1862997738623358,0.9995466470718384
87,1,11,0.6201343536376953,0.2973071336746216,0.6533303874135216,0.2965859761028506,0.9982409477233887
87,1,12,0.17096684873104095,0.3724921643733978,0.1924301653816342,0.3747568995617126,0.9965067505836487
87,1,13,0.947172224521637,0.37748947739601135,0.9585626314342158,0.34535978065211037,0.9972240924835205
87,1,14,0.09245965629816055,0.5811564326286316,0.11249849820283556,0.5821263033971754,0.9559744596481323
87,1,15,0.7362547516822815,0.184780552983284,0.8092661117506526,0.14507518164775446,0.9854470491409302
87,1,16,0.06833309680223465,0.4073058068752289,0.08705366592780248,0.45102803734655117,0.9463539719581604
87,1,17,0.6872195601463318,0.12794330716133118,0.7742748783709533,0.08835229793455346,0.9355930685997009
87,1,18,0.05654366686940193,0.37031853199005127,0.07822408125227628,0.425357391397684,0.8889243006706238
87,1,19,0.6507759094238281,0.12339923530817032,0.7356612472049119,0.0853899880961925,0.9238132238388062
87,1,20,0.07598505169153214,0.36112910509109497,0.09931102954048349,0.40639592224189103,0.8836217522621155
87,1,21,0.6491060853004456,0.15123289823532104,0.7315971336139735,0.1144777426598168,0.9347543716430664
87,1,22,0.09123192727565765,0.37222060561180115,0.11598538926362076,0.4168444033489394,0.8983860611915588
87,1,23,0.6007155776023865,0.8353955745697021,0.6272017584358951,0.8258186617026938,0.9851245880126953
87,1,24,0.288668692111969,0.8449347615242004,0.31512838843358804,0.8456573609280498,0.9830828905105591
87,1,25,0.5988777875900269,1.203583836555481,0.6460874469442469,1.1945102435481534,0.07383637875318527
87,1,26,0.28550684452056885,1.2069776058197021,0.3257477222220108,1.2027812396728197,0.04652746021747589
87,1,27,0.6125600934028625,1.5226694345474243,0.6628131986428124,1.5169646530292893,0.0030044924933463335
87,1,28,0.3184584975242615,1.537552833557129,0.3625330652122308,1.528619523708986,0.0021660556085407734
87,1,29,0.6241499781608582,1.5623608827590942,0.6777190504302308,1.5597440498848023,0.0032074248883873224
87,1,30,0.3260843753814697,1.583085536956787,0.3711482372805637,1.5748215257515115,0.002681719372048974
87,1,31,0.5676507353782654,1.6459319591522217,0.6147157969601863,1.6356134596746803,0.0019245968433097005
87,1,32,0.3517966568470001,1.651370882987976,0.39260605276316995,1.643363542864496,0.001454248558729887
88,1,0,0.3224542737007141,0.14796270430088043,0.34107536208933087,0.14560444381047832,0.9994739294052124
88,1,1,0.34478333592414856,0.11577338725328445,0.36343408082061884,0.11331851050060854,0.9994832873344421
88,1,2,0.3653832674026489,0.11440106481313705,0.38479939594056833,0.11194710584395512,0.9994672536849976
88,1,3,0.3863174319267273,0.11341913044452667,0.4052491037832626,0.1111232324883707,0.9995422959327698
88,1,4,0.2966422438621521,0.12162227928638458,0.31066862723167815,0.12031817540921877,0.999532163143158
88,1,5,0.28306224942207336,0.12430977076292038,0.29540860576752026,0.12341065213851028,0.9994561672210693
88,1,6,0.2698099613189697,0.12708111107349396,0.28140028053801136,0.12655284414375648,0.9994965195655823
88,1,7,0.433462917804718,0.12992356717586517,0.448159013839895,0.12876496467935042,0.9996537566184998
88,1,8,0.26301509141921997,0.14833366870880127,0.27370318727702,0.15016469474201424,0.9995788335800171
88,1,9,0.3699836730957031,0.18247753381729126,0.3906369824052247,0.1800626659608193,0.9996570944786072
88,1,10,0.3054198920726776,0.18820254504680634,0.3226130588743891,0.1866292969696541,0.9995336532592773
88,1,11,0.6192114353179932,0.29736825823783875,0.6474159198291002,0.29672144764960684,0.9983188509941101
88,1,12,0.17196616530418396,0.3725927472114563,0.18888421791442492,0.3743821073559444,0.9965145587921143
88,1,13,0.9486026763916016,0.37821370363235474,0.956837342329193,0.35105473970292717,0.9973611235618591
88,1,14,0.09279567748308182,0.5824488401412964,0.10908452419978158,0.5821821578524603,0.9575198888778687
88,1,15,0.7321811318397522,0.18587356805801392,0.7958862919992764,0.15214893744055213,0.9863116145133972
88,1,16,0.0677143856883049,0.4050486385822296,0.08370272070531935,0.44305474590188837,0.9488801956176758
88,1,17,0.680083692073822,0.13240046799182892,0.7579174969361883,0.0959902557954952,0.9381245970726013
88,1,18,0.05637336149811745,0.3682343363761902,0.07443768958949593,0.41544836416850606,0.8918132185935974
88,1,19,0.6421303749084473,0.12923850119113922,0.7194188609211054,0.09299327910089232,0.9266210794448853
88,1,20,0.0739891529083252,0.3601589798927307,0.09492268252454417,0.3983779110186764,0.8860872387886047
88,1,21,0.6424357295036316,0.15538324415683746,0.7161155672232945,0.12157009162258804,0.9369007349014282
88,1,22,0.09227542579174042,0.36977627873420715,0.11187658921761326,0.4086820518895156,0.9004311561584473
88,1,23,0.6030417680740356,0.8379631042480469,0.6230149140574355,0.8279224917123872,0.9844739437103271
88,1,24,0.29189884662628174,0.8455212116241455,0.31110289923609474,0.8456337837594327,0.982205867767334
88,1,25,0.6036725640296936,1.2044169902801514,0.6387330544787989,1.1962263133895312,0.07303865998983383
88,1,26,0.28881996870040894,1.2102936506271362,0.31934580827492476,1.2040824633359306,0.045798514038324356
88,1,27,0.6200560927391052,1.5259761810302734,0.6553993888861318,1.5185256091172215,0.00282633351162076
88,1,28,0.32444050908088684,1.5402859449386597,0.35592898373480714,1.5306405156647824,0.002106413012370467
88,1,29,0.6337332725524902,1.567070722579956,0.6700919130597556,1.5610130949269077,0.0030330282170325518
88,1,30,0.33272406458854675,1.5856894254684448,0.36448659593004856,1.5767041434254745,0.002567528048530221
88,1,31,0.5740075707435608,1.6476606130599976,0.607657686426658,1.6377004303450158,0.0018066299380734563
88,1,32,0.3565865159034729,1.6545487642288208,0.3863617617047416,1.6453011478937483,0.0014216165291145444
89,1,0,0.3236231505870819,0.14803992211818695,0.3380515634260158,0.14602622822741043,0.9994820356369019
89,1,1,0.3460839092731476,0.11577510088682175,0.3604279708951886,0.11374395144926529,0.9994801878929138
89,1,2,0.3668082356452942,0.11439108848571777,0.38168216751921974,0.11237036317876001,0.9994605779647827
89,1,3,0.3876749277114868,0.11340924352407455,0.4022041621425557,0.11151912987562271,0.9995360374450684
89,1,4,0.29691082239151,0.12167222052812576,0.3082851924636619,0.12055266592338552,0.9995313286781311
89,1,5,0.2832564115524292,0.12433309108018875,0.29330343245823287,0.12357039598432155,0.9994593858718872
89,1,6,0.2701709568500519,0.12707732617855072,0.27945503375355163,0.12664367050743508,0.9995020627975464
89,1,7,0.4341323971748352,0.12990793585777283,0.4457289898772079,0.12896290062295057,0.999652624130249
89,1,8,0.263439804315567,0.14807011187076569,0.2719253212463849,0.14980195147473196,0.9995754361152649
89,1,9,0.3715997040271759,0.18262888491153717,0.38733839501782535,0.18050709423406777,0.9996660947799683
89,1,10,0.30639412999153137,0.1881788820028305,0.31980304506145385,0.1868976522281718,0.9995429515838623
89,1,11,0.6219977736473083,0.29720088839530945,0.6430108743347619,0.2968044739454594,0.9983931183815002
89,1,12,0.1734696626663208,0.37251928448677063,0.18621363003110722,0.37405950291104684,0.9966761469841003
89,1,13,0.956540048122406,0.38019877672195435,0.9567858592159302,0.35610605805679224,0.9974445104598999
89,1,14,0.09417783468961716,0.5826368927955627,0.10650196417615156,0.582260905698951,0.9596747756004333
89,1,15,0.7355788350105286,0.22154563665390015,0.785423844692366,0.16419148927003685,0.9868913292884827
89,1,16,0.06910154968500137,0.4035307466983795,0.08117311468595734,0.4362022115340621,0.9528196454048157
89,1,17,0.7002582550048828,0.18031886219978333,0.7479152569363581,0.11063052161986613,0.9393186569213867
89,1,18,0.057906702160835266,0.3679695725440979,0.07157358294895819,0.4072146877018732,0.8991645574569702
89,1,19,0.6596612334251404,0.17966659367084503,0.7090519599166041,0.10804166481767986,0.9279064536094666
89,1,20,0.07519593834877014,0.3580904006958008,0.09150456087742745,0.39139284367117116,0.8936141133308411
89,1,21,0.6602715849876404,0.198088139295578,0.7064287536909922,0.13485125796685213,0.9375340342521667
89,1,22,0.09396003186702728,0.36807066202163696,0.10877229337313624,0.40164076147532624,0.906666100025177
89,1,23,0.6032265424728394,0.8374096155166626,0.6195861067542551,0.8295658525964601,0.9843228459358215
89,1,24,0.2939741909503937,0.8456326127052307,0.30813517865264256,0.8456335809671326,0.9820821285247803
89,1,25,0.6080437898635864,1.2025911808013916,0.6334136607942871,1.1973287332131877,0.07744899392127991
89,1,26,0.2907753884792328,1.2101118564605713,0.31439399151499825,1.2051267671114039,0.04806891828775406
89,1,27,0.6248286962509155,1.5222681760787964,0.650100564746776,1.5191737852348037,0.002783549949526787
89,1,28,0.3286421597003937,1.539691686630249,0.3511998200707291,1.5322083405196445,0.0022392370738089085
89,1,29,0.6394725441932678,1.5636998414993286,0.6647846425913063,1.5614783984642167,0.0030049276538193226
89,1,30,0.3371853828430176,1.5852669477462769,0.3597549355615123,1.5781873526577141,0.0026484522968530655
89,1,31,0.5744330286979675,1.6461836099624634,0.6018983928730218,1.639169843858641,0.0017661338206380606
89,1,32,0.35972079634666443,1.6543314456939697,0.38174462580410634,1.6468653562134523,0.0015116422437131405
90,1,0,0.3266867697238922,0.14656339585781097,0.3360828408802019,0.14611925143522259,0.999508261680603
90,1,1,0.34915387630462646,0.11435753107070923,0.35847496542870033,0.11385020743446447,0.9995051026344299
90,1,2,0.3702595829963684,0.11316157877445221,0.37970343036042004,0.1125073818128933,0.9994842410087585
90,1,3,0.3912293612957001,0.1123705804347992,0.40030302029806675,0.11166657995688113,0.999557375907898
90,1,4,0.2993246912956238,0.11985918134450912,0.30673307775830566,0.12043257219580546,0.9995561838150024
90,1,5,0.2854614555835724,0.12242358922958374,0.2919451113423026,0.12337179578548232,0.9994879364967346
90,1,6,0.2720746397972107,0.1250273436307907,0.2781766818863216,0.12636375641606234,0.9995300769805908
90,1,7,0.43754443526268005,0.12916052341461182,0.44431131569470117,0.1289971233073417,0.999668300151825
90,1,8,0.2671331763267517,0.14594517648220062,0.2710953424114824,0.14913399352317877,0.9995901584625244
90,1,9,0.37518399953842163,0.18125739693641663,0.3852328396272278,0.18063702762461903,0.9996855854988098
90,1,10,0.30915525555610657,0.18607957661151886,0.3179585689562811,0.18675598200050156,0.9995691776275635
90,1,11,0.629314124584198,0.2963537871837616,0.6406380198923154,0.2967264271370617,0.998495876789093
90,1,12,0.18241961300373077,0.3684774935245514,0.18555654216140954,0.3730927000921441,0.9969030618667603
90,1,13,0.9626687169075012,0.4003782272338867,0.9578047780891555,0.36378290871291263,0.9975680112838745
90,1,14,0.12878748774528503,0.5872282385826111,0.11036374866565306,0.5831212307152661,0.9612069129943848
90,1,15,0.8039214611053467,0.2549935579299927,0.7886288619276194,0.179958678677082,0.9876393675804138
90,1,16,0.09804848581552505,0.44967296719551086,0.08409691671614358,0.43853589535546206,0.9550290107727051
90,1,17,0.7514566779136658,0.21650457382202148,0.7485285901587702,0.12902316750378853,0.9421322345733643
90,1,18,0.08544327318668365,0.4335145652294159,0.07397640804238231,0.4117726531439474,0.9037867188453674
90,1,19,0.6885640025138855,0.21253834664821625,0.7055018461115873,0.12619428265994495,0.9311426877975464
90,1,20,0.12953725457191467,0.36017170548439026,0.09809823755302967,0.3859811801505294,0.8984386324882507
90,1,21,0.689080536365509,0.23019768297672272,0.703422972133784,0.15140979896784604,0.9402583241462708
90,1,22,0.14477667212486267,0.3705452084541321,0.11501394314612959,0.39625088620858334,0.910692036151886
90,1,23,0.6135616302490234,0.8378562927246094,0.6185426542613304,0.8310018721074621,0.9843286275863647
90,1,24,0.3019340932369232,0.8467066287994385,0.3070611312656589,0.8458194074322263,0.9823396801948547
90,1,25,0.6204311847686768,1.2013897895812988,0.631164595232636,1.1980320752593647,0.07680478692054749
90,1,26,0.31404903531074524,1.209280252456665,0.3143342545028154,1.2058461190692866,0.04828134551644325
90,1,27,0.636985182762146,1.5283138751983643,0.6478284651447191,1.5207570165135247,0.002697839867323637
90,1,28,0.34582290053367615,1.5403976440429688,0.3502685430284001,1.5336268376934503,0.002246029209345579
90,1,29,0.6477731466293335,1.5699467658996582,0.6618372371883229,1.5629452454324968,0.002864203182980418
90,1,30,0.3488665521144867,1.5839662551879883,0.35786876580477894,1.5791882635327932,0.00260779052041471
90,1,31,0.600171685218811,1.644751787185669,0.6015993617019129,1.6401366355171487,0.0017545174341648817
90,1,32,0.3833472728729248,1.6527358293533325,0.3820221704051343,1.6478821300274122,0.0015221473295241594
91,1,0,0.33505481481552124,0.14743711054325104,0.3359048113179052,0.14634747508892418,0.999294638633728
91,1,1,0.3565017879009247,0.11488539725542068,0.3581332484887298,0.114029477580955,0.9992604851722717
91,1,2,0.3770461678504944,0.11360061168670654,0.379243233399803,0.11269670344037258,0.9991958141326904
91,1,3,0.39740151166915894,0.11265835165977478,0.39980051999170263,0.11183833089830122,0.9993268847465515
91,1,4,0.3067173361778259,0.12040950357913971,0.30673035177583646,0.12042857738408896,0.9993835091590881
91,1,5,0.29259124398231506,0.12293929606676102,0.29205700475947644,0.12329689852398903,0.9992870092391968
91,1,6,0.27958330512046814,0.12548194825649261,0.2784202781245807,0.1262110490136638,0.999390721321106
91,1,7,0.4428485631942749,0.1295926421880722,0.4440579986199236,0.12910025158703525,0.9994479417800903
91,1,8,0.27761802077293396,0.14620544016361237,0.27222510074684664,0.14862680917270182,0.9993412494659424
91,1,9,0.38499370217323303,0.18229982256889343,0.38519142771020853,0.180924989418915,0.9994997382164001
91,1,10,0.32134711742401123,0.1872032731771469,0.3185454259945479,0.18683344077725864,0.9993638396263123
91,1,11,0.6454203128814697,0.2996836304664612,0.6414662915802449,0.2972385736999543,0.9982101321220398
91,1,12,0.20285576581954956,0.370292991399765,0.18855381826024684,0.37260783170769396,0.9968960285186768
91,1,13,0.9250726699829102,0.4104989171028137,0.9521309577678176,0.37188412001584364,0.9973620176315308
91,1,14,0.14413492381572723,0.5968341827392578,0.11621786341589313,0.5854968913967029,0.9633722305297852
91,1,15,0.70827317237854,0.2664007246494293,0.7746799706771228,0.19496683373061346,0.9871768951416016
91,1,16,0.13467173278331757,0.4307158589363098,0.09286830658989689,0.43718137497800774,0.9580844640731812
91,1,17,0.6403366327285767,0.22462564706802368,0.7297319394928793,0.14562633309210857,0.9410457611083984
91,1,18,0.10604045540094376,0.39675602316856384,0.0795343132120884,0.4091710367494344,0.9099210500717163
91,1,19,0.6126195788383484,0.21497032046318054,0.6893724083914979,0.1416087557923715,0.9296872615814209
91,1,20,0.14159847795963287,0.35832566022872925,0.10564105534260909,0.38118806992187965,0.9047965407371521
91,1,21,0.5880892276763916,0.2424491047859192,0.683381269272609,0.16721831395657333,0.9387136697769165
91,1,22,0.15947510302066803,0.3713068664073944,0.12272360317158432,0.39192807096980997,0.9159087538719177
91,1,23,0.6315737962722778,0.8428335785865784,0.6208001495638876,0.8330515063136311,0.9842401742935181
91,1,24,0.3185582458972931,0.8521583080291748,0.30905278194870794,0.8469173286475319,0.982690155506134
91,1,25,0.6352742910385132,1.2058501243591309,0.6318763612674247,1.199386250886819,0.08271316438913345
91,1,26,0.34031206369400024,1.2150495052337646,0.3188363588504866,1.207440317252899,0.05353116616606712
91,1,27,0.654130756855011,1.5352438688278198,0.6489200427721469,1.523266808326048,0.0028295177035033703
91,1,28,0.3712640702724457,1.5473068952560425,0.353906643773469,1.5359967980562013,0.0024448386393487453
91,1,29,0.6637581586837769,1.5766818523406982,0.6621699032096154,1.5653250064001576,0.002893487922847271
91,1,30,0.37544119358062744,1.5913658142089844,0.36091339901074143,1.5812978313428434,0.0027203168720006943
91,1,31,0.6179563403129578,1.6487444639205933,0.6044333009949482,1.6416276455106507,0.0018749638693407178
91,1,32,0.4002830684185028,1.6606204509735107,0.385186156365973,1.650088879652783,0.0016021945048123598
92,1,0,0.3444865345954895,0.14852815866470337,0.3373912976452995,0.14672513039447105,0.9992809295654297
92,1,1,0.367223858833313,0.11538564413785934,0.35970790593455365,0.1142643354965066,0.9992515444755554
92,1,2,0.38868075609207153,0.11413505673408508,0.3808779993401932,0.11294579488821228,0.9991668462753296
92,1,3,0.4089343547821045,0.11320455372333527,0.40138266675924655,0.11207493040752313,0.9993152618408203
92,1,4,0.3146872818470001,0.1207791268825531,0.3081085885812888,0.12048928293284926,0.9993768334388733
92,1,5,0.29998815059661865,0.12322929501533508,0.2934307743982079,0.12328519155195307,0.9992697834968567
92,1,6,0.2867358326911926,0.12570281326770782,0.279860648621062,0.1261230361188212,0.9993909001350403
92,1,7,0.45514240860939026,0.13166379928588867,0.4459781333836379,0.12954421720511533,0.9994245767593384
92,1,8,0.28615304827690125,0.14679057896137238,0.2746380232924816,0.1483088103081254,0.9993215203285217
92,1,9,0.3977033197879791,0.18377353250980377,0.387358935518647,0.18141831592655347,0.9994773864746094
92,1,10,0.33117979764938354,0.18821384012699127,0.3207341599519986,0.18707249544796253,0.9993472099304199
92,1,11,0.6651395559310913,0.3081433176994324,0.6455687233904932,0.2991275752028659,0.9981450438499451
92,1,12,0.20823442935943604,0.37208467721939087,0.19196393961589694,0.3725172352429577,0.9970585703849792
92,1,13,0.9141753911972046,0.4181431531906128,0.9455506643430762,0.37990597705957047,0.9970971941947937
92,1,14,0.1635800153017044,0.6039544939994812,0.12443127805566766,0.5886949813687095,0.9661069512367249
92,1,15,0.7297059297561646,0.2745913863182068,0.7668812310167047,0.20878851529456405,0.9874822497367859
92,1,16,0.1975250542163849,0.40394866466522217,0.11104878982797822,0.4314206908933354,0.961486279964447
92,1,17,0.657265841960907,0.2210540920495987,0.7171555443385623,0.15871787598106593,0.9427358508110046
92,1,18,0.1835244745016098,0.35841119289398193,0.09759863491933032,0.40036750118007525,0.9166104793548584
92,1,19,0.6523813605308533,0.21638929843902588,0.6829594923861896,0.15458771035959157,0.9314499497413635
92,1,20,0.21594387292861938,0.335293173789978,0.12480558598373698,0.37322944928706203,0.9117560386657715
92,1,21,0.6362742185592651,0.24318544566631317,0.6752121178196626,0.18040367755925382,0.9406024217605591
92,1,22,0.2347070425748825,0.34227269887924194,0.14218111013671444,0.3833163756098075,0.9219238758087158
92,1,23,0.6537240147590637,0.8481673002243042,0.6265072399995442,0.8356703091191648,0.9835542440414429
92,1,24,0.33213162422180176,0.8612011075019836,0.31305213283120537,0.8493919232270289,0.9821881651878357
92,1,25,0.660686731338501,1.2149618864059448,0.6368697898469324,1.2020847583319256,0.07866913080215454
92,1,26,0.35548722743988037,1.2289230823516846,0.325190203927988,1.2111629062414726,0.052397314459085464
92,1,27,0.6789197325706482,1.5496234893798828,0.6541197897787184,1.527834631184058,0.002653314033523202
92,1,28,0.38606542348861694,1.5617233514785767,0.35948098097761827,1.5404553305585873,0.002298000967130065
92,1,29,0.6898528337478638,1.592998743057251,0.666967759297272,1.570121275121071,0.002705284161493182
92,1,30,0.38737255334854126,1.6051052808761597,0.3654989892202892,1.5854235362501625,0.002565019531175494
92,1,31,0.6459044218063354,1.659800410270691,0.6116238307758325,1.644776356337015,0.001781318336725235
92,1,32,0.4245835840702057,1.6759910583496094,0.3920167122839729,1.6545778725668945,0.001532654045149684
93,1,0,0.36268794536590576,0.1492232382297516,0.34177526711581063,0.1471577620207174,0.9993207454681396
93,1,1,0.39223968982696533,0.11559446901082993,0.36534696684196905,0.11449468488716916,0.9992910623550415
93,1,2,0.413830041885376,0.11463313549757004,0.3865899799337855,0.11323800770103395,0.9992038607597351
93,1,3,0.4329489767551422,0.11379864811897278,0.40685421379148196,0.11237344331528876,0.9993460178375244
93,1,4,0.33034250140190125,0.11966349184513092,0.31196142463608856,0.12034627654526309,0.9994121193885803
93,1,5,0.3120919466018677,0.12170130759477615,0.29666415588866496,0.12301089616487645,0.9993115067481995
93,1,6,0.2959497272968292,0.12391476333141327,0.2826481535421723,0.12574060253987984,0.9994282722473145
93,1,7,0.4697636365890503,0.13339027762413025,0.45010003122018105,0.13021031927646012,0.9994524121284485
93,1,8,0.28843310475349426,0.14731766283512115,0.27702791824747486,0.14813716747122602,0.999365508556366
93,1,9,0.41195034980773926,0.18722113966941833,0.3916205958829869,0.18242337041940154,0.99950110912323
93,1,10,0.3388025462627411,0.19009877741336823,0.32386477474393155,0.18759660656050364,0.9993834495544434
93,1,11,0.67073655128479,0.3146791160106659,0.6499303504783296,0.30182190595025804,0.9982097744941711
93,1,12,0.1936771273612976,0.3749120831489563,0.19226062881520292,0.3729319826392482,0.997296929359436
93,1,13,0.8815990686416626,0.4192139208316803,0.934454829497033,0.3867210131306282,0.9967642426490784
93,1,14,0.15942156314849854,0.606826901435852,0.1304969466632779,0.5918366108035515,0.9690073728561401
93,1,15,0.5712005496025085,0.30743077397346497,0.7327958369730545,0.22592116258325556,0.9883745908737183
93,1,16,0.1953856498003006,0.39850157499313354,0.12569050846996446,0.42571441959296297,0.9651147127151489
93,1,17,0.5275470018386841,0.252071738243103,0.6841337703994852,0.17492945227345175,0.9466171264648438
93,1,18,0.17362119257450104,0.35388150811195374,0.11079361684682401,0.39230623251624,0.9242051243782043
93,1,19,0.5911070704460144,0.21573546528816223,0.6670093797621854,0.16519621567656212,0.9358715415000916
93,1,20,0.19149333238601685,0.3337094485759735,0.13637712231760776,0.3663776068715611,0.9197478890419006
93,1,21,0.5508207678794861,0.26864156126976013,0.6535905817445505,0.1957244715542774,0.9448686242103577
93,1,22,0.22238291800022125,0.3451228737831116,0.15610322013602246,0.3766947803442963,0.9289640188217163
93,1,23,0.6612299084663391,0.8540984392166138,0.632526465170491,0.8388632901286472,0.9839483499526978
93,1,24,0.3341350257396698,0.874032199382782,0.3167053856096706,0.8536620586741289,0.9826351404190063
93,1,25,0.6783231496810913,1.2338242530822754,0.644057238038197,1.2075863546896521,0.07307426631450653
93,1,26,0.3580824136734009,1.2559919357299805,0.3308918012496538,1.2189364438916048,0.04965458810329437
93,1,27,0.6912662386894226,1.5761982202529907,0.6605596448677559,1.5362219665265964,0.0024244701489806175
93,1,28,0.3880000710487366,1.5908886194229126,0.36442388320555374,1.5492021418475048,0.002099893521517515
93,1,29,0.7015546560287476,1.6241509914398193,0.6729634185358816,1.5794928375037243,0.0024974122643470764
93,1,30,0.3898482918739319,1.6370753049850464,0.36971865858117897,1.5943819997816497,0.002363990293815732
93,1,31,0.6605852246284485,1.6907073259353638,0.6201149844713693,1.652741238924123,0.0016495584277436137
93,1,32,0.42910897731781006,1.7116334438323975,0.3984471664246254,1.6644751742469086,0.0014340892666950822
94,1,0,0.37151622772216797,0.1491013467311859,0.34693013529537314,0.14749435365376848,0.9993442893028259
94,1,1,0.4044969081878662,0.11514123529195786,0.37213456931241273,0.11460665066287788,0.9993153810501099
94,1,2,0.4262445271015167,0.1145249530673027,0.39346517232147754,0.11346087758051784,0.9992222189903259
94,1,3,0.4453130066394806,0.11380960047245026,0.41352185035806277,0.1126221544236194,0.9993607401847839
94,1,4,0.33903396129608154,0.11809273809194565,0.3166534109850367,0.11995600322699058,0.9994359612464905
94,1,5,0.319389671087265,0.1198228970170021,0.30060223848231754,0.12245877513924433,0.9993408918380737
94,1,6,0.3019767701625824,0.12177203595638275,0.2859972490470454,0.1250532810032164,0.9994558095932007
94,1,7,0.4793229103088379,0.1340249478816986,0.45516502420095545,0.1308709770256553,0.9994643330574036
94,1,8,0.2909485399723053,0.1466383934020996,0.27943957129496605,0.1478776119899469,0.9993995428085327
94,1,9,0.42005932331085205,0.18803085386753082,0.39654956081282683,0.18339458609211823,0.9995139241218567
94,1,10,0.3438390791416168,0.19020108878612518,0.32732581642009034,0.18804766194258454,0.9994103312492371
94,1,11,0.6766769886016846,0.31605178117752075,0.6545658085774109,0.3042871580756109,0.9982605576515198
94,1,12,0.18855220079421997,0.3749513030052185,0.19161836599270327,0.3732816910309898,0.9975075721740723
94,1,13,0.8879537582397461,0.41986721754074097,0.9263909419280258,0.39246669157187325,0.9964727163314819
94,1,14,0.15776965022087097,0.6091310977935791,0.1352236549461458,0.594833067030052,0.9716525077819824
94,1,15,0.565072774887085,0.3068667948246002,0.7036045495852014,0.23997273940910077,0.9890754818916321
94,1,16,0.20714251697063446,0.3951526880264282,0.13983017694324418,0.4204171569835208,0.9683827757835388
94,1,17,0.6033979654312134,0.22962240874767303,0.6701186376629185,0.18441628763207196,0.9496452808380127
94,1,18,0.192048579454422,0.35028788447380066,0.12489899008997422,0.38502068649591686,0.9310171604156494
94,1,19,0.5936481356620789,0.2113942801952362,0.6542772952641374,0.1732075090987842,0.9393019676208496
94,1,20,0.19712994992733002,0.3312584161758423,0.1469169699013842,0.36028956549799884,0.9269152283668518
94,1,21,0.5481265783309937,0.27153322100639343,0.6352693194604951,0.20888229418665127,0.9482244253158569
94,1,22,0.22297883033752441,0.3460833430290222,0.16770742702836974,0.3713888927144034,0.9352473020553589
94,1,23,0.6696033477783203,0.8538855910301208,0.6389542524420739,0.8414658881360704,0.9841263294219971
94,1,24,0.3363528847694397,0.8747125864028931,0.32010976634281046,0.8573097012331748,0.9828474521636963
94,1,25,0.696450412273407,1.234513759613037,0.6531444873818042,1.212253168916953,0.06811709702014923
94,1,26,0.36580920219421387,1.2571519613265991,0.33694481855075514,1.2255618580090106,0.04722573980689049
94,1,27,0.7105873227119446,1.577082633972168,0.6692359974186664,1.543306533152034,0.0022211631294339895
94,1,28,0.39918053150177,1.5920606851577759,0.3704490031171638,1.556633553248158,0.0019260135013610125
94,1,29,0.7205767035484314,1.6247483491897583,0.6812204407939584,1.5873404334647008,0.0023091104812920094
94,1,30,0.3988429307937622,1.637887954711914,0.374766542543788,1.6019258149967848,0.002186099998652935
94,1,31,0.6833375096321106,1.6922881603240967,0.6310840783563536,1.659597752762883,0.0015309241134673357
94,1,32,0.44754156470298767,1.71296226978302,0.4069614242201082,1.6728839636874095,0.0013438824098557234
95,1,0,0.366366982460022,0.1469280868768692,0.35029799536944356,0.1473962911592271,0.999285101890564
95,1,1,0.4064999520778656,0.11311572045087814,0.3780917968728421,0.11434845363145417,0.9992702007293701
95,1,2,0.42859405279159546,0.1127258911728859,0.39955489157221796,0.11333359664292804,0.9991537928581238
95,1,3,0.4474475681781769,0.1126021221280098,0.41940278444744356,0.1126186854144923,0.9993049502372742
95,1,4,0.3402158319950104,0.11599904298782349,0.3207366233002124,0.11927069204857678,0.9994069933891296
95,1,5,0.32099583745002747,0.11740359663963318,0.3041359782880426,0.12158323318059863,0.9993100166320801
95,1,6,0.3039752244949341,0.11895056813955307,0.2891121909097178,0.12399627590599482,0.9994372725486755
95,1,7,0.482420951128006,0.1337178647518158,0.4598888209579119,0.1313640168245588,0.9993814826011658
95,1,8,0.2938404977321625,0.14071154594421387,0.28193446994679733,0.14663639179428617,0.9993698000907898
95,1,9,0.4137694537639618,0.1861821860074997,0.39953308607040733,0.18387735724201773,0.9994585514068604
95,1,10,0.3403845429420471,0.18761767446994781,0.32958809341300277,0.18797319974007165,0.999374270439148
95,1,11,0.6809808611869812,0.3156864643096924,0.6591437546716987,0.3062618608552567,0.9980326890945435
95,1,12,0.18996720016002655,0.37063002586364746,0.1913324181962411,0.37282246365401167,0.9975732564926147
95,1,13,0.8521004915237427,0.44252943992614746,0.913497272612527,0.40114914972656623,0.9961408376693726
95,1,14,0.16021503508090973,0.6097325682640076,0.13955468407532265,0.5974143804840555,0.9739028811454773
95,1,15,0.5151463747024536,0.3265237808227539,0.6707840304090621,0.2549999018331495,0.9893085360527039
95,1,16,0.20241977274417877,0.3970598876476288,0.15068928773171172,0.41636951899489033,0.971198320388794
95,1,17,0.5600861310958862,0.25026485323905945,0.651001063161802,0.1958419508587852,0.9513599276542664
95,1,18,0.19995379447937012,0.34970545768737793,0.13792564071573996,0.378898623315901,0.936769425868988
95,1,19,0.5346516370773315,0.23033812642097473,0.6334870855955494,0.1831178837146415,0.9414123892784119
95,1,20,0.2047119140625,0.3299151659011841,0.15694277418668792,0.35502480106554113,0.9329707026481628
95,1,21,0.5342807769775391,0.2629907429218292,0.6177278744216912,0.2182675746214855,0.9500778913497925
95,1,22,0.23257777094841003,0.34337282180786133,0.1789630073333278,0.36653323905753593,0.940501868724823
95,1,23,0.6829150319099426,0.8505126237869263,0.6465770343261344,0.8430329442490585,0.9851052761077881
95,1,24,0.3449329435825348,0.8738746047019958,0.3244116214175775,0.8601796866296331,0.9840236902236938
95,1,25,0.7162312865257263,1.231816291809082,0.6640899907022149,1.2156429226858965,0.072831891477108
95,1,26,0.38818439841270447,1.254568099975586,0.34583168012806176,1.230589272919181,0.05364907905459404
95,1,27,0.748176634311676,1.5765454769134521,0.6829386359611973,1.5490683008571053,0.0021598306484520435
95,1,28,0.4352194368839264,1.5897974967956543,0.3816871791611802,1.5623823075823557,0.001997583545744419
95,1,29,0.7599983811378479,1.6218345165252686,0.6948947691188014,1.5933199980195194,0.002288982504978776
95,1,30,0.43859779834747314,1.6369539499282837,0.3858414498104455,1.6079980547141017,0.0021738787181675434
95,1,31,0.7157261967658997,1.690918207168579,0.645778907593027,1.6650266489168093,0.0015226302202790976
95,1,32,0.4821147620677948,1.7086925506591797,0.42000518091327105,1.6790916437947563,0.0013701573479920626
96,1,0,0.36473461985588074,0.14406044781208038,0.3527990815061165,0.1468185628269853,0.9992958307266235
96,1,1,0.4090937077999115,0.11138797551393509,0.38346542574758913,0.11383573987107731,0.9992877244949341
96,1,2,0.43240439891815186,0.1114625409245491,0.4052490843302798,0.11300956634988257,0.9991741180419922
96,1,3,0.45252394676208496,0.11196393519639969,0.42514411304832733,0.1125052996160961,0.9993224740028381
96,1,4,0.34305649995803833,0.1134403645992279,0.324604366753922,0.11826087305375337,0.9994192123413086
96,1,5,0.3244020342826843,0.11447639018297195,0.30764760456147366,0.12035227308085485,0.9993212819099426
96,1,6,0.30771857500076294,0.11564682424068451,0.2923360745731689,0.12255003236541816,0.9994462728500366
96,1,7,0.4890068471431732,0.13370008766651154,0.4649356257289138,0.13176858431048658,0.9993943572044373
96,1,8,0.2993776202201843,0.13645924627780914,0.2849566971449558,0.144873468891048,0.9993816018104553
96,1,9,0.41300326585769653,0.183096244931221,0.4018666717217941,0.18374208828564775,0.9994613528251648
96,1,10,0.3400297164916992,0.18339495360851288,0.33139684454263424,0.18718027242873642,0.9993880391120911
96,1,11,0.6873610615730286,0.3153221309185028,0.6640343115415697,0.3078312618797886,0.9980689287185669
96,1,12,0.19149482250213623,0.3639567494392395,0.19136054200201646,0.371286772291753,0.9977232813835144
96,1,13,0.8149418830871582,0.4636748731136322,0.8963797896691472,0.41199713724647946,0.9956247210502625
96,1,14,0.1614646166563034,0.5948946475982666,0.14335134410184752,0.5969780035246366,0.9758684635162354
96,1,15,0.5032743215560913,0.3414417505264282,0.6416298714345895,0.270008062049816,0.9890656471252441
96,1,16,0.23977239429950714,0.3868115544319153,0.16615722276879996,0.41124639356420867,0.9730711579322815
96,1,17,0.5499171614646912,0.2806762456893921,0.6334429594331721,0.210570285346052,0.9517650008201599
96,1,18,0.28387314081192017,0.3332594335079193,0.16331036756357836,0.3709844002033408,0.9401154518127441
96,1,19,0.5325254201889038,0.25747036933898926,0.6159503363180384,0.19602237413626283,0.9420977830886841
96,1,20,0.2886197566986084,0.30608120560646057,0.17983564054648662,0.346536726565932,0.9363822340965271
96,1,21,0.5341721177101135,0.27988681197166443,0.6032220277618813,0.2289580296065552,0.9509416818618774
96,1,22,0.29635271430015564,0.323885440826416,0.1993632313461679,0.359138414807077,0.9435181617736816
96,1,23,0.690055251121521,0.850371778011322,0.6541160327541156,0.844304095988732,0.9849441647529602
96,1,24,0.3473173677921295,0.8734936714172363,0.3283809576612029,0.8624862023220359,0.9841741919517517
96,1,25,0.7239227294921875,1.2301363945007324,0.6744699106124673,1.21815386216841,0.06828135251998901
96,1,26,0.39058399200439453,1.2535648345947266,0.3535918989265868,1.2345707181757484,0.05143800005316734
96,1,27,0.7583449482917786,1.5758718252182007,0.6960264073151856,1.553713630332679,0.0020266957581043243
96,1,28,0.43572288751602173,1.5882817506790161,0.3910597848583247,1.56687082874985,0.0018801557598635554
96,1,29,0.7697303891181946,1.6205087900161743,0.7078832650780553,1.598032153482021,0.0021800154354423285
96,1,30,0.44062307476997375,1.6350330114364624,0.3953436471951742,1.6126835267817017,0.0020412744488567114
96,1,31,0.7214908003807068,1.6898144483566284,0.6589198450290061,1.6693223718750625,0.0014523999998345971
96,1,32,0.4808739721775055,1.7065253257751465,0.43056516971498854,1.6838462772364522,0.0012963595800101757
97,1,0,0.36017000675201416,0.14378823339939117,0.3540757930167449,0.146293750685723,0.9991164207458496
97,1,1,0.4080316424369812,0.11132760345935822,0.38772271910893463,0.11340137132862281,0.999058187007904
97,1,2,0.4324447810649872,0.1114431619644165,0.4099624355232269,0.11273829819981794,0.99894779920578
97,1,3,0.45395398139953613,0.11196313053369522,0.43013746214781706,0.11241141027554283,0.9991347193717957
97,1,4,0.3440742492675781,0.11323592811822891,0.3279779547010823,0.11739056824486391,0.99923175573349
97,1,5,0.3264635503292084,0.11423392593860626,0.3109078192604955,0.11929255957981834,0.9990875124931335
97,1,6,0.3098403513431549,0.11533033847808838,0.2953688984223274,0.12129952136241616,0.9992316365242004
97,1,7,0.49246129393577576,0.13382211327552795,0.4697062115527096,0.13212421735822286,0.9991990923881531
97,1,8,0.313649445772171,0.1357921063899994,0.28992972755812685,0.14330041337367572,0.9990143179893494
97,1,9,0.4106898307800293,0.1829027533531189,0.40339499001929563,0.18359673638454413,0.9992449879646301
97,1,10,0.3408906161785126,0.1832365244626999,0.333041357182873,0.1864972497723374,0.9991248846054077
97,1,11,0.6938380599021912,0.3172534108161926,0.6692000733662621,0.3094633645548894,0.9980576038360596
97,1,12,0.19473309814929962,0.36409297585487366,0.191944629164631,0.37004074791713043,0.9977390766143799
97,1,13,0.7308760285377502,0.48536667227745056,0.8675768205218283,0.42473063092514346,0.9956554770469666
97,1,14,0.16155831515789032,0.5953857898712158,0.1465059858723371,0.5967022655694384,0.9775075316429138
97,1,15,0.38000592589378357,0.3606625199317932,0.5959676943638811,0.28574961232490453,0.9898106455802917
97,1,16,0.23157410323619843,0.40578246116638184,0.17750782949291763,0.4103000444089374,0.9746251702308655
97,1,17,0.28914928436279297,0.3381190299987793,0.5732049407104999,0.2327427410850288,0.9550985097885132
97,1,18,0.2616916596889496,0.3713061511516571,0.18039759625612684,0.37104011851417706,0.9426683187484741
97,1,19,0.2824687957763672,0.3146376609802246,0.5576228739896504,0.2166363506981868,0.9460573792457581
97,1,20,0.2702730596065521,0.34145140647888184,0.1955393935742504,0.34565596239704066,0.938804030418396
97,1,21,0.3276793360710144,0.3254966735839844,0.5551111234313096,0.24572426149969404,0.954325258731842
97,1,22,0.2800777852535248,0.35933175683021545,0.21337460013307585,0.35917189614585365,0.9458633661270142
97,1,23,0.6946734189987183,0.8567820191383362,0.6611479524490962,0.8464657178572662,0.9857655763626099
97,1,24,0.34964606165885925,0.8837424516677856,0.3320658056998865,0.8661695153439054,0.985151469707489
97,1,25,0.7321144938468933,1.2367570400238037,0.6844695723004225,1.221377190688017,0.06294827163219452
97,1,26,0.390925794839859,1.2604845762252808,0.3600642967388258,1.2390617383485822,0.04834185913205147
97,1,27,0.7596234083175659,1.58597731590271,0.7070606159102188,1.55930617932474,0.001844032434746623
97,1,28,0.4351353049278259,1.600385069847107,0.3987024936024733,1.5726803659262953,0.001719102612696588
97,1,29,0.7734777331352234,1.633736491203308,0.7192647183582541,1.604221741063577,0.001990180229768157
97,1,30,0.43921345472335815,1.6485111713409424,0.4029506373149413,1.618894513219423,0.001865115948021412
97,1,31,0.7205948233604431,1.700997233390808,0.6696199676241639,1.6748127572737461,0.0013349606888368726
97,1,32,0.47898951172828674,1.716071605682373,0.43896306677222785,1.6894321721280727,0.0011941277189180255
98,1,0,0.36512821912765503,0.14294195175170898,0.3559903858788536,0.14571325875528382,0.9988698959350586
98,1,1,0.4138760566711426,0.11116600036621094,0.39225527456796894,0.11301424451190441,0.9987642765045166
98,1,2,0.43851029872894287,0.11137442290782928,0.41491033498353586,0.11250210524855239,0.9986745119094849
98,1,3,0.46046075224876404,0.11196064203977585,0.4353933578058311,0.11233334935788136,0.9989038705825806
98,1,4,0.3487715721130371,0.11307711899280548,0.331581052363047,0.11664350824914244,0.9989783763885498
98,1,5,0.3312172293663025,0.11412474513053894,0.31442696258458114,0.11839750636450952,0.9987672567367554
98,1,6,0.3150240480899811,0.11525553464889526,0.29877460670671324,0.1202526896083569,0.9989212155342102
98,1,7,0.4994640350341797,0.1340402364730835,0.474864007361473,0.13245603488387156,0.9989873766899109
98,1,8,0.3232416808605194,0.13561327755451202,0.29570416059129834,0.1419689188129067,0.9984923005104065
98,1,9,0.4161214530467987,0.18189041316509247,0.4055996842692312,0.1833012360069027,0.9990246295928955
98,1,10,0.345743864774704,0.18289703130722046,0.33524189978895114,0.18587372985922396,0.9988186359405518
98,1,11,0.6949098110198975,0.31632617115974426,0.6736556896559485,0.3106520470372907,0.9980639815330505
98,1,12,0.21179528534412384,0.36202988028526306,0.19538423294982152,0.3686531660430077,0.9976061582565308
98,1,13,0.6958957314491272,0.48087573051452637,0.8376931757800583,0.4344697482391666,0.9957290291786194
98,1,14,0.15621161460876465,0.5799877643585205,0.14818720784518358,0.5938063490807911,0.9779887795448303
98,1,15,0.3381982743740082,0.3585299253463745,0.5509830700790906,0.2983806726506503,0.990556538105011
98,1,16,0.2295001894235611,0.4170073866844177,0.18652549045572556,0.4114617933212699,0.975045382976532
98,1,17,0.2361447662115097,0.354564368724823,0.5142441600063904,0.25391603165844007,0.9583901166915894
98,1,18,0.24411222338676453,0.4211764931678772,0.19145230556460685,0.37973534576004236,0.9430537223815918
98,1,19,0.22523090243339539,0.33449381589889526,0.4994869278401527,0.23711819385066285,0.9499971866607666
98,1,20,0.2562410831451416,0.38951095938682556,0.2060703837763458,0.3532603683379069,0.9389728307723999
98,1,21,0.2707492709159851,0.3370831310749054,0.5054468210004294,0.2615884532430367,0.9575519561767578
98,1,22,0.27631011605262756,0.4010905921459198,0.22429385845010383,0.36644012809098475,0.9462791681289673
98,1,23,0.6904284954071045,0.856155514717102,0.6662229529094355,0.8481441960390688,0.9864810109138489
98,1,24,0.35461390018463135,0.8835265040397644,0.3359731229860763,0.8691768067488109,0.9859207272529602
98,1,25,0.7405911087989807,1.2293188571929932,0.6942045879076129,1.2227527836127756,0.05891091749072075
98,1,26,0.395290732383728,1.251791000366211,0.3661709485525908,1.2412669187693632,0.04572104662656784
98,1,27,0.7671376466751099,1.5806418657302856,0.7174830058142467,1.5630032683880573,0.0016941034700721502
98,1,28,0.44233396649360657,1.5920299291610718,0.406268104748534,1.5760330958184772,0.0016017898451536894
98,1,29,0.7814905643463135,1.6296294927597046,0.7300605877284236,1.608624984591642,0.0018387818709015846
98,1,30,0.4462980628013611,1.6406105756759644,0.41046693025314857,1.622657557943806,0.0017376869218423963
98,1,31,0.7293035984039307,1.6941059827804565,0.6799739909268177,1.6781557193768473,0.0012419112026691437
98,1,32,0.4868255853652954,1.700729489326477,0.44726339162880385,1.6913892030723658,0.0011313613504171371
99,1,0,0.37087613344192505,0.14311659336090088,0.3585693155147736,0.14526355723108741,0.9986581802368164
99,1,1,0.41962870955467224,0.11160766333341599,0.39699945535453723,0.1127706555349469,0.9985082149505615
99,1,2,0.444330096244812,0.11185216158628464,0.4200094850142166,0.11238955183734566,0.9985039830207825
99,1,3,0.46654146909713745,0.11248515546321869,0.44079235262900807,0.11235963785039224,0.9987367987632751
99,1,4,0.3563224673271179,0.11340886354446411,0.33586872906003135,0.1160833080127803,0.9987184405326843
99,1,5,0.33969029784202576,0.11443229019641876,0.3188051562840189,0.11771076514877647,0.9984747767448425
99,1,6,0.3245384097099304,0.1155291348695755,0.3032395995517818,0.11943459204108567,0.9985432028770447
99,1,7,0.5081819891929626,0.13485847413539886,0.4806394879251958,0.1328720970723248,0.9988791942596436
99,1,8,0.3415495455265045,0.13572391867637634,0.3036541824912624,0.14088726454211414,0.9979875683784485
99,1,9,0.42242395877838135,0.18218442797660828,0.40851463001614974,0.18310783106338935,0.9988293051719666
99,1,10,0.3522455394268036,0.18385820090770721,0.33818793781408446,0.1855246781064655,0.9984199404716492
99,1,11,0.7016454935073853,0.3126761317253113,0.6785067843890822,0.31100258059764857,0.99814772605896
99,1,12,0.2305787205696106,0.3599993586540222,0.20148533600599744,0.3671541900314712,0.9974212646484375
99,1,13,0.6674185395240784,0.48812586069107056,0.8080554880283927,0.44377642352462787,0.9958595633506775
99,1,14,0.15828946232795715,0.5696359872817993,0.14993715460200535,0.589617708778729,0.9761437773704529
99,1,15,0.3218061923980713,0.37447458505630493,0.5110220437407644,0.3115881192934008,0.99124675989151
99,1,16,0.223969966173172,0.4224810302257538,0.19301710017378643,0.41337063388140705,0.9747246503829956
99,1,17,0.20940808951854706,0.3837663531303406,0.46097047540990344,0.2764902015300404,0.961594820022583
99,1,18,0.23451273143291473,0.41972383856773376,0.19891880763641687,0.3866685027309866,0.9428867101669312
99,1,19,0.19837304949760437,0.35897618532180786,0.4468697265405931,0.25829782894217873,0.9538989663124084
99,1,20,0.2493770718574524,0.41916218400001526,0.21357963444546463,0.3646952325838951,0.9386469721794128
99,1,21,0.24537158012390137,0.35693880915641785,0.4600565632574302,0.27814774176042034,0.9606285691261292
99,1,22,0.2709343135356903,0.4274795651435852,0.2323819811309735,0.37702975978043024,0.9458884596824646
99,1,23,0.685219407081604,0.8545930981636047,0.6695144641374514,0.8492611737402261,0.986931324005127
99,1,24,0.3597061038017273,0.8815113306045532,0.3400859136142182,0.871313577748214,0.9862828850746155
99,1,25,0.7456755042076111,1.219849705696106,0.7031316490531192,1.222250011774752,0.057051029056310654
99,1,26,0.4003397524356842,1.2383681535720825,0.3720940676917427,1.2407648940233684,0.04422127455472946
99,1,27,0.777427613735199,1.5664422512054443,0.7278823834126091,1.5635988615317655,0.0015984405763447285
99,1,28,0.4484390616416931,1.5744471549987793,0.41358014564866064,1.5757584444168746,0.0015306506538763642
99,1,29,0.7906638979911804,1.6141761541366577,0.7405744465530268,1.6095864458946103,0.0017578228143975139
99,1,30,0.4543609917163849,1.619978427886963,0.4180781338676792,1.6221935740679962,0.0016615994973108172
99,1,31,0.7301809191703796,1.6763880252838135,0.6886815043386858,1.6778495904495763,0.0011726641096174717
99,1,32,0.49164462089538574,1.6810179948806763,0.4549591873580246,1.689592654918157,0.001088786986656487
100,1,0,0.3700824975967407,0.14245592057704926,0.3605637519773709,0.14477731572509142,0.9984295964241028
100,1,1,0.4194197952747345,0.111121267080307,0.4008846208705957,0.11248501558362418,0.9981920123100281
100,1,2,0.44379618763923645,0.11136888712644577,0.4241315936140371,0.11221279717058703,0.9982715249061584
100,1,3,0.46643751859664917,0.11201211810112,0.44523677122464744,0.11229945697655407,0.9985055327415466
100,1,4,0.3588915765285492,0.11295263469219208,0.33985837297317273,0.11554111602213378,0.9984167218208313
100,1,5,0.34214749932289124,0.11398442834615707,0.32285020447517043,0.11706540041243021,0.9981511235237122
100,1,6,0.32781174778938293,0.11507894843816757,0.30749792068874693,0.11868022330438292,0.9981537461280823
100,1,7,0.5118303298950195,0.13429716229438782,0.48604589619802857,0.1331188872176771,0.9987013936042786
100,1,8,0.3525479733943939,0.13521860539913177,0.3121336046164332,0.139905451410557,0.9973951578140259
100,1,9,0.42118024826049805,0.18137218058109283,0.41070877975915604,0.1828072515361103,0.9986112713813782
100,1,10,0.354627788066864,0.18377447128295898,0.3410362459483201,0.1852215775801642,0.9980296492576599
100,1,11,0.7027105093002319,0.31017473340034485,0.6827012124516614,0.3108592181433275,0.9982193112373352
100,1,12,0.2380717545747757,0.35741621255874634,0.20782800202754717,0.3654673636726256,0.9973724484443665
100,1,13,0.6719311475753784,0.48477673530578613,0.7843860309733136,0.4508852449095123,0.9960130453109741
100,1,14,0.15896640717983246,0.5678951740264893,0.1515011818060707,0.5858535448852699,0.9764227271080017
100,1,15,0.317904531955719,0.3778069317340851,0.4773846684296309,0.32307816480969537,0.9918678402900696
100,1,16,0.22769415378570557,0.42125654220581055,0.19902843020333505,0.4147365656286081,0.975385308265686
100,1,17,0.20603470504283905,0.38481980562210083,0.41648311887633127,0.29531094942344477,0.9643936157226562
100,1,18,0.23725590109825134,0.41477635502815247,0.20556535575957383,0.391540072046928,0.9441356062889099
100,1,19,0.197854682803154,0.35949158668518066,0.4034233475853921,0.2758750466896869,0.9572846293449402
100,1,20,0.26802802085876465,0.4138317406177521,0.22302397385511166,0.3732168073273061,0.9397806525230408
100,1,21,0.2432529628276825,0.3596661388874054,0.42226687405735197,0.2922990067289125,0.9632910490036011
100,1,22,0.2787342965602875,0.4170273542404175,0.24042006297169843,0.38396450176314106,0.946654200553894
100,1,23,0.6864718198776245,0.850318193435669,0.6724524809796443,0.8494442244392794,0.9873983263969421
100,1,24,0.35918989777565,0.8770071864128113,0.34339606527589717,0.8722997130608556,0.986813485622406
100,1,25,0.7428563237190247,1.2135506868362427,0.7100190270432422,1.2207431497196835,0.05480862781405449
100,1,26,0.39849814772605896,1.2310986518859863,0.3766701147773855,1.239090498146787,0.04314686357975006
100,1,27,0.775928258895874,1.5586649179458618,0.7362145585171812,1.5627443207356793,0.001516471616923809
100,1,28,0.45079928636550903,1.5666288137435913,0.4200326302830464,1.5741770267163344,0.0014797092881053686
100,1,29,0.7919139862060547,1.6059229373931885,0.7494786928498706,1.6089519640643986,0.001674093771725893
100,1,30,0.45739060640335083,1.6118367910385132,0.42489395620481935,1.6203995252256256,0.001598099828697741
100,1,31,0.7266657948493958,1.667510747909546,0.6952667986468466,1.6760586500744246,0.0011180316796526313
100,1,32,0.4833163321018219,1.6729152202606201,0.45987400925429667,1.6867031653627518,0.0010614747880026698
101,1,0,0.3753262758255005,0.14313802123069763,0.36312132387012674,0.14449342392438883,0.9982593059539795
101,1,1,0.42311984300613403,0.11155644059181213,0.4047376862975869,0.11232420909414179,0.9980852603912354
101,1,2,0.4464048147201538,0.11160479485988617,0.4279912484057505,0.11210750704810288,0.9981963038444519
101,1,3,0.46853765845298767,0.11200817674398422,0.4492746317732711,0.11224901532733957,0.9984291791915894
101,1,4,0.3644689619541168,0.11353641003370285,0.34412336114115516,0.1151939387141944,0.9983026385307312
101,1,5,0.3495189845561981,0.11459144949913025,0.32747216050975697,0.11663695267733967,0.9980020523071289
101,1,6,0.33769774436950684,0.11571826040744781,0.3127323955142603,0.118167252365579,0.9979578852653503
101,1,7,0.5195022821426392,0.13309666514396667,0.49184539327437554,0.13311503900262805,0.9986491799354553
101,1,8,0.3752024471759796,0.1347009539604187,0.32307599451625285,0.13900404377514675,0.9971932172775269
101,1,9,0.4260067045688629,0.18065722286701202,0.41335915121650685,0.18243490545613353,0.9985039234161377
101,1,10,0.3615705966949463,0.18416264653205872,0.3445943899874399,0.18503819588911116,0.9977826476097107
101,1,11,0.7096643447875977,0.30018970370292664,0.6873742243691223,0.30901097803331723,0.9981681704521179
101,1,12,0.2927163243293762,0.351371705532074,0.2225656809628225,0.3630253738397313,0.9972347617149353
101,1,13,0.6441664099693298,0.5049379467964172,0.7600014810304654,0.4602608192796748,0.9952839016914368
101,1,14,0.19113177061080933,0.5506178140640259,0.1583722173997235,0.5797452839311042,0.9617499709129333
101,1,15,0.30454233288764954,0.39950495958328247,0.4472970447682703,0.33634351702247967,0.9912699460983276
101,1,16,0.24549469351768494,0.44703516364097595,0.2070862889381761,0.4203351663629116,0.9669535756111145
101,1,17,0.20444241166114807,0.4022746682167053,0.37952827486501634,0.31389363940633014,0.9646281003952026
101,1,18,0.25395891070365906,0.44391489028930664,0.21395793167657973,0.4006241356175897,0.9326162338256836
101,1,19,0.2116096317768097,0.3713001608848572,0.37001395192758463,0.29244740053275803,0.9579638838768005
101,1,20,0.2778966426849365,0.4226149022579193,0.23254202540090402,0.3817838182166604,0.9277936220169067
101,1,21,0.25491899251937866,0.3721156716346741,0.39314044615326255,0.30615415186244355,0.9626570343971252
101,1,22,0.28907883167266846,0.41290101408958435,0.24885869387638396,0.3889798198224085,0.9347915053367615
101,1,23,0.6951660513877869,0.8407449722290039,0.6763884948825086,0.8479373747866755,0.9864596724510193
101,1,24,0.3778410851955414,0.8608346581459045,0.34936711229307965,0.8703136172266989,0.9862340092658997
101,1,25,0.7284003496170044,1.1914466619491577,0.7132038986381184,1.2156653885022703,0.05658266693353653
101,1,26,0.4037206172943115,1.2009203433990479,0.38135828308834757,1.2324729627228275,0.043782904744148254
101,1,27,0.7707210183143616,1.5269200801849365,0.7421962796672091,1.5565339333291837,0.0017410700675100088
101,1,28,0.4663868248462677,1.5287907123565674,0.4280710144028777,1.566306727119627,0.0016595484921708703
101,1,29,0.7972968220710754,1.5733916759490967,0.7577713151635755,1.6027873841243694,0.0018921709852293134
101,1,30,0.48147067427635193,1.5702722072601318,0.4347080601844113,1.6117058665321446,0.0018123246263712645
101,1,31,0.6993139982223511,1.6255064010620117,0.6959677420139726,1.6672911822138017,0.0012263244716450572
101,1,32,0.48162609338760376,1.6320133209228516,0.46364330248564656,1.677216921844154,0.00118868553545326
