frame_id,person_id,landmark_id,raw_x,raw_y,filtered_x,filtered_y,visibility
1,2,0,0.5671173930168152,0.1521283984184265,0.5671173930168152,0.1521283984184265,0.9999104738235474
1,2,1,0.5741307139396667,0.12539654970169067,0.5741307139396667,0.12539654970169067,0.9998233914375305
1,2,2,0.5809260010719299,0.1272498369216919,0.5809260010719299,0.1272498369216919,0.999869704246521
1,2,3,0.5868995785713196,0.12941718101501465,0.5868995785713196,0.12941718101501465,0.999785840511322
1,2,4,0.542273223400116,0.11997485160827637,0.542273223400116,0.11997485160827637,0.9998098015785217
1,2,5,0.5271928906440735,0.11772627383470535,0.5271928906440735,0.11772627383470535,0.9998679161071777
1,2,6,0.5113243460655212,0.11565548926591873,0.5113243460655212,0.11565548926591873,0.9998626708984375
1,2,7,0.5651012659072876,0.14461606740951538,0.5651012659072876,0.14461606740951538,0.9996893405914307
1,2,8,0.4640628695487976,0.1254953145980835,0.4640628695487976,0.1254953145980835,0.9999567270278931
1,2,9,0.5592218637466431,0.18323063850402832,0.5592218637466431,0.18323063850402832,0.9999487400054932
1,2,10,0.5230695605278015,0.1779792308807373,0.5230695605278015,0.1779792308807373,0.9999754428863525
1,2,11,0.6327998042106628,0.28282466530799866,0.6327998042106628,0.28282466530799866,0.9994457364082336
1,2,12,0.28758835792541504,0.26137933135032654,0.28758835792541504,0.26137933135032654,0.9998825788497925
1,2,13,0.7187478542327881,0.45236682891845703,0.7187478542327881,0.45236682891845703,0.8036216497421265
1,2,14,0.1958296149969101,0.47704485058784485,0.1958296149969101,0.47704485058784485,0.9854915738105774
1,2,15,0.72352135181427,0.34488624334335327,0.72352135181427,0.34488624334335327,0.6675317883491516
1,2,16,0.39884889125823975,0.5334088206291199,0.39884889125823975,0.5334088206291199,0.9521283507347107
1,2,17,0.7249623537063599,0.32420089840888977,0.7249623537063599,0.32420089840888977,0.6158936619758606
1,2,18,0.45908305048942566,0.568049430847168,0.45908305048942566,0.568049430847168,0.9171197414398193
1,2,19,0.720243513584137,0.2961391508579254,0.720243513584137,0.2961391508579254,0.6204952001571655
1,2,20,0.4908987283706665,0.5499864220619202,0.4908987283706665,0.5499864220619202,0.9217514991760254
1,2,21,0.7002863883972168,0.30757778882980347,0.7002863883972168,0.30757778882980347,0.6292631030082703
1,2,22,0.48024630546569824,0.5395723581314087,0.48024630546569824,0.5395723581314087,0.9108970761299133
1,2,23,0.48771798610687256,0.6208715438842773,0.48771798610687256,0.6208715438842773,0.9854856729507446
1,2,24,0.2859758734703064,0.611019492149353,0.2859758734703064,0.611019492149353,0.983989953994751
1,2,25,0.4295513927936554,0.5890013575553894,0.4295513927936554,0.5890013575553894,0.9142314791679382
1,2,26,0.3464004695415497,0.6364877820014954,0.3464004695415497,0.6364877820014954,0.9144005179405212
1,2,27,0.2861422598361969,0.9646477103233337,0.2861422598361969,0.9646477103233337,0.8857086896896362
1,2,28,0.549149751663208,0.9122909307479858,0.549149751663208,0.9122909307479858,0.696837306022644
1,2,29,0.2573580741882324,1.0000689029693604,0.2573580741882324,1.0000689029693604,0.8465115427970886
1,2,30,0.5755296945571899,0.9293937683105469,0.5755296945571899,0.9293937683105469,0.7909713387489319
1,2,31,0.23461805284023285,1.1306854486465454,0.23461805284023285,1.1306854486465454,0.7479026317596436
1,2,32,0.6098815202713013,1.0694940090179443,0.6098815202713013,1.0694940090179443,0.5921558737754822
2,2,0,0.5880175828933716,0.15293681621551514,0.5707389681297294,0.15226839611297915,0.9999094009399414
2,2,1,0.5978446006774902,0.1263192892074585,0.5782401924567128,0.12555634559929005,0.9998180866241455
2,2,2,0.6047211289405823,0.12817460298538208,0.5850495682667727,0.12740998377927998,0.9998646378517151
2,2,3,0.61067134141922,0.13041096925735474,0.5910190938429861,0.12958928118245808,0.9997769594192505
2,2,4,0.5660524368286133,0.12078273296356201,0.5463940307385047,0.12011475640230133,0.9998077750205994
2,2,5,0.5506496429443359,0.11851918697357178,0.5312577778634029,0.11786358644715947,0.9998666644096375
2,2,6,0.5345322489738464,0.1165204644203186,0.5153460794042659,0.11580528153152934,0.9998624324798584
2,2,7,0.5905014872550964,0.14495927095413208,0.5695031993570255,0.1446755008276078,0.9996693134307861
2,2,8,0.48821330070495605,0.12518036365509033,0.4682480535511588,0.12544077380016422,0.9999566078186035
2,2,9,0.5773664116859436,0.18345385789871216,0.562365682232061,0.18326929382666923,0.9999485611915588
2,2,10,0.5415058135986328,0.17921733856201172,0.5262639493535889,0.1781936428605218,0.9999757409095764
2,2,11,0.663209080696106,0.2870757579803467,0.6380706145781403,0.2835609241814641,0.9994215965270996
2,2,12,0.3034835457801819,0.2656296491622925,0.29034225448626244,0.2621154560063631,0.9998857378959656
2,2,13,0.7675744891166687,0.44604676961898804,0.7272156075102828,0.45127217172795436,0.7987121939659119
2,2,14,0.20373553037643433,0.4841039180755615,0.19719901348875649,0.47826753383747544,0.9859390258789062
2,2,15,0.780073881149292,0.33047837018966675,0.7333312409161556,0.3423901407844486,0.6513327360153198
2,2,16,0.42062634229660034,0.5338093638420105,0.4026225772240532,0.5334781838208822,0.9526764750480652
2,2,17,0.7834311127662659,0.3048388957977295,0.7351052247163666,0.32084601470120894,0.6006069183349609
2,2,18,0.48080208897590637,0.566591739654541,0.4628466078847856,0.5677969903504865,0.9172098636627197
2,2,19,0.7792940735816956,0.2781909704208374,0.7304874912981894,0.2930293743718676,0.6049969792366028
2,2,20,0.5128940343856812,0.5482690334320068,0.49471019008341927,0.5496890052797736,0.9217913746833801
2,2,21,0.7592169046401978,0.2911185622215271,0.7105095043434063,0.30472612226415513,0.6150515079498291
2,2,22,0.49978530406951904,0.5376849174499512,0.4836318755417775,0.5392454901212798,0.9108373522758484
2,2,23,0.5317251682281494,0.6306880712509155,0.4953488226679818,0.6225719807251965,0.9859665036201477
2,2,24,0.32067593932151794,0.6140336990356445,0.2919911771421163,0.6115415118313441,0.9843202233314514
2,2,25,0.44682902097702026,0.6072286367416382,0.43254492629167657,0.5921595183358666,0.91679447889328
2,2,26,0.4341863691806793,0.6114643216133118,0.36164252149102605,0.6321511914147722,0.9141526818275452
2,2,27,0.2869757413864136,0.9555523991584778,0.28628659805318923,0.9630722380251104,0.8901650905609131
2,2,28,0.5877760648727417,0.8842986822128296,0.5558464649658487,0.9074394136514002,0.6999731063842773
2,2,29,0.2598012685775757,0.9599740505218506,0.2577811949995222,0.9931172799429613,0.8494654297828674
2,2,30,0.6119592189788818,0.9005599617958069,0.5818451301363744,0.924396269070589,0.7929186820983887
2,2,31,0.2201172113418579,1.118628740310669,0.23210583689389797,1.1285968229407415,0.757161557674408
2,2,32,0.642944872379303,1.0337039232254028,0.6156128157311729,1.0632895458616396,0.5982317924499512
3,2,0,0.60118567943573,0.15231072902679443,0.5760162733311532,0.15227572694345717,0.999917209148407
3,2,1,0.608839213848114,0.12531131505966187,0.58354392181082,0.12551391317181168,0.9998337030410767
3,2,2,0.6153640747070312,0.12680256366729736,0.5903039377460658,0.12730479448028578,0.999876081943512
3,2,3,0.6209403872489929,0.1286611557006836,0.5962052470369392,0.12942855253963678,0.9997957348823547
3,2,4,0.577244222164154,0.12024599313735962,0.5517413357365067,0.12013748285182477,0.9998247027397156
3,2,5,0.5616049766540527,0.11793970316648483,0.5365178190112352,0.11787676766438389,0.999878466129303
3,2,6,0.5455997586250305,0.1158718466758728,0.5205898961886736,0.11581680868854514,0.9998747706413269
3,2,7,0.5989468097686768,0.14259439706802368,0.5746064842842381,0.14431509204110893,0.9996970891952515
3,2,8,0.5000028610229492,0.12345629185438156,0.47375230639095184,0.1250970991280536,0.9999605417251587
3,2,9,0.5915205478668213,0.18223273754119873,0.567418876686478,0.1830897870342887,0.9999529719352722
3,2,10,0.5570975542068481,0.17828381061553955,0.5316083765284084,0.17820925731787582,0.9999778866767883
3,2,11,0.6699618697166443,0.28641277551651,0.6435985416612707,0.28405482367831825,0.9994576573371887
3,2,12,0.3138499855995178,0.2667102813720703,0.2944159823679876,0.26291125515169744,0.9998939633369446
3,2,13,0.7972030639648438,0.4425874948501587,0.7393608839366613,0.44976784726847446,0.7906866669654846
3,2,14,0.2118033766746521,0.489991694688797,0.19972917207146268,0.4802985308985366,0.98639315366745
3,2,15,0.8481624126434326,0.36346518993377686,0.7532852578521991,0.3460420344951211,0.6333212852478027
3,2,16,0.4293673038482666,0.5352388024330139,0.40725770492919466,0.5337830875530384,0.9543236494064331
3,2,17,0.8639035820960999,0.35031524300575256,0.7574956491616327,0.3259537429395014,0.5846834182739258
3,2,18,0.48711705207824707,0.5699217319488525,0.4670526051928618,0.5681649568884459,0.9199013710021973
3,2,19,0.858813464641571,0.2993044853210449,0.7527954811764048,0.2941162448217612,0.5901311039924622
3,2,20,0.5199803113937378,0.5508198738098145,0.49908956003019866,0.5498848452556875,0.9244063496589661
3,2,21,0.8319424390792847,0.3304702341556549,0.7316148673491916,0.3091876988559139,0.6028322577476501
3,2,22,0.5070337653160095,0.5400959253311157,0.487687249037125,0.5393927643642752,0.9135255813598633
3,2,23,0.5410945415496826,0.6348721385002136,0.5032815374334622,0.6247027956496458,0.9869924187660217
3,2,24,0.33192700147628784,0.6241171956062317,0.2989151962139249,0.6137200754464034,0.9853573441505432
3,2,25,0.45015281438827515,0.5928052663803101,0.43559571125994884,0.5922713451664295,0.921810507774353
3,2,26,0.39691635966300964,0.6521400213241577,0.3677574020767296,0.6356147513293777,0.917334258556366
3,2,27,0.271308034658432,0.9639016389846802,0.28369158134343997,0.9632158695660924,0.8968402743339539
3,2,28,0.5866062045097351,0.9084059000015259,0.5611780781086421,0.9076067856313257,0.7059011459350586
3,2,29,0.24083316326141357,1.000208854675293,0.25484479668623505,0.994345594581578,0.8565660119056702
3,2,30,0.6148630976676941,0.9245556592941284,0.5875685518925312,0.9244238709189802,0.7956829071044922
3,2,31,0.18865960836410522,1.1273086071014404,0.2245723961561764,1.1283737330309618,0.7703845500946045
3,2,32,0.6411279439926147,1.066402554512024,0.620034678905782,1.0638286781602233,0.6039566993713379
4,2,0,0.6019319891929626,0.1528906226158142,0.580507613948237,0.15238221083822184,0.9999233484268188
4,2,1,0.6093811392784119,0.12611448764801025,0.5880216477327338,0.12561791696409733,0.9998458623886108
4,2,2,0.6157228946685791,0.12765812873840332,0.5947091215608008,0.12736598227807033,0.999884843826294
4,2,3,0.6211202144622803,0.12957805395126343,0.6005230225347423,0.1294544419230405,0.9998099207878113
4,2,4,0.577959418296814,0.12091512233018875,0.5562851195758375,0.12027215038860722,0.9998383522033691
4,2,5,0.5622475147247314,0.11855733394622803,0.5409768964285632,0.11799462422882019,0.9998879432678223
4,2,6,0.546220064163208,0.11645335704088211,0.5250317116914014,0.11592704233457654,0.999884843826294
4,2,7,0.5985755324363708,0.14347624778747559,0.5787602135346605,0.1441698251141143,0.9997172951698303
4,2,8,0.5002720952033997,0.12418485432863235,0.4783484198110028,0.12493912070647704,0.9999637603759766
4,2,9,0.5913702845573425,0.1826488971710205,0.5715695465748606,0.18301343680726642,0.9999563097953796
4,2,10,0.5571035146713257,0.17861402034759521,0.5360267727867467,0.17827935127606315,0.9999796152114868
4,2,11,0.6689195036888123,0.285970538854599,0.6479867300124643,0.28438658856416527,0.9994760155677795
4,2,12,0.31480512022972107,0.26668885350227356,0.2979489488060221,0.26356549888274594,0.9999005198478699
4,2,13,0.7992140054702759,0.43631505966186523,0.7497443495535553,0.4474372760567831,0.782487690448761
4,2,14,0.21296536922454834,0.48953789472579956,0.20202220611854838,0.48189896269591986,0.9869475364685059
4,2,15,0.8467103242874146,0.356707900762558,0.7695092047312051,0.34788964261745203,0.6141966581344604
4,2,16,0.4316249489784241,0.5352510213851929,0.4114804900683582,0.5340373019311357,0.9562110900878906
4,2,17,0.8624480962753296,0.342703640460968,0.7757277119289114,0.328855795704319,0.5671603083610535
4,2,18,0.4945521950721741,0.5693796873092651,0.47181866665189637,0.5683753203127403,0.9227914214134216
4,2,19,0.8577014207839966,0.2989501953125,0.7710194392274602,0.2949534651444482,0.5735010504722595
4,2,20,0.5246756672859192,0.5510475635528564,0.5035237335343309,0.5500862010591115,0.9271937012672424
4,2,21,0.8293632864952087,0.32498109340667725,0.7485917986250042,0.3119239511913561,0.589022696018219
4,2,22,0.5117779970169067,0.5401352643966675,0.4918620832361575,0.5395213464997204,0.9164702296257019
4,2,23,0.5264771580696106,0.633995532989502,0.5073011431973181,0.6263124753399194,0.9876967668533325
4,2,24,0.33357274532318115,0.622191309928894,0.304923124314085,0.6151874188960562,0.9860696196556091
4,2,25,0.44896870851516724,0.5906916856765747,0.4379124541376231,0.5919977814147918,0.9243720769882202
4,2,26,0.39530783891677856,0.6446576118469238,0.3725322882671688,0.6371811357290236,0.9189670085906982
4,2,27,0.2775169610977173,0.9590850472450256,0.2826221193626686,0.9625004432372211,0.9007249474525452
4,2,28,0.5878084897994995,0.9017381072044373,0.5657933792812847,0.906590322934205,0.7079653739929199
4,2,29,0.2474033683538437,0.995518684387207,0.25355587080946734,0.994548746512096,0.8606563210487366
4,2,30,0.6154981851577759,0.9181901812553406,0.5924092092857655,0.9233441759496908,0.7963650822639465
4,2,31,0.20357772707939148,1.1204941272735596,0.2209344382332944,1.1270088927316282,0.7783583402633667
4,2,32,0.6435899138450623,1.0570416450500488,0.624116645529362,1.0626531227177685,0.6062166094779968
5,1,0,0.44827160239219666,0.14940088987350464,0.44827160239219666,0.14940088987350464,0.9904347658157349
5,1,1,0.48063036799430847,0.13248765468597412,0.48063036799430847,0.13248765468597412,0.984093189239502
5,1,2,0.49330735206604004,0.13464254140853882,0.49330735206604004,0.13464254140853882,0.9833003282546997
5,1,3,0.5058013200759888,0.13691522181034088,0.5058013200759888,0.13691522181034088,0.9832290410995483
5,1,4,0.4576827585697174,0.12719304859638214,0.4576827585697174,0.12719304859638214,0.9854808449745178
5,1,5,0.4496140778064728,0.12517596781253815,0.4496140778064728,0.12517596781253815,0.9860837459564209
5,1,6,0.4416970908641815,0.12319058179855347,0.4416970908641815,0.12319058179855347,0.9895004630088806
5,1,7,0.539330780506134,0.14757125079631805,0.539330780506134,0.14757125079631805,0.9889286160469055
5,1,8,0.45147714018821716,0.12663191556930542,0.45147714018821716,0.12663191556930542,0.9931811690330505
5,1,9,0.471712201833725,0.16985951364040375,0.471712201833725,0.16985951364040375,0.9854313731193542
5,1,10,0.4337291717529297,0.162727490067482,0.4337291717529297,0.162727490067482,0.9908598065376282
5,1,11,0.5776751637458801,0.23054450750350952,0.5776751637458801,0.23054450750350952,0.999237596988678
5,1,12,0.4122435450553894,0.19541268050670624,0.4122435450553894,0.19541268050670624,0.99974125623703
5,1,13,0.5089913606643677,0.294173926115036,0.5089913606643677,0.294173926115036,0.7854994535446167
5,1,14,0.2155611515045166,0.21785292029380798,0.2155611515045166,0.21785292029380798,0.9141581058502197
5,1,15,0.3186306357383728,0.3024432063102722,0.3186306357383728,0.3024432063102722,0.5615440011024475
5,1,16,0.16424934566020966,0.30942460894584656,0.16424934566020966,0.30942460894584656,0.8745740056037903
5,1,17,0.27321889996528625,0.3157285451889038,0.27321889996528625,0.3157285451889038,0.5164098739624023
5,1,18,0.1392572969198227,0.33167245984077454,0.1392572969198227,0.33167245984077454,0.8447026014328003
5,1,19,0.23957882821559906,0.3110434114933014,0.23957882821559906,0.3110434114933014,0.5219045281410217
5,1,20,0.18542835116386414,0.3507392108440399,0.18542835116386414,0.3507392108440399,0.848918616771698
5,1,21,0.23948624730110168,0.30819782614707947,0.23948624730110168,0.30819782614707947,0.5373796224594116
5,1,22,0.1945105940103531,0.3422676622867584,0.1945105940103531,0.3422676622867584,0.8414723873138428
5,1,23,0.4697604179382324,0.5295950770378113,0.4697604179382324,0.5295950770378113,0.9887347221374512
5,1,24,0.37677961587905884,0.5239501595497131,0.37677961587905884,0.5239501595497131,0.9872605800628662
5,1,25,0.3941675126552582,0.7784945368766785,0.3941675126552582,0.7784945368766785,0.9101293087005615
5,1,26,0.28989288210868835,0.7461825013160706,0.28989288210868835,0.7461825013160706,0.8603392243385315
5,1,27,0.3540046215057373,0.9460907578468323,0.3540046215057373,0.9460907578468323,0.8419802784919739
5,1,28,0.34486979246139526,0.961566686630249,0.34486979246139526,0.961566686630249,0.6556811928749084
5,1,29,0.36465463042259216,0.9763294458389282,0.36465463042259216,0.9763294458389282,0.8277878165245056
5,1,30,0.388603150844574,1.0009584426879883,0.388603150844574,1.0009584426879883,0.7500920295715332
5,1,31,0.2798389494419098,1.0135785341262817,0.2798389494419098,1.0135785341262817,0.7180744409561157
5,1,32,0.24279101192951202,1.0315643548965454,0.24279101192951202,1.0315643548965454,0.5576339364051819
5,2,0,0.45346614718437195,0.17537590861320496,0.5584237870132003,0.15636679860036856,0.991256833076477
5,2,1,0.4412887692451477,0.15551814436912537,0.5624998117304513,0.13080041512608395,0.9855409860610962
5,2,2,0.4392808675765991,0.15835434198379517,0.5676678401370334,0.13273725798010494,0.9848337769508362
5,2,3,0.4319259226322174,0.1615968495607376,0.5711790986949531,0.13502594418016656,0.9847428798675537
5,2,4,0.4140491485595703,0.14708761870861053,0.5315487732291495,0.12491954786501339,0.9867976307868958
5,2,5,0.3894522488117218,0.14366041123867035,0.514617835230428,0.12244261647246385,0.9873403906822205
5,2,6,0.3607633113861084,0.14066845178604126,0.49644488261971814,0.12021471688938204,0.9904195666313171
5,2,7,0.4265478551387787,0.16876602172851562,0.5522809746347889,0.14843231575770024,0.9898574352264404
5,2,8,0.3463229238986969,0.1459319293498993,0.4553947909160346,0.12857675487493334,0.9937848448753357
5,2,9,0.4057658910751343,0.19994522631168365,0.5427142205814399,0.185947019578672,0.9867503643035889
5,2,10,0.3901899755001068,0.19235362112522125,0.5106614743482857,0.18071763404265406,0.991707444190979
5,2,11,0.5014088153839111,0.2772696912288666,0.6224919666905635,0.2831538866142603,0.9991412162780762
5,2,12,0.31641972064971924,0.2443554401397705,0.3011493224283418,0.2602369579383194,0.9997336268424988
5,2,13,0.6342196464538574,0.4532305598258972,0.7296694412417319,0.4484406778833851,0.7846282720565796
5,2,14,0.16124090552330017,0.3745367228984833,0.19495142184240452,0.463246988823475,0.9215906262397766
5,2,15,0.6509084105491638,0.3716861307621002,0.7488979027198365,0.352013445927955,0.5835361480712891
5,2,16,0.2527748942375183,0.4099108576774597,0.38386631519475145,0.5124620733946084,0.8834652900695801
5,2,17,0.6511069536209106,0.3743394613265991,0.7540663344553072,0.3367430046042093,0.5368155241012573
5,2,18,0.32136261463165283,0.42093566060066223,0.44564633178495006,0.5427300021552559,0.8525700569152832
5,2,19,0.6390601992607117,0.345321923494339,0.7480774643964051,0.30368901286279826,0.541736364364624
5,2,20,0.3143501281738281,0.476047158241272,0.4705782940487704,0.5372362766459594,0.8564842343330383
5,2,21,0.6172409653663635,0.35598695278167725,0.7257560044463184,0.31956448036788176,0.5558663010597229
5,2,22,0.30580466985702515,0.4643065929412842,0.4594623534078213,0.5264669103386744,0.8491533994674683
5,2,23,0.4116389751434326,0.6533885598182678,0.49068764454061453,0.6310050772198952,0.9869371652603149
5,2,24,0.27397677302360535,0.6572316884994507,0.2995591395869843,0.6224774575643137,0.9865074753761292
5,2,25,0.7537777423858643,0.7775911092758179,0.49312955028607014,0.6243162563520187,0.8811311721801758
5,2,26,0.2881546914577484,0.790178120136261,0.3578835235776298,0.6637975010911491,0.8634130954742432
5,2,27,0.4144611060619354,1.0394141674041748,0.3055432005123388,0.9758504360396013,0.7888235449790955
5,2,28,0.29682227969169617,1.1655834913253784,0.5188394159481364,0.9517890530604212,0.6470566391944885
5,2,29,0.35275211930274963,1.1552977561950684,0.27078495969810373,1.0225201765877678,0.7814175486564636
5,2,30,0.2838928699493408,1.1983245611190796,0.5384885850322135,0.9713557619976765,0.71744304895401
5,2,31,0.4294062852859497,1.2551295757293701,0.2572616462469198,1.1492810458664406,0.6790497303009033
5,2,32,0.34197452664375305,1.3351633548736572,0.5748441453925949,1.110229924727448,0.5475817322731018
6,2,0,0.6012866497039795,0.1608142852783203,0.5658559264971986,0.15713707612385708,0.9920879602432251
6,2,1,0.6138448715209961,0.13284564018249512,0.5714049676016124,0.13115461005048817,0.9869190454483032
6,2,2,0.620991051197052,0.13437491655349731,0.576916626551804,0.13302086650080766,0.9862900376319885
6,2,3,0.6272698640823364,0.136191725730896,0.5809087121545561,0.13522783051923706,0.9861992597579956
6,2,4,0.5805234909057617,0.12709081172943115,0.5400422207072194,0.1252955717803973,0.9880549311637878
6,2,5,0.5658929347991943,0.12437724322080612,0.5235108366999776,0.12277765670138178,0.988554060459137
6,2,6,0.5510642528533936,0.12182855606079102,0.5059188490050488,0.12049420016800781,0.9913387894630432
6,2,7,0.6073181629180908,0.1480785608291626,0.5618275386449565,0.1483710551163389,0.9907221794128418
6,2,8,0.5108069777488708,0.13006210327148438,0.46500651788073455,0.1288339852309464,0.9943786263465881
6,2,9,0.5942514538764954,0.18922364711761475,0.5516527493850487,0.186514491454919,0.9880422353744507
6,2,10,0.5589701533317566,0.1831774115562439,0.5190392449717092,0.18114362700212816,0.9925206899642944
6,2,11,0.6881969571113586,0.29656553268432617,0.6338925819657257,0.2854773275111134,0.9990665316581726
6,2,12,0.3298329710960388,0.2659274935722351,0.3061207747043654,0.2612225606440515,0.9997386932373047
6,2,13,0.7079007625579834,0.48704877495765686,0.7258972730322228,0.4551342291626979,0.7647141814231873
6,2,14,0.21941156685352325,0.4875676929950714,0.19919031670442866,0.4674616946253167,0.9283230900764465
6,2,15,0.6095576286315918,0.48555243015289307,0.7246672540930337,0.3752312668642652,0.5775740742683411
6,2,16,0.44277626276016235,0.5332507491111755,0.39408581846905616,0.5160643046455679,0.8901098370552063
6,2,17,0.6199880838394165,0.4950519800186157,0.7307544058750304,0.3642878606901786,0.5354152321815491
6,2,18,0.4904926121234894,0.5680455565452576,0.4534228377313417,0.5471172365141097,0.8583039045333862
6,2,19,0.6454756259918213,0.41272565722465515,0.7302550649788958,0.3226328371008833,0.541020929813385
6,2,20,0.5246323347091675,0.5490066409111023,0.47995402936771697,0.5392752786730848,0.8622352480888367
6,2,21,0.5697871446609497,0.44279444217681885,0.6986202345871149,0.3409833192755743,0.5532662868499756
6,2,22,0.5139660835266113,0.5357832908630371,0.4689162168688312,0.5280806851403986,0.8547243475914001
6,2,23,0.5277906656265259,0.6530903577804565,0.49711996159352173,0.6348321411126867,0.9871547222137451
6,2,24,0.32255780696868896,0.6429076790809631,0.303544590255318,0.6260175478722905,0.9869914054870605
6,2,25,0.518126904964447,0.6166679859161377,0.49746168115214295,0.6229915024577694,0.8856749534606934
6,2,26,0.3882838189601898,0.6286612749099731,0.3631527747841878,0.6577065309257446,0.8707325458526611
6,2,27,0.35283130407333374,0.9800555109977722,0.3137437775977334,0.9765787246334683,0.7997416257858276
6,2,28,0.5648274421691895,0.9160875678062439,0.5268141171317238,0.9456000302308138,0.6619093418121338
6,2,29,0.3170919716358185,1.0105085372924805,0.278815152544386,1.0204393692886142,0.7889401316642761
6,2,30,0.627555251121521,0.9341084361076355,0.5539533826841586,0.9648984692088738,0.7275960445404053
6,2,31,0.3062724173069,1.1444053649902344,0.26576143556128917,1.1484365990736574,0.6940956115722656
6,2,32,0.7107337713241577,0.9840433597564697,0.5984720324577342,1.0882955123050626,0.566938042640686
7,1,0,0.5546185374259949,0.10410043597221375,0.4797400329115482,0.13601413803213613,0.9803159832954407
7,1,1,0.6066685914993286,0.08588066697120667,0.5179414926333129,0.11871441620600363,0.969521701335907
7,1,2,0.6264516115188599,0.08920380473136902,0.5327281658464107,0.12121488508763857,0.9688549637794495
7,1,3,0.64609694480896,0.09261901676654816,0.5473459358824617,0.1238255225449471,0.9687214493751526
7,1,4,0.5706226229667664,0.07812384516000748,0.4911068527298543,0.1126914006704931,0.9750457406044006
7,1,5,0.5581984519958496,0.07517604529857635,0.48174613825819323,0.11039896032228375,0.9778347611427307
7,1,6,0.5459833741188049,0.07228731364011765,0.4725543839763112,0.10814630268920174,0.9833039045333862
7,1,7,0.6982136964797974,0.11032533645629883,0.5863984963175107,0.1365666319562646,0.9707813262939453
7,1,8,0.5640267133712769,0.07980074733495712,0.4847854465217137,0.11279235988994567,0.9898895621299744
7,1,9,0.5895346999168396,0.1331898719072342,0.5065849941115562,0.15902529558994127,0.9704555869102478
7,1,10,0.5339415669441223,0.12184491008520126,0.4633784130181569,0.15064742954648094,0.9834052324295044
7,1,11,0.773544192314148,0.21665827929973602,0.6357462737379611,0.22644379563713232,0.9977368712425232
7,1,12,0.47717294096946716,0.15219247341156006,0.4314390635795113,0.18264124247700506,0.9994423389434814
7,1,13,0.6141305565834045,0.38585183024406433,0.5401015995622804,0.3212930811703663,0.7144096493721008
7,1,14,0.21940524876117706,0.2170393317937851,0.2166960945777732,0.2176127298290916,0.8617008328437805
7,1,15,0.46699094772338867,0.40901321172714233,0.36257107899396335,0.33397779716189957,0.5244002342224121
7,1,16,0.20036911964416504,0.33049604296684265,0.17492097468882967,0.31564814449215955,0.8257783651351929
7,1,17,0.42801633477211,0.4228920042514801,0.319072259480917,0.3474391512737703,0.48730263113975525
7,1,18,0.1470436304807663,0.39097923040390015,0.1415563558919682,0.34920357519809225,0.7993992567062378
7,1,19,0.4436322748661041,0.4069056212902069,0.30008718048785155,0.3394029046883863,0.49210384488105774
7,1,20,0.17047454416751862,0.39867985248565674,0.18101227198879388,0.3649069810619374,0.8035258054733276
7,1,21,0.44183623790740967,0.40236061811447144,0.299487255665696,0.3360535400809082,0.5041021704673767
7,1,22,0.21681678295135498,0.3807864487171173,0.2010989971179276,0.35364867789767274,0.799780547618866
7,1,23,0.6105746626853943,0.5576677918434143,0.5114590783179032,0.5378877369992651,0.9882511496543884
7,1,24,0.42723047733306885,0.5444589853286743,0.39169004073221886,0.530007452025695,0.9880642294883728
7,1,25,0.39976558089256287,0.8468093872070312,0.39582036682637073,0.7986924101124749,0.8821327090263367
7,1,26,0.16981814801692963,0.749638020992279,0.2543517385486306,0.7472027108922675,0.8190940618515015
7,1,27,0.18908964097499847,0.9346356391906738,0.30514356083338984,0.9427081512264802,0.7620563507080078
7,1,28,0.15131990611553192,0.909946084022522,0.2874891448276198,0.9463101632877275,0.6162149906158447
7,1,29,0.20415650308132172,0.9562134742736816,0.31710675484897993,0.9703882340111768,0.7639383673667908
7,1,30,0.2068362534046173,0.9417203664779663,0.3347295058282061,0.9834476596377089,0.692423403263092
7,1,31,-0.014575221575796604,0.9823813438415527,0.19236496076409432,1.004362278003841,0.6497758030891418
7,1,32,-0.035767316818237305,0.9711923003196716,0.16005632206729703,1.0137179266349883,0.52842777967453
7,2,0,0.4874764084815979,0.12732258439064026,0.5522508946945545,0.1519694518906572,0.9821858406066895
7,2,1,0.5216500163078308,0.10445746034383774,0.5627759620639303,0.12652773539224074,0.9724658131599426
7,2,2,0.5368959307670593,0.10871675610542297,0.5699778589765283,0.12880903151437706,0.9718736410140991
7,2,3,0.5530875325202942,0.1129942461848259,0.5760868544495003,0.1313750516304104,0.9717535376548767
7,2,4,0.49989578127861023,0.09498640149831772,0.5330816285872867,0.12004212900931101,0.9774311780929565
7,2,5,0.4944276511669159,0.09491602331399918,0.5184700652195826,0.11794879671506724,0.9799407124519348
7,2,6,0.4878694415092468,0.0943898856639862,0.502791515133429,0.11597014998096485,0.9848722219467163
7,2,7,0.5941409468650818,0.1318005472421646,0.567428697494,0.14550009898144084,0.9735972881317139
7,2,8,0.4836626350879669,0.10974521934986115,0.4682390181315284,0.12552647300781677,0.9908173680305481
7,2,9,0.5282254219055176,0.15995995700359344,0.5475929527805643,0.18191235275691464,0.9732569456100464
7,2,10,0.4907671809196472,0.1468241959810257,0.5141391792623197,0.1751943750450349,0.9849659204483032
7,2,11,0.6127834916114807,0.2691343128681183,0.6302347788589783,0.2826458053690443,0.9977923631668091
7,2,12,0.35450679063796997,0.24916568398475647,0.3145120051356523,0.25913390568914385,0.9993919134140015
7,2,13,0.7262752652168274,0.45958608388900757,0.7259627309018402,0.4559052634037149,0.7276618480682373
7,2,14,0.16316665709018707,0.4328806400299072,0.1929453175953743,0.461467034913477,0.8717639446258545
7,2,15,0.7952293753623962,0.3308849036693573,0.7369124306394707,0.36754156034905977,0.5539714694023132
7,2,16,0.26928505301475525,0.4425126016139984,0.3723928891299524,0.5032991229755378,0.8357623815536499
7,2,17,0.8002572655677795,0.31985148787498474,0.7428153849659069,0.3565825361183322,0.5128844976425171
7,2,18,0.2763238251209259,0.4984969198703766,0.4225912700360161,0.5386852933395725,0.8064514398574829
7,2,19,0.7884834408760071,0.3024720549583435,0.7403561525332547,0.3191394713918481,0.5169296264648438
7,2,20,0.31309694051742554,0.4854608178138733,0.45091433538368814,0.529941109138648,0.8102598190307617
7,2,21,0.787314236164093,0.3026704788208008,0.7140203240110652,0.33434103366973683,0.52825528383255
7,2,22,0.3097096383571625,0.47879669070243835,0.4412143453318083,0.519533490913271,0.8062340617179871
7,2,23,0.4351823329925537,0.6858822703361511,0.486374204116255,0.6436860960722177,0.9859603047370911
7,2,24,0.29018735885620117,0.6686524748802185,0.30123058069078645,0.6334101335350912,0.9863977432250977
7,2,25,0.8628990650177002,0.820516049861908,0.561439322349009,0.6574000249425519,0.8528985977172852
7,2,26,0.2439935952425003,0.7641943693161011,0.3424440158014336,0.6762061642567219,0.8156705498695374
7,2,27,0.28771793842315674,1.0632789134979248,0.309233349577044,0.9916317890697959,0.7019712328910828
7,2,28,0.28512781858444214,1.039122462272644,0.4846570737369883,0.9618410286987884,0.5862361192703247
7,2,29,0.3384208381175995,1.1198828220367432,0.28915562081590795,1.0377115780816726,0.7082805037498474
7,2,30,0.27730807662010193,1.2341527938842773,0.505648191966588,1.0119027298798384,0.6472195982933044
7,2,31,0.30291348695755005,1.2685610055923462,0.2722023054682795,1.169313751593783,0.602159321308136
7,2,32,0.34499645233154297,1.377820372581482,0.5542431552256325,1.138868768175594,0.49839311838150024
8,2,0,0.6339026093482971,0.15208011865615845,0.5664252453886225,0.15198861619630796,0.9839655160903931
8,2,1,0.6358724236488342,0.12358509749174118,0.5754619096979197,0.12601811157503687,0.9752157330513
8,2,2,0.6407605409622192,0.12446444481611252,0.5822613948916743,0.12805657803684284,0.9746835231781006
8,2,3,0.645313024520874,0.12562882900238037,0.5880997112279078,0.13037980223371487,0.9745732545852661
8,2,4,0.6092063784599304,0.1199880838394165,0.5462943404732526,0.12003276995252445,0.9796850085258484
8,2,5,0.5945686101913452,0.1181672215461731,0.5316782164964332,0.11798662174674981,0.9819444417953491
8,2,6,0.5789828300476074,0.11660140752792358,0.5160158009107033,0.11607946737503207,0.9863826036453247
8,2,7,0.6224353313446045,0.13933861255645752,0.576969968403267,0.14443291229770405,0.976231575012207
8,2,8,0.5283904671669006,0.1264939308166504,0.4786743075841688,0.1256940132445889,0.9917351603507996
8,2,9,0.6233459115028381,0.18284344673156738,0.5607409796690345,0.1820735954719054,0.9759305119514465
8,2,10,0.5895326733589172,0.18050938844680786,0.527224682675388,0.17611492667923348,0.986469030380249
8,2,11,0.7131127119064331,0.2894973158836365,0.6446225335426405,0.28383253076953063,0.9979903101921082
8,2,12,0.3366595506668091,0.2733878493309021,0.3183498675683385,0.2616033290605743,0.9994479417800903
8,2,13,0.8665182590484619,0.455750972032547,0.7504055935423316,0.45587854453668697,0.7413003444671631
8,2,14,0.22743302583694458,0.4888302683830261,0.19892376906403442,0.4662094374941195,0.8840925097465515
8,2,15,0.9266045689582825,0.3551679253578186,0.769948650925668,0.36539801639324715,0.5689217448234558
8,2,16,0.45207735896110535,0.5336961150169373,0.38622488898321633,0.5085677893148708,0.85028076171875
8,2,17,0.9308129549026489,0.31070810556411743,0.7755548446997292,0.3486274988508863,0.5253384709358215
8,2,18,0.5132483243942261,0.5681215524673462,0.4383330787211321,0.5437872891600476,0.8216812014579773
8,2,19,0.9261775612831116,0.2928787171840668,0.7727145538948283,0.3145882952961015,0.5298282504081726
8,2,20,0.541153609752655,0.5498764514923096,0.46658339252824355,0.5333953922696135,0.8252706527709961
8,2,21,0.8988882899284363,0.3024976849555969,0.7462117376904904,0.3288214302781534,0.5419058799743652
8,2,22,0.5277767777442932,0.5392142534255981,0.4562433114293958,0.5229436359720374,0.8206515312194824
8,2,23,0.5735181570053101,0.6367188692092896,0.5015044891179831,0.6424793243293387,0.9869759678840637
8,2,24,0.35787567496299744,0.6227768063545227,0.31105655615321154,0.63156816492274,0.9871259331703186
8,2,25,0.49081718921661377,0.6303378343582153,0.5491840657751819,0.6527098791108853,0.8643203973770142
8,2,26,0.437048077583313,0.6493129730224609,0.35887320677323287,0.6715453048901452,0.8273618221282959
8,2,27,0.29886889457702637,0.9648947715759277,0.3074379737731339,0.9869980072061797,0.7275014519691467
8,2,28,0.6245293617248535,0.8869593143463135,0.5089802430794833,0.9488446331548063,0.5988144874572754
8,2,29,0.2921845018863678,0.9680681228637695,0.2896801830749063,1.0256261776654074,0.7299804091453552
8,2,30,0.6548668146133423,0.9059648513793945,0.5316037796120854,0.9934993449930428,0.6610696315765381
8,2,31,0.2227397859096527,1.1136687994003296,0.26362415296965397,1.1596615966987966,0.63154536485672
8,2,32,0.6596211791038513,1.0290272235870361,0.5725490340738912,1.1197850087042966,0.5119118094444275
9,2,0,0.6301448345184326,0.15507781505584717,0.5774807357776235,0.15252362464011007,0.9855619072914124
9,2,1,0.6431248784065247,0.12542420625686646,0.5872029720176316,0.1259152627256985,0.9776809215545654
9,2,2,0.6503041982650757,0.12684649229049683,0.5940684998301337,0.12784701899413647,0.9772050976753235
9,2,3,0.6566514372825623,0.12854081392288208,0.5999953050442096,0.13006132570273252,0.9771016836166382
9,2,4,0.6099884510040283,0.12081295996904373,0.5573454035625485,0.12016787918112441,0.9817026257514954
9,2,5,0.5943413376808167,0.11886561661958694,0.5425500632932354,0.11813884193805173,0.983740508556366
9,2,6,0.578836977481842,0.11726552248001099,0.5269151187464635,0.11628486470879408,0.9877362251281738
9,2,7,0.6400805711746216,0.14288544654846191,0.5879195968867865,0.1441649240748524,0.9785799384117126
9,2,8,0.5404503345489502,0.1275719404220581,0.4893919651684386,0.1260192336052383,0.9925585985183716
9,2,9,0.6225441694259644,0.1849832534790039,0.571463350493021,0.18257750709191392,0.978333055973053
9,2,10,0.5837422609329224,0.1806918978691101,0.5370284916255647,0.17690763304637996,0.9878201484680176
9,2,11,0.7398973703384399,0.29206278920173645,0.6611685779285004,0.28525812321516403,0.9981226921081543
9,2,12,0.3606075048446655,0.2656535506248474,0.32567695285703535,0.2623047942483829,0.9994940161705017
9,2,13,0.7598656415939331,0.4744724929332733,0.7520442669820174,0.45910027244369656,0.7564751505851746
9,2,14,0.25118905305862427,0.4805459678173065,0.2079888045322674,0.46869317246171655,0.8939710259437561
9,2,15,0.672025740146637,0.276043564081192,0.7529414487989777,0.3498829178264437,0.5967674255371094
9,2,16,0.45568811893463135,0.5312947630882263,0.3982789665209039,0.5125061174380848,0.8599392771720886
9,2,17,0.5900418758392334,0.20490425825119019,0.7432505967546545,0.32363144025990226,0.5532322525978088
9,2,18,0.5201103091239929,0.560957133769989,0.45252924133132344,0.546762132350537,0.8299068808555603
9,2,19,0.6166431903839111,0.1966494917869568,0.7455609945289403,0.29409240208456217,0.5563386082649231
9,2,20,0.548102617263794,0.5402394533157349,0.48073464826531864,0.5345808262072915,0.8331565856933594
9,2,21,0.6389509439468384,0.22324079275131226,0.7275775180598947,0.31047997776362446,0.565467357635498
9,2,22,0.5357862114906311,0.52769935131073,0.47005067547950335,0.5237673037668746,0.8277079463005066
9,2,23,0.5629603862762451,0.6276335120201111,0.5121665123277045,0.639907318033518,0.9879197478294373
9,2,24,0.36591604351997375,0.6053866744041443,0.3205722849171968,0.6270307307104772,0.9880112409591675
9,2,25,0.4992426037788391,0.5882204174995422,0.5405229037810625,0.6415206354217353,0.8752537965774536
9,2,26,0.3705996572971344,0.603600800037384,0.36090459968505595,0.6597553173909295,0.8407230377197266
9,2,27,0.31555044651031494,0.9646975994110107,0.30884316150484786,0.9831336457745807,0.7520435452461243
9,2,28,0.5736722350120544,0.8795430660247803,0.5202046669318542,0.9368187063941932,0.6271827816963196
9,2,29,0.2877846360206604,0.9980582594871521,0.28935191162434215,1.0208482778458048,0.7501720190048218
9,2,30,0.6390049457550049,0.8868909478187561,0.5502622820540909,0.9749790133407175,0.6840825080871582
9,2,31,0.23046788573265076,1.1297188997268677,0.2578767567682899,1.154471745445889,0.6621008515357971
9,2,32,0.7173751592636108,0.9724013209342957,0.5977375045711631,1.0941498195650023,0.5463189482688904
10,2,0,0.6223230361938477,0.15114623308181763,0.5852565759987153,0.15228509086159084,0.9869731664657593
10,2,1,0.6349799633026123,0.11997145414352417,0.5954884292794026,0.12488578515571018,0.9798484444618225
10,2,2,0.6430738568305969,0.1213497444987297,0.6025672917947383,0.12672166149935316,0.9794359803199768
10,2,3,0.6504132747650146,0.12302649021148682,0.608739449184945,0.1288428405254822,0.979304850101471
10,2,4,0.5998389720916748,0.11580932885408401,0.5647134455225388,0.11941300693709074,0.983481228351593
10,2,5,0.5837607979774475,0.11445373296737671,0.5496953962167391,0.11750061823506486,0.9853343963623047
10,2,6,0.568115234375,0.113700270652771,0.5340586067547823,0.11583725390145802,0.9889309406280518
10,2,7,0.6367902755737305,0.13809823989868164,0.5963949980006923,0.1431141603876063,0.9805873036384583
10,2,8,0.5300652980804443,0.12609297037124634,0.4964440087859522,0.12603200268229764,0.9932940602302551
10,2,9,0.6147421598434448,0.18492108583450317,0.5789677202852093,0.18298337488599253,0.9804809093475342
10,2,10,0.5701190829277039,0.18218648433685303,0.542764512929112,0.17782192052135098,0.9890310168266296
10,2,11,0.7464050054550171,0.2890583872795105,0.6759668586441802,0.2859162928758941,0.9979208707809448
10,2,12,0.35048162937164307,0.26826074719429016,0.32997560297323064,0.2633363755986515,0.9995269775390625
10,2,13,0.7697153091430664,0.45093637704849243,0.755106006302762,0.4576861780283897,0.7692137956619263
10,2,14,0.23772603273391724,0.4827513098716736,0.21314302744943686,0.4711286573104915,0.9034262895584106
10,2,15,0.6190274953842163,0.2788838744163513,0.7296582280572165,0.3375617285278722,0.6095672845840454
10,2,16,0.4566379189491272,0.529915452003479,0.4084027399630152,0.515522477985799,0.869152843952179
10,2,17,0.5504707098007202,0.20689237117767334,0.7096734419491835,0.3033447170888441,0.565566897392273
10,2,18,0.5208179354667664,0.5622715353965759,0.4643790839384474,0.5494491548313535,0.8376508951187134
10,2,19,0.567404568195343,0.19093167781829834,0.7145444497746122,0.27617258878348067,0.5673712491989136
10,2,20,0.5520793795585632,0.5453447699546814,0.49311591962943047,0.5364454281485587,0.8406729102134705
10,2,21,0.5697689652442932,0.23327527940273285,0.7001201956236699,0.2970793564683165,0.5747795104980469
10,2,22,0.5414625406265259,0.5330244302749634,0.4824436248863725,0.5253708122243292,0.8344342112541199
10,2,23,0.5802971720695496,0.6449381709098816,0.5239889167368105,0.6407786465337095,0.9875668883323669
10,2,24,0.36212629079818726,0.6234955787658691,0.3277772182285344,0.6264184809870729,0.9880154728889465
10,2,25,0.4880855083465576,0.5462547540664673,0.5314281568383546,0.6249762445048828,0.8831685185432434
10,2,26,0.3675130009651184,0.6098589301109314,0.36204920827041775,0.6511017819535668,0.8490031957626343
10,2,27,0.306049644947052,0.9365512132644653,0.3083593662669367,0.9750556456136276,0.7706525325775146
10,2,28,0.5743857026100159,0.887109637260437,0.5296024408723881,0.9281977251078523,0.638791561126709
10,2,29,0.28243541717529297,0.9819742441177368,0.28815392974954684,1.0141085809813106,0.7644577622413635
10,2,30,0.61305832862854,0.9079316854476929,0.5611571387878572,0.9633450970712325,0.6945664286613464
10,2,31,0.2099815309047699,1.0870968103408813,0.24957078934155516,1.142780778671386,0.6809278726577759
10,2,32,0.5981946587562561,1.041222095489502,0.5978166708840649,1.0849697790626014,0.5559588074684143
11,2,0,0.630761981010437,0.1487666368484497,0.5931475609056845,0.15167573316327962,0.9882695078849792
11,2,1,0.6400537490844727,0.12017028778791428,0.6032161784336368,0.1240690832931059,0.9818556904792786
11,2,2,0.6479496955871582,0.12172157317399979,0.6104369179172575,0.12585566242939447,0.9814853072166443
11,2,3,0.6551952362060547,0.12356854230165482,0.6167954656936806,0.12792934166996972,0.9813665747642517
11,2,4,0.605988621711731,0.11624002456665039,0.5718699683131571,0.11886348685310308,0.9851252436637878
11,2,5,0.5900426506996155,0.1151583269238472,0.5566908350453413,0.11709497338426204,0.9867945313453674
11,2,6,0.5735090374946594,0.11465460062026978,0.5408983682950118,0.11563244569413877,0.9900331497192383
11,2,7,0.6385059356689453,0.13931816816329956,0.6036966121342476,0.14245673065583822,0.982509970664978
11,2,8,0.5291988253593445,0.1287270188331604,0.5021217717010512,0.12649873838405007,0.9939618110656738
11,2,9,0.6262912154197693,0.18105977773666382,0.5871744212296601,0.18265024490275356,0.9824267029762268
11,2,10,0.5852298736572266,0.17791450023651123,0.5501276578928221,0.177837952660561,0.9901250600814819
11,2,11,0.7423446774482727,0.2946535050868988,0.6874845100867398,0.28742971967830344,0.9980124235153198
11,2,12,0.348050981760025,0.2700374126434326,0.3331074325986462,0.2644970328068698,0.999557375907898
11,2,13,0.7483265399932861,0.4692658483982086,0.7539317640435477,0.459692136290032,0.7733377814292908
11,2,14,0.2394113838672638,0.48269122838974,0.2176955321015722,0.47313165092508663,0.9098058342933655
11,2,15,0.6403697729110718,0.3226611614227295,0.7141545788357376,0.3349802289319372,0.6230311989784241
11,2,16,0.4379632771015167,0.5298528075218201,0.4135263047998402,0.5180051377654759,0.8732191324234009
11,2,17,0.6075187921524048,0.3012514114379883,0.6919288222591741,0.30298219386419395,0.580109715461731
11,2,18,0.5046336650848389,0.559841513633728,0.4713584240145783,0.5512493670485934,0.8395766019821167
11,2,19,0.6056299805641174,0.27090370655059814,0.6956218418487798,0.2752600257750142,0.5821040272712708
11,2,20,0.5351830720901489,0.5409928560256958,0.5004099175035037,0.5372330167758121,0.8428203463554382
11,2,21,0.5995758175849915,0.28341591358184814,0.6826562025869074,0.2947122730280513,0.5885292291641235
11,2,22,0.5244186520576477,0.5287057757377625,0.48972163036032845,0.5259483878812968,0.8361681699752808
11,2,23,0.5732564330101013,0.632166862487793,0.5325332549138213,0.6392869519917126,0.988262951374054
11,2,24,0.35472944378852844,0.621086835861206,0.33244834163066583,0.6254950483442,0.9886565804481506
11,2,25,0.5517688393592834,0.5449591279029846,0.5349527801358781,0.6110863494248053,0.8894657492637634
11,2,26,0.4018433690071106,0.6056405305862427,0.3689486333050279,0.6432184760261358,0.8554169535636902
11,2,27,0.30775654315948486,0.9182822108268738,0.3082549731824518,0.9652073771831278,0.7822266817092896
11,2,28,0.560397744178772,0.8852673172950745,0.5349401898344077,0.9207538646251352,0.6440008878707886
11,2,29,0.27165576815605164,0.9520651698112488,0.28529551708959966,1.0033444594092595,0.7745400667190552
11,2,30,0.6207398772239685,0.918688952922821,0.571493527088537,0.9556016377121725,0.6993615031242371
11,2,31,0.20761066675186157,1.0739132165908813,0.24229537443967145,1.1308302619930024,0.6919683814048767
11,2,32,0.6817973256111145,0.9833540916442871,0.6123962902269288,1.0673192944336807,0.5613110065460205
12,2,0,0.6454837322235107,0.15177041292190552,0.6022249157380806,0.15169212897125262,0.9894351959228516
12,2,1,0.6570297479629517,0.12251484394073486,0.6125501917918547,0.1237999219636837,0.9836578965187073
12,2,2,0.665539026260376,0.12415970116853714,0.6199947984614077,0.12556195661916872,0.9833263158798218
12,2,3,0.6733094453811646,0.1260697841644287,0.6265986601325847,0.12760730275398074,0.9832157492637634
12,2,4,0.621263861656189,0.11793887615203857,0.5804362487327812,0.11870336689568428,0.9866011738777161
12,2,5,0.6051062941551208,0.11643731594085693,0.5650871802240403,0.11698108411652831,0.9881065487861633
12,2,6,0.5884501934051514,0.11538934707641602,0.5491447246896574,0.1155903478230323,0.9910231828689575
12,2,7,0.6589354276657104,0.14066630601882935,0.6132782445003082,0.14214666484160682,0.9842260479927063
12,2,8,0.544510006904602,0.12723523378372192,0.5094715299494522,0.12662628064633982,0.9945622682571411
12,2,9,0.6424765586853027,0.1832638382911682,0.5967670542277772,0.18275650326795653,0.9841774106025696
12,2,10,0.600020706653595,0.17940449714660645,0.5587806338176414,0.17810924505617465,0.9911099672317505
12,2,11,0.7615083456039429,0.29153457283973694,0.7003318207086429,0.2881406477985872,0.9980250000953674
12,2,12,0.36110633611679077,0.26982954144477844,0.33796010721871056,0.2654206152285277,0.9995865821838379
12,2,13,0.760230541229248,0.44688093662261963,0.7550227360079511,0.4574727573844061,0.7786129713058472
12,2,14,0.24647080898284912,0.48580795526504517,0.22268288063351402,0.4753276512390976,0.9168330430984497
12,2,15,0.6431479454040527,0.270486980676651,0.7018320427664079,0.32379023136517265,0.6337394714355469
12,2,16,0.46440109610557556,0.5276080369949341,0.4223497974136787,0.5196685573190738,0.8789858222007751
12,2,17,0.5811560153961182,0.2077283263206482,0.6726822260929569,0.2864397534137635,0.5915960669517517
12,2,18,0.5300875902175903,0.5604028701782227,0.4815465391525856,0.5528349203318905,0.8431916832923889
12,2,19,0.6089191436767578,0.21178124845027924,0.6805682672269098,0.2642463636001825,0.5932256579399109
12,2,20,0.5603060126304626,0.5423915982246399,0.5108008278452295,0.5381264702202251,0.8464826345443726
12,2,21,0.6031771898269653,0.2274034172296524,0.6688598374562184,0.28303275662632427,0.5988641977310181
12,2,22,0.5484845042228699,0.5318508148193359,0.49991560188921313,0.5269706963828709,0.8396936058998108
12,2,23,0.5971030592918396,0.6344971656799316,0.5437365720562631,0.6384573819874655,0.9886890053749084
12,2,24,0.3756731450557709,0.6222602725028992,0.3399433457669109,0.6249348254938132,0.9890031814575195
12,2,25,0.5413776636123657,0.5575140118598938,0.5360656121417374,0.6017942679013358,0.8970767855644226
12,2,26,0.44431036710739136,0.6228972673416138,0.3820286374622558,0.6396972902936996,0.8628063797950745
12,2,27,0.32362157106399536,0.9346214532852173,0.3109172499136921,0.9599059202653479,0.7984154224395752
12,2,28,0.5964620113372803,0.8869791030883789,0.5456136154825272,0.9148991396947345,0.6556653380393982
12,2,29,0.28903743624687195,0.9696753621101379,0.2859435813608867,0.997508060031147,0.7872019410133362
12,2,30,0.6568863987922668,0.9135032892227173,0.5863189390681649,0.9483022535905847,0.7091659903526306
12,2,31,0.22371384501457214,1.0974574089050293,0.23907580459192238,1.1250452639787225,0.7104443311691284
12,2,32,0.6936053037643433,1.050199270248413,0.6264935908527287,1.0643530918983133,0.5749235153198242
13,2,0,0.6586288213729858,0.14871537685394287,0.6120089886963139,0.15117659651049883,0.9904844164848328
13,2,1,0.6704797744750977,0.1204608604311943,0.6225993757009907,0.1232216362147388,0.9852805733680725
13,2,2,0.6794916987419128,0.12224603444337845,0.6303163536847565,0.12498767873573666,0.9849827885627747
13,2,3,0.6875005960464478,0.1242946907877922,0.6371644061948868,0.12703359821980392,0.9848806858062744
13,2,4,0.6335737705230713,0.11553877592086792,0.5896528166560351,0.11815530023887102,0.9879311323165894
13,2,5,0.6168001294136047,0.11390966922044754,0.5740562753766818,0.11644915585807054,0.9892882108688354
13,2,6,0.5993409156799316,0.11272555589675903,0.5578503558900146,0.1150942070027163,0.9919153451919556
13,2,7,0.6740821003913879,0.13919484615325928,0.6238269442634533,0.14163545090624108,0.9857698678970337
13,2,8,0.5538517832756042,0.12353425472974777,0.5171671486730456,0.12609078251139347,0.9951029419898987
13,2,9,0.6577163934707642,0.18014001846313477,0.6073410384701718,0.18230336905212466,0.9857531785964966
13,2,10,0.613895058631897,0.1761997938156128,0.5683406561134973,0.177778565008215,0.9919965863227844
13,2,11,0.7741057872772217,0.2913840413093567,0.7131356746203964,0.2887023633690658,0.9980155825614929
13,2,12,0.3656766414642334,0.26763054728507996,0.34276380187275557,0.26580333618591606,0.9996166825294495
13,2,13,0.7866777777671814,0.4590257704257965,0.7605096856425165,0.45774170635085815,0.7802639603614807
13,2,14,0.2513681650161743,0.48887625336647034,0.22765461839284967,0.47767482727030836,0.9235912561416626
13,2,15,0.6649686098098755,0.31030741333961487,0.6954412856994615,0.32145445295829495,0.6371068358421326
13,2,16,0.4777923822402954,0.5275808572769165,0.4319668298314408,0.5210390609226216,0.8859086036682129
13,2,17,0.6291958093643188,0.2861296832561493,0.6651417475624277,0.28638605764677394,0.5953525900840759
13,2,18,0.544801652431488,0.5594277381896973,0.4925212958335822,0.5539768286659548,0.8490459322929382
13,2,19,0.6271255016326904,0.2577858567237854,0.6712986241807023,0.2631273729883181,0.5971494317054749
13,2,20,0.5770416855812073,0.5411854982376099,0.522294637502945,0.5386562528456098,0.8524678945541382
13,2,21,0.6213145852088928,0.27084240317344666,0.660614591037489,0.28092096712633924,0.6030378937721252
13,2,22,0.5614792704582214,0.5284011960029602,0.5105963500759284,0.5272184276046362,0.8454890847206116
13,2,23,0.6059854626655579,0.6367151141166687,0.5545364467374412,0.63815565645793,0.9890143275260925
13,2,24,0.3814508616924286,0.6239451766014099,0.34714020911107224,0.6247634422065609,0.9893919825553894
13,2,25,0.5311781167984009,0.5605985522270203,0.5352191263589735,0.5946515498163076,0.902503252029419
13,2,26,0.47185271978378296,0.6004590392112732,0.39762554029398695,0.6328943628794124,0.869586169719696
13,2,27,0.32677769660949707,0.9299122095108032,0.31366512682057796,0.9547072033725172,0.8104838728904724
13,2,28,0.6066959500312805,0.8934224843978882,0.556210670156117,0.9111776168183545,0.666388213634491
13,2,29,0.29002195596694946,0.9664618372917175,0.28664992351321544,0.9921267474255567,0.7970839142799377
13,2,30,0.6734742522239685,0.9182277321815491,0.6014511663681846,0.9430895422872027,0.7177078723907471
13,2,31,0.2408721148967743,1.0870877504348755,0.23938689009107636,1.1184646335766872,0.7242928743362427
13,2,32,0.7392738461494446,0.9841228127479553,0.64608998011955,1.0504260964055958,0.5863912105560303
14,2,0,0.668857753276825,0.15475225448608398,0.6218703638768317,0.15179586232900705,0.9914253950119019
14,2,1,0.6784175038337708,0.12473391741514206,0.6322816708395634,0.12348353094314156,0.9867361783981323
14,2,2,0.68681800365448,0.12621688842773438,0.640117414586518,0.1252005497286536,0.98647141456604
14,2,3,0.694442093372345,0.12786418199539185,0.6471003133894542,0.12717743460181147,0.9863728880882263
14,2,4,0.6423795223236084,0.12027328461408615,0.5987980195823204,0.11852209646512102,0.9891232848167419
14,2,5,0.6252837181091309,0.11857318133115768,0.5829410374611704,0.11681699836125145,0.990349531173706
14,2,6,0.6070113182067871,0.11722427606582642,0.5663761828630061,0.11546309621422293,0.9927152991294861
14,2,7,0.6776541471481323,0.14166492223739624,0.6331633330331655,0.1416405544823745,0.9871561527252197
14,2,8,0.5569591522216797,0.12928557395935059,0.5240662074317929,0.12664407998804947,0.9955899715423584
14,2,9,0.6651657819747925,0.18687808513641357,0.6173720070292905,0.18309568487634015,0.9871701002120972
14,2,10,0.622264564037323,0.18302124738693237,0.5776938433568168,0.17868658715823824,0.9927937984466553
14,2,11,0.7817380428314209,0.2915149927139282,0.7250401293640578,0.28918946961430003,0.9979920983314514
14,2,12,0.3749511241912842,0.26825833320617676,0.3483431007781072,0.2662285011719552,0.9996406435966492
14,2,13,0.8051539063453674,0.4426887035369873,0.7682511416262425,0.45513378745429195,0.7907817959785461
14,2,14,0.25655537843704224,0.478731632232666,0.23266373501827664,0.4778578407098518,0.9303765892982483
14,2,15,0.6591194868087769,0.26668861508369446,0.6891445316926846,0.31195499246528,0.6512898206710815
14,2,16,0.5006158947944641,0.5302788615226746,0.4438793718520069,0.5226395673687351,0.8933454155921936
14,2,17,0.5914693474769592,0.21120738983154297,0.6523555083102698,0.27333785985182674,0.6084167957305908
14,2,18,0.5668961405754089,0.5673705339431763,0.5054296361260232,0.5562971586026019,0.8557282090187073
14,2,19,0.6126325130462646,0.20553183555603027,0.6611214035839583,0.2531362261153394,0.6095482707023621
14,2,20,0.6011477708816528,0.5502215623855591,0.5359820554670018,0.5406597216692998,0.8589004874229431
14,2,21,0.6105837225914001,0.22271184623241425,0.6519376476976136,0.2708232014439622,0.6141324043273926
14,2,22,0.5903500914573669,0.539474368095398,0.5244404700684651,0.5293415791261329,0.851300060749054
14,2,23,0.6044588685035706,0.6365957260131836,0.5631945404562156,0.6378855095519125,0.9890276789665222
14,2,24,0.38230466842651367,0.6184397339820862,0.3532361085127791,0.6236681530114551,0.9894086718559265
14,2,25,0.5180233716964722,0.5388450622558594,0.5322398137981418,0.5849712959508999,0.9058423638343811
14,2,26,0.3575015664100647,0.6038327217102051,0.39066887606321726,0.627857341690525,0.8744545578956604
14,2,27,0.3459530472755432,0.9412829279899597,0.3192618804316592,0.9523815729724361,0.8208484053611755
14,2,28,0.586336076259613,0.8752842545509338,0.5614322209347754,0.9049552389806439,0.6694885492324829
14,2,29,0.322899729013443,0.9878538250923157,0.29293417260094834,0.9913867074371624,0.8042353391647339
14,2,30,0.6241283416748047,0.8901714086532593,0.6053808600017136,0.9339111281285373,0.7203430533409119
14,2,31,0.254472017288208,1.0878427028656006,0.24200037964089094,1.113156928823314,0.7352164387702942
14,2,32,0.6319353580474854,1.0279569625854492,0.6436377725461478,1.0465324771292788,0.5900437831878662
15,1,0,0.22402404248714447,0.07705177366733551,0.3193494926845989,0.0990761556167175,0.986910343170166
15,1,1,0.2286430299282074,0.0557178370654583,0.3364501666998825,0.07924815406311805,0.9794192314147949
15,1,2,0.23764243721961975,0.053179699927568436,0.34759968174218403,0.07859070677908157,0.9817395806312561
15,1,3,0.29147663712501526,0.041468534618616104,0.38685914004464256,0.0722241752630645,0.9799144268035889
15,1,4,0.21732240915298462,0.06626500934362411,0.31936447101634746,0.08360902968049788,0.9777161478996277
15,1,5,0.21915338933467865,0.06955641508102417,0.3170354398327808,0.08481529292053128,0.9795684814453125
15,1,6,0.22153833508491516,0.07172024250030518,0.3151162607594462,0.08532972882163377,0.9810267090797424
15,1,7,0.36552226543426514,0.023948367685079575,0.4478897391519622,0.06599178510407679,0.9838078618049622
15,1,8,0.3080826997756958,0.054494116455316544,0.37400719223775586,0.07627057598824497,0.9902139902114868
15,1,9,0.3385763466358185,0.08722563087940216,0.40126283860567397,0.11404162616531538,0.9846572279930115
15,1,10,0.3159244656562805,0.0995110347867012,0.37095330757377093,0.1186136983129582,0.9859925508499146
15,1,11,0.6896877884864807,0.06155148148536682,0.669537866556347,0.12307713685370564,0.9981867074966431
15,1,12,0.44201168417930603,0.12751416862010956,0.43806049618201165,0.14810675626328665,0.9993581175804138
15,1,13,0.70073401927948,0.2527060806751251,0.6407952614679483,0.27832306182066835,0.801175057888031
15,1,14,0.39279672503471375,0.32151055335998535,0.3270965195643411,0.2827192282872669,0.8433447480201721
15,1,15,0.6073203682899475,0.37005770206451416,0.5160729961025253,0.35657750592228804,0.6577324271202087
15,1,16,0.32709601521492004,0.4397825300693512,0.2703080909323491,0.39344532003208366,0.8115347027778625
15,1,17,0.596077024936676,0.43214699625968933,0.4928383821455443,0.4005142293655661,0.6159154772758484
15,1,18,0.2946958839893341,0.4854554533958435,0.23754859885483257,0.4346013399046673,0.7807262539863586
15,1,19,0.5795544385910034,0.42827296257019043,0.4754007883936885,0.3950873006424564,0.6171929240226746
15,1,20,0.28786659240722656,0.46969178318977356,0.24797264102676886,0.43056965831079136,0.7836399674415588
15,1,21,0.560962975025177,0.41342777013778687,0.4634965218679459,0.3845314377606771,0.6190967559814453
15,1,22,0.31265732645988464,0.45422372221946716,0.2710091547869969,0.41667171160218014,0.7780340909957886
15,1,23,0.6311704516410828,0.44189706444740295,0.5864823004185196,0.4777390894094034,0.9898896217346191
15,1,24,0.43828266859054565,0.43132466077804565,0.4208765753669069,0.4681708767788797,0.9899346828460693
15,1,25,0.3154250681400299,0.6658281683921814,0.3454487394497153,0.7154196477593275,0.903808057308197
15,1,26,0.18060936033725739,0.6441576480865479,0.2081503529412944,0.6826309235582405,0.8235853314399719
15,1,27,0.39112046360969543,0.9476379156112671,0.3590141245388162,0.9457954620048981,0.7793756723403931
15,1,28,0.22446464002132416,0.9389341473579407,0.24800532595747504,0.9416907948068312,0.6175364851951599
15,1,29,0.4187520742416382,0.9837684631347656,0.3808008009992044,0.9787681617830347,0.7711294293403625
15,1,30,0.30206310749053955,0.9820864200592041,0.31426835843621514,0.9825951892627581,0.6752711534500122
15,1,31,0.28795328736305237,1.0843794345855713,0.25226114415370293,1.0544968625673876,0.6904852390289307
15,1,32,0.08686037361621857,1.0566898584365845,0.1141973273445561,1.0406357816455079,0.544856071472168
15,2,0,0.41994133591651917,0.0933217778801918,0.5866901757967831,0.14165206566500865,0.9880961179733276
15,2,1,0.47954657673835754,0.07628389447927475,0.6057111141277709,0.11529833920602062,0.981345534324646
15,2,2,0.49599045515060425,0.07602168619632721,0.6150508203460642,0.1166716210572702,0.983436644077301
15,2,3,0.5129976272583008,0.07125892490148544,0.6237841301800179,0.11747771023348651,0.9817823171615601
15,2,4,0.4407983422279358,0.08191244304180145,0.5713072823330685,0.11217539920625068,0.9798279404640198
15,2,5,0.4314751625061035,0.08434359729290009,0.556592271934748,0.11118806631809676,0.981511116027832
15,2,6,0.4227737784385681,0.08566857874393463,0.5414011995320068,0.11029893670680167,0.9828518629074097
15,2,7,0.5515108108520508,0.0673365592956543,0.6189888307677883,0.1287445435423386,0.9852313995361328
15,2,8,0.4273912310600281,0.0655570700764656,0.5072763139629753,0.11604617558195411,0.9911375641822815
15,2,9,0.46100687980651855,0.11183172464370728,0.5901670011088079,0.17072842144296926,0.9860903024673462
15,2,10,0.41068726778030396,0.11660140752792358,0.5486281567829867,0.16791518882532416,0.9873420596122742
15,2,11,0.6160376667976379,0.2157125025987625,0.7061023346362557,0.27643731187028775,0.9978817105293274
15,2,12,0.3617156445980072,0.2120569795370102,0.3506597665162709,0.25683230497978726,0.9993799328804016
15,2,13,0.6914913654327393,0.4558247923851013,0.7549279480645668,0.45525345176420595,0.7875829935073853
15,2,14,0.2502565085887909,0.4274401366710663,0.23571190152531638,0.4691137369961151,0.8581932783126831
15,2,15,0.5547506213188171,0.4941719174385071,0.665777426446734,0.3436822771618862,0.6437207460403442
15,2,16,0.2843288481235504,0.5191049575805664,0.41611750722526547,0.522027411093537,0.8273067474365234
15,2,17,0.5649843811988831,0.5173330903053284,0.6371855612256789,0.3159000618256814,0.6021099090576172
15,2,18,0.30268481373786926,0.5667428374290466,0.470106450551135,0.5581066114144065,0.7963261008262634
15,2,19,0.4981909394264221,0.4857932925224304,0.6327683955700604,0.29370696781937194,0.6047614812850952
15,2,20,0.416361540555954,0.547497570514679,0.5151928596900034,0.5418440800698836,0.799037754535675
15,2,21,0.47660213708877563,0.4844028949737549,0.6214146667236682,0.30804609156138,0.6069140434265137
15,2,22,0.38632088899612427,0.531535804271698,0.5004229856326421,0.5297215796658771,0.7934656143188477
15,2,23,0.528651237487793,0.614683985710144,0.5572064532740374,0.6338648829360443,0.9820464849472046
15,2,24,0.35747796297073364,0.6089833974838257,0.3539707680799125,0.6211240608145382,0.985777735710144
15,2,25,0.6868201494216919,0.6962523460388184,0.5591331090507802,0.604306351707864,0.8750917911529541
15,2,26,0.15809665620326996,0.7219287157058716,0.3501130023161166,0.6441938010514566,0.822602391242981
15,2,27,0.37038344144821167,1.0548549890518188,0.3281282481640989,0.9701816052227673,0.7238155603408813
15,2,28,0.27784839272499084,1.0836946964263916,0.5119057224473937,0.9360738711740939,0.5853855013847351
15,2,29,0.34119880199432373,1.0879099369049072,0.30130432462099055,1.008150188949732,0.7283933162689209
15,2,30,0.4062260091304779,1.1128735542297363,0.5706867641258185,0.9650688384796232,0.6420731544494629
15,2,31,0.2912304103374481,1.225077748298645,0.25053820198982185,1.1326035085941264,0.6374472379684448
15,2,32,0.3984126150608063,1.2573381662368774,0.600859338303461,1.0832689729332141,0.50779128074646
16,2,0,0.6005082130432129,0.1514967679977417,0.5890840371130837,0.14335738352755287,0.9892773628234863
16,2,1,0.6056272983551025,0.12278275936841965,0.6056965996190764,0.11659471282997616,0.9831953644752502
16,2,2,0.6115443110466003,0.12346243113279343,0.6144435303979224,0.11784783018350983,0.9850800037384033
16,2,3,0.6172146797180176,0.1243545413017273,0.6226462672636678,0.11866882166482418,0.9835838675498962
16,2,4,0.5772303938865662,0.12033181637525558,0.5723331716485835,0.11358819790246309,0.9818326830863953
16,2,5,0.562151312828064,0.11907142400741577,0.5575550934934362,0.11255355638146308,0.9833508729934692
16,2,6,0.5461090207099915,0.11806834489107132,0.5422165698299799,0.11164468480855043,0.9845578074455261
16,2,7,0.598746120929718,0.1377856731414795,0.6154812535063167,0.13031062670865018,0.986672043800354
16,2,8,0.49320775270462036,0.1285136342048645,0.5048390190370531,0.11820598239271018,0.9920215606689453
16,2,9,0.5915473699569702,0.18197518587112427,0.5904060498815953,0.1726766887354327,0.987474799156189
16,2,10,0.5564790964126587,0.18146485090255737,0.5499880261257418,0.1702625479567939,0.9886055588722229
16,2,11,0.7047626972198486,0.28814324736595154,0.7058703395406544,0.278465148903468,0.9978574514389038
16,2,12,0.3084595203399658,0.27200424671173096,0.3433426536186164,0.2594608383211979,0.9994272589683533
16,2,13,0.7439368367195129,0.47486940026283264,0.7530239806862461,0.4586523630553687,0.7938795685768127
16,2,14,0.19198176264762878,0.48324552178382874,0.22812917141197162,0.47156198666757015,0.8708228468894958
16,2,15,0.6556290984153748,0.26235443353652954,0.6640194889888361,0.329564311960968,0.650024950504303
16,2,16,0.423368901014328,0.5259211659431458,0.4173735062793351,0.5227017740874186,0.8365996479988098
16,2,17,0.6157982349395752,0.21444304287433624,0.6334794965066856,0.2982772276430472,0.6063400506973267
16,2,18,0.4872382581233978,0.5577981472015381,0.47307468999579116,0.5580531939254642,0.8020835518836975
16,2,19,0.621624231338501,0.1871843934059143,0.6308378901547672,0.2752014559245108,0.6072912812232971
16,2,20,0.5191275477409363,0.5423996448516846,0.5158743122314711,0.5419402892138714,0.8045838475227356
16,2,21,0.6146934032440186,0.209794282913208,0.6202504965120524,0.290981618806507,0.6082415580749512
16,2,22,0.5045842528343201,0.530323326587677,0.5011436840219193,0.5298257864814122,0.797719419002533
16,2,23,0.5631317496299744,0.6429075002670288,0.5582327256006807,0.6354312252627787,0.9829965829849243
16,2,24,0.33619192242622375,0.6370424628257751,0.35089035000999574,0.6238819813361033,0.9865506887435913
16,2,25,0.47365254163742065,0.581011950969696,0.5442925016655806,0.6002696265557182,0.883903443813324
16,2,26,0.3546445369720459,0.6182456016540527,0.3508978326330486,0.6396968337150959,0.8345876932144165
16,2,27,0.24591897428035736,0.9370412826538086,0.3138568514253252,0.964436962317067,0.7462271451950073
16,2,28,0.5878338813781738,0.8914685249328613,0.5250840761420489,0.9283392185792615,0.605454683303833
16,2,29,0.21473772823810577,0.9747177362442017,0.2862745401291781,1.0023548573381569,0.7466250658035278
16,2,30,0.630321204662323,0.9115867614746094,0.5810321385639404,0.955792486254587,0.6594488620758057
16,2,31,0.15044569969177246,1.0839556455612183,0.23315299634547645,1.1241668180794024,0.6628966927528381
16,2,32,0.622494101524353,1.041595220565796,0.6046082490939849,1.0760433149600603,0.5266427397727966
17,2,0,0.6039130091667175,0.14479488134384155,0.591653114968838,0.14360632670837806,0.9903273582458496
17,2,1,0.6174431443214417,0.11841177195310593,0.6077314716354203,0.11690939136723141,0.9848276376724243
17,2,2,0.6262748837471008,0.11997079849243164,0.6164930998721533,0.11821548948689005,0.9865313172340393
17,2,3,0.634338915348053,0.12176138162612915,0.6246718008013988,0.11920441208353606,0.9851639866828918
17,2,4,0.5808776617050171,0.11427491903305054,0.5738132038860511,0.11370712032924457,0.983611524105072
17,2,5,0.5646910071372986,0.11286407709121704,0.5587910873244145,0.11260732997089669,0.9849882125854492
17,2,6,0.5476083159446716,0.11177647113800049,0.5431504119690747,0.11166750642989254,0.9860767722129822
17,2,7,0.6226940155029297,0.13591742515563965,0.6167305637021092,0.1312817230288119,0.9879007339477539
17,2,8,0.5049915909767151,0.12261224538087845,0.5048654401360522,0.11896911886539578,0.9928070902824402
17,2,9,0.6031714677810669,0.17309314012527466,0.5926174902178168,0.17274880677848187,0.9887115359306335
17,2,10,0.5605263113975525,0.17004817724227905,0.5518135218718567,0.17022542496831095,0.9897381067276001
17,2,11,0.7017817497253418,0.273457795381546,0.7051622290257528,0.2775978907585084,0.9978893995285034
17,2,12,0.325916588306427,0.26491618156433105,0.34032338903466197,0.2604056986742162,0.9994614720344543
17,2,13,0.8010759353637695,0.40736907720565796,0.7613571922231726,0.4497579104601874,0.7944302558898926
17,2,14,0.22197532653808594,0.4858585596084595,0.2270633086533756,0.4740387975250268,0.8828337788581848
17,2,15,0.7501417994499207,0.3248401880264282,0.678971894707817,0.32874611777664897,0.6418830156326294
17,2,16,0.45055091381073,0.5244463086128235,0.423124577765487,0.5230038921310117,0.8492574691772461
17,2,17,0.7381394505500793,0.31374016404151917,0.6516604332238786,0.3009562104859439,0.5959958434104919
17,2,18,0.5105650424957275,0.5556170344352722,0.4795742093281235,0.5576312913760146,0.8144141435623169
17,2,19,0.7219071388244629,0.2888823449611664,0.6466514698401401,0.27757156869004473,0.5974246263504028
17,2,20,0.5460207462310791,0.5368192195892334,0.5210995178765823,0.541053333229038,0.8171977996826172
17,2,21,0.709446370601654,0.29771798849105835,0.6357379146592076,0.2921484008421598,0.6014023423194885
17,2,22,0.5343466997146606,0.525442898273468,0.5068992040279773,0.5290666984510446,0.810417890548706
17,2,23,0.5541046261787415,0.6231160759925842,0.5575177718993312,0.6332978124265582,0.9823217391967773
17,2,24,0.3480604588985443,0.6125267148017883,0.3504002544149918,0.621914910450854,0.9854159355163574
17,2,25,0.4879785478115082,0.5731375217437744,0.5345241378273636,0.5955673153126885,0.8858956098556519
17,2,26,0.4516288936138153,0.6003404259681702,0.36839419816520974,0.6328734003053988,0.8415853977203369
17,2,27,0.31539779901504517,0.9394016265869141,0.3141237107378575,0.9600983164958348,0.7586300373077393
17,2,28,0.5353617668151855,0.8935168981552124,0.5268644021483885,0.9223027265189616,0.612619936466217
17,2,29,0.28017163276672363,0.9771291017532349,0.2852175009085705,0.9979831870957798,0.757938802242279
17,2,30,0.5744268894195557,0.9276424050331116,0.5798880694185864,0.9509136176565307,0.672536313533783
17,2,31,0.26352038979530334,1.0932273864746094,0.23841653685242464,1.1188040364569782,0.6724362373352051
17,2,32,0.6203174591064453,0.9874004125595093,0.6073298891747063,1.0606521633525476,0.5330672860145569
18,2,0,0.5898435711860657,0.15409964323043823,0.591339736841049,0.14542403451675343,0.9912832379341125
18,2,1,0.5996372103691101,0.1244276762008667,0.6063294392162304,0.11821163216108055,0.9863278269767761
18,2,2,0.6072463393211365,0.12550204992294312,0.6148913844017537,0.1194775845243019,0.9878635406494141
18,2,3,0.6141951680183411,0.12692177295684814,0.622856981416261,0.12054114268060348,0.9866250157356262
18,2,4,0.5661075711250305,0.12111503630876541,0.5724785022502711,0.11499024001218189,0.9852346777915955
18,2,5,0.5498456954956055,0.11967754364013672,0.5572415880622865,0.11383194409388182,0.9864774346351624
18,2,6,0.5325820446014404,0.11852455139160156,0.5413196957808606,0.11285519054429018,0.9874575734138489
18,2,7,0.5993934273719788,0.14085173606872559,0.6137267147078738,0.13293944496941518,0.9890738725662231
18,2,8,0.48364952206611633,0.12846273183822632,0.5011891192210077,0.12061360330371962,0.9935235381126404
18,2,9,0.5844280123710632,0.18402987718582153,0.5911989607876205,0.1747030194130362,0.9898349046707153
18,2,10,0.5426656603813171,0.18287736177444458,0.5502289409005507,0.17241720249424167,0.9907622337341309
18,2,11,0.6930865049362183,0.2841562330722809,0.7030703093346133,0.2787338269356447,0.9979328513145447
18,2,12,0.3060895800590515,0.2692126929759979,0.33438899555325385,0.26193121564076016,0.9995014667510986
18,2,13,0.8070436120033264,0.44959697127342224,0.7692796109813261,0.4497300403608026,0.7952680587768555
18,2,14,0.19599300622940063,0.485151082277298,0.2216778170582142,0.47596376213145825,0.8935901522636414
18,2,15,0.7788049578666687,0.3010878562927246,0.6963118876134675,0.32395254367450194,0.6368439197540283
18,2,16,0.4239770174026489,0.5269129872322083,0.4232721988546346,0.5236809123192617,0.8601037263870239
18,2,17,0.7690161466598511,0.26260054111480713,0.67205460704235,0.29430649426993377,0.5890803337097168
18,2,18,0.48804816603660583,0.5569624900817871,0.4810420193313672,0.557515472210229,0.8248140215873718
18,2,19,0.7643731832504272,0.23540320992469788,0.6671094419676872,0.27026001010259015,0.5900116562843323
18,2,20,0.5204837918281555,0.5391972064971924,0.5209928901062019,0.5407318884502424,0.8275634050369263
18,2,21,0.7471078634262085,0.25366777181625366,0.6550883892531137,0.2854769921169954,0.5939788818359375
18,2,22,0.5059855580329895,0.529392421245575,0.5067409827633388,0.5291231046476002,0.8195470571517944
18,2,23,0.5454635620117188,0.6357284188270569,0.5554295815170079,0.6337187530479896,0.9829468727111816
18,2,24,0.3226765990257263,0.6254366040229797,0.3455953307838741,0.6225248292610998,0.9857106804847717
18,2,25,0.47148364782333374,0.5974864959716797,0.5235867462098638,0.5958996807768794,0.8875778913497925
18,2,26,0.3893296420574188,0.618870198726654,0.3720218736061256,0.6304474364139321,0.8468124866485596
18,2,27,0.2668152153491974,0.9433190226554871,0.3059196129878726,0.9571911703819364,0.7697065472602844
18,2,28,0.5840908288955688,0.8835402727127075,0.5367913020284559,0.9155824061773136,0.6133668422698975
18,2,29,0.2297494262456894,0.9797534346580505,0.2755960365069335,0.9948246001451301,0.7680788636207581
18,2,30,0.6139033436775208,0.903708279132843,0.585784515733836,0.9427274716739155,0.675826907157898
18,2,31,0.20645274221897125,1.0847501754760742,0.23287602232322363,1.1129008718378273,0.6837287545204163
18,2,32,0.6378637552261353,1.0284175872802734,0.612622282456029,1.0550646910032868,0.531936764717102
19,2,0,0.5664562582969666,0.15103411674499512,0.5870274111099402,0.14639570008955669,0.9921403527259827
19,2,1,0.5763092041015625,0.12241422384977341,0.6011261148673602,0.11893948981360768,0.987672746181488
19,2,2,0.5838727355003357,0.12353897094726562,0.6095148477990898,0.12018098347695984,0.9890581965446472
19,2,3,0.5912977457046509,0.12493133544921875,0.6173866560845138,0.12130149567762616,0.9879310131072998
19,2,4,0.5447590351104736,0.11869562417268753,0.5676742945095916,0.11563197547056282,0.9866914749145508
19,2,5,0.5295808911323547,0.11706548929214478,0.552447575124866,0.11439195383629094,0.9878143072128296
19,2,6,0.5128110647201538,0.11596578359603882,0.5363785979677956,0.11339390452393129,0.988696813583374
19,2,7,0.5818659067153931,0.13941949605941772,0.6082040712726106,0.13406181819758284,0.9901255369186401
19,2,8,0.4670989215373993,0.12839674949645996,0.4952796425617708,0.12196173133763039,0.9941679835319519
19,2,9,0.5630825161933899,0.18046098947525024,0.5863258932654808,0.175700303435388,0.9908463358879089
19,2,10,0.5251163840293884,0.17967677116394043,0.5458768901489629,0.1736746212329501,0.9916839003562927
19,2,11,0.6790927648544312,0.2841988503932953,0.6989151097213929,0.27968036405918806,0.9980209469795227
19,2,12,0.29864245653152466,0.2714867889881134,0.32819208923665805,0.263586436210258,0.9995416402816772
19,2,13,0.819311261177063,0.4523424208164215,0.7779566636009643,0.45018246356776176,0.7847819328308105
19,2,14,0.18416853249073029,0.4787066876888275,0.21517498275391636,0.47643879557192154,0.9034373760223389
19,2,15,0.8668645620346069,0.3562643826007843,0.7259979138722751,0.32955345178696444,0.6094918251037598
19,2,16,0.4132617712020874,0.5250700116157532,0.4215381614291448,0.5239214736362721,0.8699950575828552
19,2,17,0.8810465931892395,0.3290202021598816,0.7084730198303755,0.30032417964727953,0.5639204978942871
19,2,18,0.47896823287010193,0.5607298612594604,0.4806828768253407,0.5580721639328641,0.8339175581932068
19,2,19,0.8892480134963989,0.2885425090789795,0.7058338648850497,0.2734277511419698,0.5656806230545044
19,2,20,0.5093452334403992,0.5458858609199524,0.5189751495057535,0.541624543793287,0.8366972208023071
19,2,21,0.8775051236152649,0.302137166261673,0.6938616254634495,0.28836349729311556,0.5720966458320618
19,2,22,0.4942559003829956,0.5338472127914429,0.504578118404626,0.5299412979764646,0.8277950286865234
19,2,23,0.5355229377746582,0.6359919905662537,0.5519802737032639,0.6341124381327552,0.9838353991508484
19,2,24,0.32270845770835876,0.6250618100166321,0.34162926908404195,0.6229641935716521,0.9862442016601562
19,2,25,0.4263727366924286,0.5939443111419678,0.506703013916655,0.5955610484307328,0.8928603529930115
19,2,26,0.35591596364974976,0.6233803033828735,0.3692314433977675,0.6292233564613304,0.8534367084503174
19,2,27,0.26003414392471313,0.9481515288352966,0.29796262945013346,0.9556253445591765,0.7860671877861023
19,2,28,0.5484491586685181,0.867460310459137,0.5388107953278333,0.907237035976507,0.6165614128112793
19,2,29,0.23432202637195587,0.9925670623779297,0.26843971301988784,0.9944336344141637,0.7807031273841858
19,2,30,0.5845816731452942,0.8875477313995361,0.5855762103442341,0.9331561390636052,0.6805782914161682
19,2,31,0.19007810950279236,1.0774997472763062,0.22545513829040095,1.1067639118610666,0.7015900611877441
19,2,32,0.5721381306648254,1.0006518363952637,0.605603046981618,1.0456265952616117,0.5339797735214233
20,1,0,0.38922953605651855,0.20178170502185822,0.355121156667302,0.15166940575979843,0.9885212779045105
20,1,1,0.3969436287879944,0.17610932886600494,0.36741376734175907,0.12884559530356576,0.9828459620475769
20,1,2,0.41172969341278076,0.17241990566253662,0.38042589890948497,0.12663410973702038,0.9858295321464539
20,1,3,0.4265812039375305,0.16885972023010254,0.4071864854188677,0.12170596136336823,0.9843531250953674
20,1,4,0.3697335720062256,0.1838354468345642,0.3451431865171346,0.13493144217096956,0.980282723903656
20,1,5,0.3604642450809479,0.18514706194400787,0.339260526660679,0.13619170989209695,0.9813880324363708
20,1,6,0.351258248090744,0.1864684373140335,0.33361084356993764,0.13711978922718426,0.9818545579910278
20,1,7,0.4814140200614929,0.16092459857463837,0.4650443341658735,0.11460081863686748,0.987275242805481
20,1,8,0.3772038519382477,0.18200922012329102,0.37564242444353085,0.13041872484887776,0.9908043146133423
20,1,9,0.4444008767604828,0.20990131795406342,0.4233390927476482,0.16312574578751704,0.9885928630828857
20,1,10,0.4052441120147705,0.21874698996543884,0.3885002910546965,0.16988837457547915,0.9866359829902649
20,1,11,0.7217240333557129,0.22577418386936188,0.6962471587792816,0.17566598080470497,0.9981956481933594
20,1,12,0.3790231943130493,0.25089016556739807,0.40784260643700837,0.2007399207797278,0.9985717535018921
20,1,13,0.772718071937561,0.38605883717536926,0.7083707673612352,0.33349509421319784,0.7870928049087524
20,1,14,0.34850677847862244,0.41629570722579956,0.3380509265833129,0.3511429234246828,0.8194114565849304
20,1,15,0.7021026015281677,0.4679841101169586,0.6114179075852825,0.41363159630605684,0.6018269062042236
20,1,16,0.3607856333255768,0.492962509393692,0.31663377493366623,0.44440422358102577,0.7905774712562561
20,1,17,0.6777132153511047,0.5227153897285461,0.5875903704880863,0.46310355823956073,0.5566002726554871
20,1,18,0.35609522461891174,0.5341129899024963,0.2982638407438296,0.4855574144174031,0.7612362504005432
20,1,19,0.6240293383598328,0.5082260966300964,0.5515470679952477,0.4530295511466894,0.5591150522232056
20,1,20,0.3584078252315521,0.5145663619041443,0.3045286750953169,0.4735741315197462,0.763793408870697
20,1,21,0.6300294399261475,0.49802491068840027,0.5488315918321502,0.4426555410807085,0.5635647773742676
20,1,22,0.37418219447135925,0.500162661075592,0.3238420919592769,0.4594170211505694,0.7572178244590759
20,1,23,0.6483031511306763,0.541939377784729,0.6181258931249601,0.510601391975226,0.9849725961685181
20,1,24,0.40030437707901,0.5419625639915466,0.4103510633785794,0.5059465362651178,0.9865511059761047
20,1,25,0.5066236257553101,0.7383491396903992,0.4280332861386624,0.7271515248614118,0.8909267783164978
20,1,26,0.1529237926006317,0.6768991351127625,0.1798840771733698,0.6796987793611596,0.8187639713287354
20,1,27,0.5537803769111633,1.0400712490081787,0.4588455532063979,0.9940677685976259,0.7543018460273743
20,1,28,0.21360069513320923,0.9556640386581421,0.23040004484034762,0.948839538780878,0.5762105584144592
20,1,29,0.6005055904388428,1.0815536975860596,0.49344428393192,1.0314024251597405,0.7360332608222961
20,1,30,0.308567076921463,1.0365129709243774,0.31135181993606764,1.0101912038749636,0.6386315822601318
20,1,31,0.4696583151817322,1.1591585874557495,0.3637186466526376,1.108092946411897,0.6572292447090149
20,1,32,0.11680614203214645,1.10401451587677,0.11553184105595556,1.0730772856907183,0.49568718671798706
20,2,0,0.486239492893219,0.2095879763364792,0.5695209922541338,0.15735953400456668,0.9896577000617981
20,2,1,0.4958116114139557,0.17657658457756042,0.5828309910116034,0.12893783689295968,0.984549880027771
20,2,2,0.5050474405288696,0.17555925250053406,0.5913673440530303,0.129786839476383,0.9872350096702576
20,2,3,0.5137441754341125,0.174180269241333,0.5993829020167113,0.13047310365921416,0.98590487241745
20,2,4,0.46891751885414124,0.17453326284885406,0.5505217370837102,0.12585001098492823,0.9822421073913574
20,2,5,0.456705242395401,0.1721341907978058,0.5358200833809991,0.12440857241618275,0.9832374453544617
20,2,6,0.4458574056625366,0.16975249350070953,0.5206603169484608,0.12317009432208006,0.9836609363555908
20,2,7,0.5139324069023132,0.17060261964797974,0.5918327296529036,0.14039656358998326,0.9885287880897522
20,2,8,0.41753771901130676,0.1748833954334259,0.48178555578829774,0.13114079010417581,0.9917197227478027
20,2,9,0.49607959389686584,0.23360836505889893,0.5706554726587797,0.1857457350263609,0.9897260069847107
20,2,10,0.4550919234752655,0.23366406559944153,0.5301126759138286,0.18408176526158787,0.9879682660102844
20,2,11,0.6040298938751221,0.2632593810558319,0.6824369229055982,0.276835325659905,0.9982020854949951
20,2,12,0.3074815273284912,0.28788691759109497,0.3246033923038414,0.2677976416755726,0.9986966848373413
20,2,13,0.6410417556762695,0.46441683173179626,0.7541495093309024,0.4526484936836036,0.782789409160614
20,2,14,0.20177988708019257,0.47912469506263733,0.2128544095925247,0.47690395218007875,0.8364154696464539
20,2,15,0.5759554505348206,0.4671590328216553,0.6998979570428273,0.3534812528756091,0.609575092792511
20,2,16,0.33108749985694885,0.5652585029602051,0.40583215921142035,0.5310887304733026,0.8060750365257263
20,2,17,0.7499464154243469,0.4531715512275696,0.7156639990468608,0.32691445584674966,0.5625979900360107
20,2,18,0.3583725690841675,0.6063211560249329,0.45942442800698774,0.5664395928144452,0.7735900282859802
20,2,19,0.613707423210144,0.4440404772758484,0.689836199561069,0.30312434266655086,0.5657010674476624
20,2,20,0.42287126183509827,0.5674098134040833,0.5022846997878966,0.5460932585798809,0.7759832143783569
20,2,21,0.6573494672775269,0.444680780172348,0.6875318903541612,0.3155602265961852,0.5704315900802612
20,2,22,0.4166674315929413,0.5521418452262878,0.4893143304538464,0.5337883483899778,0.7695927619934082
20,2,23,0.49603113532066345,0.6475529670715332,0.5422752341973779,0.6364408847523881,0.9818429350852966
20,2,24,0.2853655517101288,0.6349518299102783,0.33186956585175614,0.6250408494431189,0.9850927591323853
20,2,25,0.5399506688117981,0.5533984899520874,0.5124662990933528,0.5882504798430264,0.8707932829856873
20,2,26,0.20547567307949066,0.6577470898628235,0.34073418784630305,0.6341670695202275,0.8237352967262268
20,2,27,0.39744359254837036,0.9983224868774414,0.3152413049799007,0.9630287326959523,0.7366178035736084
20,2,28,0.20153069496154785,1.0327341556549072,0.4798123549031871,0.9290514444587482,0.5714261531829834
20,2,29,0.3456738293170929,1.0449002981185913,0.2818454334479926,1.0031862447115656,0.7339355945587158
20,2,30,0.4035165309906006,1.0748231410980225,0.5538763215700662,0.9577931787246268,0.6395137906074524
20,2,31,0.31683796644210815,1.0638998746871948,0.2413234144161069,1.0993315523006582,0.6402348875999451
20,2,32,0.5695077776908875,1.0465208292007446,0.5993455941677694,1.0457814548787816,0.48514074087142944
21,1,0,0.2768416404724121,0.17242984473705292,0.34153351180703256,0.1552667549440817,0.9896492958068848
21,1,1,0.23865684866905212,0.1297973394393921,0.3450305069311074,0.12901041443656858,0.9849106669425964
21,1,2,0.25104373693466187,0.12400410324335098,0.3579335237375792,0.1261786340985152,0.987712025642395
21,1,3,0.28520333766937256,0.12158257514238358,0.38598509869937053,0.12168459442592071,0.9864175319671631
21,1,4,0.21812540292739868,0.14479199051856995,0.3230634122452142,0.1366395090782067,0.9820463061332703
21,1,5,0.21719591319561005,0.14119727909564972,0.3180449200215012,0.13705865962105387,0.9829668402671814
21,1,6,0.2013474851846695,0.1394103616476059,0.31061562241411206,0.13751647720846055,0.983113169670105
21,1,7,0.35087844729423523,0.10273587703704834,0.4452062943589838,0.11254542661025126,0.9891619086265564
21,1,8,0.28723666071891785,0.14562146365642548,0.3602924419330198,0.13305260143545058,0.9916656613349915
21,1,9,0.3504388928413391,0.19807980954647064,0.41068724321014716,0.1691851334639034,0.9903477430343628
21,1,10,0.316246896982193,0.193922758102417,0.3759609394549627,0.17405343928187633,0.987912654876709
21,1,11,0.7099483013153076,0.17469215393066406,0.6986207775159188,0.1754973375929088,0.998377799987793
21,1,12,0.37361398339271545,0.22527694702148438,0.4019091095960704,0.2049921559398171,0.9983900189399719
21,1,13,0.7807368040084839,0.38494646549224854,0.7209297598841545,0.34241876176694497,0.7979806661605835
21,1,14,0.3261629343032837,0.39579999446868896,0.33599154234633394,0.35888662857113834,0.7602035999298096
21,1,15,0.702374279499054,0.4970897436141968,0.6272120940194685,0.4281203882635968,0.6315203309059143
21,1,16,0.32244443893432617,0.4873906672000885,0.31764019029081997,0.45185785442039905,0.7417109608650208
21,1,17,0.6889421343803406,0.5582584142684937,0.6051951684397817,0.47962876400916415,0.5849941372871399
21,1,18,0.3117406964302063,0.5237969756126404,0.3005985915599614,0.49218701719470065,0.7167414426803589
21,1,19,0.6226852536201477,0.5395755171775818,0.5638925737993475,0.4680558007464438,0.5890009999275208
21,1,20,0.3239377439022064,0.49154478311538696,0.30789172753866617,0.4766878092783526,0.7192778587341309
21,1,21,0.6354928612709045,0.5241318345069885,0.5638780167009053,0.45679943598060013,0.5911188125610352
21,1,22,0.34207630157470703,0.47618022561073303,0.32700146189672624,0.46232138542992496,0.7166672945022583
21,1,23,0.6461087465286255,0.5420807003974915,0.6229757908324215,0.5160578461997427,0.9832801818847656
21,1,24,0.3697187304496765,0.5425633788108826,0.4033061396466005,0.5122944832536741,0.9856852889060974
21,1,25,0.6306056976318359,0.742753803730011,0.46332642841558525,0.7298546481147431,0.8731017112731934
21,1,26,0.1309550553560257,0.6858086585998535,0.17139853029311758,0.6807570252773978,0.8011023998260498
21,1,27,0.6267902255058289,1.0702327489852905,0.4880755236573354,1.00728752352104,0.706966757774353
21,1,28,0.2020026445388794,0.9639247059822083,0.22547823983513443,0.9514530326621713,0.5369148850440979
21,1,29,0.6831493377685547,1.1119235754013062,0.5264830529917797,1.0453800973663376,0.685977041721344
21,1,30,0.3516432046890259,1.0632343292236328,0.318337550229634,1.0193913684868643,0.6045457124710083
21,1,31,0.5301423072814941,1.2124806642532349,0.3926825624003056,1.1262265822987234,0.5974278450012207
21,1,32,0.11985048651695251,1.143257975578308,0.11627979883236975,1.0852561684763613,0.4507082402706146
21,2,0,0.4827873408794403,0.18716663122177124,0.5544620600159743,0.16252587804069052,0.990666389465332
21,2,1,0.4976308047771454,0.1461048722267151,0.5680389952923101,0.1319122002884168,0.9863972663879395
21,2,2,0.5075337290763855,0.14067342877388,0.5768132035290294,0.13167269570121035,0.9889190793037415
21,2,3,0.5191746354103088,0.13828431069850922,0.5854596640517561,0.13182609404292073,0.9877507090568542
21,2,4,0.4636705815792084,0.15638256072998047,0.5354423642399384,0.1311422102505202,0.9838202595710754
21,2,5,0.4521661400794983,0.15231484174728394,0.5212972143079289,0.12924517765683155,0.984649658203125
21,2,6,0.43882328271865845,0.1501895934343338,0.5064536518392646,0.1278528832420815,0.9847838282585144
21,2,7,0.5230220556259155,0.11798355728387833,0.5798920740874384,0.1365126714575272,0.9902209043502808
21,2,8,0.4129181206226349,0.15822526812553406,0.469835031274801,0.1358348488009657,0.992489755153656
21,2,9,0.497929185628891,0.22365577518939972,0.5580338518669987,0.19231812703181728,0.9912963509559631
21,2,10,0.4552268981933594,0.21526341140270233,0.517115431576536,0.18948657699013116,0.9891131520271301
21,2,11,0.5999512672424316,0.23458734154701233,0.6681173973449421,0.26950991791766665,0.9984561800956726
21,2,12,0.3080984354019165,0.2584652304649353,0.3217437979510618,0.2661810877740912,0.9985324740409851
21,2,13,0.6868715882301331,0.46103841066360474,0.7424753600967767,0.45410174790637087,0.8054744005203247
21,2,14,0.2053053379058838,0.45795708894729614,0.21154683437455654,0.47362104066048966,0.7834437489509583
21,2,15,0.7410271763801575,0.40367835760116577,0.7070291408788094,0.362187073614048,0.6504341959953308
21,2,16,0.34394630789756775,0.5484364628791809,0.3950953823373971,0.5340944169422489,0.7645062208175659
21,2,17,0.7614190578460693,0.38588857650756836,0.723598378829913,0.3371452051502874,0.6006516218185425
21,2,18,0.38222652673721313,0.5949064493179321,0.44602493881747823,0.5713734385529624,0.7381386756896973
21,2,19,0.6994526386260986,0.4456818997859955,0.6915019735155831,0.3279170139329524,0.6049122214317322
21,2,20,0.4181602895259857,0.5502678155899048,0.48767995847720214,0.5468162603888337,0.7406266331672668
21,2,21,0.6639731526374817,0.46513789892196655,0.6834493386324652,0.34157922278294356,0.6072219014167786
21,2,22,0.40835505723953247,0.5342807769775391,0.4752604173196614,0.5338736238666253,0.737759530544281
21,2,23,0.5220136642456055,0.6540868878364563,0.5387643864859538,0.6394982770665788,0.9815114140510559
21,2,24,0.2999763786792755,0.6373712420463562,0.3263413028050038,0.6271769040984735,0.9849492907524109
21,2,25,0.7484925389289856,0.7437461614608765,0.5536288406851506,0.6153035646637594,0.852977991104126
21,2,26,0.22282131016254425,0.7766291499137878,0.32024266458590006,0.6589429246092317,0.8104957938194275
21,2,27,0.414659321308136,1.2002328634262085,0.33250904365469736,1.004398106198394,0.6649980545043945
21,2,28,0.2267068475484848,1.075442910194397,0.4356478734108827,0.9545137452097376,0.5281020402908325
21,2,29,0.5085594654083252,1.111944556236267,0.3213729250469014,1.0220815630045865,0.6589422821998596
21,2,30,0.3837488889694214,1.1212270259857178,0.5242644623461302,0.9862342147925475,0.5897328853607178
21,2,31,0.34204521775245667,1.2455562353134155,0.2588182844793112,1.1247646120937436,0.5626309514045715
21,2,32,0.3830943703651428,1.2625269889831543,0.5616539048293357,1.0835597809847617,0.43633079528808594
22,1,0,0.47136780619621277,0.12121186405420303,0.3641046437397064,0.149363414960141,0.990247368812561
22,1,1,0.5000798106193542,0.09094317257404327,0.37200541252125957,0.12241074570074359,0.9855439066886902
22,1,2,0.5195888876914978,0.08623979985713959,0.38606327487629144,0.11925410004289885,0.9882473945617676
22,1,3,0.5391445159912109,0.08251424133777618,0.41262972969368267,0.11489345494670197,0.9871147274971008
22,1,4,0.4585292339324951,0.10158777236938477,0.3466174731314948,0.1305631858063683,0.9829328656196594
22,1,5,0.4452683627605438,0.10204412788152695,0.3401603975870027,0.1309887927920617,0.9836103320121765
22,1,6,0.43213242292404175,0.10310681164264679,0.33173549417195536,0.13155157413524574,0.9839593172073364
22,1,7,0.6013814210891724,0.07365845143795013,0.4723780373733378,0.10580347279796816,0.9897138476371765
22,1,8,0.45081862807273865,0.10118057578802109,0.3760115372504583,0.12752801871057964,0.9921267032623291
22,1,9,0.5292437672615051,0.13683518767356873,0.4312908637294487,0.16357762836583112,0.9910730123519897
22,1,10,0.4741826355457306,0.14316287636756897,0.3930202408646764,0.16869913733835248,0.9884764552116394
22,1,11,0.7849606871604919,0.1402004063129425,0.7136111410452036,0.16937845763359305,0.9985446929931641
22,1,12,0.3927467167377472,0.1771344244480133,0.40032201351157526,0.2001639786626345,0.9983928799629211
22,1,13,0.8429676294326782,0.36063456535339355,0.7421407330439641,0.3455749394034186,0.773064136505127
22,1,14,0.3239658772945404,0.35275256633758545,0.3339082994155378,0.3578241960811781,0.7178022265434265
22,1,15,0.7519232034683228,0.4860855042934418,0.6488895277804501,0.43817576935942615,0.6069144606590271
22,1,16,0.34751635789871216,0.4260900020599365,0.3228185259764888,0.44739217057110664,0.7129277586936951
22,1,17,0.7628199458122253,0.5287207365036011,0.6326206908229799,0.48814263588337276,0.5649999380111694
22,1,18,0.34484225511550903,0.46692898869514465,0.308270511369032,0.4878097558994931,0.6932107210159302
22,1,19,0.7094202041625977,0.5123862028121948,0.5892040882457151,0.47574278513974716,0.5703290104866028
22,1,20,0.3554043173789978,0.4339478611946106,0.3161312860088788,0.46927700433560826,0.6959384083747864
22,1,21,0.6924505233764648,0.4951133728027344,0.5862292222194179,0.4634419516013608,0.5741374492645264
22,1,22,0.37424907088279724,0.42176395654678345,0.335195001472233,0.4552894739803999,0.6966345906257629
22,1,23,0.7329974174499512,0.5210215449333191,0.6420913362270613,0.516917542023382,0.9823417067527771
22,1,24,0.4178394675254822,0.5306745767593384,0.4058239858438784,0.5154791376934172,0.9856097102165222
22,1,25,0.7279711365699768,0.7686880230903625,0.5095196525480077,0.7365872980442214,0.8506200313568115
22,1,26,0.16962742805480957,0.7035746574401855,0.17109181046390282,0.6847110796901645,0.8062142729759216
22,1,27,0.5613440275192261,1.1281226873397827,0.5007915369698805,1.0282886491612164,0.6344821453094482
22,1,28,0.24573583900928497,1.0181342363357544,0.22898839387740386,0.9630234068757493,0.5057821273803711
22,1,29,0.5797497630119324,1.1605048179626465,0.5357221651385033,1.0653853377177638,0.6204681396484375
22,1,30,0.38452380895614624,1.1447557210922241,0.32982186370659056,1.0411825885015,0.5611475110054016
22,1,31,0.5487419962882996,1.284173607826233,0.41983440517217274,1.153708246451584,0.5231639742851257
22,1,32,0.20594263076782227,1.2563118934631348,0.13184857428130334,1.1150302414365374,0.40869781374931335
22,2,0,0.5063521265983582,0.14175352454185486,0.5461187453091504,0.15892646997103693,0.9909710884094238
22,2,1,0.525222659111023,0.10756133496761322,0.56061489115533,0.1276922579204114,0.9866991639137268
22,2,2,0.5366958975791931,0.10265053808689117,0.5698576603431389,0.12664252436056644,0.9891386032104492
22,2,3,0.547831654548645,0.09832537174224854,0.5789362044434386,0.12601890863737245,0.9880906343460083
22,2,4,0.49291670322418213,0.1164737194776535,0.5280687259143799,0.12860093825239463,0.9843119382858276
22,2,5,0.48142334818840027,0.11665854603052139,0.5143839296652489,0.12706471786591614,0.9848927855491638
22,2,6,0.47056320309638977,0.1172446608543396,0.5002317530366529,0.1260152647094419,0.9852206110954285
22,2,7,0.5605277419090271,0.08699492365121841,0.5765367798577339,0.12792488252667675,0.9904787540435791
22,2,8,0.44743573665618896,0.11817145347595215,0.46595350980928263,0.1327744425208955,0.9926750063896179
22,2,9,0.5285359621047974,0.1598777025938034,0.5529211369906384,0.18669491917790765,0.9916795492172241
22,2,10,0.48680731654167175,0.16757851839065552,0.5118621553577553,0.18569024561134626,0.9894471168518066
22,2,11,0.641380786895752,0.2418820559978485,0.6634836684853704,0.2647216047020323,0.9984065890312195
22,2,12,0.3221469521522522,0.2303280532360077,0.3218136132815115,0.25996569995861707,0.9984581470489502
22,2,13,0.7118426561355591,0.4629913866519928,0.7371657745154759,0.45564158431177776,0.7724742889404297
22,2,14,0.19872234761714935,0.4426305294036865,0.20932515200030805,0.4682493905786207,0.7438632249832153
22,2,15,0.6750064492225647,0.5258017778396606,0.7014784123137634,0.3906597030976269,0.6174479126930237
22,2,16,0.33394306898117065,0.4952368140220642,0.3844861007144286,0.5273575586903112,0.7379341125488281
22,2,17,0.6270342469215393,0.4199000895023346,0.7068278601313176,0.35151164092394005,0.5714602470397949
22,2,18,0.3756564259529114,0.5395838022232056,0.43381334629851664,0.5658631449318774,0.7161955833435059
22,2,19,0.64643394947052,0.4698229432106018,0.683686964798364,0.3525959296063108,0.5765877366065979
22,2,20,0.3845960199832916,0.5029333829879761,0.4697734968161996,0.5392070069000798,0.718711256980896
22,2,21,0.6053557395935059,0.48649510741233826,0.6698941315998876,0.36678385624618676,0.5828217267990112
22,2,22,0.3818640410900116,0.4917038381099701,0.4590414648762214,0.5265617947821786,0.7192966341972351
22,2,23,0.5822815895080566,0.6481925249099731,0.5463101498224643,0.641004259905009,0.9798035621643066
22,2,24,0.33903902769088745,0.6511338353157043,0.32854101556200876,0.6313285313753964,0.9824829697608948
22,2,25,0.9013203978538513,0.8252506256103516,0.614467532492299,0.651889605016656,0.8271423578262329
22,2,26,0.28750747442245483,0.9399579763412476,0.3145682686200317,0.7080171399674356,0.7950291037559509
22,2,27,0.5804960131645203,1.2371715307235718,0.3757729409308753,1.044989741022179,0.5865924954414368
22,2,28,0.2903004288673401,1.3734467029571533,0.4103673329449169,1.0279725878375274,0.4838615655899048
22,2,29,0.498201847076416,1.2681362628936768,0.35215739949000363,1.0650058968013583,0.5776452422142029
22,2,30,0.33354800939559937,1.422652244567871,0.49104843592218433,1.0627986664145839,0.5200889706611633
22,2,31,0.6023263931274414,1.4479914903640747,0.3189170432093061,1.1812811160171302,0.4837533235549927
22,2,32,0.3516733944416046,1.5710057020187378,0.5250617706275318,1.169205281704046,0.3832356929779053
23,2,0,0.5957561731338501,0.15917372703552246,0.5547272869399401,0.15896928798789464,0.9918659925460815
23,2,1,0.6080488562583923,0.13186776638031006,0.5688407514829822,0.1284154246606822,0.9880088567733765
23,2,2,0.6167072057723999,0.13326096534729004,0.5779820313441769,0.12778887275913386,0.9902088046073914
23,2,3,0.6247715950012207,0.13490289449691772,0.5868844666455166,0.12755776581519512,0.9892536997795105
23,2,4,0.5726993680000305,0.12695521116256714,0.5358077911401944,0.12831593252157486,0.9858632683753967
23,2,5,0.5566573143005371,0.12477599829435349,0.5217137235857036,0.12666835153194822,0.9863916039466858
23,2,6,0.5391438007354736,0.12281191349029541,0.5069780447623956,0.12546048485742786,0.9866864085197449
23,2,7,0.6145975589752197,0.14602065086364746,0.5831353222994186,0.13106024298620225,0.9913965463638306
23,2,8,0.49495816230773926,0.13035637140274048,0.4709806377038093,0.13235567304927762,0.9934040904045105
23,2,9,0.594969630241394,0.18769967555999756,0.5602118909350926,0.1868689188522986,0.9925064444541931
23,2,10,0.5535374879837036,0.1858384609222412,0.5190881246828918,0.18571591228532622,0.990500271320343
23,2,11,0.6863361597061157,0.2790341377258301,0.66744376272969,0.26720118142713023,0.9984931945800781
23,2,12,0.3272653818130493,0.26928213238716125,0.3227578545037036,0.26157948479190846,0.9985991716384888
23,2,13,0.8423452377319336,0.3808712959289551,0.755437302928728,0.4426644621925693,0.7754158973693848
23,2,14,0.2194795310497284,0.48390254378318787,0.21108412963721926,0.4709613332044551,0.7685626149177551
23,2,15,0.9107931852340698,0.3369036316871643,0.737953439747588,0.3813357523093771,0.6003353595733643
23,2,16,0.43572747707366943,0.5237166285514832,0.3933732501801131,0.5267269870982102,0.7607975006103516
23,2,17,0.9267730712890625,0.30910158157348633,0.7451675778882578,0.34415813616123003,0.5543577671051025
23,2,18,0.4975774586200714,0.5557034015655518,0.44487653638365177,0.5641032375711813,0.7379628419876099
23,2,19,0.923008143901825,0.3039472699165344,0.7254282660103482,0.3441591709993959,0.5613985657691956
23,2,20,0.5297482013702393,0.5371454358100891,0.4801780418108097,0.5388499809242914,0.7407392263412476
23,2,21,0.8959540724754333,0.30909356474876404,0.7093069073313751,0.35677636099596793,0.5727294683456421
23,2,22,0.5166758894920349,0.5278440713882446,0.46903931452121234,0.5267838560464395,0.7400596141815186
23,2,23,0.5370132923126221,0.6263175010681152,0.5446997567790053,0.6384598204534175,0.9805970191955566
23,2,24,0.3355683386325836,0.6166237592697144,0.32975819891682984,0.6287809699706206,0.9824665188789368
23,2,25,0.4632262587547302,0.598623514175415,0.5881586939418084,0.6426508039398482,0.8364627957344055
23,2,26,0.45004522800445557,0.5855562686920166,0.33812425435324417,0.6867327996221029,0.8081489205360413
23,2,27,0.2926355004310608,0.9605942964553833,0.3613401656930568,1.0303380903923753,0.6177588105201721
23,2,28,0.5696465969085693,0.8866180777549744,0.43808106327528484,1.003390981599127,0.5027351379394531
23,2,29,0.26111727952957153,0.999032199382782,0.3363489680764375,1.0535586621263973,0.6064839363098145
23,2,30,0.5903106927871704,0.9133312106132507,0.5082887729069638,1.0368000090776337,0.545665979385376
23,2,31,0.2328679859638214,1.1083396673202515,0.30397763357275503,1.168622341545219,0.5149925351142883
23,2,32,0.6151010394096375,1.0392520427703857,0.5406958833918061,1.1466143197860073,0.4026469886302948
24,1,0,0.44239217042922974,0.18706782162189484,0.38725605542067515,0.16050361752877193,0.9921315908432007
24,1,1,0.4418196678161621,0.15558341145515442,0.3926472596428944,0.13221102233845272,0.9884928464889526
24,1,2,0.45625174045562744,0.15126179158687592,0.40681593728246074,0.12870996457409087,0.9906771779060364
24,1,3,0.4706311821937561,0.14716579020023346,0.4297745028520481,0.12442755675369346,0.9898119568824768
24,1,4,0.3857896625995636,0.14058344066143036,0.3581916997108919,0.1335219973871209,0.9863075017929077
24,1,5,0.3813381791114807,0.14132113754749298,0.3523277493409267,0.13403978005122916,0.9867261052131653
24,1,6,0.35777589678764343,0.1391005665063858,0.3394274583562506,0.13378054352027366,0.9870124459266663
24,1,7,0.5247130990028381,0.1348407119512558,0.48784597174625555,0.114381234443184,0.9918532371520996
24,1,8,0.41602465510368347,0.1550191044807434,0.38783445790165394,0.13564876821208502,0.9934839606285095
24,1,9,0.5030070543289185,0.1942628175020218,0.4524959585027149,0.17264253323407394,0.9930033087730408
24,1,10,0.46412959694862366,0.20392794907093048,0.4140456193546231,0.17910733495089404,0.9907950758934021
24,1,11,0.7809622883796692,0.21823984384536743,0.733523705639463,0.1838186220324423,0.9986301064491272
24,1,12,0.4189136326313019,0.23057694733142853,0.40581282642153405,0.2091484129940926,0.9986042380332947
24,1,13,0.8717591166496277,0.3857705891132355,0.7805148510871668,0.35745186115739297,0.7808416485786438
24,1,14,0.390830397605896,0.3865736722946167,0.3507336444308825,0.36631691254960685,0.706541121006012
24,1,15,0.8010050654411316,0.49949735403060913,0.693946175682049,0.4563033019177719,0.5976232290267944
24,1,16,0.360607385635376,0.37397098541259766,0.33398371079636746,0.4256821794570404,0.7256788611412048
24,1,17,0.8010878562927246,0.5427690148353577,0.6825384933846935,0.5042886214605539,0.5576747059822083
24,1,18,0.342378705739975,0.37831640243530273,0.31834739501972587,0.4554081180816809,0.709563136100769
24,1,19,0.7664843797683716,0.5184513330459595,0.6417432366254252,0.4883629180788715,0.5668767094612122
24,1,20,0.33272573351860046,0.35197198390960693,0.32103205377048627,0.4345577898563385,0.713210940361023
24,1,21,0.7550215125083923,0.503538966178894,0.6362436316788858,0.475289714203563,0.5743339657783508
24,1,22,0.3538869321346283,0.3536166250705719,0.3407154623171676,0.42520720231457154,0.7148951888084412
24,1,23,0.7506246566772461,0.5329582691192627,0.6742083334912002,0.5216547179679561,0.9810440540313721
24,1,24,0.5234021544456482,0.5149196982383728,0.4406242751840458,0.5153139789778897,0.9823594093322754
24,1,25,0.7179113030433655,0.7363680601119995,0.5713210700831777,0.7365225746780797,0.8463611602783203
24,1,26,0.2892114222049713,0.6850939989089966,0.20605273702578722,0.6848241253612167,0.811201810836792
24,1,27,0.7755058407783508,1.047306776046753,0.5823782219777245,1.0339054965238113,0.62436842918396
24,1,28,0.3674158751964569,0.9797270894050598,0.2699781113156489,0.9679564409348255,0.5022587180137634
24,1,29,0.8127323389053345,1.0874104499816895,0.6179948878443784,1.0718907007616383,0.5782506465911865
24,1,30,0.4667048454284668,1.0669147968292236,0.3703529173034098,1.0487834931489133,0.523691713809967
24,1,31,0.7250190377235413,1.1752620935440063,0.510530218004352,1.160074362916502,0.5056305527687073
24,1,32,0.3078083395957947,1.154478669166565,0.1839944515564827,1.1266862190708533,0.3910749554634094
24,2,0,0.6083521246910095,0.1889173537492752,0.5640284811970356,0.16416008673242483,0.9929049015045166
24,2,1,0.6052126288414001,0.15757539868354797,0.5751461684143172,0.13346950594054255,0.9896281361579895
24,2,2,0.6084932088851929,0.15600942075252533,0.583270509315035,0.1326799919542079,0.9915943145751953
24,2,3,0.6118103265762329,0.1544843316078186,0.5912041220972902,0.13222443330067052,0.9908137321472168
24,2,4,0.5807111859321594,0.14719794690608978,0.5435942226997041,0.1315876018560965,0.9876644611358643
24,2,5,0.5674273371696472,0.14569197595119476,0.5296408443361361,0.12996457149349505,0.9880430698394775
24,2,6,0.5513747334480286,0.14288192987442017,0.514676496755571,0.1284789501550592,0.988304078578949
24,2,7,0.5983726978302002,0.15166924893856049,0.5857751953041181,0.134631329299935,0.9926435351371765
24,2,8,0.5073822736740112,0.15973997116088867,0.47729122545752145,0.13710173650792343,0.9941315054893494
24,2,9,0.6076325178146362,0.21157662570476532,0.568435446206218,0.19115074908179594,0.9936915636062622
24,2,10,0.5726406574249268,0.2124578058719635,0.5283767652307024,0.19035054938606308,0.9917106032371521
24,2,11,0.7230221033096313,0.26945340633392334,0.677084369137938,0.26759122706944966,0.9985221028327942
24,2,12,0.3739440441131592,0.26948466897010803,0.3316354401548625,0.26294875634576426,0.9987281560897827
24,2,13,0.774418294429779,0.485302597284317,0.7587261303372348,0.45005759547606766,0.752180814743042
24,2,14,0.3172709047794342,0.45748162269592285,0.2295312396526287,0.46862609547092976,0.7352659106254578
24,2,15,0.6715626120567322,0.538185179233551,0.7264336315877818,0.40862560664597264,0.5730451941490173
24,2,16,0.45120829343795776,0.4857550859451294,0.4034059783770572,0.5196231141213157,0.7492915391921997
24,2,17,0.6396929621696472,0.577448844909668,0.7268447538762899,0.3848403902439692,0.5367826819419861
24,2,18,0.48974645137786865,0.5191347599029541,0.45265714828442827,0.5563054879747474,0.7309727668762207
24,2,19,0.6422171592712402,0.5429052710533142,0.7109826627245521,0.3787818654997629,0.5466855764389038
24,2,20,0.5311133861541748,0.49688830971717834,0.4890120336037128,0.5315742805955903,0.7344365119934082
24,2,21,0.6323186159133911,0.5310574173927307,0.6959440763847552,0.3871149463906752,0.5549253225326538
24,2,22,0.5201727747917175,0.48129063844680786,0.47790772146755045,0.5188949876684972,0.7352086901664734
24,2,23,0.6350789666175842,0.6576077342033386,0.560393301552569,0.6417775874058949,0.9775434136390686
24,2,24,0.46226686239242554,0.6350973844528198,0.3527961644227395,0.6298749958363724,0.9818101525306702
24,2,25,0.6375946402549744,0.6483582258224487,0.596732435937692,0.6436393398728745,0.8392325043678284
24,2,26,0.32526645064353943,0.6553314328193665,0.3358967935464796,0.6812899250576362,0.8213659524917603
24,2,27,0.5243403911590576,1.0115357637405396,0.3897054726305198,1.0270802773799692,0.6235396862030029
24,2,28,0.5464433431625366,0.9960585236549377,0.45690699396500944,1.002120965253993,0.5050516724586487
24,2,29,0.4202820360660553,1.0439262390136719,0.3509205016025889,1.0518901402110448,0.5946900844573975
24,2,30,0.5871694087982178,1.0178635120391846,0.5219808274087879,1.0335189832414937,0.5390044450759888
24,2,31,0.47956582903862,1.1671892404556274,0.3345452000548708,1.1683741633913753,0.5055885910987854
24,2,32,0.6441597938537598,1.0289568901062012,0.5586682994692397,1.126168162919936,0.3914072811603546
25,1,0,0.32250845432281494,0.16313719749450684,0.3760218611207441,0.1609597129799517,0.9933838248252869
25,1,1,0.2982156276702881,0.13594232499599457,0.37624806729868293,0.13285724760921255,0.9904412031173706
25,1,2,0.3375353217124939,0.1335347294807434,0.3947935884895369,0.12954559424561668,0.9922825694084167
25,1,3,0.34586289525032043,0.13051225244998932,0.4152068338368672,0.12548144122727342,0.9915832877159119
25,1,4,0.2741490304470062,0.14686498045921326,0.3436012007504871,0.13583353963563655,0.9884535670280457
25,1,5,0.2703654170036316,0.14682669937610626,0.33809930091598533,0.13625495265640414,0.9887495040893555
25,1,6,0.2671813368797302,0.14595948159694672,0.32688936435498556,0.1358903525165744,0.9889344573020935
25,1,7,0.3866615891456604,0.1048487052321434,0.47027054444342764,0.11273000689743168,0.9932881593704224
25,1,8,0.31203603744506836,0.13880906999111176,0.37467848738143494,0.1361960923833832,0.9944802522659302
25,1,9,0.4203680753707886,0.18050409853458405,0.4469269856426583,0.17400424894291233,0.994232714176178
25,1,10,0.3819080591201782,0.1915300041437149,0.40847496503933944,0.18125938286888602,0.9922006130218506
25,1,11,0.782784640789032,0.17670801281929016,0.742066911437546,0.18258700995671365,0.9986568689346313
25,1,12,0.3940041661262512,0.19407129287719727,0.40376718569264325,0.20653631595578542,0.9986412525177002
25,1,13,0.844947874546051,0.3948916494846344,0.7916944576489562,0.36394264309062946,0.7654561996459961
25,1,14,0.3544877767562866,0.37067726254463196,0.35138382457082235,0.3670720980152891,0.679295539855957
25,1,15,0.7726903557777405,0.5143238306045532,0.7076147913509165,0.4663683102476581,0.5829344987869263
25,1,16,0.34996330738067627,0.37016451358795166,0.3367522430987934,0.4160521043631789,0.708780825138092
25,1,17,0.7722684144973755,0.5606410503387451,0.6981192109573783,0.5140637728897055,0.5463377833366394
25,1,18,0.3472778797149658,0.3813345730304718,0.3233616761293601,0.4425521804735098,0.6970272660255432
25,1,19,0.7427101731300354,0.5375279188156128,0.6592810362348427,0.4968894612911812,0.558070957660675
25,1,20,0.32671844959259033,0.351904958486557,0.3220169409556791,0.4202091589128023,0.7019574642181396
25,1,21,0.7271991968154907,0.5191914439201355,0.6520377250787319,0.4829022594511209,0.5635574460029602
25,1,22,0.343280553817749,0.34942954778671265,0.34115969599254975,0.41205482870274734,0.705030620098114
25,1,23,0.7452031970024109,0.5411988496780396,0.6865288557801643,0.5250411787568928,0.9783093333244324
25,1,24,0.4884188771247864,0.5114110708236694,0.4489128132673207,0.5146380304699637,0.9814373850822449
25,1,25,0.7325587868690491,0.7702143788337708,0.5993785583502409,0.7423629170088214,0.8337910175323486
25,1,26,0.2864573299884796,0.7011615633964539,0.22001012942109374,0.6876546802656979,0.8070961236953735
25,1,27,0.7845345139503479,1.0998857021331787,0.6175990100762204,1.0453540278004547,0.6096353530883789
25,1,28,0.41127583384513855,1.0030266046524048,0.294550673771786,0.9740359723684796,0.48414525389671326
25,1,29,0.802505612373352,1.1401889324188232,0.6501245065958742,1.0837422679335624,0.5698296427726746
25,1,30,0.5162577629089355,1.0999599695205688,0.39573020197693,1.0576594134155122,0.5063039064407349
25,1,31,0.7716525793075562,1.227000117301941,0.5561045758300517,1.1716873125085643,0.4829646050930023
25,1,32,0.3726702034473419,1.204949140548706,0.21685288387923046,1.1402710007761871,0.3688170611858368
25,2,0,0.6207498908042908,0.17411091923713684,0.5738676969268167,0.16588379576107617,0.9940412640571594
25,2,1,0.6268308162689209,0.14614376425743103,0.5841103262881815,0.13566515335528403,0.9913930892944336
25,2,2,0.6361754536628723,0.14582596719264984,0.5924466512471773,0.13495739020108233,0.9930499196052551
25,2,3,0.6430208086967468,0.1452864110469818,0.6001912177145217,0.1344872739958656,0.9924209713935852
25,2,4,0.5955118536949158,0.14879350364208221,0.5525988527521184,0.1345687025596964,0.9896053075790405
25,2,5,0.5798664093017578,0.1473398506641388,0.5383515602459277,0.1329750338779923,0.9898718595504761
25,2,6,0.5653481483459473,0.14570945501327515,0.5234646969489989,0.13146431572987302,0.9900394082069397
25,2,7,0.6319549679756165,0.12460681051015854,0.5937832732643283,0.13289485252251618,0.9939500093460083
25,2,8,0.5198945999145508,0.14916300773620605,0.4846783247986211,0.13919115349245423,0.9950311779975891
25,2,9,0.6258963942527771,0.2007163166999817,0.578403175024673,0.19280770208532513,0.994804859161377
25,2,10,0.5837447047233582,0.205098956823349,0.5379808170402653,0.19290567500322786,0.9929789304733276
25,2,11,0.7563949227333069,0.27084457874298096,0.6908513620549396,0.26815466721914805,0.9985331296920776
25,2,12,0.38937681913375854,0.2432941049337387,0.34165191293713587,0.2595431345004954,0.9987688064575195
25,2,13,0.7926928400993347,0.5058298110961914,0.7646141760080954,0.4597318961101638,0.7605557441711426
25,2,14,0.31199076771736145,0.44165030121803284,0.24384622558140198,0.46395088833762477,0.7106366753578186
25,2,15,0.7601020336151123,0.5320894718170166,0.732269943942335,0.4300854241677745,0.5928983688354492
25,2,16,0.4668237268924713,0.49304917454719543,0.41440899776988716,0.515017607882018,0.7337960004806519
25,2,17,0.7506661415100098,0.5130754709243774,0.7309729013996166,0.4071327699652057,0.555117666721344
25,2,18,0.5183355212211609,0.5330197215080261,0.46405314583720386,0.5522702509886124,0.7183936238288879
25,2,19,0.712495744228363,0.48068323731422424,0.7112446981608289,0.39648245743683647,0.5660538673400879
25,2,20,0.5500293374061584,0.50914067029953,0.49959780406264165,0.5276868142447283,0.7228639721870422
25,2,21,0.7024194598197937,0.49237900972366333,0.6970656498477535,0.4054014577866841,0.5691591501235962
25,2,22,0.5349513292312622,0.49369874596595764,0.48780292590361934,0.5145284290336088,0.7248154282569885
25,2,23,0.6539982557296753,0.6635274887084961,0.5766485585387816,0.645546496620315,0.9772673845291138
25,2,24,0.4503142833709717,0.6467817425727844,0.3697329768946395,0.6328042377413381,0.982235848903656
25,2,25,0.7256001830101013,0.6224472522735596,0.619135315617999,0.6399671771415113,0.8430287837982178
25,2,26,0.2706344425678253,0.6148006319999695,0.3245730760846308,0.6697530131631806,0.8233693838119507
25,2,27,0.40026843547821045,0.9515425562858582,0.39153526985418263,1.013969791458304,0.6304584741592407
25,2,28,0.5609630942344666,0.9529422521591187,0.4749825660129885,0.9935922323599427,0.5161474943161011
25,2,29,0.3311931788921356,0.9695590734481812,0.34750230818909694,1.0375976379786973,0.5971400737762451
25,2,30,0.6421513557434082,0.9754289984703064,0.5428658192204916,1.0234421569753416,0.5378246903419495
25,2,31,0.2934494614601135,1.0352336168289185,0.3274199559364377,1.1452261785566362,0.5099719762802124
25,2,32,0.749616801738739,1.0400892496109009,0.591924353428101,1.1112236424417874,0.3991468846797943
26,1,0,0.3329440951347351,0.19649532437324524,0.3685523964982189,0.16712001861157552,0.99410480260849
26,1,1,0.3230491280555725,0.16910754144191742,0.3670208271963472,0.13914158121462464,0.991815984249115
26,1,2,0.33039578795433044,0.1635875552892685,0.38362018694031463,0.13544670062728098,0.9933518171310425
26,1,3,0.33687323331832886,0.15756681561470032,0.4016098042586458,0.13104305044016562,0.9927989840507507
26,1,4,0.2823875844478607,0.1817837655544281,0.3329812727569518,0.14380176822653618,0.9897562265396118
26,1,5,0.2854282855987549,0.1803896725177765,0.3289637673347698,0.14390793739960128,0.9898254871368408
26,1,6,0.2883787751197815,0.17885321378707886,0.32021272510857146,0.14333987439202883,0.9900209903717041
26,1,7,0.4506160020828247,0.12828758358955383,0.46686493998470463,0.11542538447035634,0.9943342208862305
26,1,8,0.3477672338485718,0.15203692018985748,0.37001447122704667,0.13894056819977793,0.9952105283737183
26,1,9,0.4468284547328949,0.20590490102767944,0.44690992294445336,0.17953380900742302,0.995065450668335
26,1,10,0.41879725456237793,0.21670500934123993,0.4102630396490967,0.18740407258243755,0.9930323362350464
26,1,11,0.786236584186554,0.18138746917247772,0.7497259809453336,0.18237927719103997,0.998619794845581
26,1,12,0.41849905252456665,0.1724056601524353,0.406319443049829,0.20061982540803946,0.9985025525093079
26,1,13,0.7477816343307495,0.40490660071372986,0.7840800573240798,0.3710451467730939,0.7714837193489075
26,1,14,0.3189256191253662,0.3199736177921295,0.3457575360688526,0.3589044869381862,0.6645171046257019
26,1,15,0.48363009095191956,0.2990162670612335,0.6685667495520589,0.43724224563411757,0.6001894474029541
26,1,16,0.2316831350326538,0.3623555302619934,0.31849993154379536,0.4067384191545037,0.6830485463142395
26,1,17,0.4109139144420624,0.2942570745944977,0.6479555833310896,0.47574858254687563,0.5584001541137695
26,1,18,0.21923349797725677,0.3930227756500244,0.30527333920376765,0.43396235436923414,0.6717697978019714
26,1,19,0.3960212767124176,0.2596791386604309,0.6133324578268409,0.45551913142468536,0.5682879686355591
26,1,20,0.23503774404525757,0.3682161867618561,0.3069153396697728,0.4111914031774949,0.6770095825195312
26,1,21,0.40902793407440186,0.2603963613510132,0.609649021161356,0.4441134107963315,0.5690533518791199
26,1,22,0.22182251513004303,0.33413398265838623,0.32041991796860486,0.3985295935814137,0.682159960269928
26,1,23,0.7428077459335327,0.5532017946243286,0.6962912435917329,0.5299219025632729,0.9791215062141418
26,1,24,0.5085641741752625,0.5212891101837158,0.45926122930102753,0.5157900333661478,0.9832932353019714
26,1,25,0.6848875880241394,0.8279029726982117,0.6142245965362785,0.7572140298624336,0.8337205052375793
26,1,26,0.2841823399066925,0.6991652846336365,0.2311443394981273,0.6896486694508949,0.774196445941925
26,1,27,0.5821753144264221,1.133588433265686,0.6114582738317925,1.0606742055616016,0.6082314252853394
26,1,28,0.49216586351394653,1.0692397356033325,0.32897511344280495,0.9905696533088039,0.48102274537086487
26,1,29,0.5898021459579468,1.1818315982818604,0.6396597462533985,1.1007785897821625,0.5856728553771973
26,1,30,0.5783510208129883,1.1111185550689697,0.42752843581552635,1.0669318685684919,0.5086080431938171
26,1,31,0.5474963188171387,1.2327828407287598,0.5546135395371483,1.1822867472257428,0.48711636662483215
26,1,32,0.3926728069782257,1.1919821500778198,0.2474608345798955,1.1492398170582594,0.3740461468696594
26,2,0,0.6349992156028748,0.18542958796024323,0.5844733264838894,0.16927054477590486,0.9946118593215942
26,2,1,0.6486025452613831,0.15961860120296478,0.5953001280603458,0.1398161773610175,0.992547333240509
26,2,2,0.6557892560958862,0.1589365303516388,0.6034366097006979,0.1391128695372868,0.9939278960227966
26,2,3,0.6636914610862732,0.15822197496891022,0.6112085792683398,0.13860036262578726,0.9934311509132385
26,2,4,0.6138497591018677,0.1610853224992752,0.5632252344398502,0.13916426675705246,0.9907056093215942
26,2,5,0.6000060439109802,0.16038420796394348,0.5490480886983629,0.13772541289514661,0.9907676577568054
26,2,6,0.5870850086212158,0.16003462672233582,0.5345029316604674,0.13641610801788542,0.9909623861312866
26,2,7,0.6607385277748108,0.14958025515079498,0.6054012907470581,0.135785724548261,0.9947890639305115
26,2,8,0.5496544241905212,0.15869557857513428,0.49595225252935726,0.1425707302270785,0.9956533908843994
26,2,9,0.6429828405380249,0.21213632822036743,0.589608184858827,0.19615679990421075,0.9954953193664551
26,2,10,0.6009618043899536,0.21386690437793732,0.5489079205319937,0.1965378347359172,0.993695855140686
26,2,11,0.7771497964859009,0.2717829942703247,0.7058344879863516,0.2687830555782176,0.9984900951385498
26,2,12,0.40666714310646057,0.2457227110862732,0.3529326561197111,0.25714884693929047,0.9986140131950378
26,2,13,0.78094482421875,0.508007824420929,0.7674435550907978,0.4681040054214581,0.7693997025489807
26,2,14,0.28934019804000854,0.45340415835380554,0.2517352423527826,0.46212392383420164,0.6975184679031372
26,2,15,0.5508684515953064,0.5084805488586426,0.7006855078066931,0.44369327716535956,0.6013491153717041
26,2,16,0.4661044180393219,0.5188264846801758,0.42337503988186026,0.515677269093855,0.7120801210403442
26,2,17,0.555652916431427,0.5213367938995361,0.700452906231008,0.4269776709992464,0.556470513343811
26,2,18,0.5182145833969116,0.5660464763641357,0.4734475792552619,0.5546568772160665,0.6984007358551025
26,2,19,0.5697436928749084,0.5029910802841187,0.6866368659019821,0.4149858847266696,0.5667752623558044
26,2,20,0.5550611019134521,0.5259742736816406,0.5092184268132706,0.5273902369557057,0.7031421065330505
26,2,21,0.5651471018791199,0.4918072819709778,0.6741308213748898,0.4204034322827613,0.5665166974067688
26,2,22,0.5366483926773071,0.5062893033027649,0.49627394329491487,0.5131012995153039,0.7069282531738281
26,2,23,0.6892307996749878,0.6686314344406128,0.5962105068179162,0.649546906930958,0.9674601554870605
26,2,24,0.47165554761886597,0.6501443386077881,0.3874371014863471,0.6358086012579323,0.9797115921974182
26,2,25,0.8212975859642029,0.7699491381645203,0.6543569919573339,0.6625642705079012,0.7989089488983154
26,2,26,0.28149983286857605,0.7141993045806885,0.3171043772811254,0.6774601406667755,0.7829136848449707
26,2,27,0.5454704761505127,1.094518780708313,0.4183158511238805,1.0279523882975685,0.5644000172615051
26,2,28,0.5141827464103699,1.15958833694458,0.4817788253994642,1.0224816855378498,0.46882060170173645
26,2,29,0.4881531596183777,1.1086784601211548,0.3719619933717783,1.049933112933905,0.5505045056343079
26,2,30,0.559083104133606,1.2213619947433472,0.5456755356802361,1.0579203996113766,0.49539971351623535
26,2,31,0.47106224298477173,1.2624216079711914,0.35240229011000956,1.1655926088101143,0.45261040329933167
26,2,32,0.5492773652076721,1.3294206857681274,0.5845296699925706,1.1492573114846025,0.3590872287750244
27,1,0,0.24740037322044373,0.2104089856147766,0.3474960458736794,0.1746261609970151,0.9945835471153259
27,1,1,0.240188866853714,0.18359564244747162,0.34497352167850914,0.1468500148563015,0.9925811290740967
27,1,2,0.24912169575691223,0.18042035400867462,0.3602348524993493,0.1432453536444743,0.9939156174659729
27,1,3,0.25856849551200867,0.17696338891983032,0.37673275833782366,0.13900608937140221,0.9934329390525818
27,1,4,0.22539177536964417,0.18401256203651428,0.3142896519521015,0.1507735225550291,0.990468442440033
27,1,5,0.2276541292667389,0.18134383857250214,0.31136646400769796,0.15039803958782164,0.9905748963356018
27,1,6,0.23016133904457092,0.17897115647792816,0.3045762335828978,0.14951678277035435,0.9907509088516235
27,1,7,0.3156896233558655,0.14114725589752197,0.44056690076395916,0.11988310497104102,0.9947514533996582
27,1,8,0.2861706614494324,0.15743939578533173,0.3554585801508537,0.14214580700102183,0.9954580068588257
27,1,9,0.32091590762138367,0.21537601947784424,0.42500887842295326,0.18574732219951937,0.9955856204032898
27,1,10,0.3141300082206726,0.2156773805618286,0.39356753426642394,0.19230434723025155,0.9933727383613586
27,1,11,0.7434864044189453,0.17381168901920319,0.7486452689165743,0.18089523999085305,0.99861079454422
27,1,12,0.40994352102279663,0.1875520795583725,0.40694709553123204,0.19835598620209774,0.9984670877456665
27,1,13,0.8054558038711548,0.4063025712966919,0.7877841097669697,0.37715718061674697,0.7824544310569763
27,1,14,0.43527141213417053,0.3766750991344452,0.3613004299907011,0.36198348397127217,0.6373165249824524
27,1,15,0.5774174928665161,0.6266462802886963,0.652739146543856,0.4702279864804835,0.6181351542472839
27,1,16,0.4674733281135559,0.4338153302669525,0.34441319766203754,0.4114311610241559,0.6543378233909607
27,1,17,0.6516842246055603,0.6836513876914978,0.6486013459100204,0.511975852783027,0.573542058467865
27,1,18,0.4337189197540283,0.46434566378593445,0.3276021871747576,0.4392286507076927,0.6447872519493103
27,1,19,0.5876153707504272,0.6792393326759338,0.6088755668792447,0.49452090667449466,0.5852046608924866
27,1,20,0.40663066506385803,0.4358525574207306,0.32423485380745753,0.41546514796177797,0.6502382755279541
27,1,21,0.5992450714111328,0.6590835452079773,0.607846799164303,0.4815800259194397,0.5836519002914429
27,1,22,0.4281567633152008,0.42434635758399963,0.33913716023989277,0.40300375948967115,0.6550909280776978
27,1,23,0.7523103356361389,0.5615473389625549,0.706008486879907,0.5354037107338453,0.9700132608413696
27,1,24,0.5069504976272583,0.5454954504966736,0.4675314744978001,0.5209387368142664,0.9808803200721741
27,1,25,0.7302362322807312,0.8476290106773376,0.6343848317117681,0.7729138174973212,0.7765097618103027
27,1,26,0.2713182270526886,0.7326244711875916,0.23810970122273395,0.6971004334307197,0.7505350708961487
27,1,27,0.6154844760894775,1.0999784469604492,0.6121555918928461,1.067488616787098,0.5394642353057861
27,1,28,0.5145198702812195,1.0776668787002563,0.3612854235374084,1.0056918497151652,0.44283777475357056
27,1,29,0.6329622268676758,1.1182606220245361,0.6384997203978776,1.1038075695987921,0.5301573276519775
27,1,30,0.5694586038589478,1.0943912267684937,0.4522116385255315,1.0716909620064803,0.4734633266925812
27,1,31,0.5928245782852173,1.240952491760254,0.5612383479196025,1.1924638959050178,0.43517327308654785
27,1,32,0.5522053837776184,1.2553035020828247,0.30071699885728775,1.1676655542297762,0.34114205837249756
27,2,0,0.6548705101013184,0.18649841845035553,0.596689847319356,0.17225545429547862,0.995037317276001
27,2,1,0.6650640368461609,0.16113105416297913,0.6074065240271027,0.14350965636311283,0.9932224750518799
27,2,2,0.6721423864364624,0.1623046100139618,0.615359006186685,0.14313180114356758,0.9944132566452026
27,2,3,0.6796810626983643,0.16384904086589813,0.6230904103159298,0.14297601416425013,0.9939745664596558
27,2,4,0.6327953934669495,0.15689730644226074,0.5752979381220062,0.1422367483561243,0.9913391470909119
27,2,5,0.6171059608459473,0.15564928948879242,0.5608578265064575,0.14083097730436575,0.991433322429657
27,2,6,0.6023457646369934,0.154888316988945,0.5462752803509274,0.13961673146966913,0.9916107654571533
27,2,7,0.6645854711532593,0.16112060844898224,0.6156684932728312,0.14017632560657922,0.9951390027999878
27,2,8,0.5571599006652832,0.15696728229522705,0.5065711282871334,0.1450648712490554,0.9958701133728027
27,2,9,0.6538920402526855,0.21499352157115936,0.600761778692539,0.19942061659828564,0.9959246516227722
27,2,10,0.6138098835945129,0.21154651045799255,0.5601689668726886,0.19913807152912344,0.9939876198768616
27,2,11,0.7653357982635498,0.27578970789909363,0.7161568163093793,0.2699966579099687,0.9985080361366272
27,2,12,0.4094776511192322,0.2613479197025299,0.3627412485001333,0.2578760950690301,0.9985830783843994
27,2,13,0.827538251876831,0.5161686539649963,0.7778689960200951,0.4764394242530431,0.7768198251724243
27,2,14,0.3094983398914337,0.49451178312301636,0.26175550986110036,0.4677380121266625,0.6731519103050232
27,2,15,0.6495546698570251,0.6162270307540894,0.6918175220458668,0.4737261643293201,0.6162814497947693
27,2,16,0.515099823474884,0.542558491230011,0.43930287399638085,0.5203360700652286,0.687075674533844
27,2,17,0.6485944986343384,0.6559002995491028,0.6914585468417326,0.4668933341509455,0.5679144263267517
27,2,18,0.5538432598114014,0.5813436508178711,0.48740338807824624,0.5592819516322807,0.6758264303207397
27,2,19,0.5924818515777588,0.6718946099281311,0.6702858795549468,0.4598185931226108,0.5789651870727539
27,2,20,0.5785009264945984,0.5368386507034302,0.5212411070843691,0.5290268897494079,0.6806892156600952
27,2,21,0.6000238060951233,0.6594355702400208,0.6612691040825388,0.4620942771427492,0.576978862285614
27,2,22,0.5669271349906921,0.5245304703712463,0.5085349849362949,0.515081176500818,0.684185802936554
27,2,23,0.7103205323219299,0.7078099846839905,0.6160388550463928,0.6596540370189818,0.9644456505775452
27,2,24,0.4868320822715759,0.6857132911682129,0.4047008901719775,0.644463597226734,0.9796241521835327
27,2,25,0.9349469542503357,0.8466838598251343,0.7033571285017768,0.6946249313218001,0.737877368927002
27,2,26,0.3566274642944336,0.8343441486358643,0.3239567358885933,0.7047560355076797,0.7629684805870056
27,2,27,0.6030251383781433,1.0811736583709717,0.4504798958814255,1.0371835639710856,0.4964696168899536
27,2,28,0.5691011548042297,1.2280681133270264,0.4969400651751341,1.058303653063861,0.44929373264312744
27,2,29,0.597108781337738,1.078759789466858,0.41121472888724486,1.0549293999317333,0.49481460452079773
27,2,30,0.5851372480392456,1.2581799030303955,0.5525172318901964,1.092808758798197,0.47322317957878113
27,2,31,0.5587137341499329,1.2636386156082153,0.38835127427737437,1.1826214702139182,0.4023602306842804
27,2,32,0.6496967077255249,1.4331110715866089,0.5958367854236524,1.1988324530282128,0.34170109033584595
28,1,0,0.2188165783882141,0.2520456314086914,0.32512633050246187,0.18806415328951648,0.9953155517578125
28,1,1,0.2214525192975998,0.2129196971654892,0.32350384012454997,0.15831407887630725,0.9937116503715515
28,1,2,0.2366606444120407,0.20589257776737213,0.3387558903754423,0.15411445450612732,0.9948118925094604
28,1,3,0.2567276656627655,0.19898410141468048,0.35587636816449514,0.1494112571340058,0.9944376945495605
28,1,4,0.1938631534576416,0.22102482616901398,0.29335977894837034,0.16296468817699206,0.9918934106826782
28,1,5,0.18925710022449493,0.21822942793369293,0.290143051972959,0.1621684070073093,0.9919170141220093
28,1,6,0.18764986097812653,0.21548858284950256,0.2842568182248303,0.16096382859998928,0.9920514225959778
28,1,7,0.31164616346359253,0.1627698540687561,0.41815504177813834,0.1273194108555613,0.9955448508262634
28,1,8,0.22949135303497314,0.18266582489013672,0.33356214659951605,0.14917123839268567,0.9960983395576477
28,1,9,0.3067597448825836,0.25180113315582275,0.4044588032565655,0.19720862582872037,0.9962430000305176
28,1,10,0.26364633440971375,0.2597816288471222,0.3709811486019855,0.20401314408695426,0.9942739009857178
28,1,11,0.662872314453125,0.22486554086208344,0.7337536476427666,0.18851967450775015,0.9986460208892822
28,1,12,0.3251284658908844,0.21976594626903534,0.3927436638920059,0.202065951913272,0.9984508752822876
28,1,13,0.8898255825042725,0.41636237502098083,0.8055089682873392,0.3839543833123159,0.7960624098777771
28,1,14,0.317341685295105,0.4191513955593109,0.35367801842736635,0.37190031241825017,0.6138717532157898
28,1,15,0.7861643433570862,0.6161547899246216,0.6759370898712294,0.49560911552293796,0.6435017585754395
28,1,16,0.36228883266448975,0.4569360315799713,0.3475104071996182,0.41932204759827285,0.6295506954193115
28,1,17,0.7716014385223389,0.7076842784881592,0.6699800402256134,0.5460661023594889,0.5945298671722412
28,1,18,0.36092203855514526,0.48899683356285095,0.333378003889561,0.4478599246244594,0.6226181387901306
28,1,19,0.6380838751792908,0.7080406546592712,0.6139380302579939,0.5317334294316435,0.6062873005867004
28,1,20,0.35300156474113464,0.4607844948768616,0.329220721313269,0.423323806712645,0.6284620761871338
28,1,21,0.643117368221283,0.6865717172622681,0.6139611078908492,0.5172971915169393,0.60321044921875
28,1,22,0.3702045977115631,0.45365196466445923,0.34452215992135476,0.41178788057980764,0.6336694359779358
28,1,23,0.7545413970947266,0.5876618027687073,0.714425261334285,0.5444675010496629,0.9672975540161133
28,1,24,0.4884301722049713,0.5707732439041138,0.4711528000896282,0.5295815443846893,0.98065185546875
28,1,25,0.7598742246627808,0.8354789614677429,0.65619824628779,0.7837686669423454,0.7146814465522766
28,1,26,0.28079500794410706,0.7210164070129395,0.245511049873472,0.7012449584264814,0.7266651391983032
28,1,27,0.7278032302856445,1.1067006587982178,0.6322522816171379,1.074287021258128,0.46435603499412537
28,1,28,0.45116114616394043,1.075957179069519,0.3768915238817726,1.0178854778349622,0.41886523365974426
28,1,29,0.7620608806610107,1.1424777507781982,0.6599766643636612,1.1105119204343294,0.4709112048149109
28,1,30,0.527891993522644,1.1092643737792969,0.46534722362982056,1.0782049394044966,0.4512832462787628
28,1,31,0.731660783290863,1.229929804801941,0.5909022409029376,1.198959229081478,0.37621355056762695
28,1,32,0.3764035403728485,1.259151577949524,0.3138538380072316,1.1835518923699515,0.31940099596977234
28,2,0,0.6375790238380432,0.1910983771085739,0.6037793628273469,0.1755203463794696,0.9952634572982788
28,2,1,0.6554597020149231,0.1650342047214508,0.6157399527245081,0.14723949118017782,0.9937669038772583
28,2,2,0.6640816330909729,0.16567464172840118,0.623808701142458,0.14703820792053013,0.9947393536567688
28,2,3,0.6733880043029785,0.16645656526088715,0.6318136556559895,0.1470450295313417,0.9943655133247375
28,2,4,0.6214078664779663,0.16142475605010986,0.5832939002522972,0.14556146751752194,0.992240309715271
28,2,5,0.6069075465202332,0.15993249416351318,0.5688433336931464,0.14414070154954955,0.9922730326652527
28,2,6,0.5933958888053894,0.15878544747829437,0.5544467542724558,0.14293810603959453,0.9924728274345398
28,2,7,0.6615720391273499,0.1671072095632553,0.6236286185041827,0.1448437419215096,0.9952276349067688
28,2,8,0.5497017502784729,0.16059818863868713,0.5140497792128124,0.14775604389034072,0.9962397217750549
28,2,9,0.6368165016174316,0.21797581017017365,0.6070121739890336,0.20263562611033797,0.9959158897399902
28,2,10,0.5955106019973755,0.2146749347448349,0.5662956106546551,0.20182985890482835,0.9944989085197449
28,2,11,0.725534200668335,0.2855548858642578,0.7177811655114091,0.272692147161331,0.9979419112205505
28,2,12,0.3783632516860962,0.2723574936389923,0.36544779684753453,0.26038494077238605,0.9984643459320068
28,2,13,0.8831444978713989,0.5143654346466064,0.7961573135833322,0.483014591247662,0.7862352132797241
28,2,14,0.2540919780731201,0.5052910447120667,0.2604281080050306,0.4742484387493221,0.651675283908844
28,2,15,0.7427297234535217,0.5874429941177368,0.7006475024462702,0.49348610926820274,0.6299745440483093
28,2,16,0.4811079502105713,0.5353817343711853,0.446551397864049,0.5229427167681661,0.6637500524520874
28,2,17,0.6538698077201843,0.6320477724075317,0.6849419179689143,0.4956356488497544,0.5758035182952881
28,2,18,0.5404058694839478,0.5784037113189697,0.49659649421872154,0.5625951839092992,0.65362948179245
28,2,19,0.6566535830497742,0.5524111986160278,0.6679241987182591,0.4758978586445643,0.5865190625190735
28,2,20,0.5663673281669617,0.5368288159370422,0.5290662518821571,0.5303782714460958,0.6587693691253662
28,2,21,0.6584015488624573,0.558039128780365,0.6607724852122033,0.47875730683095774,0.5832189321517944
28,2,22,0.5406863689422607,0.5262343287467957,0.5141080477398061,0.5170132229003215,0.6620579957962036
28,2,23,0.672641932964325,0.7040377259254456,0.6258575808303894,0.6673502520901458,0.9571932554244995
28,2,24,0.44097790122032166,0.6734869480133057,0.41098989079244025,0.6494939795914153,0.975636899471283
28,2,25,0.9464321732521057,0.8612274527549744,0.7457589900358818,0.7236203078293845,0.6967167854309082
28,2,26,0.2816772758960724,0.8275498151779175,0.3166258551586472,0.7260989518462986,0.7400503158569336
28,2,27,0.6936262845993042,1.1382869482040405,0.4928937152103438,1.0547450126642917,0.43668487668037415
28,2,28,0.5098760724067688,1.2415363788604736,0.49918106292213416,1.0902094856488236,0.42353424429893494
28,2,29,0.7328014969825745,1.1521300077438354,0.4674423773161338,1.0718109348828806,0.44461703300476074
28,2,30,0.5382715463638306,1.2513792514801025,0.5500492333127333,1.1203999659518151,0.441286563873291
28,2,31,0.6791552305221558,1.2963008880615234,0.4391504989556551,1.2023748222199202,0.3557385504245758
28,2,32,0.5879562497138977,1.419153094291687,0.59447178384693,1.237239183671626,0.3189505636692047
29,1,0,0.24445047974586487,0.26611262559890747,0.311121700359283,0.20161158964993242,0.9954296946525574
29,1,1,0.25008365511894226,0.22545389831066132,0.3107614900868771,0.16996420751236901,0.9941326379776001
29,1,2,0.2673254907131195,0.2179132103919983,0.32635961518091516,0.1651837301186132,0.9950556755065918
29,1,3,0.2859615087509155,0.2053736448287964,0.3437436491581898,0.1591186170687288,0.9947666525840759
29,1,4,0.21497495472431183,0.2321213334798813,0.27975377588258676,0.17496550422966453,0.9925111532211304
29,1,5,0.21118858456611633,0.22899822890758514,0.27643793983925663,0.17376463716728313,0.9924150705337524
29,1,6,0.21068820357322693,0.22562704980373383,0.2714886634800695,0.17218338323728238,0.992527961730957
29,1,7,0.3465723693370819,0.1674269139766693,0.4057322765469311,0.13427323362936683,0.9956024289131165
29,1,8,0.261023610830307,0.18970634043216705,0.3209731597885916,0.1561992894350504,0.9962477684020996
29,1,9,0.35523033142089844,0.22605472803115845,0.39592122827456316,0.2022082645292978,0.9961881637573242
29,1,10,0.30676040053367615,0.24233445525169373,0.3598384919662876,0.2106569268953837,0.9944819808006287
29,1,11,0.7225447297096252,0.19671650230884552,0.7318119381022931,0.18993947557880242,0.9981389045715332
29,1,12,0.31049883365631104,0.22698242962360382,0.37846604836988257,0.20638398973419425,0.9981687068939209
29,1,13,0.9018949270248413,0.43485215306282043,0.822248629060327,0.3927818838887291,0.8054510951042175
29,1,14,0.2734493315219879,0.43239831924438477,0.3397512788354953,0.38239585924457414,0.5978056192398071
29,1,15,0.7395690083503723,0.6818721890449524,0.6869773755685125,0.5280450780497848,0.6616612672805786
29,1,16,0.38509222865104675,0.5009887218475342,0.35402584733034304,0.43349903335953716,0.6160826086997986
29,1,17,0.67580646276474,0.7527731657028198,0.6709891837610085,0.5820841987701717,0.6088026165962219
29,1,18,0.43540534377098083,0.5395017862319946,0.3511003588316149,0.46377330508227604,0.6093006134033203
29,1,19,0.6738448739051819,0.7377682328224182,0.6243308197230082,0.5676336963789054,0.6195229887962341
29,1,20,0.4099753201007843,0.5078222751617432,0.3432390111114536,0.4379936045956697,0.6155713200569153
29,1,21,0.6674372553825378,0.7150997519493103,0.6232365014826273,0.55175456833171,0.6149948835372925
29,1,22,0.40471822023391724,0.49973398447036743,0.35496522435656136,0.4270578021186209,0.620397686958313
29,1,23,0.7264596223831177,0.5948405265808105,0.7165100221930897,0.5532038491005481,0.960856556892395
29,1,24,0.43837231397628784,0.5688415169715881,0.46547059801107044,0.5363882502969414,0.9771037101745605
29,1,25,0.7741277813911438,0.8332958221435547,0.6766929066312216,0.7923581096251054,0.6804832220077515
29,1,26,0.2122083157300949,0.704746425151825,0.2397382314437534,0.7018513739329288,0.7109329104423523
29,1,27,0.7518495917320251,1.0972172021865845,0.6530377691379131,1.0782606065518812,0.40959328413009644
29,1,28,0.4688134491443634,1.0689611434936523,0.3928538880539391,1.0267438940139908,0.3982429802417755
29,1,29,0.7838911414146423,1.1205168962478638,0.6815152414984518,1.1122450158553607,0.4231511652469635
29,1,30,0.5335038900375366,1.0927457809448242,0.4771742661980899,1.0807240930820712,0.4253130555152893
29,1,31,0.7550941109657288,1.237749695777893,0.6194763412664648,1.2056844601486543,0.33374565839767456
29,1,32,0.43559587001800537,1.2546463012695312,0.3350135684229244,1.195889737530492,0.30059465765953064
29,2,0,0.6249871850013733,0.18399927020072937,0.6074542809548352,0.17698902250705462,0.9954129457473755
29,2,1,0.6468567848205566,0.15821701288223267,0.6211335225077048,0.14914110458284985,0.9941183924674988
29,2,2,0.6566055417060852,0.15914107859134674,0.6294937584784909,0.14913483407831316,0.9949211478233337
29,2,3,0.6666915416717529,0.1593831479549408,0.6378598228972854,0.149182423618744,0.9945926666259766
29,2,4,0.6126440763473511,0.15355101227760315,0.5883809804239291,0.14694535558291724,0.9928059577941895
29,2,5,0.5992274880409241,0.15173500776290894,0.574109790431064,0.14545611378061926,0.992739737033844
29,2,6,0.5864851474761963,0.15022122859954834,0.560000215053424,0.14419960625241177,0.9929173588752747
29,2,7,0.6611495018005371,0.16215650737285614,0.6301334721576405,0.14784336680094837,0.9952067136764526
29,2,8,0.5485658645629883,0.15261593461036682,0.520033162581824,0.14859775784264814,0.9964060187339783
29,2,9,0.625789225101471,0.20447690784931183,0.6102656482292625,0.20295449992728123,0.9959142208099365
29,2,10,0.585307240486145,0.20278410613536835,0.5695897530144484,0.20199511137195733,0.9947270154953003
29,2,11,0.7417847514152527,0.2807292938232422,0.7219408897185788,0.2740842817828159,0.997593879699707
29,2,12,0.37393125891685486,0.26999005675315857,0.3669172607397401,0.26204874582921217,0.9982484579086304
29,2,13,0.8642575740814209,0.5074259042739868,0.807974449779445,0.48724502174428624,0.7954217791557312
29,2,14,0.22396327555179596,0.5170380473136902,0.2541065574217113,0.48166787849669385,0.6374141573905945
29,2,15,0.7254663109779358,0.5446264147758484,0.7049485961055063,0.5023558313577775,0.6470658183097839
29,2,16,0.4675244092941284,0.5680656433105469,0.450185605020015,0.5307672844520283,0.6521649956703186
29,2,17,0.6766431927680969,0.5435490012168884,0.683504462012067,0.5039449499941749,0.589110255241394
29,2,18,0.5441976189613342,0.608077883720398,0.504851417661808,0.570482224129014,0.6425132155418396
29,2,19,0.6699830889701843,0.5063690543174744,0.6682807604530243,0.4811795060739645,0.5989506840705872
29,2,20,0.5623586177825928,0.5860528349876404,0.5348372893953859,0.5400356074918298,0.6481264233589172
29,2,21,0.6707966923713684,0.5119848251342773,0.6625089091409623,0.48451717842119213,0.5948930978775024
29,2,22,0.5291479229927063,0.5812422633171082,0.5167136930705151,0.5281572810486305,0.6513884663581848
29,2,23,0.643824577331543,0.7075984477996826,0.6289706348074536,0.6743284999622774,0.9512060880661011
29,2,24,0.4154304563999176,0.6777815222740173,0.4117589729673165,0.6543967221770352,0.9720571637153625
29,2,25,0.8633588552474976,0.8936619162559509,0.7661964684746261,0.7532173296802457,0.656098484992981
29,2,26,0.29776084423065186,0.852922260761261,0.31335712979552727,0.7481449217423969,0.7224070429801941
29,2,27,0.6883633732795715,1.194865107536316,0.5269427655813536,1.0791120185880452,0.38564667105674744
29,2,28,0.5010600686073303,1.2384841442108154,0.499506468736028,1.1160012696520227,0.4051920473575592
29,2,29,0.6176497340202332,1.2122524976730347,0.4935720049351339,1.0962340321731874,0.4008508026599884
29,2,30,0.5382331013679504,1.2660077810287476,0.5480022938668118,1.14572585988319,0.42127323150634766
29,2,31,0.6646133661270142,1.367066740989685,0.47845951186880836,1.2310359785122802,0.31646832823753357
29,2,32,0.5545011758804321,1.4438968896865845,0.5875417272548442,1.273249571890883,0.3043762743473053
30,1,0,0.31885606050491333,0.2518136501312256,0.3124613702316296,0.21031825595064907,0.9956068396568298
30,1,1,0.34475842118263245,0.2154337763786316,0.31665474875530175,0.17784898220834955,0.9944663643836975
30,1,2,0.3622247576713562,0.20993457734584808,0.33257707158878985,0.17294370423662572,0.9952552914619446
30,1,3,0.3811827003955841,0.20722466707229614,0.35023425668271657,0.16746123497300341,0.9949727058410645
30,1,4,0.3080642521381378,0.21797889471054077,0.28466046834724373,0.18242380982240317,0.9930787086486816
30,1,5,0.29919472336769104,0.21578262746334076,0.280381424697627,0.18105012677867235,0.9929347634315491
30,1,6,0.29367613792419434,0.2146066427230835,0.2753334300984068,0.17953923115063383,0.9930310845375061
30,1,7,0.4195576310157776,0.18809039890766144,0.40812740463173364,0.1436078730960222,0.9955999255180359
30,1,8,0.3212200701236725,0.20409496128559113,0.3210159175682946,0.16450536546250139,0.9965083003044128
30,1,9,0.36126571893692017,0.26166659593582153,0.3899136366860732,0.21252312023716563,0.9962245225906372
30,1,10,0.3203786611557007,0.2681778073310852,0.35299707578262174,0.2206350944881199,0.9949224591255188
30,1,11,0.6664748787879944,0.22737804055213928,0.7204752581115967,0.19643003802564013,0.9978104829788208
30,1,12,0.2799670994281769,0.23012125492095947,0.361358393460593,0.2104975239237668,0.9981483817100525
30,1,13,0.8742020130157471,0.43078485131263733,0.8312595371030537,0.39937041366995696,0.7997578382492065
30,1,14,0.2126586139202118,0.4085523188114166,0.3176585140068818,0.386928961292129,0.5845372080802917
30,1,15,0.8291611075401306,0.5928370952606201,0.7117046690366072,0.5392871307153444,0.6339468359947205
30,1,16,0.24069999158382416,0.46655818819999695,0.334334348911778,0.4392296062843023,0.5988754034042358
30,1,17,0.8492153286933899,0.6499844193458557,0.7020179701312073,0.5938666831997472,0.5790271759033203
30,1,18,0.2396710067987442,0.5004201531410217,0.3317395181101353,0.47012646221981474,0.5930616855621338
30,1,19,0.8097632527351379,0.6341918706893921,0.6566211348813493,0.5791828428899244,0.5924630761146545
30,1,20,0.2563548684120178,0.48455432057380676,0.3281539687045622,0.4460678417676011,0.5996685028076172
30,1,21,0.7811183929443359,0.6189810037612915,0.6507067107709321,0.5634198942863033,0.5877740979194641
30,1,22,0.27133485674858093,0.4805961549282074,0.3404465131876787,0.43634399851378836,0.6046583652496338
30,1,23,0.692671537399292,0.609190046787262,0.7123789490496127,0.56291534456709,0.9551329612731934
30,1,24,0.4223426878452301,0.5889134407043457,0.4579924365283909,0.5454984431586768,0.9734517335891724
30,1,25,0.7735318541526794,0.7440919280052185,0.6935116555545344,0.7839877139585626,0.6642177104949951
30,1,26,0.26859045028686523,0.7356532216072083,0.24473893362788382,0.7077108135006884,0.7161331176757812
30,1,27,0.7016769647598267,1.1016383171081543,0.6614730927759959,1.0823117972135043,0.3871714472770691
30,1,28,0.41998231410980225,1.0578173398971558,0.3975556252619424,1.0321299475542272,0.393944650888443
30,1,29,0.6923242807388306,1.1548247337341309,0.6833876871601284,1.119628033128287,0.41085004806518555
30,1,30,0.5110350251197815,1.1593687534332275,0.48304398299275336,1.094375256617162,0.4146474301815033
30,1,31,0.7254220247268677,1.2724233865737915,0.6378818609430221,1.2172649088825178,0.31638312339782715
30,1,32,0.37960389256477356,1.3047754764556885,0.342745814848007,1.2148073533226589,0.2965611219406128
30,2,0,0.6656767725944519,0.1809132695198059,0.6175543628795115,0.17766866755678726,0.995871901512146
30,2,1,0.6714126467704773,0.1525135636329651,0.6298535614616896,0.14972517513792807,0.9948418140411377
30,2,2,0.677398145198822,0.1527756154537201,0.6378013488001807,0.14976538001077386,0.9955321550369263
30,2,3,0.6832400560379028,0.1536063551902771,0.6457290783571749,0.14994862114747745,0.9952688217163086
30,2,4,0.6398576498031616,0.14804516732692719,0.5973090331165902,0.14713581713015997,0.9936382174491882
30,2,5,0.6242696642875671,0.1457131803035736,0.5828091162387534,0.14550063053303727,0.993513286113739
30,2,6,0.608466625213623,0.14384260773658752,0.5684054138119732,0.14413778391784962,0.9936289191246033
30,2,7,0.6656415462493896,0.16177210211753845,0.636289000992046,0.1502564263476898,0.9958402514457703
30,2,8,0.5536150336265564,0.1557360589504242,0.5258544361453195,0.14983416814264258,0.9968025088310242
30,2,9,0.6569663882255554,0.21318989992141724,0.6183642087199004,0.20472751734251265,0.9964431524276733
30,2,10,0.6211254596710205,0.20844660699367523,0.5785280603656361,0.20311253848361355,0.9953734278678894
30,2,11,0.7536883354187012,0.2940995991230011,0.7274438721804192,0.27755243406628727,0.9975094199180603
30,2,12,0.36803901195526123,0.271902471780777,0.36711152197134017,0.26375562808735253,0.9982907772064209
30,2,13,0.8692886829376221,0.5214198231697083,0.8186118754358235,0.4931691812200164,0.7790102958679199
30,2,14,0.23505422472953796,0.4811890125274658,0.2508053662129243,0.4815849517742871,0.6254199743270874
30,2,15,0.8495863080024719,0.5209563374519348,0.7301044261252057,0.5055787286023871,0.6152269840240479
30,2,16,0.46587759256362915,0.5388936996459961,0.4529042834777936,0.5321748857998774,0.6358990669250488
30,2,17,0.8513111472129822,0.5243189930915833,0.7127101150768324,0.5074753569183844,0.5602127313613892
30,2,18,0.5405826568603516,0.5783859491348267,0.5110456753664819,0.571851243566758,0.6267220377922058
30,2,19,0.8221115469932556,0.4926835596561432,0.6950428558330172,0.4831723902766034,0.5730531215667725
30,2,20,0.5687145590782166,0.5503586530685425,0.5407098199317049,0.541823812079721,0.6326723098754883
30,2,21,0.7960523366928101,0.49992895126342773,0.6857275203331898,0.48718731812637583,0.5688609480857849
30,2,22,0.555152952671051,0.5438287258148193,0.5233779427906393,0.5308723962460806,0.6357059478759766
30,2,23,0.6560657620429993,0.7311500906944275,0.6336665591673915,0.684185151051609,0.9483889937400818
30,2,24,0.42333659529685974,0.7001708745956421,0.4137645837385373,0.6623343765165481,0.9709363579750061
30,2,25,0.9339777827262878,0.7641650438308716,0.7953985539038563,0.7551138071959694,0.6355067491531372
30,2,26,0.470769464969635,0.7315738201141357,0.3407451949781124,0.7452738917210666,0.7326180934906006
30,2,27,0.6704731583595276,1.0966161489486694,0.5519057872334631,1.0821448432296215,0.3611162602901459
30,2,28,0.5856150388717651,1.1529806852340698,0.5144564882406993,1.1224122832311874,0.39783531427383423
30,2,29,0.59246426820755,1.1179561614990234,0.5107486048844325,1.0999981525463656,0.3895130753517151
30,2,30,0.5747399926185608,1.1968281269073486,0.5526361938644185,1.1545890701142962,0.41754674911499023
30,2,31,0.6512542366981506,1.2652298212051392,0.5085387561084058,1.2369635064463094,0.2969020903110504
30,2,32,0.6907089948654175,1.332706332206726,0.6054626551429637,1.2835645062325003,0.29664281010627747
31,1,0,0.2914862334728241,0.22523321211338043,0.3088267860702762,0.2129022539567716,0.9958819150924683
31,1,1,0.32546550035476685,0.1825866550207138,0.3181809107222661,0.17866952680596707,0.9950007796287537
31,1,2,0.34941038489341736,0.17740514874458313,0.3354935718764476,0.17371640074480038,0.9957128167152405
31,1,3,0.3717978298664093,0.17412647604942322,0.3539708403439734,0.168615692712942,0.9954882860183716
31,1,4,0.2928180396556854,0.19085721671581268,0.2860734613944781,0.18388460209105933,0.9936217665672302
31,1,5,0.2864339053630829,0.1902891844511032,0.2814297235807847,0.18265050838030883,0.9933992028236389
31,1,6,0.2773611843585968,0.19033721089363098,0.27568459789612704,0.1814097353893102,0.9934791326522827
31,1,7,0.425576388835907,0.1567944437265396,0.4111506287791914,0.14589230871242634,0.9960939884185791
31,1,8,0.31491991877555847,0.17799541354179382,0.31996007194564724,0.1668423967387711,0.9967550039291382
31,1,9,0.37228867411613464,0.24303695559501648,0.3868598829902209,0.21781207850496542,0.9966392517089844
31,1,10,0.4432709813117981,0.24340805411338806,0.36867223452725023,0.22458141076008611,0.9952636957168579
31,1,11,0.738126814365387,0.2311488837003708,0.7235336119835437,0.20244860392643052,0.9977339506149292
31,1,12,0.36200132966041565,0.2464977502822876,0.36146973298319734,0.21673845814768078,0.9980617165565491
31,1,13,0.867286205291748,0.4563255310058594,0.8375050910959908,0.4092502720870078,0.7831075191497803
31,1,14,0.24567198753356934,0.4327463209629059,0.3051655542352592,0.3948741253299942,0.5724061727523804
31,1,15,0.8149414658546448,0.5767910480499268,0.7296378129047544,0.545789096089161,0.6096190810203552
31,1,16,0.3025897443294525,0.4774591326713562,0.328831866310604,0.44585745563069007,0.5855981111526489
31,1,17,0.8221547603607178,0.631580114364624,0.7228973562886878,0.6004050267762826,0.5561186075210571
31,1,18,0.30737292766571045,0.5042474269866943,0.32751685103216516,0.47604128002818125,0.5801280736923218
31,1,19,0.7727864384651184,0.5964383482933044,0.6768078926182166,0.5821725783259591,0.5710338354110718
31,1,20,0.304141640663147,0.4738544523715973,0.3239927371951853,0.45088369013419466,0.5867533087730408
31,1,21,0.7513207793235779,0.5820658802986145,0.6681828802278582,0.5666506807103492,0.5646664500236511
31,1,22,0.31467846035957336,0.47270479798316956,0.33598078389334135,0.4426475104894721,0.5914108157157898
31,1,23,0.6540512442588806,0.644533097743988,0.7022606155429635,0.577083836834953,0.9518525004386902
31,1,24,0.4297330677509308,0.6282830238342285,0.45309458897100835,0.5598699902331055,0.9717022180557251
31,1,25,0.6666756272315979,0.7096648216247559,0.6888607627280341,0.7710884371573522,0.6343340277671814
31,1,26,0.3017609715461731,0.6793056130409241,0.2546304212677334,0.7027876657443871,0.7115145325660706
31,1,27,0.6599173545837402,1.0540257692337036,0.6612036752649914,1.0774093309067694,0.35612067580223083
31,1,28,0.477058082818985,1.073609471321106,0.41135615687305715,1.0393219616812124,0.37961822748184204
31,1,29,0.6072389483451843,1.0591143369674683,0.6701709411492771,1.1091297980299486,0.39233624935150146
31,1,30,0.5299591422080994,1.0892586708068848,0.4911798378256961,1.0934890795085157,0.4085620045661926
31,1,31,0.6519907116889954,1.2010254859924316,0.6403261881300285,1.2144513529840397,0.2923848330974579
31,1,32,0.38869720697402954,1.2108622789382935,0.35071437895362706,1.2141241052478038,0.2836897373199463
31,2,0,0.6696784496307373,0.1664402186870575,0.626594880536983,0.1757235729972887,0.9962888360023499
31,2,1,0.6858541369438171,0.13538123667240143,0.6395675560813158,0.147240154384187,0.9954963326454163
31,2,2,0.6960234642028809,0.13632237911224365,0.6479013699522636,0.14743650554625473,0.9961370825767517
31,2,3,0.7055294513702393,0.13782376050949097,0.6561033774018588,0.1478481853646771,0.9959351420402527
31,2,4,0.6492816805839539,0.13145865499973297,0.6063232441924328,0.14441971276139598,0.9942562580108643
31,2,5,0.6333219408988953,0.12948434054851532,0.5915697498714197,0.14272574320889564,0.9940561652183533
31,2,6,0.6172940731048584,0.12778224050998688,0.5768839494479368,0.14130409067605376,0.9941291809082031
31,2,7,0.6987046003341675,0.1492679864168167,0.6471178436425127,0.15008525243025456,0.9964759945869446
31,2,8,0.5751948952674866,0.13577604293823242,0.534411439964161,0.14739868394803343,0.9970782995223999
31,2,9,0.6722257733345032,0.2025434821844101,0.6277065650186409,0.20434928163723254,0.9969692826271057
31,2,10,0.6363758444786072,0.19427210092544556,0.5885630315806145,0.2015812269349649,0.995734691619873
31,2,11,0.7906162142753601,0.2829585373401642,0.738404257391541,0.2784887650173802,0.9974828958511353
31,2,12,0.40180736780166626,0.2722100615501404,0.3731260988179513,0.26522006052636815,0.9982413649559021
31,2,13,0.8562597632408142,0.5246812701225281,0.8251387837772624,0.4986313263306195,0.77632737159729
31,2,14,0.2512530982494354,0.4808359742164612,0.2508829014246808,0.4814552479173936,0.614267110824585
31,2,15,0.7553139328956604,0.40703085064888,0.7344732949154077,0.48846272976793986,0.6192513704299927
31,2,16,0.46782082319259644,0.5331560969352722,0.455488552823317,0.5323448078868899,0.6235936284065247
31,2,17,0.7198994755744934,0.38495439291000366,0.7139553757078478,0.486180499863123,0.5651815533638
31,2,18,0.5242661833763123,0.5696190595626831,0.513335992845908,0.571464668817868,0.614568829536438
31,2,19,0.7043495178222656,0.3603874146938324,0.6966549546036628,0.4618314515250575,0.578506588935852
31,2,20,0.5694918632507324,0.5418118834495544,0.545698344028878,0.5418217463900352,0.6205047965049744
31,2,21,0.6945422887802124,0.3781801462173462,0.6872543899125746,0.4682488448618373,0.5707691311836243
31,2,22,0.5620422959327698,0.5359275937080383,0.5300812633905903,0.5317479418304428,0.6238511800765991
31,2,23,0.6664960384368896,0.7105923891067505,0.6393572948387536,0.6887617479274082,0.9478755593299866
31,2,24,0.4357597827911377,0.699025571346283,0.41757603905497026,0.6686952304571578,0.9721805453300476
31,2,25,0.7579944729804993,0.538305938243866,0.7889141648190796,0.717325099767973,0.65589439868927
31,2,26,0.30436813831329346,0.5733293294906616,0.3344388827177965,0.715344600601755,0.7372939586639404
31,2,27,0.4376961886882782,0.9181939363479614,0.5320606104763604,1.053613735448818,0.39355114102363586
31,2,28,0.6844573020935059,0.9312249422073364,0.544045924656694,1.0891147514783956,0.42111334204673767
31,2,29,0.37674614787101746,0.9482870697975159,0.4874504386377161,1.0736066627436092,0.4268685579299927
31,2,30,0.7486500144004822,0.9697561264038086,0.5867798133264125,1.1224043487529916,0.44821974635124207
31,2,31,0.3340718746185303,1.0668513774871826,0.47816882219456586,1.2073548363367785,0.3267664909362793
31,2,32,0.848161518573761,1.0155091285705566,0.647797285572274,1.2367730348712753,0.3214738070964813
32,1,0,0.30365803837776184,0.19912797212600708,0.3079315682725055,0.2105159685718038,0.9962040185928345
32,1,1,0.3290444016456604,0.16855119168758392,0.32006275720181837,0.17691679706182487,0.9955518245697021
32,1,2,0.34645745158195496,0.1644785851240158,0.33739281431379387,0.17211623949894142,0.9962280988693237
32,1,3,0.36442118883132935,0.15887659788131714,0.3557810967762618,0.16692867503247702,0.9960628151893616
32,1,4,0.2875206768512726,0.16894248127937317,0.28632408677460086,0.18129590600199838,0.9939572811126709
32,1,5,0.27905571460723877,0.16670671105384827,0.28101858400547586,0.17988819019305094,0.9936597347259521
32,1,6,0.27214300632476807,0.16526135802268982,0.27507123078404006,0.17861195564492768,0.9936122894287109
32,1,7,0.4191642701625824,0.14984135329723358,0.41253868587167924,0.14657624940604524,0.9966893196105957
32,1,8,0.2788343131542206,0.15939365327358246,0.3128294699952001,0.16555220474260376,0.9969585537910461
32,1,9,0.36127400398254395,0.2144232541322708,0.38242573884761866,0.2172251743932803,0.9971479773521423
32,1,10,0.30824965238571167,0.21784910559654236,0.3581897965685761,0.22341533832151722,0.9956570863723755
32,1,11,0.770539402961731,0.25947344303131104,0.7316851383905074,0.21234056880221522,0.997718095779419
32,1,12,0.30491960048675537,0.23812919855117798,0.35166023461988977,0.22044509215510005,0.9981611967086792
32,1,13,0.8589154481887817,0.4734462797641754,0.8412151417047875,0.4203886104604783,0.7872728705406189
32,1,14,0.19786719977855682,0.3539540469646454,0.28652466127664655,0.38777926013746306,0.5684579014778137
32,1,15,0.7678691744804382,0.49123987555503845,0.7362660142015338,0.536327357494885,0.6208564043045044
32,1,16,0.20494209229946136,0.3742651045322418,0.3072979224767031,0.4334330937283067,0.5801936984062195
32,1,17,0.7525020837783813,0.5440846681594849,0.7280286265078824,0.5906355770304673,0.5682176351547241
32,1,18,0.19605734944343567,0.3938373923301697,0.30466202003291964,0.46177081837093586,0.575228214263916
32,1,19,0.7549175024032593,0.36567041277885437,0.6903660352312385,0.5444373921063048,0.5839400887489319
32,1,20,0.22134751081466675,0.3707851469516754,0.3061627712492391,0.43697958306429385,0.5819737315177917
32,1,21,0.7177172303199768,0.3647735118865967,0.676773598010474,0.5314798660693602,0.5745073556900024
32,1,22,0.23925496637821198,0.37098821997642517,0.31918201600361246,0.4302115020461986,0.5874264240264893
32,1,23,0.6901098489761353,0.6520892977714539,0.7001556930926681,0.5901018941063632,0.9515039920806885
32,1,24,0.4189564883708954,0.6324945688247681,0.4471768070082633,0.5724739161389457,0.9723978638648987
32,1,25,0.688252866268158,0.527359664440155,0.6887554922510094,0.7285729325115003,0.6685265302658081
32,1,26,0.18905287981033325,0.6267144680023193,0.24325194928468458,0.6895838986592758,0.737347424030304
32,1,27,0.4418676495552063,0.9941892027854919,0.6229713400425456,1.0629620236597386,0.4009866714477539
32,1,28,0.46956220269203186,0.9854240417480469,0.4214534682896921,1.0299733216525124,0.4121048152446747
32,1,29,0.39940735697746277,1.0445778369903564,0.622901969642323,1.097929616100793,0.43149814009666443
32,1,30,0.5518615245819092,1.0422790050506592,0.5017073691132037,1.0846073602768447,0.4453355073928833
32,1,31,0.5495327711105347,1.1843174695968628,0.6245607993735323,1.2092283340660288,0.3266598582267761
32,1,32,0.44868943095207214,1.1604727506637573,0.36773098757985345,1.2048183272307282,0.3128370940685272
32,2,0,0.6635173559188843,0.16531772911548615,0.6329958774624296,0.17392102205136536,0.9965503215789795
32,2,1,0.6782529354095459,0.13503016531467438,0.646274531287831,0.1451249659453147,0.9959605932235718
32,2,2,0.6883056163787842,0.1353105902671814,0.6549067108357814,0.14533588687363344,0.9965718388557434
32,2,3,0.6980422139167786,0.13551557064056396,0.663375122793283,0.14571174607660453,0.9964237213134766
32,2,4,0.6374669075012207,0.1319165825843811,0.6117214714524057,0.14225372314879917,0.9945337772369385
32,2,5,0.6205369234085083,0.13025212287902832,0.5965903911903286,0.14056486767132936,0.9942694306373596
32,2,6,0.6024743914604187,0.1288813203573227,0.581318880029016,0.13915202745895186,0.9942333102226257
32,2,7,0.6889427304267883,0.14407801628112793,0.6543698064637531,0.14904478724776007,0.9969689249992371
32,2,8,0.5590994358062744,0.13740985095500946,0.5386898563342218,0.1456683912478089,0.9972500205039978
32,2,9,0.6620020270347595,0.19637255370616913,0.6336516656915818,0.20296761484387804,0.9974077343940735
32,2,10,0.6167619228363037,0.19515937566757202,0.5934504004924269,0.20046893577133096,0.9960761070251465
32,2,11,0.8222423791885376,0.2966567873954773,0.7529591690919494,0.2816366529961415,0.9975034594535828
32,2,12,0.38805481791496277,0.2719738185405731,0.3757124786328072,0.26638985113931596,0.998295247554779
32,2,13,0.8798736929893494,0.5310176610946655,0.8346328854752444,0.504245156216921,0.7853222489356995
32,2,14,0.2045881152153015,0.46312248706817627,0.2428548512549666,0.47827880166817865,0.6099176406860352
32,2,15,0.6533629298210144,0.5573222041130066,0.7203931487893489,0.5004119190300245,0.6251704692840576
32,2,16,0.47258248925209045,0.5053653717041016,0.45845024633918696,0.5276689708705107,0.615622878074646
32,2,17,0.5968911647796631,0.5761332511901855,0.6936120427775809,0.5017999303792731,0.5716939568519592
32,2,18,0.5276361703872681,0.5457835793495178,0.5158134319649079,0.5670140235449459,0.6062813997268677
32,2,19,0.5990430116653442,0.5129302144050598,0.6797018984091089,0.4706939226419774,0.5867289900779724
32,2,20,0.5797929167747498,0.521983802318573,0.5516085821305872,0.5383843471504255,0.6124178171157837
32,2,21,0.6080290675163269,0.5072523951530457,0.6735022568329768,0.4750110857050356,0.5755946040153503
32,2,22,0.5704004168510437,0.513104259967804,0.537071828259236,0.5285175934273699,0.6154260635375977
32,2,23,0.6862985491752625,0.7281280159950256,0.6474976411100702,0.6955869083128445,0.9397109746932983
32,2,24,0.42035073041915894,0.6900220513343811,0.4180565757465114,0.6723907825914819,0.9688457250595093
32,2,25,0.7603796124458313,0.5744038820266724,0.7839686930815841,0.6924691516055488,0.6852142810821533
32,2,26,0.23012158274650574,0.5309244990348816,0.3163175932515009,0.6832316256360704,0.7590649127960205
32,2,27,0.40779349207878113,0.9475153684616089,0.5104612021073215,1.0351820637691027,0.4279636740684509
32,2,28,0.5947083830833435,0.9367120265960693,0.5528325670567512,1.0626024945699426,0.43781778216362
32,2,29,0.3531997799873352,0.9787988662719727,0.46410878458416976,1.057141976151927,0.4593612849712372
32,2,30,0.6483615636825562,0.9685386419296265,0.5974637598924176,1.095636439879442,0.4735420048236847
32,2,31,0.3157638609409332,1.0941710472106934,0.44990843425660126,1.1876881317260157,0.3514038324356079
32,2,32,0.7536805272102356,1.0005297660827637,0.6661916898307945,1.1955729943305944,0.3339695334434509
33,1,0,0.2370634227991104,0.2287101447582245,0.29563310800660475,0.21366839569486726,0.9962913393974304
33,1,1,0.24281828105449677,0.20498749613761902,0.30665518433431,0.1817819284746206,0.9959954619407654
33,1,2,0.25680986046791077,0.20182451605796814,0.3234043729903912,0.17726544375639627,0.9966557025909424
33,1,3,0.27620601654052734,0.19866247475147247,0.34196802696560646,0.1724292884218068,0.9965393543243408
33,1,4,0.2162700593471527,0.2081838697195053,0.274167203529961,0.1859558838448952,0.994278073310852
33,1,5,0.20956793427467346,0.20783661305904388,0.2686188184860631,0.18473211105329612,0.9939466118812561
33,1,6,0.2061157524585724,0.2080383598804474,0.26310538372427333,0.18371226109436126,0.9939171075820923
33,1,7,0.3421638607978821,0.17923082411289215,0.4003260116728338,0.15223662087499562,0.9971756935119629
33,1,8,0.23602132499217987,0.1976523995399475,0.2994978098246182,0.1711163869308955,0.997157096862793
33,1,9,0.30185073614120483,0.2425818145275116,0.36843868958836534,0.221619554521949,0.9975563883781433
33,1,10,0.25472456216812134,0.2509377598762512,0.3402169141792934,0.22818536501382006,0.9959491491317749
33,1,11,0.656225860118866,0.25970688462257385,0.7185881680785662,0.22055471503123425,0.9977397918701172
33,1,12,0.32598018646240234,0.26409444212913513,0.34720975705698587,0.22801380316613185,0.9980983734130859
33,1,13,0.8729751706123352,0.4511677324771881,0.8467203213366634,0.4257235962846348,0.7979312539100647
33,1,14,0.21584215760231018,0.4314641058444977,0.2742584679564246,0.395354137886004,0.5579484701156616
33,1,15,0.7391688227653503,0.5560593008995056,0.7367687421550287,0.5397464010947163,0.6285737752914429
33,1,16,0.2897513210773468,0.45882126688957214,0.3042577540572263,0.4378329379202786,0.5641965866088867
33,1,17,0.6811422109603882,0.6034013032913208,0.7198978765551283,0.5928470927590581,0.5753413438796997
33,1,18,0.28333911299705505,0.48080316185951233,0.30096714188692075,0.4650685477765242,0.559095561504364
33,1,19,0.6059235334396362,0.5666873455047607,0.6757060545857411,0.5482930144658611,0.5917357206344604
33,1,20,0.29261255264282227,0.4584600627422333,0.303815311087187,0.4407017728131303,0.5654029250144958
33,1,21,0.6615818738937378,0.5555457472801208,0.6741416474733327,0.5356503940488344,0.5754883289337158
33,1,22,0.31018301844596863,0.4561137557029724,0.3176232290069162,0.4347005057789104,0.5689723491668701
33,1,23,0.6670994162559509,0.6845558285713196,0.694425632455486,0.6065050200030959,0.9434879422187805
33,1,24,0.3932249844074249,0.6857481002807617,0.4378187838766716,0.5921564992196129,0.9678247570991516
33,1,25,0.7151013612747192,0.5713441371917725,0.6933214860107869,0.7012166744058861,0.7096281051635742
33,1,26,0.13870424032211304,0.5691318511962891,0.22509048689317862,0.6686496260764292,0.7696728706359863
33,1,27,0.6276488304138184,0.9499045014381409,0.6237814592272918,1.0433172696186377,0.45239007472991943
33,1,28,0.3633947968482971,0.9795812368392944,0.41138194414884394,1.0212336833857412,0.4467960298061371
33,1,29,0.6527547836303711,1.027989387512207,0.6280762235876236,1.0857925634734722,0.4817114770412445
33,1,30,0.47093531489372253,1.009080410003662,0.4963736547832212,1.0714986311734298,0.48782268166542053
33,1,31,0.6115808486938477,1.1786292791366577,0.6223122040070953,1.2039246108980495,0.37003248929977417
33,1,32,0.35436415672302246,1.041502594947815,0.36541534499126643,1.1763981965454513,0.33958330750465393
33,2,0,0.6718088984489441,0.17592857778072357,0.6397250071315903,0.1742686929499247,0.9966010451316833
33,2,1,0.6802867650985718,0.14621387422084808,0.6521704849453377,0.14531353917157655,0.9963293671607971
33,2,2,0.687701404094696,0.14729741215705872,0.6605913986775654,0.14567558569303163,0.9969285726547241
33,2,3,0.6953231692314148,0.14863063395023346,0.668912910975783,0.14621725641036742,0.9968248605728149
33,2,4,0.6484758853912354,0.14035767316818237,0.618093300227422,0.14192536412857348,0.994795024394989
33,2,5,0.6327431797981262,0.13736827671527863,0.6028578074014419,0.1400112585742975,0.9945029616355896
33,2,6,0.6168553829193115,0.13464537262916565,0.5874793434118041,0.13837150113843516,0.9944906234741211
33,2,7,0.6858110427856445,0.15582819283008575,0.6598196625370821,0.15021971416441315,0.9973441958427429
33,2,8,0.5682639479637146,0.14400511980056763,0.5438157820314332,0.14538034695242552,0.9974179267883301
33,2,9,0.6654403209686279,0.2055840641260147,0.639161797703104,0.20342074294771167,0.9977530241012573
33,2,10,0.6248056888580322,0.2040233612060547,0.59888534359392,0.20108452403744012,0.9963297247886658
33,2,11,0.7858973741531372,0.2858548164367676,0.7586687639296208,0.2823672080707756,0.9975760579109192
33,2,12,0.3905492424964905,0.2778066098690033,0.3782829198989093,0.26836757809063927,0.9982507824897766
33,2,13,0.8784393668174744,0.5059607028961182,0.8422288941735262,0.5045422542471639,0.7869209051132202
33,2,14,0.2646527886390686,0.47943711280822754,0.2466320912006091,0.47847939426655767,0.6000113487243652
33,2,15,0.6979182958602905,0.5201367139816284,0.7164985360658693,0.5038297197040139,0.61982661485672
33,2,16,0.505018949508667,0.5236198306083679,0.46652587785089994,0.5269676929896178,0.598525881767273
33,2,17,0.6464341878890991,0.548471987247467,0.6854306377599552,0.5098935731207147,0.5694402456283569
33,2,18,0.5654625296592712,0.5520353317260742,0.5244240403620198,0.5644189847893445,0.5876568555831909
33,2,19,0.6048344969749451,0.5060216188430786,0.6667079010155039,0.4768181849129098,0.5853975415229797
33,2,20,0.6047331094741821,0.5310199856758118,0.5608228930230643,0.5371087731374766,0.5936650633811951
33,2,21,0.6219519376754761,0.4951612651348114,0.6645614305287988,0.47850264232849543,0.5678781867027283
33,2,22,0.5799199938774109,0.5208736062049866,0.544501439948005,0.527193574715818,0.5949088335037231
33,2,23,0.6525581479072571,0.7132905125617981,0.6483741086242232,0.6986542897561273,0.9387728571891785
33,2,24,0.4046854078769684,0.7109096050262451,0.41574015532045233,0.6790688437860565,0.9666180610656738
33,2,25,0.7500296235084534,0.5719062089920044,0.7780855569963987,0.6715155456840596,0.7143145203590393
33,2,26,0.2764354944229126,0.5825961828231812,0.3094029017206818,0.6657517544338335,0.7828967571258545
33,2,27,0.4296337366104126,0.929472029209137,0.4964304130475498,1.016818029623646,0.4694434404373169
33,2,28,0.5883870720863342,0.9289935231208801,0.5589961655694533,1.0393725619866436,0.4581237733364105
33,2,29,0.37590375542640686,0.9635857939720154,0.44879394036742204,1.0408952320861509,0.5011473894119263
33,2,30,0.6355865001678467,0.9487147331237793,0.6040730983826689,1.0700817359444297,0.5058037042617798
33,2,31,0.34054654836654663,1.0730986595153809,0.43090817701613054,1.1677762875014823,0.38420364260673523
33,2,32,0.7268579602241516,0.9902143478393555,0.6767165761525753,1.1597916708494052,0.35018521547317505
34,1,0,0.24484148621559143,0.18213334679603577,0.2868240310937325,0.20820227908286154,0.9968570470809937
34,1,1,0.24471381306648254,0.153578519821167,0.295908747326183,0.17689378851539928,0.996615469455719
34,1,2,0.26364004611968994,0.15757077932357788,0.3130363163411224,0.1738528888406379,0.997178316116333
34,1,3,0.28535735607147217,0.1614435762166977,0.33214800138880374,0.1705262583673469,0.9970894455909729
34,1,4,0.20499509572982788,0.1455729901790619,0.26216367902702076,0.17895426812435059,0.9951475858688354
34,1,5,0.19639240205287933,0.14130046963691711,0.25608412858563745,0.17720121165376496,0.9948632121086121
34,1,6,0.18821673095226288,0.13524237275123596,0.25010763708091527,0.17530647571680655,0.9948415160179138
34,1,7,0.34369564056396484,0.15923286974430084,0.3905025636015981,0.1534484221149869,0.9975820779800415
34,1,8,0.20197659730911255,0.1614464968442917,0.28256044929190394,0.16944135953607323,0.9975523352622986
34,1,9,0.3069499731063843,0.2006937712430954,0.35777093544262045,0.21799354571125382,0.9979599714279175
34,1,10,0.25267958641052246,0.19946707785129547,0.32501808878854715,0.2232079104128016,0.9966070055961609
34,1,11,0.625508725643158,0.26902690529823303,0.7024244363022858,0.22896091957683384,0.9978157877922058
34,1,12,0.25964444875717163,0.2697339355945587,0.33200607123305403,0.23524757433223134,0.9983293414115906
34,1,13,0.8846354484558105,0.41995519399642944,0.8532936168232386,0.42472450654790617,0.805955708026886
34,1,14,0.1656118929386139,0.45078644156455994,0.25538256178495045,0.404969394620141,0.5731849670410156
34,1,15,0.7228538990020752,0.5435749292373657,0.7343581010867511,0.540409469908575,0.6468791365623474
34,1,16,0.17490892112255096,0.42591792345046997,0.28177122725647563,0.4357688674600833,0.5766358971595764
34,1,17,0.6552528738975525,0.5325478315353394,0.7086815544821916,0.5823861685866724,0.5950049757957458
34,1,18,0.17152196168899536,0.4319407343864441,0.2784638087813963,0.45932606603958603,0.5663920044898987
34,1,19,0.6163469552993774,0.5353198647499084,0.6654085016356251,0.5460455708763483,0.6114090085029602
34,1,20,0.1816333532333374,0.40610626339912415,0.2825792779218278,0.43470460994409926,0.5726248025894165
34,1,21,0.6363593935966492,0.5281350612640381,0.667591462409189,0.534348666254355,0.591869056224823
34,1,22,0.20023213326931,0.4110299348831177,0.29722279928229883,0.4305985385900196,0.5732114911079407
34,1,23,0.6203078031539917,0.6808531284332275,0.6815620148646803,0.6194087505211635,0.9438747763633728
34,1,24,0.35476645827293396,0.6753221750259399,0.4234006543265002,0.6065944124444339,0.9683140516281128
34,1,25,0.6105730533599854,0.6466745138168335,0.6789563691142477,0.6917559788019091,0.7373921871185303
34,1,26,0.13185441493988037,0.6097770929336548,0.20889947564137193,0.658436557074218,0.7976869940757751
34,1,27,0.57960444688797,0.9256724715232849,0.616121142086825,1.0228725876394424,0.4974603056907654
34,1,28,0.3247241675853729,1.0097644329071045,0.39633636848193277,1.0192468618836183,0.47562068700790405
34,1,29,0.597150981426239,0.9559795260429382,0.6227158829344669,1.0632250660413762,0.5224681496620178
34,1,30,0.3946932256221771,1.002563714981079,0.47871187225366874,1.0595363901614352,0.5231329202651978
34,1,31,0.6062970161437988,1.1910275220870972,0.6195375367649285,1.2016903504155514,0.4078792631626129
34,1,32,0.30390867590904236,1.175990343093872,0.354744619251353,1.176327567336057,0.36551332473754883
34,2,0,0.6657889485359192,0.15343458950519562,0.6442420612219828,0.17065857680263977,0.9971000552177429
34,2,1,0.6729156970977783,0.1252986639738083,0.6557651937272214,0.14184546355793112,0.9968751072883606
34,2,2,0.6808893084526062,0.12719784677028656,0.664108552192935,0.14247400507874838,0.9973933100700378
34,2,3,0.6889042854309082,0.1295180320739746,0.6723769173192062,0.14332398811539823,0.9973114132881165
34,2,4,0.64021235704422,0.1212511882185936,0.6219262252087775,0.1383429772747086,0.9955626726150513
34,2,5,0.6257282495498657,0.11965280771255493,0.6068210263204719,0.13648361348561322,0.995316743850708
34,2,6,0.6111646890640259,0.11809755861759186,0.5915838773554793,0.1348585082872506,0.9953139424324036
34,2,7,0.681352436542511,0.14376236498355865,0.6635509276766284,0.14910127334365508,0.9977179765701294
34,2,8,0.5704052448272705,0.13713407516479492,0.5484239839845406,0.1439519801658146,0.9977671504020691
34,2,9,0.6653531193733215,0.1855369657278061,0.6437009445373041,0.2003221315341281,0.998120903968811
34,2,10,0.620323896408081,0.18498335778713226,0.6026002706080443,0.19829492401721951,0.9969148635864258
34,2,11,0.8046668171882629,0.29192930459976196,0.7666453114331347,0.28402355933441265,0.997638463973999
34,2,12,0.3860640227794647,0.2803313434123993,0.37963069528088134,0.27044009719688494,0.9984416365623474
34,2,13,0.8930893540382385,0.5175057649612427,0.8510499228182149,0.5067880312780898,0.7943323850631714
34,2,14,0.24259866774082184,0.4936239719390869,0.24593353596228434,0.48110318624354015,0.6127932667732239
34,2,15,0.6740290522575378,0.5626277923583984,0.7091346808136124,0.5140298644497666,0.6287798881530762
34,2,16,0.4843864142894745,0.5171574354171753,0.46962046387798684,0.5252683425709649,0.6035681366920471
34,2,17,0.5974606871604919,0.5880705714225769,0.6701565461495083,0.5234634493843461,0.5802277326583862
34,2,18,0.5479769706726074,0.5452468991279602,0.5285056106988245,0.5610970273451786,0.5859887599945068
34,2,19,0.5793028473854065,0.555213987827301,0.6515321500399757,0.4904261090019752,0.5956701040267944
34,2,20,0.593497633934021,0.5241708755493164,0.5664867660053532,0.5348674367735391,0.5916999578475952
34,2,21,0.5937591791152954,0.5441149473190308,0.6522744718580169,0.4898872379178432,0.5758458971977234
34,2,22,0.5829668045043945,0.5127134919166565,0.5511702240370608,0.5246849571265597,0.5895509123802185
34,2,23,0.6270498037338257,0.7125579714775085,0.6446790049540307,0.7010630093827442,0.9389103055000305
34,2,24,0.4004913568496704,0.7027493715286255,0.4130983041096563,0.6831725409233353,0.9662526845932007
34,2,25,0.6738873720169067,0.5463508367538452,0.7599852705707725,0.6497591191782627,0.738024890422821
34,2,26,0.27418988943099976,0.5738783478736877,0.3032985827294237,0.6497979755889838,0.8075538873672485
34,2,27,0.43181392550468445,0.9278207421302795,0.48521909305793554,1.0013650566488697,0.5183544158935547
34,2,28,0.5815058350563049,0.8974558711051941,0.5628968296220823,1.0146919915825328,0.48342254757881165
34,2,29,0.4175776243209839,1.0234458446502686,0.4433831594389438,1.0378719190655035,0.5403383374214172
34,2,30,0.6362587809562683,0.9427074790000916,0.6096521316085132,1.0479398501033252,0.5390318036079407
34,2,31,0.409167617559433,1.1346067190170288,0.42714092235306245,1.1620265546339843,0.4288419187068939
34,2,32,0.6947745680809021,0.9926871061325073,0.6798454178312475,1.1307086749199189,0.37719854712486267
35,1,0,0.23474928736686707,0.22704938054084778,0.27779206851368005,0.21146789780197767,0.9973325729370117
35,1,1,0.23318956792354584,0.19273380935192108,0.2850271113552803,0.17963812493610973,0.9971404671669006
35,1,2,0.24886661767959595,0.18825562298297882,0.3019025346894879,0.17634810279999383,0.9976248145103455
35,1,3,0.26596906781196594,0.1833483725786209,0.32066491424349663,0.17274753098467377,0.9975486397743225
35,1,4,0.20474332571029663,0.19395355880260468,0.2522029602794715,0.1815528793053428,0.9958974123001099
35,1,5,0.19817739725112915,0.1913686841726303,0.2460388907569601,0.17965564964912678,0.9956833124160767
35,1,6,0.19235950708389282,0.1894778311252594,0.24008996184181078,0.1777615864577582,0.9956681132316589
35,1,7,0.3360843360424042,0.16444018483161926,0.3810634745527619,0.15535250385517643,0.9979345202445984
35,1,8,0.21725626289844513,0.19340023398399353,0.27122943394321375,0.17359332612350087,0.9979308247566223
35,1,9,0.2922780513763428,0.2434898465871811,0.3464071276252526,0.22241214640809928,0.9982996582984924
35,1,10,0.2500736117362976,0.2479405403137207,0.3120106199691594,0.22749406568164546,0.9971660375595093
35,1,11,0.6404096484184265,0.2734276056289673,0.6916652522924852,0.2366715509202111,0.9978731870651245
35,1,12,0.2768075466156006,0.2791091501712799,0.3224314137972881,0.24285313607928577,0.9985069036483765
35,1,13,0.9137387275695801,0.43587934970855713,0.8637799886296263,0.4266568496362521,0.8140913844108582
35,1,14,0.17469708621501923,0.46131280064582825,0.24137624456987128,0.41474296056818416,0.5909458994865417
35,1,15,0.6991590857505798,0.5598053336143494,0.7282562340627532,0.543770238951751,0.6616384387016296
35,1,16,0.14589202404022217,0.3932199776172638,0.2581447691033208,0.42839122221513753,0.6072261929512024
35,1,17,0.5891427397727966,0.5984890460968018,0.6879066465201749,0.5851760788666412,0.6130491495132446
35,1,18,0.13126130402088165,0.3860067129135132,0.25285981687253,0.44660131814812476,0.5890016555786133
35,1,19,0.5744430422782898,0.5593831539154053,0.6496129343234341,0.5483561778629444,0.6281428933143616
35,1,20,0.14219674468040466,0.3586171865463257,0.2581665302500837,0.4214983579383042,0.5944228172302246
35,1,21,0.6202365159988403,0.5493887662887573,0.6593793244965551,0.5369543519931318,0.607600212097168
35,1,22,0.16722284257411957,0.368655800819397,0.2746226146356157,0.4198518975300775,0.5904818177223206
35,1,23,0.5994046926498413,0.684853732585907,0.6672996423109014,0.6307642411627297,0.9442062973976135
35,1,24,0.35668912529945374,0.679493248462677,0.41182499401604283,0.6192460704298315,0.9682393670082092
35,1,25,0.6043491959571838,0.5857731699943542,0.6660077002394096,0.6733442336449211,0.7617586851119995
35,1,26,0.12103419750928879,0.5801209807395935,0.19364357178361258,0.6448426322366484,0.8221035599708557
35,1,27,0.5763939619064331,1.0127795934677124,0.6092333449884783,1.0211242399027969,0.5507345199584961
35,1,28,0.3127407431602478,0.9822994470596313,0.38182374408784425,1.0128415495744618,0.5104807615280151
35,1,29,0.6068769693374634,1.0208278894424438,0.6199717337883254,1.0558737380149992,0.5665220618247986
35,1,30,0.38946694135665894,0.9762362837791443,0.46321585567361956,1.0450751292990617,0.5610436797142029
35,1,31,0.5890285968780518,1.2427470684051514,0.6142494826418841,1.2088089562124915,0.45902901887893677
35,1,32,0.2735747694969177,1.165919542312622,0.34065421083837844,1.174524636711044,0.40164920687675476
35,2,0,0.6658921241760254,0.1638728678226471,0.6479936629849882,0.1694832509678505,0.9974933862686157
35,2,1,0.6782422065734863,0.13420842587947845,0.6596601891096032,0.1405226485962808,0.9973036050796509
35,2,2,0.6868538856506348,0.13537931442260742,0.6680500761417906,0.14124515034983956,0.9977408647537231
35,2,3,0.6949365735054016,0.13671019673347473,0.6762862436911304,0.14217844539012292,0.9976528882980347
35,2,4,0.6440737843513489,0.13119091093540192,0.6257640919890165,0.13710418248053663,0.9962139129638672
35,2,5,0.6283817291259766,0.13027939200401306,0.6105571330253877,0.13540902358034135,0.9960376024246216
35,2,6,0.6123743653297424,0.12966696918010712,0.5951864354104249,0.13395934540072804,0.9960479140281677
35,2,7,0.6888702511787415,0.1446017622947693,0.6679388360402807,0.14832198440995084,0.9978768825531006
35,2,8,0.5745230913162231,0.13860984146595,0.5529471358222114,0.14302672960938997,0.9981064200401306
35,2,9,0.6672572493553162,0.19591805338859558,0.647783100236251,0.19955937318620115,0.9983898401260376
35,2,10,0.6233115196228027,0.19412587583065033,0.6061890896531774,0.19757287647383331,0.9974155426025391
35,2,11,0.8101086616516113,0.2882518768310547,0.7741817409854101,0.28475587324289103,0.9967553019523621
35,2,12,0.39613068103790283,0.286346435546875,0.3824894288320661,0.2731959266405447,0.9986007809638977
35,2,13,0.9111222624778748,0.5033174157142639,0.861471501226146,0.5061869599321971,0.7912358045578003
35,2,14,0.25039926171302795,0.49329903721809387,0.2467069730251631,0.48321592530451485,0.6302759051322937
35,2,15,0.7436920404434204,0.4872712790966034,0.7151252220913605,0.5093923528657508,0.6325832605361938
35,2,16,0.4961332380771637,0.5172746777534485,0.4742153637879006,0.5238837411856522,0.6396538019180298
35,2,17,0.6811667084693909,0.48782211542129517,0.6720638128254132,0.5172848453140856,0.5888383388519287
35,2,18,0.5647192597389221,0.5399424433708191,0.5347835874497464,0.5574313428170977,0.6168161630630493
35,2,19,0.6330226063728333,0.45040467381477356,0.6483250519345569,0.48348727112355355,0.6029607653617859
35,2,20,0.6056649088859558,0.5187687277793884,0.5732792711858616,0.5320782625316307,0.6218070983886719
35,2,21,0.6624796390533447,0.45539048314094543,0.654042249912342,0.48390724467575125,0.583211362361908
35,2,22,0.5939530730247498,0.5107048749923706,0.5585884970046416,0.5222629989324392,0.6163023114204407
35,2,23,0.6290386915206909,0.7033798098564148,0.6419692922750354,0.7014642397034141,0.930915355682373
35,2,24,0.4133649170398712,0.7008000612258911,0.41314447410089084,0.686226731589813,0.9633683562278748
35,2,25,0.669243574142456,0.5548545122146606,0.7442287941554571,0.6332774750329002,0.7317599058151245
35,2,26,0.31635263562202454,0.6126905083656311,0.30556004884596116,0.6433648488311104,0.8170103430747986
35,2,27,0.4777543842792511,0.9470409750938416,0.4839261422150289,0.9919423285394868,0.5395655035972595
35,2,28,0.5478957295417786,0.9357565641403198,0.5602979126804122,1.000990226234933,0.5024756789207458
35,2,29,0.4402617812156677,0.9894440770149231,0.4428425809487585,1.029473415482786,0.5608156323432922
35,2,30,0.5847727656364441,0.9560926556587219,0.6053405464884212,1.0319906751036285,0.5626716017723083
35,2,31,0.443552702665329,1.0908540487289429,0.42998438575736214,1.1496751814829154,0.4486367404460907
35,2,32,0.5775691270828247,1.0778419971466064,0.6620798610769995,1.1215390916296217,0.39723101258277893
36,1,0,0.20749875903129578,0.230224147439003,0.2655935740975703,0.21471776546771232,0.9976106286048889
36,1,1,0.21492691338062286,0.20012357831001282,0.27286219294770714,0.1831877930596331,0.9974817633628845
36,1,2,0.22999754548072815,0.19782754778862,0.2894237446598198,0.1800701184427694,0.9979084730148315
36,1,3,0.24510535597801208,0.1953352391719818,0.3075504522422085,0.17666171974499376,0.9978238940238953
36,1,4,0.19183769822120667,0.19872820377349854,0.2417304633870433,0.18452868032795955,0.9963898658752441
36,1,5,0.18837514519691467,0.19615453481674194,0.2360358778406812,0.18251419230500193,0.9962436556816101
36,1,6,0.18346646428108215,0.19392795860767365,0.23026771031776103,0.18056249079851,0.9962605237960815
36,1,7,0.3203662633895874,0.1782367080450058,0.37053328535640395,0.1593181065690272,0.9980655908584595
36,1,8,0.22176118195056915,0.19485099613666534,0.2626502087478107,0.17727688700366162,0.9982162714004517
36,1,9,0.2633128762245178,0.249420166015625,0.3319816587411189,0.22709294573401334,0.9985299110412598
36,1,10,0.2298566997051239,0.2498513013124466,0.29774878566688934,0.2313682894387203,0.9975689649581909
36,1,11,0.630657434463501,0.2792496979236603,0.6810810882874351,0.24405428707402055,0.9970753192901611
36,1,12,0.265099436044693,0.28249549865722656,0.31248605479579,0.2497262202532361,0.9985982775688171
36,1,13,0.852307915687561,0.4789327085018158,0.8617926823609283,0.4357237342876074,0.8096848130226135
36,1,14,0.20032362639904022,0.47619307041168213,0.23425832141595634,0.42540399246012556,0.5951653718948364
36,1,15,0.7363499999046326,0.4895712435245514,0.7296581822453512,0.5343693041609548,0.6552783846855164
36,1,16,0.17742820084095,0.43777644634246826,0.24413302442301715,0.4300169265336544,0.6244479417800903
36,1,17,0.6922304630279541,0.5094639658927917,0.6886555025118868,0.5720351764500986,0.6071344614028931
36,1,18,0.1643419712781906,0.4323703646659851,0.2374902375718583,0.44413587648146396,0.6053672432899475
36,1,19,0.6243128776550293,0.4772064983844757,0.6452283783200602,0.5360087983127391,0.6217271685600281
36,1,20,0.16635306179523468,0.40425431728363037,0.2422231662262076,0.41851064265430266,0.610504686832428
36,1,21,0.6588025689125061,0.470981627702713,0.659279445805001,0.5255071660265899,0.5989545583724976
36,1,22,0.18919821083545685,0.41182953119277954,0.25979155389462844,0.4184623224587426,0.6034168004989624
36,1,23,0.5802937150001526,0.6968230605125427,0.6521933503170338,0.6422264509748017,0.9368749260902405
36,1,24,0.3654610216617584,0.6921448707580566,0.4037849085846791,0.6318977230600522,0.9655612111091614
36,1,25,0.5887957811355591,0.6143612861633301,0.6526058850839396,0.663111905790589,0.7562004923820496
36,1,26,0.12029246985912323,0.6227579116821289,0.18091326782608044,0.6410156530445695,0.8292202949523926
36,1,27,0.5427827835083008,1.0406694412231445,0.5977030722604976,1.0245108752577752,0.5726567506790161
36,1,28,0.26830944418907166,0.9747455716133118,0.3620993889677171,1.0062368890453748,0.5277525186538696
36,1,29,0.5689931511878967,1.044250726699829,0.6111301895768267,1.0538602639981052,0.5899239778518677
36,1,30,0.3489639461040497,0.9628056883811951,0.4433628685627781,1.0307932237211583,0.5865211486816406
36,1,31,0.5169129371643066,1.2252352237701416,0.5973444609044101,1.2116549135005976,0.48256126046180725
36,1,32,0.21782253682613373,1.0985286235809326,0.31930499186115485,1.1613342857634918,0.42235469818115234
36,2,0,0.6644573211669922,0.1658877432346344,0.6508461007575717,0.1688605469986836,0.997810423374176
36,2,1,0.6767067909240723,0.13953760266304016,0.662613677457605,0.14035206243210382,0.9976848363876343
36,2,2,0.6845778822898865,0.14117752015590668,0.6709136335411033,0.1412334387568656,0.9980741739273071
36,2,3,0.6915156245231628,0.14309720695018768,0.6789247369923127,0.14233755238956947,0.9979881644248962
36,2,4,0.6439864039421082,0.13472400605678558,0.6289213948127245,0.1366919761190921,0.9967088103294373
36,2,5,0.6275820732116699,0.1329343467950821,0.6135068661193029,0.13498045013552254,0.9965863227844238
36,2,6,0.6096317172050476,0.13148508965969086,0.597689024085341,0.13353084487963346,0.9966108202934265
36,2,7,0.6828165650367737,0.1521647572517395,0.6705163783999488,0.14898751706806596,0.9981316328048706
36,2,8,0.567600429058075,0.13792535662651062,0.5554857774153223,0.14214318570506432,0.9983852505683899
36,2,9,0.6647983193397522,0.19634944200515747,0.6507311482809003,0.19900345345722872,0.9986383318901062
36,2,10,0.6230205297470093,0.19309955835342407,0.6091052800142862,0.1967981245897994,0.9977985620498657
36,2,11,0.7993140816688538,0.29159677028656006,0.7785372239831584,0.28594076001929714,0.9966214299201965
36,2,12,0.3832993805408478,0.2858671247959137,0.38262969224315524,0.2753910432523391,0.9987019896507263
36,2,13,0.8841935396194458,0.4961649179458618,0.8654089909177928,0.5044509136196497,0.8071746826171875
36,2,14,0.248884916305542,0.48938262462615967,0.24708415384416546,0.48428401524008113,0.6345834136009216
36,2,15,0.8004204034805298,0.2951105833053589,0.7299337177068378,0.4720463857417054,0.6639525294303894
36,2,16,0.4960034489631653,0.5239038467407227,0.47799089697201563,0.5238872228811688,0.6563724279403687
36,2,17,0.7724964022636414,0.23510895669460297,0.6895082680730692,0.4680066638393022,0.6147152185440063
36,2,18,0.5604995489120483,0.5464909672737122,0.5392402863524061,0.5555361667447427,0.6317173838615417
36,2,19,0.7753869891166687,0.2092999964952469,0.6704124363328586,0.43561550481701317,0.6268031001091003
36,2,20,0.6044034957885742,0.5276673436164856,0.5786741249648184,0.5313143192207609,0.6359303593635559
36,2,21,0.7692337036132812,0.23657375574111938,0.674059075419322,0.44075845963757093,0.604289174079895
36,2,22,0.5910085439682007,0.5197117924690247,0.5642081782679317,0.5218211708095373,0.6281856298446655
36,2,23,0.6220492720603943,0.6874271631240845,0.638517667538326,0.6990324050079332,0.935375988483429
36,2,24,0.41621729731559753,0.6830911636352539,0.41367664692181555,0.6856836922348218,0.9643594622612
36,2,25,0.604334831237793,0.5939669609069824,0.7199016399579904,0.626461965433227,0.7446468472480774
36,2,26,0.2936467230319977,0.6477512121200562,0.3034962701005534,0.6441245354205406,0.8226172924041748
36,2,27,0.417484849691391,0.9506167769432068,0.47239754032222686,0.9847770427363252,0.5735883116722107
36,2,28,0.5699213147163391,0.914749264717102,0.5619648894356483,0.9860170665998063,0.5162872672080994
36,2,29,0.4016692340373993,1.010406255722046,0.4357037767828661,1.0261696439843142,0.5863659977912903
36,2,30,0.6121520400047302,0.9201362729072571,0.6065203426010165,1.0125556112965868,0.584631621837616
36,2,31,0.3646283745765686,1.1198670864105225,0.4186444768492025,1.1445086573143708,0.48024651408195496
36,2,32,0.6414571404457092,0.9624902606010437,0.6585064120461693,1.0938647074104333,0.4162447154521942
37,1,0,0.16930119693279266,0.2231585532426834,0.24887025113192524,0.21617983485941106,0.9979075193405151
37,1,1,0.18227694928646088,0.1885070502758026,0.25713272318268665,0.1841090805981471,0.997834324836731
37,1,2,0.19411972165107727,0.1875680834054947,0.2728725535625468,0.18136884002455184,0.9982176423072815
37,1,3,0.20732364058494568,0.18695057928562164,0.2901417649633698,0.17844400134512284,0.9981355667114258
37,1,4,0.16767555475234985,0.18685226142406464,0.22887773718239524,0.18493108487961088,0.9968528747558594
37,1,5,0.16860446333885193,0.185726135969162,0.22433502713012476,0.1830704608961626,0.9967591762542725
37,1,6,0.16986817121505737,0.18514245748519897,0.21978925777025055,0.18135571648885518,0.9967607259750366
37,1,7,0.2936572730541229,0.18091727793216705,0.3571898103363944,0.1630608814697589,0.9983000755310059
37,1,8,0.22336675226688385,0.19154156744480133,0.25583940579483516,0.17974817280802394,0.9984342455863953
37,1,9,0.2223907709121704,0.25203609466552734,0.3129411639423556,0.23141561112274667,0.9987582564353943
37,1,10,0.20279930531978607,0.25101545453071594,0.281259330331974,0.2347726151980214,0.9979087710380554
37,1,11,0.6224479079246521,0.28516054153442383,0.6709096193877859,0.2511814933001902,0.996957540512085
37,1,12,0.25760316848754883,0.2979174852371216,0.30296623838481296,0.2580836342761979,0.9985703229904175
37,1,13,0.9059293270111084,0.44186171889305115,0.869446016635951,0.4367868512676887,0.8257405757904053
37,1,14,0.1999693512916565,0.49532589316368103,0.22831432687002082,0.4375378880961331,0.5952506065368652
37,1,15,0.7494663596153259,0.4985426962375641,0.7330904291506227,0.528158518912003,0.6938679218292236
37,1,16,0.17257465422153473,0.4934508204460144,0.23171447947257046,0.44102276169719906,0.6403614282608032
37,1,17,0.6974332928657532,0.5200780630111694,0.6901759603499271,0.5630236956239001,0.645331859588623
37,1,18,0.15839390456676483,0.4849432706832886,0.22376041502301822,0.45121118407750815,0.6201305389404297
37,1,19,0.6743578314781189,0.49365437030792236,0.6502771687625435,0.5286649118564235,0.6567820906639099
37,1,20,0.15994811058044434,0.46283701062202454,0.22794022017051246,0.42619689032662444,0.6244521737098694
37,1,21,0.6865372657775879,0.4894994795322418,0.6640035787443453,0.5192649404371131,0.6338555216789246
37,1,22,0.18381235003471375,0.47239652276039124,0.24660406292689435,0.4278172823061275,0.6157748103141785
37,1,23,0.5675864219665527,0.7039364576339722,0.637504622787514,0.6529326795893088,0.9413382411003113
37,1,24,0.35580360889434814,0.7134369611740112,0.3954639543725814,0.6460525971699884,0.9665260314941406
37,1,25,0.5571746826171875,0.6440795660018921,0.6360326446056087,0.6598141473794599,0.7689900398254395
37,1,26,0.08984353393316269,0.6499245762825012,0.16509944365294743,0.6425588264907696,0.8356719613075256
37,1,27,0.5609011650085449,1.0688340663909912,0.5913230051936313,1.0321965621110596,0.60749351978302
37,1,28,0.2242683619260788,0.9601228833198547,0.3381322543431764,0.9982402247429359,0.5370573401451111
37,1,29,0.599456787109375,1.1110950708389282,0.6091079841963883,1.063788685405006,0.6160998940467834
37,1,30,0.30694666504859924,1.0345244407653809,0.41964273139318475,1.0314394321842035,0.6019887924194336
37,1,31,0.49027109146118164,1.2694414854049683,0.578742914637833,1.2216792487281358,0.5162748694419861
37,1,32,0.1684931367635727,1.17441725730896,0.2930705493742984,1.163600761226213,0.43384623527526855
37,2,0,0.6514517664909363,0.16716483235359192,0.6509509863350899,0.16856688390241756,0.9980809688568115
37,2,1,0.6596474647521973,0.1393519639968872,0.6620999709316155,0.1401788694595149,0.9980135560035706
37,2,2,0.6660402417182922,0.14058071374893188,0.6700695819004172,0.14112040368066264,0.9983603358268738
37,2,3,0.671737551689148,0.1420505791902542,0.6776798591659107,0.14228785660630627,0.9982846975326538
37,2,4,0.6289305090904236,0.1353015899658203,0.6289229731405758,0.13645119188275381,0.9971333742141724
37,2,5,0.6133160591125488,0.1338648498058319,0.6134738237713099,0.13478725434383187,0.9970550537109375
37,2,6,0.5956454277038574,0.13257566094398499,0.5973351115781844,0.1333654302400383,0.9970667958259583
37,2,7,0.6570891737937927,0.15071237087249756,0.6681902432708609,0.14928622674594746,0.9983958601951599
37,2,8,0.5526208877563477,0.14012795686721802,0.55498962006926,0.1417941859387192,0.9985811710357666
37,2,9,0.6471006274223328,0.19662819802761078,0.6501023802934066,0.1985920993962729,0.9988644123077393
37,2,10,0.6080790758132935,0.194865882396698,0.6089275661604815,0.19646349738648228,0.9981096982955933
37,2,11,0.7818233370780945,0.29293379187583923,0.7791063398195838,0.28715200304997845,0.9969139099121094
37,2,12,0.3639610707759857,0.290859580039978,0.3793950205581518,0.2780709868948096,0.998687744140625
37,2,13,0.8831086754798889,0.5133110284805298,0.868475695787699,0.5059856354294066,0.8113594055175781
37,2,14,0.22559629380702972,0.4942324757575989,0.24336068273078795,0.48600731285784465,0.6347593665122986
37,2,15,0.7855292558670044,0.44806647300720215,0.7395773396100854,0.46789075507678163,0.6772145628929138
37,2,16,0.46581727266311646,0.533011794090271,0.47588201176865,0.5254677649279849,0.6720004081726074
37,2,17,0.7535942196846008,0.4404951333999634,0.7006274636712565,0.46323849532064126,0.6331310868263245
37,2,18,0.5315238237380981,0.5574842095375061,0.5379037121956349,0.5558735304435335,0.6494407057762146
37,2,19,0.7449600100517273,0.4090789258480072,0.6833508392206906,0.4310164438760472,0.643728494644165
37,2,20,0.5737126469612122,0.5330772995948792,0.5778148150417094,0.531619631982133,0.653431236743927
37,2,21,0.7386541962623596,0.41811761260032654,0.6852667982173526,0.43683503437070664,0.6219679117202759
37,2,22,0.5569828152656555,0.5263633131980896,0.5629566865771024,0.5226078443344558,0.6443396210670471
37,2,23,0.5889267921447754,0.688461422920227,0.6299171892966544,0.6972012397078279,0.9427347779273987
37,2,24,0.37643203139305115,0.681706964969635,0.4072197553689035,0.6849949575850303,0.9666573405265808
37,2,25,0.5794762372970581,0.6246153116226196,0.6954815737640343,0.626142159863276,0.7739942669868469
37,2,26,0.29791587591171265,0.653965413570404,0.30252974683121925,0.6458291855217765,0.8381156325340271
37,2,27,0.3864459991455078,0.9729194641113281,0.45747485835584106,0.9827229199236606,0.624920129776001
37,2,28,0.5955362915992737,0.9002243280410767,0.5677843495723155,0.971121917847082,0.5367040634155273
37,2,29,0.3556493818759918,1.0436793565750122,0.42180740512918813,1.0292034058244908,0.6267760396003723
37,2,30,0.6383150815963745,0.9127073287963867,0.612031535911863,0.9952128581335042,0.6084993481636047
37,2,31,0.29854243993759155,1.1631252765655518,0.39777136286012194,1.1477343098393908,0.5288909673690796
37,2,32,0.6691022515296936,1.0413227081298828,0.6603418926614414,1.0847515116362865,0.43736255168914795
38,1,0,0.14709532260894775,0.20327064394950867,0.23119184276447358,0.21394347479184786,0.9981149435043335
38,1,1,0.16579589247703552,0.15076524019241333,0.2412723781524819,0.17832911903646081,0.9980771541595459
38,1,2,0.17979854345321655,0.15118198096752167,0.25670970930816434,0.17613661895993707,0.9984480738639832
38,1,3,0.19800278544425964,0.15110333263874054,0.2741417376765849,0.17370550922334077,0.9983633756637573
38,1,4,0.15132039785385132,0.15231645107269287,0.2154157236689628,0.17927765036087576,0.99715656042099
38,1,5,0.15321975946426392,0.153917595744133,0.2119935812167844,0.1780176158336197,0.9971441030502319
38,1,6,0.15630507469177246,0.1554429531097412,0.20877464458464398,0.17686489048587975,0.9971005320549011
38,1,7,0.30443742871284485,0.16759909689426422,0.34804012450641303,0.16384687514375534,0.9985279440879822
38,1,8,0.2509807050228119,0.17125076055526733,0.2549978953882827,0.17827629459975997,0.9985947608947754
38,1,9,0.20819534361362457,0.2552439272403717,0.29474507510913983,0.23554493677525395,0.9989564418792725
38,1,10,0.1897171586751938,0.25331640243530273,0.26536321883745284,0.23798564852215204,0.998191773891449
38,1,11,0.632189929485321,0.29175764322280884,0.6641966812637092,0.258216675492907,0.9972198605537415
38,1,12,0.2620011568069458,0.2981456220149994,0.29586352881865235,0.26502956111537895,0.9986454248428345
38,1,13,0.9076589345932007,0.45563071966171265,0.8760709924132374,0.4400519103373648,0.8292427062988281
38,1,14,0.2147822380065918,0.5336900949478149,0.22597000224926994,0.4542367851996248,0.5969035029411316
38,1,15,0.7386286854743958,0.5627014636993408,0.7340496545518547,0.5341465688107481,0.7039980888366699
38,1,16,0.16589747369289398,0.5559417605400085,0.22029428485227262,0.4609920928709185,0.6508641242980957
38,1,17,0.6796025037765503,0.6094189286231995,0.6883443655934108,0.5710692089330329,0.6602948307991028
38,1,18,0.14786803722381592,0.5835629105567932,0.21058801398555302,0.4742217496242406,0.6375423073768616
38,1,19,0.6543352603912354,0.571630597114563,0.6509799977862591,0.536114916910558,0.6704899072647095
38,1,20,0.15442003309726715,0.5544785261154175,0.21518046706530672,0.44849711559454286,0.6433591246604919
38,1,21,0.6655146479606628,0.5604628324508667,0.6642652640014689,0.5264080438031423,0.6486561894416809
38,1,22,0.179886594414711,0.5492491722106934,0.23502731984666925,0.44892245042533785,0.634446918964386
38,1,23,0.5556629300117493,0.7008389830589294,0.6232971382631776,0.6612406265439741,0.9480015635490417
38,1,24,0.33623257279396057,0.7110278010368347,0.38518853420709015,0.6573264275715321,0.9686031341552734
38,1,25,0.5574011206626892,0.6571968197822571,0.6223837976162542,0.6593608639344802,0.7952305674552917
38,1,26,0.08297231048345566,0.6495518088340759,0.1508422691060802,0.6437700580209019,0.8486332297325134
38,1,27,0.5591350197792053,1.0744314193725586,0.58574359105132,1.0395196760164331,0.6534926891326904
38,1,28,0.2077474296092987,1.0117170810699463,0.31546490385572323,1.0005749666652635,0.5530048608779907
38,1,29,0.5884329676628113,1.1121548414230347,0.6055254447528112,1.07217645306418,0.6515519022941589
38,1,30,0.2844615876674652,1.032688021659851,0.3961381521548945,1.031655659006529,0.6250762343406677
38,1,31,0.46878957748413086,1.3051248788833618,0.5596393446526589,1.2361658480668343,0.5583107471466064
38,1,32,0.14548178017139435,1.221752405166626,0.2673991476348647,1.1736885128549124,0.450993150472641
38,2,0,0.6391592025756836,0.16626156866550446,0.6489082722578643,0.16816764313330582,0.9982666969299316
38,2,1,0.6488059163093567,0.13537296652793884,0.6597969115241351,0.13934650753472394,0.9982221126556396
38,2,2,0.6554585099220276,0.13658587634563446,0.6675382625021499,0.14033504926573567,0.9985594153404236
38,2,3,0.6615296006202698,0.1377558410167694,0.6748817514462818,0.14150293727472624,0.9984747767448425
38,2,4,0.6176126599311829,0.1314675658941269,0.6269636934480869,0.13558804446579822,0.9974035024642944
38,2,5,0.602156937122345,0.12991438806056976,0.6115134049339861,0.13394329295034182,0.9974011778831482
38,2,6,0.5845833420753479,0.12841978669166565,0.5951260333708109,0.13250886223518685,0.9973709583282471
38,2,7,0.6492999196052551,0.14915189146995544,0.6649171369858131,0.14926296371638095,0.9985878467559814
38,2,8,0.5401729941368103,0.13627707958221436,0.5524226729847765,0.1408386261912517,0.9987266659736633
38,2,9,0.634901225566864,0.1985534280538559,0.6474687842122477,0.19858540264438584,0.9990408420562744
38,2,10,0.596708357334137,0.19650223851203918,0.6068107810605458,0.19647020622301245,0.9983654022216797
38,2,11,0.7510848641395569,0.29483917355537415,0.774249760259993,0.2884835036312829,0.9970085620880127
38,2,12,0.342655211687088,0.28908073902130127,0.3730257366024828,0.2799781849091724,0.9987586140632629
38,2,13,0.8810172080993652,0.47472083568573,0.8706483414729512,0.5005664006778624,0.8115675449371338
38,2,14,0.2241876870393753,0.5161454081535339,0.24003856786172434,0.491231077798945,0.6366945505142212
38,2,15,0.788520336151123,0.41456231474876404,0.7480653169613448,0.4586409932183416,0.6783592700958252
38,2,16,0.4681313931941986,0.5426238775253296,0.4745395196462133,0.5284402337241265,0.683186411857605
38,2,17,0.7700762748718262,0.4014798700809479,0.7126790828268571,0.4525237882592816,0.6379238963127136
38,2,18,0.5246402025222778,0.5711913108825684,0.535605946506659,0.558527342905781,0.6680639982223511
38,2,19,0.757136881351471,0.3728882968425751,0.6961567863635786,0.4209326965683361,0.6473173499107361
38,2,20,0.573292076587677,0.548697829246521,0.5770315033872291,0.5345785941985188,0.6734214425086975
38,2,21,0.7448854446411133,0.3828667104244232,0.6956095261435326,0.42747409084109295,0.6276529431343079
38,2,22,0.5615534782409668,0.5412931442260742,0.5627136819568589,0.525845409044353,0.6643707156181335
38,2,23,0.5819951891899109,0.681560218334198,0.6216065530483846,0.694491400356133,0.9469361901283264
38,2,24,0.3465172350406647,0.6731509566307068,0.3966886834974615,0.6829431940543429,0.9676872491836548
38,2,25,0.5775195956230164,0.6487687230110168,0.6749816106676451,0.6300630688322422,0.7982121706008911
38,2,26,0.32131630182266235,0.6551350355148315,0.30578486486610673,0.6474411324257695,0.8497540354728699
38,2,27,0.36507448554039,0.9706339836120605,0.4414294192393407,0.9806287046809793,0.6623021364212036
38,2,28,0.5844833254814148,0.9219635128974915,0.5706775793231126,0.9625965071478456,0.5459109544754028
38,2,29,0.3424816429615021,1.037257432937622,0.40803779123803574,1.030598463817537,0.6552332639694214
38,2,30,0.6195831894874573,0.931190013885498,0.6133395608413404,0.9841045846324254,0.6260548233985901
38,2,31,0.28006500005722046,1.1694717407226562,0.3773160090754015,1.1515010515704969,0.5609792470932007
38,2,32,0.6523377299308777,1.0630848407745361,0.6589554768086419,1.0809970022592077,0.4480974078178406
39,1,0,0.13243046402931213,0.2006058692932129,0.21403842300258294,0.21163286704552292,0.9983468055725098
39,1,1,0.15175144374370575,0.15279465913772583,0.22572819419453108,0.17390390507392067,0.9983193278312683
39,1,2,0.16485068202018738,0.15255406498908997,0.2407584248683666,0.17204991709853382,0.9986624717712402
39,1,3,0.18154479563236237,0.15342585742473602,0.2580619558534017,0.1701915274401763,0.9985707998275757
39,1,4,0.138091042637825,0.15320757031440735,0.20199418306653222,0.17475953852695042,0.997491717338562
39,1,5,0.1401258409023285,0.15386898815631866,0.1995212662895356,0.17383274547659697,0.9975353479385376
39,1,6,0.14352168142795563,0.15461114048957825,0.19745254360001582,0.17300861506128734,0.9974445104598999
39,1,7,0.28989723324775696,0.17225481569766998,0.33795384776466303,0.16530325296619242,0.9987158179283142
39,1,8,0.24045297503471375,0.17298118770122528,0.25247803271706304,0.17735919151005702,0.9987712502479553
39,1,9,0.19363726675510406,0.25350257754325867,0.2771828668787952,0.23865635542612695,0.9991256594657898
39,1,10,0.17714671790599823,0.2510063648223877,0.25004612226368145,0.24024133934156827,0.9984633922576904
39,1,11,0.6220034956932068,0.29172658920288086,0.6568807725146371,0.2640254657248793,0.9973052144050598
39,1,12,0.23456141352653503,0.30600881576538086,0.28522820848679253,0.2721347190813746,0.9986976385116577
39,1,13,0.9147493839263916,0.45580580830574036,0.882776759836749,0.4427813193287383,0.8298863768577576
39,1,14,0.14700265228748322,0.5270389914512634,0.21226266887881035,0.46687162385579745,0.6162261366844177
39,1,15,0.7348607778549194,0.5598558783531189,0.7341901210101642,0.5386021175095487,0.7080531120300293
39,1,16,0.12951640784740448,0.533009946346283,0.20453124024859,0.4734905013973246,0.6865394711494446
39,1,17,0.6777918934822083,0.6054466962814331,0.6865164069348948,0.5770285452122627,0.6691226363182068
39,1,18,0.11862167716026306,0.5563554763793945,0.19461802135484146,0.4884800464742217,0.6748290061950684
39,1,19,0.6509600281715393,0.5594819784164429,0.6509765396332137,0.5401642501396948,0.6778382658958435
39,1,20,0.12644299864768982,0.530545175075531,0.19977266682227046,0.4627405000292184,0.6808611750602722
39,1,21,0.6623290181159973,0.548685610294342,0.6639299438372881,0.5302684506038227,0.6585119962692261
39,1,22,0.1518135368824005,0.526879608631134,0.2205810168104878,0.4624540068831886,0.6717318892478943
39,1,23,0.5461956858634949,0.7101868987083435,0.6099144397967952,0.6697291880146216,0.9518905878067017
39,1,24,0.3174700140953064,0.7176237106323242,0.3734377778843385,0.6677871238663601,0.9698739647865295
39,1,25,0.5424169301986694,0.6985340714454651,0.6085025915265153,0.6661524642949179,0.8168197274208069
39,1,26,0.07980027794837952,0.6557289958000183,0.13851355451409583,0.6458417364586664,0.8601210117340088
39,1,27,0.5423824787139893,1.0845286846160889,0.5782249231041213,1.0473244550519587,0.6856400370597839
39,1,28,0.2070128619670868,1.0155783891677856,0.2966228861179885,1.003174291626511,0.5673729777336121
39,1,29,0.572449803352356,1.110995888710022,0.5997920079402421,1.0789066823718658,0.6765941381454468
39,1,30,0.28680723905563354,1.0423353910446167,0.37714292598310395,1.0335056666746825,0.6451295614242554
39,1,31,0.46940410137176514,1.3110158443450928,0.5439708643287181,1.2491568642831994,0.5845903158187866
39,1,32,0.1283978521823883,1.2175596952438354,0.24322756783627195,1.181295732650146,0.4676069915294647
39,2,0,0.6274086833000183,0.1666446030139923,0.6451827687325509,0.1679038851021216,0.9984427690505981
39,2,1,0.6343733072280884,0.13523556292057037,0.6553909253000276,0.13863452430341938,0.9983980655670166
39,2,2,0.6404058933258057,0.13616570830345154,0.6628359009126723,0.13961295098317672,0.9987097978591919
39,2,3,0.6457282304763794,0.1373971551656723,0.6698287935503945,0.14079184826598445,0.9986186623573303
39,2,4,0.6028898358345032,0.13103967905044556,0.6227917913931414,0.13480029303458183,0.9976766109466553
39,2,5,0.5868361592292786,0.12905921041965485,0.6072368605787893,0.13309738865799864,0.9977303147315979
39,2,6,0.5687613487243652,0.12728680670261383,0.590556825697238,0.13160441313109372,0.9976676106452942
39,2,7,0.627983808517456,0.14961472153663635,0.6585142686106941,0.14932387851723264,0.9986599683761597
39,2,8,0.5232194662094116,0.13634419441223145,0.5473610953970891,0.14006021703631472,0.9988775253295898
39,2,9,0.6196366548538208,0.1990162581205368,0.6426450443070073,0.19866001516465936,0.9991709589958191
39,2,10,0.5828711986541748,0.19733962416648865,0.6026621649588954,0.19662076789207086,0.9986024498939514
39,2,11,0.7289723753929138,0.2940908968448639,0.7663983803550212,0.2894547037074053,0.9967164397239685
39,2,12,0.3210761249065399,0.2912753224372864,0.3640155376341714,0.28193518304361154,0.9987862706184387
39,2,13,0.8406528830528259,0.4567915201187134,0.8654493305099729,0.4929758990660846,0.8113043904304504
39,2,14,0.16770896315574646,0.49850183725357056,0.2274859707032046,0.49249043600891523,0.6541113257408142
39,2,15,0.7158316373825073,0.38154152035713196,0.7424779884457738,0.4452586382841385,0.6786423325538635
39,2,16,0.44434186816215515,0.5331375598907471,0.46930542598795805,0.5292537880065531,0.7146909236907959
39,2,17,0.6813989281654358,0.36754316091537476,0.7072571921239713,0.4377699613401527,0.6411693692207336
39,2,18,0.5010958313941956,0.5653758645057678,0.5296236087931333,0.5597135504918205,0.6998903155326843
39,2,19,0.6621484160423279,0.3423490822315216,0.6902615278097195,0.4072920943727674,0.648642897605896
39,2,20,0.5527936816215515,0.543368935585022,0.5728311670709006,0.5361012263242447,0.705453097820282
39,2,21,0.6593090295791626,0.35331279039382935,0.6893164985663321,0.4146028386015728,0.63180011510849
39,2,22,0.5411649346351624,0.5357338786125183,0.5589796552733557,0.527558311702442,0.6964175701141357
39,2,23,0.5839568972587585,0.6739397644996643,0.6150793570435831,0.690930261071964,0.9503582119941711
39,2,24,0.3436444103717804,0.6632790565490723,0.387488322057205,0.6795359293653043,0.9683358669281006
39,2,25,0.5431971549987793,0.6558877229690552,0.6520699958775016,0.6345386013403568,0.8207162618637085
39,2,26,0.2958775460720062,0.653121829032898,0.3040686960702711,0.6484250283969292,0.8602822422981262
39,2,27,0.3436734676361084,0.9746659994125366,0.4244512263437166,0.9795959517217762,0.6972510814666748
39,2,28,0.5501735210418701,0.9037771224975586,0.5671246924479383,0.9523926651911991,0.5650461912155151
39,2,29,0.31716468930244446,1.0320844650268555,0.39225827370439187,1.030855806999777,0.680347204208374
39,2,30,0.5852813124656677,0.9147511720657349,0.6084766036469434,0.9720695113642984,0.6464189887046814
39,2,31,0.2574288845062256,1.161509394645691,0.35648026673464006,1.153234723355861,0.5923476219177246
39,2,32,0.6131139993667603,1.04232919216156,0.6510061566906581,1.0742930379930125,0.46909743547439575
40,1,0,0.21117064356803894,0.21317169070243835,0.21354176195876703,0.21189935868159496,0.9985465407371521
40,1,1,0.2287721484899521,0.1660325974225998,0.22625536344190927,0.17254050265411008,0.9985074400901794
40,1,2,0.2447778433561325,0.1660034954547882,0.24145455078884892,0.17100266374759193,0.9988104104995728
40,1,3,0.26203909516334534,0.16583111882209778,0.2587507584020888,0.16943633352206827,0.998720109462738
40,1,4,0.20926176011562347,0.1661641150712967,0.20325298438484155,0.17327067830328138,0.9978076815605164
40,1,5,0.20961137115955353,0.1660495400428772,0.20126910045575525,0.1724846068902536,0.9978779554367065
40,1,6,0.20964229106903076,0.16597703099250793,0.1995642175250523,0.17179069325358476,0.997794508934021
40,1,7,0.3434610962867737,0.16841073334217072,0.3389076966848525,0.16584142805655328,0.9987841248512268
40,1,8,0.27720561623573303,0.1754593402147293,0.25676329963432154,0.17703017420877687,0.9989398121833801
40,1,9,0.2583889663219452,0.24621619284152985,0.2739264539774299,0.2399657962930315,0.9992474317550659
40,1,10,0.23263439536094666,0.2480621039867401,0.24702932537356664,0.24159598592798057,0.9987080693244934
40,1,11,0.6336934566497803,0.2881034314632416,0.6528626003098477,0.26819808850588406,0.9970428943634033
40,1,12,0.23181772232055664,0.301624596118927,0.275964201049594,0.27724603651072766,0.9988176822662354
40,1,13,0.8906522393226624,0.4527222514152527,0.8841408880226784,0.44450331384472835,0.8296985626220703
40,1,14,0.1207667887210846,0.5135579109191895,0.19637463613489126,0.4749676971748783,0.6456379294395447
40,1,15,0.6906688213348389,0.5607455968856812,0.7266436564597061,0.5424392786435384,0.707349956035614
40,1,16,0.12553592026233673,0.5301481485366821,0.19081900461438675,0.48331868389554394,0.718585193157196
40,1,17,0.6446717977523804,0.603845477104187,0.6792610319130676,0.581676203691948,0.6695323586463928
40,1,18,0.11650272458791733,0.556784451007843,0.1810588924324034,0.5003326868192014,0.7042828798294067
40,1,19,0.6176870465278625,0.5704419016838074,0.6452060086108912,0.5454122254583951,0.676646888256073
40,1,20,0.12984083592891693,0.5317851305007935,0.18763699418198904,0.4747218523469867,0.7104013562202454
40,1,21,0.6241852641105652,0.5553816556930542,0.6570391136208419,0.5346206068359186,0.6594045758247375
40,1,22,0.15461234748363495,0.5276573896408081,0.2091344624167141,0.4737674835998421,0.7010359168052673
40,1,23,0.544623851776123,0.7138723134994507,0.5985857915099032,0.677383653332453,0.9549466967582703
40,1,24,0.3175395131111145,0.7150678038597107,0.3637415480816815,0.6759864257409266,0.970474362373352
40,1,25,0.5195441246032715,0.693787157535553,0.5930563861736451,0.6709419372706693,0.8365663290023804
40,1,26,0.08929052948951721,0.6483708620071411,0.12997691794125296,0.6462797395576083,0.8689469695091248
40,1,27,0.5609616041183472,1.0847238302230835,0.575233867406854,1.0538082091653118,0.7162289023399353
40,1,28,0.21176542341709137,0.9950636029243469,0.28189049360554597,1.0017694151412366,0.5826637148857117
40,1,29,0.5929896831512451,1.121826410293579,0.5986138018089698,1.0863487088845536,0.6992493867874146
40,1,30,0.2853241264820099,1.0273839235305786,0.3611986151616378,1.0324453634500421,0.6625603437423706
40,1,31,0.5326922535896301,1.2849076986312866,0.5420170738436173,1.2553545329662212,0.6110681295394897
40,1,32,0.14037804305553436,1.1814512014389038,0.2253618780699582,1.1813226554161882,0.48426830768585205
40,2,0,0.6460137367248535,0.17030371725559235,0.6453266717150608,0.16831949575072164,0.9984197616577148
40,2,1,0.6526321172714233,0.13680386543273926,0.6549131410889381,0.13831749033881816,0.9983595013618469
40,2,2,0.6595422029495239,0.13745489716529846,0.6622654725988012,0.13923921500199493,0.9986323118209839
40,2,3,0.6653913259506226,0.1382342129945755,0.6690602518449599,0.14034890666744257,0.9985005259513855
40,2,4,0.6188715100288391,0.1342112272977829,0.6221128336922798,0.13469828228963324,0.997828483581543
40,2,5,0.6014299392700195,0.1328866183757782,0.6062310966366689,0.13306088918505052,0.9979373812675476
40,2,6,0.5830129384994507,0.1319493055343628,0.5892501494515896,0.1316641390157613,0.9979143738746643
40,2,7,0.6462681889533997,0.14699527621269226,0.6563928259376924,0.14892060455639103,0.9983604550361633
40,2,8,0.536782443523407,0.14065004885196686,0.545528600502633,0.1401623604482199,0.9989928603172302
40,2,9,0.6410459280014038,0.19942303001880646,0.6423681109658939,0.19879215002865755,0.9991766810417175
40,2,10,0.6000568270683289,0.20131969451904297,0.602210961543888,0.19743459937351251,0.9987849593162537
40,2,11,0.7780463695526123,0.2940691411495209,0.7684161786677534,0.29025390006124424,0.9945636987686157
40,2,12,0.3375582695007324,0.29060041904449463,0.35943026751841406,0.283436139308468,0.9988526701927185
40,2,13,0.8702183365821838,0.5028728246688843,0.8662753020943089,0.49469026644954445,0.7854278683662415
40,2,14,0.1751386821269989,0.49682655930519104,0.21840668247414421,0.49324142366051277,0.6803488731384277
40,2,15,0.7738375663757324,0.5492038726806641,0.7479136758788669,0.4633150626702038,0.6513000130653381
40,2,16,0.46441563963890076,0.5353533625602722,0.46845853391239484,0.5303102494869265,0.7425093650817871
40,2,17,0.7624088525772095,0.5705973505973816,0.7168236903845463,0.4608634270377451,0.618247926235199
40,2,18,0.5316182971000671,0.5695272088050842,0.5299690512283826,0.5614134901747464,0.7245174050331116
40,2,19,0.7438375949859619,0.5374234914779663,0.699554294480964,0.42991501128169307,0.6254686117172241
40,2,20,0.5918745398521423,0.5475298762321472,0.576130811487523,0.538081013996627,0.7303640246391296
40,2,21,0.7331610918045044,0.5326966047286987,0.696919118874787,0.4351256847019029,0.6113981008529663
40,2,22,0.5684126019477844,0.5389972925186157,0.5606136296616133,0.5295398897013222,0.7207531332969666
40,2,23,0.6277931332588196,0.6896292567253113,0.617281852216562,0.6907049564510039,0.9261226058006287
40,2,24,0.3791763484477997,0.6808481216430664,0.386048571171023,0.679763171670874,0.9573971629142761
40,2,25,0.5885145664215088,0.6325600147247314,0.6410429822544013,0.6341959468716241,0.8077566027641296
40,2,26,0.2979484796524048,0.6581974029541016,0.303008658633739,0.6501178113956935,0.8577149510383606
40,2,27,0.408782035112381,0.9600169062614441,0.42173649937164376,0.9762034334332592,0.6883208751678467
40,2,28,0.4697168469429016,0.9466548562049866,0.5502071473131567,0.9513988695862589,0.5605172514915466
40,2,29,0.38150131702423096,0.9960103034973145,0.3903948805653301,1.0248152609849326,0.6778669953346252
40,2,30,0.5047929883003235,0.9703503847122192,0.5904657210124256,0.971771792143288,0.6494106650352478
40,2,31,0.326644629240036,1.0868483781814575,0.3513089580085191,1.1417156047163262,0.5814534425735474
40,2,32,0.46560534834861755,1.0735474824905396,0.6187214507014883,1.0741639259163553,0.46444618701934814
41,1,0,0.23099902272224426,0.1915360689163208,0.2165664209813538,0.20837087544578514,0.998492419719696
41,1,1,0.2646486759185791,0.14991138875484467,0.23291160574120495,0.16861913713429366,0.998444139957428
41,1,2,0.2804255485534668,0.15190647542476654,0.24821106221763065,0.16769386499056013,0.9987197518348694
41,1,3,0.29736775159835815,0.1535589098930359,0.26544582282698526,0.1666855166705865,0.9985931515693665
41,1,4,0.2459384948015213,0.1445865035057068,0.21065432438668624,0.16829913596235876,0.9978620409965515
41,1,5,0.24710047245025635,0.1425301432609558,0.20921666144764126,0.16729270001206833,0.9979884028434753
41,1,6,0.25056612491607666,0.1408264935016632,0.20840977028837476,0.1664236094702942,0.9979493021965027
41,1,7,0.38879159092903137,0.16250942647457123,0.34755905565098816,0.16526436531382818,0.998504102230072
41,1,8,0.33865904808044434,0.15537093579769135,0.27098012438952557,0.1732769869602778,0.9989756345748901
41,1,9,0.2718929946422577,0.23789358139038086,0.2735742949604893,0.2396069271759018,0.9992470145225525
41,1,10,0.24922743439674377,0.23651905357837677,0.24740999683853665,0.24071667606746516,0.9988312125205994
41,1,11,0.6484636664390564,0.2900470197200775,0.6521007315486261,0.271984173720661,0.9951030015945435
41,1,12,0.2752048671245575,0.29795944690704346,0.27583270327668297,0.28083523086072537,0.9986229538917542
41,1,13,0.8853353261947632,0.4798220098018646,0.884347737522258,0.45062597646707825,0.8063778877258301
41,1,14,0.1599082350730896,0.5163129568099976,0.19005277240629426,0.4821364082723679,0.6662949919700623
41,1,15,0.7093327045440674,0.601167619228363,0.7236443486833538,0.5526272740147896,0.6829925775527954
41,1,16,0.13402779400348663,0.48848190903663635,0.1809675833734333,0.4842129446871892,0.7467618584632874
41,1,17,0.6760942339897156,0.6521404981613159,0.6787125829260499,0.5939044153704073,0.6480369567871094
41,1,18,0.12095658481121063,0.49228188395500183,0.17063206372840425,0.49893819044225685,0.7277535796165466
41,1,19,0.641897439956665,0.6209275126457214,0.6446330045908828,0.5585189430637653,0.65494704246521
41,1,20,0.13038897514343262,0.46425938606262207,0.17770619706735402,0.4729094950101829,0.7336228489875793
41,1,21,0.6496732831001282,0.6044632792472839,0.6557632858110931,0.5467407046880949,0.639754056930542
41,1,22,0.15353630483150482,0.47250834107398987,0.19949034987746955,0.4735494293809829,0.7222030758857727
41,1,23,0.5501182675361633,0.7548272609710693,0.590180375710555,0.6908258724727616,0.9329103827476501
41,1,24,0.3340950012207031,0.7411970496177673,0.3586030459709633,0.6873011745201468,0.9601209759712219
41,1,25,0.5311718583106995,0.7048560976982117,0.5823198393890846,0.6768208423376609,0.8246610164642334
41,1,26,0.10417082160711288,0.647415816783905,0.12550457252486105,0.6464764813298037,0.8658867478370667
41,1,27,0.5243683457374573,1.1116079092025757,0.5664119737622182,1.0638348110919973,0.7089514136314392
41,1,28,0.14214065670967102,0.9623811841011047,0.2575881608582235,0.9949404498221183,0.5755549073219299
41,1,29,0.5479580163955688,1.156002163887024,0.5898283354585082,1.0984358985239293,0.6994147300720215
41,1,30,0.23379094898700714,1.0556665658950806,0.3390507269560229,1.03646939857831,0.6659966111183167
41,1,31,0.47838661074638367,1.2786102294921875,0.5309770527309583,1.2593845644580668,0.6037942171096802
41,1,32,0.0925542414188385,1.1635180711746216,0.20227155515448927,1.1782377721412622,0.4769804775714874
41,2,0,0.6205471158027649,0.16078990697860718,0.6410323830039715,0.1670152962542918,0.9985743761062622
41,2,1,0.6291700005531311,0.12993039190769196,0.6504517342383453,0.13686472420898094,0.998525083065033
41,2,2,0.6367978453636169,0.13127456605434418,0.65785184996357,0.1378596407240498,0.9987761974334717
41,2,3,0.6440247893333435,0.13285911083221436,0.6647215810055617,0.13905160125696991,0.9986527562141418
41,2,4,0.5975046157836914,0.12580506503582,0.6178482595981275,0.13315782565887874,0.9980111718177795
41,2,5,0.5817309617996216,0.12396691739559174,0.6019852669085256,0.13148564894704506,0.998138427734375
41,2,6,0.56523597240448,0.1224704161286354,0.5850885959654898,0.13007161531027,0.9981213808059692
41,2,7,0.6363162398338318,0.14577561616897583,0.6529140512562689,0.14837593316378148,0.9985045790672302
41,2,8,0.5242434740066528,0.13366083800792694,0.5418402819068268,0.13903626704542024,0.9990577697753906
41,2,9,0.6208356618881226,0.1960233449935913,0.6386369084630303,0.19831263415491757,0.9992753267288208
41,2,10,0.5815420150756836,0.19457043707370758,0.5986294821411886,0.19693856762007148,0.9989267587661743
41,2,11,0.7625856399536133,0.2952260673046112,0.7674063236115644,0.2911150625974514,0.9949362277984619
41,2,12,0.3321414291858673,0.2874625027179718,0.35470076087514585,0.28413347203852674,0.9987141489982605
41,2,13,0.8585879802703857,0.4885273873806,0.8649437766247703,0.4936228383350492,0.7858902812004089
41,2,14,0.18753747642040253,0.48479118943214417,0.21305607335868817,0.4917777189934597,0.6988382339477539
41,2,15,0.7354592084884644,0.49116525053977966,0.7457561218649326,0.4681419305620834,0.6570451855659485
41,2,16,0.43461114168167114,0.5196232199668884,0.46259119393444603,0.5284589743174449,0.7689085602760315
41,2,17,0.7107086181640625,0.5042906999588013,0.7157645459231252,0.468393559481311,0.6259061098098755
41,2,18,0.49414828419685364,0.5545069575309753,0.5237592651617576,0.5602172325864533,0.748121976852417
41,2,19,0.6848533153533936,0.47058311104774475,0.6970073957202074,0.4369661288554421,0.6328732371330261
41,2,20,0.5437819361686707,0.5359529852867126,0.5705234885691478,0.5377124781759097,0.7535136938095093
41,2,21,0.6799978613853455,0.47152456641197205,0.6939873670596423,0.44143579062952004,0.6191844940185547
41,2,22,0.5258126854896545,0.5270345211029053,0.5545808232591881,0.5291060005764902,0.7421433329582214
41,2,23,0.6007685661315918,0.6841148138046265,0.6144208147227822,0.6895635107923256,0.9286041855812073
41,2,24,0.3636133074760437,0.6714514493942261,0.3821608182792692,0.6783234653511108,0.9566531181335449
41,2,25,0.5905889868736267,0.5747939944267273,0.6322925384556184,0.6238908813962022,0.8167831897735596
41,2,26,0.22679899632930756,0.6489524841308594,0.28978114815386813,0.6499160034349556,0.8650054931640625
41,2,27,0.3911948800086975,0.9372681975364685,0.41644272318413916,0.9694530902387535,0.705707311630249
41,2,28,0.47092539072036743,0.8986152410507202,0.5364451466485873,0.9422437603271646,0.5725507140159607
41,2,29,0.35742905735969543,0.9782966375350952,0.3846805057903263,1.016748326911666,0.6966394186019897
41,2,30,0.5150105357170105,0.9186105728149414,0.5773694527817587,0.9625510783759669,0.666079044342041
41,2,31,0.3191443383693695,1.0712924003601074,0.3457335870479194,1.1294945391505808,0.5962163805961609
41,2,32,0.5293045043945312,0.9666546583175659,0.6031953855119232,1.0554862309219437,0.47370967268943787
42,1,0,0.32946833968162537,0.15863622725009918,0.23618397841781724,0.19974541686168118,0.9986901879310608
42,1,1,0.39729398488998413,0.12830550968647003,0.26151828040016517,0.1616295371496891,0.9986493587493896
42,1,2,0.41172829270362854,0.13074657320976257,0.2766664400189391,0.16128856991213392,0.9988831877708435
42,1,3,0.42441698908805847,0.13364185392856598,0.29310633226357113,0.1609576382889715,0.9987707734107971
42,1,4,0.3819904327392578,0.12614180147647858,0.24047733699368132,0.16098946783570767,0.9981588125228882
42,1,5,0.39301222562789917,0.12588408589363098,0.2412202917383202,0.1601130139504197,0.9982761144638062
42,1,6,0.41291719675064087,0.12552279233932495,0.24404189475222637,0.15933207647984018,0.9982534646987915
42,1,7,0.5435219407081604,0.15749606490135193,0.38169373363786807,0.16391880927319138,0.9986470341682434
42,1,8,0.39364805817604065,0.1380079686641693,0.2923009001834883,0.16716295109415838,0.9991050362586975
42,1,9,0.3637371063232422,0.2150437980890274,0.28923009044497183,0.2353501731526924,0.999342679977417
42,1,10,0.35086438059806824,0.20506040751934052,0.26538088921055863,0.23453543805074026,0.9990026950836182
42,1,11,0.6596095561981201,0.28439992666244507,0.6534013316152543,0.2741350235748693,0.9954395294189453
42,1,12,0.28463754057884216,0.28909608721733093,0.2773578434030856,0.28226612617330205,0.9986672401428223
42,1,13,0.8893607258796692,0.4659877419471741,0.8852159723961467,0.45328741535631745,0.8067802786827087
42,1,14,0.1682920902967453,0.5004881024360657,0.1862819794236188,0.48531614748399715,0.6966876983642578
42,1,15,0.6700823307037354,0.5694392323493958,0.7143540480846531,0.555540089402374,0.6884638667106628
42,1,16,0.30487486720085144,0.3844043016433716,0.20250446031027705,0.46687721337035765,0.7826021313667297
42,1,17,0.6365078687667847,0.6058430075645447,0.6713946887885744,0.5959725760387309,0.6560129523277283
42,1,18,0.3841950297355652,0.33805033564567566,0.20785186492611316,0.4709425523369832,0.759716272354126
42,1,19,0.612361490726471,0.5822615027427673,0.639039103164432,0.5626333981974038,0.6625773906707764
42,1,20,0.45567649602890015,0.3272883892059326,0.22624388369243237,0.44758193005505925,0.7639577984809875
42,1,21,0.6087378859519958,0.5711809396743774,0.6476083567228368,0.550976151820834,0.6480780243873596
42,1,22,0.4111385941505432,0.34166479110717773,0.23637438985569573,0.45062043581508054,0.7519863247871399
42,1,23,0.5478125810623169,0.7333450317382812,0.5828341443398845,0.6981983821294301,0.9351841807365417
42,1,24,0.33450987935066223,0.7184496521949768,0.3544277838316526,0.6927002511350538,0.9594240784645081
42,1,25,0.5281003713607788,0.6022670269012451,0.5729152892218429,0.663881338522888,0.8330687284469604
42,1,26,0.12480180710554123,0.6249173879623413,0.12538287113923843,0.6427406537200373,0.8725480437278748
42,1,27,0.5598164200782776,1.0858651399612427,0.5652695892709273,1.0676523468687975,0.7233883738517761
42,1,28,0.19390839338302612,0.9880717992782593,0.24653949294394095,0.9937507546205934,0.5804575085639954
42,1,29,0.5763882398605347,1.1360085010528564,0.5874999606631974,1.1049497268677007,0.7156638503074646
42,1,30,0.25411561131477356,1.0315862894058228,0.3243047858492115,1.035623662180447,0.6731125116348267
42,1,31,0.546781599521637,1.244179368019104,0.5337152332687581,1.2567502716315144,0.6117748618125916
42,1,32,0.10030361264944077,1.0937271118164062,0.1845594345958536,1.1635658302974168,0.47349676489830017
42,2,0,0.6319075226783752,0.15935280919075012,0.6394517911664325,0.16568807214090042,0.9987843632698059
42,2,1,0.6415563821792603,0.12969329953193665,0.6489109079895975,0.13562257564289557,0.9987485408782959
42,2,2,0.6486533284187317,0.13097864389419556,0.6562584950725936,0.13666780701198983,0.9989600777626038
42,2,3,0.655360221862793,0.13264650106430054,0.6631000116621124,0.13794221183299976,0.9988523125648499
42,2,4,0.6109957098960876,0.1261041760444641,0.616661354343152,0.1319360810039043,0.9983139634132385
42,2,5,0.5960772037506104,0.12453519552946091,0.6009619817761849,0.13028178237648846,0.9984239339828491
42,2,6,0.5807601809501648,0.1232670396566391,0.5843389437730642,0.12889302094435814,0.9984110593795776
42,2,7,0.65054851770401,0.14795054495334625,0.6525043810129222,0.14830226744009206,0.9987022280693054
42,2,8,0.5282019972801208,0.13229992985725403,0.539477562178473,0.13786949441089585,0.9991868138313293
42,2,9,0.6288747787475586,0.1969909369945526,0.6369458975213629,0.19808374581197655,0.999376118183136
42,2,10,0.5931806564331055,0.1939825713634491,0.597685750657348,0.19642663012957803,0.9990907311439514
42,2,11,0.7630099058151245,0.29503941535949707,0.7666448924669141,0.2917947258006984,0.9950303435325623
42,2,12,0.3338176906108856,0.2824364900588989,0.3510821524025569,0.28383958947872506,0.9987621903419495
42,2,13,0.8098844289779663,0.47856971621513367,0.8553933376283333,0.4910148982542226,0.7950593829154968
42,2,14,0.19444453716278076,0.4811379909515381,0.20983129349540308,0.4899346404802145,0.7263457179069519
42,2,15,0.7049131989479065,0.32124292850494385,0.7386746468654883,0.4425910378244547,0.6784123778343201
42,2,16,0.4580630958080292,0.5053755640983582,0.4618069531736303,0.5244588295439614,0.8004544973373413
42,2,17,0.6822065711021423,0.28568214178085327,0.7099474324285495,0.43657961585383814,0.6467379927635193
42,2,18,0.5134934186935425,0.5402891039848328,0.5219809724554094,0.5567641966132875,0.774742066860199
42,2,19,0.6752577424049377,0.2600556015968323,0.6932385365158094,0.40616757317160274,0.6525252461433411
42,2,20,0.5672656893730164,0.5218335390090942,0.5699592780180359,0.5349613982313799,0.7786350250244141
42,2,21,0.6619616150856018,0.27841717004776,0.6884361131012774,0.4130674683309805,0.6393638253211975
42,2,22,0.5525206923484802,0.5124505758285522,0.5542240468843913,0.526220324635737,0.7669619917869568
42,2,23,0.6182471513748169,0.6683378219604492,0.6150835003733536,0.6858854979527522,0.9321712255477905
42,2,24,0.3715237081050873,0.6594876050949097,0.38031819235458986,0.6750597992672227,0.9570460319519043
42,2,25,0.6058560609817505,0.5741247534751892,0.6277108576605182,0.6152599345484301,0.82325279712677
42,2,26,0.26099973917007446,0.6604043245315552,0.2847927333897308,0.6517328438517761,0.8670167326927185
42,2,27,0.39410343766212463,0.9535191655158997,0.4125716107565795,0.9666924755296018,0.7054420113563538
42,2,28,0.44048529863357544,0.9595805406570435,0.5197797668288696,0.9452475389909313,0.560743510723114
42,2,29,0.35422077775001526,0.9929856657981873,0.3794009402902894,1.0126303860693802,0.7013409733772278
42,2,30,0.47309187054634094,0.9806544184684753,0.5592550214667495,0.9656877413856508,0.6593452095985413
42,2,31,0.32491230964660645,1.0967272520065308,0.34212568589692965,1.1238146041664792,0.589966893196106
42,2,32,0.45058199763298035,1.0883007049560547,0.5766459396170152,1.0611743083053533,0.4553292989730835
43,1,0,0.4137417674064636,0.1552499234676361,0.26709572843364154,0.19202979249616386,0.9988706707954407
43,1,1,0.41043007373809814,0.12665818631649017,0.2874208350977225,0.1555671549597609,0.9988443851470947
43,1,2,0.41693025827407837,0.12903133034706116,0.3010584087720905,0.1556971427300155,0.999043345451355
43,1,3,0.42456382513046265,0.1324339061975479,0.3159608499421353,0.1560139270836906,0.9989469647407532
43,1,4,0.3848850429058075,0.12426557391881943,0.2655930702728424,0.1546229417775635,0.998419463634491
43,1,5,0.3744204640388489,0.12390829622745514,0.2643790459321924,0.15383659114690693,0.9985160231590271
43,1,6,0.364451140165329,0.12337040901184082,0.2649687897911561,0.1530978341786568,0.9984986782073975
43,1,7,0.4492407739162445,0.1568419635295868,0.3934147022406807,0.1626930462845431,0.9988219738006592
43,1,8,0.36908969283103943,0.14115135371685028,0.305629185156547,0.16265498128026817,0.9992060661315918
43,1,9,0.4205171465873718,0.20000526309013367,0.31205478531413566,0.22922296783760185,0.999430239200592
43,1,10,0.3901698887348175,0.19453437626361847,0.28707167645339565,0.22760009653422084,0.9991285800933838
43,1,11,0.6531525254249573,0.2815219759941101,0.6533582452896326,0.27541451276201784,0.9955257773399353
43,1,12,0.29761287569999695,0.29455211758613586,0.28086755121141477,0.2843944879939452,0.9987485408782959
43,1,13,0.8738958239555359,0.45522069931030273,0.8832549892398623,0.4536222232394209,0.8149257898330688
43,1,14,0.180543914437294,0.49080461263656616,0.18528813986535977,0.4862667482399767,0.7174886465072632
43,1,15,0.644885778427124,0.5136829018592834,0.7022990616484477,0.5482825402455063,0.7074778079986572
43,1,16,0.31312644481658936,0.37458959221839905,0.22172458301077716,0.4508513842658705,0.8098459839820862
43,1,17,0.5968226790428162,0.5543519258499146,0.6584520528480813,0.5887560921773781,0.674496591091156
43,1,18,0.35966819524765015,0.3369652330875397,0.2342619636428646,0.447648174179093,0.7818266749382019
43,1,19,0.5873822569847107,0.5314303040504456,0.6300797606370798,0.5572248723229178,0.6798412799835205
43,1,20,0.4275537431240082,0.32691290974617004,0.2613158716088301,0.4266098011150106,0.7844697833061218
43,1,21,0.5721889734268188,0.513099730014801,0.63451832566888,0.5444096024661492,0.6656321883201599
43,1,22,0.46941301226615906,0.33737024664878845,0.277012339018221,0.4309420711522213,0.7722102999687195
43,1,23,0.544887363910675,0.7195163369178772,0.5762553561500586,0.7018924052168883,0.9386118054389954
43,1,24,0.34419122338294983,0.706071674823761,0.35265456236113346,0.6950167290393197,0.960087239742279
43,1,25,0.5112462043762207,0.7153792381286621,0.5622161872249483,0.6728130420194508,0.8355462551116943
43,1,26,0.14422602951526642,0.6316479444503784,0.12864779369626186,0.6408190787439045,0.8624891042709351
43,1,27,0.4914398491382599,1.0976067781448364,0.5524560596804287,1.072844250077253,0.7104161977767944
43,1,28,0.22884683310985565,0.941112220287323,0.24347398981956944,0.984620876419776,0.5485745072364807
43,1,29,0.5283656120300293,1.1471611261367798,0.5772414094452611,1.1122687866321357,0.710269570350647
43,1,30,0.27902284264564514,0.9592410326004028,0.31645254234795933,1.0223660535987946,0.6515830159187317
43,1,31,0.5026755332946777,1.2442857027053833,0.5283350429605425,1.2545909681326974,0.5890440344810486
43,1,32,0.1098593920469284,1.0947165489196777,0.1715944183034376,1.1516184649933197,0.4430523216724396
43,2,0,0.6282956004142761,0.16069819033145905,0.6375192178624103,0.16482384106060607,0.9982067346572876
43,2,1,0.6309252381324768,0.13039155304431915,0.6457946328120169,0.13471657320199346,0.998140811920166
43,2,2,0.6367895007133484,0.13160836696624756,0.6528850622970019,0.13579152684254747,0.9982580542564392
43,2,3,0.6423505544662476,0.13325022161006927,0.6595045721097954,0.13712958187428712,0.9979963898658752
43,2,4,0.6010048389434814,0.12686732411384583,0.6139488284309936,0.13105818693260113,0.9980387091636658
43,2,5,0.585299015045166,0.125335693359375,0.5982483376015836,0.12942513718611606,0.9981091022491455
43,2,6,0.5684584975242615,0.12416911870241165,0.5815876027634151,0.12807486318538538,0.9982417225837708
43,2,7,0.6261955499649048,0.14766642451286316,0.6479448587545567,0.1481921559589793,0.9978927373886108
43,2,8,0.5211726427078247,0.13452573120594025,0.5363059418034509,0.13729039430846823,0.9990437626838684
43,2,9,0.6216026544570923,0.19465875625610352,0.6342876717177438,0.19749057682940457,0.998965322971344
43,2,10,0.5865793824195862,0.1923101544380188,0.5957618109190124,0.1957136888457009,0.9989937543869019
43,2,11,0.7564348578453064,0.29441162943840027,0.7648762712867395,0.29224793255839715,0.9942271113395691
43,2,12,0.3375088572502136,0.2851628065109253,0.3487306948221345,0.284068741057283,0.998798131942749
43,2,13,0.7867359519004822,0.501919150352478,0.8434793566348541,0.4929038142532715,0.766433596611023
43,2,14,0.20896418392658234,0.4953352212905884,0.20968113145617848,0.490870014898224,0.7446613311767578
43,2,15,0.6290926933288574,0.4877175986766815,0.7196357887620294,0.4504162037909249,0.6520621180534363
43,2,16,0.44717949628829956,0.5103951692581177,0.45927279196348597,0.5220223854329242,0.8241482377052307
43,2,17,0.5800422430038452,0.49468210339546204,0.6873638803957818,0.44665877163576373,0.6232548356056213
43,2,18,0.5056872367858887,0.5389708280563354,0.5191579922821706,0.5536812576100418,0.7941591143608093
43,2,19,0.5815966725349426,0.4549200236797333,0.6738406081857014,0.41462238952909,0.6283644437789917
43,2,20,0.5516970753669739,0.5190262794494629,0.5667950635320834,0.5322005801862039,0.7963815331459045
43,2,21,0.5592444539070129,0.4789384603500366,0.6659770875467962,0.42449691917442545,0.616672933101654
43,2,22,0.5374371409416199,0.5097665190696716,0.5513155796475404,0.5233695978227352,0.7835457921028137
43,2,23,0.6001034379005432,0.6845373511314392,0.6124882236669602,0.6856520289462437,0.9326753616333008
43,2,24,0.3767264783382416,0.6822884678840637,0.37969614525368955,0.6763118651867965,0.953919529914856
43,2,25,0.6496123671531677,0.7077057957649231,0.6315060420392193,0.6313132897876172,0.7982081174850464
43,2,26,0.3146112263202667,0.8422164916992188,0.2899610472082589,0.684907701111951,0.8244428038597107
43,2,27,0.519039511680603,1.0513265132904053,0.43106769948450274,0.981385873356728,0.6560660004615784
43,2,28,0.36910346150398254,1.0648877620697021,0.4935688684692024,0.9660401478346375,0.507368266582489
43,2,29,0.48470601439476013,1.095587968826294,0.39769438871863666,1.0270320129945245,0.6633741855621338
43,2,30,0.37828904390335083,1.0741803646087646,0.5277465969034051,0.9845366774561163,0.6072540879249573
43,2,31,0.5265162587165833,1.178827166557312,0.37423350035588165,1.1333569054309827,0.5418100357055664
43,2,32,0.3582460582256317,1.158724069595337,0.5385771753297728,1.078116507917211,0.4072187542915344
44,1,0,0.4314110577106476,0.1667548567056656,0.29569088529967597,0.1876495857529899,0.998343288898468
44,1,1,0.42075449228286743,0.13757210969924927,0.3106029192212595,0.15244925284594446,0.9982902407646179
44,1,2,0.4265207350254059,0.1396457552909851,0.3228667970846622,0.1529161701714113,0.9984058737754822
44,1,3,0.4326796233654022,0.14239643514156342,0.3362440781025654,0.1536548102890535,0.9981701970100403
44,1,4,0.39573782682418823,0.1344003975391388,0.2882185723938208,0.15111885837251346,0.99815833568573
44,1,5,0.384238600730896,0.13370493054389954,0.28521007571090534,0.15034826526001363,0.9982202649116516
44,1,6,0.3730675280094147,0.13303513824939728,0.2837492494708479,0.14962146540072885,0.9983333945274353
44,1,7,0.4510613977909088,0.16310805082321167,0.4034147629019824,0.1627649138271183,0.9980894327163696
44,1,8,0.37460190057754517,0.15070636570453644,0.3175980305243099,0.16058508724731405,0.9990648627281189
44,1,9,0.4324454963207245,0.2088807076215744,0.3329783588814851,0.22569812967088002,0.9990580677986145
44,1,10,0.4005178213119507,0.20420999825000763,0.3067842148940619,0.22354676737623938,0.9990315437316895
44,1,11,0.6454585194587708,0.27857205271720886,0.6519899176782336,0.2759613585717356,0.9948024749755859
44,1,12,0.29881659150123596,0.2978496849536896,0.28397747206675383,0.2867254785456275,0.9987871050834656
44,1,13,0.8372765779495239,0.4681386649608612,0.875281877826,0.45613714458825355,0.789029598236084
44,1,14,0.1820196956396103,0.49598759412765503,0.18472208385542266,0.487950609715041,0.7361082434654236
44,1,15,0.5769110321998596,0.5539252758026123,0.6805037111141966,0.549259863504816,0.6833667159080505
44,1,16,0.31078198552131653,0.3880998492240906,0.23718799450992523,0.4399641493982274,0.8318992853164673
44,1,17,0.5300836563110352,0.5925995707511902,0.6361366453696973,0.5894217477518577,0.6525734066963196
44,1,18,0.3693632185459137,0.35161370038986206,0.2577526313886278,0.43096974991687537,0.8003638386726379
44,1,19,0.5278233289718628,0.5649548768997192,0.6123175234663523,0.5585637947269478,0.6572255492210388
44,1,20,0.42317330837249756,0.34041330218315125,0.28948146721044155,0.4116443756669911,0.8015679717063904
44,1,21,0.5041196942329407,0.5560827255249023,0.6118486172851673,0.5464317561457058,0.643992006778717
44,1,22,0.44225966930389404,0.3502088189125061,0.30577068997066764,0.41692747903489896,0.7882752418518066
44,1,23,0.5344057083129883,0.7173490524291992,0.5689990847925053,0.7045702948885911,0.9390555024147034
44,1,24,0.3448203504085541,0.7049404978752136,0.3512975845406366,0.6967357529076195,0.9572833776473999
44,1,25,0.5507838129997253,0.7385513782501221,0.5602357488709894,0.6842194634163979,0.8123483657836914
44,1,26,0.18257834017276764,0.726636528968811,0.13800210301010216,0.6557184627539446,0.8224217295646667
44,1,27,0.5146359801292419,1.111966848373413,0.5458992728686918,1.0796271089827072,0.666037917137146
44,1,28,0.19863766431808472,1.0050657987594604,0.23569913848816185,0.9881635121643269,0.4992961883544922
44,1,29,0.530117928981781,1.1630476713180542,0.5690694306414056,1.1210756329501976,0.6759034395217896
44,1,30,0.2398640513420105,1.02646803855896,0.3031590373520019,1.0230764838364292,0.6052322387695312
44,1,31,0.5378883481025696,1.2498942613601685,0.5299898687407214,1.2537775223451175,0.5464094281196594
44,1,32,0.08460327982902527,1.1125613451004028,0.1564905949649042,1.1448469626833824,0.39967790246009827
44,2,0,0.6390892863273621,0.16405010223388672,0.6377911206124784,0.16468984903176476,0.9983289837837219
44,2,1,0.6419931054115295,0.13392888009548187,0.6451362443646881,0.13458016458654323,0.9982839822769165
44,2,2,0.6481189727783203,0.13523615896701813,0.6520595969017472,0.13569535178035952,0.9983800053596497
44,2,3,0.6537067294120789,0.13685427606105804,0.6585003805153408,0.13708190657325728,0.998103141784668
44,2,4,0.6109665036201477,0.1299986094236374,0.613432330823707,0.13087469328309803,0.9982229471206665
44,2,5,0.5938957333564758,0.1283092349767685,0.5974944953963492,0.12923188910956152,0.9982916116714478
44,2,6,0.5755788683891296,0.12706945836544037,0.5805468779708879,0.12790075124222158,0.9984167814254761
44,2,7,0.6386603116989136,0.1507209688425064,0.646336598165157,0.14863010560715942,0.9980148077011108
44,2,8,0.5311899185180664,0.138236865401268,0.5354198600877221,0.13745430005141418,0.9991211295127869
44,2,9,0.6347907185554504,0.19663310050964355,0.6343747860236074,0.1973420832098726,0.9990583658218384
44,2,10,0.5949439406394958,0.1947319507598877,0.5956201762656523,0.19554367553705865,0.9990902543067932
44,2,11,0.7828081250190735,0.29906147718429565,0.7679832182731813,0.29342808073513477,0.993466854095459
44,2,12,0.3462012708187103,0.2864099144935608,0.3482926391557853,0.2844741923089964,0.998869776725769
44,2,13,0.8230882883071899,0.5296180248260498,0.8399460538039424,0.49926865691464545,0.7726601362228394
44,2,14,0.2121318280696869,0.4912753403186798,0.21010555130567568,0.4909402062543277,0.7614126205444336
44,2,15,0.6614440679550171,0.4432930052280426,0.7095410466605206,0.4491824061966201,0.6507805585861206
44,2,16,0.4499565660953522,0.5192710161209106,0.4576590424841464,0.5215458893718313,0.8433330059051514
44,2,17,0.6056925058364868,0.43017828464508057,0.6731860494286376,0.4438034058743803,0.6228809356689453
44,2,18,0.5103548765182495,0.5475643277168274,0.5176331468325142,0.5526217895269419,0.8089550137519836
44,2,19,0.605273425579071,0.38805699348449707,0.6619423007114474,0.4100183447007528,0.627957820892334
44,2,20,0.5548945069313049,0.5236477851867676,0.5647334984543626,0.530719105593174,0.810157835483551
44,2,21,0.5997408032417297,0.3971680700778961,0.6544840477114636,0.41976045716193333,0.6161090135574341
44,2,22,0.5453046560287476,0.5159105658531189,0.5502744756581959,0.5220776221696799,0.7967251539230347
44,2,23,0.6283572316169739,0.686329185962677,0.6152375820634532,0.6857692951066412,0.9261099100112915
44,2,24,0.3995588719844818,0.6784618496894836,0.3831378409091807,0.6766842036471727,0.9526624083518982
44,2,25,0.6784882545471191,0.6267890930175781,0.6396534530514365,0.6305297244287769,0.7846594452857971
44,2,26,0.31375136971473694,0.7490516901016235,0.29408377839372346,0.6960370298592921,0.8102924823760986
44,2,27,0.479614794254303,0.9931480288505554,0.43948691112761046,0.983423454986021,0.6246598958969116
44,2,28,0.38130030035972595,1.0514448881149292,0.47406154377042814,0.9808677107783612,0.472732275724411
44,2,29,0.4385926127433777,1.0386152267456055,0.4047854800663393,1.0290385857122812,0.6443458795547485
44,2,30,0.3987937569618225,1.0768340826034546,0.5053290586655647,1.000564206120493,0.5848689675331116
44,2,31,0.44222399592399597,1.1265770196914673,0.3860315662188332,1.1321825872712787,0.5088185667991638
44,2,32,0.3481326103210449,1.1667369604110718,0.5054086821654961,1.0935038074762269,0.37385135889053345
45,1,0,0.35360661149024963,0.1686461716890335,0.30573772757677337,0.1843568690473659,0.9983348250389099
45,1,1,0.37317565083503723,0.13448689877986908,0.3214591352225271,0.1493370180688469,0.9983498454093933
45,1,2,0.38448387384414673,0.13396893441677094,0.3335568948850785,0.1496331937222846,0.998469352722168
45,1,3,0.39651113748550415,0.1333993524312973,0.3466995256140832,0.15014502137546404,0.9982258081436157
45,1,4,0.353314608335495,0.1344553679227829,0.29951343454993984,0.1482317826916278,0.9981836676597595
45,1,5,0.3499533534049988,0.13397669792175293,0.2964436098536301,0.14751179236858758,0.9982361197471619
45,1,6,0.3470485210418701,0.13377979397773743,0.2947317628573929,0.14687684388444328,0.9983315467834473
45,1,7,0.4518890976905823,0.15268513560295105,0.4118213644956164,0.16101886260094447,0.9981756806373596
45,1,8,0.3867771327495575,0.1314336359500885,0.3296027681032309,0.15553248455869523,0.9989712238311768
45,1,9,0.3844397962093353,0.19442228972911835,0.3419037836856617,0.22027697737831298,0.9991151690483093
45,1,10,0.3588666021823883,0.19897696375846863,0.31581750554259935,0.21928885299139864,0.99894779920578
45,1,11,0.6581062078475952,0.2807321846485138,0.6530492738711836,0.27678764500693165,0.994117021560669
45,1,12,0.32500338554382324,0.301372230052948,0.2910907122151015,0.2892629856783719,0.9986477494239807
45,1,13,0.8362111449241638,0.4832592010498047,0.8685080273838376,0.46083772277622237,0.7944187521934509
45,1,14,0.21127428114414215,0.519345760345459,0.18932380695292333,0.4933924714772667,0.7288199663162231
45,1,15,0.5598490834236145,0.4979586899280548,0.6595340560384703,0.5403623098430993,0.6821866035461426
45,1,16,0.2774437963962555,0.44163745641708374,0.244167566214335,0.4402539313415995,0.842273473739624
45,1,17,0.5275807976722717,0.5466853380203247,0.617276565276698,0.5820115520111941,0.6533266305923462
45,1,18,0.29168280959129333,0.43685173988342285,0.26363438139253864,0.4319885133433844,0.8077345490455627
45,1,19,0.5322110652923584,0.4967120885848999,0.598412007182299,0.5478329837217524,0.6579627990722656
45,1,20,0.3189363181591034,0.38359224796295166,0.2945867760099077,0.4067824527058095,0.8081586956977844
45,1,21,0.5288800597190857,0.4878082275390625,0.5974450199100748,0.5362619940651396,0.6446040868759155
45,1,22,0.3173970580101013,0.37926220893859863,0.30778476724845444,0.4103975514318296,0.7939091324806213
45,1,23,0.5823081135749817,0.7312325835227966,0.5713047350371147,0.7091911337685045,0.93292635679245
45,1,24,0.3784828782081604,0.7136027216911316,0.35600912271769597,0.6996581061859817,0.9551360011100769
45,1,25,0.5670877695083618,0.718193769454956,0.561422559977965,0.6901088200339074,0.7960718274116516
45,1,26,0.22882074117660522,0.6771664023399353,0.1537721316625826,0.6594350145849156,0.8029711842536926
45,1,27,0.41828009486198425,1.053396463394165,0.523714598286687,1.075081149767934,0.6217069625854492
45,1,28,0.2484620213508606,0.9979734420776367,0.2379101321935609,0.9898628050161808,0.45231983065605164
45,1,29,0.41928717494010925,1.1046329736709595,0.5430147811778923,1.1182268416238503,0.6502754092216492
45,1,30,0.294549822807312,1.0318015813827515,0.3016677775706554,1.0245878097647843,0.5706005692481995
45,1,31,0.42272499203681946,1.1103891134262085,0.5113548438113465,1.2288399178673441,0.5009576678276062
45,1,32,0.2007438689470291,1.1040432453155518,0.16416409943559243,1.1377722747208414,0.35652706027030945
45,2,0,0.6314558386802673,0.16819067299365997,0.636693826400592,0.16529615304171888,0.9983487725257874
45,2,1,0.6328594088554382,0.13551542162895203,0.643009471279124,0.1347421282733872,0.9983694553375244
45,2,2,0.6382046937942505,0.13596034049987793,0.649659333997447,0.1357412404325948,0.9984615445137024
45,2,3,0.6431058645248413,0.1365365982055664,0.6558332672568645,0.13698747358151392,0.998214602470398
45,2,4,0.6031439304351807,0.132208913564682,0.611650130102411,0.13110575043412492,0.9982682466506958
45,2,5,0.5863895416259766,0.13019508123397827,0.5955708005793001,0.12939869061047807,0.9983165860176086
45,2,6,0.5689578652381897,0.12859754264354706,0.5785393010983811,0.12802141763649108,0.9984281659126282
45,2,7,0.627933919429779,0.1488153636455536,0.6431480297176263,0.14866218705395737,0.9981589317321777
45,2,8,0.5304219722747803,0.13487036526203156,0.5345542421944885,0.137006803436221,0.9990412592887878
45,2,9,0.6246649622917175,0.19703884422779083,0.6326928380614047,0.19728957061841343,0.9991061091423035
45,2,10,0.5876181125640869,0.19679421186447144,0.5942341198526111,0.1957602399560597,0.9990212321281433
45,2,11,0.7844187617301941,0.299791157245636,0.7708307803476624,0.29453019012023474,0.9936784505844116
45,2,12,0.37204504013061523,0.28521284461021423,0.3524087953410757,0.28460210810674474,0.9987528920173645
45,2,13,0.827740490436554,0.5331018567085266,0.8378316307831806,0.5051335362969949,0.7703442573547363
45,2,14,0.23195374011993408,0.48940223455429077,0.21389150070451077,0.49067386229086396,0.7541665434837341
45,2,15,0.709576427936554,0.45126235485076904,0.7095471736654244,0.4495426139626606,0.6541420817375183
45,2,16,0.4307606816291809,0.5237106084823608,0.45299726709716925,0.521920779709948,0.8531955480575562
45,2,17,0.6697007417678833,0.4390103220939636,0.6725824313737242,0.4429732611156069,0.6289796829223633
45,2,18,0.48639431595802307,0.5550627112388611,0.5122184154593243,0.5530445166799173,0.817333459854126
45,2,19,0.6582068800926208,0.3986555337905884,0.6612953616825757,0.4080499583045428,0.6336381435394287
45,2,20,0.5288468599319458,0.5288657546043396,0.5585122796371215,0.5303981415694276,0.8176152110099792
45,2,21,0.6596016883850098,0.40811651945114136,0.655370407699501,0.4177433558365592,0.6207761168479919
45,2,22,0.5133967995643616,0.5200053453445435,0.5438812628262345,0.5217187421299475,0.8031675219535828
45,2,23,0.6613098978996277,0.6908695101737976,0.6232270072680343,0.6866526384910301,0.9204639196395874
45,2,24,0.4155046045780182,0.6860355138778687,0.388748269319734,0.678304032178388,0.9525471925735474
45,2,25,0.7827296853065491,0.6535386443138123,0.6645365135151727,0.6345169502746253,0.758676290512085
45,2,26,0.33540308475494385,0.7354431748390198,0.3012479566547497,0.7028691352080784,0.7951684594154358
45,2,27,0.5184537172317505,0.9531570076942444,0.45319411900500967,0.9781774244834853,0.5745821595191956
45,2,28,0.3803533613681793,1.0439621210098267,0.4577882241277689,0.9918145500530057,0.4302581250667572
45,2,29,0.4748224914073944,0.9889951944351196,0.416939385752129,1.0220958978274206,0.6055513024330139
45,2,30,0.38653337955474854,1.0736016035079956,0.48468351704019574,1.0132399181499132,0.5490648746490479
45,2,31,0.4810764789581299,1.0629836320877075,0.402537632710089,1.1201744221576218,0.4607294797897339
45,2,32,0.3907893896102905,1.145174264907837,0.48549128487738874,1.1024655074095489,0.33503085374832153
46,1,0,0.3655015230178833,0.1809297800064087,0.31610572750933497,0.18376333613755896,0.9983349442481995
46,1,1,0.3931346833705902,0.14761176705360413,0.33389805538049494,0.14903823950171463,0.9984260201454163
46,1,2,0.4041637182235718,0.1473066806793213,0.3458099429707797,0.14923028148370565,0.9985441565513611
46,1,3,0.41606131196022034,0.14712975919246674,0.3587360527619138,0.14962281880093217,0.9983287453651428
46,1,4,0.37637412548065186,0.1456891894340515,0.31285428758405415,0.14779144613370043,0.998221755027771
46,1,5,0.3748103976249695,0.14400488138198853,0.3100464909403263,0.14690443377301,0.998267412185669
46,1,6,0.373691588640213,0.1426287442445755,0.3084378292507546,0.1461411031369448,0.9983576536178589
46,1,7,0.47374579310417175,0.15398825705051422,0.42256486204183663,0.1598011103239428,0.9983072876930237
46,1,8,0.4187259078025818,0.14935223758220673,0.34507766977902354,0.1544620475868231,0.9988955855369568
46,1,9,0.39325010776519775,0.21223706007003784,0.35080921185271197,0.21888436228323613,0.9991552829742432
46,1,10,0.371715784072876,0.21156197786331177,0.32551374234284436,0.21795047321799807,0.9988779425621033
46,1,11,0.6767963767051697,0.28185734152793884,0.6571645096050691,0.2776657023028007,0.9943048357963562
46,1,12,0.35002440214157104,0.31006693840026855,0.3013143722768996,0.2928678765615189,0.9983779191970825
46,1,13,0.8371322751045227,0.48632165789604187,0.8630695416123747,0.4652541776563818,0.7907021045684814
46,1,14,0.24718186259269714,0.519511342048645,0.19936053467129705,0.497919054027965,0.7024600505828857
46,1,15,0.6228160858154297,0.48149898648262024,0.6531685298019153,0.5301508731648299,0.6770936846733093
46,1,16,0.2761732339859009,0.4501018226146698,0.24971535121233174,0.44195980067946977,0.823821485042572
46,1,17,0.5745280981063843,0.4384237229824066,0.6098642341612976,0.5570390980453562,0.6476140022277832
46,1,18,0.2843610346317291,0.4418504536151886,0.2672258899917724,0.433696811891099,0.7930139899253845
46,1,19,0.5449113249778748,0.3981684446334839,0.5891323324376968,0.5217989402290306,0.6517825126647949
46,1,20,0.30562880635261536,0.4288145899772644,0.2964995905044707,0.4106002880944162,0.7928941249847412
46,1,21,0.5558094382286072,0.4107004404067993,0.5902259046803308,0.5144363797827843,0.6355263590812683
46,1,22,0.30347493290901184,0.4337063431739807,0.30703834170431205,0.4144367688231871,0.7780138850212097
46,1,23,0.564823567867279,0.6714766621589661,0.5701821655258966,0.7026526998155946,0.9278494119644165
46,1,24,0.3803473711013794,0.6931137442588806,0.36022687448455004,0.6985245936090392,0.95489102602005
46,1,25,0.5801088213920593,0.6730378270149231,0.5646602851946734,0.6871511041598483,0.777238130569458
46,1,26,0.19892247021198273,0.6723343133926392,0.16160146060667688,0.661669662797392,0.7924627065658569
46,1,27,0.46555301547050476,0.9408594965934753,0.513625069220981,1.0517441714973053,0.5938733816146851
46,1,28,0.2521548867225647,0.9869660139083862,0.24037795203564907,0.9893611217278793,0.41884082555770874
46,1,29,0.4658859670162201,0.9859427809715271,0.529627303845167,1.0952280963489898,0.621656596660614
46,1,30,0.29127538204193115,1.0163426399230957,0.29986754664005544,1.0231596323673064,0.5419062376022339
46,1,31,0.46151241660118103,1.1042003631591797,0.5027106403736511,1.2071751214293736,0.47387993335723877
46,1,32,0.20964333415031433,1.0974266529083252,0.17205048854741922,1.130777109316417,0.32706785202026367
46,2,0,0.5944346189498901,0.17370007932186127,0.6293664731988083,0.16675183471582497,0.9983020424842834
46,2,1,0.6054263710975647,0.14147643744945526,0.6364938258168427,0.13590854955358075,0.9983636140823364
46,2,2,0.6127780675888062,0.14207544922828674,0.6432654975088496,0.1368383488214973,0.9984796047210693
46,2,3,0.6197763681411743,0.14286649227142334,0.6495824999012045,0.13800572743009554,0.9982225298881531
46,2,4,0.5734775066375732,0.13726121187210083,0.6050321641482548,0.1321718933871205,0.9982428550720215
46,2,5,0.5578793883323669,0.13477902114391327,0.5890363562698544,0.1303305570323218,0.9983054995536804
46,2,6,0.5413562059402466,0.132572203874588,0.5720930804461575,0.12880958838359724,0.9984110593795776
46,2,7,0.612445056438446,0.15174998342990875,0.6378262657427567,0.14919695262278931,0.9980461001396179
46,2,8,0.5127643346786499,0.13940571248531342,0.5307783962751638,0.1374222542035376,0.9989631175994873
46,2,9,0.5907763838768005,0.2016202062368393,0.6254249895736831,0.1980396075560202,0.9990645051002502
46,2,10,0.54926598072052,0.19949470460414886,0.5864364291220482,0.19640701250357065,0.9989375472068787
46,2,11,0.7860514521598816,0.2968975007534027,0.7734677619304919,0.29494016819876173,0.9931575059890747
46,2,12,0.34397175908088684,0.2869779169559479,0.35094737679242205,0.2850135580415521,0.9984872937202454
46,2,13,0.7586855888366699,0.5069276690483093,0.8240932464793943,0.5054442444065231,0.7895158529281616
46,2,14,0.20680248737335205,0.4890534281730652,0.21266362896843916,0.4903932368925403,0.7307159304618835
46,2,15,0.6383856534957886,0.29531341791152954,0.6971977087204128,0.42271083819471256,0.6839677095413208
46,2,16,0.4225582182407379,0.5225436091423035,0.44772129083749057,0.5220286375443245,0.8362851738929749
46,2,17,0.5978851318359375,0.24764300882816315,0.6596179789101828,0.4089492455768287,0.6540431380271912
46,2,18,0.48716995120048523,0.5517131686210632,0.5078774875776306,0.55281395693188,0.802430272102356
46,2,19,0.6048560738563538,0.21605755388736725,0.6515051380309618,0.37461068076561593,0.6575301289558411
46,2,20,0.5267338752746582,0.5372302532196045,0.5530039324384742,0.5315815062546012,0.8022026419639587
46,2,21,0.6001782417297363,0.23773227632045746,0.6457968679445432,0.3864020909928597,0.6418027877807617
46,2,22,0.5076988935470581,0.5269511342048645,0.5376087197662718,0.5226249817585747,0.7876496315002441
46,2,23,0.6101347208023071,0.6728048920631409,0.6209589148502063,0.6842536159584175,0.9260287284851074
46,2,24,0.36829906702041626,0.6670178174972534,0.385204889147285,0.6763489271833113,0.9552829265594482
46,2,25,0.6964454054832458,0.5890369415283203,0.6700675085971578,0.6266303753469684,0.7449907064437866
46,2,26,0.3015759289264679,0.6917056441307068,0.3013047524032729,0.7009353043626259,0.7807496786117554
46,2,27,0.39416274428367615,0.8786120414733887,0.4429534953111355,0.9608840298822753,0.5565236806869507
46,2,28,0.43829143047332764,0.9617934226989746,0.45440994773895427,0.9866110868694825,0.39854755997657776
46,2,29,0.3462722897529602,0.9071972370147705,0.4046759456694797,1.0021301230661803,0.587924063205719
46,2,30,0.460702121257782,0.9823190569877625,0.4805276080026245,1.0078803608824105,0.5228338241577148
46,2,31,0.30980992317199707,0.9993381500244141,0.38643523528437695,1.0991731173340122,0.44139108061790466
46,2,32,0.4573161005973816,1.086028814315796,0.48060795705954823,1.0996177460466061,0.30973565578460693
47,1,0,0.3931173086166382,0.17830650508403778,0.3294728265368278,0.1828182173642019,0.9983095526695251
47,1,1,0.4295387864112854,0.1467055231332779,0.3505079267253305,0.1486342528739161,0.9984293580055237
47,1,2,0.44179031252861023,0.1466856747865677,0.36247895945316233,0.14878959628945976,0.9985554814338684
47,1,3,0.45465347170829773,0.14686737954616547,0.37539409438269733,0.1491456177836504,0.9983352422714233
47,1,4,0.4133699834346771,0.1444293111562729,0.3303133471076923,0.14720916373121704,0.9982407093048096
47,1,5,0.4134978950023651,0.14274388551712036,0.3280170457573319,0.14618385824980643,0.9982917308807373
47,1,6,0.41397953033447266,0.1412365436553955,0.3267726399090062,0.1452916514941833,0.9983905553817749
47,1,7,0.5108420252799988,0.15654407441616058,0.43789249358051263,0.15923703187441726,0.9982007145881653
47,1,8,0.4590592682361603,0.15129771828651428,0.36488361985354845,0.15391402614637814,0.998924195766449
47,1,9,0.42451170086860657,0.21219958364963531,0.3636006310445643,0.21772652149185512,0.9991175532341003
47,1,10,0.40397965908050537,0.21014118194580078,0.33913382323290214,0.21659781476531584,0.9988513588905334
47,1,11,0.7064133882522583,0.28146377205848694,0.6657055941999346,0.278323492183976,0.9938319325447083
47,1,12,0.3795159161090851,0.299615740776062,0.3148884164843914,0.2940366467931036,0.9983131885528564
47,1,13,0.7834789752960205,0.47282880544662476,0.8492538176309251,0.46656618087945056,0.8087759017944336
47,1,14,0.27563902735710144,0.5009734630584717,0.212600005484688,0.4984480375831108,0.6774529218673706
47,1,15,0.5850845575332642,0.46982768177986145,0.6413542040165854,0.5196857186057073,0.7052575349807739
47,1,16,0.27588462829589844,0.5677258372306824,0.2542506750153516,0.463821068482526,0.7794957160949707
47,1,17,0.5375078916549683,0.4981967806816101,0.5973069327091559,0.5468312805120559,0.6703070402145386
47,1,18,0.3105488717556,0.5968837141990662,0.2747379715729241,0.46209442698130665,0.753356397151947
47,1,19,0.48370498418807983,0.47771528363227844,0.5708175186500289,0.5141547976896851,0.6730896234512329
47,1,20,0.3078821301460266,0.5645052194595337,0.2984714075875135,0.4373752600236826,0.7541279196739197
47,1,21,0.5109813809394836,0.472993940114975,0.5764703445706355,0.5072508036307831,0.6549594402313232
47,1,22,0.307462215423584,0.5603770613670349,0.30711174583032147,0.4398200965798835,0.7408010363578796
47,1,23,0.549292266368866,0.6912117600440979,0.5665623682393923,0.7006707852867481,0.932863712310791
47,1,24,0.38103944063186646,0.681882917881012,0.3638332541478701,0.6956413055412526,0.9579246640205383
47,1,25,0.5488120913505554,0.5925155282020569,0.5619145302930154,0.6707163760603108,0.760851263999939
47,1,26,0.15467426180839539,0.655259370803833,0.16040162322562715,0.6605593744180862,0.7662634253501892
47,1,27,0.44716691970825195,1.016201376914978,0.5020934333706409,1.0455826082769648,0.567645251750946
47,1,28,0.2661440074443817,0.9366612434387207,0.24484331834496376,0.9802205865746689,0.39102140069007874
47,1,29,0.4497160017490387,1.0629823207855225,0.5157557038961194,1.0896386482686877,0.6039460897445679
47,1,30,0.3167760968208313,0.9762172102928162,0.3027970874526792,1.0150191018926364,0.5212075710296631
47,1,31,0.4135565757751465,1.169663667678833,0.4872303627904249,1.2006718831380696,0.4500485360622406
47,1,32,0.2090514898300171,1.0606176853179932,0.1784650743948493,1.118601912671599,0.3046822249889374
47,2,0,0.668173611164093,0.1750374287366867,0.6360945714242987,0.16818701444341963,0.9976456165313721
47,2,1,0.6690343022346497,0.14261990785598755,0.6421343947660535,0.1370709948187888,0.9978118538856506
47,2,2,0.6742058396339417,0.14306803047657013,0.6486284413225518,0.13791734934159675,0.9977272748947144
47,2,3,0.6789970397949219,0.14375297725200653,0.6546807400987675,0.1390011547995623,0.997377336025238
47,2,4,0.6408370733261108,0.13857020437717438,0.6112391985538155,0.13328010665398476,0.9980072975158691
47,2,5,0.6248278021812439,0.13601380586624146,0.5952410541986024,0.1313148974899047,0.9980250000953674
47,2,6,0.6073020100593567,0.13392512500286102,0.5781966883181028,0.12969558578805096,0.9982360005378723
47,2,7,0.6597898006439209,0.15375752747058868,0.6416322175058551,0.1499868189522504,0.9975042939186096
47,2,8,0.5663605332374573,0.14204958081245422,0.5369467710286657,0.13822368316651426,0.9988802671432495
47,2,9,0.6617641448974609,0.20319144427776337,0.6317247400542821,0.19893189302703837,0.9987731575965881
47,2,10,0.6275398135185242,0.20142623782157898,0.5935631246897018,0.19727632653988691,0.9988561272621155
47,2,11,0.8373771905899048,0.30542173981666565,0.7845562653937653,0.29675584156159013,0.9926508069038391
47,2,12,0.38897398114204407,0.2901152968406677,0.35753999769549627,0.28589716537196563,0.9983580708503723
47,2,13,0.8566924333572388,0.530744731426239,0.8297439956688539,0.5098288815127472,0.7810019850730896
47,2,14,0.25336530804634094,0.5106377005577087,0.21972058919113976,0.4939011191365958,0.7084246277809143
47,2,15,0.7249587774276733,0.47455087304115295,0.7020091157610555,0.4317019530646701,0.6622503995895386
47,2,16,0.4750089943408966,0.5536110997200012,0.4524505973724986,0.5275029876322991,0.7969792485237122
47,2,17,0.66832035779953,0.4709286391735077,0.6611253664336405,0.419702162355885,0.6294522881507874
47,2,18,0.5459969639778137,0.5762633085250854,0.5144862274166249,0.5568775605020473,0.7683708071708679
47,2,19,0.6422143578529358,0.430685430765152,0.6498957951763099,0.3843374692793521,0.6315993070602417
47,2,20,0.584998369216919,0.5505791902542114,0.5585497595608488,0.5348732278143573,0.768706202507019
47,2,21,0.6337425708770752,0.4364893436431885,0.6437086560590742,0.395088732587092,0.6150068640708923
47,2,22,0.565849244594574,0.5442058444023132,0.5425033021222249,0.5263645799346758,0.754141092300415
47,2,23,0.6603633165359497,0.7262121438980103,0.6277906878518695,0.6915287689372649,0.915176510810852
47,2,24,0.43371865153312683,0.7174204587936401,0.3936183030461706,0.683470095309038,0.9503681063652039
47,2,25,0.8278406858444214,0.8606657385826111,0.6975187282263569,0.6674432049394112,0.7287818193435669
47,2,26,0.38902047276496887,0.9010212421417236,0.31653458598563156,0.7357926398542798,0.7403450012207031
47,2,27,0.5954169034957886,1.0736881494522095,0.4694766416167343,0.9804845805095503,0.5182437896728516
47,2,28,0.4337922930717468,1.1118613481521606,0.4508373397116433,1.008382413207101,0.3674631416797638
47,2,29,0.5774595737457275,1.089350938796997,0.43475231434105377,1.017273773364953,0.5546360015869141
47,2,30,0.44623908400535583,1.138169765472412,0.4745836720415365,1.0305310123431561,0.49092069268226624
47,2,31,0.5587843656539917,1.1917662620544434,0.41643563011671036,1.1152520992949413,0.4104539453983307
47,2,32,0.4146845042705536,1.2013968229293823,0.46916917326750696,1.117296801407325,0.28426241874694824
48,1,0,0.4462375342845917,0.1772649884223938,0.34976411569249716,0.1818563998274142,0.9978064894676208
48,1,1,0.4816496968269348,0.14425761997699738,0.37330746005560905,0.14787624827967583,0.9979672431945801
48,1,2,0.4935741722583771,0.14387834072113037,0.3852703566882543,0.14793898486716273,0.997905969619751
48,1,3,0.5057730078697205,0.1437615603208542,0.3980604626656866,0.14821310560410603,0.997594952583313
48,1,4,0.4640576243400574,0.1415966898202896,0.3535671580337681,0.14623708327962812,0.9980973601341248
48,1,5,0.46322569251060486,0.13931448757648468,0.35152649307176215,0.14499403833664862,0.9981124997138977
48,1,6,0.4626046419143677,0.1373949646949768,0.3503909181448684,0.14392385147659978,0.9983016848564148
48,1,7,0.5595289468765259,0.15098749101161957,0.4590334366546873,0.15780809868368506,0.9977269768714905
48,1,8,0.4999189078807831,0.14717811346054077,0.38836276493625943,0.15274732683955147,0.9988914728164673
48,1,9,0.4770207703113556,0.2087640017271042,0.38330867424442866,0.21617405703299844,0.9988769888877869
48,1,10,0.4559989273548126,0.20699679851531982,0.35944256606622554,0.21493471957265092,0.9988774657249451
48,1,11,0.7557811737060547,0.2876262366771698,0.6813462695500703,0.27993490633875234,0.9933813810348511
48,1,12,0.40294599533081055,0.2856979966163635,0.33017777770640744,0.2925922753777917,0.9983800649642944
48,1,13,0.8382630944252014,0.4862354099750519,0.8473499152974596,0.46997433127245686,0.8020704388618469
48,1,14,0.2840721309185028,0.4916430413722992,0.22500347314162394,0.49726937179695396,0.686591625213623
48,1,15,0.5899426341056824,0.5213122963905334,0.6324374299637853,0.5199674077828997,0.6924746632575989
48,1,16,0.3070392608642578,0.5056724548339844,0.26340662839940476,0.4710776330861272,0.7942590713500977
48,1,17,0.5087518692016602,0.5589645504951477,0.5819309119860451,0.5489331679899684,0.6580101847648621
48,1,18,0.31119292974472046,0.536554753780365,0.28105785051554705,0.47501764796316986,0.7657015919685364
48,1,19,0.4804869294166565,0.5252170562744141,0.555132382059422,0.5160710877687604,0.6598904132843018
48,1,20,0.3224540650844574,0.5178241729736328,0.30262753086061306,0.45134035899755787,0.7652661800384521
48,1,21,0.49706825613975525,0.513087272644043,0.5626873633727941,0.5082616840997582,0.6423885822296143
48,1,22,0.33366507291793823,0.4848777651786804,0.3117137101668093,0.44763334509655733,0.7496400475502014
48,1,23,0.6095587015151978,0.6901829838752747,0.5740176861215127,0.6988540345284564,0.9230271577835083
48,1,24,0.42754825949668884,0.6930050253868103,0.37488795144472725,0.6951847434293995,0.9538108706474304
48,1,25,0.5650998950004578,0.7719873785972595,0.5624661943208281,0.688306880716586,0.7492707371711731
48,1,26,0.20273439586162567,0.6975768804550171,0.16774175095492175,0.6669768581028396,0.7429280877113342
48,1,27,0.5148094892501831,1.0620522499084473,0.5042963155670669,1.0484360737074159,0.5402669906616211
48,1,28,0.21919292211532593,0.9942495822906494,0.2403979824634915,0.9826510208584257,0.37174922227859497
48,1,29,0.5313831567764282,1.0985721349716187,0.518463178895864,1.0911860793731705,0.5738042593002319
48,1,30,0.26071131229400635,1.0337642431259155,0.29549981586058793,1.0182670375114626,0.49500179290771484
48,1,31,0.48350024223327637,1.2018221616744995,0.4865843404912331,1.2008710838395105,0.42815491557121277
48,1,32,0.11040836572647095,1.1062569618225098,0.1666554934211635,1.1164633306837453,0.28690364956855774
48,2,0,0.5774853825569153,0.17660829424858093,0.6259272970261595,0.1696457027935065,0.9976536631584167
48,2,1,0.5916166305541992,0.14318175613880157,0.6333729129418039,0.13812939418506948,0.9978030323982239
48,2,2,0.6008219718933105,0.14364691078662872,0.6403378636531507,0.13890971255050003,0.9977279901504517
48,2,3,0.6096271872520447,0.14418967068195343,0.6468682173363283,0.1398997940019654,0.9973561763763428
48,2,4,0.5593926310539246,0.13840961456298828,0.6022468993751853,0.13416852423082729,0.9979828596115112
48,2,5,0.5472251176834106,0.13560494780540466,0.5869140990135956,0.13205790441803103,0.9979506134986877
48,2,6,0.5342078804969788,0.1329631507396698,0.5705690422226389,0.1302614879535444,0.9981873035430908
48,2,7,0.6207308769226074,0.1539536863565445,0.6380104424762991,0.15067384617633842,0.9974268674850464
48,2,8,0.5719753503799438,0.14190980792045593,0.5430190836498369,0.138862082789723,0.9988705515861511
48,2,9,0.5751687288284302,0.20594844222068787,0.6219142459214964,0.20014721024588594,0.9985857009887695
48,2,10,0.5372549295425415,0.2041877806186676,0.5837956910467903,0.19847343674086954,0.9988566637039185
48,2,11,0.7632829546928406,0.3062521815299988,0.7808699979115664,0.29840079918886664,0.9927448630332947
48,2,12,0.33594685792922974,0.28469035029411316,0.35379827098407457,0.2856881727600451,0.9984502196311951
48,2,13,0.6837955713272095,0.5225436091423035,0.8043591661268122,0.5120315424120021,0.7907165288925171
48,2,14,0.18557380139827728,0.4940987229347229,0.21380129507994833,0.49393533853535176,0.7141766548156738
48,2,15,0.5729050636291504,0.28204408288002014,0.6795653224856963,0.40566897114774547,0.700344979763031
48,2,16,0.4150233566761017,0.5447342991828918,0.4459620023309627,0.5304884924687585,0.8030604720115662
48,2,17,0.5357192158699036,0.22483885288238525,0.6393268221200621,0.38575984467177815,0.6659523248672485
48,2,18,0.4733408987522125,0.573762834072113,0.5073522485707266,0.5598030799857405,0.7665655016899109
48,2,19,0.5645548105239868,0.2093493789434433,0.6350793151991269,0.35387519046019894,0.6672787666320801
48,2,20,0.5093903541564941,0.5549168586730957,0.5500242099092761,0.5383462895378448,0.7652164101600647
48,2,21,0.5719905495643616,0.2285912036895752,0.6312623899642554,0.36611188165917063,0.6492335796356201
48,2,22,0.4956607520580292,0.5416531562805176,0.5343801209728701,0.5290133308179829,0.748975932598114
48,2,23,0.5873898863792419,0.705951988697052,0.6207859582275801,0.6940275320656966,0.9237777590751648
48,2,24,0.3618708550930023,0.7020590305328369,0.38811532933848825,0.6866909545868034,0.9543894529342651
48,2,25,0.7288034558296204,0.721245288848877,0.7029414499164661,0.6767752934725225,0.6944147348403931
48,2,26,0.2924382984638214,0.8143588900566101,0.3123587964025253,0.7494302612157159,0.6990741491317749
48,2,27,0.5294273495674133,0.9851034879684448,0.47987710292104935,0.9812845516880456,0.49184727668762207
48,2,28,0.3676384389400482,1.0540090799331665,0.43639363187947805,1.0162944804452259,0.34071409702301025
48,2,29,0.48846736550331116,1.013632893562317,0.4440692563109273,1.01664321024135,0.5263961553573608
48,2,30,0.3785591125488281,1.0904085636138916,0.4579069351182644,1.0409187492716674,0.4580738842487335
48,2,31,0.48961248993873596,1.1017849445343018,0.42913567302275685,1.1129190346032498,0.39060845971107483
48,2,32,0.3704243302345276,1.165855884552002,0.45201851814125205,1.1257180986569877,0.2629547417163849
49,1,0,0.43866273760795593,0.17041780054569244,0.36519999058486796,0.1798748875728089,0.9977438449859619
49,1,1,0.4739176034927368,0.13959605991840363,0.3907830017954922,0.14644200482301956,0.9979071617126465
49,1,2,0.485604465007782,0.13942748308181763,0.4026978018182259,0.146464664526008,0.9978622794151306
49,1,3,0.49766114354133606,0.13960391283035278,0.4153601276905272,0.14672185939538562,0.9975305795669556
49,1,4,0.45663750171661377,0.13537219166755676,0.37147135384319585,0.14435498708477104,0.9979913234710693
49,1,5,0.4564608931541443,0.1322401463985443,0.36975551001410123,0.1427845902277449,0.9979665279388428
49,1,6,0.45679184794425964,0.12970727682113647,0.36887551295871357,0.1414609040979787,0.998187243938446
49,1,7,0.5556321740150452,0.15062572062015533,0.47581016605916304,0.15656405255176886,0.99763423204422
49,1,8,0.5088474750518799,0.1443396508693695,0.4093028677501814,0.15129099525208756,0.9988148212432861
49,1,9,0.4677881598472595,0.20141179859638214,0.3979752556881701,0.2136165311579913,0.9986938834190369
49,1,10,0.44690534472465515,0.19957301020622253,0.37462844225916153,0.21227329217082672,0.9988012313842773
49,1,11,0.7555589079856873,0.28819334506988525,0.6942264052809403,0.2813653816872547,0.9934626817703247
49,1,12,0.39652854204177856,0.27764108777046204,0.34169072353195745,0.29000200458736736,0.9983811974525452
49,1,13,0.789003849029541,0.4849080443382263,0.8372283569213056,0.47256157541210614,0.8105988502502441
49,1,14,0.26590004563331604,0.5006018877029419,0.23209427504689312,0.49784652436964666,0.6958194375038147
49,1,15,0.5517048835754395,0.42671865224838257,0.6184229423862845,0.5037741924777888,0.7261793613433838
49,1,16,0.30134618282318115,0.47797855734825134,0.269984150851222,0.47227292104767776,0.8019825220108032
49,1,17,0.4880004823207855,0.46129491925239563,0.5656189202034256,0.5337167835266937,0.6893723607063293
49,1,18,0.3092453181743622,0.47555145621299744,0.2859432507144318,0.4751100895867121,0.7653679251670837
49,1,19,0.47528770565986633,0.43026527762413025,0.5412723812940968,0.5011736772460432,0.6903133392333984
49,1,20,0.3243914246559143,0.4416256546974182,0.3063988924877332,0.4496575690199509,0.763259768486023
49,1,21,0.49522730708122253,0.41608932614326477,0.5509815223569214,0.49225588755779526,0.6709386110305786
49,1,22,0.331802636384964,0.4568360149860382,0.31519464725953167,0.44922742145855826,0.7456581592559814
49,1,23,0.6093156933784485,0.6746625304222107,0.5801367475550938,0.6946617314038639,0.9306172132492065
49,1,24,0.4316031336784363,0.6745855212211609,0.38472610516521877,0.6916153560433977,0.9570611119270325
49,1,25,0.5820293426513672,0.6971126794815063,0.5658559477788073,0.6898321908659623,0.7154353857040405
49,1,26,0.1741027981042862,0.6766527891159058,0.16884350934436212,0.6686529343209286,0.6997804045677185
49,1,27,0.48886939883232117,1.0298666954040527,0.5016235780174234,1.0452185999209216,0.5127642154693604
49,1,28,0.28660085797309875,0.9561187028884888,0.24841005959349904,0.9780527328434214,0.3425410985946655
49,1,29,0.49138790369033813,1.0699973106384277,0.5137706980524858,1.0875144622833866,0.5477285385131836
49,1,30,0.3121820092201233,0.998450756072998,0.29839012241016416,1.0148333905880593,0.46624812483787537
49,1,31,0.45960772037506104,1.1744539737701416,0.48190897800622295,1.196292766503882,0.40913695096969604
49,1,32,0.2538697123527527,1.071951985359192,0.1817979679461209,1.108744941947416,0.26620423793792725
49,2,0,0.5772256255149841,0.172255739569664,0.6174812429915648,0.17009772022083022,0.9978454113006592
49,2,1,0.5877782106399536,0.13965508341789246,0.6254664208050348,0.1383936110099317,0.9979865550994873
49,2,2,0.596280038356781,0.1404886096715927,0.6326982310424125,0.13918314428365353,0.9979405403137207
49,2,3,0.6042302250862122,0.141448974609375,0.6394750991848124,0.14016807922077945,0.997612714767456
49,2,4,0.5551990270614624,0.13363082706928253,0.5940880600752786,0.13407540932151454,0.9980906844139099
49,2,5,0.5418303608894348,0.13038703799247742,0.5790963326652608,0.1317685447407732,0.9980679154396057
49,2,6,0.5278831720352173,0.12746043503284454,0.5631676122956056,0.12977638675077152,0.9982873201370239
49,2,7,0.615437388420105,0.1536821573972702,0.6340987970500581,0.15119484472219621,0.9975844621658325
49,2,8,0.5312685370445251,0.13937526941299438,0.5409835147510813,0.13895095305794222,0.9988963603973389
49,2,9,0.5709216594696045,0.20346660912036896,0.6130702835875468,0.20072209031651622,0.9986698627471924
49,2,10,0.5328748822212219,0.2016800045967102,0.5749641969428553,0.19902877394856391,0.9988783001899719
49,2,11,0.7422281503677368,0.3107966482639313,0.7741705925287312,0.3005481974154797,0.9927811622619629
49,2,12,0.32554829120635986,0.28780582547187805,0.34890204692007803,0.28605491156380036,0.9984566569328308
49,2,13,0.6758750081062317,0.5357118844985962,0.7820234921798337,0.5161352048136696,0.8056025505065918
49,2,14,0.1801900714635849,0.5024384260177612,0.20797493288542981,0.495408200894611,0.72353196144104
49,2,15,0.5605830550193787,0.27459484338760376,0.6588873399680669,0.3828812285078888,0.7374926805496216
49,2,16,0.4073697328567505,0.5382801294326782,0.4392711960619854,0.5318380921365433,0.8116470575332642
49,2,17,0.51631098985672,0.22252333164215088,0.617945255833499,0.35735313481339415,0.7023831605911255
49,2,18,0.4695092737674713,0.5642301440238953,0.5007914966740552,0.5605698199541895,0.7686728835105896
49,2,19,0.5431154370307922,0.1932978630065918,0.6191098185417083,0.3259334885338227,0.7032416462898254
49,2,20,0.5097194314002991,0.5473322868347168,0.5430361429680522,0.5399028217296662,0.7664133906364441
49,2,21,0.5436072945594788,0.21630141139030457,0.6160430762882128,0.34005211205184654,0.6839292049407959
49,2,22,0.49324434995651245,0.5371857285499573,0.5272477979210151,0.5304288986794791,0.7498327493667603
49,2,23,0.5954527854919434,0.7130835652351379,0.616395653778119,0.6973293704833884,0.9309730529785156
49,2,24,0.34430500864982605,0.7004955410957336,0.38051867418739743,0.6890824976603841,0.9575189352035522
49,2,25,0.7446012496948242,0.6542345285415649,0.7101647735074651,0.6728692757790256,0.6864671111106873
49,2,26,0.26764336228370667,0.7117384672164917,0.3046049908264869,0.7428958054176341,0.6926835179328918
49,2,27,0.5107220411300659,0.9648999571800232,0.48522351901390715,0.9784458236496574,0.47822609543800354
49,2,28,0.3755066394805908,0.9893197417259216,0.4258304376190451,1.0116194725385659,0.31968364119529724
49,2,29,0.46760493516921997,1.0023926496505737,0.44814785032743476,1.014174372022013,0.5179005861282349
49,2,30,0.39203161001205444,1.026314616203308,0.44647659110565974,1.0383886394273918,0.4439055323600769
49,2,31,0.45501014590263367,1.0739480257034302,0.4336198878140218,1.1061624822291258,0.3809985816478729
49,2,32,0.37988924980163574,1.109087586402893,0.4395006230177658,1.122836745305822,0.24955826997756958
50,1,0,0.4724937081336975,0.16977684199810028,0.3838401545190761,0.17812567039557417,0.9977877140045166
50,1,1,0.5053629875183105,0.13940049707889557,0.4106933716987068,0.14522236347068082,0.9980015158653259
50,1,2,0.5165479779243469,0.1402282565832138,0.4224809156611316,0.14538449860554623,0.9980021119117737
50,1,3,0.5284258723258972,0.14110873639583588,0.4350064659400622,0.14574966668127926,0.9977092146873474
50,1,4,0.4866427779197693,0.13240554928779602,0.3914848614053079,0.14228495042894518,0.9979739785194397
50,1,5,0.48441779613494873,0.12806706130504608,0.3896802429587109,0.14023481680295133,0.9979786276817322
50,1,6,0.48236462473869324,0.12370232492685318,0.3885956965532065,0.13838399550031114,0.9981729984283447
50,1,7,0.5818793773651123,0.152430921792984,0.49423690649096214,0.15584822639167345,0.9977374076843262
50,1,8,0.5267218351364136,0.13656514883041382,0.4297082975129859,0.14873978043613884,0.9987198114395142
50,1,9,0.49429431557655334,0.2054152637720108,0.4147032558968158,0.21219596137182536,0.9987424612045288
50,1,10,0.47102001309394836,0.20081616938114166,0.3913690775458619,0.2102885701417658,0.9986594319343567
50,1,11,0.7573053240776062,0.29260748624801636,0.7051705575023456,0.28331284360247305,0.9934960603713989
50,1,12,0.40697363018989563,0.2984102964401245,0.3530180197918222,0.29145844304659585,0.9981462955474854
50,1,13,0.6765337586402893,0.49683913588523865,0.8092664009393836,0.47676880826967344,0.8234509229660034
50,1,14,0.29035693407058716,0.48023051023483276,0.2422013406252628,0.49479433335732426,0.6899051666259766
50,1,15,0.5424941182136536,0.39892807602882385,0.605244233077635,0.48556067882313436,0.7588701844215393
50,1,16,0.32386431097984314,0.5086773633956909,0.27932974108312736,0.47858401232904263,0.777103841304779
50,1,17,0.47508904337882996,0.4147278070449829,0.549899062146876,0.5130376447408787,0.7216379642486572
50,1,18,0.32817766070365906,0.5054630041122437,0.2932663247070477,0.4803711303971091,0.7377760410308838
50,1,19,0.4525197148323059,0.38050228357315063,0.5258619532586244,0.48020109016593887,0.7222777605056763
50,1,20,0.34441128373146057,0.47726011276245117,0.3129890862672161,0.45444149657848354,0.7350299954414368
50,1,21,0.4726371169090271,0.3639456033706665,0.5373825653514338,0.46995058167625703,0.7012666463851929
50,1,22,0.3546622395515442,0.4804045259952545,0.32203742392790435,0.4546314502439324,0.7190808057785034
50,1,23,0.6434178948402405,0.7030767202377319,0.5911160255150281,0.6961193307441466,0.9372102618217468
50,1,24,0.4302690923213959,0.6823257803916931,0.39262361931835116,0.6900062255831665,0.9589258432388306
50,1,25,0.5912922620773315,0.6180863380432129,0.5702641374591807,0.6773811188778739,0.7124475836753845
50,1,26,0.1833435744047165,0.6282714009284973,0.17135559185857552,0.6616515493874904,0.6917127370834351
50,1,27,0.45649364590644836,1.0153902769088745,0.4937977730364706,1.0400485677083227,0.5099969506263733
50,1,28,0.1976301074028015,0.9275045394897461,0.2396030209609718,0.969285960723266,0.31500980257987976
50,1,29,0.41971614956855774,1.055862307548523,0.49743711144263175,1.0820280132978315,0.5432349443435669
50,1,30,0.2361585646867752,0.9793415665626526,0.28759325160502985,1.0086806838251885,0.44529229402542114
50,1,31,0.4372785687446594,1.1489043235778809,0.47416991042025486,1.1880747641460667,0.41148388385772705
50,1,32,0.052750568836927414,1.0395046472549438,0.15936404962306816,1.0967295766833798,0.2522953152656555
50,2,0,0.6049395799636841,0.21183249354362488,0.6153085735278774,0.17733402813830768,0.9979271292686462
50,2,1,0.6217383742332458,0.17440593242645264,0.6248207595038171,0.1446366419766534,0.9981648921966553
50,2,2,0.6312423944473267,0.17504793405532837,0.6324461115793705,0.14540057188878816,0.9981505870819092
50,2,3,0.6419682502746582,0.17600804567337036,0.6399068720666584,0.1463811988843407,0.9978864789009094
50,2,4,0.5919563174247742,0.16956274211406708,0.5937188807569662,0.14022733222299896,0.9981578588485718
50,2,5,0.5844339728355408,0.16650623083114624,0.5800208034475323,0.13779037674043787,0.9981614351272583
50,2,6,0.6001222133636475,0.16365285217761993,0.5695741730070554,0.135648772940661,0.9983429312705994
50,2,7,0.6257109642028809,0.18803758919239044,0.6326459033733349,0.15758199557725397,0.9978936314582825
50,2,8,0.5038171410560608,0.17387796938419342,0.5345401976418189,0.14500564016555856,0.9988425970077515
50,2,9,0.6033541560173035,0.246892511844635,0.6113872418783308,0.20872855202519972,0.9988476037979126
50,2,10,0.5703765749931335,0.2449249029159546,0.5741696449400403,0.206987604779933,0.9987882375717163
50,2,11,0.7470991611480713,0.3638159930706024,0.7694787993169974,0.31152516197877717,0.9923838973045349
50,2,12,0.28666988015174866,0.3504328429698944,0.3381050986374662,0.2972248561090112,0.998191773891449
50,2,13,0.7466720342636108,0.6129076480865479,0.7758951121920191,0.5329420966435013,0.8099275231361389
50,2,14,0.14060011506080627,0.5965445637702942,0.19628395674772509,0.5129752848602761,0.7189039587974548
50,2,15,0.5420908331871033,0.45581376552581787,0.6385905177685929,0.3955385857704719,0.7300447225570679
50,2,16,0.39741507172584534,0.6389356851577759,0.4320138175370458,0.5504439447352316,0.7860212922096252
50,2,17,0.46997955441474915,0.43528032302856445,0.5922078837900113,0.3708792628276543,0.6940350532531738
50,2,18,0.4505106508731842,0.6695260405540466,0.4920711627785056,0.5794996200615753,0.7405614256858826
50,2,19,0.4791189432144165,0.3842737078666687,0.5947654697965682,0.3360538957431351,0.6944378018379211
50,2,20,0.5001792907714844,0.6437379717826843,0.5356050254053668,0.5579401343674607,0.7370898127555847
50,2,21,0.48852699995040894,0.3967195153236389,0.5938763608747072,0.349881854458762,0.6744304299354553
50,2,22,0.48299720883369446,0.6345940232276917,0.5195746936193738,0.5485237101104142,0.7214418649673462
50,2,23,0.6176556944847107,0.7954831123352051,0.6166138641969979,0.714376862845408,0.9367935657501221
50,2,24,0.3490692973136902,0.7777426242828369,0.3750674128096861,0.7044767468679131,0.9594123959541321
50,2,25,0.777546763420105,0.7275023460388184,0.7218570378749104,0.682345715443941,0.7116738557815552
50,2,26,0.06407463550567627,0.7079318761825562,0.26265140004215093,0.7368347534332731,0.694742739200592
50,2,27,0.3153494894504547,0.9123833179473877,0.4556563222529539,0.9669830220506852,0.47472843527793884
50,2,28,0.36739277839660645,0.981124758720398,0.4156929223692958,1.0063338533889645,0.30054327845573425
50,2,29,0.2658504843711853,0.9172701835632324,0.41640657216804733,0.9973445317728608,0.51646488904953
50,2,30,0.4064813554286957,0.9897280335426331,0.4395422154055411,1.0299497457851516,0.42342090606689453
50,2,31,0.13085956871509552,0.9464293122291565,0.3807145623093134,1.0783686180208345,0.38584914803504944
50,2,32,0.4894222319126129,1.0776336193084717,0.44815846913361135,1.1149982604873012,0.24156880378723145
51,1,0,0.4975287914276123,0.17909061908721924,0.4035951009842099,0.17829277606597244,0.9981141686439514
51,1,1,0.5284425616264343,0.14772501587867737,0.4311564024078769,0.1456557821314371,0.9983330368995667
51,1,2,0.5407314300537109,0.147896409034729,0.44303137129341824,0.14581952073837495,0.9983248114585876
51,1,3,0.5538046956062317,0.14824095368385315,0.45565243827260776,0.14618111691640998,0.9980876445770264
51,1,4,0.5083006024360657,0.1452128291130066,0.4117851148931657,0.14279201781579978,0.9983148574829102
51,1,5,0.5063577890396118,0.14343436062335968,0.40995639887028346,0.14078893728500608,0.9983237385749817
51,1,6,0.5092437863349915,0.14174699783325195,0.40956434453802915,0.13896642777709303,0.9984849691390991
51,1,7,0.5970037579536438,0.1589529663324356,0.5120881957038539,0.1563859266397199,0.9980968236923218
51,1,8,0.5249741673469543,0.15112721920013428,0.4462529318122053,0.1491532445398878,0.9989338517189026
51,1,9,0.5245331525802612,0.2111244648694992,0.4337854488879508,0.21201040354925,0.9989510178565979
51,1,10,0.49905452132225037,0.2095683515071869,0.4100774909126202,0.21016384663903143,0.998845100402832
51,1,11,0.7302671074867249,0.28933170437812805,0.7095198335810463,0.28435532293937366,0.9931424856185913
51,1,12,0.3895922601222992,0.29073384404182434,0.35935858726319064,0.29133296101156336,0.9979551434516907
51,1,13,0.7786517143249512,0.49113982915878296,0.8039599274162312,0.4792585246503587,0.8271323442459106
51,1,14,0.26085329055786133,0.4898999035358429,0.24543312791336264,0.49394663722448334,0.6996418237686157
51,1,15,0.5248526930809021,0.48681509494781494,0.5912890766369293,0.4857779144346943,0.7535488605499268
51,1,16,0.32615333795547485,0.5161991119384766,0.287449642761584,0.4851052205298874,0.768522322177887
51,1,17,0.45327433943748474,0.51753169298172,0.5331178094295473,0.5138159837020736,0.7160828113555908
51,1,18,0.32678914070129395,0.5119917988777161,0.29907736341085656,0.48585211765948555,0.7237392663955688
51,1,19,0.42566558718681335,0.48608842492103577,0.5084585461335834,0.4812207794381473,0.7163213491439819
51,1,20,0.34266799688339233,0.4784146547317505,0.3181332163462256,0.4585959444231574,0.7192186117172241
51,1,21,0.44493016600608826,0.47731292247772217,0.5213279663285888,0.47122579933592723,0.6963438987731934
51,1,22,0.355949729681015,0.480641633272171,0.3279160566401438,0.45913917990419734,0.7041277885437012
51,1,23,0.6683212518692017,0.6588625311851501,0.6045167333555114,0.6896603216672613,0.9427303671836853
51,1,24,0.36782383918762207,0.6787075996398926,0.3883258254040573,0.6880489710665976,0.9619954824447632
51,1,25,0.6052197217941284,0.6334407925605774,0.5763237786590951,0.6697618840138275,0.7328950762748718
51,1,26,0.05313687026500702,0.5789685845375061,0.15081086256525061,0.647297703466322,0.7036773562431335
51,1,27,0.38899946212768555,0.988124430179596,0.47559258109044056,1.0310427805058453,0.4950185716152191
51,1,28,0.1375323086977005,0.8880735039710999,0.2218731161074059,0.9551880042301183,0.2993537485599518
51,1,29,0.4262436032295227,1.0360279083251953,0.4850820473304328,1.0740511176051335,0.5254319906234741
51,1,30,0.18823912739753723,0.9292234182357788,0.270336609751133,0.9948881435100828,0.4218641519546509
51,1,31,0.36440712213516235,1.117671012878418,0.4550994758217767,1.1758570667375825,0.3997943103313446
51,1,32,0.04285843297839165,0.994227945804596,0.13911797684242924,1.0789245842112736,0.24365432560443878
51,2,0,0.6037471890449524,0.20039698481559753,0.6133057829739366,0.18133062727213542,0.9982864260673523
51,2,1,0.6126980781555176,0.16550491750240326,0.6227206997448773,0.14825268427529778,0.9984930157661438
51,2,2,0.6194156408309937,0.1656981259584427,0.6301887303918042,0.14891765960433873,0.9984836578369141
51,2,3,0.6277596950531006,0.16618002951145172,0.6378025674245397,0.14981181817772202,0.9982709884643555
51,2,4,0.5882929563522339,0.16286784410476685,0.5927791157103427,0.14415067541115376,0.998478889465332
51,2,5,0.577476978302002,0.16094696521759033,0.5795802535079486,0.1418032122974925,0.9984865784645081
51,2,6,0.572739839553833,0.15910200774669647,0.5701224258218298,0.13971305089658978,0.9986333847045898
51,2,7,0.6144015789031982,0.17735160887241364,0.6294847870252958,0.16100754931371664,0.9982763528823853
51,2,8,0.5211807489395142,0.16484953463077545,0.5322258029980937,0.14844407244802474,0.9990388751029968
51,2,9,0.5959135293960571,0.2322842925786972,0.6087063994816913,0.2128106067423689,0.999052107334137
51,2,10,0.5628771781921387,0.2327340990304947,0.5722134551266654,0.21144959627100893,0.998958945274353
51,2,11,0.7177932858467102,0.33915629982948303,0.7605144775986719,0.3163140439609246,0.9932708144187927
51,2,12,0.29510897397994995,0.3228934109210968,0.3306498001829595,0.3016733313603728,0.9980503916740417
51,2,13,0.7453416585922241,0.5956580638885498,0.7705992615034564,0.5438231569257925,0.7943772673606873
51,2,14,0.16741932928562164,0.5590457916259766,0.19128110592909206,0.5209644094866873,0.7241533994674683
51,2,15,0.6380037069320679,0.6087743639945984,0.6384888968502715,0.43270099258056594,0.6997804045677185
51,2,16,0.4023285210132599,0.608769416809082,0.4268686023098965,0.5605619347152536,0.7651066780090332
51,2,17,0.5717223882675171,0.6452535390853882,0.5886581814868456,0.4187836749372906,0.6671628952026367
51,2,18,0.44971999526023865,0.6413877010345459,0.4847278382741482,0.5902367796046706,0.7178704738616943
51,2,19,0.5660813450813293,0.6026625037193298,0.5897939079304144,0.3825917393913018,0.6694353818893433
51,2,20,0.498329758644104,0.612845778465271,0.529142802431568,0.5674638926239245,0.7142279744148254
51,2,21,0.5506507754325867,0.5941300988197327,0.5863811913622863,0.39248829414860736,0.6541613936424255
51,2,22,0.4808664917945862,0.6036306619644165,0.5128637609951054,0.5580824443247319,0.6982178092002869
51,2,23,0.5830985903739929,0.7421546578407288,0.6108041524231586,0.719191188935117,0.9413205981254578
51,2,24,0.325043648481369,0.7355822920799255,0.3663917330071529,0.7098683613933993,0.9615471959114075
51,2,25,0.6258838772773743,0.6352609992027283,0.7051894303315472,0.6741805242600412,0.7129634022712708
51,2,26,0.05845813453197479,0.658011257648468,0.2270739729256001,0.7231525698077481,0.6957005858421326
51,2,27,0.2653125822544098,0.8670066595077515,0.42250588619410895,0.9496180257497892,0.46398723125457764
51,2,28,0.3612065017223358,0.9181458950042725,0.4062419741106128,0.9910218387001365,0.2856864631175995
51,2,29,0.2435419112443924,0.8909504413604736,0.38631599421081997,0.9788612558962906,0.5029443502426147
51,2,30,0.41176384687423706,0.9299650192260742,0.4347277711524726,1.0125833322335653,0.4002869129180908
51,2,31,0.10990322381258011,0.9234074354171753,0.33343628287027394,1.0514088302557971,0.3767130970954895
51,2,32,0.4268933832645416,1.024959683418274,0.44447359527215247,1.0993640373733862,0.23415851593017578
52,1,0,0.5140730738639832,0.16651497781276703,0.42279031987869825,0.17625248365545534,0.9984443783760071
52,1,1,0.5457808375358582,0.13902932405471802,0.45107454868621644,0.14450804483932395,0.9986333847045898
52,1,2,0.5564107894897461,0.13947772979736328,0.4627324342361962,0.14472109871240427,0.9986276626586914
52,1,3,0.5684468746185303,0.14008229970932007,0.47525150476734584,0.14512478659540046,0.9984360337257385
52,1,4,0.5310171246528625,0.1380106657743454,0.4325067769654323,0.141963908464205,0.9986150860786438
52,1,5,0.530669629573822,0.13755738735198975,0.4309364174837096,0.1402292729783656,0.9986253380775452
52,1,6,0.5324365496635437,0.13709275424480438,0.43092097854633155,0.13864194403730104,0.9987571239471436
52,1,7,0.6045117974281311,0.15640956163406372,0.5281378288699295,0.15639001953165882,0.9984444379806519
52,1,8,0.5571923851966858,0.1506585329771042,0.46552860604356094,0.14941392818717059,0.9991223216056824
52,1,9,0.5368224382400513,0.19985921680927277,0.4516837978233495,0.20990540481555606,0.999142050743103
52,1,10,0.5160563588142395,0.19939245283603668,0.4284884918170571,0.2082979522580673,0.9990394711494446
52,1,11,0.7444871068000793,0.2903761863708496,0.71558151812095,0.28539814916381395,0.9939407110214233
52,1,12,0.4110710918903351,0.2984475791454315,0.3683276197050476,0.29256526834845054,0.9979323744773865
52,1,13,0.8442149758338928,0.5030587315559387,0.8109393284368515,0.4833829742514265,0.8140791058540344
52,1,14,0.3019663393497467,0.5109577178955078,0.2552396719931292,0.4968939664347084,0.7107494473457336
52,1,15,0.5477077960968018,0.5118615031242371,0.5837321528702907,0.4902983577916173,0.7279669642448425
52,1,16,0.3712586760520935,0.5072979927062988,0.30199949184652247,0.4889509281593461,0.7553106546401978
52,1,17,0.4711400270462036,0.5417847037315369,0.5223650124321,0.5186634001401421,0.6953759789466858
52,1,18,0.371747225522995,0.5153794884681702,0.3116891756187695,0.49096993970462205,0.7076218128204346
52,1,19,0.4548855125904083,0.5147615075111389,0.4991662721138562,0.48703488351542606,0.6973584890365601
52,1,20,0.3853236734867096,0.4890846610069275,0.32979218385223685,0.4638805442416875,0.7032761573791504
52,1,21,0.4690454602241516,0.5053123831748962,0.5122598938328511,0.47713462170932247,0.6817450523376465
52,1,22,0.399724543094635,0.4951157569885254,0.3403780713773994,0.465376014467391,0.687565267086029
52,1,23,0.6324313879013062,0.6913943290710449,0.6093547958148953,0.6899606167077493,0.9469003677368164
52,1,24,0.4101499915122986,0.6869753003120422,0.39210761404740596,0.6878630368283241,0.9642597436904907
52,1,25,0.6320593357086182,0.5990569591522217,0.5859917119837369,0.6574918301556565,0.7404539585113525
52,1,26,0.06686624139547348,0.576714277267456,0.13623741279678567,0.6350487789712433,0.7201204895973206
52,1,27,0.537021815776825,0.9700373411178589,0.4862499271884211,1.0204590365092239,0.5097612142562866
52,1,28,0.15911607444286346,0.882269561290741,0.21098490048628718,0.9425329697270187,0.3147921860218048
52,1,29,0.3897205889225006,1.0392454862594604,0.46852084013138023,1.0680174868632615,0.5341091156005859
52,1,30,0.20491987466812134,0.9289607405662537,0.25898602889807604,0.9834488066392251,0.42542287707328796
52,1,31,0.22942712903022766,1.1176244020462036,0.4157546810253899,1.1657551945006934,0.4201014041900635
52,1,32,0.06403491646051407,1.0057984590530396,0.12608637550925467,1.0662334055005065,0.2562129497528076
52,2,0,0.6253127455711365,0.21255750954151154,0.6153857867447737,0.18674328708541726,0.9983687996864319
52,2,1,0.6470969915390015,0.17674832046031952,0.6269450512375212,0.15319152258567265,0.9986461400985718
52,2,2,0.6674808859825134,0.17740033566951752,0.6366538765377093,0.15385424972996983,0.9986028671264648
52,2,3,0.6732416749000549,0.17841491103172302,0.6439461187060121,0.15476929673454218,0.9984270930290222
52,2,4,0.635908842086792,0.17398057878017426,0.6002576012097932,0.14932097491380172,0.9986918568611145
52,2,5,0.6162916421890259,0.1723865121603012,0.5859446044638748,0.14710421494510997,0.9987022280693054
52,2,6,0.5918149948120117,0.17098172008991241,0.5738813928242308,0.1451329600977473,0.9988405108451843
52,2,7,0.623279333114624,0.19206489622592926,0.6284099833854083,0.1663907951706945,0.9983972907066345
52,2,8,0.5213193893432617,0.18054838478565216,0.5303365120759538,0.15400896619832483,0.999194324016571
52,2,9,0.6416105628013611,0.2487860769033432,0.6144100699558793,0.21904724460876326,0.9991738796234131
52,2,10,0.6108328104019165,0.24675752222537994,0.578908956974678,0.21757038737769746,0.999121367931366
52,2,11,0.6954224109649658,0.36892715096473694,0.7492203813400217,0.32543950856118065,0.9922746419906616
52,2,12,0.2846079170703888,0.35974112153053284,0.32266565237207734,0.3117465297083484,0.9979451894760132
52,2,13,0.8206291198730469,0.6026889085769653,0.7792759586750285,0.5540350386316631,0.7569200992584229
52,2,14,0.1439262479543686,0.6187126040458679,0.18306895016855007,0.5379412839788065,0.7356661558151245
52,2,15,0.7734439373016357,0.5571421980857849,0.6619537841033312,0.4543311788369669,0.66541987657547
52,2,16,0.43363216519355774,0.6648415923118591,0.428040090732438,0.5786767405791403,0.7647737860679626
52,2,17,0.7677208185195923,0.5592786073684692,0.6198331375280356,0.443216049934533,0.6384678483009338
52,2,18,0.4661724865436554,0.7049192786216736,0.48151279920520634,0.610164906570891,0.717177152633667
52,2,19,0.7612418532371521,0.5110428333282471,0.6196364205906895,0.404921617600915,0.6409059166908264
52,2,20,0.5069579482078552,0.6760953664779663,0.5252984695673495,0.5863371235967504,0.7130913734436035
52,2,21,0.7523288130760193,0.5156918168067932,0.6152615759191141,0.4139025605674859,0.6290473341941833
52,2,22,0.49084746837615967,0.6648091077804565,0.5090486566571136,0.576623683582324,0.6955233812332153
52,2,23,0.540476381778717,0.8131818771362305,0.5985996972992856,0.735513621638007,0.9394872784614563
52,2,24,0.31115812063217163,0.7984151840209961,0.35681100263020765,0.7252429017715585,0.9629848003387451
52,2,25,0.5755739808082581,0.7312614321708679,0.6826564638592859,0.6840822654655506,0.7253669500350952
52,2,26,0.0734919011592865,0.70957350730896,0.20035499007727278,0.7208001219306704,0.7133969068527222
52,2,27,0.15938901901245117,0.9194418787956238,0.3765815533898969,0.9443876505846965,0.4779873490333557
52,2,28,0.2572975158691406,0.9794362783432007,0.38033364160898764,0.9890148608624726,0.30401402711868286
52,2,29,0.1727267950773239,0.9178134202957153,0.3490911470491723,0.9682701258926694,0.5036795139312744
52,2,30,0.2948688268661499,0.9939088821411133,0.41040642073861594,1.0093476489039983,0.4056945741176605
52,2,31,0.035043761134147644,0.9597373604774475,0.2812996743765221,1.0354901575967035,0.3939065933227539
52,2,32,0.29238349199295044,1.0918527841567993,0.4180155385216366,1.098063013579075,0.2483360469341278
53,1,0,0.5078205466270447,0.16589300334453583,0.4375528223927497,0.17445796591616297,0.9985177516937256
53,1,1,0.5390521287918091,0.13539770245552063,0.46635011927565745,0.14292996796659432,0.9987693428993225
53,1,2,0.5538218021392822,0.1354488730430603,0.47854977603444143,0.14311497292996964,0.9987328052520752
53,1,3,0.5636441707611084,0.13569851219654083,0.4905993302362669,0.143491969117497,0.99857497215271
53,1,4,0.5268707871437073,0.13519665598869324,0.4488943667477048,0.14079177986505292,0.9988042116165161
53,1,5,0.5213834643363953,0.13486289978027344,0.4466419326782264,0.1392998241802068,0.9988163709640503
53,1,6,0.5147873759269714,0.1345376819372177,0.445480942391125,0.13793111818679032,0.9989425539970398
53,1,7,0.56191486120224,0.15114301443099976,0.5339930049622239,0.15548124854431786,0.998548150062561
53,1,8,0.5097075700759888,0.14787158370018005,0.47318933951769243,0.14914682686852815,0.9992589354515076
53,1,9,0.5338250994682312,0.19754324853420258,0.46594347972892797,0.20776384539612855,0.999251663684845
53,1,10,0.5120329260826111,0.19749481976032257,0.4429923697311752,0.20642655811323057,0.9991919994354248
53,1,11,0.6538282632827759,0.2887798249721527,0.704867832518175,0.28598381604758366,0.9930436015129089
53,1,12,0.2880821228027344,0.29986533522605896,0.35439796955791925,0.29382970386921503,0.9980765581130981
53,1,13,0.858835756778717,0.4781847596168518,0.819245501243642,0.482482655358104,0.7801939845085144
53,1,14,0.23833680152893066,0.5110288858413696,0.2523111065904205,0.49934276198979316,0.731447160243988
53,1,15,0.5706937313079834,0.47734707593917847,0.5814733855672937,0.4880546967961916,0.6967725157737732
53,1,16,0.3728425204753876,0.526951014995575,0.3142935812749242,0.4955389553987564,0.777730405330658
53,1,17,0.5192264914512634,0.4984830319881439,0.5218214580952357,0.5151666198936775,0.6700186729431152
53,1,18,0.35648486018180847,0.5393035411834717,0.31945694642278594,0.4993520754298192,0.7338127493858337
53,1,19,0.5225796699523926,0.4610365927219391,0.503223619698166,0.4825292070602097,0.6722285747528076
53,1,20,0.37743479013442993,0.5117409825325012,0.3380543390333466,0.472180505384211,0.7299327850341797
53,1,21,0.5325822234153748,0.45732539892196655,0.5157812604856397,0.4737021902005372,0.6603137850761414
53,1,22,0.38930583000183105,0.5111544132232666,0.34886342287624905,0.47331441047360645,0.7134233117103577
53,1,23,0.6028636693954468,0.680478036403656,0.6082305044869888,0.6883180436134144,0.9451619982719421
53,1,24,0.38390448689460754,0.6720215082168579,0.39068672310038177,0.6851184425774446,0.9654621481895447
53,1,25,0.5777947902679443,0.6158071756362915,0.5845718956803917,0.6502642116636992,0.7516919374465942
53,1,26,0.08019046485424042,0.5672646164894104,0.1265153463302535,0.6232866138216928,0.7361519932746887
53,1,27,0.3304224908351898,0.8893719911575317,0.45913879802529356,0.9976691534610219,0.5211471319198608
53,1,28,0.14728398621082306,0.7849713563919067,0.19993261134767215,0.9151187116739182,0.3285500109195709
53,1,29,0.40275272727012634,1.0227830410003662,0.4571091582308115,1.0601735440073978,0.5303429365158081
53,1,30,0.1826927661895752,0.8384460210800171,0.24574392449747814,0.958229138060866,0.43051037192344666
53,1,31,0.29535409808158875,1.0293618440628052,0.3948291695779167,1.1420390080817302,0.4299987554550171
53,1,32,0.23192237317562103,0.8558245897293091,0.1444722551174753,1.0295664078701923,0.26327869296073914
53,2,0,0.6202709674835205,0.2229716181755066,0.6162318808848749,0.19302380840686753,0.9985862374305725
53,2,1,0.6374629139900208,0.17953217029571533,0.6287670125324323,0.15775656513552194,0.9988501667976379
53,2,2,0.6543890833854675,0.17941045761108398,0.6397267321923329,0.15828323828228189,0.9988032579421997
53,2,3,0.653910219669342,0.17963175475597382,0.6456721259107161,0.15907796599138466,0.9986574053764343
53,2,4,0.6241853833198547,0.1778714805841446,0.6044041728068279,0.15426933181024682,0.9988914132118225
53,2,5,0.5991032719612122,0.17587068676948547,0.5882242016145394,0.15209003531967613,0.9989003539085388
53,2,6,0.5753576755523682,0.17377285659313202,0.5741370530956739,0.15009682350098652,0.9990246891975403
53,2,7,0.6080241799354553,0.19299688935279846,0.6248775948766513,0.17100187857413132,0.9986438751220703
53,2,8,0.5079793930053711,0.1857701987028122,0.5264623111587257,0.15951433517638455,0.9993210434913635
53,2,9,0.6339284181594849,0.2613087594509125,0.6177920586507156,0.2263750026115054,0.9993122816085815
53,2,10,0.5963228344917297,0.26217496395111084,0.5819261087818229,0.2253049546528313,0.9992667436599731
53,2,11,0.7142089605331421,0.3872029185295105,0.7431510415409623,0.33615498870764693,0.99322509765625
53,2,12,0.2748643159866333,0.378777414560318,0.3143759576603152,0.3233777143925522,0.9981186985969543
53,2,13,0.7637083530426025,0.6771361231803894,0.7765788346310496,0.5754314339765814,0.7667858600616455
53,2,14,0.12684936821460724,0.6510215401649475,0.1733169020362074,0.5575900649794973,0.7553335428237915
53,2,15,0.6109254360198975,0.6808097958564758,0.6531035996349441,0.493817501709003,0.6661485433578491
53,2,16,0.4163318872451782,0.6900424361228943,0.4260118578302866,0.5980266175827207,0.7860926985740662
53,2,17,0.5763605237007141,0.6886947154998779,0.6122951104833341,0.48603929648090305,0.6421265602111816
53,2,18,0.44776248931884766,0.7253987193107605,0.4756622991723959,0.6301891979442632,0.7383843660354614
53,2,19,0.5446701645851135,0.6430047154426575,0.6066252193890549,0.446445553408968,0.6465049982070923
53,2,20,0.48704659938812256,0.6922640800476074,0.5186667433745289,0.6047390197495508,0.7350064516067505
53,2,21,0.542284369468689,0.6447378993034363,0.6025963507780486,0.4541537010805633,0.6370309591293335
53,2,22,0.4720269739627838,0.6771264672279358,0.5026304447831653,0.5940804429720276,0.7182057499885559
53,2,23,0.5683873295783997,0.8514722585678101,0.5933630430397929,0.755664279483886,0.9429855346679688
53,2,24,0.320330411195755,0.8492881655693054,0.3504866978661666,0.7468040178537919,0.9650573134422302
53,2,25,0.6222876906394958,0.7815398573875427,0.6721833791987466,0.7010085570133876,0.7307270765304565
53,2,26,0.13531947135925293,0.8210060596466064,0.18907055857567268,0.7382051569190954,0.7184961438179016
53,2,27,0.30081039667129517,1.009216070175171,0.36343011101250333,0.9556358906065421,0.483634352684021
53,2,28,0.3179393708705902,1.1030242443084717,0.36950844286028717,1.0088255864461788,0.31287404894828796
53,2,29,0.27673858404159546,1.0310883522033691,0.33653440292593756,0.9791689069700664,0.4977845251560211
53,2,30,0.33549991250038147,1.1275198459625244,0.3974055136676706,1.0298842729381794,0.40841808915138245
53,2,31,0.1660688817501068,1.0856860876083374,0.261275384583167,1.0441956698404082,0.39955392479896545
53,2,32,0.37996524572372437,1.21303129196167,0.41141874483412916,1.118040915596873,0.25133347511291504
