frame_id,person_id,landmark_id,raw_x,raw_y,filtered_x,filtered_y,visibility
99,2,0,0.5107444524765015,0.12680816650390625,0.5107444524765015,0.12680816650390625,0.9999445676803589
99,2,1,0.5351210236549377,0.10209053754806519,0.5351210236549377,0.10209053754806519,0.9998626708984375
99,2,2,0.5518047213554382,0.10092395544052124,0.5518047213554382,0.10092395544052124,0.9998335838317871
99,2,3,0.5673199892044067,0.09986960887908936,0.5673199892044067,0.09986960887908936,0.9998241066932678
99,2,4,0.47649964690208435,0.10299187898635864,0.47649964690208435,0.10299187898635864,0.9998646974563599
99,2,5,0.45233315229415894,0.10238948464393616,0.45233315229415894,0.10238948464393616,0.9998502731323242
99,2,6,0.430074006319046,0.10184383392333984,0.430074006319046,0.10184383392333984,0.9998500347137451
99,2,7,0.584246039390564,0.10040280222892761,0.584246039390564,0.10040280222892761,0.9997496008872986
99,2,8,0.3974035084247589,0.10388150811195374,0.3974035084247589,0.10388150811195374,0.999868631362915
99,2,9,0.5352707505226135,0.14139896631240845,0.5352707505226135,0.14139896631240845,0.9999597072601318
99,2,10,0.47002947330474854,0.14353710412979126,0.47002947330474854,0.14353710412979126,0.9999681711196899
99,2,11,0.7657003998756409,0.20349612832069397,0.7657003998756409,0.20349612832069397,0.9999569654464722
99,2,12,0.2465645968914032,0.2065201997756958,0.2465645968914032,0.2065201997756958,0.9999344348907471
99,2,13,0.8455312252044678,0.3482356667518616,0.8455312252044678,0.3482356667518616,0.964464545249939
99,2,14,0.13108691573143005,0.3375815153121948,0.13108691573143005,0.3375815153121948,0.9780087471008301
99,2,15,0.9053182005882263,0.48725107312202454,0.9053182005882263,0.48725107312202454,0.9169391989707947
99,2,16,0.14469191431999207,0.4436466097831726,0.14469191431999207,0.4436466097831726,0.9285434484481812
99,2,17,0.9484304189682007,0.5244635343551636,0.9484304189682007,0.5244635343551636,0.8580164313316345
99,2,18,0.12189877778291702,0.48402345180511475,0.12189877778291702,0.48402345180511475,0.8717049956321716
99,2,19,0.9094392657279968,0.525445282459259,0.9094392657279968,0.525445282459259,0.8757893443107605
99,2,20,0.17287641763687134,0.4808675944805145,0.17287641763687134,0.4808675944805145,0.8840506672859192
99,2,21,0.8835504651069641,0.5135464072227478,0.8835504651069641,0.5135464072227478,0.8714786171913147
99,2,22,0.19691887497901917,0.4694117307662964,0.19691887497901917,0.4694117307662964,0.8710118532180786
99,2,23,0.667494535446167,0.46508684754371643,0.667494535446167,0.46508684754371643,0.9972401857376099
99,2,24,0.3900122344493866,0.4682287573814392,0.3900122344493866,0.4682287573814392,0.9961838126182556
99,2,25,0.7792763710021973,0.6876528859138489,0.7792763710021973,0.6876528859138489,0.7063637375831604
99,2,26,0.4848629832267761,0.6659887433052063,0.4848629832267761,0.6659887433052063,0.4925585985183716
99,2,27,0.7774991393089294,0.877923846244812,0.7774991393089294,0.877923846244812,0.5392345190048218
99,2,28,0.5891705751419067,0.8391321301460266,0.5891705751419067,0.8391321301460266,0.4087807536125183
99,2,29,0.7608047127723694,0.8998550176620483,0.7608047127723694,0.8998550176620483,0.3796977996826172
99,2,30,0.6092166304588318,0.8606806397438049,0.6092166304588318,0.8606806397438049,0.2863435447216034
99,2,31,0.8070305585861206,0.953881561756134,0.8070305585861206,0.953881561756134,0.441153883934021
99,2,32,0.5929306745529175,0.9051119089126587,0.5929306745529175,0.9051119089126587,0.4185658395290375
100,2,0,0.5107288360595703,0.12183655798435211,0.510741212406524,0.12577652365858932,0.9999291300773621
100,2,1,0.5349941253662109,0.09892816096544266,0.5350946949137632,0.10143435552194824,0.9998233318328857
100,2,2,0.5516210198402405,0.09819798171520233,0.5517666070728496,0.10035833229157923,0.9997919797897339
100,2,3,0.5667150020599365,0.09754717350006104,0.5671944653658326,0.09938772288075076,0.9997838735580444
100,2,4,0.47573649883270264,0.09921882301568985,0.4763413068539177,0.10220896992798488,0.9998148083686829
100,2,5,0.45161888003349304,0.09853646904230118,0.4521849533325196,0.10158998219759907,0.9997915625572205
100,2,6,0.429836243391037,0.09795445948839188,0.43002467533257516,0.1010367861924908,0.9997913837432861
100,2,7,0.5819360613822937,0.09930578619241714,0.5837667383578317,0.10017518824281654,0.9997000694274902
100,2,8,0.3948811888694763,0.10020878911018372,0.39688014523502757,0.10311942108517066,0.9998089671134949
100,2,9,0.5358687043190002,0.1359129548072815,0.5353948150451667,0.14026056514828672,0.9999507665634155
100,2,10,0.4685637652873993,0.13768404722213745,0.46972535829554907,0.14232252513435056,0.9999589920043945
100,2,11,0.7486158609390259,0.19614344835281372,0.7621540550194598,0.20197029649400028,0.9999563694000244
100,2,12,0.23357802629470825,0.19854724407196045,0.24386919797428333,0.20486561967596964,0.9999254941940308
100,2,13,0.8457247614860535,0.3399481773376465,0.8455713800095254,0.346515798402358,0.9630505442619324
100,2,14,0.1258377879858017,0.32986903190612793,0.1299976773957255,0.33598100099271433,0.9775163531303406
100,2,15,0.9053658843040466,0.4716464877128601,0.905328093940433,0.4840120638316471,0.9201239943504333
100,2,16,0.133309006690979,0.4416697323322296,0.14232946472823663,0.44323642809212727,0.9299609065055847
100,2,17,0.9450193047523499,0.5116859674453735,0.9477226198945836,0.5218115300393128,0.8639341592788696
100,2,18,0.11466949433088303,0.4824222922325134,0.12039855837535327,0.4836912311484027,0.8747600317001343
100,2,19,0.9048677682876587,0.5130928754806519,0.9084906591570628,0.522881550857961,0.8804115056991577
100,2,20,0.16800199449062347,0.4802873730659485,0.17186494413764236,0.48074720916320907,0.8865528106689453
100,2,21,0.8794108629226685,0.4996946454048157,0.8826914890183393,0.510671366780497,0.8758245706558228
100,2,22,0.18838946521282196,0.46864813566207886,0.19514879007567382,0.46925329796416315,0.8738048076629639
100,2,23,0.6688007712364197,0.47028523683547974,0.6677655608855768,0.4661655557101292,0.9974257946014404
100,2,24,0.36589908599853516,0.47517111897468567,0.38500594594481674,0.46966942340856305,0.9964058995246887
100,2,25,0.7790021300315857,0.6789063215255737,0.7792194715042103,0.6858377246252993,0.7238089442253113
100,2,26,0.4849792718887329,0.6902130246162415,0.4848871106851963,0.671018120254563,0.5223926901817322
100,2,27,0.7549221515655518,0.8551048040390015,0.7728119818930538,0.8731864048012693,0.5464199185371399
100,2,28,0.590869128704071,0.8602246046066284,0.5895230047858147,0.8435109117029836,0.41740792989730835
100,2,29,0.7011628746986389,0.8732718825340271,0.7484099427715958,0.8943355428677724,0.3676120936870575
100,2,30,0.6098595857620239,0.8765795230865479,0.6093500321402952,0.8639807626174558,0.2776733338832855
100,2,31,0.7778117060661316,0.9465839266777039,0.8009633867360592,0.9523671551745573,0.4496219754219055
100,2,32,0.6290069818496704,0.9344833493232727,0.6004231853204769,0.9112107906729309,0.42515331506729126
101,2,0,0.49494725465774536,0.12077673524618149,0.5074628783794723,0.12473903248080755,0.9999025464057922
101,2,1,0.5177274942398071,0.10036841034889221,0.5314896480591705,0.10121318845247719,0.9997554421424866
101,2,2,0.5335007905960083,0.09962993115186691,0.547974933393481,0.10020720177627619,0.9997222423553467
101,2,3,0.5474429726600647,0.09890298545360565,0.5630942223583073,0.09928714900732996,0.9997157454490662
101,2,4,0.46076875925064087,0.09989555180072784,0.4731089504386625,0.10172895505276547,0.9997320771217346
101,2,5,0.43748539686203003,0.09879882633686066,0.44913387513086495,0.10101083310360115,0.9997024536132812
101,2,6,0.4163919985294342,0.09775593131780624,0.42719512479699434,0.1003560181077433,0.9996994733810425
101,2,7,0.5538018345832825,0.10166198760271072,0.5775445240206559,0.10048367960603843,0.9996092915534973
101,2,8,0.3796371519565582,0.10109661519527435,0.39330089335805624,0.10269970918316024,0.9997180700302124
101,2,9,0.5191218256950378,0.135365292429924,0.5320170042994224,0.1392447646417589,0.9999301433563232
101,2,10,0.4530726671218872,0.1365080177783966,0.4662686959938132,0.14111594690792162,0.9999380111694336
101,2,11,0.7067128419876099,0.19695810973644257,0.7506335923102765,0.2009302322116232,0.9999547600746155
101,2,12,0.20011255145072937,0.19575254619121552,0.23477967002684005,0.2029743781484341,0.9999123215675354
101,2,13,0.8190321922302246,0.33075350522994995,0.840061036716102,0.3432440397802239,0.9612205028533936
101,2,14,0.09818188846111298,0.32613274455070496,0.12339078923823912,0.33393714502040767,0.9771891236305237
101,2,15,0.878631591796875,0.45736637711524963,0.8997850633341455,0.4784795916453387,0.9241007566452026
101,2,16,0.10460755228996277,0.4389900863170624,0.13449483056570588,0.4423553007175207,0.9329496622085571
101,2,17,0.9130180478096008,0.49972131848335266,0.9405152707651309,0.5172254926209898,0.8708952069282532
101,2,18,0.0812762901186943,0.48043927550315857,0.11227276426528926,0.4830164601117932,0.8806069493293762
101,2,19,0.8732660412788391,0.4999518394470215,0.9011752034110779,0.5181211188227367,0.886143684387207
101,2,20,0.14281268417835236,0.47761446237564087,0.1658323922380068,0.4800971757473862,0.8916929364204407
101,2,21,0.8504257798194885,0.4863434135913849,0.8759910869602907,0.50562045116436,0.8812685608863831
101,2,22,0.16397947072982788,0.4650038480758667,0.18867626362059742,0.4683715255724432,0.8790719509124756
101,2,23,0.6413189768791199,0.4703843593597412,0.6622744589874285,0.4670409681867716,0.9975509643554688
101,2,24,0.32784467935562134,0.47491034865379333,0.3731274993598395,0.4707569594180887,0.9965583682060242
101,2,25,0.7371540665626526,0.6784787774085999,0.7704816713544218,0.6843105919331895,0.735115110874176
101,2,26,0.45975261926651,0.6796472072601318,0.4796686274030205,0.6728088959962394,0.5444437861442566
101,2,27,0.7038613557815552,0.8632669448852539,0.7584789825421713,0.871127767432056,0.5505821704864502
101,2,28,0.5680747628211975,0.867216169834137,0.5850703224475771,0.8484324603758927,0.4337692856788635
101,2,29,0.6778401732444763,0.8852770328521729,0.7337397053175839,0.8924556275704695,0.35771432518959045
101,2,30,0.5837373733520508,0.8868910670280457,0.6040322004349494,0.8687371630977128,0.2730642259120941
101,2,31,0.7438838481903076,0.9524876475334167,0.789101949923674,0.9523921548146125,0.45596083998680115
101,2,32,0.6122636795043945,0.9377213716506958,0.6028806356264039,0.9167151907293399,0.4374166429042816
102,2,0,0.48016592860221863,0.12190386652946472,0.5017950818948816,0.12415075082340318,0.9998980760574341
102,2,1,0.49742642045021057,0.1030544862151146,0.5244156163956427,0.10159523732456684,0.9997469186782837
102,2,2,0.5103870034217834,0.10260938853025436,0.5401681552511447,0.10070563661818888,0.999715268611908
102,2,3,0.5208927392959595,0.10213681310415268,0.5543281227092972,0.09987843918399014,0.9997079968452454
102,2,4,0.4451068341732025,0.10187473893165588,0.4672946237319986,0.1017592021746583,0.9997236132621765
102,2,5,0.42264634370803833,0.10058014839887619,0.44363426492046754,0.10092147428381297,0.9996947646141052
102,2,6,0.4020525813102722,0.09945224225521088,0.42197496841176546,0.10016849949347448,0.9996916651725769
102,2,7,0.5213800668716431,0.10473255068063736,0.565873540315141,0.10136533187834353,0.9995904564857483
102,2,8,0.35759755969047546,0.10255741328001022,0.3858859195782787,0.10267018574636542,0.9997135400772095
102,2,9,0.49879422783851624,0.13746443390846252,0.5251176721158408,0.13887536637111242,0.9999242424964905
102,2,10,0.4318355321884155,0.13811485469341278,0.4591177654169232,0.14049323358943402,0.9999324083328247
102,2,11,0.6666121482849121,0.194610595703125,0.7331605137813743,0.19961881548108096,0.9999549984931946
102,2,12,0.1845736801624298,0.20127269625663757,0.22434856822618357,0.20262129937539922,0.9999068975448608
102,2,13,0.7762908935546875,0.3266408145427704,0.8268068130958144,0.33979764985277355,0.9580468535423279
102,2,14,0.09171992540359497,0.32899630069732666,0.11681402157336641,0.33291188680448,0.9770885705947876
102,2,15,0.8331061005592346,0.448162317276001,0.8859251491846133,0.4721841454332378,0.9274740815162659
102,2,16,0.10124318301677704,0.4345090389251709,0.1275894958833567,0.44072701834355404,0.9355499148368835
102,2,17,0.8596234321594238,0.48956498503685,0.9236944790171653,0.51148215093791,0.877146303653717
102,2,18,0.07973308116197586,0.4743807017803192,0.10551541516175092,0.4812242997169806,0.8857506513595581
102,2,19,0.8222669959068298,0.48950546979904175,0.8847677873990667,0.5121792979258559,0.8910999894142151
102,2,20,0.13436008989810944,0.4719127416610718,0.15929689380669476,0.47839869887420094,0.8960258960723877
102,2,21,0.8015709519386292,0.47760534286499023,0.8605187904360126,0.4998034242608807,0.8861414194107056
102,2,22,0.154707133769989,0.4608292877674103,0.18162179107348453,0.466806348410453,0.8840607404708862
102,2,23,0.6052520275115967,0.47197210788726807,0.6504249082730789,0.4680642123374019,0.9977311491966248
102,2,24,0.31243157386779785,0.4750352203845978,0.36051329505070334,0.47164471090236,0.996796190738678
102,2,25,0.6769706606864929,0.678035318851471,0.7510300700814877,0.6830083828464555,0.755939781665802
102,2,26,0.4345128834247589,0.6738525032997131,0.4702881036696775,0.673025428189215,0.5755677223205566
102,2,27,0.6676251888275146,0.8702266812324524,0.739581491415458,0.8709408068759388,0.5817829370498657
102,2,28,0.5319643020629883,0.8480052351951599,0.5740358133870374,0.8483438193625915,0.4542340636253357
102,2,29,0.6365153193473816,0.8890628218650818,0.7135135842760791,0.891751627758982,0.36825382709503174
102,2,30,0.5406906604766846,0.869901716709137,0.590867214858485,0.8689787905723041,0.2709474265575409
102,2,31,0.7083277106285095,0.9566750526428223,0.7723056591549814,0.953280868559698,0.487632691860199
102,2,32,0.5651054978370667,0.9216964840888977,0.5950349369466696,0.9177488437486757,0.45566484332084656
103,2,0,0.48151588439941406,0.12064865976572037,0.49758522988580445,0.12342407241413941,0.999897301197052
103,2,1,0.4990222454071045,0.10196273773908615,0.5191433450861799,0.10167148648204254,0.9997405409812927
103,2,2,0.5125231146812439,0.10162334144115448,0.5344280265785643,0.10089604533716587,0.9997106194496155
103,2,3,0.5245958566665649,0.10131269693374634,0.5481542532052563,0.10017602842071335,0.9997038841247559
103,2,4,0.44687923789024353,0.10076873004436493,0.4630564838031864,0.10155369501782525,0.9997178316116333
103,2,5,0.42473673820495605,0.09952224791049957,0.43971138996505776,0.10063115386803974,0.9996908903121948
103,2,6,0.404440701007843,0.09847617894411087,0.41833522496347236,0.09981736318493112,0.9996882677078247
103,2,7,0.5276946425437927,0.10461852699518204,0.5579438881759442,0.1020403601264605,0.9995753169059753
103,2,8,0.36150646209716797,0.10173092782497406,0.38082430250256694,0.10247530499613101,0.999710738658905
103,2,9,0.5019688010215759,0.13607199490070343,0.5203117104393796,0.13829368240834244,0.9999216198921204
103,2,10,0.43435773253440857,0.13600221276283264,0.4539770800904877,0.1395613283458519,0.9999309778213501
103,2,11,0.6684085726737976,0.1935843676328659,0.719701846525041,0.19836658941402624,0.9999565482139587
103,2,12,0.19197595119476318,0.19759900867938995,0.2176259411272267,0.20157913815433862,0.9999085068702698
103,2,13,0.7998323440551758,0.32585614919662476,0.8212060207955497,0.3369039760142439,0.9573690295219421
103,2,14,0.09311322867870331,0.3238758444786072,0.11189339948124759,0.33103663556557206,0.9775831699371338
103,2,15,0.8426486253738403,0.4450506865978241,0.8769354688255259,0.4665503195377288,0.9317448139190674
103,2,16,0.10301129519939423,0.4299009442329407,0.12248658748454973,0.438480170501345,0.9387346506118774
103,2,17,0.8720508813858032,0.4864622950553894,0.91296425662101,0.5062874839627478,0.8844686150550842
103,2,18,0.08182822912931442,0.4679608643054962,0.10059761951973868,0.4784714156558483,0.8916463851928711
103,2,19,0.8268454670906067,0.48635193705558777,0.8727309243163737,0.5068168557718284,0.8972033858299255
103,2,20,0.1352667659521103,0.46495094895362854,0.15430785186059987,0.47560754533078126,0.9010950326919556
103,2,21,0.8055554032325745,0.47489455342292786,0.8490977574650297,0.4946318159391248,0.8922083973884583
103,2,22,0.15564119815826416,0.4542403221130371,0.17622751054694205,0.4641982648882944,0.8897535800933838
103,2,23,0.6090412139892578,0.46744927763938904,0.6418288690754491,0.46793662452829465,0.9979057312011719
103,2,24,0.31544554233551025,0.46877649426460266,0.3511510641962784,0.4710495708731395,0.9970259666442871
103,2,25,0.6789405345916748,0.6794962286949158,0.736043256628373,0.6822796161483825,0.765917181968689
103,2,26,0.44395115971565247,0.6751933097839355,0.464819780672518,0.6734752436747407,0.5931099653244019
103,2,27,0.6710959076881409,0.8680291771888733,0.7253453177710867,0.8703366580948649,0.593268871307373
103,2,28,0.5274972915649414,0.859462320804596,0.5643676628893,0.8506513765609566,0.4637174606323242
103,2,29,0.6354869604110718,0.8887236714363098,0.6972898333237741,0.8911233397453506,0.35998889803886414
103,2,30,0.535055935382843,0.8789731860160828,0.5792697277717008,0.8710529840134557,0.26253628730773926
103,2,31,0.7282242774963379,0.9558502435684204,0.7631485785760104,0.9538139961096797,0.5005258917808533
103,2,32,0.5737133622169495,0.9312061667442322,0.5906085660117016,0.9205419854375286,0.46522125601768494
104,2,0,0.4886985123157501,0.12340767681598663,0.49574097534336486,0.12342067068075159,0.9998874068260193
104,2,1,0.5052744150161743,0.10510951280593872,0.5162647390769622,0.1023848702918165,0.9997175931930542
104,2,2,0.518855094909668,0.10497945547103882,0.5311955893390587,0.10174336014323615,0.9996919631958008
104,2,3,0.5313088893890381,0.10480383783578873,0.5446575771095403,0.10113632147767455,0.9996809959411621
104,2,4,0.4571797549724579,0.1030278354883194,0.46183699157473385,0.10185955972010836,0.9996892809867859
104,2,5,0.43720948696136475,0.10162211209535599,0.4391922632696679,0.10083676188410984,0.9996677041053772
104,2,6,0.41785797476768494,0.10058840364217758,0.4182362045554007,0.09997734080173995,0.9996605515480042
104,2,7,0.5303154587745667,0.10721585899591446,0.5522072086404108,0.10311431766899468,0.9995309710502625
104,2,8,0.37363868951797485,0.10348305851221085,0.37933314695622317,0.10268439786370732,0.9996912479400635
104,2,9,0.5035477876663208,0.13920335471630096,0.5168319478206268,0.13848242446891865,0.9999045133590698
104,2,10,0.4425615072250366,0.1381753534078598,0.45160784825331873,0.13927375752542281,0.9999149441719055
104,2,11,0.6626898050308228,0.19878455996513367,0.7078544374014817,0.19845331025842808,0.9999555945396423
104,2,12,0.20327429473400116,0.19803200662136078,0.21464710261716535,0.20084311299342575,0.9998996257781982
104,2,13,0.7951080799102783,0.3286426365375519,0.8157873560031839,0.3351895355273663,0.9538938999176025
104,2,14,0.09401114284992218,0.32345080375671387,0.10818138444379319,0.32946240976839636,0.9778818488121033
104,2,15,0.8342921733856201,0.44765505194664,0.8680774802777038,0.46262791307198553,0.9340078234672546
104,2,16,0.10133469104766846,0.428945928812027,0.11809546107510469,0.4365015006390151,0.9414244294166565
104,2,17,0.8630501627922058,0.4892018437385559,0.9025938736043612,0.5027409094884818,0.8886212706565857
104,2,18,0.08068505674600601,0.4682621955871582,0.09646391978818461,0.47635262598780115,0.8966004252433777
104,2,19,0.8189799785614014,0.49028661847114563,0.8615621972180781,0.5033856223503962,0.9004490375518799
104,2,20,0.1348000019788742,0.46591702103614807,0.15025821305908255,0.4735964329707528,0.9052940607070923
104,2,21,0.7980130314826965,0.47848233580589294,0.8384838169016456,0.4912796527240318,0.895550012588501
104,2,22,0.15636570751667023,0.4550516903400421,0.17210435403581742,0.4623000690638351,0.8944097757339478
104,2,23,0.5932527184486389,0.46818289160728455,0.6317368417653312,0.467987719966012,0.9979963302612305
104,2,24,0.3077808916568756,0.46395012736320496,0.34214190399971983,0.4695763011173592,0.997067391872406
104,2,25,0.6514227390289307,0.6811211705207825,0.7184452771324085,0.6820392560529234,0.7650189995765686
104,2,26,0.39781317114830017,0.6607943177223206,0.45089163165095975,0.6708433045093192,0.596602737903595
104,2,27,0.6540766954421997,0.8794626593589783,0.7105294901740883,0.8722305830902044,0.5993126630783081
104,2,28,0.5109509825706482,0.8377031087875366,0.5532685016319471,0.8479639306403993,0.46423614025115967
104,2,29,0.6188053488731384,0.9022984504699707,0.6809706682595243,0.8934426489580282,0.35903242230415344
104,2,30,0.5198923349380493,0.8558670282363892,0.5669299916468518,0.8679009054568145,0.2576276957988739
104,2,31,0.7179555296897888,0.9568042159080505,0.753760282288844,0.9544344532572157,0.5058368444442749
104,2,32,0.5578807592391968,0.909838855266571,0.5838121157350152,0.9183206613759262,0.46496665477752686
105,2,0,0.5275619029998779,0.123811736702919,0.5023489304774894,0.1235018092938915,0.9998818635940552
105,2,1,0.5391511917114258,0.10531225055456161,0.5210161831911699,0.10299228746571343,0.99970543384552
105,2,2,0.5509384870529175,0.10494113713502884,0.5352940458932863,0.10240688828049896,0.9996824860572815
105,2,3,0.5621819496154785,0.10459999740123749,0.5482952638216795,0.10185502804219954,0.9996694922447205
105,2,4,0.4931671619415283,0.10360007733106613,0.46834294765550905,0.10222069682280983,0.9996797442436218
105,2,5,0.4733855426311493,0.10191112011671066,0.44629332743931843,0.10105967458386711,0.9996640682220459
105,2,6,0.45218467712402344,0.10060475021600723,0.42528638115990286,0.10010751693418869,0.9996559619903564
105,2,7,0.5510711073875427,0.10683520138263702,0.5519714846551277,0.10388639987797488,0.9994999766349792
105,2,8,0.3987308442592621,0.10416273027658463,0.3833599047646828,0.10299113237446898,0.9996864795684814
105,2,9,0.537045419216156,0.14022667706012726,0.5210281461915394,0.13884433657240208,0.9998924136161804
105,2,10,0.48105016350746155,0.13789846003055573,0.4577214574438726,0.13898840221292028,0.9999063014984131
105,2,11,0.6865377426147461,0.19976907968521118,0.7034290716314984,0.19872631386059833,0.999952495098114
105,2,12,0.2138238102197647,0.19872251152992249,0.21447628327712762,0.20040310829760982,0.9998958110809326
105,2,13,0.8159052729606628,0.32957613468170166,0.815811821283751,0.33402469562738757,0.9487466812133789
105,2,14,0.09763972461223602,0.3241489827632904,0.10599358060474923,0.3283598267987757,0.9786140322685242
105,2,15,0.8612478375434875,0.4500768184661865,0.8666602084244285,0.4600229289204738,0.9347195625305176
105,2,16,0.0993637964129448,0.42848679423332214,0.11420703374893758,0.4348382542853073,0.9445070624351501
105,2,17,0.890354335308075,0.492046594619751,0.9000535719724594,0.5005214145619999,0.8902812004089355
105,2,18,0.07855655252933502,0.4674018919467926,0.09274668952098575,0.47449508311963356,0.9021793603897095
105,2,19,0.8447442650794983,0.4928218126296997,0.8580712137286256,0.5011932203024173,0.9015741348266602
105,2,20,0.13164553046226501,0.4649151861667633,0.1463944977076898,0.47179483011028583,0.9102858901023865
105,2,21,0.8225820660591125,0.4812377989292145,0.8351830938568545,0.4891956069086636,0.8966727256774902
105,2,22,0.15434911847114563,0.45409736037254333,0.16841871897587626,0.4605977988236447,0.8999518156051636
105,2,23,0.6104585528373718,0.4635600447654724,0.6273194583452321,0.4670689608204916,0.9980388283729553
105,2,24,0.3156428933143616,0.4620838761329651,0.33663990212686173,0.4680214633312997,0.9971060752868652
105,2,25,0.6435439586639404,0.6735060811042786,0.7028726931580583,0.6802683895614504,0.7420691847801208
105,2,26,0.40434056520462036,0.6615965962409973,0.44122086644952685,0.6689243226480824,0.5830349922180176
105,2,27,0.6649033427238464,0.8842574954032898,0.7010510994041137,0.8747267360456716,0.5776515603065491
105,2,28,0.5137448310852051,0.8496665358543396,0.5450592359154527,0.848317201014916,0.4516291618347168
105,2,29,0.6320784687995911,0.9095063805580139,0.6708128653292496,0.8967770043616615,0.34434938430786133
105,2,30,0.515984833240509,0.8706943392753601,0.5563450886584982,0.8684805272686256,0.24771049618721008
105,2,31,0.7200887799263,0.9531450271606445,0.7467676668381052,0.9541669157157654,0.48969176411628723
105,2,32,0.5740805268287659,0.918816864490509,0.5817924783049085,0.9184236142077322,0.45233598351478577
106,2,0,0.5578545331954956,0.1255621761083603,0.5138827934471292,0.12392931515109464,0.9998886585235596
106,2,1,0.5693641304969788,0.10683196038007736,0.5310607278460304,0.10378902100693818,0.9997209310531616
106,2,2,0.5807726383209229,0.10656313598155975,0.5447417187182547,0.10326931874839686,0.999700129032135
106,2,3,0.5910335183143616,0.10630496591329575,0.5571729904620197,0.10277840735261212,0.9996874332427979
106,2,4,0.5211480855941772,0.1049220934510231,0.47931484713682615,0.10278121999122256,0.9996982216835022
106,2,5,0.49948763847351074,0.10329432785511017,0.4573462087443528,0.10152334540114655,0.9996852874755859
106,2,6,0.4768114686012268,0.1021033376455307,0.435991933466044,0.10052162937248955,0.9996769428253174
106,2,7,0.5690139532089233,0.10820003598928452,0.555509090659831,0.10478149267928191,0.9995225071907043
106,2,8,0.42024850845336914,0.10594923049211502,0.3910212880668665,0.1036049238734577,0.9997062683105469
106,2,9,0.5600649118423462,0.14185155928134918,0.5291361609759299,0.13946832203878207,0.9998966455459595
106,2,10,0.5064225196838379,0.1399480402469635,0.46783946276483296,0.13918751161555076,0.999910831451416
106,2,11,0.6949189901351929,0.20540988445281982,0.7016629958826658,0.20011326613075728,0.9999507069587708
106,2,12,0.22551104426383972,0.20340226590633392,0.21676645420136226,0.201025420146407,0.9998946189880371
106,2,13,0.8312596678733826,0.33502596616744995,0.8190182810956429,0.3342324433281411,0.9476866126060486
106,2,14,0.11029084771871567,0.33216702938079834,0.10688527614887469,0.3291498219993026,0.979728639125824
106,2,15,0.87163245677948,0.4584788680076599,0.8676919832156395,0.45970255594228915,0.9361645579338074
106,2,16,0.10127793252468109,0.43513789772987366,0.11152356606796822,0.43490042432804477,0.9466712474822998
106,2,17,0.8999776244163513,0.5007597208023071,0.9000378144461818,0.5005708582648241,0.8925608396530151
106,2,18,0.08603233098983765,0.4759378135204315,0.09135334656996122,0.47479443037265345,0.9063390493392944
106,2,19,0.8519637584686279,0.5017872452735901,0.856803833481264,0.5013164696244006,0.9031322598457336
106,2,20,0.14076006412506104,0.47301164269447327,0.14522529237343412,0.4720473008643709,0.913798451423645
106,2,21,0.8294572234153748,0.4897494316101074,0.8339949103507128,0.4893105152825022,0.8980937004089355
106,2,22,0.16449129581451416,0.4618538022041321,0.16760377499082887,0.46085840137628087,0.9039400815963745
106,2,23,0.6199421882629395,0.47222334146499634,0.6257885212433983,0.46813853553502854,0.9981118440628052
106,2,24,0.32503074407577515,0.4705294072628021,0.3342304780734116,0.4685418434702677,0.9972243905067444
106,2,25,0.6444311738014221,0.6916399598121643,0.6907277375689368,0.682628485359399,0.7298495173454285
106,2,26,0.4057478606700897,0.6854783296585083,0.4338537663548323,0.6723604913433155,0.5869882702827454
106,2,27,0.6628825068473816,0.8985385894775391,0.6931235756792322,0.8796704296165324,0.562880277633667
106,2,28,0.5106139183044434,0.8867893218994141,0.537905771550208,0.856307814913678,0.45209017395973206
106,2,29,0.6271939873695374,0.9183969497680664,0.6617519635347813,0.9012653538906844,0.3374871611595154
106,2,30,0.5061444640159607,0.910247802734375,0.5459150906604243,0.8771563290591362,0.2419341504573822
106,2,31,0.7357839345932007,0.9614905118942261,0.7444880855010048,0.9556867108397368,0.4806390702724457
106,2,32,0.5842738747596741,0.9592564702033997,0.5823073495428451,0.9269051025383233,0.448662668466568
107,2,0,0.5730136632919312,0.12808819115161896,0.5261712072969147,0.12479229105361722,0.9998935461044312
107,2,1,0.588786244392395,0.10975486785173416,0.5430566176426082,0.10502700911898606,0.9997353553771973
107,2,2,0.6030001044273376,0.10963410884141922,0.5568485202764626,0.10459010714666231,0.999717116355896
107,2,3,0.6158446669578552,0.1094946339726448,0.5693658166694006,0.10417213757465303,0.9997031688690186
107,2,4,0.5363910794258118,0.10720699280500412,0.49117559973906044,0.10369958434193552,0.9997127652168274
107,2,5,0.5141960978507996,0.10538613051176071,0.46915985282647177,0.10232487524113205,0.9997019171714783
107,2,6,0.49175968766212463,0.10406061261892319,0.4475803595680367,0.10125596359588578,0.9996915459632874
107,2,7,0.602508544921875,0.1108577698469162,0.5652731130234364,0.10604240032148816,0.9995477795600891
107,2,8,0.4376533031463623,0.10744108259677887,0.40070888255373543,0.10440092814021575,0.9997225999832153
107,2,9,0.5791884064674377,0.14426298439502716,0.5395352739271241,0.14046324247876965,0.9998988509178162
107,2,10,0.522763729095459,0.14256063103675842,0.47925234669543354,0.13988742611031207,0.999912679195404
107,2,11,0.7308828234672546,0.21006526052951813,0.7077303623214708,0.20217865723364,0.999951183795929
107,2,12,0.241714745759964,0.20471802353858948,0.22194624983355332,0.2017916335862699,0.9998942017555237
107,2,13,0.8573665618896484,0.34320154786109924,0.8269831429700877,0.3360937993670965,0.947849690914154
107,2,14,0.11804922670125961,0.33260276913642883,0.10920226812787262,0.3298663021287476,0.9804143309593201
107,2,15,0.896412193775177,0.46838927268981934,0.8736555282790703,0.46150529377212973,0.9388473629951477
107,2,16,0.10435975342988968,0.439179003238678,0.1100369353814811,0.43578824175749736,0.9495365619659424
107,2,17,0.9280073642730713,0.511762797832489,0.9058453681682308,0.5028936610129556,0.8967645764350891
107,2,18,0.08827444911003113,0.4775717556476593,0.09071448746579003,0.4753707094540256,0.911541223526001
107,2,19,0.8794925212860107,0.5129444599151611,0.8615141903000836,0.5037298004578338,0.9068022966384888
107,2,20,0.14409111440181732,0.4763375520706177,0.14498996755908278,0.47293754061014376,0.9185112118721008
107,2,21,0.8552252054214478,0.4998641610145569,0.8384023160183034,0.49150080634484417,0.9018698334693909
107,2,22,0.16883480548858643,0.46519196033477783,0.16785919580003555,0.46175762868731435,0.9089369177818298
107,2,23,0.6386138796806335,0.4783138036727905,0.628450446489073,0.4702502768752611,0.9981785416603088
107,2,24,0.3345787227153778,0.47707197070121765,0.3343027319328486,0.4703120772892254,0.9972906112670898
107,2,25,0.6450981497764587,0.7010653018951416,0.681248627597015,0.6864556738235653,0.7313202619552612
107,2,26,0.4052971303462982,0.6906161904335022,0.42792420262172964,0.6761500639323675,0.6004284024238586
107,2,27,0.6742817163467407,0.9023153185844421,0.689212254722972,0.8843716930857942,0.5644164681434631
107,2,28,0.4812169373035431,0.8875424265861511,0.5261256414420326,0.862793913152856,0.4606051445007324
107,2,29,0.624152660369873,0.9231135249137878,0.653942800381191,0.905801112465528,0.34342527389526367
107,2,30,0.4821374714374542,0.9097375869750977,0.5326592907212288,0.8839223198834234,0.24212518334388733
107,2,31,0.7395972609519958,0.9711783528327942,0.7434732070108808,0.958902266716939,0.48102137446403503
107,2,32,0.531204104423523,0.9596568942070007,0.5716895674004314,0.9337065395369301,0.44928133487701416
108,2,0,0.6210266947746277,0.13062666356563568,0.5459032219563718,0.12600299219020208,0.9998877644538879
108,2,1,0.638336181640625,0.11196698993444443,0.5628770765320039,0.10646718100990667,0.9997329711914062
108,2,2,0.6524526476860046,0.11183326691389084,0.5767366725871291,0.10609320675682427,0.9997142553329468
108,2,3,0.6651546955108643,0.11162208020687103,0.5892925021562471,0.1057181575706567,0.9996967911720276
108,2,4,0.5848861932754517,0.10928075760602951,0.5106688358637057,0.10485773555211264,0.999711275100708
108,2,5,0.5613973736763,0.10733149200677872,0.4883458901857897,0.10336378354436011,0.9997015595436096
108,2,6,0.5374175310134888,0.10585344582796097,0.4662658728017013,0.10220996281569311,0.9996882677078247
108,2,7,0.6490967273712158,0.11261548846960068,0.582704947672525,0.10740642151425313,0.9995415806770325
108,2,8,0.4824059307575226,0.10933665931224823,0.41769749173661685,0.10542512517828917,0.9997272491455078
108,2,9,0.625143826007843,0.14709143340587616,0.5573391845698372,0.14183870046026814,0.9998929500579834
108,2,10,0.5694125890731812,0.14523616433143616,0.49800522059184704,0.14099733751157542,0.9999096393585205
108,2,11,0.784311830997467,0.21567046642303467,0.7236529407305985,0.20497895893154044,0.9999403357505798
108,2,12,0.2568255066871643,0.20657603442668915,0.22918991064868705,0.2027844244166346,0.999888002872467
108,2,13,0.913602888584137,0.350944459438324,0.8449978414630763,0.3391762537813142,0.945025622844696
108,2,14,0.12726932764053345,0.33228814601898193,0.11295266213338262,0.3303688159372181,0.9801633358001709
108,2,15,0.9536917209625244,0.4766097962856293,0.8902979939664246,0.4646404581793088,0.9360870122909546
108,2,16,0.11041859537363052,0.4363248944282532,0.11011612238582486,0.4358995872219412,0.9504850506782532
108,2,17,0.985962450504303,0.5215941071510315,0.9225046867986818,0.5067756025611788,0.8930532336235046
108,2,18,0.08643750846385956,0.4754484295845032,0.08982700183876136,0.4753868347334038,0.9142767190933228
108,2,19,0.93248450756073,0.5229822397232056,0.8762678382200565,0.5077263886597054,0.9032148122787476
108,2,20,0.14356638491153717,0.4745655357837677,0.1446945932947165,0.47327532956096896,0.9209465980529785
108,2,21,0.903963565826416,0.5086423754692078,0.8520294717205673,0.4950589944906284,0.8981044888496399
108,2,22,0.17478318512439728,0.46267595887184143,0.1692960482260952,0.46194816715736153,0.9110928177833557
108,2,23,0.6742832660675049,0.48809680342674255,0.6379717959261741,0.47395487027658056,0.9981019496917725
108,2,24,0.3540199398994446,0.4841933250427246,0.33839585101963165,0.47319324012770686,0.9972348809242249
108,2,25,0.6701802015304565,0.7121235728263855,0.6789514603666326,0.6917849832052472,0.7313830256462097
108,2,26,0.42639923095703125,0.7075323462486267,0.42760779034777435,0.6826668524155379,0.6218942403793335
108,2,27,0.6626079678535461,0.9141985177993774,0.6836883752899262,0.8905652126404755,0.5741632580757141
108,2,28,0.49963757395744324,0.9128643870353699,0.5206259127232378,0.8731968209503794,0.48643630743026733
108,2,29,0.6025093793869019,0.9381054043769836,0.6432562969354494,0.9125095348179373,0.36610615253448486
108,2,30,0.47260376811027527,0.9272822141647339,0.5201783826549032,0.8929293357085201,0.258074551820755
108,2,31,0.7567766308784485,0.9801111221313477,0.7462343914017554,0.9633052232114179,0.49152734875679016
108,2,32,0.5612837672233582,0.9678175449371338,0.5695299672629208,0.9407905054740451,0.46563926339149475
109,2,0,0.6463407278060913,0.13169588148593903,0.566799652755232,0.1271843292802161,0.9998705983161926
109,2,1,0.6650013327598572,0.1128048226237297,0.5841254251345885,0.10778233472167749,0.9997043609619141
109,2,2,0.6784778833389282,0.1126939207315445,0.5979050994612192,0.10746296180178938,0.999681830406189
109,2,3,0.6904520988464355,0.1124878004193306,0.6103395799061475,0.10712297464934509,0.9996580481529236
109,2,4,0.6129223108291626,0.11010245233774185,0.531944147136183,0.105946058452405,0.9996916651725769
109,2,5,0.5882098078727722,0.10820571333169937,0.5091226534608775,0.10436851357110799,0.9996855854988098
109,2,6,0.5641942024230957,0.10676126927137375,0.48663884870405666,0.1031543791427941,0.9996716380119324
109,2,7,0.671688437461853,0.1134021133184433,0.6012124710348289,0.108650603871727,0.9994581937789917
109,2,8,0.5106379389762878,0.10951520502567291,0.4370301258959208,0.10627382412318917,0.9997194409370422
109,2,9,0.6467410922050476,0.14824770390987396,0.5759339557801874,0.14316866541443518,0.9998612403869629
109,2,10,0.5934046506881714,0.1464564949274063,0.5178507022716348,0.1421301653516138,0.9998933672904968
109,2,11,0.7866033315658569,0.21926601231098175,0.7367364896491748,0.20794438326567558,0.9999114274978638
109,2,12,0.2769142985343933,0.2007426917552948,0.2391047387433014,0.20236078517892428,0.9998859167098999
109,2,13,0.9122520685195923,0.3535667657852173,0.8589775660487405,0.34216316044956363,0.9200096726417542
109,2,14,0.14218975603580475,0.32469236850738525,0.11902362442791951,0.3291908912431827,0.9806437492370605
109,2,15,0.9528767466545105,0.4797031581401825,0.9033041754306486,0.4677669424520497,0.9180266857147217
109,2,16,0.1099931076169014,0.43167921900749207,0.11009059939144458,0.43502385004490624,0.9520278573036194
109,2,17,0.9854647517204285,0.5261770486831665,0.9355902540141094,0.510803139794344,0.8739672303199768
109,2,18,0.07803939282894135,0.4691435992717743,0.08738053129674132,0.47409127505111204,0.9176936149597168
109,2,19,0.9154739379882812,0.527039110660553,0.8844110647755419,0.5117354978789657,0.8845344185829163
109,2,20,0.13407564163208008,0.46992191672325134,0.14249074403317397,0.47257950449726566,0.9239071607589722
109,2,21,0.8932629227638245,0.5123803019523621,0.8605942637040791,0.49865451020020685,0.8801354765892029
109,2,22,0.16967256367206573,0.4590781331062317,0.16937416783397682,0.4613526499767752,0.9140902757644653
109,2,23,0.6781932711601257,0.4913865625858307,0.6463261507137756,0.47757331085153953,0.9980695843696594
109,2,24,0.36677536368370056,0.4878520965576172,0.3442885981489034,0.4762358672104957,0.9972788691520691
109,2,25,0.6779953837394714,0.7165061235427856,0.6787530894867787,0.6969175877596533,0.7295142412185669
109,2,26,0.48147329688072205,0.7140830755233765,0.43880033185041817,0.6891906959889355,0.6451622843742371
109,2,27,0.6527590155601501,0.920099675655365,0.6772657110913922,0.8966979746897437,0.5833669304847717
109,2,28,0.5081204175949097,0.9122289419174194,0.518030393810044,0.8813038766086595,0.5149954557418823
109,2,29,0.5722605586051941,0.9437900185585022,0.6284973095625099,0.9190051669900295,0.3907451629638672
109,2,30,0.4801182448863983,0.9300726652145386,0.511857558165049,0.9006436828671688,0.27946949005126953
109,2,31,0.7528811097145081,0.9872467517852783,0.7476136938848562,0.968275857579086,0.505127489566803
109,2,32,0.5995914340019226,0.9742485284805298,0.5757722466600084,0.9477387394933168,0.48868900537490845
110,2,0,0.6685072183609009,0.130780428647995,0.5879610880303054,0.12793051620617976,0.9998328685760498
110,2,1,0.6858965754508972,0.1124337837100029,0.6053001254933811,0.10874753375235381,0.9996442198753357
110,2,2,0.6968374848365784,0.1123787984251976,0.6184875527037503,0.10848303004588303,0.9996156096458435
110,2,3,0.7067676186561584,0.11221831291913986,0.6303996314868033,0.10818029590267635,0.9995904564857483
110,2,4,0.6377533674240112,0.10914260894060135,0.5539614624612538,0.10660933207695057,0.9996345639228821
110,2,5,0.6167037487030029,0.10692981630563736,0.5315097582773549,0.10489996606718241,0.9996272325515747
110,2,6,0.5928751826286316,0.10504516959190369,0.5087452946252967,0.10354669773821876,0.9996147155761719
110,2,7,0.6833701729774475,0.11282824724912643,0.618297117555828,0.109517474514954,0.9993407726287842
110,2,8,0.5333034992218018,0.10665469616651535,0.45705790335741275,0.1063528476622904,0.9996705055236816
110,2,9,0.6631990671157837,0.14753101766109467,0.5940832427282793,0.14407386818712778,0.9998059272766113
110,2,10,0.6141607761383057,0.14505335688591003,0.5378861437426079,0.14273671331770532,0.9998540282249451
110,2,11,0.7899396419525146,0.2212090641260147,0.7477912185087282,0.21069752605992356,0.9998733401298523
110,2,12,0.2779335677623749,0.19484442472457886,0.24716952270206585,0.2008009792435358,0.9998661875724792
110,2,13,0.9111253619194031,0.3544970154762268,0.869812703194789,0.3447230403988319,0.8948912024497986
110,2,14,0.1430189460515976,0.31755951046943665,0.12400543437580723,0.3267768560451257,0.9792577624320984
110,2,15,0.9522220492362976,0.4722535014152527,0.9134672982360955,0.4686979216845399,0.8977261185646057
110,2,16,0.10466842353343964,0.41727253794670105,0.1089654465557691,0.4313390310203277,0.9494925141334534
110,2,17,0.9586731195449829,0.5237187743186951,0.9403825074558743,0.5134838105641485,0.8516658544540405
110,2,18,0.06797865778207779,0.4555463492870331,0.08335290449473233,0.470241633262994,0.9160112142562866
110,2,19,0.9151716828346252,0.5236819982528687,0.8907986520512832,0.5142149561966661,0.8624626994132996
110,2,20,0.1191987469792366,0.4544437825679779,0.13765504907123702,0.46881484968981874,0.922035276889801
110,2,21,0.8897467851638794,0.5057357549667358,0.8666476534584535,0.5001240026560315,0.8594719767570496
110,2,22,0.15084418654441833,0.4432561695575714,0.1655276295029692,0.4575961450898972,0.9122785925865173
110,2,23,0.6736570000648499,0.4900241196155548,0.6520009921522026,0.4801574729416983,0.9980179667472839
110,2,24,0.36416441202163696,0.48351457715034485,0.3484146622761807,0.47774634574767993,0.9972765445709229
110,2,25,0.6736313700675964,0.7150551080703735,0.6776902913698978,0.7006826168034783,0.7337071299552917
110,2,26,0.4807920753955841,0.710340142250061,0.4475228117661261,0.6935813132207003,0.6656554937362671
110,2,27,0.5800493359565735,0.9182413816452026,0.6570412589047521,0.9011704266947964,0.5930243730545044
110,2,28,0.48211798071861267,0.9104357957839966,0.5105719480729705,0.8873529873716705,0.5373073816299438
110,2,29,0.48875975608825684,0.9418951272964478,0.599392910971366,0.9237573427644232,0.40655994415283203
110,2,30,0.4667028784751892,0.9271342754364014,0.502477238846464,0.9061439328320664,0.2894478738307953
110,2,31,0.7004187107086182,0.9806959629058838,0.7378089890298728,0.9708536451854831,0.5151546001434326
110,2,32,0.5557424426078796,0.9715045690536499,0.5716141957045581,0.952672874503691,0.5047042369842529
111,2,0,0.6927520036697388,0.13137947022914886,0.6097659196536666,0.12864616771562892,0.9998074769973755
111,2,1,0.7103908658027649,0.11253103613853455,0.6271675236047861,0.10953261068227164,0.9996084570884705
111,2,2,0.7198097705841064,0.11259713768959045,0.6395686046105937,0.10933671538008038,0.9995781183242798
111,2,3,0.7288280129432678,0.11244065314531326,0.650876960544748,0.10906433188553964,0.9995561242103577
111,2,4,0.6649658679962158,0.10846668481826782,0.5770631432011026,0.10699471235445568,0.9996034502983093
111,2,5,0.6443040370941162,0.10558293014764786,0.5549850934390028,0.10504166900928108,0.9995947480201721
111,2,6,0.6220023036003113,0.10280197113752365,0.5323172318722642,0.10339217990630248,0.999585747718811
111,2,7,0.6984179615974426,0.1117362380027771,0.6349572766980353,0.10997784814933514,0.9992693066596985
111,2,8,0.5556953549385071,0.10182450711727142,0.4775788348241432,0.1054131974697424,0.9996483325958252
111,2,9,0.6831206679344177,0.14877791702747345,0.6126020492336626,0.1450499833652304,0.999767541885376
111,2,10,0.6352151036262512,0.14530159533023834,0.558134129638796,0.14326890854082186,0.9998356699943542
111,2,11,0.7902384400367737,0.22344832122325897,0.7566084316324514,0.2133439721095678,0.9998331665992737
111,2,12,0.28094133734703064,0.1876557469367981,0.2541829828006386,0.19807263766806824,0.999858021736145
111,2,13,0.9087377190589905,0.35358893871307373,0.8778974972500657,0.3465629730418302,0.862430989742279
111,2,14,0.14180052280426025,0.314137727022171,0.12769934549361817,0.3241535946739402,0.9788855910301208
111,2,15,0.9522154331207275,0.46096086502075195,0.9215153113791915,0.46709230673013197,0.8644270300865173
111,2,16,0.09707199037075043,0.41852009296417236,0.10649700076256706,0.4286784368507912,0.9447466135025024
111,2,17,0.9658995270729065,0.5013388991355896,0.9456804728894782,0.5109631590574203,0.8170081973075867
111,2,18,0.05576814338564873,0.45830169320106506,0.07762530202781703,0.4677635368589397,0.9108278751373291
111,2,19,0.9321345686912537,0.49986031651496887,0.8993847546543252,0.5112354983338703,0.8283647298812866
111,2,20,0.10751612484455109,0.45665785670280457,0.13139666812225134,0.46629168954277667,0.9167323112487793
111,2,21,0.8972216844558716,0.4869856834411621,0.8729964626004734,0.49739709650674707,0.826783299446106
111,2,22,0.14033004641532898,0.44610241055488586,0.16029603707952372,0.4552106866299047,0.9070956707000732
111,2,23,0.6736405491828918,0.4851744472980499,0.656493416710239,0.4811985309223381,0.9976968765258789
111,2,24,0.36285921931266785,0.4800756573677063,0.3514127905997629,0.4782296586282763,0.9971287250518799
111,2,25,0.68467116355896,0.7112544178962708,0.6791389486081852,0.7028766777744511,0.7412386536598206
111,2,26,0.4954785704612732,0.7085598111152649,0.4574857718792661,0.6966903142166944,0.6917167901992798
111,2,27,0.6108224391937256,0.9150875210762024,0.6474395899006361,0.9040590336299256,0.6059615612030029
111,2,28,0.48597970604896545,0.9251183867454529,0.5054661194331032,0.8951966687278602,0.5641075372695923
111,2,29,0.528107225894928,0.9257691502571106,0.5845734870062628,0.9241747726407898,0.42419201135635376
111,2,30,0.4701696038246155,0.9301411509513855,0.4957681102827311,0.9111261396900167,0.30014967918395996
111,2,31,0.723412811756134,0.9675688743591309,0.7348209037216517,0.9701720645911698,0.5269425511360168
111,2,32,0.5878316760063171,0.9702247381210327,0.5749804783832537,0.9563162739252661,0.5218957662582397
112,2,0,0.6955370306968689,0.1308191567659378,0.6276037994695195,0.12909704298852095,0.9998143315315247
112,2,1,0.7180195450782776,0.1124483197927475,0.6460647257790032,0.11013760596275501,0.9996242523193359
112,2,2,0.7287537455558777,0.11255130916833878,0.6581182409144902,0.11000373326723002,0.9995966553688049
112,2,3,0.7393466234207153,0.1123921349644661,0.6692774186658981,0.10975484249723609,0.9995759725570679
112,2,4,0.6689927577972412,0.10794033855199814,0.5961850580610906,0.10719091445428951,0.9996184706687927
112,2,5,0.6491575837135315,0.10471368581056595,0.574574749995835,0.10497361897683954,0.9996097683906555
112,2,6,0.6268961429595947,0.10161884874105453,0.5519916495732463,0.10302423404163406,0.999599814414978
112,2,7,0.718198835849762,0.11126057058572769,0.6522678454844857,0.1102439947317766,0.9993035197257996
112,2,8,0.5710167288780212,0.09952206909656525,0.4970152647914049,0.10419071690845888,0.9996615052223206
112,2,9,0.6889639496803284,0.14809097349643707,0.6284789541171429,0.14568097602282007,0.9997724294662476
112,2,10,0.6393688917160034,0.14343960583209991,0.5750264615669524,0.14330432470216328,0.9998395442962646
112,2,11,0.8044795393943787,0.22129108011722565,0.7665537919895796,0.21499318715880852,0.9998237490653992
112,2,12,0.29580989480018616,0.18323712050914764,0.2628296002938913,0.194993327445998,0.9998599886894226
112,2,13,0.9072935581207275,0.35161375999450684,0.8840015052475484,0.3476110483057627,0.8555721640586853
112,2,14,0.141635000705719,0.30388209223747253,0.13059180587370886,0.3199453414238557,0.9796143174171448
112,2,15,0.9512183666229248,0.46432745456695557,0.9276831161874679,0.4665186159063967,0.8576758503913879
112,2,16,0.0909552350640297,0.4073835015296936,0.10327103601110867,0.42425759953535763,0.9444015622138977
112,2,17,0.9657052159309387,0.5017387866973877,0.9498374751284389,0.5090488137764887,0.8067130446434021
112,2,18,0.05017416551709175,0.4459000825881958,0.07192546545314338,0.46322460353149747,0.9103875160217285
112,2,19,0.9329095482826233,0.5005924701690674,0.9063468685558759,0.5090266511240821,0.8184489607810974
112,2,20,0.10570725798606873,0.44350260496139526,0.12606288802695065,0.4615604711272287,0.9161180853843689
112,2,21,0.8972580432891846,0.49115729331970215,0.8780335912357942,0.4961022492035859,0.8174275755882263
112,2,22,0.14008283615112305,0.433447003364563,0.15609989294781776,0.4506924786129603,0.9067890644073486
112,2,23,0.6803677678108215,0.4686766564846039,0.6614500957256915,0.47859961455862604,0.9975186586380005
112,2,24,0.3675538897514343,0.4676394462585449,0.35476321221935997,0.4760317760713231,0.9971196055412292
112,2,25,0.7027255892753601,0.6921547651290894,0.6840358489786975,0.7006514545034912,0.7427650094032288
112,2,26,0.505638062953949,0.6972368955612183,0.4674896197779775,0.6968037197644127,0.7128305435180664
112,2,27,0.6345077157020569,0.8939405679702759,0.6447555410780417,0.9019590848343078,0.6087910532951355
112,2,28,0.49958494305610657,0.9136477708816528,0.5042457033232913,0.8990268273290334,0.5828302502632141
112,2,29,0.5584638714790344,0.9194333553314209,0.5791523737704105,0.9231909026021939,0.4307585656642914
112,2,30,0.4888755977153778,0.9302259087562561,0.4943377884832127,0.915091021524269,0.303198903799057
112,2,31,0.8104187846183777,0.9604625105857849,0.7505385561810336,0.9681570021961754,0.5300303101539612
112,2,32,0.663835883140564,0.981944739818573,0.593461272583981,0.9616373925366597,0.5291836261749268
113,2,0,0.6865338683128357,0.12373506277799606,0.6398504732695613,0.12798438335460463,0.9998215436935425
113,2,1,0.7114365100860596,0.10639113932847977,0.6596525109606048,0.10936021477333938,0.9996408224105835
113,2,2,0.723876953125,0.10658328980207443,0.6717865932431513,0.10929399822256297,0.9996163845062256
113,2,3,0.7356462478637695,0.10648243129253387,0.6830728171124518,0.10907582662208544,0.9995971918106079
113,2,4,0.6615093350410461,0.10153599083423615,0.6097629549724659,0.10601745690437031,0.9996317625045776
113,2,5,0.641549289226532,0.09829061478376389,0.5884962945106236,0.10358678425745825,0.9996223449707031
113,2,6,0.6188498735427856,0.09521856904029846,0.5658889708973478,0.10140437827555289,0.9996097087860107
113,2,7,0.7189559936523438,0.10519442707300186,0.6661297213370652,0.10919617258746539,0.9993374347686768
113,2,8,0.5669494271278381,0.09322941303253174,0.511553176815292,0.10191579494954053,0.9996664524078369
113,2,9,0.6850602626800537,0.13971929252147675,0.6402367390406891,0.14444385202043916,0.9997776746749878
113,2,10,0.6339349746704102,0.13481514155864716,0.5872686409148863,0.14154258988485746,0.9998414516448975
113,2,11,0.8009142279624939,0.21146123111248016,0.77368961312873,0.21426031127022277,0.9998247623443604
113,2,12,0.29983288049697876,0.17545518279075623,0.27051483189762504,0.19093739732237808,0.999854564666748
113,2,13,0.8918353915214539,0.34210383892059326,0.8856272211309718,0.34646824776033386,0.8586285710334778
113,2,14,0.1295170783996582,0.28652963042259216,0.13036881659774688,0.3130059053915648,0.9798682928085327
113,2,15,0.9303537607192993,0.4608479142189026,0.9282372586554464,0.46534188368804763,0.8634109497070312
113,2,16,0.08782146871089935,0.3876911401748657,0.1000642167696611,0.41666318782298334,0.9442495703697205
113,2,17,0.9443261027336121,0.5047919154167175,0.9486938113484222,0.5081654956249966,0.8120748400688171
113,2,18,0.051253870129585266,0.42668861150741577,0.06763410650617362,0.4556365258311883,0.9106123447418213
113,2,19,0.9152901768684387,0.5036068558692932,0.9082028711750274,0.5079019925218038,0.823480486869812
113,2,20,0.10493075102567673,0.4239904582500458,0.12167586626359404,0.4537574174102545,0.9161093235015869
113,2,21,0.8863462209701538,0.4921884834766388,0.8797586788918387,0.4952901397017868,0.8219618201255798
113,2,22,0.13736577332019806,0.41479745507240295,0.15221095627695416,0.4432376540705391,0.9067007899284363
113,2,23,0.6638505458831787,0.450268030166626,0.6619481703751389,0.47271682448107544,0.9974942803382874
113,2,24,0.3665810823440552,0.4484541416168213,0.3572159648961568,0.4703056556682665,0.997159481048584
113,2,25,0.6838033199310303,0.6723800301551819,0.6839876038864136,0.694781166378787,0.7513620257377625
113,2,26,0.48845410346984863,0.6661747097969055,0.47184181838606515,0.6904434887221722,0.7344008088111877
113,2,27,0.6658940315246582,0.8623446226119995,0.6491438727516117,0.8937309510291438,0.6226255297660828
113,2,28,0.4870077967643738,0.889274001121521,0.5006675053997095,0.8970027832412607,0.6082448363304138
113,2,29,0.5987396240234375,0.8780509829521179,0.5832184868124417,0.9138136734073947,0.4426124393939972
113,2,30,0.4654127359390259,0.9066827893257141,0.4883316638939878,0.9133460910706064,0.3107827603816986
113,2,31,0.7883774042129517,0.921456515789032,0.7583975054878047,0.9584551667389648,0.5457468628883362
113,2,32,0.6403265595436096,0.9479073286056519,0.6031974007573541,0.9587876224225966,0.5483939051628113
114,2,0,0.7091843485832214,0.11895082890987396,0.6542633584310237,0.1261096485998137,0.9998372793197632
114,2,1,0.731923520565033,0.10226291418075562,0.6746771760646862,0.10788738980323728,0.9996728301048279
114,2,2,0.7451636791229248,0.10258187353610992,0.6870416664029841,0.1079011194041397,0.9996503591537476
114,2,3,0.7573400139808655,0.1025727242231369,0.6985133207002168,0.10772633123740802,0.9996327757835388
114,2,4,0.6836487650871277,0.09735722094774246,0.6251240131901026,0.10422021550999458,0.9996646642684937
114,2,5,0.6614145040512085,0.09417492896318436,0.6036557838297706,0.10163352026215616,0.9996557831764221
114,2,6,0.6416496634483337,0.09117336571216583,0.5816406364077896,0.09928106464999706,0.9996439218521118
114,2,7,0.7400628328323364,0.10194254666566849,0.6815006098131011,0.10769090063227596,0.9993950128555298
114,2,8,0.5883857011795044,0.08975671976804733,0.5275281514058735,0.09939220261343797,0.9996962547302246
114,2,9,0.7070792317390442,0.13561353087425232,0.6541307557294506,0.14261130458845558,0.9997968673706055
114,2,10,0.6547728180885315,0.1307104080915451,0.6013004607203214,0.1392944740837248,0.9998554587364197
114,2,11,0.811527669429779,0.20774151384830475,0.7815484040654316,0.2129075584029143,0.9998339414596558
114,2,12,0.33752134442329407,0.16857032477855682,0.2844429662435541,0.18629384631811824,0.9998655319213867
114,2,13,0.8902292847633362,0.3387008607387543,0.8865821722029251,0.3448563373123459,0.8626740574836731
114,2,14,0.12218797206878662,0.2709018886089325,0.12867108505026262,0.3042600732276653,0.981415331363678
114,2,15,0.9328680038452148,0.4627871513366699,0.9291981618585974,0.4648117945884333,0.872520387172699
114,2,16,0.09051364660263062,0.37676170468330383,0.09808215708081032,0.4083753681587704,0.9482856392860413
114,2,17,0.9408731460571289,0.5049181580543518,0.9470708429107789,0.5074916829092516,0.8231052756309509
114,2,18,0.05268320068717003,0.4134671688079834,0.06453083501740102,0.44687710488994625,0.9165624976158142
114,2,19,0.9128465056419373,0.5028113126754761,0.9091664489658788,0.5068456380692663,0.8338801860809326
114,2,20,0.11963912844657898,0.410489022731781,0.12125326332113112,0.44476943179868883,0.9215254187583923
114,2,21,0.8908597826957703,0.4900304973125458,0.8820626248935857,0.4941987191533306,0.8316848874092102
114,2,22,0.15816935896873474,0.40147313475608826,0.15344739907110436,0.4345624230071476,0.9123402237892151
114,2,23,0.6835218071937561,0.44957080483436584,0.6664269014977727,0.4679114557304546,0.9974912405014038
114,2,24,0.40462344884872437,0.4444602131843567,0.36706486908014924,0.4649394571813114,0.9972941279411316
114,2,25,0.6946215629577637,0.6670694947242737,0.6861945670253606,0.6890271934748465,0.7416260838508606
114,2,26,0.5230749249458313,0.6800976395606995,0.48248662509844575,0.6882963355491186,0.7517528533935547
114,2,27,0.6945353150367737,0.8634805679321289,0.6585734065837309,0.8874494069882283,0.6222965717315674
114,2,28,0.5659081935882568,0.8961693644523621,0.514227912477794,0.8968298629911164,0.6319865584373474
114,2,29,0.6301969885826111,0.8912350535392761,0.5929781243086428,0.9091261763052858,0.4577290415763855
114,2,30,0.5391789674758911,0.9210856556892395,0.4988961800789273,0.9149522272391362,0.3320329189300537
114,2,31,0.8874490261077881,0.932881772518158,0.7852682838695438,0.953145491629788,0.5540633797645569
114,2,32,0.7279990911483765,0.9801701903343201,0.6291802742469227,0.9632266643126912,0.5683814883232117
115,2,0,0.717479944229126,0.11622313410043716,0.667402385569547,0.12405785057761348,0.9998498558998108
115,2,1,0.7414885759353638,0.0997534766793251,0.6885647331840156,0.10619939966273237,0.9996985793113708
115,2,2,0.7555691599845886,0.10011470317840576,0.7012866061684776,0.10628525906000215,0.9996774792671204
115,2,3,0.7685877084732056,0.10016999393701553,0.7130804358681528,0.10615822752461819,0.9996610283851624
115,2,4,0.6891984939575195,0.0951266959309578,0.6384416674232215,0.10233303303226345,0.9996913075447083
115,2,5,0.6674878597259521,0.09215918928384781,0.6169229674313519,0.09966728712595187,0.9996824264526367
115,2,6,0.6468737125396729,0.08927564322948456,0.5951995346251194,0.09720458243650207,0.9996709823608398
115,2,7,0.7553063035011292,0.10007506608963013,0.6968449557809819,0.10611044734489547,0.9994404911994934
115,2,8,0.5999029874801636,0.08809079974889755,0.5425744387338365,0.09704667399576397,0.999721109867096
115,2,9,0.7202519178390503,0.1331828236579895,0.6678745614907273,0.1406545893276554,0.999812126159668
115,2,10,0.6642179489135742,0.1282547265291214,0.614377209639992,0.13700326682201278,0.9998669028282166
115,2,11,0.8273738622665405,0.20453236997127533,0.791068238229293,0.21116948610309796,0.9998425841331482
115,2,12,0.36443716287612915,0.16243290901184082,0.30107670910664064,0.18133995467605718,0.9998751878738403
115,2,13,0.9063315391540527,0.33483046293258667,0.8906819773350328,0.34277560928639145,0.8672481179237366
115,2,14,0.11745214462280273,0.2569262981414795,0.12634267656922557,0.2944264973115387,0.9827218055725098
115,2,15,0.9480705261230469,0.45622891187667847,0.93311581302212,0.4630306099256171,0.8810662627220154
115,2,16,0.10301502048969269,0.36426350474357605,0.0991057588208305,0.3992119572266332,0.9517853856086731
115,2,17,0.9566295146942139,0.4983241558074951,0.9490545849707591,0.5055891377410838,0.8335890173912048
115,2,18,0.07186316698789597,0.40193384885787964,0.06605244290883537,0.4375407734155704,0.9216160774230957
115,2,19,0.9226975440979004,0.49622926115989685,0.9119749089418496,0.5046423236181217,0.843794047832489
115,2,20,0.14951178431510925,0.3992541432380676,0.12712086930799893,0.4353141192088257,0.9261382222175598
115,2,21,0.8996368646621704,0.481806218624115,0.8857106705570473,0.491626663276586,0.8409614562988281
115,2,22,0.18765801191329956,0.3895927965641022,0.16055206595780697,0.42522060680899626,0.9171086549758911
115,2,23,0.7180802226066589,0.45234566926956177,0.6771591373129966,0.4646805028029467,0.9975295066833496
115,2,24,0.44453325867652893,0.4501202702522278,0.3831722671640593,0.46186353742984537,0.9974517822265625
115,2,25,0.7492795586585999,0.6665957570075989,0.6993061312030331,0.6843702717006938,0.7407960891723633
115,2,26,0.550383448600769,0.6800945997238159,0.4966001692765302,0.686594267344189,0.7667717933654785
115,2,27,0.7637530565261841,0.8552144169807434,0.6804592488695409,0.880755388534608,0.6258657574653625
115,2,28,0.6012165546417236,0.8916257619857788,0.5323195206618108,0.8957499698958009,0.6543869972229004
115,2,29,0.705207109451294,0.883273184299469,0.6163352936233862,0.903758408776768,0.47264111042022705
115,2,30,0.5620157718658447,0.9123713374137878,0.5120149474367518,0.9144167104589068,0.34981247782707214
115,2,31,0.9493679404258728,0.924308717250824,0.819469676053288,0.947157717891299,0.5636866092681885
115,2,32,0.6944586038589478,0.9644997715950012,0.6427485738947206,0.9634908159091041,0.5872413516044617
116,2,0,0.7268261313438416,0.11414682120084763,0.6797518090077651,0.12200096344036716,0.999859094619751
116,2,1,0.7509419918060303,0.09765968471765518,0.7015290131161119,0.10442717563007281,0.9997180104255676
116,2,2,0.7659589052200317,0.09810523688793182,0.7147287288592094,0.10458769796595936,0.9996971487998962
116,2,3,0.7800336480140686,0.09827888011932373,0.7269975199357004,0.10452307761476598,0.9996801614761353
116,2,4,0.6942489743232727,0.09329015016555786,0.6500383723904735,0.1004563618198054,0.999713122844696
116,2,5,0.6730359196662903,0.09055135399103165,0.6285832840440441,0.09777545195140926,0.9997042417526245
116,2,6,0.6508514285087585,0.08779793232679367,0.6067638965079641,0.09525239890679667,0.9996930360794067
116,2,7,0.7674012184143066,0.09855463355779648,0.711512427426491,0.10454245227116414,0.9994691014289856
116,2,8,0.6056501865386963,0.08658113330602646,0.5556841422961804,0.09487467294203691,0.9997422695159912
116,2,9,0.7332258224487305,0.1310732364654541,0.6814580484557194,0.1386661397698392,0.9998235702514648
116,2,10,0.6739389896392822,0.1260545551776886,0.6267553621274886,0.1347309589815851,0.999876856803894
116,2,11,0.8299774527549744,0.20698051154613495,0.799149743140187,0.21030026397803525,0.999832808971405
116,2,12,0.3681601583957672,0.16132673621177673,0.3150208829155796,0.17718534867759322,0.9998847246170044
116,2,13,0.9042365550994873,0.3350643217563629,0.8934953140037193,0.34117534318741766,0.8475499153137207
116,2,14,0.09662582725286484,0.25425028800964355,0.12017201334604578,0.2860815483226439,0.983980119228363
116,2,15,0.956830620765686,0.44605398178100586,0.9380393484073274,0.459506675188579,0.8725491762161255
116,2,16,0.11440771818161011,0.35906049609184265,0.10228192583894949,0.3908721546248657,0.9544851779937744
116,2,17,0.9601207375526428,0.4876028895378113,0.9513512748200319,0.5018555264448283,0.8245273232460022
116,2,18,0.09694412350654602,0.4031897783279419,0.07246726507294461,0.4304069184564847,0.925288200378418
116,2,19,0.9305813312530518,0.48579299449920654,0.9158373244052592,0.5007294594666661,0.8349513411521912
116,2,20,0.17464306950569153,0.40338554978370667,0.13699363609986417,0.42868378525131984,0.9293515682220459
116,2,21,0.9018903374671936,0.47176361083984375,0.8890691026161764,0.48750324855642924,0.8316921591758728
116,2,22,0.20608775317668915,0.3933670222759247,0.1700116164908529,0.4186058582818578,0.9202675819396973
116,2,23,0.7383820414543152,0.45952582359313965,0.6898830470166627,0.4636108659514081,0.997473418712616
116,2,24,0.4590582549571991,0.46216171979904175,0.39894997505157986,0.4619254043170725,0.9976199865341187
116,2,25,0.8085194826126099,0.660893440246582,0.7220338538223731,0.6794961778072196,0.7458813190460205
116,2,26,0.5545493960380554,0.6836084127426147,0.5086426366655282,0.6859747160306459,0.7866443395614624
116,2,27,0.786479651927948,0.8379768133163452,0.7025205878004804,0.8718692714763617,0.62826007604599
116,2,28,0.6112287640571594,0.8925269246101379,0.5487271715522716,0.895081198433496,0.6831836700439453
116,2,29,0.7218849062919617,0.8616812825202942,0.6382983662660539,0.8950181688349687,0.48822373151779175
116,2,30,0.586063027381897,0.920403242111206,0.5274097351526572,0.9156589919734083,0.38172584772109985
116,2,31,0.9700636267662048,0.904287576675415,0.8508447125495138,0.9382525573578142,0.5725631713867188
116,2,32,0.7519093155860901,0.9774476289749146,0.6654653865296352,0.9663876697815478,0.6165100336074829
117,2,0,0.7249214053153992,0.11608023941516876,0.6891352493741826,0.12077234037341,0.9998677372932434
117,2,1,0.7490471005439758,0.09888550639152527,0.7114009660787205,0.10327722314963758,0.9997358918190002
117,2,2,0.7627248764038086,0.09936203807592392,0.7247001310075312,0.10350333009269978,0.9997149705886841
117,2,3,0.7756240963935852,0.09971493482589722,0.7371000722096306,0.10352535951850934,0.9996986985206604
117,2,4,0.6925444602966309,0.09505020827054977,0.6588678545533772,0.09933453440429273,0.9997336864471436
117,2,5,0.6710591912269592,0.09271036088466644,0.6374064900586907,0.09672440808647835,0.9997255802154541
117,2,6,0.6466073989868164,0.09028543531894684,0.6150396919966474,0.09422172000711404,0.9997157454490662
117,2,7,0.7584936022758484,0.10129635035991669,0.721272688244157,0.10386889596337014,0.9995011687278748
117,2,8,0.5981642007827759,0.0882924422621727,0.5645082114079846,0.09350875411970666,0.9997633695602417
117,2,9,0.7311238050460815,0.13396601378917694,0.691776786849534,0.137690838694805,0.999834418296814
117,2,10,0.6725307703018188,0.1277371644973755,0.6362648088900602,0.1332796175626142,0.9998862147331238
117,2,11,0.8211685419082642,0.21070140600204468,0.8037209514324889,0.21038349319096894,0.9998272657394409
117,2,12,0.3543994724750519,0.16231293976306915,0.3231999927433193,0.17409837730317537,0.9998932480812073
117,2,13,0.8999004364013672,0.3401692807674408,0.8948244742749099,0.3409666012025322,0.8245725631713867
117,2,14,0.087175652384758,0.25895068049430847,0.11331974302355895,0.2804482575250352,0.9850080609321594
117,2,15,0.950762152671814,0.4470377564430237,0.9406799842209391,0.456918753168587,0.8596345782279968
117,2,16,0.12362302094697952,0.3784533441066742,0.10671235106725994,0.388294634199133,0.9557291269302368
117,2,17,0.9570220112800598,0.4878120720386505,0.9525280145851336,0.4989406831076625,0.8108627200126648
117,2,18,0.10976377874612808,0.4278552532196045,0.08021345497279232,0.42987746540770627,0.9264807105064392
117,2,19,0.9268649220466614,0.486086905002594,0.9181260100493208,0.49769021728725626,0.8217315673828125
117,2,20,0.18861959874629974,0.4263068437576294,0.1477201795485185,0.4281905885633428,0.9301387667655945
117,2,21,0.8992887735366821,0.47278326749801636,0.8911900623681775,0.4844479289678846,0.8180490732192993
117,2,22,0.21757309138774872,0.41137024760246277,0.17989255770697554,0.4171043244737573,0.9209619760513306
117,2,23,0.7341200709342957,0.46217724680900574,0.6990724949067397,0.46331340918281044,0.9972409605979919
117,2,24,0.44376125931739807,0.46363288164138794,0.4082588699430817,0.46227968557085203,0.9976229667663574
117,2,25,0.8151082992553711,0.6645222902297974,0.7413944458534992,0.676388134453865,0.747416079044342
117,2,26,0.5520448684692383,0.6889011263847351,0.517658469295929,0.6865819319360492,0.7987070083618164
117,2,27,0.8140540719032288,0.8411762714385986,0.7257326750961048,0.8654957364036564,0.6180272698402405
117,2,28,0.6076290011405945,0.8923141360282898,0.560967928555565,0.8945070491326484,0.6945285201072693
117,2,29,0.757523238658905,0.8653132915496826,0.6631163986400648,0.8888499903026514,0.48446711897850037
117,2,30,0.5673152804374695,0.9132852554321289,0.5356984055371902,0.9151664608231851,0.3819406032562256
117,2,31,0.9836771488189697,0.9136074185371399,0.8785058464676966,0.9331357406747862,0.5653437972068787
117,2,32,0.7210023403167725,0.9732932448387146,0.6770058265584741,0.9678207008479852,0.621600329875946
118,2,0,0.7375974655151367,0.11742421984672546,0.6992036010261022,0.12007761354440485,0.999876856803894
118,2,1,0.7594972848892212,0.0997404083609581,0.7213932017509515,0.10254333890636895,0.9997536540031433
118,2,2,0.7719838619232178,0.10021407157182693,0.7345233277940418,0.10282081810616985,0.9997318983078003
118,2,3,0.7834020853042603,0.1005856916308403,0.7467190570317738,0.10291539250656173,0.9997161030769348
118,2,4,0.7054427862167358,0.09598090499639511,0.6685436081758822,0.09863866439304055,0.9997545480728149
118,2,5,0.6832930445671082,0.09378951787948608,0.6469390555434983,0.09611543249096396,0.9997467398643494
118,2,6,0.6598796844482422,0.0915306806564331,0.6243545736534923,0.09366334604943932,0.9997384548187256
118,2,7,0.760723352432251,0.10246700793504715,0.7294667927299955,0.10357802326497133,0.9995352625846863
118,2,8,0.6070617437362671,0.08939006924629211,0.5733475555541823,0.09265411886451307,0.999783456325531
118,2,9,0.742271900177002,0.1358433961868286,0.702268071828416,0.13730751477976733,0.9998465776443481
118,2,10,0.6823385953903198,0.12927986681461334,0.6458363159446961,0.1324496641055641,0.9998959898948669
118,2,11,0.8171871900558472,0.21338224411010742,0.8065159467540115,0.211005720662096,0.999825119972229
118,2,12,0.35069847106933594,0.16436626017093658,0.32890967722290737,0.17207863032231258,0.9999025464057922
118,2,13,0.8973473906517029,0.34733128547668457,0.8953479615777017,0.3422873676183814,0.8036743998527527
118,2,14,0.06682933866977692,0.2626684010028839,0.10366160398059909,0.2767575075055776,0.9861932992935181
118,2,15,0.9536091685295105,0.44984182715415955,0.9433634695310786,0.45545015700936536,0.8492820262908936
118,2,16,0.15195487439632416,0.3943884074687958,0.11611092400563565,0.3895591722646113,0.9588462114334106
118,2,17,0.9638096690177917,0.491196870803833,0.9548694437554869,0.4973336658126899,0.8001686334609985
118,2,18,0.15457956492900848,0.44167688488960266,0.09567449688860942,0.4323263860198392,0.9310011267662048
118,2,19,0.9444240927696228,0.4885951280593872,0.9235862579177451,0.4958027088145437,0.8111357092857361
118,2,20,0.22482900321483612,0.43839406967163086,0.16375266179802572,0.43030818546621086,0.9341991543769836
118,2,21,0.9080401659011841,0.47601887583732605,0.8946877222253178,0.48269867545961875,0.8077781796455383
118,2,22,0.24542135000228882,0.4232284128665924,0.1935129725887886,0.41837515448451856,0.9251062273979187
118,2,23,0.7558814287185669,0.4688422679901123,0.7108776229039491,0.4644607028178363,0.9971991181373596
118,2,24,0.4594227075576782,0.4765632152557373,0.41888927652994773,0.46524437777561994,0.9977367520332336
118,2,25,0.8736235499382019,0.6690323352813721,0.7689293245719295,0.6748616548566756,0.7567012906074524
118,2,26,0.5413195490837097,0.7024089694023132,0.5225708476492082,0.6898671352874581,0.8105300664901733
118,2,27,0.8664216995239258,0.822432816028595,0.7550360536725209,0.8565504817138063,0.5998485088348389
118,2,28,0.6037397980690002,0.9091904759407043,0.5698526675689874,0.8975547787043962,0.7100510001182556
118,2,29,0.7942442893981934,0.8367181420326233,0.6904211610490133,0.8780181832953489,0.4758404493331909
118,2,30,0.570349931716919,0.9264112710952759,0.5428947354788853,0.9175002407044742,0.3900192975997925
118,2,31,1.0122414827346802,0.9089160561561584,0.906355780848981,0.9281073158716653,0.5565358400344849
118,2,32,0.7051099538803101,0.9800837635993958,0.682841374982138,0.9703658833906347,0.634665846824646
119,2,0,0.7102423906326294,0.12100904434919357,0.701494616379647,0.1202708702476056,0.999886691570282
119,2,1,0.7377204895019531,0.10293188691139221,0.72478229941061,0.10262395507316467,0.9997726082801819
119,2,2,0.7528070211410522,0.10342023521661758,0.7383187266206627,0.10294518624278721,0.9997515082359314
119,2,3,0.7670121192932129,0.10375449061393738,0.7509318020142289,0.1030894912391631,0.9997365474700928
119,2,4,0.6840736865997314,0.0992349237203598,0.6717671557656679,0.09876237733528116,0.9997754693031311
119,2,5,0.662628710269928,0.09712602198123932,0.6501957404801095,0.0963251137894099,0.9997682571411133
119,2,6,0.6387198567390442,0.09497245401144028,0.6273362510835104,0.09393496743732192,0.9997609257698059
119,2,7,0.7520653009414673,0.10655953735113144,0.7341584344233496,0.10419667385989581,0.9995728731155396
119,2,8,0.5842233300209045,0.09285847097635269,0.5756047283289533,0.09269651774304197,0.9998022317886353
119,2,9,0.7249364852905273,0.13931888341903687,0.7069742354200881,0.13772485342488144,0.999858558177948
119,2,10,0.6633940935134888,0.13296175003051758,0.649480951965782,0.13255591235239966,0.9999052286148071
119,2,11,0.8001058101654053,0.2199685424566269,0.8051857477795258,0.21286577265115963,0.9998194575309753
119,2,12,0.33994805812835693,0.17517127096652985,0.33120060484085473,0.17272034102631287,0.9999107122421265
119,2,13,0.8635870218276978,0.3538447618484497,0.8887524761296486,0.34468604234153594,0.7962092757225037
119,2,14,0.04382935166358948,0.27079135179519653,0.09122719016420103,0.27551945446323234,0.987259566783905
119,2,15,0.9511295557022095,0.46127602458000183,0.9449751106947236,0.45665909290130985,0.8446542024612427
119,2,16,0.14802336692810059,0.40192440152168274,0.1227379033846322,0.39212556467925863,0.9616369605064392
119,2,17,0.9641704559326172,0.5000995397567749,0.9567996987251851,0.49790756860667895,0.7948368787765503
119,2,18,0.15434293448925018,0.44736248254776,0.10786666025462768,0.43544734489082515,0.9350179433822632
119,2,19,0.945521354675293,0.49812206625938416,0.9281400747130677,0.49628395608255926,0.805151641368866
119,2,20,0.22403781116008759,0.44344618916511536,0.1762813650742279,0.43303502486263523,0.9377912282943726
119,2,21,0.9130585789680481,0.4860262870788574,0.8985012124564173,0.48338914625953805,0.8021968007087708
119,2,22,0.24078185856342316,0.4291965067386627,0.20333305711041663,0.4206210209828555,0.9289824366569519
119,2,23,0.7487866878509521,0.485797256231308,0.7187511794890048,0.4688901844667108,0.9972747564315796
119,2,24,0.4558217525482178,0.49627190828323364,0.4265597961089556,0.471687435130334,0.9978960752487183
119,2,25,0.9052063226699829,0.6808076500892639,0.7973103370755706,0.6760955225996647,0.7753938436508179
119,2,26,0.5088332295417786,0.7200941443443298,0.51971951156962,0.6961438214442354,0.8262195587158203
119,2,27,0.8386213779449463,0.8040645718574524,0.7724183293143201,0.845644999836678,0.5946804881095886
119,2,28,0.5886421799659729,0.9228602647781372,0.573753115906375,0.9028087901545303,0.7326890230178833
119,2,29,0.7448437809944153,0.807303786277771,0.701729711327716,0.863317817605351,0.4704464077949524
119,2,30,0.5658162832260132,0.9414874911308289,0.5476534764556292,0.9224803741873185,0.41197866201400757
119,2,31,0.9877440929412842,0.8922322392463684,0.9232802177002811,0.92065663501399,0.5562976598739624
119,2,32,0.6655383110046387,0.9903438091278076,0.6792496600391195,0.9745131586963314,0.6592797636985779
120,2,0,0.7063691020011902,0.12410598993301392,0.7025061053221788,0.12106665887242263,0.9998960494995117
120,2,1,0.7325531840324402,0.10550647974014282,0.7263949401291517,0.10322206417824459,0.9997909069061279
120,2,2,0.7500452399253845,0.10608179867267609,0.7407525188627498,0.10359602182643113,0.999771237373352
120,2,3,0.7656407356262207,0.10656840354204178,0.7539848354427664,0.1038113596182298,0.9997573494911194
120,2,4,0.6755527853965759,0.1019931510090828,0.6725526761283562,0.09943275277083725,0.9997947216033936
120,2,5,0.6543975472450256,0.10008425265550613,0.6510676278778134,0.09710513473271559,0.9997881054878235
120,2,6,0.6303743720054626,0.09829596430063248,0.6279666499295965,0.09483988889612453,0.999781608581543
120,2,7,0.748445987701416,0.11129360646009445,0.7371239695315378,0.105669422449488,0.9996079206466675
120,2,8,0.5755355954170227,0.09742306172847748,0.5755903847374357,0.0936773013440901,0.9998191595077515
120,2,9,0.7194052934646606,0.14303073287010193,0.7095543027148034,0.1388258699240083,0.9998694658279419
120,2,10,0.6621289849281311,0.13677939772605896,0.6521060680078613,0.13343229638061574,0.9999135732650757
120,2,11,0.7991557121276855,0.22740396857261658,0.8039344383227197,0.21588334505817725,0.9998199939727783
120,2,12,0.3368748724460602,0.18690286576747894,0.33237807882085235,0.17566406031060666,0.9999178051948547
120,2,13,0.8570096492767334,0.360830157995224,0.882160753697817,0.34803709071246663,0.7905805706977844
120,2,14,0.0443178191781044,0.2794937789440155,0.08148189316408813,0.27634413087521525,0.9882516264915466
120,2,15,0.9486535787582397,0.4699859619140625,0.9457383910304502,0.4594251475529365,0.8443922996520996
120,2,16,0.15512686967849731,0.41028550267219543,0.12946392723563735,0.3958952472857065,0.9643257856369019
120,2,17,0.9659460186958313,0.5087209939956665,0.9586978419894304,0.5001517903864702,0.7950398325920105
120,2,18,0.1717824637889862,0.4549257755279541,0.12115122835225146,0.4394908706913201,0.938997745513916
120,2,19,0.947056770324707,0.5068066120147705,0.9320669317978635,0.49846781391309186,0.8048460483551025
120,2,20,0.24683623015880585,0.45060864090919495,0.19094851519459574,0.43668293850871776,0.941452145576477
120,2,21,0.9175415635108948,0.4948093891143799,0.9024537518438621,0.48575934680416,0.8016543984413147
120,2,22,0.2629559338092804,0.43671977519989014,0.21572389609052836,0.4239626482142705,0.9329351186752319
120,2,23,0.7441794276237488,0.4943987727165222,0.7240307033003462,0.47418639335115004,0.9974191188812256
120,2,24,0.45643913745880127,0.5044825673103333,0.4327642391987905,0.47849787905126345,0.9980560541152954
120,2,25,0.9298211336135864,0.6926279067993164,0.8249041978402499,0.6795272004437968,0.7948780655860901
120,2,26,0.5084911584854126,0.7248244881629944,0.5173891512285955,0.702099153895755,0.8416037559509277
120,2,27,0.8164094090461731,0.8135004043579102,0.7815566707920087,0.8389697640747421,0.611833393573761
120,2,28,0.5808293223381042,0.9114143252372742,0.5752215650305289,0.9045946773550807,0.7550598382949829
120,2,29,0.7293239831924438,0.8206406831741333,0.7074593178807556,0.8544527869149883,0.4772774577140808
120,2,30,0.5592371821403503,0.9282528162002563,0.5500576159244348,0.9236782222259071,0.43394264578819275
120,2,31,0.9700195789337158,0.9071677923202515,0.9329902324056679,0.9178569475204355,0.5744215846061707
120,2,32,0.6717578172683716,0.9840379953384399,0.6776949472141368,0.9764898765564128,0.6853381991386414
121,2,0,0.7040392160415649,0.12529587745666504,0.7028242067107788,0.12194423270980227,0.9998992681503296
121,2,1,0.7274807095527649,0.10658621042966843,0.7266202210161913,0.10392011658455998,0.999796450138092
121,2,2,0.7438457012176514,0.10711348801851273,0.7413943434557627,0.10432589085081627,0.9997762441635132
121,2,3,0.7586280107498169,0.10756244510412216,0.7549483194635409,0.10458970932385621,0.9997624754905701
121,2,4,0.6715423464775085,0.10322186350822449,0.6723430491613648,0.10021899353087735,0.9998035430908203
121,2,5,0.6501725912094116,0.10136905312538147,0.6508819229230707,0.09798990971925774,0.9997971653938293
121,2,6,0.6265009641647339,0.09958654642105103,0.6276625401485267,0.09582484673342298,0.999792754650116
121,2,7,0.7430515885353088,0.11209274083375931,0.7383540259553261,0.10700235848450979,0.9996144771575928
121,2,8,0.5726439952850342,0.0993715152144432,0.574979024134655,0.09485891330496056,0.9998288154602051
121,2,9,0.7144740223884583,0.14425456523895264,0.7105751787534322,0.13995237562298693,0.9998679757118225
121,2,10,0.6572538018226624,0.1383632868528366,0.6531742652475606,0.13445550953213795,0.9999165534973145
121,2,11,0.7988224625587463,0.22839653491973877,0.802873664765534,0.21848045867036167,0.9998117089271545
121,2,12,0.3348064720630646,0.19192412495613098,0.33288195224985034,0.17903918675264133,0.9999219179153442
121,2,13,0.8570727705955505,0.3637566864490509,0.8769519331115301,0.3512999829897118,0.7727543711662292
121,2,14,0.047604311257600784,0.2829883098602295,0.07444644359000058,0.27772290666084315,0.9889471530914307
121,2,15,0.947824239730835,0.45984384417533875,0.9461711845532231,0.45951201904541855,0.8343005776405334
121,2,16,0.16121050715446472,0.4134525656700134,0.13605643418837546,0.39953977655758105,0.9659206867218018
121,2,17,0.9607943296432495,0.4996337592601776,0.9591328430711045,0.5000443085967288,0.7847873568534851
121,2,18,0.17932145297527313,0.45864930748939514,0.13323969816138845,0.4434679343837348,0.9409308433532715
121,2,19,0.9452009797096252,0.5004667639732361,0.9347929520598619,0.49888257567976924,0.7946728467941284
121,2,20,0.2550707757472992,0.4542608857154846,0.2042760807135335,0.4403317520889132,0.9431199431419373
121,2,21,0.9168280959129333,0.48910772800445557,0.9054373020732307,0.48645412767729507,0.7907600998878479
121,2,22,0.27275192737579346,0.4407019019126892,0.22757462978730944,0.42743728610550813,0.9346739649772644
121,2,23,0.7488250732421875,0.4967424273490906,0.7291785275668183,0.4788691984148625,0.9975367188453674
121,2,24,0.45713484287261963,0.5065252780914307,0.43782402308568624,0.48431746075510945,0.9981813430786133
121,2,25,0.9138033986091614,0.7015856504440308,0.8433942801178345,0.684106639559111,0.8132296800613403
121,2,26,0.512370228767395,0.7304649353027344,0.5163476899200111,0.7079890520730726,0.8553907871246338
121,2,27,0.8191450238227844,0.8383422493934631,0.7893635768778007,0.8388395659725992,0.6432483196258545
121,2,28,0.5784777998924255,0.9081884026527405,0.575897224965182,0.9053403717707655,0.7740145921707153
121,2,29,0.7409635782241821,0.8553836941719055,0.7144171878350061,0.854645934713869,0.49940547347068787
121,2,30,0.5552687048912048,0.928189754486084,0.5511389605626469,0.924614384364279,0.449462354183197
121,2,31,0.9367523789405823,0.9432538151741028,0.9337708836601292,0.9231299413575169,0.6051663160324097
121,2,32,0.6602428555488586,0.9808534979820251,0.6740722779345728,0.9773953428746979,0.7073918581008911
122,2,0,0.684109091758728,0.12299297749996185,0.6989392240936277,0.1221618308612,0.9998944401741028
122,2,1,0.7035772204399109,0.10454469919204712,0.7218362621127516,0.10404970619493643,0.9997863173484802
122,2,2,0.7186733484268188,0.10494260489940643,0.7366772781445866,0.10445384784974261,0.9997642636299133
122,2,3,0.7324539422988892,0.10526316612958908,0.7502783312069145,0.1047294396367692,0.9997537136077881
122,2,4,0.6504614949226379,0.10132995992898941,0.66780036357079,0.10044950208968682,0.9998006820678711
122,2,5,0.6294814944267273,0.0995098203420639,0.6464391797267743,0.09830527152102222,0.9997914433479309
122,2,6,0.6067877411842346,0.09778344631195068,0.623328980785462,0.09623123574567537,0.9997908473014832
122,2,7,0.7171381711959839,0.10935883224010468,0.7339496224977967,0.10749130762566576,0.9995931386947632
122,2,8,0.5539103746414185,0.09823111444711685,0.5706051983236113,0.09555863723477699,0.9998269081115723
122,2,9,0.694322407245636,0.1414208710193634,0.7072015716519646,0.14025706899904405,0.9998518228530884
122,2,10,0.6394352912902832,0.1360630840063095,0.6503226479046953,0.1347890612555072,0.9999113082885742
122,2,11,0.7870608568191528,0.22365260124206543,0.7995914176896897,0.21955371971968146,0.9998096823692322
122,2,12,0.32916560769081116,0.18949536979198456,0.33211081272284404,0.18120924499870042,0.999923586845398
122,2,13,0.8605636954307556,0.3538617193698883,0.8735501888401234,0.3518315255112384,0.7585728168487549
122,2,14,0.046208351850509644,0.2782417833805084,0.06858307492365055,0.27783056385956617,0.9893824458122253
122,2,15,0.9398146271705627,0.4483446180820465,0.9448521051583089,0.4571943102526448,0.8219794631004333
122,2,16,0.16136790812015533,0.4017675817012787,0.1413116916578177,0.4000020262896954,0.9655156135559082
122,2,17,0.9556165337562561,0.4879440665245056,0.9584032142069837,0.497532931038836,0.7736793160438538
122,2,18,0.17408111691474915,0.4440932869911194,0.14172298243377318,0.4435976837452143,0.9391228556632996
122,2,19,0.9330982565879822,0.48800742626190186,0.9344413230646703,0.49662553962974604,0.7829573154449463
122,2,20,0.24462245404720306,0.4405483603477478,0.21265642715337235,0.44037669387838574,0.9410238862037659
122,2,21,0.9075994491577148,0.47449761629104614,0.9058859277030331,0.48397259092466705,0.7782127857208252
122,2,22,0.2624015808105469,0.4278665781021118,0.2348074314564104,0.42752635594855376,0.9325083494186401
122,2,23,0.7341046333312988,0.49152272939682007,0.7302007280601337,0.48149545032353547,0.9977206587791443
122,2,24,0.44527700543403625,0.5022317171096802,0.43937067595337365,0.48803612163817894,0.9983144998550415
122,2,25,0.9268475770950317,0.697308361530304,0.8607490627709444,0.6868467100821933,0.8305094242095947
122,2,26,0.532128632068634,0.7261061072349548,0.519623323278506,0.711749831267878,0.867879331111908
122,2,27,0.8522943258285522,0.8705559968948364,0.8024430902588875,0.8454257981695524,0.6706845760345459
122,2,28,0.5612805485725403,0.8868035674095154,0.5728633596948665,0.9014924174933759,0.78182053565979
122,2,29,0.7345135807991028,0.8917748928070068,0.7185890832938153,0.8623572804159261,0.5116083025932312
122,2,30,0.5466628074645996,0.9035483598709106,0.5502101413765422,0.9202410976223666,0.4466794729232788
122,2,31,0.9026198387145996,0.968294084072113,0.9273021956328641,0.93251220805861,0.6299330592155457
122,2,32,0.6201468110084534,0.9588854908943176,0.6628672678025637,0.9735529862551185,0.7175809144973755
123,2,0,0.6951772570610046,0.12309285253286362,0.6981586171395956,0.12235500267781575,0.9998784065246582
123,2,1,0.7100210785865784,0.10439378023147583,0.7193840701676194,0.10412109479006465,0.9997495412826538
123,2,2,0.7230532765388489,0.10438662022352219,0.7338495323943468,0.10443989954612788,0.9997208118438721
123,2,3,0.7355026602745056,0.10425000637769699,0.7472114519217521,0.10462996629261029,0.9997139573097229
123,2,4,0.6576775908470154,0.10220172256231308,0.6656995225127295,0.10081306751518174,0.9997810125350952
123,2,5,0.6374643445014954,0.10044819861650467,0.6445766362359956,0.09874990883807852,0.9997666478157043
123,2,6,0.6137456893920898,0.09868071973323822,0.6213401312241238,0.09673948505258025,0.9997735619544983
123,2,7,0.7215939164161682,0.10734880715608597,0.7313852088721745,0.10746174174569044,0.9994755387306213
123,2,8,0.569434404373169,0.09884423017501831,0.5703622763415572,0.0962403885356119,0.9998176693916321
123,2,9,0.7060553431510925,0.14037398993968964,0.7069637467875404,0.14028132764240975,0.9998082518577576
123,2,10,0.652042806148529,0.13705401122570038,0.6506795608845978,0.1352590187591374,0.9998962879180908
123,2,11,0.804049015045166,0.21807445585727692,0.8005163868339772,0.2192467919541878,0.9997987747192383
123,2,12,0.349735826253891,0.18766017258167267,0.3357694045099572,0.18254791137454926,0.9999242424964905
123,2,13,0.8715189695358276,0.33570191264152527,0.8731287310828935,0.3484834891333921,0.7369740009307861
123,2,14,0.05337551608681679,0.2674933075904846,0.065426507055636,0.2756851938965937,0.9898995757102966
123,2,15,0.9508668184280396,0.4383403956890106,0.9461002355526673,0.453280493745943,0.8012230396270752
123,2,16,0.1893557459115982,0.3863409459590912,0.15129302393825406,0.397166577845258,0.9649896025657654
123,2,17,0.962879478931427,0.4775919020175934,0.9593320572036247,0.49339332007012837,0.754726231098175
123,2,18,0.20575514435768127,0.4285445213317871,0.15503178314582572,0.4404731794135825,0.9369744062423706
123,2,19,0.9377424120903015,0.4760207533836365,0.9351262902189191,0.49234805916821395,0.7636604905128479
123,2,20,0.2737849950790405,0.42517319321632385,0.22536071687265527,0.4372209714804827,0.9385091066360474
123,2,21,0.9051336050033569,0.4608907699584961,0.9057298338076192,0.47918055924100256,0.7589168548583984
123,2,22,0.287366658449173,0.41239866614341736,0.245728178383541,0.42438637580702226,0.9300649762153625
123,2,23,0.7492163777351379,0.4812625050544739,0.7341481393711696,0.48144711891769837,0.9978944063186646
123,2,24,0.46477994322776794,0.48973700404167175,0.4446462541907527,0.488389034620621,0.9984322786331177
123,2,25,0.8919945955276489,0.6918224096298218,0.8672374766842654,0.6878792020075324,0.8454792499542236
123,2,26,0.5409521460533142,0.7084253430366516,0.5240512019175101,0.7110600087783199,0.8784781098365784
123,2,27,0.82062828540802,0.8999361991882324,0.8062180352381086,0.8567525455717023,0.6970339417457581
123,2,28,0.547636866569519,0.853693962097168,0.5676257656791954,0.8915621828469115,0.781921923160553
123,2,29,0.7191191911697388,0.9143415689468384,0.718699071124662,0.8731583708842562,0.5310457944869995
123,2,30,0.538004994392395,0.8728161454200745,0.5476769849488262,0.9103885601457725,0.4406602382659912
123,2,31,0.8791958093643188,0.9793363809585571,0.9173079497514913,0.9422397735614009,0.6558714509010315
123,2,32,0.5921017527580261,0.930097222328186,0.6481562791078644,0.964526036085718,0.7213087677955627
124,2,0,0.6920030117034912,0.1123766154050827,0.6968812462271744,0.1202841325957614,0.9998728036880493
124,2,1,0.7071183323860168,0.09410177171230316,0.7168383351968256,0.10204172672602932,0.9997365474700928
124,2,2,0.7203137278556824,0.09445291012525558,0.7310400985249685,0.10236724372563244,0.9997079372406006
124,2,3,0.7325702905654907,0.09467490017414093,0.744172502201256,0.10256393751711086,0.9997064471244812
124,2,4,0.6560646891593933,0.09172035753726959,0.6636999729174711,0.09892605310930841,0.9997729063034058
124,2,5,0.6349905729293823,0.09017707407474518,0.642587210758255,0.09697080992369106,0.9997537732124329
124,2,6,0.611950159072876,0.08879278600215912,0.6193914116847532,0.09509035502919405,0.9997615218162537
124,2,7,0.7165559530258179,0.09936375170946121,0.7283072016271142,0.10578120822018733,0.999410092830658
124,2,8,0.5636637806892395,0.0931590124964714,0.5689722275705368,0.0956010152642038,0.9998068809509277
124,2,9,0.7029222846031189,0.129696786403656,0.7061251379973545,0.13808462230559998,0.9997859001159668
124,2,10,0.6480334997177124,0.12770116329193115,0.6501305208212548,0.13369059991150817,0.9998814463615417
124,2,11,0.8034027218818665,0.20680512487888336,0.8011152867860456,0.21666452824398721,0.9998027086257935
124,2,12,0.34506526589393616,0.1838623285293579,0.33769859103781613,0.18282063439366852,0.9999188780784607
124,2,13,0.9034391045570374,0.31825628876686096,0.8794227415085959,0.3422067635538737,0.731220006942749
124,2,14,0.046704936772584915,0.26073551177978516,0.061540174554951116,0.2725821768442247,0.9902071356773376
124,2,15,0.9519467949867249,0.4263782799243927,0.9473134661934354,0.44769471880752587,0.8050280809402466
124,2,16,0.18297769129276276,0.37326398491859436,0.1578726647495713,0.3922040323562334,0.9640275835990906
124,2,17,0.9657450914382935,0.46396398544311523,0.9606628588510838,0.48728240642768494,0.7595409154891968
124,2,18,0.1948142647743225,0.41226446628570557,0.16329487258406028,0.43461592141814753,0.9344913363456726
124,2,19,0.933711051940918,0.46151596307754517,0.9348326474765047,0.48594561846692025,0.7682164907455444
124,2,20,0.26111552119255066,0.4089266061782837,0.23278640732864278,0.4313459146829512,0.9357329607009888
124,2,21,0.9063929319381714,0.44838061928749084,0.9058674148607416,0.4727848014738823,0.7624082565307617
124,2,22,0.27605897188186646,0.39660173654556274,0.25202644404597685,0.4186172398831713,0.9271302819252014
124,2,23,0.740339994430542,0.4783512353897095,0.735433035958748,0.4808047352271723,0.9980880618095398
124,2,24,0.4571036994457245,0.48098698258399963,0.44723179623235815,0.4868529553596538,0.9985619187355042
124,2,25,0.8766008615493774,0.7011641263961792,0.8691806905142515,0.6906365479091745,0.8587122559547424
124,2,26,0.5385963916778564,0.6951883435249329,0.5270702280483524,0.7077655388613041,0.8883256912231445
124,2,27,0.7858294248580933,0.9094735980033875,0.8019854713897016,0.8677069491107499,0.7230255007743835
124,2,28,0.524876594543457,0.8274052739143372,0.558745771319592,0.8782274278656015,0.7779071927070618
124,2,29,0.7007725834846497,0.9331415295600891,0.7149778794456095,0.8856241899084095,0.5587435960769653
124,2,30,0.5169925093650818,0.8345836997032166,0.5413052271998081,0.8946277692802506,0.43206721544265747
124,2,31,0.8687440156936646,0.9770830869674683,0.9072185059968602,0.9494759666865955,0.6838828921318054
124,2,32,0.5561684966087341,0.9046135544776917,0.6290223351976549,0.9520749249948196,0.7238335609436035
125,2,0,0.6877668499946594,0.1159476563334465,0.6949897315101885,0.11938429981417933,0.9998422265052795
125,2,1,0.7038268446922302,0.09749127924442291,0.7141377641958323,0.10109748864855407,0.9996630549430847
125,2,2,0.7167239189147949,0.09746585786342621,0.7280686286382886,0.10135017451724972,0.999632716178894
125,2,3,0.7288404703140259,0.09737059473991394,0.740990092520508,0.10148627667531838,0.9996362924575806
125,2,4,0.6538159251213074,0.09564442932605743,0.661648688463736,0.09824512545388207,0.9997152090072632
125,2,5,0.6333169341087341,0.09429667145013809,0.6406633378389639,0.09641594306376923,0.9996873736381531
125,2,6,0.6100432276725769,0.09301184117794037,0.6174513663579819,0.09465908361642085,0.9996939301490784
125,2,7,0.7128171920776367,0.10109951347112656,0.7250919869028243,0.10480973224214488,0.9992004632949829
125,2,8,0.5613325238227844,0.0964224711060524,0.5673868210095969,0.09577145344188706,0.9997654557228088
125,2,9,0.6980934143066406,0.13276034593582153,0.7044583606309308,0.13697978768178296,0.9997096061706543
125,2,10,0.6433749794960022,0.13136819005012512,0.6487286316304144,0.13320871920099267,0.9998399615287781
125,2,11,0.8019134998321533,0.20602037012577057,0.8012809024029247,0.2144554464672558,0.9998034834861755
125,2,12,0.3444634974002838,0.18537142872810364,0.3391024257161941,0.18334990631307668,0.9999139904975891
125,2,13,0.9187377095222473,0.3106538951396942,0.8875886036378307,0.3356545203242485,0.7260835766792297
125,2,14,0.04341169446706772,0.2598799765110016,0.05777702120448412,0.269945819906852,0.9905878305435181
125,2,15,0.9516000747680664,0.4223526418209076,0.9482029501276651,0.44243310504627825,0.8029668927192688
125,2,16,0.18372170627117157,0.3755730390548706,0.1632396147265863,0.38875187537348976,0.962742269039154
125,2,17,0.9631571173667908,0.460563987493515,0.9611803992123144,0.48173482067672296,0.7570893168449402
125,2,18,0.20079688727855682,0.4142487049102783,0.1710838024118443,0.43038778662352534,0.9315938949584961
125,2,19,0.9287028908729553,0.4567793309688568,0.9335606404664843,0.47988936891162115,0.7659277319908142
125,2,20,0.26641589403152466,0.41011103987693787,0.23977029260067695,0.42693755262664995,0.9325775504112244
125,2,21,0.90366131067276,0.44398367404937744,0.9054096681395356,0.4668044359430667,0.7590609788894653
125,2,22,0.2770991921424866,0.3982640504837036,0.25723210694753507,0.4143920186157877,0.9235372543334961
125,2,23,0.7380127906799316,0.485580176115036,0.7359683176888848,0.48179566667250195,0.9982302188873291
125,2,24,0.4546433389186859,0.48517218232154846,0.448769846919735,0.4865042151988511,0.9986267685890198
125,2,25,0.8343619108200073,0.7040688395500183,0.861949634638482,0.6934244919459159,0.8659549355506897
125,2,26,0.541956901550293,0.7005182504653931,0.5301601620723202,0.7062615825665752,0.8960514068603516
125,2,27,0.7326608896255493,0.9139231443405151,0.7875746256542142,0.8773080527080142,0.7423580288887024
125,2,28,0.5068044662475586,0.8380179405212402,0.5479536185681405,0.8698755578695516,0.7787208557128906
125,2,29,0.655688464641571,0.9421799182891846,0.7026564906716968,0.897376610461368,0.5823625922203064
125,2,30,0.4954788088798523,0.8438330292701721,0.5317852056306903,0.8840741650452278,0.43367907404899597
125,2,31,0.8464619517326355,0.9746673107147217,0.8945917173333274,0.9547062647176352,0.70470130443573
125,2,32,0.5430155396461487,0.9152753949165344,0.6111353893538187,0.9444320533496631,0.7277382612228394
126,2,0,0.6850814819335938,0.11936291307210922,0.6929334226417098,0.11937986252529544,0.9998413324356079
126,2,1,0.7012054920196533,0.10015833377838135,0.7114536405715931,0.10090262927711155,0.9996567368507385
126,2,2,0.7144063115119934,0.09990465641021729,0.7252329252861992,0.10105024880897862,0.999629020690918
126,2,3,0.7268342971801758,0.0996503159403801,0.7380519245006788,0.10110533522610841,0.9996336698532104
126,2,4,0.6510492563247681,0.09881383180618286,0.6594488930052234,0.09836312156734048,0.9997080564498901
126,2,5,0.6305958032608032,0.09767501056194305,0.6385739625720945,0.09667718140635623,0.9996784925460815
126,2,6,0.6076876521110535,0.0965261310338974,0.6154250617168342,0.09504647552820307,0.9996833801269531
126,2,7,0.7123647332191467,0.1028488501906395,0.72245043013881,0.10440286960790206,0.9991877675056458
126,2,8,0.5588368773460388,0.09930481016635895,0.5656124747614043,0.09650462005257486,0.9997598528862
126,2,9,0.6958387494087219,0.1362241804599762,0.7026695530225945,0.13682301225889534,0.9997084140777588
126,2,10,0.640312910079956,0.13507786393165588,0.6469821465940435,0.13359654630416326,0.9998361468315125
126,2,11,0.8082546591758728,0.2075292319059372,0.8027280849694308,0.2130181318689261,0.9998158812522888
126,2,12,0.34363073110580444,0.18671521544456482,0.340042069003273,0.18404820004594125,0.9999134540557861
126,2,13,0.9416484236717224,0.3122412860393524,0.8988215934430559,0.3307936381881678,0.7388938665390015
126,2,14,0.04379021003842354,0.26683562994003296,0.054873937633090814,0.26930046722513107,0.990994930267334
126,2,15,0.9553967118263245,0.424002468585968,0.9496957967430184,0.4386071992052546,0.8124287128448486
126,2,16,0.18445320427417755,0.3882932960987091,0.16764355764538866,0.38865672887355907,0.9626138210296631
126,2,17,0.9611116647720337,0.46313050389289856,0.9611661382770835,0.4778728429041433,0.7663241028785706
126,2,18,0.20187094807624817,0.42688921093940735,0.17747691129313717,0.42966183755782655,0.9305696487426758
126,2,19,0.9256136417388916,0.4586014747619629,0.9319114484284221,0.47546999313886495,0.7749248743057251
126,2,20,0.2684102952480316,0.42383095622062683,0.24571718425902486,0.4262929456257043,0.931498110294342
126,2,21,0.9030569195747375,0.44619473814964294,0.9049214920432668,0.4625259340701577,0.7667758464813232
126,2,22,0.27981141209602356,0.4130534827709198,0.2619197517982193,0.41411429105720043,0.9222472906112671
126,2,23,0.7329476475715637,0.4925883114337921,0.7353415419949393,0.48403557466052183,0.9983782768249512
126,2,24,0.45206382870674133,0.4910338819026947,0.4494533394551741,0.4874441407530801,0.9987171292304993
126,2,25,0.8119034767150879,0.7108425498008728,0.8515518267986885,0.6970401009767113,0.8749624490737915
126,2,26,0.5368653535842896,0.7099664807319641,0.5315516024245788,0.7070303475261352,0.9032910466194153
126,2,27,0.7200559973716736,0.909785270690918,0.7735398726761282,0.8840524217799454,0.7602108716964722
126,2,28,0.48201996088027954,0.8491886258125305,0.5342489023401731,0.8655810105666615,0.7768340110778809
126,2,29,0.6494836807250977,0.9333749413490295,0.6916080931215794,0.9048529172003303,0.6028544902801514
126,2,30,0.4601621925830841,0.8555036187171936,0.5168955900121646,0.8781417094800011,0.43003734946250916
126,2,31,0.8194835186004639,0.9727143049240112,0.8789760957087728,0.958444403703735,0.7226986885070801
126,2,32,0.5486397743225098,0.9241908192634583,0.5981464958384166,0.9402300839241736,0.7271525263786316
127,2,0,0.7033171653747559,0.12366776168346405,0.695088443426512,0.120269614176378,0.9997952580451965
127,2,1,0.7201840281486511,0.10457205772399902,0.71326544464582,0.10166403343531154,0.999531090259552
127,2,2,0.7341256737709045,0.10440457612276077,0.7270784321321391,0.10174626361710856,0.9994795322418213
127,2,3,0.7472293972969055,0.10424314439296722,0.7399565349837339,0.1017564191484138,0.9994667172431946
127,2,4,0.668163537979126,0.10285163670778275,0.6612574292762714,0.09929450678676717,0.9996330738067627
127,2,5,0.6469346880912781,0.10147358477115631,0.6403090335663013,0.0976724631548941,0.999603271484375
127,2,6,0.6235306262969971,0.10025818645954132,0.6171071682289458,0.0961279484324216,0.9996178150177002
127,2,7,0.733949601650238,0.1070961281657219,0.7248370180806468,0.10496170404731514,0.9987226724624634
127,2,8,0.5734561681747437,0.10262896865606308,0.5672402247273963,0.09777550482460166,0.9997245073318481
127,2,9,0.7142581343650818,0.14091689884662628,0.7050747035835976,0.13767250118005978,0.9996393918991089
127,2,10,0.6570334434509277,0.13918711245059967,0.6490681531007918,0.1347566469201464,0.9998125433921814
127,2,11,0.8283559083938599,0.21123138070106506,0.8080490681285166,0.21264740136283242,0.999776303768158
127,2,12,0.35212525725364685,0.18863382935523987,0.34254990666552476,0.18499973941944148,0.9999119639396667
127,2,13,0.956061840057373,0.3162152171134949,0.9107164855514427,0.32776771238874264,0.7258067727088928
127,2,14,0.04617339372634888,0.2870807349681854,0.05306832827309158,0.2729912991815461,0.9914876222610474
127,2,15,0.9787616729736328,0.42958763241767883,0.9557311787308006,0.4367353675715368,0.7863285541534424
127,2,16,0.18769806623458862,0.4104716181755066,0.1718067417345952,0.39318557279603605,0.9635551571846008
127,2,17,0.9886592626571655,0.46914470195770264,0.966874698369058,0.4760615054231259,0.7379224896430969
127,2,18,0.20422375202178955,0.4507942497730255,0.183030409845889,0.43404891419297226,0.9315229654312134
127,2,19,0.9503133296966553,0.4653640687465668,0.9357313814945092,0.4733726465181639,0.747018039226532
127,2,20,0.27297496795654297,0.44837868213653564,0.2513768508411394,0.43087805241751415,0.9323652386665344
127,2,21,0.9231519103050232,0.4526071548461914,0.9087058142251588,0.46046743750669944,0.7396962642669678
127,2,22,0.285656213760376,0.43610307574272156,0.2668477881438468,0.41867925798204575,0.9230026006698608
127,2,23,0.7420343160629272,0.5051836967468262,0.7367304050067041,0.4884259157285125,0.9984785914421082
127,2,24,0.4462003707885742,0.5052143335342407,0.4487783585210962,0.49113288133381855,0.9987660646438599
127,2,25,0.8157934546470642,0.7174822688102722,0.844125429640697,0.7012838036634245,0.8827216625213623
127,2,26,0.541358470916748,0.720904529094696,0.5335868672465022,0.709910043423067,0.9095608592033386
127,2,27,0.7349414825439453,0.9131806492805481,0.7655230073939562,0.8901007652211578,0.7763108015060425
127,2,28,0.4632017910480499,0.8567800521850586,0.5194792339917553,0.8637545567220085,0.7770786881446838
127,2,29,0.6632564067840576,0.9379071593284607,0.6857211266121991,0.9117172240720517,0.6232640147209167
127,2,30,0.44776833057403564,0.861548900604248,0.5025257902719453,0.8746974787921994,0.4324818551540375
127,2,31,0.8279985189437866,0.975095272064209,0.8683844637316428,0.9619006890226828,0.7395718693733215
127,2,32,0.5511236190795898,0.9296062588691711,0.588377573429522,0.9380252216977859,0.730776309967041
128,2,0,0.7202646732330322,0.12455206364393234,0.7003156004203797,0.12115823487227273,0.9998103976249695
128,2,1,0.7414131760597229,0.10558728128671646,0.7191100319415196,0.10247811067606298,0.9995668530464172
128,2,2,0.755435049533844,0.10568761080503464,0.732966426357608,0.10256409689400918,0.9995169043540955
128,2,3,0.7687093019485474,0.10582302510738373,0.7459268513177268,0.10260024665819688,0.9995046854019165
128,2,4,0.6877586245536804,0.10324287414550781,0.6667598803092624,0.10011379691759582,0.9996635913848877
128,2,5,0.6658754348754883,0.10170134156942368,0.6456172561571653,0.09850846127002681,0.9996364116668701
128,2,6,0.6419723629951477,0.10025334358215332,0.6222697029354142,0.09698397619390757,0.9996510148048401
128,2,7,0.7550629377365112,0.10945288091897964,0.731113479508766,0.10589364166211057,0.9988099932670593
128,2,8,0.5885796546936035,0.10311576724052429,0.5716703058307167,0.09888365716817508,0.9997490048408508
128,2,9,0.7329401969909668,0.14301788806915283,0.710860642165935,0.13878171703913855,0.9996656775474548
128,2,10,0.6697244048118591,0.14049658179283142,0.6533563250627236,0.13594774802212106,0.999828577041626
128,2,11,0.8175115585327148,0.21704056859016418,0.810012843683563,0.21355899909948067,0.9997504353523254
128,2,12,0.3565119802951813,0.18740488588809967,0.34544785282374735,0.18549878842343917,0.9999186992645264
128,2,13,0.9227728247642517,0.3268090486526489,0.913218750753006,0.32756880508777525,0.6813945770263672
128,2,14,0.048030778765678406,0.3047404885292053,0.05202299987905145,0.2795843446004446,0.9920302629470825
128,2,15,1.0065759420394897,0.4376998245716095,0.9662951806805045,0.4369354768184512,0.7427576184272766
128,2,16,0.1854586899280548,0.4384593963623047,0.17464029533066913,0.40259065527830257,0.9652635455131531
128,2,17,1.0183242559432983,0.4743434488773346,0.9775645360040317,0.47570502886745564,0.700314998626709
128,2,18,0.19904248416423798,0.4875549077987671,0.18635404244256293,0.4451666516770283,0.9342923164367676
128,2,19,0.9923081994056702,0.4727601706981659,0.9474881871216256,0.47324556885459496,0.7091599106788635
128,2,20,0.2737847864627838,0.48308441042900085,0.2560288962252782,0.4417253566257914,0.9349775910377502
128,2,21,0.9565485715866089,0.4610580801963806,0.9186452667624856,0.46058998504947335,0.7034344673156738
128,2,22,0.28927725553512573,0.46883028745651245,0.2715043047064695,0.4290989209333676,0.9258918166160583
128,2,23,0.7237390875816345,0.5173158049583435,0.7340340213056592,0.4944247261042502,0.9985928535461426
128,2,24,0.41955772042274475,0.516119122505188,0.44271081787166,0.4963205640714744,0.9988584518432617
128,2,25,0.8150602579116821,0.7353950142860413,0.8380902049925331,0.7083678102431991,0.8915807604789734
128,2,26,0.5418915152549744,0.7393255829811096,0.5353102977169744,0.7160180903114258,0.9173835515975952
128,2,27,0.7561807632446289,0.9247717261314392,0.7635841936424314,0.8973011327094356,0.7926830053329468
128,2,28,0.4698881208896637,0.8693546652793884,0.5091760448014893,0.8649166370293249,0.7871200442314148
128,2,29,0.6602083444595337,0.9588886499404907,0.6804240464987064,0.9215170320711199,0.6390829086303711
128,2,30,0.42962348461151123,0.8690903782844543,0.48736967032734657,0.8735339454390919,0.4414222836494446
128,2,31,0.8358324766159058,0.9812339544296265,0.8616245567647142,0.965914066857856,0.7556042671203613
128,2,32,0.5521737337112427,0.9515145421028137,0.5808585323523031,0.9408250049649143,0.7411717772483826
129,2,0,0.6986986398696899,0.12034126371145248,0.6999801012399449,0.12098872720918237,0.9998277425765991
129,2,1,0.7188581824302673,0.1028970405459404,0.7190577782748672,0.10256503056402926,0.9996065497398376
129,2,2,0.7329105734825134,0.10354229062795639,0.7329548380813034,0.10276705640924055,0.9995607733726501
129,2,3,0.7461390495300293,0.10418152064085007,0.7459708781302443,0.10292834112083224,0.9995492100715637
129,2,4,0.666738748550415,0.09925752133131027,0.6667554959257196,0.09993613406008967,0.9996945858001709
129,2,5,0.6450111865997314,0.09724665433168411,0.6454915077820921,0.09824665450966923,0.9996702075004578
129,2,6,0.6219162344932556,0.09520448744297028,0.622196365194022,0.09661475263669218,0.9996835589408875
129,2,7,0.7334896326065063,0.10821981728076935,0.7316065124095971,0.10637630377864728,0.9989179968833923
129,2,8,0.5689154863357544,0.0975954607129097,0.5710986971052754,0.0986163747708012,0.9997721910476685
129,2,9,0.7096439003944397,0.1400926262140274,0.710608186197363,0.13905371217398174,0.9996955990791321
129,2,10,0.6456683874130249,0.13552287220954895,0.6517609061862464,0.1358595944507918,0.9998445510864258
129,2,11,0.7595187425613403,0.2207001894712448,0.7995218040449323,0.2150409338334605,0.9997504353523254
129,2,12,0.31997644901275635,0.1835210621356964,0.3401593711633756,0.18508843060040103,0.9999246597290039
129,2,13,0.8571966886520386,0.3531803786754608,0.9015774141982202,0.33288641018864745,0.6797228455543518
129,2,14,0.05395970121026039,0.31626784801483154,0.05242484485840901,0.28720308931363464,0.9923885464668274
129,2,15,0.9670760035514832,0.4642076790332794,0.966457188115758,0.4425981298304523,0.7487035393714905
129,2,16,0.1704990118741989,0.46115928888320923,0.17378097075696278,0.41476203539540013,0.9669854044914246
129,2,17,0.9829608798027039,0.513925313949585,0.9786843280741537,0.4836432797820263,0.7052626013755798
129,2,18,0.18062707781791687,0.5107764005661011,0.18516563451613427,0.45880392075932497,0.9376223683357239
129,2,19,0.9599979519844055,0.5140801668167114,0.9500845910508234,0.4817274168108297,0.7137506604194641
129,2,20,0.2523806095123291,0.5060007572174072,0.2552718802556511,0.45508478422457077,0.9381998777389526
129,2,21,0.9260363578796387,0.495403915643692,0.9201790720052095,0.4678200656816533,0.7084112167358398
129,2,22,0.267618864774704,0.49115994572639465,0.2706980741536512,0.4419973105617787,0.9294599294662476
129,2,23,0.653422474861145,0.5115941762924194,0.7172716499861603,0.49798870573093573,0.9986581802368164
129,2,24,0.3659901022911072,0.5097679495811462,0.4267592145084317,0.4991116425139331,0.998931348323822
129,2,25,0.7277289628982544,0.7326292395591736,0.815122911288609,0.7134049064530176,0.8938401937484741
129,2,26,0.4893229305744171,0.7380503416061401,0.5257567989788241,0.7205920884722333,0.923842191696167
129,2,27,0.6646141409873962,0.9153197407722473,0.7429939477836304,0.9010414674962285,0.8023649454116821
129,2,28,0.4112111032009125,0.9096004366874695,0.4887954389588187,0.8741989938415551,0.8040754795074463
129,2,29,0.5943736433982849,0.9448202848434448,0.6625280344267874,0.9263550698126788,0.6556045413017273
129,2,30,0.38096752762794495,0.9269810914993286,0.46522864316526513,0.884639429425711,0.46723654866218567
129,2,31,0.8053793907165527,0.9650401473045349,0.8499367725217484,0.9657327431529783,0.7664648294448853
129,2,32,0.5193123817443848,0.9692075252532959,0.5680673109257603,0.9467183773907807,0.7589916586875916
130,2,0,0.6926385164260864,0.1176183819770813,0.6984565728145911,0.12028938839962176,0.9998447895050049
130,2,1,0.7142175436019897,0.10043848305940628,0.7180534003604255,0.10212379205386239,0.9996453523635864
130,2,2,0.7267250418663025,0.10120105743408203,0.7316620681429018,0.10244213145255354,0.9996041059494019
130,2,3,0.7388381361961365,0.10195940732955933,0.7444906974050745,0.1027273029447971,0.9995935559272766
130,2,4,0.6666997671127319,0.09668581932783127,0.6667439333887156,0.09926170353743542,0.9997246861457825
130,2,5,0.6454987525939941,0.09475714713335037,0.6454930109245448,0.09752258745053048,0.9997028112411499
130,2,6,0.623782753944397,0.09274175018072128,0.6225255210528081,0.09581110246574234,0.9997148513793945
130,2,7,0.7232994437217712,0.10685359686613083,0.729882580455069,0.10647533307159368,0.9990246891975403
130,2,8,0.567686140537262,0.09506404399871826,0.5703905989164498,0.09787927068619903,0.9997947216033936
130,2,9,0.6969498991966248,0.13802245259284973,0.7077733190229906,0.13883974203105515,0.9997255802154541
130,2,10,0.638601541519165,0.1328950971364975,0.6490296310865449,0.13524447504094456,0.9998599290847778
130,2,11,0.7396518588066101,0.22095105051994324,0.7870795473116999,0.21626735534807912,0.9997678995132446
130,2,12,0.31224820017814636,0.17883634567260742,0.334363943569979,0.1837910342478049,0.9999315738677979
130,2,13,0.7803945541381836,0.36458370089530945,0.8763505019938521,0.33946866895083977,0.6934559345245361
130,2,14,0.06919538229703903,0.31760379672050476,0.055905979355495954,0.2935158760536392,0.993045449256897
130,2,15,0.9385889172554016,0.4863278567790985,0.9606706771020983,0.45168205870349715,0.7663388848304749
130,2,16,0.16690514981746674,0.4672103524208069,0.17235411629699182,0.4256596951427946,0.9697461128234863
130,2,17,0.965038537979126,0.5303193926811218,0.9758520559942143,0.49334004688436717,0.7230954766273499
130,2,18,0.16939333081245422,0.5147688984870911,0.18189179992941457,0.470433398542178,0.9426261186599731
130,2,19,0.953457772731781,0.5313759446144104,0.950784518818383,0.4920425360014653,0.7312314510345459
130,2,20,0.23824603855609894,0.5117866396903992,0.2517377284551338,0.466867623344949,0.9431241154670715
130,2,21,0.917540431022644,0.5174437761306763,0.9196315713951783,0.47813002094586426,0.725724995136261
130,2,22,0.25847870111465454,0.4978252947330475,0.2681619646340491,0.45359827605223507,0.9350377917289734
130,2,23,0.6306658983230591,0.5030662417411804,0.6992598521005103,0.49904233258894654,0.9987273216247559
130,2,24,0.36140429973602295,0.4989452660083771,0.4131750036124788,0.49907712283753175,0.9990091919898987
130,2,25,0.6881495714187622,0.7191612124443054,0.7886863453260397,0.7145994056891818,0.8939818143844604
130,2,26,0.4791213572025299,0.7277795672416687,0.5160684912593755,0.7220836312358188,0.9301764965057373
130,2,27,0.6401139497756958,0.8941440582275391,0.7215879214365071,0.8996101326242444,0.8087243437767029
130,2,28,0.41295957565307617,0.9109066724777222,0.47302814979001273,0.8818227630251534,0.8202329874038696
130,2,29,0.5695088505744934,0.9192614555358887,0.6431789833428782,0.9248830113202695,0.671261727809906
130,2,30,0.39038828015327454,0.9321097731590271,0.4496687485809503,0.8945014081058223,0.4987519383430481
130,2,31,0.7939072251319885,0.9399553537368774,0.8382938583632112,0.9603806864998433,0.7758838534355164
130,2,32,0.5708767175674438,0.9611371755599976,0.5686502459578647,0.9497111568216247,0.7765952944755554
131,2,0,0.6836016178131104,0.11471675336360931,0.6953732271769755,0.11913300923194721,0.9998601078987122
131,2,1,0.7050617933273315,0.09778884053230286,0.7153569563974257,0.10122427571338237,0.9996802806854248
131,2,2,0.7168482542037964,0.09858610481023788,0.7285872653990453,0.10164200414448438,0.999643087387085
131,2,3,0.7283913493156433,0.09933776408433914,0.7411489464718449,0.10202398112922054,0.9996334910392761
131,2,4,0.6598577499389648,0.0936809852719307,0.6653149279096673,0.09810364675924935,0.9997518062591553
131,2,5,0.6394164562225342,0.09160686284303665,0.6442320459964063,0.09629500203330624,0.9997321367263794
131,2,6,0.6191220283508301,0.08959951996803284,0.6218193037428104,0.09452211237574835,0.9997429847717285
131,2,7,0.7121047973632812,0.10416930168867111,0.7261922648064862,0.10599685098282347,0.9991207718849182
131,2,8,0.567993700504303,0.09180533140897751,0.5698932615453197,0.0966188482838528,0.9998149275779724
131,2,9,0.6845120191574097,0.1346762776374817,0.7029440030193024,0.13797581391318017,0.9997525215148926
131,2,10,0.6329329013824463,0.12914691865444183,0.6456884237229847,0.1339791509491658,0.9998737573623657
131,2,11,0.7170801162719727,0.21563057601451874,0.7725280988743576,0.21613523509295693,0.9997819662094116
131,2,12,0.32756540179252625,0.17302793264389038,0.33295312830565094,0.18155725965084385,0.9999378323554993
131,2,13,0.7370027899742126,0.3606697618961334,0.8473276223655569,0.34387001329008454,0.7045084834098816
131,2,14,0.09168355166912079,0.31205040216445923,0.06333638486416197,0.297363359290272,0.9936022758483887
131,2,15,0.9115771055221558,0.4830281436443329,0.950471016554376,0.45819132534012136,0.7818739414215088
131,2,16,0.1661216914653778,0.45791375637054443,0.17106080077685987,0.43235768317221757,0.9722000956535339
131,2,17,0.9400666356086731,0.5247472524642944,0.9684200200665709,0.4998620174870666,0.7387710213661194
131,2,18,0.16449417173862457,0.5042809844017029,0.17828043624793738,0.477462613975584,0.9470579028129578
131,2,19,0.9379732608795166,0.5264235734939575,0.9481255204577127,0.49918263393519247,0.7465850710868835
131,2,20,0.23177415132522583,0.5012704133987427,0.24759343701424197,0.4740122487150417,0.9474923014640808
131,2,21,0.9058867692947388,0.5133944153785706,0.9167787405152684,0.48545374847192946,0.7409718036651611
131,2,22,0.25371253490448,0.4883599877357483,0.26516282560870263,0.4608175117121392,0.9400073289871216
131,2,23,0.6117451190948486,0.48681628704071045,0.6810585355296849,0.4965048365355842,0.9987550377845764
131,2,24,0.3561212122440338,0.48313260078430176,0.40131891168395456,0.49576752310954914,0.999079704284668
131,2,25,0.6689002513885498,0.6948332190513611,0.7637510717860406,0.7104961117903157,0.8945714235305786
131,2,26,0.46753108501434326,0.7056641578674316,0.5059845269133374,0.7186754014933406,0.9356803297996521
131,2,27,0.6339489817619324,0.8621261119842529,0.7033606909459236,0.8918249625764193,0.8133938908576965
131,2,28,0.4046599268913269,0.9048799276351929,0.4588164013400781,0.8866096729546212,0.8351885676383972
131,2,29,0.5634704232215881,0.8856227993965149,0.6266047488540863,0.9167285409064998,0.6833606362342834
131,2,30,0.3889344036579132,0.9252719879150391,0.43704650836885006,0.9008910645716873,0.5284900665283203
131,2,31,0.8086759448051453,0.9026737213134766,0.8321437483451967,0.9483886628851256,0.7834502458572388
131,2,32,0.5598541498184204,0.9545606374740601,0.5668247997283711,0.950717453763118,0.7927517890930176
132,2,0,0.6974929571151733,0.1131836399435997,0.69581305108752,0.11789844097641393,0.9998736381530762
132,2,1,0.7187729477882385,0.09637618809938431,0.7160657676878303,0.10021826772857882,0.9997110962867737
132,2,2,0.7323877215385437,0.09681094437837601,0.7293758607107922,0.10063953001508859,0.999677300453186
132,2,3,0.7455191612243652,0.09722256660461426,0.7420557810596409,0.10102765938342612,0.9996682405471802
132,2,4,0.6697649359703064,0.09283939749002457,0.6662383219523494,0.0970112701152173,0.9997758269309998
132,2,5,0.648766040802002,0.09081698954105377,0.6451728697993143,0.09515826098518677,0.9997580647468567
132,2,6,0.6281377673149109,0.08871251344680786,0.6231304772582874,0.09331655286578669,0.9997678399085999
132,2,7,0.7349238991737366,0.1018616333603859,0.7280043271886287,0.1051387848033959,0.9992049932479858
132,2,8,0.5813634395599365,0.09055936336517334,0.5722738296956446,0.09536142584516533,0.999832808971405
132,2,9,0.7009939551353455,0.13274508714675903,0.7025393885258341,0.13689039448305457,0.9997762441635132
132,2,10,0.6474133729934692,0.1278681457042694,0.6460463304614753,0.13271103556167868,0.9998860359191895
132,2,11,0.7103672027587891,0.20826487243175507,0.7596089034680026,0.21450195015442064,0.999797523021698
132,2,12,0.3465350270271301,0.1665416657924652,0.33577213544886214,0.17844055664928027,0.9999438524246216
132,2,13,0.7366100549697876,0.3487592339515686,0.8242858096354694,0.34488455794024825,0.7061045169830322
132,2,14,0.11677298694849014,0.29982227087020874,0.07443968421627375,0.2978735650679894,0.9940341114997864
132,2,15,0.8943697214126587,0.46561765670776367,0.9388131775922799,0.45973244507419675,0.7966079711914062
132,2,16,0.18887299299240112,0.4407530725002289,0.17475826430781505,0.4340999504663652,0.974358320236206
132,2,17,0.9261227250099182,0.5059065818786621,0.9596339960728952,0.5011163438052354,0.7550477385520935
132,2,18,0.1735984832048416,0.4824798107147217,0.17730890711293598,0.47850371924750656,0.9510151743888855
132,2,19,0.9266977310180664,0.5067472457885742,0.9436770878819838,0.5007524560310266,0.762348473072052
132,2,20,0.23648162186145782,0.48020943999290466,0.2452872692655499,0.4752982534363166,0.9513779878616333
132,2,21,0.899544894695282,0.4953155219554901,0.9132013890568902,0.48750041150591716,0.7563481330871582
132,2,22,0.2619866132736206,0.4682486951351166,0.264503772701728,0.46235963970649463,0.9442577958106995
132,2,23,0.5995990633964539,0.4654545485973358,0.6641194020556973,0.4900570498580482,0.9987732768058777
132,2,24,0.36362436413764954,0.462907999753952,0.393489954964415,0.4889436964805156,0.9991575479507446
132,2,25,0.660965085029602,0.6686747074127197,0.7423645909891576,0.7018090550628108,0.8733079433441162
132,2,26,0.45976322889328003,0.6835218667984009,0.49638235976196043,0.7113747235504732,0.9398577213287354
132,2,27,0.6187249422073364,0.8171856999397278,0.6857595113003169,0.8763070202840277,0.8014270067214966
132,2,28,0.4616237282752991,0.8922339677810669,0.45939890422323854,0.8877767739433525,0.8482091426849365
132,2,29,0.5547815561294556,0.8439147472381592,0.611673396514933,0.9015908874945059,0.6852911114692688
132,2,30,0.4381858706474304,0.9259430170059204,0.43728290801267294,0.9060924007606617,0.559445321559906
132,2,31,0.8350041508674622,0.8549944758415222,0.8327372662379119,0.9289614222620888,0.7812637090682983
132,2,32,0.6911779046058655,0.9690424203872681,0.5927138934675523,0.9545214118157508,0.8068809509277344
133,2,0,0.7197791934013367,0.12270097434520721,0.7007887990909047,0.11889499490309706,0.9998857378959656
133,2,1,0.7395094633102417,0.10559295117855072,0.7209329774370913,0.10133356379122194,0.9997383952140808
133,2,2,0.750889241695404,0.10592634975910187,0.7338420745811342,0.1017365908922029,0.9997075796127319
133,2,3,0.7616169452667236,0.10613419115543365,0.7461164926338556,0.10208730366961387,0.9996989369392395
133,2,4,0.6940902471542358,0.10184262692928314,0.6720214398380133,0.0980138058764267,0.9997971653938293
133,2,5,0.6722229719161987,0.0993623360991478,0.6507893744856644,0.09603061688520943,0.9997812509536743
133,2,6,0.6502459049224854,0.09681851416826248,0.628760555876229,0.09404320433505031,0.9997900724411011
133,2,7,0.7430180311203003,0.10694795101881027,0.731120638053922,0.10551416640185764,0.9992802739143372
133,2,8,0.5969784259796143,0.09564248472452164,0.5774029970819936,0.09541973993287432,0.9998487234115601
133,2,9,0.7168242931365967,0.1409091204404831,0.7055043667910557,0.13772428571197592,0.9997973442077637
133,2,10,0.6674927473068237,0.13644278049468994,0.650498634060476,0.1334853716888896,0.9998970627784729
133,2,11,0.7160993814468384,0.2094864696264267,0.7505707568251033,0.2134612023001915,0.9998105764389038
133,2,12,0.35797566175460815,0.17219366133213043,0.34038171184694155,0.1771442373274433,0.9999491572380066
133,2,13,0.7439411878585815,0.34309303760528564,0.8075789664249244,0.34451283789061476,0.7074660658836365
133,2,14,0.12092337757349014,0.30219414830207825,0.08409642981227258,0.29877009983638386,0.9944323897361755
133,2,15,0.8960486650466919,0.4494720697402954,0.9299299821887633,0.457603036548825,0.8078894019126892
133,2,16,0.19956955313682556,0.43852776288986206,0.1799095987496681,0.43501873882857944,0.9764206409454346
133,2,17,0.9284130930900574,0.48787668347358704,0.9531507471713777,0.4983683972735065,0.7674694061279297
133,2,18,0.18258923292160034,0.47804856300354004,0.17840462064486023,0.4784092830790017,0.9548009634017944
133,2,19,0.9279420971870422,0.4882165789604187,0.9404109994064265,0.49815063335436066,0.7745534777641296
133,2,20,0.24503019452095032,0.4772404730319977,0.2452339314588996,0.47570124397497854,0.9551329612731934
133,2,21,0.901264488697052,0.47726020216941833,0.9107239241973025,0.4853751895905478,0.7681535482406616
133,2,22,0.26755520701408386,0.4660966098308563,0.26513693283895395,0.46313506088295925,0.9484443664550781
133,2,23,0.6097464561462402,0.46754181385040283,0.652821218212581,0.4853827203099143,0.9987684488296509
133,2,24,0.3874949812889099,0.4699467420578003,0.392245919859991,0.48500017096761405,0.999220609664917
133,2,25,0.7154244780540466,0.6633531451225281,0.7367709105513147,0.6938218108749075,0.8695257306098938
133,2,26,0.5150222778320312,0.684619128704071,0.5002517269461526,0.705819413842604,0.9430074691772461
133,2,27,0.6503804922103882,0.797452449798584,0.6784119293267042,0.859910772573464,0.7927860021591187
133,2,28,0.5337896347045898,0.9046593904495239,0.4748650329609052,0.8912811855076948,0.8593642115592957
133,2,29,0.5591994524002075,0.81301349401474,0.6007703790164765,0.8831680437570003,0.6812655329704285
133,2,30,0.5078088641166687,0.9281885027885437,0.4519439716034941,0.9106796633382638,0.5854266881942749
133,2,31,0.8405633568763733,0.8607515096664429,0.8343613603599996,0.9147826637170526,0.7789560556411743
133,2,32,0.7307890057563782,0.9793554544448853,0.621470691274711,0.9596774722900576,0.8193508982658386
134,2,0,0.724605917930603,0.1270754188299179,0.705733587469067,0.12059263936574204,0.9998966455459595
134,2,1,0.744879424571991,0.10931552201509476,0.7259046340764785,0.10299001253862544,0.9997631907463074
134,2,2,0.7568743824958801,0.10972587764263153,0.7386238208993103,0.10339456082172138,0.9997349381446838
134,2,3,0.767911970615387,0.1100207045674324,0.750641305682058,0.10373367339475005,0.9997265338897705
134,2,4,0.6974585652351379,0.10566771775484085,0.6773028020910973,0.09960216270601935,0.9998166561126709
134,2,5,0.6749757528305054,0.10333208739757538,0.6558108780534319,0.09754581954848106,0.99980229139328
134,2,6,0.6529014706611633,0.10101519525051117,0.6337726141624188,0.0954900201577035,0.9998102784156799
134,2,7,0.7509840130805969,0.11115407198667526,0.7352441201567574,0.10668450706807656,0.9993473291397095
134,2,8,0.6018171906471252,0.10002213716506958,0.582471830767445,0.09637475916007089,0.9998632073402405
134,2,9,0.7243443727493286,0.14463433623313904,0.7094152948152986,0.13915824532057247,0.9998162388801575
134,2,10,0.6739237308502197,0.14060328900814056,0.6553619799933927,0.13496247586798293,0.9999070167541504
134,2,11,0.7378889322280884,0.213448628783226,0.7479386265716813,0.21345859356658028,0.999822735786438
134,2,12,0.35811424255371094,0.18183784186840057,0.34406263053332375,0.17811818491723594,0.9999540448188782
134,2,13,0.7562068104743958,0.34286966919898987,0.7969051758327295,0.3441719005039703,0.7031750679016113
134,2,14,0.1238563284277916,0.3116084933280945,0.09235481265847945,0.3014347338844288,0.9948426485061646
134,2,15,0.89771568775177,0.44186630845069885,0.9232402611965775,0.4543365875399936,0.8186764717102051
134,2,16,0.212571382522583,0.4449741542339325,0.18669232694690227,0.4370848414236299,0.9783183336257935
134,2,17,0.9300891757011414,0.4800087809562683,0.9483629207214874,0.49455724353737335,0.7797180414199829
134,2,18,0.1962745040655136,0.488421231508255,0.18211406585939466,0.48048712177851455,0.9582386612892151
134,2,19,0.9260923266410828,0.48021385073661804,0.937439009921407,0.49442729657137796,0.786452054977417
134,2,20,0.26579752564430237,0.4886268973350525,0.2495028567405236,0.4783839968490027,0.9585261940956116
134,2,21,0.9005537033081055,0.4687013030052185,0.9086132307876709,0.4819141267638453,0.7795361280441284
134,2,22,0.2859596908092499,0.47568362951278687,0.2694596902719481,0.465739521652576,0.9521574378013611
134,2,23,0.6347745060920715,0.4741876423358917,0.6490750383218209,0.48305926533076504,0.9988144040107727
134,2,24,0.39976510405540466,0.4774343967437744,0.3938063100901959,0.4834301082553014,0.9992905855178833
134,2,25,0.7312982678413391,0.6605871915817261,0.7356352788396491,0.6869200148736798,0.8669313192367554
134,2,26,0.5245845317840576,0.6843991875648499,0.5053036469297163,0.7013725501831469,0.94686359167099
134,2,27,0.6969022154808044,0.7774721384048462,0.6822502101565598,0.8427675840037714,0.7825148105621338
134,2,28,0.5483320355415344,0.9063044190406799,0.4901387478255769,0.8943994753538107,0.8702607154846191
134,2,29,0.6319952607154846,0.7870504856109619,0.6072544345402111,0.8631727818184534,0.67372065782547
134,2,30,0.514825701713562,0.9302136898040771,0.4650132048567489,0.9147347393137705,0.6071693897247314
134,2,31,0.8743765354156494,0.8560011982917786,0.8426728126583883,0.9025669604829445,0.773626446723938
134,2,32,0.6907952427864075,0.9634226560592651,0.6358816255852078,0.9604545973253678,0.8312010169029236
135,2,0,0.7367094159126282,0.13298898935317993,0.7121659012981769,0.12316549443764216,0.9999062418937683
135,2,1,0.7578502297401428,0.11344699561595917,0.7325385033280636,0.10516023695027388,0.9997849464416504
135,2,2,0.7706184387207031,0.11363185197114944,0.7452678789963095,0.10551917785785199,0.9997588992118835
135,2,3,0.7823912501335144,0.11375083029270172,0.7572345098333186,0.10581259178461172,0.9997504353523254
135,2,4,0.7081897854804993,0.11017480492591858,0.6837166513648772,0.10179639782037077,0.9998337626457214
135,2,5,0.6852163076400757,0.10791057348251343,0.6619168249786792,0.09969689739338969,0.9998208284378052
135,2,6,0.6626596450805664,0.10568858683109283,0.6397708314184921,0.09760659815349276,0.999828040599823
135,2,7,0.7660223841667175,0.11444129794836044,0.741635373275622,0.10829421816337809,0.9994071125984192
135,2,8,0.6116273999214172,0.10445312410593033,0.5885258531567813,0.09805121908975722,0.9998759627342224
135,2,9,0.7387734651565552,0.14987391233444214,0.7155114196470402,0.14138217243194526,0.9998335838317871
135,2,10,0.68570876121521,0.14619000256061554,0.661663558844042,0.13729266715179528,0.9999160766601562
135,2,11,0.7647783160209656,0.21725346148014069,0.7514341181759675,0.21424602907214255,0.9998369812965393
135,2,12,0.3676399886608124,0.19438017904758453,0.3489576082564877,0.18149371222805835,0.9999583959579468
135,2,13,0.8049451112747192,0.34659895300865173,0.7985736508577191,0.3446754951798147,0.7131927609443665
135,2,14,0.12320922315120697,0.3301759660243988,0.09876189573593397,0.3074026524506853,0.9952212572097778
135,2,15,0.9223364591598511,0.44921571016311646,0.9230527369991587,0.4532739661580822,0.8312413692474365
135,2,16,0.21942277252674103,0.4700095057487488,0.19348932746152683,0.44392221206991656,0.9798579216003418
135,2,17,0.954704999923706,0.4834715723991394,0.9496789949647383,0.49225650274679794,0.7936937808990479
135,2,18,0.20303945243358612,0.5146663784980774,0.18645814127203147,0.48758527636048565,0.9609628319740295
135,2,19,0.9497673511505127,0.47933584451675415,0.9399977450850344,0.49129484227296344,0.7999179363250732
135,2,20,0.27521848678588867,0.5137707591056824,0.2548420845661385,0.48573316417446116,0.9612115025520325
135,2,21,0.9230418801307678,0.46825167536735535,0.9116080565058883,0.4790783945839632,0.7927430272102356
135,2,22,0.29561516642570496,0.49769261479377747,0.2748903072110146,0.4723749515536906,0.9551405906677246
135,2,23,0.6522822976112366,0.4876716732978821,0.6497405325621826,0.4840163619937126,0.998840868473053
135,2,24,0.41061103343963623,0.49336034059524536,0.3972945417480008,0.48549098147827374,0.9993501901626587
135,2,25,0.7827395796775818,0.6742769479751587,0.7454210799168695,0.6842959347913272,0.8643956184387207
135,2,26,0.5507072806358337,0.6999534964561462,0.514735725873916,0.7010781156349638,0.9503921866416931
135,2,27,0.7355353236198425,0.7686998844146729,0.6933219570389607,0.8273686769498693,0.7679589986801147
135,2,28,0.5640439987182617,0.9118220210075378,0.5055037762318374,0.8980160167407139,0.8794046640396118
135,2,29,0.6609047055244446,0.7824522852897644,0.6184021720954787,0.8463876546454668,0.6654019355773926
135,2,30,0.5250486731529236,0.9376373291015625,0.4774899086467598,0.9194895386078538,0.627253532409668
135,2,31,0.9203926920890808,0.84043949842453,0.8588326029201234,0.8896547152048678,0.7607505917549133
135,2,32,0.7069077491760254,0.9685598611831665,0.6506469672410653,0.9621366407963325,0.840054988861084
136,2,0,0.7332136631011963,0.1421274095773697,0.7165353966310567,0.1271017421384805,0.999912440776825
136,2,1,0.7544650435447693,0.11975273489952087,0.7370905426977907,0.1081890849265648,0.9997993111610413
136,2,2,0.7681605815887451,0.1198718324303627,0.7500206242696421,0.10849822373704184,0.9997742176055908
136,2,3,0.780990719795227,0.1200205609202385,0.7621666449816854,0.10876159488310362,0.999764621257782
136,2,4,0.7028810977935791,0.11702997237443924,0.6876949655866513,0.10495836489150143,0.999845027923584
136,2,5,0.6801259517669678,0.1151227355003357,0.6656967262767551,0.10289878876543634,0.9998325109481812
136,2,6,0.6576061248779297,0.11322256922721863,0.643473093135607,0.10084797181831669,0.9998385906219482
136,2,7,0.7627891302108765,0.12058589607477188,0.7460268856898441,0.1108453412519398,0.9994487762451172
136,2,8,0.6067461967468262,0.11118270456790924,0.5923080840070997,0.10077670642282528,0.9998827576637268
136,2,9,0.7397396564483643,0.16008205711841583,0.7205416195751205,0.14526399790492558,0.9998462796211243
136,2,10,0.6823511719703674,0.1561637669801712,0.6659582448069165,0.14121005292712502,0.9999231100082397
136,2,11,0.7664473652839661,0.2216220200061798,0.7545503306406718,0.2157766993833201,0.9998489618301392
136,2,12,0.359216570854187,0.20655696094036102,0.35108672454712486,0.18669739377579556,0.9999613761901855
136,2,13,0.8164463043212891,0.3434849977493286,0.8022836561254599,0.34442848461751446,0.7220490574836731
136,2,14,0.12087808549404144,0.35232919454574585,0.10335333327949413,0.31673550527172045,0.9953241348266602
136,2,15,0.9220584034919739,0.4401859641075134,0.9228464285150824,0.45055750755583734,0.8414667844772339
136,2,16,0.2163224220275879,0.503292977809906,0.19822969041902647,0.45626056282587824,0.9800752997398376
136,2,17,0.9441993236541748,0.4740019142627716,0.9485419093341687,0.48846716141538343,0.8051722049713135
136,2,18,0.2030932754278183,0.5527594685554504,0.18991115852178014,0.5011318543242578,0.9611918926239014
136,2,19,0.9295820593833923,0.46833086013793945,0.9378360940544943,0.4865272915321907,0.8110512495040894
136,2,20,0.27806463837623596,0.5521868467330933,0.25966335398961193,0.4995461737281018,0.9614177942276001
136,2,21,0.909638524055481,0.4572921097278595,0.9111993989343927,0.47455549253169865,0.8031392097473145
136,2,22,0.2986273765563965,0.5347569584846497,0.2798184658363599,0.4853401706738087,0.9554175734519958
136,2,23,0.6523563861846924,0.5013660788536072,0.6502833037584415,0.48761777754011654,0.9987994432449341
136,2,24,0.41043299436569214,0.5099287033081055,0.4000214737892033,0.49056470182896944,0.9993776679039001
136,2,25,0.795015275478363,0.6898279786109924,0.7557248689211428,0.6854438891253584,0.8668616414070129
136,2,26,0.5583503246307373,0.7194892168045044,0.5237957103857235,0.7048999625992532,0.9531039595603943
136,2,27,0.7357304692268372,0.7713751792907715,0.7021310965508059,0.8157332437499143,0.7667136788368225
136,2,28,0.5534361004829407,0.9235015511512756,0.5154618681684037,0.9033074366326889,0.8882144689559937
136,2,29,0.6733059287071228,0.7845849394798279,0.629810769899965,0.833543004535943,0.6698347330093384
136,2,30,0.5197944045066833,0.9430065751075745,0.4862774323182388,0.9243719858335591,0.6482217907905579
136,2,31,0.912067174911499,0.848879873752594,0.8698938694058975,0.8811852715691519,0.7597551941871643
136,2,32,0.6488831043243408,0.9808225631713867,0.6502809874738344,0.9660155665399781,0.8493425846099854
137,2,0,0.7630398869514465,0.14869271218776703,0.726196466598221,0.13158407302535208,0.9999129176139832
137,2,1,0.7782523036003113,0.12487757951021194,0.7456404284495525,0.11165318268298449,0.9997997879981995
137,2,2,0.792039692401886,0.1245950311422348,0.7587487912620183,0.11183944803172775,0.9997718930244446
137,2,3,0.805046558380127,0.12426746636629105,0.7710738374165585,0.11198010573212808,0.9997591376304626
137,2,4,0.7219904661178589,0.12268438935279846,0.69481728206688,0.10863793227664027,0.9998476505279541
137,2,5,0.6984814405441284,0.12075699120759964,0.6725050063602968,0.10660580717292309,0.9998349547386169
137,2,6,0.6734237670898438,0.11879391968250275,0.6496923522615893,0.10457321350359833,0.9998403787612915
137,2,7,0.7747644186019897,0.12403639405965805,0.7519940360535136,0.11358319657091424,0.9994481801986694
137,2,8,0.6131796836853027,0.11758121848106384,0.5966409871383354,0.10426489749894635,0.9998818039894104
137,2,9,0.7708781957626343,0.1665978878736496,0.7309998899969049,0.14969292696892578,0.9998529553413391
137,2,10,0.7087739109992981,0.16384407877922058,0.6748520754990445,0.14590905964172446,0.9999279975891113
137,2,11,0.8001288175582886,0.22897572815418243,0.764018775903604,0.21851621067371968,0.9998579621315002
137,2,12,0.3480944335460663,0.21895954012870789,0.3504658376943836,0.19339705602912186,0.9999637603759766
137,2,13,0.8700224757194519,0.34504079818725586,0.8163642401739237,0.3445555285883112,0.7314767241477966
137,2,14,0.12356361001729965,0.37979671359062195,0.10754887214389562,0.32984213100039833,0.9954615235328674
137,2,15,0.9539989233016968,0.4464503228664398,0.9293154548888497,0.449705258980425,0.8471662402153015
137,2,16,0.20555688440799713,0.5420430302619934,0.19975023301726752,0.4741007369651181,0.9805939197540283
137,2,17,0.9597434997558594,0.4816330075263977,0.950866715535071,0.4870489547424687,0.8102803230285645
137,2,18,0.1974046379327774,0.5917234420776367,0.1914662155910179,0.519974678230914,0.9620340466499329
137,2,19,0.933038055896759,0.4765588641166687,0.9368404730453836,0.48445848909762806,0.8154925107955933
137,2,20,0.2852194607257843,0.5897048115730286,0.2649694376335942,0.518298722465181,0.9622294902801514
137,2,21,0.9169736504554749,0.4656696319580078,0.9123976223227364,0.47271141628507907,0.806924045085907
137,2,22,0.30524513125419617,0.5751798748970032,0.2850976553024318,0.5040262164200381,0.9561163783073425
137,2,23,0.6610645055770874,0.5178614258766174,0.6525208325831601,0.4938979213582748,0.9987601637840271
137,2,24,0.38838642835617065,0.5224704742431641,0.39760667656817644,0.4971902926444353,0.9994136691093445
137,2,25,0.8358210325241089,0.7137457728385925,0.7723798122897475,0.6913205057960747,0.8633997440338135
137,2,26,0.5800477266311646,0.7409977912902832,0.5354849186780692,0.712396946834925,0.9549177885055542
137,2,27,0.746671736240387,0.8014085292816162,0.7113836734096807,0.8127599916551973,0.7514580488204956
137,2,28,0.5603626370429993,0.9463514089584351,0.5247893670413112,0.9122487476818817,0.8936102986335754
137,2,29,0.6681615710258484,0.8145557641983032,0.6377761547790786,0.8296014844544273,0.6609010696411133
137,2,30,0.5281083583831787,0.9681345820426941,0.4949664743165613,0.9334627543206407,0.6554562449455261
137,2,31,0.9316871166229248,0.8782281279563904,0.8827365199978341,0.880571676830944,0.7424702644348145
137,2,32,0.703231692314148,1.0245879888534546,0.6612832112438097,0.9781877330200335,0.8525452613830566
138,2,0,0.7444912195205688,0.1555146425962448,0.7299941523455832,0.13655243078070525,0.9999055862426758
138,2,1,0.749779462814331,0.13009493052959442,0.7464992871744401,0.11548139564998831,0.9997814297676086
138,2,2,0.7607999444007874,0.12929998338222504,0.7591743855027405,0.1154638787352654,0.9997510313987732
138,2,3,0.7708471417427063,0.1284688115119934,0.7710268027016893,0.11540271373420745,0.9997351765632629
138,2,4,0.6974066495895386,0.12844844162464142,0.6953545584776284,0.11275043372073522,0.999837338924408
138,2,5,0.6734007596969604,0.12646037340164185,0.6726908604738437,0.11072745948169437,0.9998263120651245
138,2,6,0.6476296782493591,0.12438585609197617,0.6492643678274989,0.10868615803372556,0.9998309016227722
138,2,7,0.7328500747680664,0.12669101357460022,0.7480199795227395,0.11630376977244337,0.9994233250617981
138,2,8,0.5798313617706299,0.12221308052539825,0.5931517354453152,0.10799060346219196,0.9998703002929688
138,2,9,0.7434943914413452,0.17085079848766327,0.7335931249781238,0.1540852934024846,0.9998500347137451
138,2,10,0.6883566379547119,0.170159250497818,0.677655026652641,0.15094382016180063,0.9999278783798218
138,2,11,0.7887416481971741,0.2277888059616089,0.7691517380843452,0.22044056637571127,0.9998592734336853
138,2,12,0.3335566520690918,0.2313443273305893,0.34695590943998444,0.20127854680749005,0.9999610781669617
138,2,13,0.8712863922119141,0.34306424856185913,0.8277766616545869,0.34424610751957857,0.7401232719421387
138,2,14,0.12209363281726837,0.40107136964797974,0.11056780955426249,0.34464973710758734,0.9956135153770447
138,2,15,0.9406471252441406,0.4551595449447632,0.9316672666040923,0.4508370758441689,0.8516846299171448
138,2,16,0.19472888112068176,0.5749161839485168,0.19870826704043762,0.4950760135751938,0.9805120229721069
138,2,17,0.9487684965133667,0.49097102880477905,0.9504313551903032,0.48786278842071273,0.8130356669425964
138,2,18,0.18603041768074036,0.6264424920082092,0.19033823605876593,0.5421294149226922,0.9614101052284241
138,2,19,0.9161912798881531,0.4893367290496826,0.9325537688598043,0.4854707547154374,0.8179671168327332
138,2,20,0.27965644001960754,0.6252759695053101,0.26801791017609916,0.5405597787234439,0.9616029858589172
138,2,21,0.8997615575790405,0.47760093212127686,0.9097749973649101,0.4737260220499001,0.8086041212081909
138,2,22,0.3008442521095276,0.6102755665779114,0.2883661555943275,0.5261353585115416,0.9555230140686035
138,2,23,0.6374205946922302,0.5199611186981201,0.6493865495120936,0.4993093641564675,0.9984520077705383
138,2,24,0.3689313530921936,0.5327375531196594,0.39165245300084295,0.5045728219202497,0.9993104338645935
138,2,25,0.8323630690574646,0.7212491631507874,0.7848456502344898,0.6975351866368876,0.8613728880882263
138,2,26,0.571089506149292,0.7473607659339905,0.5428793693910635,0.719658188569781,0.9525300860404968
138,2,27,0.6804229021072388,0.8328408598899841,0.7049544875096596,0.8169286392877322,0.7399119138717651
138,2,28,0.4974578320980072,0.932844877243042,0.5191143906452494,0.9165244319336571,0.8916516900062561
138,2,29,0.5897231101989746,0.8491089344024658,0.6277929560938017,0.8336510285127403,0.6450044512748718
138,2,30,0.4481261074542999,0.9558445811271667,0.4852355469978568,0.9381093725608514,0.6402676105499268
138,2,31,0.8500678539276123,0.9091766476631165,0.8759523728921331,0.886511268075413,0.7276705503463745
138,2,32,0.700956404209137,1.036958932876587,0.6695235830808866,0.9904012815080535,0.8465844392776489
139,2,0,0.7434195280075073,0.16276080906391144,0.7327806617324233,0.14199403936194063,0.9998948574066162
139,2,1,0.753869354724884,0.1365903913974762,0.748028728687662,0.11986360954538373,0.9997513294219971
139,2,2,0.766197144985199,0.13530273735523224,0.7606317394308134,0.11958226856433704,0.9997125267982483
139,2,3,0.7773059606552124,0.13396690785884857,0.7723298186504453,0.1192563576947012,0.9996957182884216
139,2,4,0.6977596282958984,0.135108083486557,0.6958535917607115,0.11739202740613615,0.9998230934143066
139,2,5,0.6715163588523865,0.13280035555362701,0.6724471689811606,0.11530990043447278,0.9998159408569336
139,2,6,0.6438796520233154,0.13034476339817047,0.6481469899979067,0.11318253879951777,0.9998205900192261
139,2,7,0.744157612323761,0.13088564574718475,0.747218536593294,0.11933041228284524,0.9993547797203064
139,2,8,0.5716438889503479,0.1267136186361313,0.5886866727498729,0.11187723330506015,0.9998580813407898
139,2,9,0.741235613822937,0.17793112993240356,0.7351791116058392,0.15903604786745043,0.9998399615287781
139,2,10,0.683253288269043,0.17842823266983032,0.6788167249419725,0.15665057088860304,0.9999243021011353
139,2,11,0.8167800903320312,0.22441303730010986,0.7790465866026117,0.22126485860671652,0.999845027923584
139,2,12,0.3207906484603882,0.24027760326862335,0.3415232610647339,0.20937872538827035,0.9999542832374573
139,2,13,0.9210497736930847,0.34712159633636475,0.8471786284033993,0.34484275663330916,0.7485832571983337
139,2,14,0.12890280783176422,0.42343807220458984,0.11437385352508717,0.36103219760980376,0.9958499073982239
139,2,15,0.9754548072814941,0.47172075510025024,0.9407632180772525,0.455172486870344,0.8510507941246033
139,2,16,0.20110386610031128,0.610598623752594,0.19920533504386573,0.519120957811569,0.9810488820075989
139,2,17,0.9857845306396484,0.5113693475723267,0.9577735348777274,0.49274305735427654,0.8079123497009277
139,2,18,0.19350701570510864,0.6671210527420044,0.19099574692885554,0.5681520305105369,0.9618330001831055
139,2,19,0.9471665024757385,0.5094593167304993,0.9355868184449466,0.49045115991252125,0.812667965888977
139,2,20,0.29021063446998596,0.6636433601379395,0.27262524420500645,0.5661838039883025,0.9620387554168701
139,2,21,0.9247986078262329,0.497555673122406,0.9128933649810227,0.47867341317656076,0.8032473921775818
139,2,22,0.3148959279060364,0.6421272158622742,0.2938745443313538,0.5502782914823141,0.9558795690536499
139,2,23,0.6516320705413818,0.5150643587112427,0.6498524749781575,0.5025796078007047,0.9983760118484497
139,2,24,0.35006266832351685,0.5258726477622986,0.3830135576758342,0.5089946763070649,0.9991546869277954
139,2,25,0.8679747581481934,0.7300700545310974,0.8021327316390248,0.7042915335638255,0.8676224946975708
139,2,26,0.5010707974433899,0.7478460669517517,0.5341949866404805,0.7255111182458515,0.953969419002533
139,2,27,0.59437096118927,0.8690817952156067,0.6819407532910032,0.8277648567404293,0.7447435855865479
139,2,28,0.44402146339416504,0.9241291880607605,0.503501942800039,0.9181025864351781,0.8964490294456482
139,2,29,0.49813511967658997,0.8855927586555481,0.6007954835169751,0.8444432497308081,0.6457430124282837
139,2,30,0.3920326232910156,0.9430135488510132,0.46584820480774886,0.939127021423523,0.6402349472045898
139,2,31,0.7413508296012878,0.94694983959198,0.8479217512418664,0.8990718758161664,0.7322039604187012
139,2,32,0.5634742975234985,0.9947493076324463,0.6474562974376031,0.9913035121316749,0.8516491055488586
140,2,0,0.7221018075942993,0.1630547046661377,0.7305643780271781,0.1463662146889243,0.9998558759689331
140,2,1,0.7438465356826782,0.13539254665374756,0.7471609142038693,0.12308691049210005,0.9996563196182251
140,2,2,0.7567535638809204,0.13383662700653076,0.7598270160129887,0.1225409043882487,0.9995836019515991
140,2,3,0.7683854103088379,0.13214834034442902,0.7715113503975154,0.12193211799969352,0.9995673894882202
140,2,4,0.6880468130111694,0.13483791053295135,0.6942335052956575,0.12101341553942341,0.9997820258140564
140,2,5,0.6612465381622314,0.13283583521842957,0.6701225621107879,0.11894791359403403,0.9997853636741638
140,2,6,0.6343702673912048,0.1306452602148056,0.6452875311610876,0.11680742386494529,0.9997972249984741
140,2,7,0.7389863133430481,0.12835927307605743,0.745510140316816,0.12120417289172387,0.9990341663360596
140,2,8,0.557773768901825,0.1276237666606903,0.5822674388770019,0.11514571968569041,0.9998335838317871
140,2,9,0.7226060628890991,0.1798320710659027,0.7325695712007089,0.1633532520269551,0.9997931718826294
140,2,10,0.6584652066230774,0.1828060895204544,0.6745918532508711,0.1620811968187988,0.9999112486839294
140,2,11,0.8077818751335144,0.2298368513584137,0.7850132703548579,0.22304378279168083,0.9997297525405884
140,2,12,0.28735649585723877,0.24803195893764496,0.33026801863111244,0.21740700053532702,0.9999410510063171
140,2,13,0.9310460686683655,0.3527873456478119,0.8646196099376597,0.3464914487142406,0.7363837957382202
140,2,14,0.1295454204082489,0.44231754541397095,0.11752294598720878,0.37793503481438595,0.9960809946060181
140,2,15,0.9508913159370422,0.48144397139549255,0.9428651674510957,0.46062720707825855,0.8236550688743591
140,2,16,0.1991812288761139,0.6365395188331604,0.19920033353354516,0.5435618355699335,0.98151034116745
140,2,17,0.9322218894958496,0.5277017951011658,0.9524683805347895,0.500003242541017,0.7749261856079102
140,2,18,0.19607052206993103,0.694892406463623,0.19204880070277006,0.5945400378142093,0.9621260166168213
140,2,19,0.8968554735183716,0.526369035243988,0.9275423068167057,0.4979107348296658,0.7797621488571167
140,2,20,0.2918756604194641,0.6918564438819885,0.2766214140669582,0.5923487341234012,0.9623595476150513
140,2,21,0.8823185563087463,0.5140367150306702,0.90654439729144,0.4860176996562944,0.77145916223526
140,2,22,0.3148583471775055,0.6702070832252502,0.29823075429970336,0.5752434075652062,0.9561734199523926
140,2,23,0.6534729599952698,0.5213842988014221,0.6506037218187513,0.5064832015529797,0.998380184173584
140,2,24,0.3259579539299011,0.5303952097892761,0.37115709644054756,0.5134374499974935,0.9990712404251099
140,2,25,0.8624988794326782,0.7370704412460327,0.8146782955588148,0.7110986058584026,0.8721517324447632
140,2,26,0.4457966685295105,0.7502935528755188,0.5158094953800736,0.7306564585430015,0.9534000158309937
140,2,27,0.5622639656066895,0.9034820795059204,0.6570283319767444,0.8435073701875785,0.7508485317230225
140,2,28,0.37742361426353455,0.9251798987388611,0.4772523861486733,0.9195712632005804,0.8935380578041077
140,2,29,0.4543267786502838,0.9217565655708313,0.5702834746199161,0.8605183117217505,0.6457704901695251
140,2,30,0.3218415081501007,0.9462475776672363,0.4358511570253661,0.9406046739992237,0.624725878238678
140,2,31,0.7043495774269104,0.9848717451095581,0.8180155476074928,0.9169156525911712,0.7365926504135132
140,2,32,0.4934754967689514,0.9932988286018372,0.615372877107213,0.9917175202826904,0.8476531505584717
141,2,0,0.7107785940170288,0.15927661955356598,0.7264570139514717,0.14904580031537348,0.9997897744178772
141,2,1,0.7373101711273193,0.12958472967147827,0.7451165426198973,0.12443530957610499,0.9995164275169373
141,2,2,0.7515465021133423,0.128264382481575,0.7581085960776535,0.12372859016762973,0.9993969798088074
141,2,3,0.7645949721336365,0.12696774303913116,0.7700760778171101,0.12297704670055112,0.9993639588356018
141,2,4,0.6796717047691345,0.12973985075950623,0.6912110322585279,0.12282439880057634,0.9997345805168152
141,2,5,0.6528701782226562,0.12853212654590607,0.6665413607391856,0.12093695721928638,0.9997507333755493
141,2,6,0.6259276866912842,0.12723569571971893,0.6412686351366375,0.1189716882809282,0.9997708797454834
141,2,7,0.7412702441215515,0.12592247128486633,0.7446303506907109,0.12218324538158201,0.9986571669578552
141,2,8,0.5485915541648865,0.12670332193374634,0.5752739226398769,0.11754443795954359,0.9998162984848022
141,2,9,0.7155346870422363,0.17757374048233032,0.7290335394369721,0.16630485531998962,0.9997286200523376
141,2,10,0.6472132802009583,0.18165813386440277,0.6689070976193392,0.1661451853104556,0.9998922944068909
141,2,11,0.8093200325965881,0.23092816770076752,0.7900597849406233,0.22467997838173284,0.9995388388633728
141,2,12,0.28036952018737793,0.2537962794303894,0.31990088898752705,0.22496458133232342,0.9999300241470337
141,2,13,0.9300331473350525,0.3505316376686096,0.8782160396807925,0.34732979407409437,0.7113879919052124
141,2,14,0.12896786630153656,0.45633119344711304,0.11989827097448147,0.3942357937340831,0.9963104724884033
141,2,15,0.9658181667327881,0.4787764549255371,0.9476304379204243,0.4643946716793368,0.7772172093391418
141,2,16,0.20049698650836945,0.6680511236190796,0.19946937065303583,0.5694795652801328,0.9814426898956299
141,2,17,0.9526640176773071,0.5180901885032654,0.9525089712266399,0.5037577682313378,0.726935088634491
141,2,18,0.1983450949192047,0.7296592593193054,0.19335537286080742,0.6226790814859878,0.9610034227371216
141,2,19,0.9090951681137085,0.5186352133750916,0.9237129736128896,0.502213078217326,0.7319709658622742
141,2,20,0.295047789812088,0.7251326441764832,0.2804464353442035,0.6199996650362694,0.961256742477417
141,2,21,0.8980262279510498,0.5083425641059875,0.9047766454295865,0.49065248336494954,0.7264155745506287
141,2,22,0.3169790506362915,0.7039647698402405,0.30212263586552396,0.6020453481671586,0.9550299644470215
141,2,23,0.6487532258033752,0.5152842402458191,0.6502197640783934,0.5083096709573,0.9984787106513977
141,2,24,0.3161798417568207,0.5203791856765747,0.3597331773334539,0.5148779866121,0.9990708231925964
141,2,25,0.8570305705070496,0.7334345579147339,0.8234757685360072,0.7157356931066464,0.8793023228645325
141,2,26,0.40561333298683167,0.7546862363815308,0.49287661010103073,0.7356454283781891,0.9534620642662048
141,2,27,0.558347225189209,0.9144144654273987,0.6364982794630547,0.8582478638940932,0.7582734823226929
141,2,28,0.3464727997779846,0.8894539475440979,0.450020441881691,0.9133173761135877,0.8782596588134766
141,2,29,0.44523707032203674,0.9331343173980713,0.5442493598818191,0.8756147691817574,0.6482663750648499
141,2,30,0.29448357224464417,0.9013761281967163,0.4064058900781296,0.9324567848737878,0.5982156991958618
141,2,31,0.6940324306488037,1.0079288482666016,0.792203581699988,0.9358463830271078,0.7419772744178772
141,2,32,0.42393118143081665,0.9773988723754883,0.5754429568473305,0.9887455376586476,0.8300227522850037
142,2,0,0.6942011117935181,0.16439189016819,0.7197586516855335,0.1522311323178125,0.9997335076332092
142,2,1,0.7239609956741333,0.1354820430278778,0.7407246605250218,0.1267279674138119,0.9993395209312439
142,2,2,0.7394030690193176,0.13388338685035706,0.7542255996336897,0.1258360819934331,0.9991577863693237
142,2,3,0.753440797328949,0.1321563422679901,0.7666230319228767,0.12488203501233902,0.9991087913513184
142,2,4,0.6630915999412537,0.13481730222702026,0.6853723283638936,0.12531349145380868,0.9996621012687683
142,2,5,0.6347755789756775,0.1330011785030365,0.6599448669539856,0.12344085662391047,0.9996986389160156
142,2,6,0.6056464314460754,0.13110865652561188,0.6338705281213713,0.1214906911988611,0.99973064661026
142,2,7,0.7373178601264954,0.1271449476480484,0.7431128608278351,0.12321283240167738,0.9980521202087402
142,2,8,0.528637170791626,0.12746404111385345,0.565585341669831,0.11960310518412112,0.9997870326042175
142,2,9,0.6999861598014832,0.1808372139930725,0.7230020029450002,0.16932121627921196,0.9996548891067505
142,2,10,0.625860333442688,0.18387183547019958,0.6599652086685251,0.16982488363049522,0.9998704791069031
142,2,11,0.8102075457572937,0.20986272394657135,0.7942423371090387,0.22160446061479452,0.9994990825653076
142,2,12,0.25792068243026733,0.2428516000509262,0.307019318819588,0.22867758702426189,0.9999288320541382
142,2,13,0.9315595030784607,0.34042131900787354,0.8892999793135005,0.3458961614965864,0.6984740495681763
142,2,14,0.12838785350322723,0.4541436433792114,0.1216600893233981,0.4066859777923572,0.9965111017227173
142,2,15,0.971990168094635,0.48085400462150574,0.952687956293024,0.4678111803332251,0.7307724952697754
142,2,16,0.2035737782716751,0.6805213093757629,0.20032104309331694,0.5925891024390114,0.9810177087783813
142,2,17,0.9778401851654053,0.5254685878753662,0.9577683269503963,0.5082649959131186,0.6773122549057007
142,2,18,0.20031391084194183,0.7414019703865051,0.19479939656740392,0.6473924323696805,0.9590291976928711
142,2,19,0.9335760474205017,0.5262826681137085,0.9257599050140436,0.507210318682206,0.6825736165046692
142,2,20,0.29756808280944824,0.7386276721954346,0.2840004878133939,0.6446931969241464,0.9593509435653687
142,2,21,0.9177119731903076,0.5133214592933655,0.9074614046811796,0.4953587515976808,0.6795281767845154
142,2,22,0.31835809350013733,0.7173646688461304,0.30549265376249646,0.6260479491287473,0.9527395963668823
142,2,23,0.6156927943229675,0.47799205780029297,0.643049330576612,0.5020141563989614,0.9986004829406738
142,2,24,0.2739473283290863,0.48339563608169556,0.34189229344759686,0.5083404025155301,0.9990894794464111
142,2,25,0.8579392433166504,0.6892910003662109,0.8306330111932719,0.7102449860685135,0.8827244639396667
142,2,26,0.408662885427475,0.7124547362327576,0.4753634144162081,0.7308307815461632,0.9525364637374878
142,2,27,0.5872489809989929,0.8997395634651184,0.6262661697068926,0.8668663663778646,0.7632938623428345
142,2,28,0.35780850052833557,0.8463125228881836,0.43083966307666455,0.8993896001056488,0.8633981347084045
142,2,29,0.4840710759162903,0.92107093334198,0.5317428323878082,0.8850577867352385,0.6472391486167908
142,2,30,0.32302841544151306,0.8531696796417236,0.3890669344449792,0.9159704164474536,0.5742584466934204
142,2,31,0.7154309153556824,0.9968390464782715,0.7762410505676116,0.9485223786435184,0.7473072409629822
142,2,32,0.3878602385520935,0.9392954707145691,0.5363218631984017,0.9784717134232535,0.8164039254188538
143,2,0,0.6826179027557373,0.1749301701784134,0.7120448458087454,0.1569436452633665,0.9997492432594299
143,2,1,0.7100268006324768,0.14731626212596893,0.7343501194923242,0.13100202272692374,0.9993705749511719
143,2,2,0.7250980734825134,0.1455613374710083,0.7481774072417423,0.12993087588397803,0.9991971254348755
143,2,3,0.7391360998153687,0.14362919330596924,0.7609157595285867,0.128773679189757,0.9991489052772522
143,2,4,0.6505178809165955,0.14599213004112244,0.6781338235590904,0.12960631263395042,0.9996775388717651
143,2,5,0.6235151290893555,0.1433141678571701,0.6523788796213063,0.1275664026481686,0.999713122844696
143,2,6,0.596326470375061,0.14034350216388702,0.6260728707017676,0.12540427900607617,0.9997417330741882
143,2,7,0.7224589586257935,0.13427171111106873,0.7388251787475997,0.12550801146677798,0.9981488585472107
143,2,8,0.5270593166351318,0.131039097905159,0.5575835161823064,0.12197657602756733,0.9997963309288025
143,2,9,0.688859224319458,0.1889086365699768,0.7159114355883341,0.17338738169910087,0.9996697902679443
143,2,10,0.6185758709907532,0.1889946162700653,0.6513679989559458,0.17380429547848342,0.9998743534088135
143,2,11,0.7988418936729431,0.20533418655395508,0.7951967671489794,0.21822721372948545,0.9995364546775818
143,2,12,0.2633301913738251,0.23920577764511108,0.2979438223967539,0.23086259543530058,0.9999289512634277
143,2,13,0.9239310026168823,0.3338158428668976,0.8964920541458568,0.3433889204719297,0.7151615619659424
143,2,14,0.13894645869731903,0.45933693647384644,0.12524835042228288,0.4176258291761363,0.9966994524002075
143,2,15,0.9945440888404846,0.4803735315799713,0.9613822385224532,0.47041850133342794,0.737758457660675
143,2,16,0.23191557824611664,0.680752158164978,0.20688194624711134,0.6109256885754447,0.9811856150627136
143,2,17,1.0539312362670898,0.5218824744224548,0.977773016061644,0.511091391573986,0.6768653988838196
143,2,18,0.21887056529521942,0.7420700192451477,0.19979696402013003,0.6670874965962732,0.9584510326385498
143,2,19,0.9832895398139954,0.5248929858207703,0.9377150187745433,0.5108808825410458,0.6832032203674316
143,2,20,0.31842732429504395,0.740334153175354,0.29115010491546167,0.6645891883392491,0.9590074419975281
143,2,21,0.933811366558075,0.5116753578186035,0.9129324300525989,0.4987456211258134,0.6830034255981445
143,2,22,0.34723833203315735,0.7214694023132324,0.31416396675779323,0.645898146530764,0.9529016017913818
143,2,23,0.6079002022743225,0.45913395285606384,0.6357495635675053,0.49310690666320134,0.9987307786941528
143,2,24,0.2825491428375244,0.46643516421318054,0.32955967126723507,0.49963591111607625,0.9991440176963806
143,2,25,0.8538981676101685,0.6491421461105347,0.8354631365806795,0.6975460814201375,0.8840057849884033
143,2,26,0.3431771397590637,0.6636801958084106,0.4478374806249589,0.7168726591052693,0.9468647837638855
143,2,27,0.5873661041259766,0.8893027305603027,0.618186543358678,0.8715243160523104,0.7612037658691406
143,2,28,0.3271230459213257,0.8138161301612854,0.4092589884190773,0.8815930003790637,0.839116632938385
143,2,29,0.49441590905189514,0.9122132658958435,0.52399027198079,0.8906961924555401,0.6495014429092407
143,2,30,0.3106310963630676,0.8236827850341797,0.37275785139927026,0.8967739283990408,0.5532745718955994
143,2,31,0.728422999382019,0.9831919074058533,0.7663066795569642,0.9557224586937787,0.7453643083572388
143,2,32,0.3477230370044708,0.8966264128684998,0.49698761316360085,0.9614522136265277,0.7927888631820679
144,2,0,0.6883174777030945,0.18972285091876984,0.7071187030615421,0.16375077989604644,0.9996926188468933
144,2,1,0.7239017486572266,0.16519351303577423,0.7321816828210045,0.13810271716307262,0.999048113822937
144,2,2,0.7405455112457275,0.16335466504096985,0.746593620081773,0.13687199138609002,0.9987993836402893
144,2,3,0.7568683624267578,0.16127076745033264,0.7600759183100124,0.13552217415113957,0.9986994862556458
144,2,4,0.6578505039215088,0.16277211904525757,0.6739231151257954,0.13649380412024859,0.9995020031929016
144,2,5,0.6277515888214111,0.15890856087207794,0.647265772744045,0.1340748524774496,0.9995849132537842
144,2,6,0.5973629355430603,0.1546136885881424,0.620111455108135,0.13146948958841725,0.9996181726455688
144,2,7,0.7440087795257568,0.14689093828201294,0.7399008177264423,0.1299471265906413,0.9973148703575134
144,2,8,0.5275993347167969,0.14082729816436768,0.5513572914386989,0.12588972985471975,0.999731719493866
144,2,9,0.6898471713066101,0.20262925326824188,0.7104997708980907,0.17945933861711785,0.9996132254600525
144,2,10,0.6193262934684753,0.2019800990819931,0.6447141522679041,0.17965471599113275,0.9998509883880615
144,2,11,0.828048050403595,0.20713458955287933,0.8020188835140762,0.21592502896062027,0.9995476603507996
144,2,12,0.2702253758907318,0.2342592179775238,0.2921884344005597,0.23156738761271992,0.9999257922172546
144,2,13,0.9350496530532837,0.3382497727870941,0.9045004547218166,0.3423225071538914,0.7265524864196777
144,2,14,0.14711076021194458,0.4500303864479065,0.12978706767023027,0.42435511030265005,0.9965614080429077
144,2,15,1.019916296005249,0.4836721420288086,0.973546423956993,0.4731693521897781,0.7295705080032349
144,2,16,0.25613266229629517,0.6814536452293396,0.21711430435457604,0.6255873145588332,0.9791610240936279
144,2,17,1.0752997398376465,0.51774001121521,0.9980622088354236,0.5124710899786662,0.6647956371307373
144,2,18,0.2264111340045929,0.743333101272583,0.20532288821230282,0.6829402434231246,0.953932523727417
144,2,19,1.032808542251587,0.5202564597129822,0.9574966682132768,0.5128266162896769,0.6728120446205139
144,2,20,0.3318999111652374,0.7421112060546875,0.29961432619734624,0.6807078882347353,0.9553490877151489
144,2,21,0.9643504619598389,0.5123355388641357,0.9236157072688043,0.5015662942416643,0.6729118227958679
144,2,22,0.37187424302101135,0.719215452671051,0.326156687407204,0.6611408133260183,0.949583113193512
144,2,23,0.6105472445487976,0.44765692949295044,0.630516984565304,0.4836651813885548,0.9988405108451843
144,2,24,0.2962146997451782,0.4524441659450531,0.3226349240802843,0.48983188282895107,0.999167799949646
144,2,25,0.8687663674354553,0.6357769966125488,0.8423792003275093,0.6847084685187864,0.8897475004196167
144,2,26,0.3814971446990967,0.5754250884056091,0.43404801024152734,0.687410776957522,0.9441438913345337
144,2,27,0.613162100315094,0.888806164264679,0.6171439317459261,0.8751116404337965,0.7742404341697693
144,2,28,0.357818067073822,0.7777811884880066,0.39857088712152644,0.8599925380248525,0.8251641988754272
144,2,29,0.49970513582229614,0.9093234539031982,0.518948226216031,0.894562938104349,0.6642825603485107
144,2,30,0.3214654326438904,0.7965793609619141,0.3621006473624877,0.8759281828008216,0.5535386800765991
144,2,31,0.7345470190048218,0.9762400984764099,0.7597114237926457,0.959981845559246,0.7553621530532837
144,2,32,0.3851970136165619,0.886650025844574,0.4737215546273933,0.945900309066026,0.7861455678939819
145,2,0,0.7198345065116882,0.19061723351478577,0.7097578830829364,0.16932912604679945,0.9993218183517456
145,2,1,0.7610379457473755,0.1656334400177002,0.7381735040614986,0.143819091553101,0.9975090622901917
145,2,2,0.7804922461509705,0.1639574021100998,0.7536334357423562,0.14249583363275323,0.9967962503433228
145,2,3,0.7977600693702698,0.16203701496124268,0.7679027011933144,0.14102746008659767,0.9963862299919128
145,2,4,0.6852728128433228,0.1632816195487976,0.6762786695277258,0.14205581004954568,0.9988535642623901
145,2,5,0.6538609862327576,0.15958866477012634,0.6486343856958676,0.13937214832479453,0.9991264939308167
145,2,6,0.6228685975074768,0.15539990365505219,0.6206835458348517,0.13643781574111555,0.9992115497589111
145,2,7,0.7883208990097046,0.15000955760478973,0.7499603697277447,0.13411195402784812,0.9935808777809143
145,2,8,0.5611538887023926,0.1435105800628662,0.5533904220663091,0.1295474549127421,0.9995365142822266
145,2,9,0.7259117960929871,0.20504873991012573,0.7136987931217055,0.1847723397639445,0.9993182420730591
145,2,10,0.6482210159301758,0.20435288548469543,0.6454418206882593,0.1847825491923513,0.9997764229774475
145,2,11,0.8608254194259644,0.20692741870880127,0.8142397844636794,0.21405775545688754,0.9992972612380981
145,2,12,0.28087157011032104,0.2221003770828247,0.2898396932776127,0.22960267497674114,0.9999092817306519
145,2,13,0.9541390538215637,0.34274712204933167,0.9148135245413871,0.34241060658835115,0.7137743830680847
145,2,14,0.15886452794075012,0.4616307318210602,0.13582485824282564,0.4320969760535803,0.9953690767288208
145,2,15,1.0531772375106812,0.4900759160518646,0.9901044330746989,0.47667873701750413,0.6869959235191345
145,2,16,0.2735678553581238,0.6946734189987183,0.22884546044273552,0.6399486221484971,0.9704551696777344
145,2,17,1.086434006690979,0.5237703323364258,1.0164422268124913,0.5148161704578147,0.625002920627594
145,2,18,0.24226230382919312,0.7616689205169678,0.21299483816517617,0.6993103687922898,0.9393435120582581
145,2,19,1.0700238943099976,0.5319480299949646,0.9809161891320385,0.5167959921960225,0.6335389018058777
145,2,20,0.3557811975479126,0.7631808519363403,0.31128581765296914,0.6978583338659609,0.9424005150794983
145,2,21,1.0091890096664429,0.5248703956604004,0.9414122691659463,0.5064045044438381,0.6347030997276306
145,2,22,0.3986576497554779,0.7369924187660217,0.34122919391639206,0.6769114493637474,0.9375572204589844
145,2,23,0.6340194344520569,0.4513798952102661,0.631243736985828,0.4769607065797247,0.9988593459129333
145,2,24,0.2979848086833954,0.44750523567199707,0.3175170663244814,0.4810397496138435,0.9990766048431396
145,2,25,0.8780258297920227,0.6376860737800598,0.8497823943063201,0.6749396609201277,0.8879397511482239
145,2,26,0.39702925086021423,0.48881009221076965,0.42635952848759456,0.6459795438278997,0.9369518160820007
145,2,27,0.6202936172485352,0.8995152711868286,0.617797478337516,0.8801782823762899,0.781062126159668
145,2,28,0.45798519253730774,0.7498692870140076,0.4109182317075231,0.8370748254107012,0.8077920079231262
145,2,29,0.5113175511360168,0.9271248579025269,0.5173646859633719,0.9013249127386128,0.6773023009300232
145,2,30,0.46766823530197144,0.7809948325157166,0.38406735160624156,0.8561798834155538,0.5608698129653931
145,2,31,0.7482160925865173,0.9787783622741699,0.7573256240044374,0.9638837469265229,0.7591778635978699
145,2,32,0.42695164680480957,0.8571863770484924,0.46400513964459683,0.9274489767846432,0.7763466238975525
146,2,0,0.7628293633460999,0.2034781277179718,0.7207852020116459,0.1764209901130802,0.9987917542457581
146,2,1,0.8078062534332275,0.1757613569498062,0.752648570498411,0.1504522694942815,0.9959061741828918
146,2,2,0.8247758150100708,0.17336857318878174,0.7684229359853311,0.14890672295674254,0.9945406913757324
146,2,3,0.8401192426681519,0.17073802649974823,0.7829159497701544,0.1471968199852173,0.9939278364181519
146,2,4,0.738266110420227,0.17461194097995758,0.6891617334468103,0.14881657868574433,0.9981945753097534
146,2,5,0.7061750888824463,0.17086495459079742,0.6605918025339379,0.145911909628739,0.9985865950584412
146,2,6,0.6743969917297363,0.16629835963249207,0.6318444499322011,0.14263834381311705,0.9988080859184265
146,2,7,0.8187832832336426,0.15605558454990387,0.7642667747988402,0.1386675426902848,0.9894232749938965
146,2,8,0.6006837487220764,0.15128085017204285,0.5632155740962862,0.1340593717162385,0.9993899464607239
146,2,9,0.7608234286308289,0.2164894938468933,0.7234888576714218,0.19135872973413573,0.998945415019989
146,2,10,0.6900905966758728,0.21467822790145874,0.6547168938853574,0.19099037946595704,0.9996997714042664
146,2,11,0.8880693316459656,0.20942600071430206,0.8295890559370769,0.2130966435675281,0.9987049698829651
146,2,12,0.28745758533477783,0.22840552031993866,0.2893454244463326,0.22935428315766393,0.9998730421066284
146,2,13,1.0681265592575073,0.3671784996986389,0.9467572865927938,0.3475529237728847,0.6868276000022888
146,2,14,0.16140516102313995,0.4777279794216156,0.14113596923940114,0.44157637279791034,0.9940440058708191
146,2,15,1.0931289196014404,0.50772625207901,1.011540611373638,0.48312594941098763,0.6320111155509949
146,2,16,0.28307202458381653,0.7264397740364075,0.240113157102968,0.657936620225343,0.9603345990180969
146,2,17,1.121716022491455,0.5426855087280273,1.0383478074214798,0.5206029069602305,0.5745609998703003
146,2,18,0.26041513681411743,0.7895703911781311,0.2228464120127444,0.7180841645505267,0.9220678806304932
146,2,19,1.1087456941604614,0.5503790974617004,1.0075317040500515,0.5237702242509326,0.583069920539856
146,2,20,0.3766521215438843,0.794135570526123,0.3248724023781872,0.7178870082988863,0.9267995953559875
146,2,21,1.0501443147659302,0.5426852703094482,0.9640395592754649,0.5139395229151229,0.5848840475082397
146,2,22,0.41717055439949036,0.7729529738426208,0.35701844403487853,0.6968909480483734,0.9227033257484436
146,2,23,0.6515739560127258,0.43345269560813904,0.6354641840540728,0.4679228841993799,0.9988666772842407
146,2,24,0.3100211024284363,0.4323239028453827,0.31596149138289475,0.4709186609468954,0.9989562034606934
146,2,25,0.9027312397956848,0.6296840906143188,0.8607842090596363,0.6655383641155113,0.8829127550125122
146,2,26,0.420616090297699,0.49798423051834106,0.42516769536864324,0.6151480386478423,0.9289148449897766
146,2,27,0.6218435168266296,0.8895466327667236,0.6186370357115251,0.8821225167242344,0.7883504033088684
146,2,28,0.589063286781311,0.709629476070404,0.4480610096005831,0.810539551241727,0.7815482020378113
146,2,29,0.5118812322616577,0.9166263937950134,0.5162268118883375,0.9045009832529461,0.6854915618896484
146,2,30,0.6043506264686584,0.72722327709198,0.43004893870818484,0.8293288450420127,0.5537965297698975
146,2,31,0.7580171227455139,0.9729002118110657,0.757469097290371,0.9657549366509733,0.7632507681846619
146,2,32,0.6558699011802673,0.813351035118103,0.5040231623028033,0.903701507243083,0.7572726607322693
147,2,0,0.7889475226402283,0.2161562740802765,0.7349540290976622,0.18467425284857703,0.9987124800682068
147,2,1,0.8401087522506714,0.18769897520542145,0.7708384951549242,0.1581881078168782,0.9957085251808167
147,2,2,0.8586601614952087,0.1853325217962265,0.7871918650009143,0.15647189408357992,0.9942871928215027
147,2,3,0.8748101592063904,0.18281076848506927,0.8020303968610937,0.15459321435959852,0.9936808943748474
147,2,4,0.7644773721694946,0.18676191568374634,0.7048206005068839,0.15669766894488985,0.9981366395950317
147,2,5,0.7298896908760071,0.18292510509490967,0.6749971299083622,0.1535992000377914,0.9985494017601013
147,2,6,0.6964771747589111,0.1781449019908905,0.6452782762707728,0.15001241315929892,0.9987820386886597
147,2,7,0.8563957214355469,0.16662433743476868,0.783430173098557,0.14447245259707023,0.989307701587677
147,2,8,0.6237552762031555,0.15981048345565796,0.5757972488894512,0.13940597128115018,0.9993932247161865
147,2,9,0.7876144051551819,0.23005028069019318,0.7368170819450518,0.19939497078487953,0.9988367557525635
147,2,10,0.715086042881012,0.2276155799627304,0.6672630648962296,0.1985970057177213,0.9996703863143921
147,2,11,0.8957633376121521,0.21288175880908966,0.843343895276759,0.21305205936339264,0.9983054995536804
147,2,12,0.28781333565711975,0.24037931859493256,0.2890275354890139,0.23164243664400264,0.999853789806366
147,2,13,1.1301854848861694,0.374324768781662,0.9850074493147282,0.3531116099670756,0.6419504880905151
147,2,14,0.1826319843530655,0.5035272836685181,0.14975536414524135,0.45445186014439404,0.9934491515159607
147,2,15,1.2036091089248657,0.48039647936820984,1.051601935475688,0.4825596009116594,0.5765343904495239
147,2,16,0.2871163785457611,0.7737842798233032,0.24987797888400934,0.6820495010162686,0.9503564238548279
147,2,17,1.2549140453338623,0.5012984871864319,1.0835492096497574,0.5165955230575346,0.5231410264968872
147,2,18,0.2578470706939697,0.8494481444358826,0.230115315850317,0.7454383460648127,0.9015752673149109
147,2,19,1.252255916595459,0.5123918652534485,1.0586496051668701,0.521408719902695,0.5317825675010681
147,2,20,0.37112030386924744,0.8495833277702332,0.3344801099933016,0.745310650332942,0.9088564515113831
147,2,21,1.186741828918457,0.5122987031936646,1.01052941032608,0.513599073049218,0.5354047417640686
147,2,22,0.4123010039329529,0.8265941143035889,0.36850591331751903,0.7238980574246374,0.9080109596252441
147,2,23,0.6463418006896973,0.4123246371746063,0.637721731516239,0.45636973198976993,0.998869776725769
147,2,24,0.3025059998035431,0.4121004045009613,0.31316872671879636,0.45869531374747213,0.9989151358604431
147,2,25,0.8920192122459412,0.624657154083252,0.867270395560704,0.6570468112448399,0.8739085793495178
147,2,26,0.39268699288368225,0.5697872638702393,0.41842258503645086,0.6057247697292132,0.9272508025169373
147,2,27,0.5915042161941528,0.8831107020378113,0.6130033341257155,0.88232754950691,0.7827966809272766
147,2,28,0.5156275033950806,0.8009752631187439,0.46210578010145553,0.8085546322701633,0.7759990096092224
147,2,29,0.4824279546737671,0.9093058109283447,0.5092077160918734,0.9054980139967465,0.6768674254417419
147,2,30,0.5301321148872375,0.8167349100112915,0.45087152236978834,0.8267149518772224,0.545927882194519
147,2,31,0.7457989454269409,0.9702511429786682,0.755047006372003,0.9666879190118857,0.7570581436157227
147,2,32,0.6042702198028564,0.9305106997489929,0.5248797439859219,0.9092679302296957,0.7556437849998474
148,2,0,0.8260713815689087,0.23110489547252655,0.7539064806095711,0.1943199647705126,0.9977867603302002
148,2,1,0.8808376789093018,0.19995379447937012,0.7937302836421668,0.16686358401402535,0.9933457374572754
148,2,2,0.9002944827079773,0.19780772924423218,0.810731517271803,0.16505798042673678,0.991548478603363
148,2,3,0.9161718487739563,0.19555848836898804,0.8257869391057511,0.16310224223989767,0.9907108545303345
148,2,4,0.7957534790039062,0.19852972030639648,0.7237345911108778,0.16538694627252534,0.9965501427650452
148,2,5,0.7555703520774841,0.19474755227565765,0.6917515349492044,0.16214629916610257,0.9973829984664917
148,2,6,0.718126118183136,0.1901242733001709,0.6604230398222327,0.15834397953894166,0.9977031350135803
148,2,7,0.896049439907074,0.17802372574806213,0.8068689193244374,0.151440068116202,0.9856323599815369
148,2,8,0.6421999931335449,0.17174696922302246,0.589599649004395,0.14612202379385664,0.9987309575080872
148,2,9,0.8238444328308105,0.24910341203212738,0.7549167712256574,0.20972255991539518,0.9982233643531799
148,2,10,0.7381311655044556,0.24700546264648438,0.6819954412834641,0.20865414519412506,0.9994493126869202
148,2,11,0.9049754738807678,0.2228955775499344,0.8561529000021396,0.2150949316189354,0.9971354603767395
148,2,12,0.26841476559638977,0.2547623813152313,0.28474839439546495,0.23644238911395302,0.999642014503479
148,2,13,1.1648696660995483,0.41063451766967773,1.0225104927381068,0.36506532792155333,0.6144436597824097
148,2,14,0.18502876162528992,0.5406752228736877,0.1570809645682249,0.4723839667558413,0.9924144744873047
148,2,15,1.2696280479431152,0.5894679427146912,1.0971100312051518,0.5048062312601271,0.5265167951583862
148,2,16,0.2912796139717102,0.8249819278717041,0.2584777551417932,0.7118220606535237,0.9392672181129456
148,2,17,1.3455374240875244,0.6293895244598389,1.1382993452646841,0.5400707014696718,0.4765998125076294
148,2,18,0.2560078799724579,0.9046091437339783,0.2354913083845925,0.7786081545301369,0.8806846737861633
148,2,19,1.3034275770187378,0.6440310478210449,1.1097792348011242,0.5469363114147962,0.48558366298675537
148,2,20,0.38516199588775635,0.9073209762573242,0.3450102372017227,0.7790748290627639,0.8903002142906189
148,2,21,1.2299208641052246,0.6373401284217834,1.0563242943326023,0.539360355629721,0.49111613631248474
148,2,22,0.41219857335090637,0.8799331784248352,0.3775821530923329,0.7564116129704475,0.8927274346351624
148,2,23,0.6478737592697144,0.426052063703537,0.6398286477669209,0.45007419784391056,0.9984955787658691
148,2,24,0.27025315165519714,0.424824982881546,0.30425411107214434,0.45166137035496984,0.998161792755127
148,2,25,0.9112151861190796,0.6191386580467224,0.876399064673401,0.6491734459889338,0.8484714031219482
148,2,26,0.40383297204971313,0.5913450717926025,0.4153943278121643,0.6027400823518583,0.9088356494903564
148,2,27,0.5647298693656921,0.8504518270492554,0.6029742678028023,0.8757082075933467,0.7500942349433899
148,2,28,0.4953443706035614,0.8118534684181213,0.46900841656899606,0.8092391284953665,0.7461585998535156
148,2,29,0.46281662583351135,0.8769208788871765,0.49957021604956736,0.8995642002616969,0.6492709517478943
148,2,30,0.47190243005752563,0.8241376280784607,0.45523754237601854,0.8261801724119445,0.525734543800354
148,2,31,0.66963130235672,0.9563993215560913,0.7372832678413141,0.9645526527935391,0.7201723456382751
148,2,32,0.6178275346755981,0.9510937333106995,0.5442138610625407,0.9179558755973626,0.726188600063324
149,2,0,0.8178579211235046,0.23560242354869843,0.7671984783190912,0.20289495406943334,0.9967716336250305
149,2,1,0.8722232580184937,0.2031458020210266,0.810051225407355,0.17439890771601982,0.990089476108551
149,2,2,0.8930947780609131,0.2010686993598938,0.8278590314931775,0.17253686122345288,0.9878809452056885
149,2,3,0.9103474617004395,0.19879980385303497,0.8433724416951541,0.17051602073673985,0.9854335188865662
149,2,4,0.7870533466339111,0.20056070387363434,0.7368948620294586,0.17269183453130074,0.9951735138893127
149,2,5,0.7494320273399353,0.19639547169208527,0.7037380721285275,0.16925898785821425,0.9965153932571411
149,2,6,0.7137909531593323,0.19167481362819672,0.6715120614758538,0.16526577679815518,0.9968938231468201
149,2,7,0.8946369290351868,0.18178492784500122,0.8251230733445748,0.15774124893284452,0.9820606112480164
149,2,8,0.6395005583763123,0.1740759313106537,0.5999672865272918,0.1519263347542952,0.9984433054924011
149,2,9,0.8171789646148682,0.25324130058288574,0.7678570618900841,0.218762616082795,0.9978597164154053
149,2,10,0.7363283634185791,0.250148206949234,0.6932852741649691,0.21727313754447064,0.9993325471878052
149,2,11,0.8929610252380371,0.21209776401519775,0.8637975689352392,0.21447303270406348,0.9956325888633728
149,2,12,0.24901336431503296,0.2557913064956665,0.2773268277514585,0.24045901730044514,0.9995829463005066
149,2,13,1.1283395290374756,0.36804670095443726,1.044532145671162,0.36568394966838413,0.5678236484527588
149,2,14,0.20638319849967957,0.5575527548789978,0.16732404478907223,0.4900962490311349,0.9904786348342896
149,2,15,1.0948206186294556,0.41648104786872864,1.0966350042791502,0.486436018238639,0.4772811233997345
149,2,16,0.29995447397232056,0.8508340716362,0.2670931452910763,0.7407749402913333,0.9220337271690369
149,2,17,1.0952728986740112,0.42411020398139954,1.1293618555577056,0.5159344521150406,0.4318285584449768
149,2,18,0.2547275722026825,0.9216423630714417,0.23948454017152013,0.8084021071635373,0.8505842685699463
149,2,19,1.0781886577606201,0.42807599902153015,1.1032192880969423,0.5221945281343638,0.4402657747268677
149,2,20,0.38681238889694214,0.9244723916053772,0.35369330525295667,0.8093630416554697,0.8630738854408264
149,2,21,1.0409166812896729,0.433623343706131,1.0531262379745552,0.5173582411950948,0.44601503014564514
149,2,22,0.4092789888381958,0.8978711366653442,0.38416433117613535,0.7858762756359163,0.8699631094932556
149,2,23,0.6277084350585938,0.4231836199760437,0.6373131235900301,0.44449083542414425,0.9982345700263977
149,2,24,0.21249358355998993,0.443708598613739,0.28516753760947516,0.4500109778489585,0.9979766011238098
149,2,25,0.9381314516067505,0.5511986613273621,0.8892290479149791,0.6287907953428927,0.8454407453536987
149,2,26,0.2855473458766937,0.6050014495849609,0.38835728421154087,0.6032092931450856,0.9019541144371033
149,2,27,0.5554472804069519,0.7826678156852722,0.5931004887593542,0.8563547614715896,0.7445584535598755
149,2,28,0.37489405274391174,0.8157399892807007,0.44943103243014215,0.8105881535526289,0.7383168339729309
149,2,29,0.44637244939804077,0.7983922958374023,0.48851659302407935,0.878514601516521,0.6451387405395508
149,2,30,0.3618387281894684,0.8268105387687683,0.43580944153709567,0.8263109615871667,0.5181282162666321
149,2,31,0.6178896427154541,0.9041724801063538,0.7124299721081621,0.9520041948351992,0.7104905843734741
149,2,32,0.5062344074249268,0.9525353312492371,0.5363256849276924,0.9251372001037151,0.7196630239486694
150,2,0,0.8407493233680725,0.2595083713531494,0.7824897118386986,0.21465938685094865,0.9955776333808899
150,2,1,0.8959739208221436,0.22625556588172913,0.8279206788013355,0.1851734576976512,0.9888433218002319
150,2,2,0.9150344133377075,0.22513891756534576,0.8459896378961105,0.1834665110456911,0.9865734577178955
150,2,3,0.9312322735786438,0.22395853698253632,0.8616457460641432,0.1816205581629163,0.9842531085014343
150,2,4,0.8194056153297424,0.22114762663841248,0.7540530975437562,0.18275882353962714,0.9943826198577881
150,2,5,0.784316897392273,0.2156938910484314,0.7204936608946619,0.17890558688765612,0.9959438443183899
150,2,6,0.7487260699272156,0.20941968262195587,0.6875664760433549,0.1744379336582045,0.9964512586593628
150,2,7,0.9140233397483826,0.20514097809791565,0.8436133006530974,0.16758854449499475,0.9823176860809326
150,2,8,0.6718408465385437,0.18829655647277832,0.6149091068490514,0.15947995160652256,0.9981487989425659
150,2,9,0.8362045288085938,0.27807387709617615,0.7820644728985396,0.23108858529414045,0.9975571632385254
150,2,10,0.7559201121330261,0.27291256189346313,0.7063031419289874,0.22883486104201511,0.9991539716720581
150,2,11,0.8778234124183655,0.2251499742269516,0.8667087608828714,0.21668892032691434,0.9929247498512268
150,2,12,0.2468852996826172,0.2771749198436737,0.2710055553007562,0.24808449901024285,0.9994674921035767
150,2,13,0.9432595372200012,0.3851391077041626,1.0234617760232183,0.36972264521346,0.5180028080940247
150,2,14,0.1783861368894577,0.6070314645767212,0.16961989292109633,0.5144361666878399,0.9886608123779297
150,2,15,0.8490707874298096,0.4658266007900238,1.0449207087010508,0.4821575774776497,0.4307783842086792
150,2,16,0.3066195845603943,0.9092382788658142,0.2753029890167788,0.7758902457724502,0.9096685647964478
150,2,17,0.8434398770332336,0.48446717858314514,1.069572533698718,0.5093999969364167,0.389811247587204
150,2,18,0.2504195272922516,0.9874827861785889,0.24175400002591146,0.8457414732519315,0.8313788771629333
150,2,19,0.8279980421066284,0.4918985068798065,1.045684456959623,0.5159034986992502,0.3975923955440521
150,2,20,0.39564648270606995,0.9898344874382019,0.36240777994566015,0.84699383858297,0.8460514545440674
150,2,21,0.7997339367866516,0.4921942949295044,1.0001861348495018,0.5121336401232937,0.40333256125450134
150,2,22,0.4194130301475525,0.9646615982055664,0.3914848059496493,0.8231537438457177,0.8553386926651001
150,2,23,0.5687009692192078,0.43406885862350464,0.6230506153789286,0.44232787626216474,0.997003972530365
150,2,24,0.17519395053386688,0.47462570667266846,0.26228108335894906,0.4551214685579101,0.9971182346343994
150,2,25,0.9651493430137634,0.5619836449623108,0.9050139095413988,0.614904154402066,0.8409448862075806
150,2,26,0.28124386072158813,0.6855788230895996,0.36606775943111575,0.6203379575444468,0.8897591829299927
150,2,27,0.5526816248893738,0.7981399893760681,0.5847050748538989,0.844257025519618,0.7296589016914368
150,2,28,0.272247850894928,0.8995344042778015,0.4124896629066356,0.8290878365307464,0.7223061919212341
150,2,29,0.4273665249347687,0.8208056092262268,0.47580782730977256,0.866522137771759,0.6369035840034485
150,2,30,0.22991536557674408,0.9124643802642822,0.3928483728259456,0.8442283951830964,0.5036923289299011
150,2,31,0.6390458941459656,0.9252278804779053,0.697173446044969,0.9464445801048682,0.6970760226249695
150,2,32,0.45375382900238037,0.984839916229248,0.5191547591663697,0.9375446230617459,0.7095862030982971
151,2,0,0.8608341813087463,0.27942734956741333,0.7987796970193106,0.22812138653492192,0.9952095746994019
151,2,1,0.9129587411880493,0.24174261093139648,0.8456057305083468,0.1969286791210064,0.9887149333953857
151,2,2,0.9297237396240234,0.2411780208349228,0.8634028891454157,0.1954594946585924,0.9864363074302673
151,2,3,0.9442633986473083,0.24083532392978668,0.8788262961843614,0.1939264418854831,0.9843904376029968
151,2,4,0.8401500582695007,0.2368871420621872,0.7719588678947217,0.19400607569326647,0.9942216277122498
151,2,5,0.805577278137207,0.23178686201572418,0.7381881827110448,0.18989333917162396,0.9956952333450317
151,2,6,0.7668341994285583,0.22564490139484406,0.7040488430313443,0.18507730397339128,0.9962778687477112
151,2,7,0.909067690372467,0.21922697126865387,0.8572182759717668,0.17831768604398823,0.9832205772399902
151,2,8,0.68156498670578,0.20283855497837067,0.6287642379970418,0.16848670023320256,0.9980823397636414
151,2,9,0.8533408045768738,0.29945263266563416,0.7968819078504529,0.2452994386727166,0.997367262840271
151,2,10,0.7739806771278381,0.2930585443973541,0.7203710299507616,0.2421835317133147,0.999053418636322
151,2,11,0.8471837639808655,0.2479829341173172,0.8626555680422139,0.223187362783488,0.9923081398010254
151,2,12,0.2510834038257599,0.3273821473121643,0.26686986284988623,0.2645730721099163,0.9991569519042969
151,2,13,0.9183186292648315,0.4321155250072479,1.0015837006215116,0.3826901260080355,0.4778043031692505
151,2,14,0.16421042382717133,0.6577683091163635,0.1684973782610504,0.5442922588711024,0.9715729355812073
151,2,15,0.9383178353309631,0.44594693183898926,1.0227378166022694,0.47463714033905086,0.39211800694465637
151,2,16,0.25989019870758057,0.966881513595581,0.27210381128985384,0.8157260740921959,0.8456180095672607
151,2,17,0.9508606195449829,0.43625608086586,1.044861656609225,0.4941935617588038,0.3537653684616089
151,2,18,0.19803231954574585,1.0375182628631592,0.23267174903563745,0.8857420770230654,0.7650137543678284
151,2,19,0.9505943655967712,0.43232008814811707,1.025903544334828,0.4985217273123251,0.36109545826911926
151,2,20,0.33678382635116577,1.040385127067566,0.35708760943631407,0.8873329916602983,0.7807848453521729
151,2,21,0.9123119711875916,0.444341778755188,0.9819099126610689,0.49804197077889084,0.36649787425994873
151,2,22,0.3706449568271637,1.0061252117156982,0.3871585063401051,0.8613085227865908,0.7941113710403442
151,2,23,0.5534765124320984,0.49614015221595764,0.6085877520361138,0.45350934144134303,0.9889490008354187
151,2,24,0.20436039566993713,0.5823143720626831,0.25024452943508557,0.481603866232899,0.9939829707145691
151,2,25,0.8095421195030212,0.7057511806488037,0.8851534160060592,0.633800168865438,0.7752602100372314
151,2,26,0.34041547775268555,0.787971556186676,0.36074166683178166,0.6552790541942768,0.8427707552909851
151,2,27,0.5203345417976379,0.8619887232780457,0.5713258236925696,0.8479377654359437,0.6644859313964844
151,2,28,0.2810885012149811,0.946976363658905,0.3851277686885725,0.8536267153110942,0.6660805344581604
151,2,29,0.42998579144477844,0.8738113045692444,0.4662886943630216,0.8680347841967132,0.5815749168395996
151,2,30,0.20528316497802734,0.951370358467102,0.3537311030987733,0.8665237528301981,0.4657447636127472
151,2,31,0.6049768328666687,0.9649584293365479,0.6779958723370267,0.9502877668548684,0.6363873481750488
151,2,32,0.46670621633529663,1.0549490451812744,0.5082570503998013,0.961982419014521,0.6540330052375793
152,2,0,0.8444721102714539,0.2385806292295456,0.8082718757284812,0.23029208363561596,0.9953745007514954
152,2,1,0.8717912435531616,0.2005896270275116,0.851042610861857,0.19768832442536052,0.9892399311065674
152,2,2,0.8775213360786438,0.19989311695098877,0.8663333170344464,0.19637948925128954,0.9870701432228088
152,2,3,0.8820363879203796,0.19970138370990753,0.8794923828971728,0.19512481013590924,0.9850736260414124
152,2,4,0.8257829546928406,0.20014981925487518,0.7831428392382341,0.19528098746416558,0.9945370554924011
152,2,5,0.7967406511306763,0.19861574470996857,0.7503562335293327,0.1917034877446467,0.9959290623664856
152,2,6,0.7623460292816162,0.19655460119247437,0.7161637519966011,0.1874593523413267,0.9964983463287354
152,2,7,0.8168529272079468,0.19497336447238922,0.8488340394788093,0.18177497215168822,0.9842476844787598
152,2,8,0.6696416139602661,0.18194471299648285,0.6372550016283901,0.17127998668402766,0.9982279539108276
152,2,9,0.821245014667511,0.26413023471832275,0.8019401403971861,0.24920846050602602,0.9974641799926758
152,2,10,0.766929566860199,0.26030462980270386,0.7300433595151316,0.2459451553771565,0.9990979433059692
152,2,11,0.88672935962677,0.28632476925849915,0.8676536857506761,0.23630984794616122,0.9927632808685303
152,2,12,0.3365936577320099,0.311393678188324,0.28136388266813334,0.27429990791718534,0.9992151856422424
152,2,13,0.8978126645088196,0.49453845620155334,0.9799918757166647,0.40596790144990197,0.45385557413101196
152,2,14,0.18719184398651123,0.5984281897544861,0.1723780804267709,0.5555411643558587,0.9707996249198914
152,2,15,0.8659918904304504,0.4644086956977844,0.9900756880920547,0.47251435972806455,0.3699844777584076
152,2,16,0.238613098859787,0.8951208591461182,0.2651487929310306,0.8322351382961124,0.8414990305900574
152,2,17,0.8842806816101074,0.470468670129776,1.0113968586204425,0.48926792845546474,0.33104920387268066
152,2,18,0.17959541082382202,0.9756665825843811,0.22164341823067296,0.9044461024193554,0.7548078298568726
152,2,19,0.8737612962722778,0.46221378445625305,0.9942047680676565,0.4909810511241208,0.33838191628456116
152,2,20,0.300644189119339,0.9947928190231323,0.34535858127629543,0.9096951041994863,0.7710022926330566
152,2,21,0.8118317723274231,0.46974456310272217,0.9464567382427738,0.4921662790994616,0.34283575415611267
152,2,22,0.32881662249565125,0.9575716257095337,0.37503434181160833,0.8813344348781421,0.786234974861145
152,2,23,0.5758104920387268,0.6261159181594849,0.6017810137407543,0.4894920137637181,0.9829632639884949
152,2,24,0.2592964172363281,0.6267730593681335,0.2521230633682223,0.5118440542012883,0.9922848343849182
152,2,25,0.6798623204231262,0.6979818940162659,0.8423187732037275,0.6471400762630578,0.7180246710777283
152,2,26,0.3435729444026947,0.6655728220939636,0.35717782377874313,0.6574153994213887,0.820797860622406
152,2,27,0.4541811943054199,0.8579738736152649,0.5469422157911492,0.8500206155985879,0.6118280291557312
152,2,28,0.24744072556495667,0.8736488819122314,0.3564519532773408,0.8577831844421084,0.6322237849235535
152,2,29,0.39316052198410034,0.8734831213951111,0.45108551389043416,0.869165364946496,0.5439890027046204
152,2,30,0.19467827677726746,0.8842620849609375,0.3205859493647822,0.8702058794647726,0.4620765745639801
152,2,31,0.42476916313171387,0.950551450252533,0.625089698335161,0.9503424758481817,0.589085578918457
152,2,32,0.3025842607021332,0.9895457029342651,0.4653422540098291,0.9677055669147833,0.6247552633285522
153,2,0,0.7965516448020935,0.2566024959087372,0.8058394009638524,0.23575489898298102,0.9957382678985596
153,2,1,0.8372244834899902,0.2153226137161255,0.8481745644251866,0.2013488438599848,0.9900893568992615
153,2,2,0.853611409664154,0.21177108585834503,0.863692878591526,0.1995742735827882,0.9880278706550598
153,2,3,0.866967499256134,0.2085287719964981,0.8768928510653499,0.19790687488312944,0.9862068295478821
153,2,4,0.7718318104743958,0.21702778339385986,0.7807953200495726,0.19979569169965422,0.9950128793716431
153,2,5,0.742862343788147,0.21430861949920654,0.7488010965146523,0.19639649617507016,0.9962773323059082
153,2,6,0.7113739252090454,0.21089857816696167,0.7151698378146207,0.19232563718489454,0.9968093633651733
153,2,7,0.836570143699646,0.19679468870162964,0.8462886925271547,0.18489253376815898,0.9855721592903137
153,2,8,0.6329907178878784,0.19501745700836182,0.6363701525587275,0.17620823009370673,0.9983925223350525
153,2,9,0.7956480979919434,0.2770950496196747,0.8006344537740852,0.2549987891696233,0.9976503849029541
153,2,10,0.729267418384552,0.2747604250907898,0.729882365397767,0.25192846631847443,0.999174177646637
153,2,11,0.9662415385246277,0.27818363904953003,0.8881642209707755,0.24500780681390344,0.9924941062927246
153,2,12,0.3225173056125641,0.30874064564704895,0.28991203420148576,0.28145242261090553,0.9992281198501587
153,2,13,1.0261191129684448,0.46320319175720215,0.9895744869444159,0.4178617866426983,0.42646199464797974
153,2,14,0.17840297520160675,0.5854173898696899,0.17362832440457937,0.5617449875270729,0.9714242815971375
153,2,15,0.9300458431243896,0.4513576924800873,0.9776000764480168,0.4681222437958559,0.340287983417511
153,2,16,0.2034694403409958,0.8872404098510742,0.25232987463499335,0.843665028334182,0.8438459038734436
153,2,17,0.9169526100158691,0.44741305708885193,0.9917505068658145,0.48057390136413847,0.30398762226104736
153,2,18,0.13218934834003448,0.9686201810836792,0.20303779306587352,0.917784625934092,0.7499004602432251
153,2,19,0.9199759364128113,0.4455256164073944,0.9787722611347254,0.48153818153557737,0.31141501665115356
153,2,20,0.24693867564201355,0.9736051559448242,0.3248831086556861,0.9229786646108471,0.767539381980896
153,2,21,0.8815272450447083,0.4531008303165436,0.932961044729343,0.4840522946149405,0.3167147636413574
153,2,22,0.29046696424484253,0.945540189743042,0.35744748327812237,0.8946795485107175,0.7837743759155273
153,2,23,0.6376729607582092,0.5812501311302185,0.6092351878664715,0.5085781501906728,0.9825295805931091
153,2,24,0.26704031229019165,0.6044320464134216,0.255219336540389,0.5311032549953272,0.9919350743293762
153,2,25,0.9043426513671875,0.6930581331253052,0.8552093422811362,0.6566791603298293,0.678153395652771
153,2,26,0.2473197877407074,0.6377047300338745,0.3343154613368233,0.6533236415276668,0.7719466090202332
153,2,27,0.45539698004722595,0.8054178357124329,0.5279004892984005,0.8407550970338137,0.5614004135131836
153,2,28,0.23319366574287415,0.8484399914741516,0.33079131868655764,0.8558441759218657,0.580703616142273
153,2,29,0.3874226212501526,0.7984071969985962,0.4378535885600762,0.8544558797982226,0.49995964765548706
153,2,30,0.22078882157802582,0.862654447555542,0.2998229282016294,0.8686387951507046,0.4253353178501129
153,2,31,0.36549708247184753,0.9107048511505127,0.5708435808593474,0.94210952345461,0.5413229465484619
153,2,32,0.23856522142887115,0.9717860221862793,0.4179962899219155,0.968552269711592,0.5764058232307434
154,2,0,0.8207398056983948,0.2659500539302826,0.8089321916608331,0.2420249721442657,0.9958675503730774
154,2,1,0.8585112690925598,0.22521834075450897,0.8503198253324984,0.2063045173766677,0.9904229640960693
154,2,2,0.8718957901000977,0.22149744629859924,0.8653951957199829,0.20412561586493044,0.9881813526153564
154,2,3,0.8831052184104919,0.21777570247650146,0.8781820077636561,0.20203149268008133,0.9866366982460022
154,2,4,0.7932699918746948,0.22784975171089172,0.7833844430746614,0.20562081711776203,0.9953085780143738
154,2,5,0.7600703239440918,0.22540608048439026,0.7511399508665101,0.20242018459855424,0.9964550733566284
154,2,6,0.7272395491600037,0.2221483290195465,0.7176748820419362,0.19851830180440264,0.9970111846923828
154,2,7,0.8394286036491394,0.20467527210712433,0.8448651063314898,0.1889992695075045,0.9861354827880859
154,2,8,0.6462571024894714,0.20717179775238037,0.6384220441576309,0.1826379978715556,0.9984740018844604
154,2,9,0.815970778465271,0.28574445843696594,0.8038177628245072,0.2613832753021131,0.9976514577865601
154,2,10,0.7515667080879211,0.2849051356315613,0.7343840991239755,0.2587766511068472,0.9991952180862427
154,2,11,0.927018404006958,0.28773969411849976,0.8962342921963148,0.25388421919492815,0.990900993347168
154,2,12,0.3166216313838959,0.3150264620780945,0.2954577886310226,0.28842477745999384,0.9991437792778015
154,2,13,1.0396167039871216,0.4504839777946472,0.9999715297502654,0.424636301874332,0.39966684579849243
154,2,14,0.1260702759027481,0.5837208032608032,0.16374810356675715,0.5663072841247551,0.9724780917167664
154,2,15,0.9483195543289185,0.4727058410644531,0.971520057249615,0.46907336134902344,0.30928099155426025
154,2,16,0.14020167291164398,0.8645901679992676,0.22899369335811798,0.8480090992233041,0.8464503884315491
154,2,17,0.9455967545509338,0.47418856620788574,0.9821623349447408,0.47924884732086437,0.27607399225234985
154,2,18,0.07695301622152328,0.9414013624191284,0.17678685573482936,0.9226878447817117,0.7444456219673157
154,2,19,0.927198588848114,0.475820392370224,0.9680565544660235,0.4803516750661964,0.2833215594291687
154,2,20,0.18125095963478088,0.9431712031364441,0.2949643880798888,0.9271705708674812,0.7636134028434753
154,2,21,0.8933992385864258,0.48777341842651367,0.9247438153935268,0.48482442610156923,0.2884497344493866
154,2,22,0.22370237112045288,0.9205461740493774,0.3295958188374955,0.9000502126587734,0.7779395580291748
154,2,23,0.6279017925262451,0.5466617345809937,0.6131100979679218,0.5164880197176135,0.9793302416801453
154,2,24,0.25924620032310486,0.584030032157898,0.2560549147948883,0.5421005232003677,0.9902355074882507
154,2,25,0.9701851010322571,0.6352095603942871,0.8791399222630298,0.6522220429491488,0.6379684209823608
154,2,26,0.2669285833835602,0.6295405030250549,0.3203080628877495,0.6483859188819023,0.7419044375419617
154,2,27,0.4626527428627014,0.7028964757919312,0.5143385474224877,0.8120435674759977,0.5146937966346741
154,2,28,0.25410619378089905,0.7617025971412659,0.31484698770648806,0.8362610901374453,0.5307264924049377
154,2,29,0.3994649052619934,0.6937956213951111,0.4298803020969788,0.8209745300081056,0.4568263590335846
154,2,30,0.2348853498697281,0.7615422010421753,0.28632548557267257,0.8463528945519413,0.39126327633857727
154,2,31,0.40241608023643494,0.7866803407669067,0.5357353666356006,0.9097230130022755,0.4971993565559387
154,2,32,0.2938569188117981,0.856521725654602,0.39215144441840244,0.9452365045397426,0.5277275443077087
155,2,0,0.8085389733314514,0.2901626229286194,0.8088506066246205,0.25202578044176793,0.9894611835479736
155,2,1,0.8448197245597839,0.2521343231201172,0.8491785026189944,0.2158252523401354,0.9831172227859497
155,2,2,0.8589717745780945,0.24776272475719452,0.8640622413872477,0.21319028933413603,0.9786075949668884
155,2,3,0.8708288669586182,0.24284732341766357,0.8766560837799903,0.2105094464451523,0.978921115398407
155,2,4,0.781304121017456,0.25493234395980835,0.7829527973596158,0.21586583220875885,0.9904031753540039
155,2,5,0.7496980428695679,0.25180670619010925,0.7508407748271966,0.2126808017073441,0.9906720519065857
155,2,6,0.7194260954856873,0.24729032814502716,0.7180382391444776,0.20865107856052587,0.9921597838401794
155,2,7,0.8349713087081909,0.22301386296749115,0.8428118004189699,0.19606319566565664,0.9781996011734009
155,2,8,0.6393978595733643,0.2290881723165512,0.638624510451861,0.19228777209769513,0.9934769868850708
155,2,9,0.8041340708732605,0.30506786704063416,0.8038833905676032,0.2704578277668671,0.9951877593994141
155,2,10,0.7388355731964111,0.30500054359436035,0.735307798483669,0.26837936146911723,0.9975424408912659
155,2,11,0.927250325679779,0.26763615012168884,0.9026749739153848,0.2567385339077272,0.988898754119873
155,2,12,0.26929959654808044,0.30638501048088074,0.2900266115899235,0.29215299025148483,0.9975759387016296
155,2,13,1.0520573854446411,0.460193395614624,1.0107937801184976,0.43202089108540376,0.38301149010658264
155,2,14,0.06535375118255615,0.59034663438797,0.14327795371367905,0.5712982609258229,0.9623560905456543
155,2,15,1.0225284099578857,0.6159411072731018,0.9821180487936348,0.49966873728331734,0.28291016817092896
155,2,16,0.06547088176012039,0.858717679977417,0.1949130986729511,0.8502315748241942,0.8039448261260986
155,2,17,1.0454020500183105,0.6613538265228271,0.9953060471808235,0.5172214772010809,0.2521621584892273
155,2,18,0.0029936633072793484,0.9242702126502991,0.1405554948849645,0.9230161694853695,0.7001795768737793
155,2,19,1.0071426630020142,0.6603801250457764,0.9761747986925975,0.5178891630909582,0.2595028579235077
155,2,20,0.06710417568683624,0.912606954574585,0.2473910295278907,0.9241477516531796,0.7203359603881836
155,2,21,0.9668512344360352,0.6523309350013733,0.9334903147533886,0.5197390067495923,0.2643183171749115
155,2,22,0.11537303775548935,0.880092203617096,0.28488645144728614,0.8959071151378987,0.7321406602859497
155,2,23,0.6236982941627502,0.5007355213165283,0.6153075607178321,0.5132183087587261,0.9774305820465088
155,2,24,0.22473539412021637,0.5485945343971252,0.24955116016773962,0.5434481379304387,0.9865177869796753
155,2,25,1.133554458618164,0.5483558177947998,0.9322956598765401,0.6306102663619741,0.6203572750091553
155,2,26,0.22805817425251007,0.6783345341682434,0.3011193794479669,0.6546047529116572,0.698669970035553
155,2,27,0.6857754588127136,0.656560480594635,0.5500760994646605,0.7796456640047594,0.48096519708633423
155,2,28,0.2647264301776886,0.7336483597755432,0.3044335811676224,0.8149108488145044,0.4842393398284912
155,2,29,0.586394727230072,0.6554216742515564,0.4624938284459604,0.7864688103586069,0.42479926347732544
155,2,30,0.2396761178970337,0.715996503829956,0.2766341950965099,0.8192094248527951,0.3570701479911804
155,2,31,0.6825554370880127,0.7553479671478271,0.5663201122442673,0.8775569617024904,0.46183547377586365
155,2,32,0.31474173069000244,0.8253750205039978,0.37605605842718826,0.9202855404829504,0.4805951714515686
164,2,0,0.010047674179077148,0.41048359870910645,0.24632257227856724,0.36333827937854596,0.9602029919624329
164,2,1,0.02503526210784912,0.32050323486328125,0.26874909984008943,0.2893434168552066,0.9628278613090515
164,2,2,0.06142723560333252,0.3112771511077881,0.2988273303908803,0.28207756297188125,0.9601754546165466
164,2,3,0.055632948875427246,0.28095102310180664,0.29843103600425724,0.2599758605945627,0.9657210111618042
164,2,4,-0.07472025603055954,0.34365665912628174,0.17883130720293028,0.30562484962820496,0.962211012840271
164,2,5,-0.11233126372098923,0.35131633281707764,0.14283313278345244,0.31006114363568815,0.9528940916061401
164,2,6,-0.14953206479549408,0.3590949773788452,0.10692220373141648,0.3143307082954282,0.9542064666748047
164,2,7,0.11059916764497757,0.2905842065811157,0.3273093798986312,0.2624452159269708,0.9733501672744751
164,2,8,-0.18601000308990479,0.39169421792030334,0.05784795641515594,0.33238792008801055,0.9640955924987793
164,2,9,0.09913336485624313,0.457230806350708,0.30776790709444535,0.401675442645554,0.9886271357536316
164,2,10,-0.033190131187438965,0.487600177526474,0.19418387231951018,0.4224126760893412,0.9853309392929077
164,2,11,0.4814303517341614,0.5511516332626343,0.6064598582254421,0.46366534245434077,0.98860102891922
164,2,12,-0.24683892726898193,0.7146859169006348,-0.08766075601573553,0.5892756271067447,0.9897786378860474
164,2,13,0.9712437391281128,0.9023541212081909,0.9830237844618909,0.7628175910086176,0.3870120942592621
164,2,14,-0.13624227046966553,1.1461466550827026,-0.05317013920020189,0.9757661919391846,0.8751064538955688
164,2,15,0.8712208271026611,0.8388882875442505,0.9042300363754721,0.7381290493643634,0.3098853826522827
164,2,16,-0.018307924270629883,1.0370454788208008,0.04509887345379107,0.981478069603614,0.7389340400695801
164,2,17,0.8922710418701172,0.824817955493927,0.9229422250188839,0.7334253271180302,0.2763214409351349
164,2,18,-0.0037502050399780273,1.0322107076644897,0.03918998065895897,0.9997078566094462,0.6489426493644714
164,2,19,0.8346318602561951,0.7822192311286926,0.8767510858833736,0.7036506640493889,0.2860943078994751
164,2,20,-0.01915442943572998,0.9791938066482544,0.060070829876530035,0.962800639011024,0.6703664064407349
164,2,21,0.8009292483329773,0.8070611357688904,0.8403789706418459,0.7216764964892324,0.2910172939300537
164,2,22,0.001910567283630371,0.9848518371582031,0.08600680203357117,0.9583716167055585,0.6822197437286377
164,2,23,0.6723337769508362,1.4624429941177368,0.6553511609978354,1.182061041057769,0.8807230591773987
164,2,24,0.175944983959198,1.5485610961914062,0.19786181696277916,1.2518221635833866,0.8885505795478821
164,2,25,0.8937883973121643,2.1340596675872803,0.9052579870184003,1.692203642878082,0.5587330460548401
164,2,26,0.43099087476730347,2.20176100730896,0.3923405012355653,1.7472403825456733,0.6292780637741089
164,2,27,1.0424267053604126,2.737607002258301,0.8963875771149308,2.1645349331511534,0.43295153975486755
164,2,28,0.6242645978927612,2.805936813354492,0.5292471715936915,2.2233620838244668,0.43584325909614563
164,2,29,1.0733500719070435,2.81121563911438,0.8923567372447121,2.218953385074501,0.38238099217414856
164,2,30,0.6450269222259521,2.8860909938812256,0.5356311775066391,2.2817347815585785,0.3214559257030487
164,2,31,1.0420739650726318,2.942195415496826,0.9009355316732879,2.338482224118791,0.41571587324142456
164,2,32,0.6953760981559753,3.0023679733276367,0.6005098705035313,2.3936506900064227,0.4326041638851166
165,2,0,0.5063115954399109,0.7906748056411743,0.3006488070499312,0.45304501343011533,0.9626972079277039
165,2,1,0.5406830906867981,0.7630857825279236,0.3255896855256316,0.38891676791745394,0.964667558670044
165,2,2,0.546363115310669,0.7577715516090393,0.35053376634392436,0.38206638862846,0.962299108505249
165,2,3,0.5473867654800415,0.7505571246147156,0.35043598068256177,0.363135459360031,0.9671455025672913
165,2,4,0.47754985094070435,0.743097722530365,0.24131590127395122,0.39748460426785226,0.9643514752388
165,2,5,0.45791855454444885,0.740739643573761,0.20877065582135287,0.40047758048389837,0.9559574723243713
165,2,6,0.4386250674724579,0.7382645606994629,0.1763686414229068,0.40331491155086624,0.9569265842437744
165,2,7,0.5111461281776428,0.7632108926773071,0.36564345669297116,0.3677754437013222,0.9733595252037048
165,2,8,0.3683907687664032,0.750838041305542,0.12282710591925854,0.4202081170144582,0.9657005071640015
165,2,9,0.46367841958999634,0.7991641759872437,0.3402539358788256,0.48504897527037916,0.9850404858589172
165,2,10,0.46770745515823364,0.8039998412132263,0.25135956573308377,0.5024163390143424,0.9831109046936035
165,2,11,0.5276017785072327,0.9069739580154419,0.5900626812776316,0.5567656888940111,0.965441882610321
165,2,12,0.1830778270959854,0.9300808310508728,-0.03107026988156407,0.6606503746227174,0.9697666168212891
165,2,13,0.6946775913238525,0.8276584148406982,0.9227226637584383,0.7762949773059273,0.38804948329925537
165,2,14,0.18502618372440338,0.8445672392845154,-0.003425235020750754,0.9484473867457216,0.8501406311988831
165,2,15,0.6117854714393616,0.6653176546096802,0.8430648574013202,0.7229920368661589,0.31873777508735657
165,2,16,0.21417169272899628,0.6127253174781799,0.08034128321971823,0.9041929166043855,0.7177973389625549
165,2,17,0.591624915599823,0.631150484085083,0.8535732661424671,0.7121457817920077,0.28874868154525757
165,2,18,0.2867399752140045,0.6240869164466858,0.09090165675875032,0.9209684103092234,0.6320257782936096
165,2,19,0.571570634841919,0.6167767643928528,0.8128999637684946,0.6855830984940023,0.2984696626663208
165,2,20,0.2721288800239563,0.6176816821098328,0.10432524494185408,0.8905151451005361,0.6514309048652649
165,2,21,0.5762141346931458,0.6328562498092651,0.785171156057495,0.7032031666041019,0.3039213716983795
165,2,22,0.2604776918888092,0.6357994675636292,0.12237965928749875,0.8908500704866235,0.6596746444702148
165,2,23,0.6696436405181885,1.6185286045074463,0.6583177122223066,1.2737132402048406,0.7931645512580872
165,2,24,0.44530773162841797,1.6763969659805298,0.24955175954973585,1.3409490108317437,0.8000625371932983
165,2,25,0.5981149077415466,1.1047488451004028,0.8409931095618406,1.5683702217604707,0.5275353193283081
165,2,26,0.1956404149532318,1.2077877521514893,0.351308038458938,1.6336740551911648,0.5784005522727966
165,2,27,0.351765900850296,1.2605524063110352,0.7816990777052255,1.9723772129224717,0.40002259612083435
165,2,28,0.3197149336338043,1.1906177997589111,0.4855227580664959,2.003084349115752,0.39910808205604553
165,2,29,0.28733858466148376,1.2996244430541992,0.764743253903352,2.0234572809384974,0.35436373949050903
165,2,30,0.30225270986557007,1.2008401155471802,0.4868989350504315,2.0508979460099397,0.297654390335083
165,2,31,0.33471542596817017,1.246092438697815,0.7816285437643882,2.105119243119515,0.38758546113967896
165,2,32,0.38539671897888184,1.1190129518508911,0.5556139236731532,2.1200473197750953,0.40013185143470764
166,2,0,0.4418887794017792,0.7264522314071655,0.330066473957132,0.5102004223862262,0.9438402056694031
166,2,1,0.46905282139778137,0.5841749906539917,0.3554721801406181,0.4296483024094621,0.9400479793548584
166,2,2,0.4965067207813263,0.5597079396247864,0.38094113909887106,0.4191051443699423,0.940949559211731
166,2,3,0.3734946548938751,0.521356999874115,0.35522306010985305,0.3961075856451002,0.9453129768371582
166,2,4,0.3251056969165802,0.654279887676239,0.2587401754882897,0.4511429975509891,0.9408723711967468
166,2,5,0.2934418320655823,0.7040466070175171,0.22637865973657817,0.4639905380119435,0.9347215890884399
166,2,6,0.2622176706790924,0.6745989322662354,0.19422218883921905,0.4600231436987646,0.9323053359985352
166,2,7,0.4118300974369049,0.5316042304039001,0.3752381558864211,0.40192138923582316,0.9546587467193604
166,2,8,0.2899143695831299,0.7097992897033691,0.15765305006606647,0.4807734887733856,0.9365503787994385
166,2,9,0.2631111145019531,0.673305869102478,0.32421397196802065,0.5243121257881238,0.9606267809867859
166,2,10,0.230235755443573,0.7341513633728027,0.24697417349781212,0.5508048721671528,0.9613427519798279
166,2,11,0.34157249331474304,0.7380524277687073,0.5381524967149436,0.5945682507349896,0.962744414806366
166,2,12,-0.17624731361865997,0.8888086676597595,-0.06131220675406,0.7082875367082736,0.9570756554603577
166,2,13,0.6701516509056091,0.8182734251022339,0.8699540139829839,0.7850148189828506,0.3734022378921509
166,2,14,0.07017847895622253,0.932566225528717,0.011877036836692683,0.9451510027214217,0.7663125991821289
166,2,15,0.5681992173194885,0.7325173616409302,0.7856031688534617,0.7249688691512906,0.3175801932811737
166,2,16,0.07341500371694565,0.7765439748764038,0.07890395573180312,0.8776147498689753,0.6555078029632568
166,2,17,0.5671647191047668,0.750801682472229,0.7936793873001917,0.7201746475992892,0.29460442066192627
166,2,18,0.0680418387055397,0.7434132099151611,0.08615577582003485,0.8839483641276219,0.5847800374031067
166,2,19,0.5172147750854492,0.701926589012146,0.7510506329377667,0.6889755634679023,0.30814129114151
166,2,20,0.0043172528967261314,0.705689549446106,0.08351846949808645,0.8519716640844228,0.6057761311531067
166,2,21,0.5029241442680359,0.6920869946479797,0.7261545948045866,0.7008961039927916,0.309341698884964
166,2,22,0.0023808765690773726,0.729041337966919,0.09739998876239396,0.8571278971444813,0.61187344789505
166,2,23,0.47711747884750366,1.5292772054672241,0.6205346481826252,1.3271153578106674,0.7146688103675842
166,2,24,0.10580502450466156,1.5980671644210815,0.21960938150751022,1.3946784341218803,0.7204512357711792
166,2,25,0.5397573709487915,1.7524080276489258,0.7779734446344855,1.6067509842817125,0.47558194398880005
166,2,26,0.17090265452861786,1.587711215019226,0.3136912948012307,1.6241265755327972,0.520875096321106
166,2,27,0.6033067107200623,2.331481695175171,0.744503179221488,2.0476280359331227,0.36007794737815857
166,2,28,0.36391371488571167,2.2767887115478516,0.46020676454983256,2.0603044084394915,0.35931748151779175
166,2,29,0.5780827403068542,2.4197399616241455,0.7258144595510391,2.106583712211243,0.31897175312042236
166,2,30,0.37853002548217773,2.3499693870544434,0.464347422856616,2.113464612019831,0.26799601316452026
166,2,31,0.5577056407928467,2.452754259109497,0.7348805977730095,2.1779414919764246,0.3490491807460785
166,2,32,0.40937095880508423,2.409365177154541,0.5251491004172393,2.180553387837891,0.360310822725296
171,2,0,0.47712811827659607,0.8146970272064209,0.4135373662113361,0.6832559119870807,0.9480371475219727
171,2,1,0.4912072718143463,0.7634473443031311,0.4325070302182894,0.6194026932222945,0.9440697431564331
171,2,2,0.501325786113739,0.7586134672164917,0.449255410345064,0.6121140333219193,0.9452608823776245
171,2,3,0.4979669153690338,0.7534126043319702,0.43624021038508126,0.5992633605747916,0.948993444442749
171,2,4,0.45022016763687134,0.7747810482978821,0.3674620377535014,0.6351059391419825,0.944547176361084
171,2,5,0.43449363112449646,0.7803611159324646,0.34456197195645644,0.6438119988678253,0.9392040371894836
171,2,6,0.4188603162765503,0.7756322622299194,0.321805905832941,0.6394104976680448,0.9366974830627441
171,2,7,0.48409438133239746,0.7464621067047119,0.4370045520361299,0.5977993492999861,0.9579291343688965
171,2,8,0.3716941773891449,0.7767250537872314,0.27920779613566116,0.6489608550060325,0.9416699409484863
171,2,9,0.457632452249527,0.8290876746177673,0.3999325726462009,0.6975260906667631,0.9627256393432617
171,2,10,0.4226405918598175,0.838118851184845,0.34670429861789576,0.7140716342299301,0.9631837606430054
171,2,11,0.5107572674751282,0.8539053797721863,0.5226183383331451,0.741903588725274,0.959130585193634
171,2,12,0.13608741760253906,0.9232308864593506,0.050776730648682156,0.8303572632078473,0.952648937702179
171,2,13,0.6511815786361694,0.9183650612831116,0.7457062038176713,0.8606953901271907,0.37182775139808655
171,2,14,0.0644393041729927,0.9876925349235535,0.04168793362269322,0.9692766812457099,0.7288917899131775
171,2,15,0.5631014704704285,0.8272932767868042,0.6592333958971817,0.7830263591661536,0.34127476811408997
171,2,16,0.06040215492248535,0.917769193649292,0.06841354493159879,0.900386033056123,0.6662573218345642
171,2,17,0.5560763478279114,0.8404923677444458,0.6587159495899634,0.7884513774891801,0.32095083594322205
171,2,18,0.04120597243309021,0.9172338843345642,0.06066398579078607,0.9028232414901065,0.6013790369033813
171,2,19,0.5081275105476379,0.788780927658081,0.6130593041836083,0.7456025715134084,0.3375866711139679
171,2,20,-0.007851661182940006,0.8677359223365784,0.031681020584083855,0.8609096539186808,0.623545229434967
171,2,21,0.5004683136940002,0.7878159284591675,0.5979728332445533,0.750206965714491,0.34201428294181824
171,2,22,-0.0037263180129230022,0.885534405708313,0.040022872451707645,0.8732354610204534,0.6280770301818848
171,2,23,0.5683131217956543,1.6558233499526978,0.5909170770385457,1.513970232268171,0.6496748924255371
171,2,24,0.303112655878067,1.680733561515808,0.2669806565668269,1.5572306955743007,0.6526832580566406
171,2,25,0.5606448650360107,1.4138277769088745,0.6545469493290521,1.4972098774439377,0.46461766958236694
171,2,26,0.16277597844600677,1.4614664316177368,0.22802965702826203,1.5317918725858441,0.48709535598754883
171,2,27,0.5846347212791443,1.8270046710968018,0.6537523961548102,1.9223315060006847,0.3310292065143585
171,2,28,0.36112305521965027,1.749799132347107,0.4039895215427485,1.8838306153924,0.3273957669734955
171,2,29,0.5801488757133484,1.8962846994400024,0.6431356411220153,1.9871611648928538,0.29491308331489563
171,2,30,0.429838091135025,1.7868820428848267,0.44477823224578206,1.927829206510998,0.24504132568836212
171,2,31,0.5731616616249084,1.9922702312469482,0.6430777185940925,2.072524327429262,0.3230949938297272
171,2,32,0.47751176357269287,1.892823576927185,0.49813247244682046,2.017051903631811,0.33045849204063416
172,2,0,0.7244219779968262,0.9167811870574951,0.4785915729759815,0.7320207260586691,0.9523258805274963
172,2,1,0.7427534461021423,0.8437163829803467,0.4974265078810643,0.666232223408159,0.9480342268943787
172,2,2,0.7635982632637024,0.8344395160675049,0.5150393926418045,0.6585259692291249,0.9490111470222473
172,2,3,0.7844256162643433,0.8257418274879456,0.5091737072577053,0.6465477187141446,0.952055037021637
172,2,4,0.6788129210472107,0.8591649532318115,0.4326146584630383,0.6818819462164709,0.948707640171051
172,2,5,0.6557005643844604,0.8604528903961182,0.409669869775661,0.6890302113158778,0.9439365267753601
172,2,6,0.632579505443573,0.8602096438407898,0.3868368655042404,0.6855018122054388,0.9417067170143127
172,2,7,0.8149011731147766,0.7752897143363953,0.5162256188996254,0.6348062271930731,0.9603949189186096
172,2,8,0.589392364025116,0.8246626853942871,0.3441145532611089,0.6855928966409972,0.94678795337677
172,2,9,0.7628369331359863,0.9189139008522034,0.47597972629302937,0.7437408307039323,0.9652599692344666
172,2,10,0.6945626735687256,0.9348050951957703,0.4195689045542336,0.7601489317708741,0.9656679630279541
172,2,11,1.0101903676986694,0.8519923090934753,0.625135919580118,0.7648145597359972,0.9553093314170837
172,2,12,0.3802144229412079,0.8800070285797119,0.11974859853394552,0.840672840864159,0.9562473893165588
172,2,13,1.0257253646850586,0.8973408937454224,0.8042517623478171,0.868306289878078,0.3827364146709442
172,2,14,0.12543490529060364,0.7493085861206055,0.05910382826260392,0.9233614629592237,0.7483383417129517
172,2,15,0.8832147121429443,0.8546577095985413,0.7059909715662975,0.7979177630692614,0.36452749371528625
172,2,16,0.05427268519997597,0.9312752485275269,0.06547847681576105,0.9068002995291481,0.688044548034668
172,2,17,0.8550508618354797,0.8692076802253723,0.6996710305877297,0.805243982024414,0.3405182659626007
172,2,18,-0.054797638207674026,0.9875850677490234,0.03663189854346298,0.9204504854262795,0.6237485408782959
172,2,19,0.8446680903434753,0.8231746554374695,0.6614191319132511,0.7617316133180391,0.3602321147918701
172,2,20,-0.015124020166695118,0.9773983955383301,0.021957418747498215,0.8851560627158742,0.6460610032081604
172,2,21,0.8309330344200134,0.82780522108078,0.6466167724489447,0.766341458888483,0.36335596442222595
172,2,22,-0.002167316386476159,0.9524736404418945,0.031259094832919804,0.889711527001419,0.649896502494812
172,2,23,0.9228698015213013,1.5282810926437378,0.6604199715909683,1.5169407411209626,0.5926973819732666
172,2,24,0.6143085956573486,1.5287549495697021,0.3397335769437591,1.5513182194489867,0.5977605581283569
172,2,25,0.6028856039047241,1.1998684406280518,0.643812867560442,1.435013844346584,0.43795037269592285
172,2,26,0.2753017842769623,1.2367876768112183,0.2378503323867012,1.470088949906566,0.4645041525363922
172,2,27,0.5503188371658325,1.359150767326355,0.6322305449494866,1.8036773559133292,0.31311628222465515
172,2,28,0.3997795581817627,1.2757811546325684,0.40311594095228803,1.7555656814927532,0.3064791262149811
172,2,29,0.5343020558357239,1.3911361694335938,0.6204868056617647,1.86147669548573,0.2767782211303711
172,2,30,0.4393150806427002,1.282076120376587,0.44364457348312464,1.7914726383347408,0.22979150712490082
172,2,31,0.5047600865364075,1.4118789434432983,0.6142696654410637,1.9329685585597527,0.31143492460250854
172,2,32,0.45003142952919006,1.290492296218872,0.48813925909708966,1.8632960612389238,0.31535398960113525
173,2,0,0.6595089435577393,0.8412888646125793,0.5163157858004563,0.7547605701193614,0.9535875916481018
173,2,1,0.6443741917610168,0.7796069979667664,0.5280389239704201,0.6898293844198449,0.9491573572158813
173,2,2,0.6474857330322266,0.7781155705451965,0.5426198775316639,0.6834208991847424,0.95027095079422
173,2,3,0.6497880220413208,0.7763124704360962,0.538461726786524,0.6735684075239496,0.9522799253463745
173,2,4,0.6369792222976685,0.7836579084396362,0.47525539030659575,0.7030582321997586,0.9496992826461792
173,2,5,0.6345341205596924,0.7846347689628601,0.4566142499643798,0.7089190553178792,0.945590078830719
173,2,6,0.6296126842498779,0.8017083406448364,0.437545492822057,0.7096902106124514,0.9429145455360413
173,2,7,0.6560115814208984,0.7872960567474365,0.5453405467715197,0.6665786311298021,0.9594411849975586
173,2,8,0.6468604207038879,0.7957924604415894,0.4074528576792505,0.7085270787438622,0.9470811486244202
173,2,9,0.6726800203323364,0.867609441280365,0.5170128491132685,0.7695294339115875,0.9619678258895874
173,2,10,0.6684879064559937,0.8816405534744263,0.47156952301727717,0.7854409991263339,0.9624143242835999
173,2,11,0.7913967370986938,0.9392296671867371,0.6597907539607314,0.801176799512132,0.9266008138656616
173,2,12,0.6012120842933655,0.9093520641326904,0.2209676903948433,0.8549495418757025,0.9529256820678711
173,2,13,0.5449351668357849,0.7745776772499084,0.7500645097661572,0.8488094304448089,0.3818792402744293
173,2,14,0.44908079504966736,0.6680719256401062,0.14088504756911285,0.8700214167002381,0.7544491291046143
173,2,15,0.4532617926597595,0.6833109855651855,0.6531894382410456,0.774064205795078,0.35988083481788635
173,2,16,0.21858516335487366,0.6904678344726562,0.09737901105647702,0.8616479364311719,0.6970899701118469
173,2,17,0.4112766981124878,0.6739974617958069,0.6393591836594016,0.7779146411482064,0.3389683961868286
173,2,18,0.19865788519382477,0.7292724847793579,0.07039905750593094,0.880575762841538,0.6352889537811279
173,2,19,0.4283590018749237,0.6800369620323181,0.6127530701787856,0.7447435631814403,0.35772213339805603
173,2,20,0.22742512822151184,0.7641922831535339,0.06482905944103863,0.8599747978090904,0.655963659286499
173,2,21,0.44509586691856384,0.6908552646636963,0.6045729345897977,0.7506471122046324,0.35974499583244324
173,2,22,0.24829019606113434,0.7645552754402161,0.07655777605833489,0.863654505658751,0.6573346257209778
173,2,23,0.8295656442642212,1.6918740272521973,0.6956783576175745,1.5534121531648704,0.5342879295349121
173,2,24,0.7159693241119385,1.6320089101791382,0.4186051112311826,1.5680976953566415,0.5391135811805725
173,2,25,0.6832731366157532,1.0233824253082275,0.6520088295671236,1.348641452174498,0.4036325514316559
173,2,26,0.5486947894096375,1.0530338287353516,0.3028960464347121,1.3825659570390878,0.4363034963607788
173,2,27,0.5630528926849365,0.9527190327644348,0.6178500526901697,1.6229931974933007,0.29583510756492615
173,2,28,0.5465861558914185,0.8896434307098389,0.433000687170314,1.571626557884381,0.2956832945346832
173,2,29,0.5090476274490356,0.9708014726638794,0.5972941096920195,1.6721590333693184,0.26307734847068787
173,2,30,0.5097838640213013,0.9042546153068542,0.45739208629801764,1.60290163821821,0.2246050387620926
173,2,31,0.5512875318527222,0.843565821647644,0.6011792566104066,1.7001813080923378,0.29962512850761414
173,2,32,0.5824094414710999,0.7035089731216431,0.5077491271849996,1.6149994298759054,0.3102414011955261
174,2,0,0.6623375415802002,0.8238387107849121,0.5467346462280013,0.7691204997289076,0.9520928859710693
174,2,1,0.6501262187957764,0.7603012919425964,0.5534550469541475,0.704479623360925,0.9459133744239807
174,2,2,0.6480603814125061,0.7593687772750854,0.5645604163855934,0.6992119088593114,0.9474655985832214
174,2,3,0.6459124088287354,0.7574806213378906,0.5608218417457733,0.6910192112515083,0.947277843952179
174,2,4,0.6572491526603699,0.7632613778114319,0.5132053372610559,0.7155701724368198,0.9457902312278748
174,2,5,0.6605632901191711,0.7643488645553589,0.49916806769113675,0.7204374440233239,0.9426987171173096
174,2,6,0.6637939810752869,0.7760853171348572,0.48478100129938334,0.7234913708677518,0.939235508441925
174,2,7,0.6467626094818115,0.8150248527526855,0.5664426874501082,0.6975050111695223,0.9520666599273682
174,2,8,0.6764969229698181,0.7822923064231873,0.4636891982345708,0.7238632906535379,0.9421581625938416
174,2,9,0.6612740159034729,0.8633776903152466,0.5470636221918497,0.7890518211047257,0.9500994086265564
174,2,10,0.6732001304626465,0.8711983561515808,0.5136371230836334,0.8032763318548867,0.9521868824958801
174,2,11,0.7177310585975647,1.0054261684417725,0.6718316946903297,0.8437937708981336,0.9014094471931458
174,2,12,0.6661620140075684,0.940535843372345,0.3144729206160492,0.8727490426337222,0.9444470405578613
174,2,13,0.4589892029762268,0.8551331758499146,0.6891874821774996,0.8501217044320426,0.3883824050426483
174,2,14,0.4919378459453583,0.7686724066734314,0.21442736308976867,0.8489346009713048,0.7398589849472046
174,2,15,0.35777875781059265,0.7330706715583801,0.5913981271803658,0.7655493133021025,0.37465938925743103
174,2,16,0.3115398585796356,0.7281323671340942,0.14207538898114197,0.8338439474925131,0.6965044140815735
174,2,17,0.3257599472999573,0.7093080878257751,0.5737304064755905,0.7636533078361221,0.35683688521385193
174,2,18,0.27032554149627686,0.7310941815376282,0.11210839356025713,0.8494333153941032,0.6396338939666748
174,2,19,0.3430590033531189,0.7086999416351318,0.5563805323553431,0.737257857855673,0.37411120533943176
174,2,20,0.2867734432220459,0.7513481378555298,0.11115984041467249,0.8373694109910625,0.6587157845497131
174,2,21,0.35913586616516113,0.7238301634788513,0.5533048938534755,0.7450790627541232,0.3734745383262634
174,2,22,0.29743722081184387,0.7614336013793945,0.12266490530884613,0.8423859114403489,0.6584655046463013
174,2,23,0.7858154773712158,1.8640823364257812,0.714426708607309,1.6184236736910744,0.48142164945602417
174,2,24,0.747511088848114,1.8194068670272827,0.48746720517584907,1.6206017875542313,0.48581334948539734
174,2,25,0.6942412853240967,1.0748815536499023,0.6607812769083535,1.2914122462910333,0.3752824366092682
174,2,26,0.5860505104064941,1.1406160593032837,0.3621037072539564,1.332030666164395,0.4014168083667755
174,2,27,0.5073160529136658,0.965391993522644,0.5948463836373397,1.4840706640306827,0.28151267766952515
174,2,28,0.5475972890853882,0.9252214431762695,0.4568522398288028,1.4351072460638357,0.2779111862182617
174,2,29,0.4372822642326355,0.9963327646255493,0.5639480631100621,1.5293148021071037,0.2527247369289398
174,2,30,0.5095807313919067,0.9401614665985107,0.4682357013604078,1.4628693621884514,0.2170654833316803
174,2,31,0.5167824029922485,0.7654816508293152,0.5836276553203028,1.5012344880482529,0.2908690869808197
174,2,32,0.5784580707550049,0.6816176176071167,0.5224483320746466,1.4163294749691917,0.2992461323738098
175,2,0,0.6262915730476379,0.8299968242645264,0.5632774821671147,0.7817725220998432,0.9454821944236755
175,2,1,0.6315159797668457,0.7610059380531311,0.569686095238163,0.7162261758190361,0.9331337809562683
175,2,2,0.632632851600647,0.7574543952941895,0.578710668986242,0.7113156692318167,0.9362024664878845
175,2,3,0.6332569718360901,0.7512571811676025,0.5758808087848591,0.7035383749741191,0.931301474571228
175,2,4,0.633978545665741,0.7758389711380005,0.538347134985626,0.7280957195454932,0.9312682747840881
175,2,5,0.6369855999946594,0.7852098345756531,0.5278715691022884,0.7339006329629807,0.9310935735702515
175,2,6,0.6401494741439819,0.7792650461196899,0.517155567639764,0.7350812701380705,0.9253712892532349
175,2,7,0.6514462828636169,0.7897820472717285,0.5841207395490862,0.7166997498520055,0.932798445224762
175,2,8,0.66187584400177,0.7763077616691589,0.5050347567308813,0.7347603500948456,0.9265715479850769
175,2,9,0.6275948286056519,0.8693278431892395,0.563809550890887,0.8057446068570492,0.9260475635528564
175,2,10,0.6325512528419495,0.8856059312820435,0.5383908063569983,0.8203971014689643,0.9302000403404236
175,2,11,0.6977291107177734,0.9936121702194214,0.6772088176704643,0.87500707969279,0.8857780694961548
175,2,12,0.6284934282302856,0.9186861515045166,0.38019395445253373,0.8822922016544408,0.9412920475006104
175,2,13,0.46132031083106995,0.8622115254402161,0.6416118489662835,0.8526309251275851,0.4168145954608917
175,2,14,0.44931185245513916,0.7590101957321167,0.2634784463089792,0.8302307019786455,0.7280468940734863
175,2,15,0.2525118291378021,0.7840485572814941,0.5204281666669671,0.7693894690280125,0.3961334228515625
175,2,16,0.23330694437026978,0.7999387383460999,0.16105182913381139,0.8268026781365146,0.6920205354690552
175,2,17,0.19867148995399475,0.7702492475509644,0.49510725967836844,0.7650220713915493,0.37628498673439026
175,2,18,0.20082858204841614,0.8179811239242554,0.13056116897416423,0.8429019207657719,0.6385957598686218
175,2,19,0.20757848024368286,0.7677802443504333,0.4833144609757508,0.7435959366436177,0.3923864960670471
175,2,20,0.20911262929439545,0.8411571383476257,0.13153812200767448,0.8381553596788337,0.6575421690940857
175,2,21,0.2315310835838318,0.7822698354721069,0.485950573235841,0.7528032768739428,0.38840898871421814
175,2,22,0.2239074409008026,0.8486232757568359,0.14372949575939234,0.8436802444312043,0.6563906669616699
175,2,23,0.7754731178283691,1.8994511365890503,0.7271140517460554,1.6771850217750706,0.4337855875492096
175,2,24,0.7145102620124817,1.8672094345092773,0.5348709571154151,1.6721172004930032,0.4379233121871948
175,2,25,0.7244705557823181,1.0699682235717773,0.674018555111903,1.2451854453072624,0.3486992120742798
175,2,26,0.5933837294578552,1.107978105545044,0.4103964000690796,1.2852561990753775,0.3683249354362488
175,2,27,0.5432976484298706,0.9454631805419922,0.5841357857389334,1.3706458889655948,0.2683756351470947
175,2,28,0.5850354433059692,0.8913681507110596,0.4835416509314125,1.3205841126720603,0.2595526874065399
175,2,29,0.4821636974811554,0.9661309719085693,0.5469410031718867,1.4106343046252812,0.2436874359846115
175,2,30,0.5462168455123901,0.9013243317604065,0.4844499374151551,1.3445376135750948,0.207624614238739
175,2,31,0.5599111318588257,0.7696546912193298,0.5787036985245708,1.3463484876366436,0.28284627199172974
175,2,32,0.6141364574432373,0.6704661846160889,0.5415197877933683,1.2583523403188703,0.2848608195781708
176,2,0,0.7137013077735901,0.848027229309082,0.594617109419675,0.7955443296880075,0.9460229277610779
176,2,1,0.712850034236908,0.7934200763702393,0.5995071688507936,0.7322766631523819,0.9346173405647278
176,2,2,0.7081226706504822,0.7927289605140686,0.6056570026296181,0.7282454412460312,0.9372022747993469
176,2,3,0.7066922783851624,0.7795252799987793,0.6031196334010193,0.7193373983074404,0.9315600991249084
176,2,4,0.7319006323814392,0.796309232711792,0.5787203719415794,0.74227545025952,0.9323976039886475
176,2,5,0.7383307814598083,0.7987566590309143,0.5717916298429659,0.7473811869029096,0.9322856068611145
176,2,6,0.7432812452316284,0.794634222984314,0.5643654109595869,0.7474577525061281,0.9272972345352173
176,2,7,0.7135966420173645,0.8079953193664551,0.611080522338863,0.7356897462484618,0.9314776659011841
176,2,8,0.7751340866088867,0.7948963642120361,0.5614936150398679,0.7472581847811401,0.9276442527770996
176,2,9,0.7082352042198181,0.8869977593421936,0.5938946297734587,0.8226409810823159,0.9227338433265686
176,2,10,0.7194299101829529,0.8987230658531189,0.5761409137149199,0.836683455740161,0.9297351837158203
176,2,11,0.7200812101364136,1.070976972579956,0.6861146095412564,0.9158872911730156,0.8587098717689514
176,2,12,0.7672730684280396,1.0018681287765503,0.4613666715553055,0.9071837398133271,0.9347831606864929
176,2,13,0.35395124554634094,0.9209799766540527,0.5814537020131346,0.8668386672582067,0.42545485496520996
176,2,14,0.4440206289291382,0.8171807527542114,0.30112514221142955,0.8275221158760724,0.7082797884941101
176,2,15,0.21983307600021362,0.7339106202125549,0.457542056242999,0.7620211659044018,0.40964481234550476
176,2,16,0.21051189303398132,0.6768572926521301,0.17132783479405417,0.795563225695844,0.6887372732162476
176,2,17,0.17416946589946747,0.6875773072242737,0.42792747311281426,0.7489195968089304,0.393006294965744
176,2,18,0.21419501304626465,0.681712806224823,0.14795359667270103,0.8093096068417469,0.6408182978630066
176,2,19,0.21442990005016327,0.686485767364502,0.42711108456833125,0.7317281362994091,0.40883269906044006
176,2,20,0.2156216949224472,0.687323272228241,0.1490243339585477,0.8067305552718962,0.6597303748130798
176,2,21,0.2353839874267578,0.7052276134490967,0.4336026666290828,0.7429193979770924,0.4024965167045593
176,2,22,0.22243309020996094,0.7020629048347473,0.1600944512899106,0.814182734065795,0.6568765044212341
176,2,23,0.7949422597885132,2.0325236320495605,0.7412134636402112,1.7516353512109537,0.390828013420105
176,2,24,0.8165411353111267,2.006991386413574,0.5937679301587059,1.7422400488425964,0.3946889638900757
176,2,25,0.7448016405105591,1.2424848079681396,0.6887331303071889,1.2446250622791795,0.32357552647590637
176,2,26,0.634067177772522,1.277510643005371,0.4570907004741615,1.2836487754783752,0.33585402369499207
176,2,27,0.5089174509048462,1.1489763259887695,0.5684970460747057,1.324364683492365,0.25063827633857727
176,2,28,0.5903162360191345,1.0734065771102905,0.5057604728535642,1.2689405118709012,0.23703809082508087
176,2,29,0.4319572448730469,1.1879932880401611,0.5230083311476674,1.3641483609437215,0.22740377485752106
176,2,30,0.5514357089996338,1.0974202156066895,0.498373755665027,1.2929059914312644,0.19186171889305115
176,2,31,0.5220655798912048,0.9295871257781982,0.5669340060349802,1.2588580613497096,0.26643285155296326
176,2,32,0.6216320991516113,0.8154066205024719,0.5581781461291768,1.1652955037136248,0.26288777589797974
177,2,0,0.7028812170028687,0.8732092380523682,0.6171469995405563,0.8116929059218515,0.9374333024024963
177,2,1,0.688788115978241,0.8057328462600708,0.6180769002735976,0.7475483737812414,0.9253614544868469
177,2,2,0.6861785054206848,0.804275631904602,0.6224007770675486,0.7440534192812451,0.9272114038467407
177,2,3,0.685019850730896,0.7934475541114807,0.6201507696314715,0.7347453675773283,0.9189384579658508
177,2,4,0.7089250087738037,0.8089491724967957,0.6058326026375656,0.7561344728198094,0.9214580655097961
177,2,5,0.718360185623169,0.810762882232666,0.6023251108811465,0.7605547221689082,0.9210411906242371
177,2,6,0.7269558310508728,0.8093670606613159,0.5982516253682124,0.7603247363906837,0.9162554144859314
177,2,7,0.705530047416687,0.8169635534286499,0.6307280988414438,0.7525904450306081,0.9177901744842529
177,2,8,0.7511911392211914,0.8130586743354797,0.6010591550932974,0.7609353434310907,0.9158439636230469
177,2,9,0.6897777915000916,0.8989356160163879,0.6138412720846678,0.8385040401673977,0.9056195020675659
177,2,10,0.6979916095733643,0.90585857629776,0.6015078817072131,0.8510634113451473,0.9175928831100464
177,2,11,0.7119669914245605,1.0764955282211304,0.6914823305117748,0.9493584832400268,0.8369064331054688
177,2,12,0.7292960286140442,1.0327825546264648,0.5173713795320622,0.9333333680210236,0.9275314807891846
177,2,13,0.325717955827713,0.9375247359275818,0.5280181597495106,0.8815331561184904,0.43510767817497253
177,2,14,0.41044536232948303,0.8039764761924744,0.32387601358080914,0.8226336879229048,0.6844657063484192
177,2,15,0.17882339656352997,0.7901515364646912,0.39926704346582403,0.7678621443531221,0.40983426570892334
177,2,16,0.20306330919265747,0.7323705554008484,0.1779180818532441,0.7824290885682578,0.6739211082458496
177,2,17,0.13801060616970062,0.7587149143218994,0.3672920213051243,0.750952460689761,0.3948200047016144
177,2,18,0.18638233840465546,0.7331598401069641,0.15593525398067232,0.7934767764337293,0.6319231390953064
177,2,19,0.17674151062965393,0.7591062784194946,0.3748040625686594,0.7374128045669803,0.41054508090019226
177,2,20,0.18898507952690125,0.7460902333259583,0.1573245555904509,0.7941278380483738,0.6520013213157654
177,2,21,0.19587485492229462,0.7759082913398743,0.38395426276275124,0.7497701187040993,0.40326887369155884
177,2,22,0.19945533573627472,0.7587732672691345,0.1682699398384087,0.8026687970790152,0.6487840414047241
177,2,23,0.7847696542739868,2.101337194442749,0.7502613942023424,1.8248941775690966,0.3521936535835266
177,2,24,0.7787356972694397,2.0908236503601074,0.6323424611716351,1.8152616488005076,0.3558197021484375
177,2,25,0.7475714683532715,1.3077623844146729,0.7009605996949864,1.257747205287776,0.30096736550331116
177,2,26,0.6059137582778931,1.3530747890472412,0.48809593739335644,1.2980804671545176,0.30568474531173706
177,2,27,0.4934314787387848,1.2232476472854614,0.5528901517314507,1.303323322081763,0.23248672485351562
177,2,28,0.5676600337028503,1.1433815956115723,0.5186253179110495,1.2427951636116057,0.21569332480430603
177,2,29,0.41108930110931396,1.264969825744629,0.49971552799185853,1.343511239268092,0.21080683171749115
177,2,30,0.510636031627655,1.1714142560958862,0.5009187782429557,1.267610123806832,0.17673102021217346
177,2,31,0.5083687901496887,1.0041347742080688,0.5547632281510961,1.2056217526675816,0.24846644699573517
177,2,32,0.5780344605445862,0.8754935264587402,0.5623001699827787,1.1046678020376952,0.24135370552539825
178,2,0,0.6851100325584412,0.9066470861434937,0.6312744961213784,0.8314457330073473,0.9426530003547668
178,2,1,0.7021597027778625,0.8214824795722961,0.635562937846949,0.762919612643111,0.9311828017234802
178,2,2,0.7165126800537109,0.8186265826225281,0.6419778633969297,0.7595577986722092,0.9325457215309143
178,2,3,0.7315898537635803,0.8135243058204651,0.6433433195324028,0.7511260704370574,0.9249814748764038
178,2,4,0.6745237708091736,0.8225438594818115,0.6201118157641001,0.7699384173550401,0.9276592135429382
178,2,5,0.6677384376525879,0.8209333419799805,0.615921761138241,0.7731030168213072,0.927040159702301
178,2,6,0.6611076593399048,0.8177984356880188,0.611315851785278,0.772268352922845,0.9229835271835327
178,2,7,0.778357744216919,0.81476229429245,0.6614831907665809,0.7655121015845592,0.9227296113967896
178,2,8,0.6748133897781372,0.8133034706115723,0.6163932561641827,0.771816428026427,0.9216281175613403
178,2,9,0.7049002051353455,0.8866345286369324,0.6327817799691899,0.8485034716060045,0.9097296595573425
178,2,10,0.6719213128089905,0.8916551470756531,0.616145839216049,0.8594948596128226,0.9207701086997986
178,2,11,0.8882289528846741,1.05280601978302,0.7325250392968758,0.9708833868943106,0.8168515563011169
178,2,12,0.6289933323860168,1.0136340856552124,0.5406036325659617,0.95003113872735,0.9236851930618286
178,2,13,0.6096363663673401,0.8578248023986816,0.544989709881585,0.8766109781520168,0.4521144926548004
178,2,14,0.3683479428291321,0.7968329787254333,0.3331145998370597,0.8172767490273999,0.6753921508789062
178,2,15,0.26654309034347534,0.7257415056228638,0.37162751687993417,0.7591128597020441,0.3941803276538849
178,2,16,0.19989259541034698,0.748333215713501,0.18248011421829324,0.7753482034844456,0.6453923583030701
178,2,17,0.22015883028507233,0.6871179342269897,0.3366394107986946,0.737684821003482,0.37666746973991394
178,2,18,0.17282578349113464,0.7491830587387085,0.15944133113470016,0.7842754539043902,0.6072558164596558
178,2,19,0.21303647756576538,0.7079936861991882,0.34108955597783447,0.7313040161062918,0.3917590081691742
178,2,20,0.18251176178455353,0.764748215675354,0.16255403344898364,0.7880272157000273,0.6278238296508789
178,2,21,0.265129417181015,0.7277137637138367,0.3592189398378578,0.7451911169789279,0.38584375381469727
178,2,22,0.195816308259964,0.7772008776664734,0.17398960897438584,0.7973810057012889,0.6255462765693665
178,2,23,0.8609322309494019,2.044745922088623,0.7732935369823419,1.8707881855318313,0.3172251582145691
178,2,24,0.7435311079025269,2.04671311378479,0.6554835281338979,1.8635920344878112,0.32066935300827026
178,2,25,0.7462761402130127,1.2723569869995117,0.7103743364106877,1.260779584794551,0.2808398902416229
178,2,26,0.588291347026825,1.3387373685836792,0.508942349956787,1.306525225483365,0.2832856774330139
178,2,27,0.4699695110321045,1.0347895622253418,0.5356463943038476,1.247189051802471,0.21992099285125732
178,2,28,0.47478246688842773,0.9703972935676575,0.5095179088473074,1.1858465024992355,0.20022951066493988
178,2,29,0.3881534934043884,1.051191806793213,0.47649726563821043,1.2823645670357695,0.19940486550331116
178,2,30,0.4185449182987213,0.9675295352935791,0.4837891380471222,1.204826080526064,0.16638614237308502
178,2,31,0.46667104959487915,0.8196764588356018,0.5364414132614174,1.1246756231393524,0.24142570793628693
178,2,32,0.47459155321121216,0.676435649394989,0.5440584981498169,1.0147468245136793,0.22819355130195618
179,2,0,0.6558898091316223,0.8534529209136963,0.636385167711973,0.8360145757633464,0.9477129578590393
179,2,1,0.643543004989624,0.7543055415153503,0.6372190093699466,0.7611319739139389,0.9370514750480652
179,2,2,0.6518700122833252,0.7506824135780334,0.6440308483462082,0.7577159178316857,0.9381504058837891
179,2,3,0.6595227718353271,0.7492028474807739,0.6467017391314334,0.7507270268911022,0.9313422441482544
179,2,4,0.6320798993110657,0.7533125281333923,0.6225957916137536,0.7664873568983046,0.9337735176086426
179,2,5,0.6304268836975098,0.7494483590126038,0.6189325185527434,0.7681920307315335,0.9329776167869568
179,2,6,0.6288100481033325,0.7439222931861877,0.6149473469204805,0.7663826135252623,0.9294552803039551
179,2,7,0.6919036507606506,0.7410730719566345,0.667800160129928,0.7604381742009457,0.9291026592254639
179,2,8,0.6254096031188965,0.7165682315826416,0.6182644721999441,0.7603362395212294,0.9280700087547302
179,2,9,0.6476778984069824,0.8721439838409424,0.6358737112265206,0.8534116190229163,0.9164336323738098
179,2,10,0.6316337585449219,0.8737350702285767,0.6193606754095254,0.8624505860225337,0.9264266490936279
179,2,11,0.7969952821731567,0.9905045628547668,0.7459252414694673,0.9749566430681859,0.8232881426811218
179,2,12,0.5533589124679565,0.9660845994949341,0.5432511743956642,0.9533633921674197,0.924669623374939
179,2,13,0.6026327610015869,0.8909210562705994,0.5569680973017294,0.8795811894557394,0.45957326889038086
179,2,14,0.33887696266174316,0.8329135775566101,0.33431038605225694,0.8205224364891427,0.6378850340843201
179,2,15,0.3263283371925354,0.7423931956291199,0.3622167786310175,0.7556422888072614,0.38636836409568787
179,2,16,0.19971773028373718,0.7533460259437561,0.18605826774842993,0.7707804180378336,0.605072021484375
179,2,17,0.2735729515552521,0.6932843327522278,0.3235310716207613,0.7284613721630575,0.37030866742134094
179,2,18,0.17637744545936584,0.7451294660568237,0.16295687046096022,0.7761446600520405,0.5754281282424927
179,2,19,0.28612127900123596,0.6997319459915161,0.3296670860979616,0.7247477832568955,0.385881632566452
179,2,20,0.183547243475914,0.7425122857093811,0.16691222416559381,0.7785719322955481,0.5975341200828552
179,2,21,0.3115239143371582,0.7248732447624207,0.34930991708630105,0.7409732339377526,0.3800109028816223
179,2,22,0.1918604075908661,0.7583637237548828,0.17769926705602235,0.7892770009683507,0.5944941639900208
179,2,23,0.798379123210907,2.034071207046509,0.7785019045713386,1.9048204996305793,0.2858201861381531
179,2,24,0.6913512349128723,2.0490849018096924,0.6629329504198153,1.9022767730005306,0.2890070676803589
179,2,25,0.7250282764434814,1.304982304573059,0.7134159375460801,1.269961750793709,0.2579306662082672
179,2,26,0.549488365650177,1.41707444190979,0.517364375852515,1.329531489697619,0.25714021921157837
179,2,27,0.44676414132118225,1.2468816041946411,0.5171598663617579,1.247125255582032,0.20046336948871613
179,2,28,0.4273461699485779,1.21611750125885,0.49243043887039767,1.192131588458183,0.18128889799118042
179,2,29,0.37000638246536255,1.2879539728164673,0.4543375114833229,1.2835242894401293,0.1815391182899475
179,2,30,0.38346409797668457,1.2384344339370728,0.46291621447370324,1.2118046726058027,0.15117375552654266
179,2,31,0.4381263256072998,1.0823231935501099,0.5159876463747483,1.1158762196889926,0.22247140109539032
179,2,32,0.41424012184143066,0.9911059141159058,0.5170274967543332,1.0098374320808012,0.2081402838230133
180,2,0,0.5994489789009094,0.7865601778030396,0.6287139560993833,0.8257399389335354,0.9527171850204468
180,2,1,0.6133251786231995,0.693962037563324,0.6322583212318748,0.7471699412209424,0.9430296421051025
180,2,2,0.6273955702781677,0.6920832395553589,0.6405778253171741,0.7440740021321673,0.9439937472343445
180,2,3,0.63434898853302,0.6922590732574463,0.6441379563627805,0.7385767221940649,0.9378710985183716
180,2,4,0.5897690653800964,0.6877474784851074,0.6157788611662746,0.7501151547071048,0.9400614500045776
180,2,5,0.5843656659126282,0.68182772397995,0.6117538974315332,0.7502307252031308,0.9392967224121094
180,2,6,0.5794692039489746,0.6748009920120239,0.607579306906548,0.7473335174028036,0.9361450672149658
180,2,7,0.6235544085502625,0.672165036201477,0.658608999947692,0.7420789600013072,0.9358139038085938
180,2,8,0.5833309888839722,0.6291422247886658,0.6110097011449986,0.7330179465250244,0.9348704814910889
180,2,9,0.6114509105682373,0.8277258276939392,0.6308031391975419,0.848078635957164,0.9238449931144714
180,2,10,0.5827414989471436,0.8217093348503113,0.6117554052250274,0.8539882126590832,0.9329625964164734
180,2,11,0.7235399484634399,0.9322055578231812,0.7412779669268797,0.9660763853892602,0.83658766746521
180,2,12,0.5150705575942993,0.8720799088478088,0.5374000442098577,0.9364611062624658,0.9295565485954285
180,2,13,0.5783382654190063,0.9520791172981262,0.5614044657336374,0.8946530749523294,0.47441306710243225
180,2,14,0.4406019151210785,0.8510147929191589,0.35642872571992223,0.826854241976019,0.614470362663269
180,2,15,0.3488095998764038,0.7476988434791565,0.359433958586505,0.7539938339556542,0.3996645510196686
180,2,16,0.474405437707901,0.7345407605171204,0.24635986505708773,0.7632539009849845,0.5827274918556213
180,2,17,0.29198744893074036,0.6805641055107117,0.31698049785060683,0.7185105673149802,0.3866086006164551
180,2,18,0.4979037344455719,0.7064567804336548,0.2330928519447097,0.7616580130679983,0.559611976146698
180,2,19,0.3436686396598816,0.6666821837425232,0.3325731405517783,0.7126811100331714,0.40232419967651367
180,2,20,0.4871966242790222,0.6974212527275085,0.23395124884590363,0.761697122523784,0.5824496746063232
180,2,21,0.3588557243347168,0.6980112791061401,0.3512909388927434,0.7320489843032103,0.3947032690048218
180,2,22,0.4797300398349762,0.7207518815994263,0.24088614636949052,0.7750325620433631,0.5766530632972717
180,2,23,0.688685417175293,1.9685441255569458,0.7598208503985376,1.9180657091700826,0.25811800360679626
180,2,24,0.6168287396430969,1.9596705436706543,0.6533554301953202,1.9142041765625357,0.26100343465805054
180,2,25,0.6944356560707092,1.320299506187439,0.7094758703813044,1.2804201431325235,0.2407536506652832
180,2,26,0.5215755701065063,1.4250788688659668,0.5182382246597731,1.349407627504808,0.23465722799301147
180,2,27,0.4157748222351074,1.326828122138977,0.4960656457192059,1.2636968377144198,0.18383058905601501
180,2,28,0.4074116051197052,1.2798511981964111,0.47474950197597016,1.2103738835127384,0.164632648229599
180,2,29,0.350527286529541,1.3756747245788574,0.43273718207934225,1.3026903559754024,0.16642099618911743
180,2,30,0.3669950067996979,1.3037606477737427,0.4429619077528927,1.2309300635089486,0.13797339797019958
180,2,31,0.3932667076587677,1.1704286336898804,0.49043927409667176,1.1272097587362908,0.2076830416917801
180,2,32,0.37876656651496887,1.0851473808288574,0.4882318177971799,1.025492045471998,0.1910315304994583
181,2,0,0.6176929473876953,0.7459970116615295,0.6264266542098907,0.8091586945339951,0.9572597742080688
181,2,1,0.6444180011749268,0.6697643399238586,0.6347820535116384,0.7310757324331232,0.9484426379203796
181,2,2,0.6622820496559143,0.667867124080658,0.6450837054552505,0.728229558483192,0.9492844939231873
181,2,3,0.6788750886917114,0.6673288345336914,0.651352118757576,0.72376535096911,0.9437882304191589
181,2,4,0.5902740955352783,0.6641469597816467,0.610483494758929,0.7322363801017913,0.9457222819328308
181,2,5,0.5871727466583252,0.6582123041152954,0.6066504331417316,0.7310904933609985,0.9449546933174133
181,2,6,0.5525558590888977,0.6577624678611755,0.5961459307666462,0.7287035990250597,0.9420964121818542
181,2,7,0.6839673519134521,0.6507113575935364,0.6638740347727985,0.72307447198213,0.9419218897819519
181,2,8,0.5581026077270508,0.6191334128379822,0.6000167808753822,0.7093151569491207,0.9408113956451416
181,2,9,0.6330873370170593,0.7830564975738525,0.6312770942889032,0.8345638142831037,0.9308450818061829
181,2,10,0.5789068937301636,0.7776666283607483,0.604933936765802,0.8381198605043286,0.9390126466751099
181,2,11,0.7371204495429993,0.848304271697998,0.7404152818804788,0.9415620868976925,0.8505620360374451
181,2,12,0.42069363594055176,0.8231145143508911,0.5131089334110234,0.9128706782487299,0.9331437349319458
181,2,13,0.7879415154457092,0.9140576720237732,0.608698856622239,0.8986812755047198,0.5037139058113098
181,2,14,0.40746474266052246,0.7975928783416748,0.367032705814463,0.8207782164284612,0.6172414422035217
181,2,15,0.6571549773216248,0.7399582862854004,0.42170998230070045,0.7510806322341192,0.4291655123233795
181,2,16,0.431562602519989,0.7236769199371338,0.2849823841231681,0.7550335164912091,0.581642746925354
181,2,17,0.6303452849388123,0.6910066604614258,0.3825564675190337,0.7127997585084688,0.41252294182777405
181,2,18,0.451888769865036,0.7190732955932617,0.2787631680697975,0.7528121600694679,0.558352530002594
181,2,19,0.6297373175621033,0.6768361926078796,0.3947318459784097,0.7052366983800252,0.42714688181877136
181,2,20,0.45717692375183105,0.7115741968154907,0.28055182725264327,0.7512832572155451,0.5806527733802795
181,2,21,0.627303957939148,0.6988814473152161,0.40899233151295006,0.7251611335930849,0.4183894395828247
181,2,22,0.4513542056083679,0.7235797643661499,0.284808023800326,0.7643420087278747,0.5739556550979614
181,2,23,0.6787804365158081,1.8420051336288452,0.7429691694425529,1.9022522922539429,0.2343340516090393
181,2,24,0.5297066569328308,1.8740146160125732,0.627614029976855,1.9058567761353922,0.23628827929496765
181,2,25,0.7477126717567444,1.2191822528839111,0.7174175483852829,1.2676930106900968,0.24044279754161835
181,2,26,0.5072475075721741,1.347765564918518,0.5159572284427525,1.3490669178406924,0.21905064582824707
181,2,27,0.47887516021728516,1.1086987257003784,0.49249727287252015,1.231398374527036,0.17621302604675293
181,2,28,0.4179894030094147,1.092102289199829,0.462954556814622,1.1857531938798342,0.15257060527801514
181,2,29,0.3940330743789673,1.1346920728683472,0.4246982508251982,1.2676702370775843,0.1589992195367813
181,2,30,0.364334374666214,1.1100759506225586,0.42661293690463314,1.2057698458670076,0.12975291907787323
181,2,31,0.4836062490940094,0.9577433466911316,0.48902128989971977,1.0918799489861895,0.20500077307224274
181,2,32,0.39978277683258057,0.8480808734893799,0.4698356530006375,0.9884972228456274,0.18189093470573425
182,2,0,0.6031903624534607,0.7284414172172546,0.6216025574403524,0.7923743591303617,0.9613715410232544
182,2,1,0.6295509338378906,0.6513580083847046,0.633696557492705,0.7144996936559497,0.9533330202102661
182,2,2,0.6492427587509155,0.6476051807403564,0.6459467218183037,0.7114645799732393,0.9540764689445496
182,2,3,0.6687005162239075,0.6447619795799255,0.6549532790323038,0.7073381856417761,0.9491631388664246
182,2,4,0.5727227330207825,0.6508083343505859,0.6026408393181717,0.7153038960208182,0.9508516192436218
182,2,5,0.5627134442329407,0.6465051174163818,0.5975234749401228,0.713499924037737,0.9500890970230103
182,2,6,0.5350139737129211,0.6443446278572083,0.5834410836632331,0.7111602199981824,0.9475038051605225
182,2,7,0.6830247640609741,0.6141276955604553,0.6678495231310982,0.7004024880234059,0.9474151730537415
182,2,8,0.49118658900260925,0.6047448515892029,0.577369346200334,0.6875564552852567,0.9461920261383057
182,2,9,0.6072115898132324,0.730949878692627,0.6262807338244787,0.8130047718806829,0.9369029998779297
182,2,10,0.5634427666664124,0.7567242980003357,0.5963156212866872,0.8211941550073206,0.943966805934906
182,2,11,0.7806274890899658,0.7693944573402405,0.7487677783086729,0.9056716136685778,0.8624128699302673
182,2,12,0.3316666781902313,0.7442388534545898,0.4752762303714093,0.8777204975150849,0.9364007711410522
182,2,13,0.8430599570274353,0.7833216786384583,0.6576377222359215,0.8746704868386792,0.5183317065238953
182,2,14,0.23508475720882416,0.7199179530143738,0.3395570643445993,0.7997935753018711,0.6277310252189636
182,2,15,0.6753929853439331,0.7149270176887512,0.47471155535388393,0.7435720490055121,0.44287681579589844
182,2,16,0.3841839134693146,0.7318887114524841,0.305621297422066,0.7502283796738768,0.5844837427139282
182,2,17,0.6384339332580566,0.6913704872131348,0.43601960112655364,0.7083510110836851,0.42417120933532715
182,2,18,0.3761770725250244,0.7328560948371887,0.29902928618632035,0.7486694045540602,0.5629228353500366
182,2,19,0.6241905093193054,0.6804679036140442,0.4426405809453971,0.7000941902316364,0.4389559030532837
182,2,20,0.363569438457489,0.7217183709144592,0.29781607637814006,0.7451441491053397,0.5854572057723999
182,2,21,0.6264703869819641,0.6951594948768616,0.45438482356424564,0.7189312832606344,0.4295375943183899
182,2,22,0.3646165728569031,0.7396162748336792,0.3014034150243318,0.7592084319623258,0.5777593851089478
182,2,23,0.674957811832428,1.7255744934082031,0.7288318188601838,1.8654179454677087,0.21209752559661865
182,2,24,0.46852830052375793,1.7327184677124023,0.5944628229459904,1.869763801295842,0.21386213600635529
182,2,25,0.7048637866973877,1.1092476844787598,0.7148120097197591,1.2346750614525857,0.2287779003381729
182,2,26,0.4135347008705139,1.1766184568405151,0.49464692454787146,1.3131172124479404,0.2057437300682068
182,2,27,0.47504138946533203,0.9927665591239929,0.4888737878302105,1.181558784581916,0.1642155796289444
182,2,28,0.4103544354438782,0.9316784143447876,0.4520253160575248,1.1326657022942042,0.14068520069122314
182,2,29,0.4012742042541504,1.0239320993423462,0.41983508280780646,1.2167567960581502,0.14775630831718445
182,2,30,0.37418657541275024,0.9490041732788086,0.4157198194960891,1.15211592562534,0.1198212280869484
182,2,31,0.4712686538696289,0.8495454788208008,0.4853361717028713,1.0412591261657431,0.19613011181354523
182,2,32,0.40205222368240356,0.7098998427391052,0.4557456635377503,0.9302429774629777,0.17179295420646667
183,2,0,0.6549012064933777,0.6649178862571716,0.6285176880228637,0.7658369400120069,0.9651219248771667
183,2,1,0.6560619473457336,0.583751380443573,0.6383397751815114,0.687274418031281,0.9578005075454712
183,2,2,0.6646935343742371,0.5821036696434021,0.6498383068928043,0.6845292285088951,0.9584479928016663
183,2,3,0.7175423502922058,0.5777438879013062,0.6679616527848015,0.6803540784030269,0.9540262222290039
183,2,4,0.6051478981971741,0.5837965607643127,0.6031610386263148,0.6879199821001907,0.9555731415748596
183,2,5,0.5632598996162415,0.585684061050415,0.5904078429595376,0.6868873767142838,0.9548541903495789
183,2,6,0.5519737601280212,0.5818849802017212,0.5769066665225845,0.6842427333251319,0.9525201916694641
183,2,7,0.7300733327865601,0.5690096616744995,0.6807818629078315,0.6730424998090058,0.9523613452911377
183,2,8,0.5104607939720154,0.5725951194763184,0.5634617466081034,0.6636287393155238,0.9513517618179321
183,2,9,0.6506747603416443,0.7077099084854126,0.6313453999937582,0.7910949075904309,0.9424689412117004
183,2,10,0.6002169251441956,0.7151603102684021,0.5971251495343779,0.7991300771754589,0.9489471912384033
183,2,11,0.8699482679367065,0.7902233004570007,0.7739943695048234,0.8816422882707032,0.8661765456199646
183,2,12,0.34873154759407043,0.7552553415298462,0.44892971103709345,0.8522256651259885,0.9368981719017029
183,2,13,0.9668480753898621,0.8473339676856995,0.7223392340944187,0.8689944644543387,0.5205623507499695
183,2,14,0.1865001916885376,0.6689277291297913,0.3076672304104145,0.7725435781782267,0.6316238641738892
183,2,15,0.798311173915863,0.693446695804596,0.5424505982559222,0.7331577241618513,0.45452025532722473
183,2,16,0.3334048390388489,0.7277510166168213,0.3113902977966915,0.7455619015093592,0.5791211724281311
183,2,17,0.7598544955253601,0.6368088722229004,0.5038082087541211,0.6934782285817512,0.43613237142562866
183,2,18,0.3318742513656616,0.7358302474021912,0.30585022871248774,0.7460046013761313,0.558917224407196
183,2,19,0.7533613443374634,0.6158950328826904,0.507660811703203,0.6825840666261276,0.4514164328575134
183,2,20,0.35383161902427673,0.728880763053894,0.3094563001899338,0.7417683211739249,0.5819067358970642
183,2,21,0.7504854798316956,0.6426606178283691,0.516321034863105,0.7030734416881149,0.4407876133918762
183,2,22,0.35297179222106934,0.7419077157974243,0.31211816828436784,0.7556171817447428,0.5743135809898376
183,2,23,0.7379903197288513,1.7381924390792847,0.7307324924543487,1.8389292492464864,0.19110965728759766
183,2,24,0.4730908274650574,1.7462060451507568,0.5691966212846988,1.8440413067414239,0.19279150664806366
183,2,25,0.7135289311408997,1.1811788082122803,0.7145457891096482,1.223559239711207,0.21188828349113464
183,2,26,0.4126140773296356,1.2529398202896118,0.47758845856209226,1.3006108598852455,0.18934950232505798
183,2,27,0.5044198632240295,1.1658536195755005,0.4921006323154509,1.1782987115014267,0.1499839425086975
183,2,28,0.4111182391643524,1.0495986938476562,0.44352838962168006,1.1153905738474281,0.1278483271598816
183,2,29,0.4586915373802185,1.2265675067901611,0.42790555298257504,1.2187927377824725,0.1348387748003006
183,2,30,0.37433257699012756,1.0776739120483398,0.4071230222588863,1.1366381222216413,0.1093217134475708
183,2,31,0.4712264835834503,1.1676586866378784,0.4824075603644379,1.0675731969504652,0.18106645345687866
183,2,32,0.3916304409503937,1.0461320877075195,0.44241952740236357,0.9543616443847374,0.15734133124351501
184,2,0,0.6555327773094177,0.6289598941802979,0.6341269355114206,0.7373306212213453,0.968491792678833
184,2,1,0.6719933152198792,0.553720235824585,0.6453286667771194,0.6594626548582271,0.9618309140205383
184,2,2,0.6789270639419556,0.5521256923675537,0.6558784597284355,0.6569579553853558,0.9624053239822388
184,2,3,0.7095500230789185,0.5483223795890808,0.6766002833618924,0.6528605264349866,0.9584178328514099
184,2,4,0.6298421621322632,0.5508869290351868,0.6087008975635076,0.6593810240321508,0.9598420262336731
184,2,5,0.6165818572044373,0.5475790500640869,0.5958423369518244,0.6578727436285993,0.9591842293739319
184,2,6,0.610961377620697,0.542263388633728,0.5839789655522447,0.6546696166727234,0.9570769667625427
184,2,7,0.7097614407539368,0.5453522801399231,0.6867993380826228,0.6464561323358472,0.9568490982055664
184,2,8,0.5757162570953369,0.5404040217399597,0.5660051691493091,0.6379752367323208,0.9560590386390686
184,2,9,0.6586864590644836,0.6869668960571289,0.6370223831763066,0.7694284926022225,0.9475549459457397
184,2,10,0.6127285957336426,0.688079297542572,0.6003639377561673,0.7760188109869524,0.9535484910011292
184,2,11,0.8502020239830017,0.7526829242706299,0.7898391982060938,0.8547907508083972,0.8740306496620178
184,2,12,0.35063642263412476,0.6929032206535339,0.4284808778130569,0.8190242260430162,0.9408736824989319
184,2,13,0.8827810287475586,0.8302628397941589,0.755775418989972,0.8609498893628831,0.5255582332611084
184,2,14,0.1667746901512146,0.6471615433692932,0.2783215112969929,0.746439349968428,0.6496192812919617
184,2,15,0.7289344668388367,0.688048779964447,0.5813418114640749,0.7237869295571203,0.4672706127166748
184,2,16,0.31216153502464294,0.7189183235168457,0.3115503183139386,0.7400298518115068,0.5908528566360474
184,2,17,0.6956032514572144,0.6426593661308289,0.5438128341958612,0.6829195999728231,0.44781890511512756
184,2,18,0.30295541882514954,0.7526052594184875,0.30524958025422966,0.747374340197881,0.5688693523406982
184,2,19,0.6866865754127502,0.6249881386756897,0.5449889326150734,0.6706151330488613,0.4640823006629944
184,2,20,0.3324395418167114,0.7480013966560364,0.31422793107800995,0.7430617685894684,0.5925002098083496
184,2,21,0.6854296922683716,0.6474294662475586,0.5515717471704369,0.6915107678060263,0.45273327827453613
184,2,22,0.3307745158672333,0.7489946484565735,0.3159910088361538,0.7542428947317971,0.5841364860534668
184,2,23,0.7235892415046692,1.6318652629852295,0.7292501313520674,1.795723151749761,0.1723480075597763
184,2,24,0.4716252088546753,1.6337580680847168,0.5488982304756983,1.8001595801052162,0.17398713529109955
184,2,25,0.6783545613288879,1.1631008386611938,0.7070293842366382,1.2109943843306052,0.1965043544769287
184,2,26,0.3975028991699219,1.2254977226257324,0.46093577532412094,1.284994082505233,0.17394626140594482
184,2,27,0.49269694089889526,1.2773544788360596,0.4922243550353874,1.1989059498998154,0.13711309432983398
184,2,28,0.4033745527267456,1.1180956363677979,0.4351880928727735,1.1159518313339731,0.11611881107091904
184,2,29,0.4570549726486206,1.3520050048828125,0.4339582648092444,1.246531722612001,0.1234903559088707
184,2,30,0.3679827153682709,1.1664116382598877,0.3989934562984675,1.142820254857343,0.09967963397502899
184,2,31,0.45741093158721924,1.288703203201294,0.47721769835746597,1.1137292295158623,0.16758260130882263
184,2,32,0.37722885608673096,1.1528300046920776,0.428869466197157,0.9957613616292912,0.14412887394428253
185,2,0,0.6914026141166687,0.5952454209327698,0.646029227132724,0.7077353242708755,0.9716090559959412
185,2,1,0.7211601138114929,0.5290167331695557,0.6610950312856179,0.6323004147863204,0.9655969738960266
185,2,2,0.736220121383667,0.5296724438667297,0.6725846286644088,0.6304561009058088,0.9661181569099426
185,2,3,0.7536874413490295,0.5309693813323975,0.692628294378991,0.6274855915633013,0.9625228643417358
185,2,4,0.6624979972839355,0.5256845951080322,0.6198792522588445,0.6315394408042322,0.963817298412323
185,2,5,0.6456143260002136,0.5151997208595276,0.6061831822440843,0.6281544980096145,0.9632261395454407
185,2,6,0.6216778755187988,0.5128834843635559,0.5918088518965035,0.6251368191855037,0.9613220691680908
185,2,7,0.753494918346405,0.5371313095092773,0.7006627629901837,0.6237050597728091,0.9611084461212158
185,2,8,0.606440007686615,0.5155392289161682,0.5744039337922172,0.6124864410828158,0.9604312777519226
185,2,9,0.7124291658401489,0.664068877696991,0.6527002803250546,0.7475050334829162,0.9526370763778687
185,2,10,0.6454464793205261,0.656118631362915,0.6097292706274472,0.7510597388425801,0.9580820202827454
185,2,11,0.8943480253219604,0.7522659301757812,0.8115852233047303,0.8334587925458508,0.884463369846344
185,2,12,0.3865855038166046,0.6663293838500977,0.41977850295435537,0.7872096146269618,0.94608074426651
185,2,13,0.929534375667572,0.9305461645126343,0.7920001491779627,0.8754173469936951,0.5296297073364258
185,2,14,0.1730843335390091,0.6248297095298767,0.2564236334172551,0.7211231164381655,0.6711339354515076
185,2,15,0.7742660045623779,0.726457953453064,0.6215833066190146,0.7243411496478797,0.49180033802986145
185,2,16,0.22406506538391113,0.8151406049728394,0.2933553678330238,0.7556459882743262,0.6111152768135071
185,2,17,0.7319474816322327,0.6715363264083862,0.5830501106762755,0.680557070298173,0.4720403552055359
185,2,18,0.26199251413345337,0.8355864882469177,0.296264071815732,0.765720974639586,0.5864213705062866
185,2,19,0.7371898293495178,0.6226721405982971,0.5850786844638968,0.6606548118636274,0.4900051951408386
185,2,20,0.30753758549690247,0.8266592621803284,0.3128395908489368,0.7604464331284141,0.6106699109077454
185,2,21,0.7378970384597778,0.6498470306396484,0.5904296412694332,0.6828564852295577,0.47689542174339294
185,2,22,0.3090210258960724,0.8211252689361572,0.31454462688199686,0.768145139887599,0.6014240980148315
185,2,23,0.7643006443977356,1.6130672693252563,0.7365293991239836,1.7576351844307407,0.15610328316688538
185,2,24,0.49558645486831665,1.590183973312378,0.5378209306584322,1.7563420011411022,0.15829217433929443
185,2,25,0.6416869163513184,1.491970419883728,0.6934477688878635,1.2697419890769768,0.18374601006507874
185,2,26,0.383393794298172,1.4268609285354614,0.4448130915130004,1.3145434331265538,0.16096283495426178
185,2,27,0.5832452178001404,2.0071334838867188,0.511156614198173,1.3703125245313121,0.12490317970514297
185,2,28,0.43521779775619507,1.8845560550689697,0.43519425599332745,1.278781915626153,0.10540342330932617
185,2,29,0.6076688766479492,2.1195931434631348,0.47017205151957603,1.4320083360377835,0.11300259083509445
185,2,30,0.45858657360076904,1.9643712043762207,0.41137805593879784,1.3171133211432506,0.09069855511188507
185,2,31,0.4934365451335907,2.0658857822418213,0.4805842540425141,1.3164315698632594,0.15373896062374115
185,2,32,0.36431148648262024,1.9774702787399292,0.41545114907982394,1.2049168069775995,0.13162057101726532
186,2,0,0.717207670211792,0.5944592356681824,0.660826277352136,0.6841593638775961,0.9744336605072021
186,2,1,0.7441920638084412,0.5168321132659912,0.6783754706310161,0.608266753668714,0.9690147638320923
186,2,2,0.7577931880950928,0.5166472792625427,0.6903051993963839,0.6067689321060051,0.9694834351539612
186,2,3,0.7704764008522034,0.5181246399879456,0.7088148654350985,0.6047269572269772,0.9662448763847351
186,2,4,0.683414876461029,0.5162474513053894,0.6330846885566278,0.6075425789978314,0.9674167633056641
186,2,5,0.6636245250701904,0.5116133689880371,0.6181199637170867,0.6038967929689455,0.9668848514556885
186,2,6,0.6440788507461548,0.5099604725837708,0.602669439815454,0.6011640855942771,0.9651694297790527
186,2,7,0.7631099820137024,0.5261788964271545,0.713641598238718,0.6034159139598705,0.9649690985679626
186,2,8,0.6280505657196045,0.5137503147125244,0.5855509853184183,0.5919448636068911,0.9643751382827759
186,2,9,0.7378434538841248,0.6483601331710815,0.6704072303191048,0.726878244458335,0.9573004841804504
186,2,10,0.6736080646514893,0.6455708742141724,0.6230061594145282,0.7291092634177625,0.962227463722229
186,2,11,0.8856372237205505,0.7631827592849731,0.8269809360352363,0.8188496792635889,0.8943666815757751
186,2,12,0.39879491925239563,0.6643566489219666,0.4154223650383444,0.761633601796181,0.9510311484336853
186,2,13,0.9401689767837524,0.9814212322235107,0.8228682744038208,0.8974752179531468,0.5268285274505615
186,2,14,0.16996221244335175,0.6452039480209351,0.2384418998657977,0.7053383909958391,0.6942698955535889
186,2,15,0.8314099311828613,0.737054705619812,0.6653707590449415,0.7269798620040137,0.5139395594596863
186,2,16,0.20200525224208832,0.8063157796859741,0.27435452938696314,0.7661735729601254,0.6342393159866333
186,2,17,0.8004751205444336,0.6730290651321411,0.6284326225888763,0.6789948451474269,0.49488765001296997
186,2,18,0.2591975927352905,0.8259426355361938,0.2885657848558666,0.7782364325449997,0.6071813702583313
186,2,19,0.810078501701355,0.6288941502571106,0.6320519697519562,0.6540593696299601,0.5129756927490234
186,2,20,0.30627721548080444,0.8155674934387207,0.3114778073200013,0.7719002608534956,0.6299271583557129
186,2,21,0.8060672879219055,0.6542478203773499,0.6354367860275397,0.6769161078748143,0.49773141741752625
186,2,22,0.30565571784973145,0.8132909536361694,0.31269993504998544,0.7775235896755828,0.6198196411132812
186,2,23,0.752097487449646,1.600306749343872,0.7397608319762978,1.7248511592941487,0.1413060426712036
186,2,24,0.5009998083114624,1.581595778465271,0.5301735853193061,1.7199109794961294,0.14381375908851624
186,2,25,0.6473754048347473,1.252791404724121,0.6838765777826815,1.2662234868102193,0.17832057178020477
186,2,26,0.4209693670272827,1.2287312746047974,0.4398627823421098,1.296697054825114,0.1543416976928711
186,2,27,0.5593628883361816,1.8474400043487549,0.521171678028458,1.4706140005633244,0.11705063283443451
186,2,28,0.43372443318367004,1.7269843816757202,0.43488928698438123,1.372927746235365,0.09808249026536942
186,2,29,0.5589460730552673,1.8718408346176147,0.4886359108459851,1.5243777279085529,0.10664736479520798
186,2,30,0.4576360583305359,1.9163850545883179,0.42098783853681987,1.4435079431061641,0.08509282767772675
186,2,31,0.489809513092041,1.642469048500061,0.4824987782826134,1.3846918984403507,0.14655636250972748
186,2,32,0.36841681599617004,1.6224770545959473,0.4056798282668406,1.292556524623908,0.12455935031175613
187,2,0,0.7137030959129333,0.5452792644500732,0.6718131245702944,0.6552341173630871,0.9769549369812012
187,2,1,0.7308756113052368,0.4748094975948334,0.6892839423738552,0.5804750957759849,0.9720563888549805
187,2,2,0.7367642521858215,0.4906879961490631,0.6999568473597119,0.5826073331746381,0.9724767804145813
187,2,3,0.7438129782676697,0.49287447333335876,0.7160832627700414,0.5814482053966722,0.9695573449134827
187,2,4,0.6914360523223877,0.46694517135620117,0.6452108797621712,0.5782582717016286,0.970626711845398
187,2,5,0.6779607534408569,0.46302494406700134,0.6305561895079994,0.5745550873545413,0.9701452851295471
187,2,6,0.6650075316429138,0.4595235288143158,0.6156255519672716,0.5716616437064694,0.9686008095741272
187,2,7,0.7335193753242493,0.4828470051288605,0.7177680857681905,0.5783170916667228,0.9683985114097595
187,2,8,0.6389265656471252,0.46047115325927734,0.5966416283494556,0.5645677548162803,0.9679029583930969
187,2,9,0.7154844999313354,0.6079432368278503,0.6797714664768034,0.7021206943418812,0.9613967537879944
187,2,10,0.6704766154289246,0.6002545356750488,0.6328681956991982,0.702279488799569,0.965903639793396
187,2,11,0.8343687653541565,0.7370156049728394,0.8285140737413744,0.801832446006905,0.9034628868103027
187,2,12,0.41014599800109863,0.6107147932052612,0.41432747838568756,0.7301904921540933,0.9556125402450562
187,2,13,0.8598805665969849,0.9462795257568359,0.830555520226786,0.9076147219274525,0.5206629037857056
187,2,14,0.16473086178302765,0.6306020021438599,0.22311728480307186,0.6898001002517935,0.7088356018066406
187,2,15,0.7344003915786743,0.7295693159103394,0.6797205746278498,0.727517155821045,0.5282835364341736
187,2,16,0.20184817910194397,0.8024422526359558,0.25928097744874634,0.773706073644959,0.6474176049232483
187,2,17,0.7025390267372131,0.6693530082702637,0.6438399434639674,0.6769938376054991,0.5125875473022461
187,2,18,0.24007844924926758,0.846659779548645,0.2784923203106277,0.7924596152371547,0.620583713054657
187,2,19,0.7075295448303223,0.6217230558395386,0.6477449604146291,0.6473442818456322,0.5302053093910217
187,2,20,0.3008386194705963,0.8361761569976807,0.3092697755408549,0.7852597867133612,0.6426616311073303
187,2,21,0.7069006562232971,0.6470029354095459,0.6502935949757026,0.6707046366359742,0.5127239227294922
187,2,22,0.2977304458618164,0.8294058442115784,0.3095928287750792,0.7883034536077043,0.6322318315505981
187,2,23,0.7301299571990967,1.5327717065811157,0.7377621035533917,1.6847874345839737,0.12820039689540863
187,2,24,0.4962160885334015,1.5149084329605103,0.5231215374955067,1.6771365130703433,0.13094346225261688
187,2,25,0.6523128151893616,1.1958117485046387,0.6773220633196385,1.2515862508380031,0.16883844137191772
187,2,26,0.5425600409507751,1.1876912117004395,0.46123066289351144,1.2740125914670475,0.1445608288049698
187,2,27,0.5740894675254822,1.6196249723434448,0.53216701389966,1.5016606709537155,0.10843181610107422
187,2,28,0.49542006850242615,1.5176626443862915,0.44746909886676506,1.4030795046433395,0.0904262512922287
187,2,29,0.5579913854598999,1.650505781173706,0.5030532638186437,1.550640386269417,0.09950868785381317
187,2,30,0.47302213311195374,1.5963482856750488,0.43179933418538047,1.475356426561092,0.07912761718034744
187,2,31,0.5499668717384338,1.5034236907958984,0.49652299515626985,1.4094092839935344,0.13779455423355103
187,2,32,0.46884259581565857,1.425724744796753,0.4188075451348666,1.320290560355421,0.11676058918237686
188,2,0,0.6975272297859192,0.5394594073295593,0.6771520489537799,0.6311364087878036,0.979234516620636
188,2,1,0.7283559441566467,0.4687170684337616,0.6973993100219488,0.557216010277797,0.9748107194900513
188,2,2,0.7350507378578186,0.4766070246696472,0.7072451494246764,0.5605500566995285,0.975189208984375
188,2,3,0.7419455647468567,0.4805730879306793,0.7214529809001629,0.5604603846986131,0.9725577235221863
188,2,4,0.6895658373832703,0.45875173807144165,0.6544248744719725,0.5533812510775106,0.973525881767273
188,2,5,0.6752240061759949,0.4542628526687622,0.6398352566670432,0.5495139602493174,0.9730907678604126
188,2,6,0.6512258052825928,0.4509894847869873,0.6230191208301931,0.5465411635792808,0.9716980457305908
188,2,7,0.729435384273529,0.4792647063732147,0.7201895848098696,0.5577095347929275,0.9715092182159424
188,2,8,0.6148002743721008,0.43770480155944824,0.6004110572751046,0.5381540664369082,0.9710865020751953
188,2,9,0.6994634866714478,0.5893046259880066,0.6838593704504888,0.6786407825692276,0.9651533365249634
188,2,10,0.6537177562713623,0.5757360458374023,0.6371965323916101,0.6759325945976313,0.9692364931106567
188,2,11,0.8084384799003601,0.6644868850708008,0.8243465347523437,0.7732280749854391,0.9122694134712219
188,2,12,0.39850836992263794,0.5768623948097229,0.41104393317601556,0.6982432605754675,0.9597359299659729
188,2,13,0.8554820418357849,0.9096570611000061,0.8357308739679858,0.9080384878159241,0.5217230916023254
188,2,14,0.1637589931488037,0.7004204392433167,0.21078149853630956,0.6920042227481192,0.7225322127342224
188,2,15,0.7130576968193054,0.709894597530365,0.6866438186168404,0.7238590751623525,0.5419923663139343
188,2,16,0.18900321424007416,0.8124827742576599,0.24467160487581366,0.7817600148507015,0.6603884100914001
188,2,17,0.6759867072105408,0.6561807990074158,0.6505157617001656,0.6726730961518154,0.5263327956199646
188,2,18,0.1839251071214676,0.8536425232887268,0.2588205621258463,0.805175198653091,0.633266270160675
188,2,19,0.6768114566802979,0.6052062511444092,0.6537805962899739,0.6385913659048799,0.5438593626022339
188,2,20,0.22056454420089722,0.8410482406616211,0.2908204087708522,0.7968525226670072,0.6554856300354004
188,2,21,0.6748202443122864,0.6312655806541443,0.6553858895151373,0.6625129641223442,0.5255739092826843
188,2,22,0.2308347076177597,0.8335041999816895,0.29321678652354016,0.7976933383523608,0.645580530166626
188,2,23,0.705538809299469,1.4190269708633423,0.7310705206415418,1.6292432863923416,0.11714700609445572
188,2,24,0.48289942741394043,1.4175881147384644,0.5147670537014878,1.62289973772569,0.1202235221862793
188,2,25,0.6356931328773499,1.0792187452316284,0.6686750218799707,1.2156537699116057,0.16395586729049683
188,2,26,0.4996592402458191,1.0968246459960938,0.46921224133388095,1.2370700662608223,0.13936221599578857
188,2,27,0.557512640953064,1.548998475074768,0.5374293650486315,1.5114958694252913,0.10148753970861435
188,2,28,0.48009127378463745,1.4387401342391968,0.4542435934866566,1.4104861063110374,0.08412518352270126
188,2,29,0.5394512414932251,1.5760732889175415,0.5106126688551939,1.5559213189407066,0.0937729999423027
188,2,30,0.4588276445865631,1.4824212789535522,0.4374113093927949,1.4768226571739769,0.07418403029441833
188,2,31,0.5447273254394531,1.420090913772583,0.5065376545621624,1.4116263198378898,0.13078463077545166
188,2,32,0.4646627902984619,1.33754563331604,0.4283335432792361,1.323872636449542,0.11003132909536362
189,2,0,0.7226642966270447,0.5152949094772339,0.6866067456173487,0.6070247449743486,0.9813058972358704
189,2,1,0.7462329268455505,0.4519026279449463,0.707544919667428,0.5353020614008943,0.9773222804069519
189,2,2,0.7529934644699097,0.45636117458343506,0.7167489511829157,0.538870787643861,0.977662980556488
189,2,3,0.7605417966842651,0.4642033278942108,0.729571840789727,0.5404359248916922,0.9752933979034424
189,2,4,0.7155804634094238,0.44121119379997253,0.6671347973589064,0.5300361224915392,0.9761665463447571
189,2,5,0.6976637244224548,0.4357442855834961,0.6518526057866975,0.5258348650252965,0.9757749438285828
189,2,6,0.6805371046066284,0.4309768080711365,0.6349718454921761,0.522487349282325,0.9745208024978638
189,2,7,0.7434296011924744,0.45708727836608887,0.7250144914334867,0.5367744630373328,0.974348783493042
189,2,8,0.6355589032173157,0.42126965522766113,0.6077105741024897,0.5138246267168105,0.9739748239517212
189,2,9,0.719128429889679,0.5712880492210388,0.6911840846315803,0.6563012677232435,0.9686219096183777
189,2,10,0.6812000274658203,0.5573537945747375,0.6463374221238727,0.6512493480873756,0.9723026156425476
189,2,11,0.8027498722076416,0.6655793786048889,0.819863040181221,0.7508267870785726,0.9206873178482056
189,2,12,0.3998106122016907,0.563510000705719,0.40871254540468444,0.6701847172335977,0.963690996170044
189,2,13,0.8529486656188965,0.9403926730155945,0.8393049358747723,0.9147572894979684,0.5101501941680908
189,2,14,0.1786913424730301,0.6842684149742126,0.20411756414965104,0.6903988587501597,0.736450731754303
189,2,15,0.7971775531768799,0.7150200009346008,0.7096475299074891,0.7220247101044606,0.561938464641571
189,2,16,0.18349093198776245,0.9022131562232971,0.2319565100162181,0.806834525700452,0.6774637699127197
189,2,17,0.7798705101013184,0.6548488736152649,0.677450333575089,0.6689731320903173,0.5496011972427368
189,2,18,0.1762755811214447,0.9589694142341614,0.24165529000486086,0.8372196216446975,0.6520044803619385
189,2,19,0.7848688960075378,0.6001231074333191,0.6810774322099173,0.6306015441886474,0.5677313208580017
189,2,20,0.21791444718837738,0.9539905190467834,0.27566360985338784,0.8295966544651342,0.6738764047622681
189,2,21,0.7734561562538147,0.6278712153434753,0.6799631249680237,0.655318666204732,0.5472999215126038
189,2,22,0.22808048129081726,0.9418220520019531,0.27967815592180156,0.8277158795568329,0.663231372833252
189,2,23,0.6850008368492126,1.4207817316055298,0.7214998996187643,1.5857424928999986,0.10687040537595749
189,2,24,0.4790421724319458,1.404074788093567,0.5073476014236643,1.5772233174979124,0.1101151630282402
189,2,25,0.6581183075904846,1.0689294338226318,0.6664840908791849,1.185088326768923,0.15402023494243622
189,2,26,0.5835238695144653,1.0795148611068726,0.49300431283077406,1.2042383897348174,0.13152353465557098
189,2,27,0.5858400464057922,1.4514271020889282,0.5474869637047327,1.4990130263559671,0.09291359782218933
189,2,28,0.5280696749687195,1.3703540563583374,0.4695921344355951,1.402150798882772,0.0768929198384285
189,2,29,0.5593594312667847,1.5114176273345947,0.5207402064737331,1.5466770414737727,0.08632738143205643
189,2,30,0.47547298669815063,1.4292855262756348,0.4453165850423302,1.4669475328657997,0.0681593269109726
189,2,31,0.602849543094635,1.4291746616363525,0.5265734083484209,1.4152692135891713,0.12147689610719681
189,2,32,0.5795419812202454,1.3379417657852173,0.4598368816326206,1.3267930148138434,0.10198900103569031
190,2,0,0.7244822382926941,0.49535998702049255,0.6944733277325809,0.5837851046832455,0.9831733703613281
190,2,1,0.7522929906845093,0.4359479248523712,0.7168406726897297,0.514631519364268,0.9795874357223511
190,2,2,0.7618566155433655,0.4394775927066803,0.726119496041719,0.518192112991494,0.9798941016197205
190,2,3,0.7716616988182068,0.4447634220123291,0.7383147466778855,0.5205333892932968,0.9777610301971436
190,2,4,0.7133646011352539,0.42370858788490295,0.6767387532526317,0.5079105078608255,0.9785473346710205
190,2,5,0.6946211457252502,0.4175899922847748,0.6607366578088557,0.50330907746124,0.9781948328018188
190,2,6,0.6756036281585693,0.4112741947174072,0.6434115441520233,0.499341969357353,0.9770656228065491
190,2,7,0.7614544034004211,0.44125163555145264,0.7325826077360212,0.5169031425947692,0.9769106507301331
190,2,8,0.6317449808120728,0.39922958612442017,0.6127005158052613,0.48997321204600697,0.9765763282775879
190,2,9,0.7274677753448486,0.5520814061164856,0.6987197266136993,0.6346155441795819,0.9717557430267334
190,2,10,0.6815221309661865,0.5355811715126038,0.6536445977879066,0.6271738853737593,0.9750697612762451
190,2,11,0.8075162768363953,0.6581083536148071,0.8173004884773023,0.7315403441178905,0.9285112619400024
190,2,12,0.4076954126358032,0.5312269330024719,0.4085015068938471,0.6412430429005094,0.9672853350639343
190,2,13,0.8464707732200623,0.908230185508728,0.8407920008752434,0.9134028143224519,0.5243585109710693
190,2,14,0.21896372735500336,0.7015385031700134,0.20719907685659059,0.692710795583483,0.7534898519515991
190,2,15,0.8294131755828857,0.662887454032898,0.7345788277587728,0.7097349696152467,0.5961305499076843
190,2,16,0.17822180688381195,0.946948766708374,0.2207911827844766,0.8360176770492208,0.7002540230751038
190,2,17,0.8357681035995483,0.6196681261062622,0.7104418591950799,0.6587294750646172,0.5847247838973999
190,2,18,0.15900833904743195,0.9998944997787476,0.22446873509127035,0.8711227909165266,0.6773322224617004
190,2,19,0.8308218121528625,0.570703387260437,0.712275026100411,0.6181534012452188,0.602285623550415
190,2,20,0.19339069724082947,1.012730598449707,0.2585550266014174,0.8677851343762879,0.6983909010887146
190,2,21,0.8132471442222595,0.6033139824867249,0.7077187940673957,0.6445133127385156,0.5809696316719055
190,2,22,0.21261607110500336,0.9853319525718689,0.2657384912212538,0.8605601491670181,0.6873562932014465
190,2,23,0.6787582039833069,1.3982489109039307,0.7126214538021169,1.5466395556598367,0.0987771525979042
190,2,24,0.4734227955341339,1.3893598318099976,0.5003023425793317,1.5380427530257925,0.10203316062688828
190,2,25,0.6451032757759094,1.2022137641906738,0.6620454105650194,1.1886431475297563,0.14330463111400604
190,2,26,0.55539870262146,1.1904648542404175,0.5059721497408078,1.2013795623388737,0.12275412678718567
190,2,27,0.5766578316688538,1.6106303930282593,0.5535441669970175,1.5222437252143008,0.08447897434234619
190,2,28,0.5076832175254822,1.5575755834579468,0.4775035324055608,1.4345377595761934,0.06975826621055603
190,2,29,0.5522644519805908,1.6989079713821411,0.5272865148552969,1.5783960224753637,0.07889749109745026
190,2,30,0.4574311077594757,1.6262075901031494,0.44783092809678715,1.5001377301936398,0.06210484355688095
190,2,31,0.6103711724281311,1.6421210765838623,0.5439998741864123,1.4626328686332886,0.11187165230512619
190,2,32,0.5875720381736755,1.5941859483718872,0.48643266026379817,1.3826833369636151,0.09349776059389114
191,2,0,0.7363362908363342,0.47314149141311646,0.7031690451261138,0.5607586291360865,0.9848386645317078
191,2,1,0.7598648071289062,0.41583967208862305,0.7257778765644165,0.494078282404038,0.9816057085990906
191,2,2,0.768951416015625,0.41825833916664124,0.7350167240097121,0.49740066225588536,0.9818819761276245
191,2,3,0.777949869632721,0.42159074544906616,0.7465471959590948,0.4999487210747453,0.9799579977989197
191,2,4,0.7198448777198792,0.4029245972633362,0.6856930107068879,0.48606487945394333,0.9806752800941467
191,2,5,0.6986356377601624,0.39526915550231934,0.668608125934344,0.48082606981589904,0.9803594350814819
191,2,6,0.6765354871749878,0.38670191168785095,0.6502903495443522,0.47589870775738297,0.979340136051178
191,2,7,0.7575520277023315,0.4159681499004364,0.7377668037671816,0.49590281960563165,0.9791975021362305
191,2,8,0.6203889846801758,0.3694956600666046,0.6142960487318055,0.4648933724824166,0.9789129495620728
191,2,9,0.7347014546394348,0.5278218984603882,0.7061925906269063,0.6123926968387806,0.9745524525642395
191,2,10,0.6866219639778137,0.5117250084877014,0.6604929327331196,0.6031442037607541,0.9775449633598328
191,2,11,0.7862690687179565,0.6457647681236267,0.8108566385310377,0.7137015015848912,0.9354007244110107
191,2,12,0.4028744697570801,0.5345990657806396,0.40733383898821185,0.6190512920086858,0.9704339504241943
191,2,13,0.8313509821891785,0.87629234790802,0.8388326981414266,0.9056953124709316,0.5150344967842102
191,2,14,0.222566157579422,0.8442991971969604,0.21038876042350188,0.7242935684549605,0.754486620426178
191,2,15,0.8214394450187683,0.6551403999328613,0.7526440000521429,0.6983906923307726,0.6130896210670471
191,2,16,0.1721007525920868,0.9755613207817078,0.2106753869572506,0.8650816035784897,0.7080236673355103
191,2,17,0.801287829875946,0.6047267317771912,0.7293380151877255,0.647508355761077,0.6031895875930786
191,2,18,0.15636833012104034,1.05303156375885,0.21031280790443316,0.9090546331270425,0.6908829808235168
191,2,19,0.7938569188117981,0.5551100373268127,0.7292399014402012,0.605050476493978,0.622204065322876
191,2,20,0.19270750880241394,1.0359169244766235,0.24486826187856348,0.902830981779276,0.7131166458129883
191,2,21,0.7853319644927979,0.585659921169281,0.7238565831854072,0.6322826476119028,0.5981501936912537
191,2,22,0.21065112948417664,1.0200530290603638,0.2542916815552927,0.8937973271109614,0.7001131176948547
191,2,23,0.6662206649780273,1.3805994987487793,0.702981954123582,1.5120312137674814,0.09177552908658981
191,2,24,0.4569350779056549,1.3728680610656738,0.4912937949300434,1.5036155400074702,0.0949244424700737
191,2,25,0.5960679650306702,1.532313585281372,0.6483315695207946,1.2606223229065223,0.13140039145946503
191,2,26,0.5161619186401367,1.4588853120803833,0.5080869088754575,1.2551853431726507,0.11321001499891281
191,2,27,0.577538788318634,2.0099267959594727,0.5585258338053536,1.6247899858192387,0.07637779414653778
191,2,28,0.49162283539772034,1.9532963037490845,0.48043412796646134,1.5437096335340788,0.06314051896333694
191,2,29,0.5700845718383789,2.105245590209961,0.5361766981944209,1.689295762580689,0.07160764932632446
191,2,30,0.4131375551223755,2.0364575386047363,0.4406259086364839,1.6130604266806683,0.05652384087443352
191,2,31,0.6196000576019287,2.1048245429992676,0.5597180482880046,1.598232848091627,0.10189638286828995
191,2,32,0.551602840423584,2.071221351623535,0.4999784554967627,1.52825168365433,0.08523274958133698
192,2,0,0.7290408611297607,0.4522547125816345,0.7085407325602682,0.5381787819448649,0.9863073229789734
192,2,1,0.7523373365402222,0.39552658796310425,0.7312924438379834,0.4735751467215389,0.9833720922470093
192,2,2,0.7626315355300903,0.39837953448295593,0.7407505814625333,0.4767996065781814,0.9836150407791138
192,2,3,0.7726978063583374,0.4019009470939636,0.7519768110861784,0.47955072696374534,0.9818657040596008
192,2,4,0.7089020609855652,0.3804078698158264,0.690511484363472,0.46407920505399286,0.9825657606124878
192,2,5,0.6877990961074829,0.37223827838897705,0.6725919563907572,0.4582287130578934,0.9822880029678345
192,2,6,0.6665971279144287,0.36283546686172485,0.6536751842604892,0.4523670969829257,0.9813695549964905
192,2,7,0.7583299279212952,0.40309882164001465,0.7420356364633508,0.4765985300908346,0.9811839461326599
192,2,8,0.6193234920501709,0.35299181938171387,0.6153392809691216,0.4416042834923967,0.9810073971748352
192,2,9,0.7313740849494934,0.5084412097930908,0.7114208491858088,0.590762962534981,0.97702556848526
192,2,10,0.6796790957450867,0.48922672867774963,0.6644757628134784,0.5794342612397579,0.9797576665878296
192,2,11,0.7881666421890259,0.6410332918167114,0.8061460135840548,0.6985940697153615,0.9412670731544495
192,2,12,0.4056391417980194,0.5383638143539429,0.4069822100104588,0.6022728835190064,0.9733130931854248
192,2,13,0.8261980414390564,0.866650402545929,0.8362103814755116,0.8975856083130803,0.49456503987312317
192,2,14,0.22646139562129974,0.8107998967170715,0.21372495962825447,0.7422846430901561,0.7687927484512329
192,2,15,0.814093291759491,0.7667962312698364,0.7654151910250655,0.7126101523787168,0.6042366027832031
192,2,16,0.1480797678232193,1.0301244258880615,0.19766569647704274,0.8994805958153258,0.72474604845047
192,2,17,0.7868942022323608,0.7421919107437134,0.7412988297909728,0.6672044693377959,0.5962606072425842
192,2,18,0.08872176706790924,1.1550308465957642,0.1850006181239766,0.960436125782789,0.7097152471542358
192,2,19,0.7797225713729858,0.6858813762664795,0.7397287098615491,0.621858532750012,0.6183918118476868
192,2,20,0.1367051899433136,1.1452844142913818,0.22235976004750227,0.9534717385086664,0.7320147752761841
192,2,21,0.7771532535552979,0.7007470726966858,0.7349308988533149,0.6465143645702932,0.5908682942390442
192,2,22,0.1672019362449646,1.1260560750961304,0.2361790059772686,0.9422951102811212,0.7179909944534302
192,2,23,0.6692992448806763,1.3717780113220215,0.695987015143939,1.4828184168754786,0.0860644057393074
192,2,24,0.4548048973083496,1.364975094795227,0.4837155050775388,1.4747398986066522,0.09032247960567474
192,2,25,0.585229754447937,1.6140975952148438,0.6352164792175955,1.3346762308006117,0.12057282030582428
192,2,26,0.5056670904159546,1.5242146253585815,0.5075848167719762,1.3114173425737865,0.1052013412117958
192,2,27,0.5899208188056946,2.083954334259033,0.5650452653084473,1.721267748126371,0.06904944777488708
192,2,28,0.4855823218822479,2.0313010215759277,0.4815024196691598,1.6462394483007765,0.05726701766252518
192,2,29,0.580651044845581,2.172487735748291,0.5454155130424148,1.7908891501679354,0.06505735963582993
192,2,30,0.3913896679878235,2.115062713623047,0.4303965644959025,1.718663134066591,0.0516594722867012
192,2,31,0.6455034613609314,2.1935362815856934,0.5775588630245293,1.7237805020522796,0.09270507842302322
192,2,32,0.5495826005935669,2.157921314239502,0.5102843842411644,1.6611720509747068,0.07785925269126892
193,2,0,0.7243293523788452,0.43655356764793396,0.7118179631861324,0.517034405708819,0.9874860644340515
193,2,1,0.7514714598655701,0.3806116282939911,0.7354814940632969,0.45423757598468933,0.9847471117973328
193,2,2,0.7619372606277466,0.3848429322242737,0.7451489389557201,0.45767200830518695,0.9849463105201721
193,2,3,0.7721604108810425,0.38941749930381775,0.7561668127534882,0.4608033677361455,0.9833164811134338
193,2,4,0.7085748314857483,0.3599148988723755,0.6942611150591269,0.4424050321228519,0.9841426610946655
193,2,5,0.688403844833374,0.34866631031036377,0.6758740198531568,0.43542792804444236,0.9839187264442444
193,2,6,0.6680872440338135,0.3380335867404938,0.6566665703055165,0.4285702762021691,0.98308926820755
193,2,7,0.7608544826507568,0.39116236567497253,0.7459421741436872,0.4588304393051432,0.9827020168304443
193,2,8,0.6243563890457153,0.3289623558521271,0.6172106041560298,0.41816063043192647,0.9828439950942993
193,2,9,0.7258462905883789,0.49318262934684753,0.7144150133694784,0.5704624628290504,0.9790971279144287
193,2,10,0.6748450994491577,0.46707865595817566,0.6666277950837952,0.5560503946422668,0.981672465801239
193,2,11,0.7825914025306702,0.6178910136222839,0.8012557687571036,0.6818125219000709,0.9463256001472473
193,2,12,0.4154585599899292,0.5291993021965027,0.40874128287652584,0.5870809416535452,0.9758732914924622
193,2,13,0.8643076419830322,0.8920066952705383,0.8420445070705619,0.8964279264932483,0.47367164492607117
193,2,14,0.2323826104402542,0.7946789860725403,0.21759800868531348,0.753171085616921,0.781610906124115
193,2,15,0.8050514459609985,0.8467597365379333,0.7736479447798541,0.7405463304090786,0.5808759331703186
193,2,16,0.13659866154193878,1.021659016609192,0.184974230521954,0.9249157078741931,0.7355056405067444
193,2,17,0.7780494093894958,0.8504476547241211,0.748931609984699,0.7054156830823696,0.575461745262146
193,2,18,0.07855896651744843,1.1090303659439087,0.162851327858476,0.991393207682039,0.7223219275474548
193,2,19,0.7697114944458008,0.7936808466911316,0.7459547111538111,0.6576769293946344,0.6004223823547363
193,2,20,0.12438645958900452,1.101594090461731,0.2019774040005999,0.984330106823224,0.7453910708427429
193,2,21,0.7690736651420593,0.796981930732727,0.7420215358175607,0.6778627369078695,0.5705053806304932
193,2,22,0.16113540530204773,1.0628693103790283,0.22057680841149427,0.9673953013255076,0.7302309274673462
193,2,23,0.6735575199127197,1.3509290218353271,0.6913304939652501,1.4553540386059247,0.0808359757065773
193,2,24,0.45473557710647583,1.339982509613037,0.4776979807968107,1.4466760566360075,0.08607642352581024
193,2,25,0.581680417060852,1.610052227973938,0.6240924651719469,1.3922463892132364,0.11054232716560364
193,2,26,0.4972324073314667,1.540680170059204,0.5054363064405233,1.3592858689531868,0.09823507815599442
193,2,27,0.5905144214630127,2.082669496536255,0.5703332843877146,1.797004125576334,0.06246504560112953
193,2,28,0.4760058522224426,2.0360219478607178,0.4803618285342927,1.7279868899096242,0.05211407318711281
193,2,29,0.5799283981323242,2.1688098907470703,0.5525830280168651,1.8701237532280532,0.059199877083301544
193,2,30,0.3787686228752136,2.11225962638855,0.4196696081626942,1.8012200983705406,0.04759512096643448
193,2,31,0.6468864679336548,2.201836109161377,0.5919704200976474,1.824285624079959,0.08430005609989166
193,2,32,0.5432767271995544,2.1738474369049072,0.5171358447230486,1.7690585758374893,0.0713861957192421
194,2,0,0.7306869029998779,0.40018901228904724,0.7157349052062403,0.49271311339935864,0.9885754585266113
194,2,1,0.758329451084137,0.3488447964191437,0.7402249493587186,0.43230707254787837,0.9859779477119446
194,2,2,0.7693296074867249,0.3539630174636841,0.7501692624002676,0.4360928793028211,0.9861270189285278
194,2,3,0.7802512645721436,0.3593243360519409,0.7611671462561564,0.43968953940208694,0.9845760464668274
194,2,4,0.7159181237220764,0.32607197761535645,0.698757170589173,0.41819072740007124,0.985569179058075
194,2,5,0.6972782611846924,0.31584322452545166,0.6803175687761651,0.4105345671265135,0.9853976368904114
194,2,6,0.6787456274032593,0.3060176372528076,0.661250296876435,0.4030570009905637,0.9846577048301697
194,2,7,0.7742078304290771,0.3613837957382202,0.7518112704617634,0.4385578456701819,0.983903169631958
194,2,8,0.6413971781730652,0.30079060792922974,0.6222321523532743,0.3937297651262487,0.9845030903816223
194,2,9,0.7333950400352478,0.46067485213279724,0.7183550276525732,0.5476147071336499,0.9809290170669556
194,2,10,0.6829872727394104,0.43002936244010925,0.6700235703609786,0.5298125727422678,0.9834020137786865
194,2,11,0.7969316244125366,0.6010788083076477,0.8003584961075658,0.6650245888724,0.9505000710487366
194,2,12,0.4310007095336914,0.4767715036869049,0.41336247563967077,0.5641242152785324,0.978230357170105
194,2,13,0.8681854009628296,0.875409722328186,0.8474721142191161,0.8920645731944193,0.4601794183254242
194,2,14,0.2518913149833679,0.7801759839057922,0.22471986005283573,0.7587782080778515,0.7982854247093201
194,2,15,0.8077442049980164,0.8186103701591492,0.7807289034309123,0.7567778821749057,0.5701979994773865
194,2,16,0.1290387660264969,1.0115560293197632,0.17335089020399902,0.9429348805967817,0.7524462342262268
194,2,17,0.7799788117408752,0.8108158111572266,0.7553788185189853,0.7273476775104155,0.5646035671234131
194,2,18,0.06587011367082596,1.099090814590454,0.14267587321006242,1.0138049661808797,0.7383674383163452
194,2,19,0.7795050144195557,0.7608428001403809,0.7529221869863821,0.6791426631104103,0.5917642116546631
194,2,20,0.10498826950788498,1.0994288921356201,0.1818003176111635,1.0082869144068018,0.7611561417579651
194,2,21,0.7783640027046204,0.7686832547187805,0.7495694415150204,0.6967533337965988,0.5600194931030273
194,2,22,0.14182433485984802,1.0559583902359009,0.2042018212271195,0.9858154274794819,0.7457963228225708
194,2,23,0.6875417232513428,1.3146562576293945,0.6905443232514219,1.426048378237107,0.07610269635915756
194,2,24,0.46223700046539307,1.2867693901062012,0.47448878999359995,1.4133518189244019,0.08339737355709076
194,2,25,0.5572347044944763,1.5560446977615356,0.6101952943196022,1.426385859268197,0.10147368162870407
194,2,26,0.44500932097435,1.4851529598236084,0.4928781174632611,1.385491804314055,0.09379014372825623
194,2,27,0.6022131443023682,2.016530990600586,0.5769534929632038,1.8428311448692296,0.05656582489609718
194,2,28,0.432222843170166,1.9617863893508911,0.470360758963128,1.77681281570402,0.047780778259038925
194,2,29,0.5819423198699951,2.100393772125244,0.5586793948930819,1.9182080905775825,0.05398259311914444
194,2,30,0.36068689823150635,2.033921480178833,0.40741203188194003,1.849815766290695,0.04429890587925911
194,2,31,0.636124849319458,2.131059408187866,0.60114270932936,1.8884819752990794,0.07681021094322205
194,2,32,0.5448526740074158,2.0944578647613525,0.5228909075397634,1.837188526089626,0.06608697772026062
195,2,0,0.7302665114402771,0.36358442902565,0.7187511124298335,0.46582597883034293,0.9892502427101135
195,2,1,0.7579976916313171,0.3161458373069763,0.7439142236572366,0.40812866840136225,0.9867194294929504
195,2,2,0.7689417004585266,0.3218008279800415,0.754066161475167,0.41230476610366634,0.9867234230041504
195,2,3,0.7798927426338196,0.32784387469291687,0.7650543163585771,0.41641217910908074,0.985267162322998
195,2,4,0.7177254557609558,0.2927874028682709,0.7026947463926154,0.39208196231270853,0.9866285920143127
195,2,5,0.7009032368659973,0.28262680768966675,0.6845910832549081,0.38390253650261996,0.9865158200263977
195,2,6,0.68460613489151,0.2730516791343689,0.6660992596064936,0.37598665729325953,0.9859041571617126
195,2,7,0.7746102213859558,0.3340337872505188,0.7565445425929813,0.4168086455068888,0.9844599962234497
195,2,8,0.6482245922088623,0.2716641128063202,0.6276288976021293,0.3683182088454368,0.9858884215354919
195,2,9,0.7303777933120728,0.42906397581100464,0.7208503224231585,0.5229373171141803,0.9823371171951294
195,2,10,0.6814178228378296,0.3912374973297119,0.6723883775006247,0.5009510060218485,0.9848455786705017
195,2,11,0.7863200902938843,0.565847635269165,0.7974447035395885,0.644391064532604,0.953967273235321
195,2,12,0.44510748982429504,0.4433000981807709,0.41995465878935206,0.5389719890538573,0.9803153872489929
195,2,13,0.8504577875137329,0.8630090951919556,0.8480916299193905,0.8860313530894492,0.43866074085235596
195,2,14,0.2627069354057312,0.7647913694381714,0.23260962046877443,0.7600260183336434,0.8111394047737122
195,2,15,0.8129933476448059,0.9281151294708252,0.7874290894415897,0.7924948147623465,0.5447267889976501
195,2,16,0.13342545926570892,1.007878303527832,0.16505808020813917,0.9564335230269215,0.7608552575111389
195,2,17,0.7840955853462219,0.9369113445281982,0.7613416984752941,0.7710792069419995,0.5399013757705688
195,2,18,0.07838427275419235,1.0881789922714233,0.1293130146472825,1.029267906236159,0.7459434866905212
195,2,19,0.7790887951850891,0.8912023305892944,0.7583551560437223,0.723398027421915,0.5685354471206665
195,2,20,0.11712531000375748,1.0972980260849,0.16835763754381566,1.026800480275162,0.76993328332901
195,2,21,0.7780891060829163,0.8864470720291138,0.7554913555833273,0.7363167900016937,0.5373397469520569
195,2,22,0.15023089945316315,1.0431861877441406,0.19298730877911574,0.9977376321186114,0.753334641456604
195,2,23,0.6806787252426147,1.2633728981018066,0.6884968662920732,1.3921446107687405,0.07221826165914536
195,2,24,0.4521283209323883,1.2233113050460815,0.46984660877672263,1.3737150139020256,0.08144062757492065
195,2,25,0.560780942440033,1.7026894092559814,0.5999288736149596,1.4841515023428435,0.09243128448724747
195,2,26,0.37218260765075684,1.6343210935592651,0.46775301031868954,1.4374736748816022,0.08624918758869171
195,2,27,0.5881622433662415,2.225329875946045,0.5792797875630112,1.9230339504402005,0.05102158710360527
195,2,28,0.3450455665588379,2.20700740814209,0.4442706441089599,1.867134103910921,0.04344754293560982
195,2,29,0.5699740052223206,2.305881977081299,0.5610235165294837,1.9995082108342952,0.04874403774738312
195,2,30,0.29665300250053406,2.293595314025879,0.3843616480884177,1.9430244030244217,0.040546201169490814
195,2,31,0.6219803094863892,2.3760406970977783,0.6054685612653574,1.9910106506022736,0.06953813135623932
195,2,32,0.44126880168914795,2.366288900375366,0.5059179694640341,1.9485800424532118,0.060920462012290955
196,2,0,0.7283305525779724,0.32499563694000244,0.7207391666255507,0.4364928806144193,0.9901294112205505
196,2,1,0.7605229020118713,0.28761351108551025,0.7473617494961543,0.3830410010278871,0.987669825553894
196,2,2,0.7719011902809143,0.2938544750213623,0.7577683707771317,0.3876483491411908,0.9876867532730103
196,2,3,0.7832082509994507,0.3004258871078491,0.7688227573573061,0.3922703096039794,0.9862884283065796
196,2,4,0.7219400405883789,0.26457205414772034,0.7066898554446877,0.365533057196441,0.987726628780365
196,2,5,0.7068778872489929,0.256196528673172,0.6892179640942213,0.3573126446234913,0.9876813292503357
196,2,6,0.692051112651825,0.24765172600746155,0.6714875725220476,0.34926534138617593,0.987130880355835
196,2,7,0.7847334742546082,0.3101184666156769,0.7623976942139155,0.3946073929844845,0.9854596853256226
196,2,8,0.6632954478263855,0.25026631355285645,0.6350362303279453,0.34374493755582275,0.987187922000885
196,2,9,0.7307484745979309,0.38732439279556274,0.7229045380883795,0.4946950257599749,0.9838643074035645
196,2,10,0.6824016571044922,0.35449251532554626,0.6744664925870589,0.47044089588273164,0.9862446784973145
196,2,11,0.8008518815040588,0.5367801189422607,0.7981516861920528,0.6219976660917612,0.9579790830612183
196,2,12,0.47065606713294983,0.41891247034072876,0.4304888402374629,0.5139794475909744,0.98223477602005
196,2,13,0.8722735643386841,0.8713337779045105,0.8531122219587398,0.8829806860959023,0.4395981431007385
196,2,14,0.2879948616027832,0.7059421539306641,0.24411843196324326,0.7487880436630668,0.826302707195282
196,2,15,0.8433012962341309,0.9868353009223938,0.7990393145678693,0.8330327141351369,0.5286712050437927
196,2,16,0.1456640660762787,0.9814541339874268,0.16103208030189475,0.9616283875701023,0.7748472094535828
196,2,17,0.8482292890548706,1.0744019746780396,0.7794123505368165,0.8345390406031804,0.5231664180755615
196,2,18,0.08827493339776993,1.0565296411514282,0.12078881366299196,1.034928463411444,0.7580849528312683
196,2,19,0.8391350507736206,1.034084439277649,0.7751527158024134,0.7884114540795684,0.5546144843101501
196,2,20,0.12690293788909912,1.059774398803711,0.15974680538827757,1.033648183260659,0.7820041179656982
196,2,21,0.8040919899940491,0.9827202558517456,0.765588524018513,0.78778799237627,0.523765504360199
196,2,22,0.15189026296138763,1.0195212364196777,0.18445086430849789,1.0022600273976006,0.7654669880867004
196,2,23,0.6920017004013062,1.2009029388427734,0.689224113624251,1.352256018325118,0.07861699163913727
196,2,24,0.4600123167037964,1.1578906774520874,0.4678056506716256,1.3286686003275636,0.09750065952539444
196,2,25,0.5779492259025574,1.5531569719314575,0.5953657943896814,1.4984964811160204,0.08962558209896088
196,2,26,0.39207810163497925,1.5071617364883423,0.45201927347194615,1.451960611343187,0.08839469403028488
196,2,27,0.5852879881858826,2.023456335067749,0.5805265666932893,1.943928992248117,0.04675033688545227
196,2,28,0.3494415581226349,2.0013275146484375,0.4245441072531078,1.8950821962214153,0.04114970937371254
196,2,29,0.5689126253128052,2.1041574478149414,0.5626606944448427,2.0212854463617806,0.04506934806704521
196,2,30,0.3066101372241974,2.0884366035461426,0.3681952168374462,1.9733185961131339,0.03941615670919418
196,2,31,0.6145795583724976,2.149852752685547,0.6073593762234519,2.0241160413192842,0.06400234252214432
196,2,32,0.4126288592815399,2.127150297164917,0.4865126706499879,1.985818043230568,0.05804985761642456
197,2,0,0.7414450645446777,0.29916873574256897,0.7250376523609628,0.4078928002948604,0.9910830855369568
197,2,1,0.7688659429550171,0.26199427247047424,0.7518260582567718,0.35784229379164156,0.988838791847229
197,2,2,0.7801501154899597,0.26689884066581726,0.7624149732644042,0.3625117284293992,0.9888562560081482
197,2,3,0.7915377020835876,0.27191776037216187,0.7735385776096894,0.3672166085914466,0.987586259841919
197,2,4,0.7311069965362549,0.24219360947608948,0.7117593050993806,0.3398554142259281,0.9889100193977356
197,2,5,0.7161016464233398,0.23421837389469147,0.6947998931004638,0.3316862064236377,0.9888781309127808
197,2,6,0.7017849683761597,0.22652457654476166,0.6777788923497233,0.32371273569523107,0.9883816242218018
197,2,7,0.7924651503562927,0.2806296646595001,0.7686412260921721,0.370884907253097,0.9868174195289612
197,2,8,0.6709460616111755,0.23018857836723328,0.6424941386410621,0.3201103601672082,0.9884418249130249
197,2,9,0.744391143321991,0.3596362769603729,0.7273651925477509,0.4665685411383981,0.9854198098182678
197,2,10,0.6970208287239075,0.3290705978870392,0.6791489473828376,0.4409948345758965,0.9875831604003906
197,2,11,0.8121389746665955,0.48561587929725647,0.8010548684748269,0.5935947068839241,0.9619500637054443
197,2,12,0.5020584464073181,0.36903899908065796,0.44536734287085206,0.48378685730892695,0.9839813113212585
197,2,13,0.8572761416435242,0.8378382325172424,0.8539762464008778,0.8736029268380109,0.4567801356315613
197,2,14,0.3317830562591553,0.6081457734107971,0.2623509701807812,0.7194945778899343,0.841729462146759
197,2,15,0.8605288863182068,0.9853305816650391,0.8118187954194668,0.8647643880229401,0.5319510698318481
197,2,16,0.1864101141691208,0.9481428265571594,0.1663011571642071,0.9588294013444542,0.7919682860374451
197,2,17,0.8681117296218872,1.0663208961486816,0.7978607313288786,0.8829373107462156,0.5217964053153992
197,2,18,0.11627975106239319,1.023900032043457,0.11985316071278679,1.0326396308666372,0.7737464904785156
197,2,19,0.8384403586387634,1.0505425930023193,0.7883065546266365,0.8431923845306881,0.5555117726325989
197,2,20,0.1509864777326584,1.0190881490707397,0.15792878122223383,1.03062611117918,0.7967246770858765
197,2,21,0.8210073113441467,1.0079479217529297,0.7771043732800378,0.8337445353003945,0.5262311100959778
197,2,22,0.18259571492671967,0.9813690185546875,0.18406594043918464,0.9979231319675899,0.7806404829025269
197,2,23,0.6944133043289185,1.1256318092346191,0.690300912378196,1.3049415392605865,0.12169966101646423
197,2,24,0.4696527123451233,1.0697450637817383,0.46818889539343345,1.2745627154975596,0.1500677615404129
197,2,25,0.5773566961288452,1.5654712915420532,0.591627431125122,1.5124184423764846,0.10061553120613098
197,2,26,0.3826683759689331,1.519845724105835,0.43760287869425696,1.4660719853307065,0.1001553162932396
197,2,27,0.5796141028404236,2.090569019317627,0.5803372454934648,1.9744788861775704,0.04504087194800377
197,2,28,0.3309663236141205,2.1007885932922363,0.40507852115702053,1.9380074559369587,0.04600925371050835
197,2,29,0.5667740106582642,2.162566661834717,0.5635142162968451,2.0507147859995096,0.04306555539369583
197,2,30,0.3007323443889618,2.1878767013549805,0.3541720128380357,2.018102145911797,0.042353253811597824
197,2,31,0.5992408394813538,2.2554471492767334,0.6056745809618878,2.0724240008649035,0.06186465173959732
197,2,32,0.36321306228637695,2.2581193447113037,0.4608435978958101,2.0427463641513275,0.06389104574918747
198,2,0,0.7672100067138672,0.30198779702186584,0.7337976993064502,0.3858553110953132,0.9919277429580688
198,2,1,0.7905940413475037,0.26090750098228455,0.7598781938923801,0.3376764154187168,0.9898463487625122
198,2,2,0.8025524020195007,0.26439130306243896,0.7707518585633687,0.3420985358616323,0.9898772835731506
198,2,3,0.8144054412841797,0.267766535282135,0.7820271432493787,0.34652604360440786,0.9887014627456665
198,2,4,0.7495764493942261,0.2447228729724884,0.7196137453999412,0.3200654264938912,0.9899333119392395
198,2,5,0.7333000898361206,0.23788288235664368,0.7027963508196731,0.3121734371592936,0.9899240136146545
198,2,6,0.7184826135635376,0.23141302168369293,0.6862335342853229,0.30451353256701574,0.9894600510597229
198,2,7,0.8174585700035095,0.26736146211624146,0.7787834305384035,0.34934448149311764,0.9880130887031555
198,2,8,0.6862747669219971,0.22535064816474915,0.6515886620829464,0.30039813941953286,0.9895504713058472
198,2,9,0.7757206559181213,0.3484293818473816,0.7374113082651172,0.4419770375813444,0.9868184924125671
198,2,10,0.7266539931297302,0.32563573122024536,0.6890181522515095,0.4169838028896253,0.98878413438797
198,2,11,0.8302885890007019,0.41159144043922424,0.807125132551515,0.5556430486551492,0.9657078385353088
198,2,12,0.5300898551940918,0.30587857961654663,0.4629865745555519,0.44669314407397603,0.9855709671974182
198,2,13,0.8634899258613586,0.7306082844734192,0.8559506510839578,0.8438175464760344,0.5023486614227295
198,2,14,0.35104137659072876,0.5834347605705261,0.2807973929968422,0.6911590360977325,0.8569251894950867
198,2,15,0.8580572009086609,0.9644813537597656,0.8214245578709868,0.8855107176081152,0.5683847069740295
198,2,16,0.20887792110443115,0.9088023900985718,0.1751452931983275,0.9484355927793762,0.8108180165290833
198,2,17,0.8742710947990417,1.051543951034546,0.8137477716582245,0.9180832408092325,0.5529938340187073
198,2,18,0.13167059421539307,0.976166307926178,0.122305815502679,1.0209044692334879,0.7923073172569275
198,2,19,0.8363211750984192,1.0367430448532104,0.7982818104836215,0.8835655739766574,0.5863995552062988
198,2,20,0.1768476366996765,0.9906479716300964,0.16185607534130134,1.0223224300887894,0.8137032389640808
198,2,21,0.8193118572235107,0.994812548160553,0.7858717573148932,0.8673118756045984,0.5587573051452637
198,2,22,0.21344107389450073,0.967662513256073,0.19016557973117768,0.9916395042205692,0.7985562682151794
198,2,23,0.7051418423652649,0.9126070737838745,0.6933813456614495,1.222658889240044,0.18382872641086578
198,2,24,0.4862022399902344,0.942416787147522,0.47192813290323204,1.2050167569880965,0.21495436131954193
198,2,25,0.5875290036201477,1.4421056509017944,0.5907769986328318,1.4978021146669498,0.1119152382016182
198,2,26,0.38923871517181396,1.3825669288635254,0.42755493411705964,1.448706837944979,0.11764118075370789
198,2,27,0.5797118544578552,2.0130505561828613,0.5802074881865386,1.9824906733681678,0.044961195439100266
198,2,28,0.33364298939704895,1.9610460996627808,0.3902279011548462,1.9427908581993711,0.053053561598062515
198,2,29,0.5628628134727478,2.101828098297119,0.5633790619727951,2.061335342989249,0.04483708366751671
198,2,30,0.3064231276512146,2.0370655059814453,0.34425205692409067,2.022038999506573,0.05021138861775398
198,2,31,0.5852533578872681,2.097149133682251,0.6014352355146776,2.077557950139563,0.06131470575928688
198,2,32,0.3673209846019745,2.0850882530212402,0.4413895272657674,2.051542700006148,0.06971979141235352
199,2,0,0.7847386002540588,0.29693087935447693,0.7443817099286082,0.36735991805920426,0.9926950335502625
199,2,1,0.8123719692230225,0.25891682505607605,0.7707853134432633,0.3212998259634392,0.9907721281051636
199,2,2,0.8231260180473328,0.2626272737979889,0.781634088760428,0.3255736465516172,0.9908093810081482
199,2,3,0.8336380124092102,0.2659728229045868,0.7927505522703013,0.32977568184305694,0.9897240400314331
199,2,4,0.7737405896186829,0.23945197463035583,0.7308606895165044,0.3033024909709711,0.9908711910247803
199,2,5,0.7575811743736267,0.2303580790758133,0.7141802221654705,0.2951600081197725,0.9908756017684937
199,2,6,0.7428656220436096,0.2215057611465454,0.6980018529167045,0.28725157210339475,0.9904439449310303
199,2,7,0.8319410681724548,0.2517235577106476,0.7898286905045621,0.32903550749878996,0.9891256093978882
199,2,8,0.7084586024284363,0.20098406076431274,0.6634064852278814,0.27971506822605446,0.9905611276626587
199,2,9,0.7825233340263367,0.3349595367908478,0.7467827460058108,0.41970739615309816,0.9880819320678711
199,2,10,0.7376886606216431,0.3098094165325165,0.6991298100335797,0.394681382700356,0.989864706993103
199,2,11,0.8388376832008362,0.3542954623699188,0.813710566395159,0.5136352673074686,0.9691028594970703
199,2,12,0.5540663599967957,0.2523292005062103,0.481931219718038,0.40615004989914383,0.9870069026947021
199,2,13,0.8711191415786743,0.6597947478294373,0.8590991074761134,0.8054428251077761,0.5413338541984558
199,2,14,0.38960227370262146,0.536158561706543,0.30343990552440847,0.658862083530351,0.8708333969116211
199,2,15,0.8616573810577393,0.9389303922653198,0.8297813060807503,0.8966106244544151,0.6014376282691956
199,2,16,0.23765896260738373,0.8495287895202637,0.1881379098168025,0.9278586169144025,0.8289910554885864
199,2,17,0.8768295645713806,1.007233738899231,0.8268587520860529,0.9366260508067297,0.580126166343689
199,2,18,0.1473075896501541,0.9194827675819397,0.12749671258673695,0.9998028826359294,0.8113287687301636
199,2,19,0.8367189168930054,0.9993959069252014,0.8062651798293117,0.9076754087709595,0.6124135851860046
199,2,20,0.18503807485103607,0.9422429800033569,0.1666689086363748,1.0056710592239557,0.830794632434845
199,2,21,0.8186538815498352,0.9640291333198547,0.792679521449447,0.8874326030838553,0.5884025692939758
199,2,22,0.22599224746227264,0.9256505370140076,0.19760618425814064,0.9779233475163098,0.8170162439346313
199,2,23,0.7118076682090759,0.849455714225769,0.6972063539752755,1.1444277785341006,0.2602395713329315
199,2,24,0.5158854126930237,0.8224568367004395,0.48105938657728936,1.1248040721809784,0.29111480712890625
199,2,25,0.6516661047935486,1.1006016731262207,0.6034313966762207,1.4144915659430248,0.12082824110984802
199,2,26,0.3700578808784485,1.1374431848526,0.41560657140525903,1.383573085896998,0.16770176589488983
199,2,27,0.5385237336158752,1.4663373231887817,0.5715490575299612,1.8738837656544687,0.04546826332807541
199,2,28,0.3301556408405304,1.5576696395874023,0.3777434828123122,1.8620433002215708,0.07729111611843109
199,2,29,0.5030255913734436,1.5063250064849854,0.5508361616873941,1.94443011418361,0.04779728502035141
199,2,30,0.30587339401245117,1.5970855951309204,0.3362808516085005,1.9328439057189861,0.07422883808612823
199,2,31,0.525191068649292,1.6160385608673096,0.5855829381510301,1.980593497884605,0.061190247535705566
199,2,32,0.36532706022262573,1.7237012386322021,0.42557501226319505,1.982914482025816,0.08874049782752991
200,2,0,0.8079652786254883,0.2983774244785309,0.7575970993775053,0.3530201393082773,0.9934213757514954
200,2,1,0.8323701620101929,0.26134467124938965,0.7835845793867106,0.3088397347165826,0.9916878342628479
200,2,2,0.8412219882011414,0.263942688703537,0.7940176447021897,0.3127646940576446,0.9917227029800415
200,2,3,0.8500007390975952,0.2659997045993805,0.8046475181135734,0.31652014212777446,0.9907436966896057
200,2,4,0.7972593307495117,0.2431492954492569,0.7446622438540216,0.2908011647782157,0.9917776584625244
200,2,5,0.7814666628837585,0.23349235951900482,0.7281666559582252,0.28234340365333843,0.9917827248573303
200,2,6,0.7665609121322632,0.22376981377601624,0.7122533190539466,0.2740572728126975,0.9913929104804993
200,2,7,0.8436450362205505,0.24888920783996582,0.8010110246358109,0.3123699588687181,0.9902024865150452
200,2,8,0.7323312163352966,0.19898423552513123,0.6777341090013,0.26292768158197566,0.9915004372596741
200,2,9,0.8029555678367615,0.3292238712310791,0.7584554807022363,0.4008869363642971,0.9892646670341492
200,2,10,0.7641948461532593,0.30899012088775635,0.7126536637681501,0.37686003559086967,0.9908696413040161
200,2,11,0.8527106642723083,0.3503083288669586,0.8218109622624366,0.47959521677208655,0.9721391201019287
200,2,12,0.5700671672821045,0.24043524265289307,0.5002620746628131,0.37161001939695015,0.9882645010948181
200,2,13,0.8852155804634094,0.660316526889801,0.8645216250747402,0.7752114237616672,0.563421368598938
200,2,14,0.3940545916557312,0.5167900919914246,0.3222875943743789,0.6292694212141957,0.8825204968452454
200,2,15,0.8717105388641357,0.9216880202293396,0.838490817547829,0.9018172962184384,0.6226773262023926
200,2,16,0.25237730145454407,0.8339896202087402,0.20148983858978595,0.9083323887958461,0.843713641166687
200,2,17,0.8999460339546204,0.9854564070701599,0.8420534614124889,0.9467711789016275,0.596504271030426
200,2,18,0.15998591482639313,0.8975012302398682,0.13424355571093416,0.9785176373670739,0.8248673677444458
200,2,19,0.8585190176963806,0.9825662970542908,0.8171224056760282,0.9232461752636097,0.6289476752281189
200,2,20,0.1903206706047058,0.9217638373374939,0.17157933579784168,0.9882218767925193,0.8430086374282837
200,2,21,0.8390941619873047,0.9541805982589722,0.8023219277703058,0.9013071375436745,0.6080002188682556
200,2,22,0.23441067337989807,0.9116401672363281,0.2052500756067068,0.9641459008594779,0.8304225206375122
200,2,23,0.7241935133934021,0.7904597520828247,0.7028097786291763,1.070266623691343,0.3290475606918335
200,2,24,0.5390310287475586,0.740277111530304,0.4931065035732342,1.0441734808989567,0.3580281734466553
200,2,25,0.6441092491149902,0.6782368421554565,0.6118806493933312,1.2586427889463738,0.1663263589143753
200,2,26,0.34262895584106445,0.6640893220901489,0.4004347504147066,1.231343305068935,0.21573643386363983
200,2,27,0.4333188831806183,0.8475526571273804,0.5427598785612293,1.6549484666440324,0.06845347583293915
200,2,28,0.39867231249809265,0.7412286996841431,0.38208825594455376,1.6223612145250044,0.09900926798582077
200,2,29,0.4120047688484192,0.8658723831176758,0.5219212882335983,1.7140351964550726,0.062314555048942566
200,2,30,0.4201720356941223,0.7451924085617065,0.3537267249796581,1.6784212842279718,0.09738133102655411
200,2,31,0.32161611318588257,0.9020107388496399,0.5304169264232879,1.750201349408849,0.08470000326633453
200,2,32,0.37785273790359497,0.7696702480316162,0.41566058678372775,1.7228435673372036,0.11410148441791534
201,2,0,0.8001285791397095,0.2994987666606903,0.7664318386863026,0.3418991040479088,0.9940782189369202
201,2,1,0.8312491178512573,0.2598114609718323,0.7934869713928265,0.29865358563281036,0.9925181865692139
201,2,2,0.8397181034088135,0.2600293457508087,0.8035114813018166,0.3018072415282106,0.9925495386123657
201,2,3,0.8479551672935486,0.2617093622684479,0.8136436771223381,0.30513080191751285,0.9916684031486511
201,2,4,0.7976643443107605,0.23988685011863708,0.7556751456500441,0.28022261430085776,0.9925990104675293
201,2,5,0.7820593118667603,0.23449379205703735,0.7393648747420274,0.27240244959190635,0.9926035404205322
201,2,6,0.7672411203384399,0.22654032707214355,0.7236794412153135,0.2641855201222178,0.9922526478767395
201,2,7,0.8427006602287292,0.2510110139846802,0.8096706928352905,0.29961764391150586,0.9911811351776123
201,2,8,0.731728196144104,0.19770961999893188,0.6889534367421872,0.24937186641549625,0.9923497438430786
201,2,9,0.7910622358322144,0.3265882730484009,0.7652267779565552,0.3854398041047611,0.9903374314308167
201,2,10,0.7553278803825378,0.3049209415912628,0.7215180878330564,0.36190443050454724,0.991782009601593
201,2,11,0.8485946655273438,0.3113575875759125,0.8273721155683091,0.4445269390905071,0.9749093651771545
201,2,12,0.5511577725410461,0.17128905653953552,0.5108367120068462,0.32981734679427943,0.9894219636917114
201,2,13,0.8644161224365234,0.6465000510215759,0.8644997355181856,0.7484114733888377,0.5976205468177795
201,2,14,0.3823283016681671,0.4893931448459625,0.3347654481366055,0.6001358227604447,0.8936654329299927
201,2,15,0.838765025138855,0.9516139626502991,0.8385477102896562,0.9121633157088687,0.6510857343673706
201,2,16,0.24696722626686096,0.8074098825454712,0.2109372707181255,0.8873348104322367,0.8582373857498169
201,2,17,0.8759139180183411,1.0191487073898315,0.8490853783971214,0.9618182281151689,0.6226616501808167
201,2,18,0.15789653360843658,0.8682666420936584,0.13915423683933867,0.9555733537195122,0.8398423194885254
201,2,19,0.8299045562744141,1.0236172676086426,0.819775370846242,0.9441291470587823,0.6548265814781189
201,2,20,0.19217418134212494,0.8929170966148376,0.1758547465533096,0.9683962220642758,0.8567008972167969
201,2,21,0.8026377558708191,0.9894838333129883,0.8023874560191729,0.9196466999223214,0.6365448832511902
201,2,22,0.2365713268518448,0.8836147785186768,0.2117541766855205,0.9474003214438184,0.845362663269043
201,2,23,0.7133819460868835,0.5783619284629822,0.7050039152825588,0.9668185079804448,0.3960728347301483
201,2,24,0.5284045934677124,0.5070387721061707,0.500437237539001,0.9310749130208339,0.42215654253959656
201,2,25,0.711936891078949,0.7447914481163025,0.6326974934088389,1.15051216536124,0.23766136169433594
201,2,26,0.20397810637950897,0.47109296917915344,0.359453239408728,1.0702997630913158,0.2863266170024872
201,2,27,0.4372738301753998,0.6371161341667175,0.5208100106351882,1.4378406998784066,0.08739303052425385
201,2,28,0.3743940591812134,0.5529348850250244,0.38049153269082847,1.393934324313748,0.11174367368221283
201,2,29,0.41254299879074097,0.5850650668144226,0.499159072847634,1.4725086684193962,0.07258593291044235
201,2,30,0.40469813346862793,0.5270879864692688,0.3643170650622423,1.4319615369409748,0.10870535671710968
201,2,31,0.2827400267124176,0.6864378452301025,0.47867779658904325,1.523022627070201,0.10918034613132477
201,2,32,0.3410464823246002,0.6137848496437073,0.4001478306579407,1.4857022162660292,0.129481241106987
202,2,0,0.7841895818710327,0.29616114497184753,0.770117998574991,0.33239741123071315,0.9946660995483398
202,2,1,0.8145374059677124,0.25897106528282166,0.7978570271228964,0.29041124992286793,0.9932637810707092
202,2,2,0.8237316608428955,0.2600487470626831,0.8077090802545267,0.2931332148693374,0.9932922124862671
202,2,3,0.8328377604484558,0.26213791966438293,0.8176281509181228,0.2962000659525655,0.9924986362457275
202,2,4,0.7798153162002563,0.24054491519927979,0.7606870567954823,0.2719812770117741,0.9933364987373352
202,2,5,0.7644053101539612,0.23365703225135803,0.7445638256140332,0.2643549598943833,0.9933409690856934
202,2,6,0.749807596206665,0.224320650100708,0.7291043901575885,0.2559052613438857,0.9930247068405151
202,2,7,0.8336133360862732,0.24736064672470093,0.8146415652461452,0.2887597331746474,0.9920601844787598
202,2,8,0.7178807854652405,0.19184790551662445,0.6949600420186387,0.2374178453731373,0.9931133985519409
202,2,9,0.7774407267570496,0.31927117705345154,0.7677617660296553,0.3716860493862815,0.9913011193275452
202,2,10,0.7412513494491577,0.2961333692073822,0.725614550145963,0.3482334544140444,0.9926018118858337
202,2,11,0.8422760963439941,0.2868526875972748,0.8304656440229415,0.4116700340578502,0.9773971438407898
202,2,12,0.535108208656311,0.1438256949186325,0.5158759154245419,0.2910293081572323,0.9904526472091675
202,2,13,0.8324315547943115,0.6289832592010498,0.8578403943813924,0.7235507667142447,0.6300890445709229
202,2,14,0.36673563718795776,0.45009031891822815,0.3414044537954022,0.5688754022638185,0.9037846922874451
202,2,15,0.7926651239395142,0.9369452595710754,0.8290160268170906,0.9173085862735054,0.6801921129226685
202,2,16,0.24831441044807434,0.7614003419876099,0.21870023139742842,0.8611152676688997,0.8708366751670837
202,2,17,0.8613865971565247,1.007517695426941,0.8516384929118893,0.9713119874033548,0.6511015892028809
202,2,18,0.1597507745027542,0.826218843460083,0.14343000000984804,0.9286392498348474,0.8526426553726196
202,2,19,0.7801235914230347,1.020569920539856,0.8115394984659028,0.9600227179628347,0.6821584105491638
202,2,20,0.2062845677137375,0.8604754209518433,0.18217357698755948,0.9459382999560798,0.868409276008606
202,2,21,0.7452421188354492,0.9912934303283691,0.790512351853662,0.9345414452550931,0.6662455201148987
202,2,22,0.24757073819637299,0.8495457172393799,0.21919268791961688,0.9270427774810427,0.8584322929382324
202,2,23,0.7018387913703918,0.406750351190567,0.7043471631835562,0.8488155251539005,0.4564497470855713
202,2,24,0.47897350788116455,0.33823487162590027,0.49598134117517717,0.8060554892412536,0.47992759943008423
202,2,25,0.782588005065918,0.730896532535553,0.663925213173237,1.0624348701739277,0.30330774188041687
202,2,26,0.14197281002998352,0.43150991201400757,0.3140597197974039,0.9354157093174046,0.35358893871307373
202,2,27,0.5413604974746704,0.6360528469085693,0.5250761942354926,1.267774739299038,0.10363668948411942
202,2,28,0.30007606744766235,0.5707006454467773,0.36376998288890694,1.2192151825880924,0.13431639969348907
202,2,29,0.5105505585670471,0.5840835571289062,0.5015232929595776,1.2836207674522038,0.08086677640676498
202,2,30,0.3643374443054199,0.5413556694984436,0.36432129331522206,1.2425951854995883,0.11573176831007004
202,2,31,0.38857609033584595,0.7182057499885559,0.4599367972898451,1.352299232312541,0.12995053827762604
202,2,32,0.28591087460517883,0.703895092010498,0.3763713145797244,1.3199559183568377,0.1469067484140396
203,2,0,0.7890477180480957,0.29235461354255676,0.7740475639456786,0.3240801585339011,0.9951889514923096
203,2,1,0.8167873620986938,0.2564127743244171,0.8017867206979432,0.28335064376120894,0.9939291477203369
203,2,2,0.8245614171028137,0.2564705014228821,0.8112072073776361,0.2855187554128007,0.9939548969268799
203,2,3,0.8325405120849609,0.25739148259162903,0.8207234212121148,0.28813945494207477,0.9932383298873901
203,2,4,0.7877991199493408,0.23813983798027039,0.7663164436789124,0.26495331097804364,0.9939958453178406
203,2,5,0.7733820080757141,0.2292049080133438,0.7505477428604688,0.25705496580509857,0.9940008521080017
203,2,6,0.7584407925605774,0.22180239856243134,0.7351960001487584,0.2488229520890812,0.9937148094177246
203,2,7,0.8338185548782349,0.2453000396490097,0.8186224879442304,0.27973191587075097,0.9928440451622009
203,2,8,0.7222100496292114,0.18597154319286346,0.7006180932921288,0.22672862012106607,0.9937981367111206
203,2,9,0.7805188298225403,0.31414464116096497,0.7704095159715669,0.3597283960546095,0.9921663999557495
203,2,10,0.7479192018508911,0.2928701639175415,0.7302451393369702,0.33672911954077833,0.9933385252952576
203,2,11,0.8459738492965698,0.2699968218803406,0.8336846410610262,0.3821604580594871,0.9796403050422668
203,2,12,0.5245651602745056,0.14109137654304504,0.5176791834680406,0.25979104218429677,0.991387128829956
203,2,13,0.8181993365287781,0.6097637414932251,0.8496067323886216,0.6998680253133005,0.6606072783470154
203,2,14,0.35758113861083984,0.42573854327201843,0.3447622766681441,0.539059940793514,0.9126222729682922
203,2,15,0.7786552309989929,0.930611252784729,0.8185527363880806,0.920069630657987,0.7085871696472168
203,2,16,0.26254385709762573,0.7135834097862244,0.22780785840119772,0.8303808595282487,0.8826013207435608
203,2,17,0.8457851409912109,1.0009645223617554,0.8504238567125311,0.9774693607008424,0.680051326751709
203,2,18,0.17265795171260834,0.7800882458686829,0.14949905897004173,0.8976916793034819,0.8651151061058044
203,2,19,0.7582915425300598,1.0119556188583374,0.8004754766363135,0.9708132910185098,0.7093084454536438
203,2,20,0.22946952283382416,0.8220246434211731,0.19199927405265282,0.9201409339506469,0.8797151446342468
203,2,21,0.726707398891449,0.9734202027320862,0.7772508980742128,0.9426166968322466,0.6956827640533447
203,2,22,0.2739013135433197,0.8016815781593323,0.23056069303025328,0.9009430226503755,0.8710091710090637
203,2,23,0.6704108119010925,0.2940327823162079,0.6972995056936632,0.7319392662074441,0.5108000040054321
203,2,24,0.47382161021232605,0.22879834473133087,0.4913808647146412,0.6843691734079276,0.5319314002990723
203,2,25,0.7280017733573914,0.7124060988426208,0.677243298659081,0.9891023786704173,0.34947675466537476
203,2,26,0.16072727739810944,0.4820021390914917,0.2821115054925891,0.8401498534481422,0.4082576036453247
203,2,27,0.5448246002197266,0.504199206829071,0.5291757827388651,1.105972878736113,0.09998352825641632
203,2,28,0.3101302981376648,0.4922856092453003,0.3526243927593346,1.0653257505290241,0.13620254397392273
203,2,29,0.5296129584312439,0.43444690108299255,0.5073557920088548,1.1032574528846124,0.07866300642490387
203,2,30,0.3653404712677002,0.4468112587928772,0.3645327565852604,1.0738095913801873,0.11424071341753006
203,2,31,0.4337480962276459,0.5774790048599243,0.4544991917965981,1.1880642407638837,0.13003689050674438
203,2,32,0.308403879404068,0.6122841238975525,0.3622430093991858,1.1702201196628714,0.15153494477272034
204,2,0,0.7878018021583557,0.28786706924438477,0.7769023577781881,0.3165591731859151,0.9956667423248291
204,2,1,0.8155477046966553,0.25201717019081116,0.8046429154117573,0.2768439735841359,0.9945341944694519
204,2,2,0.8236221671104431,0.25235897302627563,0.8137839288464565,0.2786324888737019,0.99455726146698
204,2,3,0.8317246437072754,0.254684716463089,0.8230066326273846,0.281191878444117,0.9939118027687073
204,2,4,0.7862549424171448,0.23856112360954285,0.7704555342057896,0.25947348760224404,0.9945943355560303
204,2,5,0.772132396697998,0.22936737537384033,0.7550287672833197,0.251305971346213,0.9945988655090332
204,2,6,0.7567939162254333,0.22016097605228424,0.7396797797874987,0.2428714776576485,0.9943408370018005
204,2,7,0.8306117057800293,0.23821119964122772,0.8211108175190746,0.2711073477637335,0.9935570359230042
204,2,8,0.7182878851890564,0.18262851238250732,0.704285987175095,0.217567609665507,0.9944168925285339
204,2,9,0.7775421738624573,0.30850350856781006,0.7718896808941831,0.3490852394861546,0.9929485321044922
204,2,10,0.7470659613609314,0.28934040665626526,0.733736721053534,0.32688405475123283,0.9940037727355957
204,2,11,0.8471096754074097,0.2765319347381592,0.8364710793722023,0.3601805428160099,0.9816699028015137
204,2,12,0.5120465755462646,0.13559657335281372,0.5165103599849358,0.23393451582597755,0.9922314286231995
204,2,13,0.8161753416061401,0.6007428169250488,0.8426640386608762,0.6792451994932824,0.6901454925537109
204,2,14,0.3546086847782135,0.4035447835922241,0.34680575438427336,0.5108379687234875,0.920624852180481
204,2,15,0.7575727105140686,0.9211141467094421,0.8058794071681823,0.9202863523151451,0.734968364238739
204,2,16,0.27532368898391724,0.6861079335212708,0.23767931206545892,0.8003279756712812,0.8924224972724915
204,2,17,0.8257988691329956,0.9875292778015137,0.8453112431106046,0.9795571763927943,0.7071025967597961
204,2,18,0.20634642243385315,0.75764000415802,0.16131216707173643,0.8685214984192121,0.8746687769889832
204,2,19,0.73252272605896,1.0003399848937988,0.7863503138266624,0.9769445150746473,0.7345303893089294
204,2,20,0.25571367144584656,0.7903109788894653,0.2052418889890938,0.8931074124022971,0.8885735869407654
204,2,21,0.7042737007141113,0.96391761302948,0.7620792053474145,0.9470388161449752,0.7228266596794128
204,2,22,0.29912981390953064,0.7678170800209045,0.24481424458881249,0.873220699609603,0.8811980485916138
204,2,23,0.6583800315856934,0.33872029185295105,0.689215876533195,0.6494593854235855,0.5597176551818848
204,2,24,0.45718517899513245,0.24949759244918823,0.48427930158169247,0.5930479004456147,0.5787361264228821
204,2,25,0.6664384603500366,0.7147035002708435,0.6750008694747703,0.931733364645031,0.40324667096138
204,2,26,0.17434994876384735,0.5054483413696289,0.2596864762919065,0.7700532460505063,0.46196937561035156
204,2,27,0.578052282333374,0.4974741041660309,0.5393302604887525,0.9775643743160576,0.0966174528002739
204,2,28,0.31677234172821045,0.4549451470375061,0.3451784825199142,0.9365120913946205,0.1351737082004547
204,2,29,0.567333459854126,0.4298047721385956,0.519820437002361,0.9608834236275285,0.07600636780261993
204,2,30,0.36393871903419495,0.409720242023468,0.3644095046007294,0.9334503621489497,0.11129938066005707
204,2,31,0.5420430302619934,0.5626744031906128,0.4727063113470235,1.0560303045328074,0.13099269568920135
204,2,32,0.32048261165618896,0.5444123148918152,0.35356859824862813,1.038096116334776,0.15492451190948486
205,2,0,0.7883639335632324,0.27947860956192017,0.7792811415669437,0.3088578470921881,0.9960988759994507
205,2,1,0.8163284063339233,0.24857933819293976,0.8070681866295882,0.27097507552305045,0.9950801134109497
205,2,2,0.8243110179901123,0.24673756957054138,0.8159687089941834,0.27200913113033126,0.9951008558273315
205,2,3,0.8321002721786499,0.2475086897611618,0.8248938414597332,0.2741968201897989,0.9945197701454163
205,2,4,0.7892473936080933,0.24023504555225372,0.7743564663087239,0.2554797917828133,0.9951342344284058
205,2,5,0.7769019603729248,0.2320123314857483,0.7595697283770605,0.24730081068594847,0.9951383471488953
205,2,6,0.7638017535209656,0.22255823016166687,0.7446879076797431,0.23865453795174146,0.9949058294296265
205,2,7,0.8284474611282349,0.2308642566204071,0.8226333220578131,0.2627484646548517,0.9942007064819336
205,2,8,0.724064826965332,0.17947319149971008,0.7083919150716832,0.20965549091519006,0.994974672794342
205,2,9,0.7744839787483215,0.3001220226287842,0.7724279804790259,0.33891264064366317,0.9936532974243164
205,2,10,0.7506528496742249,0.28209492564201355,0.737248094668384,0.3175797331768011,0.9946030974388123
205,2,11,0.837687611579895,0.27310416102409363,0.8367234920621512,0.34207036517295875,0.9835008978843689
205,2,12,0.4992482662200928,0.13450998067855835,0.5129271477097987,0.21324906852237654,0.9929974675178528
205,2,13,0.7988311648368835,0.5872055292129517,0.8335586564070269,0.6601002514364321,0.7190499901771545
205,2,14,0.3545238971710205,0.389335036277771,0.34840744682040065,0.4855438725732177,0.9277405738830566
205,2,15,0.7437356114387512,0.9144317507743835,0.7929637906046341,0.9190714568526664,0.7601348757743835
205,2,16,0.30854251980781555,0.668571949005127,0.25241067933998734,0.7728918151809415,0.9014790654182434
205,2,17,0.8067722916603088,0.9827102422714233,0.8373067500569162,0.9802114314366023,0.733722984790802
205,2,18,0.24209904670715332,0.735778272151947,0.1781110854329234,0.8408790323365327,0.8835414052009583
205,2,19,0.7219051122665405,0.9944473505020142,0.7729555377411815,0.9805777675462575,0.7590100765228271
205,2,20,0.29925858974456787,0.7626960873603821,0.22479895953349152,0.8659523506811263,0.8967158198356628
205,2,21,0.6971505284309387,0.9619950652122498,0.7485837505971342,0.950143218599899,0.7487722039222717
205,2,22,0.3286884129047394,0.7420539259910583,0.2622566365046495,0.845907768931828,0.8904860019683838
205,2,23,0.6430625319480896,0.34008264541625977,0.6796278479586229,0.5847141277763617,0.6037450432777405
205,2,24,0.44177985191345215,0.26795998215675354,0.4754512367871987,0.524984365001616,0.6208616495132446
205,2,25,0.632530689239502,0.7125704288482666,0.6661789222434371,0.8859822788148912,0.45659881830215454
205,2,26,0.18159011006355286,0.5029088258743286,0.24344801239720906,0.7142092345311792,0.5107582807540894
205,2,27,0.5722640156745911,0.5097118020057678,0.54616950607214,0.8792113880399604,0.09518980234861374
205,2,28,0.29382234811782837,0.4552885591983795,0.33450805973886133,0.8353106220386801,0.13589033484458923
205,2,29,0.5692160129547119,0.4455564022064209,0.5300829142807922,0.8524033814890213,0.07510176301002502
205,2,30,0.32759374380111694,0.41298943758010864,0.356763263199687,0.8238746234808645,0.11195331811904907
205,2,31,0.557562530040741,0.5733533501625061,0.4903532294873323,0.9545192378075275,0.13528777658939362
205,2,32,0.277388334274292,0.5328607559204102,0.3377295355829172,0.9317757498364189,0.16093716025352478
206,2,0,0.7926115989685059,0.27122339606285095,0.7820479432804434,0.3010413689913769,0.9964877367019653
206,2,1,0.8195983171463013,0.24656888842582703,0.8096688192356546,0.2659078921055177,0.9955714344978333
206,2,2,0.8264219760894775,0.24340078234672546,0.818138163436189,0.26606881064492205,0.995590090751648
206,2,3,0.8336426615715027,0.24186888337135315,0.8267094721346813,0.2674834645480449,0.9950670003890991
206,2,4,0.7971803545951843,0.24056686460971832,0.7790949187763663,0.25238439857057243,0.99562007188797
206,2,5,0.7866276502609253,0.23212137818336487,0.7651878625041171,0.24415007710220762,0.995623767375946
206,2,6,0.7747011780738831,0.22108474373817444,0.7509201800452288,0.23500740571384898,0.995414137840271
206,2,7,0.8318037390708923,0.2240775227546692,0.8245364683800734,0.2547164850642658,0.9947801232337952
206,2,8,0.7350637912750244,0.17387525737285614,0.7139298342344575,0.20222450237562942,0.9954765439033508
206,2,9,0.77596116065979,0.2915230095386505,0.7731611108301804,0.32906740440647614,0.9942876100540161
206,2,10,0.7546624541282654,0.2749224007129669,0.7408629380171005,0.3087187912452826,0.99514240026474
206,2,11,0.8348003029823303,0.2740880846977234,0.8363244508715563,0.3279388458261279,0.9851498603820801
206,2,12,0.49107521772384644,0.1416161060333252,0.5083906147975948,0.19835713737262672,0.9936881065368652
206,2,13,0.785465657711029,0.5786682963371277,0.8235671440493388,0.6431667447269176,0.7460179328918457
206,2,14,0.37798693776130676,0.37120598554611206,0.3545495752714672,0.4617460685969808,0.9334315657615662
206,2,15,0.7310462594032288,0.8964424133300781,0.7800952718071277,0.9143734980804924,0.7833454608917236
206,2,16,0.34617820382118225,0.6196560859680176,0.2719158059337088,0.7409639804994204,0.9085437655448914
206,2,17,0.7886964678764343,0.9650153517723083,0.827207643189066,0.9770572699267376,0.7587683200836182
206,2,18,0.29514163732528687,0.6771335601806641,0.20247085571021678,0.8067515829394061,0.8900673985481262
206,2,19,0.7093212008476257,0.9696853756904602,0.7597295843036298,0.9783171704602007,0.7818309664726257
206,2,20,0.34062865376472473,0.7055373191833496,0.2489079930613908,0.8325221496714076,0.9027228951454163
206,2,21,0.6872270107269287,0.9404714703559875,0.7358319726334248,0.9481360156132908,0.772718608379364
206,2,22,0.35896414518356323,0.6873854994773865,0.282374959051666,0.8128737328720566,0.8976178765296936
206,2,23,0.6430320739746094,0.3224222958087921,0.6720273381067646,0.5298938548985102,0.6433699131011963
206,2,24,0.43661996722221375,0.2513705790042877,0.46738594671479994,0.46777919662518175,0.6587747931480408
206,2,25,0.6161839365959167,0.7059081792831421,0.655791749770205,0.8484318658964227,0.5036335587501526
206,2,26,0.2467629611492157,0.5422200560569763,0.24413584741478894,0.6783508243675451,0.5554652214050293
206,2,27,0.5658700466156006,0.524752140045166,0.5502591615266977,0.8049278184239224,0.09744137525558472
206,2,28,0.26793256402015686,0.46384188532829285,0.3206696617273246,0.7574256121711929,0.14615261554718018
206,2,29,0.5576947331428528,0.46864497661590576,0.5358161335096715,0.7719103929369856,0.07668566703796387
206,2,30,0.2884427607059479,0.4215959310531616,0.3425614925798913,0.7394546366206106,0.121873639523983
206,2,31,0.5323154926300049,0.6001548767089844,0.49906952890605605,0.8802550292360986,0.14483396708965302
206,2,32,0.21654880046844482,0.48381325602531433,0.3125029611946671,0.8376567864128066,0.17609907686710358
207,2,0,0.7996094822883606,0.266134649515152,0.7856933520792347,0.293791975678466,0.996838390827179
207,2,1,0.8263011574745178,0.24240374565124512,0.8131212569174802,0.26102811315425173,0.9960139393806458
207,2,2,0.8337538242340088,0.2400239109992981,0.8213794744193588,0.26066115723788985,0.9960306882858276
207,2,3,0.8415181040763855,0.238639235496521,0.8297832011558294,0.26149412867856,0.995559811592102
207,2,4,0.8017959594726562,0.23561148345470428,0.7838078504592487,0.24890276123094773,0.9960576891899109
207,2,5,0.7898595929145813,0.2267625331878662,0.7703102053383909,0.24054079681816784,0.9960610270500183
207,2,6,0.776954710483551,0.21437837183475494,0.7563256709969055,0.23072487835621264,0.9958721995353699
207,2,7,0.8419584631919861,0.21363583207130432,0.828152896707262,0.24618344383225707,0.9953018426895142
207,2,8,0.739462673664093,0.16221283376216888,0.7192310864803692,0.19391374678346238,0.9959286451339722
207,2,9,0.7842080593109131,0.28291597962379456,0.7754538139124915,0.3194797397518111,0.9948586225509644
207,2,10,0.757823646068573,0.2678740322589874,0.7443835687131547,0.30023479394397845,0.9956279993057251
207,2,11,0.8418946266174316,0.2730623781681061,0.8374803199140177,0.3165357821478404,0.9866338968276978
207,2,12,0.5060765147209167,0.13306762278079987,0.5079104588931604,0.1847863662527241,0.9943163394927979
207,2,13,0.7880975008010864,0.5839132070541382,0.8162007467574304,0.6308527015305511,0.7704788446426392
207,2,14,0.385982871055603,0.3083561360836029,0.3610769754281021,0.42978588781693616,0.9396440982818604
207,2,15,0.7270315289497375,0.8871454000473022,0.7690695493396807,0.9087200201127748,0.8042566180229187
207,2,16,0.37046191096305847,0.542177677154541,0.2924176689566866,0.6994934977085308,0.9167967438697815
207,2,17,0.7586109638214111,0.9606022834777832,0.8129483698531002,0.973641681262878,0.7812251448631287
207,2,18,0.33225956559181213,0.6071677207946777,0.22949574669163403,0.7651137942894081,0.8989178538322449
207,2,19,0.6979759335517883,0.9614651799201965,0.7468951766837785,0.9748191421813066,0.8022724986076355
207,2,20,0.36894965171813965,0.6232718825340271,0.2738966497030869,0.7888562480545406,0.9106854796409607
207,2,21,0.6809386610984802,0.9325697422027588,0.7244255174240267,0.9449049768115492,0.7941970825195312
207,2,22,0.3890029191970825,0.6011528968811035,0.3045631369578994,0.7686892945613791,0.9062567949295044
207,2,23,0.6678152680397034,0.3489355444908142,0.6711533224173942,0.4921573306636942,0.6790321469306946
207,2,24,0.46210598945617676,0.27428966760635376,0.46629030959308004,0.42741506384689054,0.6928964257240295
207,2,25,0.6121637225151062,0.7109014391899109,0.6467289865986223,0.8197868163440966,0.5481057167053223
207,2,26,0.2844579219818115,0.5604897737503052,0.25251104339597974,0.6538147955150966,0.5963237285614014
207,2,27,0.5763055682182312,0.525617778301239,0.5556671104782073,0.7465154362645344,0.10346339643001556
207,2,28,0.26903772354125977,0.46668392419815063,0.3099418511072641,0.6966029550573715,0.16473907232284546
207,2,29,0.569274365901947,0.4777746796607971,0.5427644037734265,0.7103692702494339,0.0826539397239685
207,2,30,0.2896479070186615,0.4344005286693573,0.3315670161724682,0.675609980643503,0.1400919109582901
207,2,31,0.5366179347038269,0.6120502352714539,0.5068680549261464,0.8241816691494956,0.15901118516921997
207,2,32,0.24268053472042084,0.5330133438110352,0.2979883104905259,0.7739008541195398,0.20000909268856049
208,2,0,0.7881349921226501,0.2611843943595886,0.7861999739711101,0.2870204976335059,0.9971538782119751
208,2,1,0.8182253241539001,0.23821577429771423,0.8141803902759551,0.2562920551182601,0.9964120388031006
208,2,2,0.8258033990859985,0.23636627197265625,0.8222974556664489,0.25561710161282447,0.9964271783828735
208,2,3,0.8335700035095215,0.2352701723575592,0.8305689632333788,0.256049272929157,0.9960032105445862
208,2,4,0.7936211824417114,0.22945000231266022,0.7858444578683639,0.24486455846571598,0.9964513778686523
208,2,5,0.7829992771148682,0.21894900500774384,0.7729438380083598,0.23605828691332925,0.9964544177055359
208,2,6,0.7714609503746033,0.20484717190265656,0.7594672294847192,0.2253519660054448,0.9962841272354126
208,2,7,0.8366933465003967,0.2080523818731308,0.8299252741006192,0.23826372193036321,0.9957713484764099
208,2,8,0.7369034886360168,0.1522282063961029,0.7228995202896601,0.18525491808258737,0.9963354468345642
208,2,9,0.772264838218689,0.27513590455055237,0.7747921124034588,0.3102680540682423,0.995372474193573
208,2,10,0.7483493089675903,0.25959616899490356,0.7452064645874533,0.2917936662995894,0.9960649609565735
208,2,11,0.8294847011566162,0.27836474776268005,0.8358210359811729,0.3086076938474438,0.9879695773124695
208,2,12,0.518864095211029,0.11128389835357666,0.5101837908163528,0.16950506665858456,0.9948816299438477
208,2,13,0.7720862030982971,0.5886697173118591,0.8070367763590025,0.6220903872728554,0.7925549745559692
208,2,14,0.38447535037994385,0.2573101222515106,0.36593477578419276,0.3938301343374825,0.9449066519737244
208,2,15,0.7101043462753296,0.8778244256973267,0.7568156104881448,0.9023043926941319,0.8231585025787354
208,2,16,0.394985556602478,0.4852621257305145,0.31375861834077806,0.654781807331719,0.923764169216156
208,2,17,0.7364022135734558,0.9489460587501526,0.7970331312216535,0.9685143987048079,0.8015862107276917
208,2,18,0.36708083748817444,0.5565436482429504,0.2581502109475819,0.7215903800092766,0.9056811928749084
208,2,19,0.6751948595046997,0.9478495121002197,0.7319894404621823,0.9692193878542338,0.8207981586456299
208,2,20,0.40533098578453064,0.566234827041626,0.3012654890304935,0.7423828475622992,0.9168553352355957
208,2,21,0.6589547991752625,0.9206582307815552,0.7108171813655001,0.9398709506757418,0.8135778903961182
208,2,22,0.389334499835968,0.5382929444313049,0.322192598062864,0.7205825997537403,0.9130614399909973
208,2,23,0.6565883159637451,0.368818074464798,0.6681301813052569,0.46647761070190585,0.7111284136772156
208,2,24,0.45289677381515503,0.3017764985561371,0.4635104117287491,0.4012546753367056,0.7236062288284302
208,2,25,0.5986302495002747,0.7150387167930603,0.6367362938052031,0.7979896420012691,0.589643120765686
208,2,26,0.24548384547233582,0.5510584712028503,0.2510527584687538,0.6324325824801844,0.6342731714248657
208,2,27,0.5569624900817871,0.5306597352027893,0.555935883185333,0.7014534304374175,0.11376102268695831
208,2,28,0.26967594027519226,0.4523753821849823,0.30157823565255243,0.6455780129579206,0.1809188425540924
208,2,29,0.5504277944564819,0.46370065212249756,0.5443547277174766,0.6588290518461096,0.09009747952222824
208,2,30,0.29147064685821533,0.4226958155632019,0.3232386648035937,0.6227556406814313,0.15519049763679504
208,2,31,0.5133509635925293,0.5916594862937927,0.5082133546674192,0.7756179841129172,0.1768343299627304
208,2,32,0.23020339012145996,0.5027868747711182,0.2838980115575602,0.7172163831652041,0.2218405306339264
209,2,0,0.7745663523674011,0.2541176676750183,0.7837854745322648,0.28018765349210717,0.9974362850189209
209,2,1,0.8031379580497742,0.23159971833229065,0.8118886266661631,0.25116542732515795,0.9967694878578186
209,2,2,0.810646116733551,0.23010502755641937,0.8198792778822483,0.25032015949864156,0.9967830777168274
209,2,3,0.8185814619064331,0.22951436042785645,0.8280809934330916,0.25053980816825094,0.996401309967041
209,2,4,0.7797775864601135,0.22253946959972382,0.7845855031191694,0.24022972217788213,0.9968045353889465
209,2,5,0.7698640823364258,0.21180038154125214,0.7723048014084416,0.23102191626223953,0.9968070387840271
209,2,6,0.7585597038269043,0.1978493332862854,0.7592789329646515,0.21964142070646156,0.9966533184051514
209,2,7,0.8222519755363464,0.20425322651863098,0.8283328938619786,0.2312006358975445,0.9961931109428406
209,2,8,0.7295327186584473,0.1484908014535904,0.7242760185354711,0.17761939550405573,0.9967002868652344
209,2,9,0.7616267204284668,0.26733192801475525,0.7720595858526722,0.3013491462659272,0.995834469795227
209,2,10,0.7382540106773376,0.2515242099761963,0.7437637044487027,0.28342930841716524,0.9964578747749329
209,2,11,0.8174946308135986,0.2890375554561615,0.8320167793232891,0.3045450869938641,0.9891712069511414
209,2,12,0.5367664098739624,0.09043519198894501,0.5157031619255618,0.15306379842206072,0.9953895211219788
209,2,13,0.7658554315567017,0.5833466649055481,0.7984828136544158,0.6140432546254597,0.8125709891319275
209,2,14,0.3828872740268707,0.225419282913208,0.3694537033250118,0.3587256329672539,0.9493642449378967
209,2,15,0.704893946647644,0.8721427321434021,0.7460275262686207,0.8960412943068018,0.8399040699005127
209,2,16,0.4004054665565491,0.4381076693534851,0.3317790515391176,0.6095570844823308,0.9292570352554321
209,2,17,0.7293312549591064,0.9467037320137024,0.7829601836793552,0.9639864445325453,0.8194184899330139
209,2,18,0.38044843077659607,0.5070067644119263,0.2836102746651592,0.6768045666859858,0.9099410176277161
209,2,19,0.6685532331466675,0.9422129988670349,0.718804720185753,0.9636119889780478,0.837061882019043
209,2,20,0.41754430532455444,0.5117619037628174,0.3254684213603344,0.694228734935296,0.9209036827087402
209,2,21,0.6536809802055359,0.912180483341217,0.6989439291685666,0.9341213998070775,0.830574095249176
209,2,22,0.42669597268104553,0.48952817916870117,0.34393743156594214,0.6723373749435185,0.9177509546279907
209,2,23,0.6359575986862183,0.36768344044685364,0.6614491322118431,0.44592249499930114,0.7400145530700684
209,2,24,0.44319549202919006,0.3168666958808899,0.4592931391863342,0.3837037136515525,0.7512442469596863
209,2,25,0.5810139179229736,0.737456202507019,0.6251573219799276,0.7854086199917044,0.6270653009414673
209,2,26,0.2190186083316803,0.545364499092102,0.2444004475997767,0.614323024875401,0.667866587638855
209,2,27,0.5582689046859741,0.5579528212547302,0.5564199656481748,0.6715567639218186,0.11441370099782944
209,2,28,0.28297820687294006,0.4626072943210602,0.29771714116901293,0.6074165745408395,0.17671829462051392
209,2,29,0.5621007680892944,0.4978969395160675,0.548038451191952,0.6252834256787713,0.08827370405197144
209,2,30,0.32658934593200684,0.4375145137310028,0.3239339221151186,0.584117068099601,0.1534421443939209
209,2,31,0.5077735185623169,0.6160877346992493,0.5081220968489837,0.7423669312310681,0.17696513235569
209,2,32,0.2370966374874115,0.5107448697090149,0.2741751425422838,0.674125232809791,0.2201966792345047
210,2,0,0.7728502750396729,0.2514919638633728,0.7815159726107095,0.2742291885310218,0.9976918697357178
210,2,1,0.8014775514602661,0.2297942340373993,0.8097279333186973,0.24672874372273254,0.9970920085906982
210,2,2,0.8096826672554016,0.228452667593956,0.8177631065553931,0.24578038120437137,0.997104287147522
210,2,3,0.8180610537528992,0.22770652174949646,0.8260014979072344,0.24579940042302048,0.9967606663703918
210,2,4,0.7772331833839417,0.2191890925168991,0.7830597467604383,0.23586170405097928,0.9971234202384949
210,2,5,0.7673563957214355,0.20808342099189758,0.7712779745003091,0.2262596530610411,0.9971255660057068
210,2,6,0.7561694383621216,0.193985253572464,0.7586337250749259,0.21431454137254935,0.9969868659973145
210,2,7,0.8259701728820801,0.20276302099227905,0.8278426485379334,0.22529580030727678,0.9965735077857971
210,2,8,0.7310333251953125,0.13984522223472595,0.7256782759169383,0.16977387857633752,0.9970296025276184
210,2,9,0.7610766887664795,0.265206515789032,0.7697801814859699,0.29384282665637307,0.9962508082389832
210,2,10,0.7375640273094177,0.24846887588500977,0.7424771857476264,0.2761687523618889,0.9968118667602539
210,2,11,0.8166615962982178,0.29615360498428345,0.8288295600872957,0.30280362157342877,0.9902535676956177
210,2,12,0.5388982892036438,0.0846145823597908,0.5205187350351963,0.138835097989302,0.9958487153053284
210,2,13,0.766355037689209,0.5847448706626892,0.7918110742208175,0.607959525099389,0.8311049938201904
210,2,14,0.3873171806335449,0.190286323428154,0.3731618205653447,0.3236151257430226,0.9526687264442444
210,2,15,0.7060911059379578,0.8748062252998352,0.7377324307163448,0.8916328958761123,0.8553492426872253
210,2,16,0.3998987376689911,0.418144553899765,0.3459390641543972,0.5696325184830592,0.9320240020751953
210,2,17,0.7313188910484314,0.9593419432640076,0.7722304366090578,0.9630226895630735,0.8358930349349976
210,2,18,0.3776218295097351,0.49202945828437805,0.30316641544116885,0.6382714461799313,0.9093997478485107
210,2,19,0.6695410013198853,0.9629581570625305,0.7085696370646937,0.9634763309588334,0.8520017862319946
210,2,20,0.41862884163856506,0.4995957612991333,0.34484704823653384,0.6536288276671695,0.9208247661590576
210,2,21,0.6547113656997681,0.9314414262771606,0.6897553998423163,0.9335653232701805,0.8460703492164612
210,2,22,0.4329696297645569,0.48068222403526306,0.36245518738147886,0.6323618747872951,0.9184179306030273
210,2,23,0.625587522983551,0.37688523530960083,0.6540012511028699,0.43157056587812354,0.7660124897956848
210,2,24,0.43765947222709656,0.3236865997314453,0.45480193803371965,0.3712299698124117,0.7761192321777344
210,2,25,0.573029637336731,0.7565942406654358,0.6143263850580727,0.779425253068783,0.6629689335823059
210,2,26,0.20548616349697113,0.5733289122581482,0.23631786120855455,0.6058074743177428,0.6996297240257263
210,2,27,0.5678245425224304,0.5651004910469055,0.5587869131612272,0.6494011802242988,0.13068455457687378
210,2,28,0.27944669127464294,0.46300238370895386,0.2939244984543292,0.577329584355947,0.1867215931415558
210,2,29,0.579901933670044,0.5030827522277832,0.5546552515077638,0.599839336554274,0.09683205187320709
210,2,30,0.32271748781204224,0.44132789969444275,0.3236815295918101,0.5543692202642763,0.16448302567005157
210,2,31,0.5326322913169861,0.622795581817627,0.5132108640260276,0.7174727528090924,0.18865464627742767
210,2,32,0.21704654395580292,0.4965779483318329,0.26230344706990444,0.6371013095321767,0.22888444364070892
211,2,0,0.7588995099067688,0.24298721551895142,0.7768206157605891,0.26774155116960985,0.9979202151298523
211,2,1,0.7879557609558105,0.22377537190914154,0.8052079632311876,0.24196339102263603,0.9973810911178589
211,2,2,0.7959706783294678,0.2226990908384323,0.8132389286717879,0.24098845408111289,0.9973922371864319
211,2,3,0.8041840195655823,0.22167696058750153,0.8214721163138217,0.240791175138997,0.9970831871032715
211,2,4,0.7644132375717163,0.21175521612167358,0.7791890084241151,0.23085679371881712,0.9974088668823242
211,2,5,0.7544429898262024,0.2008352428674698,0.7677834566823382,0.2209809277570583,0.9974101185798645
211,2,6,0.7436628937721252,0.18768522143363953,0.7555263184939855,0.2087854631494158,0.9972844123840332
211,2,7,0.8106601238250732,0.19803555309772491,0.8242759553532799,0.21963562087270894,0.9969154000282288
211,2,8,0.721640408039093,0.13547492027282715,0.7248404126379959,0.16265083182081974,0.9973235726356506
211,2,9,0.7458564043045044,0.2578917145729065,0.7648132361808647,0.2863763249271489,0.9966251850128174
211,2,10,0.7228688597679138,0.2399177998304367,0.7384066800939116,0.2686399167909018,0.9971300363540649
211,2,11,0.8008041977882385,0.30189090967178345,0.8230104031766124,0.3026142478866412,0.9912275671958923
211,2,12,0.540672242641449,0.07956631481647491,0.524702481778818,0.12651788552089757,0.9962608218193054
211,2,13,0.7552863359451294,0.5923734307289124,0.7842253301573209,0.6047243425301535,0.847835123538971
211,2,14,0.38683196902275085,0.15216752886772156,0.3759991538063746,0.2878745664903357,0.955518901348114
211,2,15,0.6959283351898193,0.8901157975196838,0.7290489585199464,0.8913181177522342,0.8689423203468323
211,2,16,0.3961036205291748,0.3850143253803253,0.35636159002989537,0.5311322340758595,0.9306933879852295
211,2,17,0.7283177971839905,0.958219587802887,0.7631084501054095,0.9620260194407202,0.8495440483093262
211,2,18,0.37648922204971313,0.4505358636379242,0.3184102264249463,0.5991177400143166,0.9020213484764099
211,2,19,0.672516405582428,0.9627353549003601,0.7010819076643645,0.9633225916778247,0.864264726638794
211,2,20,0.40822502970695496,0.46194207668304443,0.3580197163933989,0.6136466796655927,0.914319634437561
211,2,21,0.6566569805145264,0.9366431832313538,0.6828819030651165,0.9342039679419322,0.8584827184677124
211,2,22,0.41981983184814453,0.4399980306625366,0.3743760278100401,0.592237744718215,0.9110560417175293
211,2,23,0.6060038208961487,0.3939080238342285,0.644029617154482,0.4237478854624007,0.7894096374511719
211,2,24,0.4282480478286743,0.31873655319213867,0.44928853809846747,0.36032233494264365,0.7985057830810547
211,2,25,0.5574119091033936,0.749183177947998,0.602499297816956,0.7731452280845491,0.6953074336051941
211,2,26,0.2253248393535614,0.5887752771377563,0.23403634551617641,0.6022718238570515,0.7272612452507019
211,2,27,0.5578451752662659,0.5588829517364502,0.5585915177949016,0.6305714122769919,0.15244460105895996
211,2,28,0.27527281641960144,0.4725894629955292,0.290052678739649,0.5555326326084211,0.19387413561344147
211,2,29,0.5781234502792358,0.5054334402084351,0.5595275515043961,0.5801982545073692,0.10325583070516586
211,2,30,0.3099031150341034,0.4513401985168457,0.32082171650952035,0.5329289442648086,0.16792328655719757
211,2,31,0.5482795834541321,0.611325740814209,0.5204939002977245,0.6953822644895993,0.2015450894832611
211,2,32,0.21482238173484802,0.5010309219360352,0.25243919883785393,0.6087596828389009,0.2318151593208313
212,2,0,0.7566174268722534,0.23752817511558533,0.772626552513346,0.26146768919013497,0.9981256723403931
212,2,1,0.7871821522712708,0.218953475356102,0.8014661358089429,0.23718629254368734,0.9976405501365662
212,2,2,0.7964704036712646,0.21895641088485718,0.8097582114858509,0.23641449532466124,0.9976504445075989
212,2,3,0.8062915802001953,0.21835225820541382,0.8183211631154171,0.23613269485873647,0.9973729252815247
212,2,4,0.7623751759529114,0.20566999912261963,0.7756988826733136,0.22562743847457498,0.9976651072502136
212,2,5,0.751983106136322,0.19490987062454224,0.7645037960412705,0.2155678470019226,0.9976645112037659
212,2,6,0.7408033609390259,0.18155406415462494,0.7524703821133997,0.2031312814313441,0.9975507855415344
212,2,7,0.8181917667388916,0.20226731896400452,0.8230134058945617,0.21603034002572324,0.9972228407859802
212,2,8,0.7184427380561829,0.13330455124378204,0.7235127994891399,0.15655716796171595,0.9975880980491638
212,2,9,0.7453376054763794,0.25357529520988464,0.7607702906217654,0.27956464153937227,0.9969621896743774
212,2,10,0.7204685807228088,0.2358463555574417,0.7346830691580151,0.2618297862742128,0.997416615486145
212,2,11,0.8044713735580444,0.32223641872406006,0.8191619856259997,0.3066876141573622,0.9921042323112488
212,2,12,0.5668352246284485,0.07852059602737427,0.5334542901324689,0.11654621908384229,0.9966334700584412
212,2,13,0.7631018161773682,0.5974039435386658,0.7798400969071644,0.6032052060959424,0.8629558682441711
212,2,14,0.39077985286712646,0.11934825032949448,0.3790670830966517,0.25274576732499493,0.9591994881629944
212,2,15,0.7153846621513367,0.8924803733825684,0.7262128383397117,0.8915592684763612,0.8811869025230408
212,2,16,0.40083613991737366,0.35941362380981445,0.36560046731099716,0.4953346756988228,0.9309135675430298
212,2,17,0.7497376799583435,0.9556499123573303,0.760333275521693,0.9607028840576688,0.8614093065261841
212,2,18,0.3806956112384796,0.4178462624549866,0.33135541142561065,0.5613188417236814,0.8958205580711365
212,2,19,0.6979068517684937,0.9615662693977356,0.7004230932484315,0.9629581758140187,0.8747677803039551
212,2,20,0.4148349463939667,0.42591923475265503,0.36982621707458363,0.5744945885962334,0.9085932374000549
212,2,21,0.6800785064697266,0.93500816822052,0.6823002128813769,0.9343708260192304,0.8685513734817505
212,2,22,0.4260530471801758,0.40692102909088135,0.38511324357276794,0.5535909760286252,0.904004693031311
212,2,23,0.6069316267967224,0.4214172959327698,0.6363246942646085,0.4232642881806084,0.8104629516601562
212,2,24,0.43524616956710815,0.33091527223587036,0.44637391936675325,0.3542157814509509,0.818652868270874
212,2,25,0.5601223111152649,0.7702489495277405,0.5936966919877257,0.7725442489982315,0.7238343358039856
212,2,26,0.25182434916496277,0.6072711944580078,0.23772877309695176,0.6033091874058394,0.7527737021446228
212,2,27,0.6043768525123596,0.6090722680091858,0.5681029931657353,0.6261077237853283,0.15491652488708496
212,2,28,0.26651284098625183,0.5829564332962036,0.28516549042245143,0.5612261928262392,0.20739716291427612
212,2,29,0.6177329421043396,0.5537353754043579,0.5716233220214307,0.5747031239840381,0.10049143433570862
212,2,30,0.2736431956291199,0.5865127444267273,0.3110204349957892,0.5440615386332278,0.16851237416267395
212,2,31,0.5707655549049377,0.6780716180801392,0.5309386499394486,0.6917885999372447,0.19600200653076172
212,2,32,0.1542583554983139,0.6370899081230164,0.2320135196023916,0.6146415201719577,0.2352025806903839
213,2,0,0.7634576559066772,0.23141597211360931,0.7707237230730688,0.2552274248489922,0.9983118772506714
213,2,1,0.7942430973052979,0.21410909295082092,0.7999672126579823,0.23239521691992543,0.9978755712509155
213,2,2,0.804252564907074,0.21492354571819305,0.8086157352622068,0.23195293748054818,0.9978842735290527
213,2,3,0.8136512041091919,0.2147766798734665,0.8173521227058687,0.2316991659776918,0.9976349472999573
213,2,4,0.7671231627464294,0.19763466715812683,0.7739191851120376,0.21981504878543562,0.9978973865509033
213,2,5,0.7572999596595764,0.18678021430969238,0.7630088587250734,0.20959028174755956,0.9978955388069153
213,2,6,0.7481244206428528,0.17473705112934113,0.7515685811020594,0.1972354671590673,0.9977930188179016
213,2,7,0.82154381275177,0.1984233558177948,0.8227084847726539,0.21237549079392348,0.9975001811981201
213,2,8,0.7218804359436035,0.13141176104545593,0.7231741041972141,0.15133640883663402,0.9978276491165161
213,2,9,0.7515698671340942,0.24897706508636475,0.7588609166115449,0.27321300837444107,0.9972657561302185
213,2,10,0.7239313125610352,0.23121996223926544,0.7324516499554994,0.25547352978755106,0.9976747632026672
213,2,11,0.8117793202400208,0.3199200928211212,0.8176299297213201,0.30943406220304837,0.9928935766220093
213,2,12,0.58086097240448,0.07251633703708649,0.543303034332944,0.10739981067261284,0.996967613697052
213,2,13,0.7715628147125244,0.6018072962760925,0.7781223458914958,0.6029151581102563,0.8765881061553955
213,2,14,0.3917175531387329,0.09032434970140457,0.38169270052272414,0.21889516386616853,0.9621122479438782
213,2,15,0.7369179129600525,0.9032200574874878,0.7284345636977749,0.893979409848867,0.8925521373748779
213,2,16,0.40213289856910706,0.3316037058830261,0.37318783033545677,0.4612097616284317,0.9251846075057983
213,2,17,0.7731068134307861,0.9481793642044067,0.7629844398032265,0.9581036287296189,0.873105525970459
213,2,18,0.38598886132240295,0.3846282362937927,0.34270784052790526,0.5244797694750488,0.878430187702179
213,2,19,0.7316031455993652,0.9567505717277527,0.7068978406243935,0.9616700133564166,0.8851931095123291
213,2,20,0.41825950145721436,0.38914212584495544,0.37988857243931395,0.5358403243743536,0.8916897177696228
213,2,21,0.707607626914978,0.9298592209815979,0.6875546166064797,0.9334346499009353,0.8788048624992371
213,2,22,0.4273841679096222,0.3709791302680969,0.393893821289999,0.5155111123395923,0.8872029185295105
213,2,23,0.6127650737762451,0.4269352853298187,0.6314333976180366,0.4240259938486421,0.8294072151184082
213,2,24,0.44178664684295654,0.3504032492637634,0.4454220386771569,0.35342465246447546,0.8367834687232971
213,2,25,0.566814661026001,0.7714916467666626,0.5881151053617396,0.772325845887657,0.7502460479736328
213,2,26,0.26202425360679626,0.6432088613510132,0.24277292987489493,0.6115963696271607,0.7757270336151123
213,2,27,0.6277078986167908,0.6636800169944763,0.5804900773772822,0.6339106509208469,0.17020875215530396
213,2,28,0.24498175084590912,0.6439694166183472,0.27681897302733777,0.5784314195748169,0.21966895461082458
213,2,29,0.6400311589241028,0.6161037087440491,0.5858432855776705,0.583301872456036,0.10477493703365326
213,2,30,0.2533576190471649,0.631369411945343,0.2990375886491996,0.562217979935879,0.16823244094848633
213,2,31,0.5926880240440369,0.7385818362236023,0.5437721482437573,0.7015089521757489,0.20048247277736664
213,2,32,0.14755040407180786,0.706417977809906,0.21444831314819734,0.6337296755968644,0.2361024171113968
214,2,0,0.7698219418525696,0.24887512624263763,0.7705366183211438,0.25390922750661377,0.9984795451164246
214,2,1,0.8049280643463135,0.23022371530532837,0.8009966230987188,0.23194464994659855,0.9980868101119995
214,2,2,0.8157037496566772,0.23113156855106354,0.8100866328294766,0.23178251719882395,0.9980940818786621
214,2,3,0.8256054520606995,0.23110994696617126,0.8190649003670744,0.23157691369129865,0.9978703260421753
214,2,4,0.7713033556938171,0.2127402126789093,0.7733764179467517,0.21834688532139335,0.9981059432029724
214,2,5,0.7593616247177124,0.2011663317680359,0.7622520604544532,0.2078420862069084,0.9981024861335754
214,2,6,0.7492053508758545,0.1879958212375641,0.7510782300446974,0.19531794952821874,0.9980108141899109
214,2,7,0.8390422463417053,0.21377161145210266,0.8260989160761165,0.21266516649810133,0.9977492094039917
214,2,8,0.7274213433265686,0.14222796261310577,0.7240554179863515,0.14944612539024757,0.9980427622795105
214,2,9,0.7642250657081604,0.2679581344127655,0.7599740263245233,0.27212257572293597,0.9975384473800659
214,2,10,0.7272285223007202,0.2503581643104553,0.7313678076728435,0.2544120505159106,0.9979069232940674
214,2,11,0.8322038650512695,0.3382259011268616,0.820654922809944,0.3154124816814609,0.9936037063598633
214,2,12,0.6104058027267456,0.08308827131986618,0.5572512147597641,0.1023522806191212,0.9972691535949707
214,2,13,0.8033956289291382,0.6240910291671753,0.7833696620453926,0.6073112538756145,0.888450562953949
214,2,14,0.3797447979450226,0.10104697197675705,0.3812885313336364,0.1943642054146512,0.9639390707015991
214,2,15,0.7659013271331787,0.8896880149841309,0.7362161424073201,0.8930889329554353,0.9013442397117615
214,2,16,0.3996359407901764,0.3394984304904938,0.37867926586344186,0.43587187749525297,0.9165131449699402
214,2,17,0.7844469547271729,0.9568754434585571,0.7674400824192152,0.9578487984357199,0.8800764679908752
214,2,18,0.390564501285553,0.40659162402153015,0.35265023729393136,0.4999403528123644,0.8565109372138977
214,2,19,0.7680981159210205,0.9441191554069519,0.7196170181717868,0.9580268291038991,0.8916451334953308
214,2,20,0.42588528990745544,0.4106549918651581,0.38944406437175205,0.5097766637467782,0.8696882724761963
214,2,21,0.7445474863052368,0.9102840423583984,0.6993980015627649,0.928628332363116,0.8841336369514465
214,2,22,0.43402543663978577,0.3921037018299103,0.4022295218452205,0.4898188748010045,0.8626865744590759
214,2,23,0.6152613759040833,0.47251051664352417,0.6280765515430152,0.4340987004372961,0.8461881875991821
214,2,24,0.4452130198478699,0.3957388699054718,0.44537867153170885,0.36221395210729,0.853039562702179
214,2,25,0.5513399243354797,0.8114899396896362,0.5804772945048234,0.7804602017489254,0.7606749534606934
214,2,26,0.28438103199005127,0.6600648164749146,0.25141561453858724,0.6216657368228474,0.7834856510162354
214,2,27,0.5762888789176941,0.8750194907188416,0.5796183190606387,0.6842651032710556,0.1930883675813675
214,2,28,0.1837245374917984,0.8136836886405945,0.2574542316274673,0.6275547017925172,0.25503191351890564
214,2,29,0.5856847763061523,0.8648284673690796,0.585810398231516,0.6421616223826294,0.11900752037763596
214,2,30,0.1836555153131485,0.8250553011894226,0.27502203549919924,0.6171422221336913,0.18477104604244232
214,2,31,0.5222122073173523,0.9734710454940796,0.5392962645182129,0.7583547443575562,0.215977281332016
214,2,32,0.11265604943037033,0.9263306260108948,0.1932691821822719,0.6949234637561886,0.2564302086830139
215,2,0,0.6914008855819702,0.25687286257743835,0.7540817929385267,0.25452416740535716,0.9986314177513123
215,2,1,0.7325572967529297,0.2403203696012497,0.7867701111118811,0.23368283150872826,0.9982779026031494
215,2,2,0.7440745830535889,0.24135209619998932,0.7963655973798728,0.2337685213435301,0.9982843995094299
215,2,3,0.7556942105293274,0.24116742610931396,0.8058938473103153,0.23356726330627378,0.9980831146240234
215,2,4,0.6990463733673096,0.22304224967956543,0.7579228936973217,0.21932119753715942,0.9982950687408447
215,2,5,0.6874004602432251,0.21171008050441742,0.7466898795962063,0.20864469651369735,0.9982917904853821
215,2,6,0.6778647303581238,0.19904163479804993,0.7358573090797846,0.19609061253807308,0.9982092976570129
215,2,7,0.7798351645469666,0.22309072315692902,0.8164879264441673,0.21482886509906315,0.997974157333374
215,2,8,0.665221631526947,0.1467938870191574,0.7118288516818149,0.14889580242547973,0.9982383251190186
215,2,9,0.6883187294006348,0.27603667974472046,0.7450776888797019,0.2729347543746794,0.9977845549583435
215,2,10,0.6532222032546997,0.2559814751148224,0.7151193047970976,0.25473768587115597,0.9981161952018738
215,2,11,0.7809680700302124,0.3403765857219696,0.8124117342590919,0.32059555516882127,0.9942432045936584
215,2,12,0.5318273305892944,0.0878673791885376,0.5519726124559009,0.09934576265468456,0.9975420832633972
215,2,13,0.7599855065345764,0.6251303553581238,0.7785148201486337,0.6110101457600506,0.8993404507637024
215,2,14,0.311707079410553,0.09317847341299057,0.36682415532099255,0.17331134565100756,0.9667894244194031
215,2,15,0.7366828918457031,0.8939242362976074,0.7363129840117073,0.8932622443567614,0.9101100564002991
215,2,16,0.33165210485458374,0.33148953318595886,0.3689095005299865,0.4141519482783764,0.9176409840583801
215,2,17,0.7567896246910095,0.9654579758644104,0.7652296911843707,0.9594278709990596,0.8885846734046936
215,2,18,0.3101748526096344,0.3943313658237457,0.3438272171679014,0.4779644288841231,0.8520714640617371
215,2,19,0.7396931052207947,0.9532303214073181,0.7237846806100597,0.9570315265678164,0.8994460701942444
215,2,20,0.34738728404045105,0.394845575094223,0.3807080942018798,0.48585475454565213,0.8652770519256592
215,2,21,0.7141273617744446,0.9176491498947144,0.7024552675903235,0.9263497000090344,0.8916064500808716
215,2,22,0.3611935079097748,0.3783192038536072,0.3937058150536942,0.4666133787767409,0.8558370471000671
215,2,23,0.5728772878646851,0.48586422204971313,0.6166064341804801,0.44485407009594413,0.861539900302887
215,2,24,0.402103066444397,0.4044506251811981,0.4363891875468174,0.37098717881141885,0.8677334189414978
215,2,25,0.518130898475647,0.828072190284729,0.5675194850671432,0.7903515199420655,0.7696301937103271
215,2,26,0.2930545210838318,0.5915701985359192,0.26006471078381066,0.6154162546473568,0.8011622428894043
215,2,27,0.5439396500587463,0.8472960591316223,0.5722084771947834,0.7182413406953492,0.1922491192817688
215,2,28,0.22959867119789124,0.827385425567627,0.2516703463110987,0.6692420404687934,0.28045305609703064
215,2,29,0.5516043305397034,0.8299553394317627,0.5787066819206865,0.6813248338477804,0.120261549949646
215,2,30,0.2431158870458603,0.8298940062522888,0.2683963464387823,0.6615405398642539,0.19837485253810883
215,2,31,0.5087775588035583,0.9387986660003662,0.5329589572945073,0.7959778931805185,0.2109605371952057
215,2,32,0.1423400491476059,0.9249428510665894,0.1826875735482098,0.7429482435122584,0.27668964862823486
216,2,0,0.6431413292884827,0.24174894392490387,0.7309935382299965,0.25187264764393796,0.9987679123878479
216,2,1,0.6794531941413879,0.22658571600914001,0.7644381982159988,0.2322100442349086,0.9984498023986816
216,2,2,0.6915252208709717,0.22860759496688843,0.7745505225850038,0.23269758762338938,0.9984556436538696
216,2,3,0.7036945819854736,0.2296026349067688,0.7846298780430293,0.23274459819915075,0.998274564743042
216,2,4,0.6465685367584229,0.20901530981063843,0.7347482424916769,0.21718233903435297,0.9984652400016785
216,2,5,0.6362947821617126,0.19856072962284088,0.7237154721503305,0.20655190767075315,0.9984620809555054
216,2,6,0.6267387866973877,0.18663176894187927,0.7131493691861415,0.19412759325805248,0.9983878135681152
216,2,7,0.7279857397079468,0.21411266922950745,0.7980807686833528,0.21468026692279568,0.9981765747070312
216,2,8,0.6085266470909119,0.13837675750255585,0.6903347530571112,0.14671269225896702,0.9984142184257507
216,2,9,0.6431252956390381,0.2598198354244232,0.723865224064186,0.27021270400029895,0.9980059862136841
216,2,10,0.6078577041625977,0.2404903620481491,0.6927989318899289,0.2517805082681491,0.998304545879364
216,2,11,0.7406956553459167,0.33414676785469055,0.7975027320752099,0.3234081872951186,0.9948187470436096
216,2,12,0.4836345613002777,0.08252236247062683,0.5377672065934374,0.09585363807436366,0.9977877140045166
216,2,13,0.7164008021354675,0.6050543189048767,0.7656053967884724,0.609774235813524,0.9092687964439392
216,2,14,0.2766321003437042,0.08829447627067566,0.3480646532490862,0.15563050831108033,0.9691805839538574
216,2,15,0.6920341849327087,0.8780650496482849,0.727114853668638,0.8901078322271475,0.9183422327041626
216,2,16,0.29727470874786377,0.3061525225639343,0.35401745896302705,0.39167719709387194,0.9152041673660278
216,2,17,0.7228723764419556,0.949492335319519,0.7564311795777805,0.9573658977232944,0.8971144556999207
216,2,18,0.2826709449291229,0.36306774616241455,0.33111722961020773,0.4540498071142662,0.8423485159873962
216,2,19,0.6941257119178772,0.9590830206871033,0.7176260449814696,0.9574571916206449,0.9072051644325256
216,2,20,0.3186951279640198,0.3644988536834717,0.3678197531283286,0.46059118264860255,0.8564634919166565
216,2,21,0.669562041759491,0.9302891492843628,0.6956244339203138,0.9271671397764709,0.8992590308189392
216,2,22,0.33104100823402405,0.350404292345047,0.38068175585171055,0.4424246864877084,0.8442651629447937
216,2,23,0.5516678094863892,0.4683478772640228,0.6031089022663562,0.449731616629768,0.8753719925880432
216,2,24,0.3715324401855469,0.4124024212360382,0.42290871188196094,0.3795896276295975,0.8809593319892883
216,2,25,0.5113418102264404,0.8089210987091064,0.5558457360693723,0.7942062437730729,0.782021701335907
216,2,26,0.2813631296157837,0.5388182997703552,0.26448626844472,0.5994899843834329,0.8190671801567078
216,2,27,0.5323043465614319,0.7114443778991699,0.5639201115961189,0.7168308154412911,0.18225009739398956
216,2,28,0.3435201644897461,0.7651625275611877,0.27077548154030157,0.6891956192134304,0.3017798662185669
216,2,29,0.5468546748161316,0.6781458854675293,0.5720922701205348,0.6806651926468809,0.11596736311912537
216,2,30,0.38616469502449036,0.7705445289611816,0.2929100926451787,0.6842238612465642,0.20899949967861176
216,2,31,0.47420966625213623,0.7990003228187561,0.5207499764018612,0.7966050183667964,0.19749827682971954
216,2,32,0.3317342698574066,0.8770155310630798,0.2137385873856655,0.7708665236816035,0.2913368344306946
217,2,0,0.6255873441696167,0.2314470112323761,0.7090603423023611,0.24763237655631745,0.9988901615142822
217,2,1,0.66153484582901,0.21701101958751678,0.7430272812947869,0.2290552503903864,0.9986043572425842
217,2,2,0.6728540062904358,0.21917541325092316,0.7533914149556973,0.22989098005098094,0.9986095428466797
217,2,3,0.6837663650512695,0.22030919790267944,0.7636445697199948,0.2301636344413834,0.9984467625617981
217,2,4,0.627615749835968,0.20002874732017517,0.7124547783436728,0.21362165215700776,0.9986177682876587
217,2,5,0.6159263253211975,0.19021598994731903,0.7012849591384345,0.20316102736257732,0.9986141920089722
217,2,6,0.6070433259010315,0.17871110141277313,0.6910701277166336,0.19092764121385544,0.9985471963882446
217,2,7,0.7135632038116455,0.20583882927894592,0.7805042608906559,0.21284541102717733,0.9983587265014648
217,2,8,0.5959491729736328,0.13381652534008026,0.6707007227014882,0.14403606174038175,0.9985719919204712
217,2,9,0.6281239986419678,0.24947629868984222,0.7039484443743806,0.26590788086658534,0.9982051849365234
217,2,10,0.5897527933120728,0.23052361607551575,0.6713582177893349,0.24736757010951882,0.9984739422798157
217,2,11,0.7287256717681885,0.32240068912506104,0.7832058669449032,0.3231991471982869,0.9953365325927734
217,2,12,0.4537297785282135,0.0799461305141449,0.5202908068337907,0.09255171581863925,0.9980047941207886
217,2,13,0.7047504782676697,0.5885403156280518,0.7529580896656907,0.6053660688865633,0.9182682037353516
217,2,14,0.2538736164569855,0.09673158824443817,0.3284712034629292,0.14339021695999205,0.9707249999046326
217,2,15,0.6784327030181885,0.8527135848999023,0.7170007755624418,0.8823413233426618,0.9261319041252136
217,2,16,0.2863990366458893,0.30276209115982056,0.33996191290176964,0.37318365261398145,0.9130812883377075
217,2,17,0.7143598198890686,0.9207370281219482,0.7476921344203493,0.9497585152354463,0.9057735800743103
217,2,18,0.27717170119285583,0.3564503490924835,0.3199080499814373,0.4337451307682363,0.8339964747428894
217,2,19,0.6738781929016113,0.9307517409324646,0.708538344234835,0.9519123046929515,0.9150273203849792
217,2,20,0.31159380078315735,0.35974347591400146,0.3561359934766171,0.4396088302751384,0.8495943546295166
217,2,21,0.648748517036438,0.9044492244720459,0.685886102494571,0.9224507079472808,0.9074032306671143
217,2,22,0.32279011607170105,0.34614861011505127,0.36865130626520803,0.4223960336393757,0.8379854559898376
217,2,23,0.53800368309021,0.4616917371749878,0.5895766753301501,0.45221387333980734,0.8877978324890137
217,2,24,0.3569444417953491,0.413995623588562,0.4091976114627891,0.38673481638471535,0.8928427696228027
217,2,25,0.48532113432884216,0.7912983298301697,0.541184891399854,0.7936028613979313,0.7987721562385559
217,2,26,0.2766801416873932,0.6596015095710754,0.26701708428072574,0.6119823640742625,0.8321348428726196
217,2,27,0.4838539659976959,0.6941671371459961,0.5472713964994569,0.7121255492858632,0.17939871549606323
217,2,28,0.46025559306144714,0.7744992971420288,0.31029399488311915,0.7069356091920247,0.3154056668281555
217,2,29,0.4929583966732025,0.6541216969490051,0.5556378376157474,0.6751538200556626,0.12482620775699615
217,2,30,0.5012251734733582,0.7689984440803528,0.3363793179479989,0.7018535224536794,0.21963922679424286
217,2,31,0.4274683892726898,0.7566815614700317,0.5013462153526091,0.7883124656687799,0.19158247113227844
217,2,32,0.4712992310523987,0.872153103351593,0.2675563541481747,0.7919396937744576,0.29412972927093506
218,2,0,0.632319450378418,0.23206183314323425,0.6931044699852711,0.24440043451461688,0.9990008473396301
218,2,1,0.6700141429901123,0.2175918072462082,0.7278480425652243,0.22667608005707074,0.9987437129020691
218,2,2,0.6834745407104492,0.21988169848918915,0.7388571228592199,0.22781369584186492,0.9987484216690063
218,2,3,0.6975374221801758,0.22122421860694885,0.7499036859500066,0.2283084404604695,0.9986019730567932
218,2,4,0.6369569897651672,0.20203597843647003,0.6967579085764908,0.21121710537554417,0.9987555146217346
218,2,5,0.6247010827064514,0.19279715418815613,0.685361803038451,0.20101013151025118,0.9987521171569824
218,2,6,0.61387038230896,0.18256531655788422,0.675018651357264,0.1891922383048309,0.9986915588378906
218,2,7,0.7242918014526367,0.20741404592990875,0.7688232620325421,0.21171835077886705,0.9985227584838867
218,2,8,0.5952050685882568,0.1390209197998047,0.6550043113812877,0.14299538357282504,0.9987144470214844
218,2,9,0.6317657232284546,0.25065290927886963,0.6889421947663676,0.26274146841040447,0.9983845949172974
218,2,10,0.5969002842903137,0.23364736139774323,0.6558779918335024,0.244519842840668,0.9986264705657959
218,2,11,0.7331400513648987,0.31292805075645447,0.7728039157407414,0.32106751063875066,0.9958027601242065
218,2,12,0.44292065501213074,0.09492703527212143,0.5042038669393897,0.09304457451933856,0.9982003569602966
218,2,13,0.7066649794578552,0.5762129426002502,0.7433409793155036,0.5993125508575491,0.9263914823532104
218,2,14,0.24369606375694275,0.10662499070167542,0.3108409822060213,0.13575439694157448,0.9722902178764343
218,2,15,0.6793292760848999,0.8326772451400757,0.709176615975474,0.8720229683297931,0.9332301616668701
218,2,16,0.2828127145767212,0.30587586760520935,0.3280859751054648,0.35919259281254046,0.908635139465332
218,2,17,0.7104482650756836,0.901271402835846,0.7399568824978492,0.9396850196687141,0.913925290107727
218,2,18,0.279237300157547,0.35042205452919006,0.31146028162421546,0.41641736883898994,0.8249326944351196
218,2,19,0.6672962307929993,0.9100732207298279,0.6999717480198118,0.9432215728404898,0.9224385619163513
218,2,20,0.3100084662437439,0.35702812671661377,0.34655334731494947,0.42243577919027087,0.84224933385849
218,2,21,0.6443844437599182,0.8803822994232178,0.6772655322363554,0.913712284782104,0.9153516888618469
218,2,22,0.3168931007385254,0.35038629174232483,0.3578972541855971,0.40742562935713206,0.830162525177002
218,2,23,0.5351884365081787,0.46913111209869385,0.5782753241924438,0.4557254416787976,0.8989740014076233
218,2,24,0.3507043719291687,0.42768946290016174,0.3970419097885434,0.3952415427513775,0.9035435318946838
218,2,25,0.4710186719894409,0.7801437377929688,0.5265986855487401,0.7908093291231968,0.8140512704849243
218,2,26,0.2781449556350708,0.671166181564331,0.2693265856894263,0.6242816732235424,0.8458557724952698
218,2,27,0.47410282492637634,0.7060869336128235,0.5320598165902277,0.7108724370199374,0.18033897876739502
218,2,28,0.5456218719482422,0.8373332619667053,0.3594365768392944,0.7340872622559449,0.36519691348075867
218,2,29,0.48862358927726746,0.6744445562362671,0.5417080935826214,0.6750066574183794,0.13354478776454926
218,2,30,0.5942671895027161,0.8357765674591064,0.3902663167558501,0.72974189009279,0.26040905714035034
218,2,31,0.38682693243026733,0.7561009526252747,0.47751079362202686,0.781623219972089,0.18404334783554077
218,2,32,0.5823706984519958,0.953213095664978,0.3334409498187611,0.8255489335479969,0.3259288966655731
219,2,0,0.6457926630973816,0.23711468279361725,0.683275428976566,0.24288849373617724,0.9991006851196289
219,2,1,0.6851856708526611,0.2210851013660431,0.7189860624003496,0.22551589346819467,0.9988691806793213
219,2,2,0.7017247676849365,0.22303138673305511,0.7311450351145802,0.22682133882813008,0.9988735318183899
219,2,3,0.7179747223854065,0.22370252013206482,0.7432732532457766,0.22735268979973725,0.998741626739502
219,2,4,0.6452154517173767,0.20545868575572968,0.6860487006443661,0.2100221674780817,0.9988796710968018
219,2,5,0.6305366158485413,0.19595961272716522,0.673969496532472,0.19996211161070207,0.998876690864563
219,2,6,0.616756021976471,0.18561163544654846,0.6629109215342016,0.1884492669594184,0.9988218545913696
219,2,7,0.7394914031028748,0.20810072124004364,0.7627325918850022,0.21096769568402401,0.9986704587936401
219,2,8,0.5945470333099365,0.1450609564781189,0.6424397530972745,0.14342396951273823,0.9988428950309753
219,2,9,0.6449964642524719,0.25656142830848694,0.6798133099758507,0.26145902414355293,0.9985460638999939
219,2,10,0.6083250045776367,0.24149954319000244,0.6459987820227867,0.2438931433640552,0.9987637996673584
219,2,11,0.7432302236557007,0.30889689922332764,0.7666629926985398,0.3185415215911609,0.9962224364280701
219,2,12,0.4419778883457184,0.1110127866268158,0.49127111688556147,0.09677443381260516,0.9983800053596497
219,2,13,0.7200857400894165,0.5672305822372437,0.738512914523401,0.5926503335559488,0.9337401986122131
219,2,14,0.22586312890052795,0.162697434425354,0.29316849498964026,0.14134860292315718,0.9749398231506348
219,2,15,0.6790587902069092,0.8252764940261841,0.702922615180646,0.8623115609772161,0.9398204684257507
219,2,16,0.2792806327342987,0.362647145986557,0.3179462671390143,0.359909397674437,0.9157434105873108
219,2,17,0.7032331228256226,0.8972607254981995,0.7323297623097829,0.9308725816080596,0.9221622347831726
219,2,18,0.2760327160358429,0.4145883321762085,0.3041026414587822,0.41603785922495645,0.8378661870956421
219,2,19,0.6553739309310913,0.9050561189651489,0.6907072637924773,0.9352947205819194,0.929889440536499
219,2,20,0.31418466567993164,0.4175635874271393,0.3398315452324325,0.42142475463745527,0.8543050289154053
219,2,21,0.6339942812919617,0.8683440089225769,0.6682769489175412,0.9042875547439058,0.9234689474105835
219,2,22,0.3213949501514435,0.40289273858070374,0.3503161802802292,0.4064850222793576,0.8426492810249329
219,2,23,0.5317451357841492,0.46852806210517883,0.5686088933967667,0.4583826282028026,0.9090704321861267
219,2,24,0.34214910864830017,0.4311724603176117,0.38563555808293626,0.4027037696773321,0.9131878614425659
219,2,25,0.46375223994255066,0.78966224193573,0.5135367492043086,0.7905713246426859,0.8304615616798401
219,2,26,0.30094021558761597,0.6298033595085144,0.27589145511006885,0.6254274701528356,0.8607833385467529
219,2,27,0.47649022936820984,0.7984786033630371,0.5205126184203941,0.729092538210214,0.18155337870121002
219,2,28,0.48425161838531494,0.8619853258132935,0.3854225473599266,0.7607167700548852,0.4264143407344818
219,2,29,0.4860813319683075,0.7762264609336853,0.5301490011236579,0.6960659327824432,0.1492769867181778
219,2,30,0.528631865978241,0.8614608645439148,0.4190842549206386,0.7571697892651769,0.32746753096580505
219,2,31,0.4182875454425812,0.9079468250274658,0.46520311368686335,0.8079236729844029,0.17416131496429443
219,2,32,0.5105136036872864,1.0113213062286377,0.37036005265958305,0.8642900118247299,0.3829104006290436
220,2,0,0.6752293109893799,0.24788297712802887,0.6816056566211184,0.24392488352395292,0.9991902112960815
220,2,1,0.7169952988624573,0.22736647725105286,0.7185729980067491,0.22589986909412688,0.9989819526672363
220,2,2,0.7326401472091675,0.22734132409095764,0.7314552504040297,0.22692922604290053,0.9989859461784363
220,2,3,0.7467966675758362,0.22636564075946808,0.7440043545870216,0.22714789285186643,0.9988672137260437
220,2,4,0.6729075312614441,0.2158975601196289,0.6833211929227787,0.21124138183518443,0.9989911913871765
220,2,5,0.6584085822105408,0.2071024775505066,0.6707395440772681,0.20144387483821538,0.9989883303642273
220,2,6,0.643412709236145,0.1960752308368683,0.6588632709874396,0.19003182231073718,0.9989386796951294
220,2,7,0.7594418525695801,0.20797623693943024,0.7620497712834122,0.21034698127950782,0.9988033175468445
220,2,8,0.6100090742111206,0.15277335047721863,0.6357050408529867,0.14536426401995967,0.9989582300186157
220,2,9,0.6743103265762329,0.2636612355709076,0.678671382989296,0.26191596293150204,0.9986913800239563
220,2,10,0.634932816028595,0.2531795799732208,0.6437021239494953,0.24582037133621504,0.9988873600959778
220,2,11,0.7678064703941345,0.3137133717536926,0.7669002467267434,0.3175396508359476,0.9965999722480774
220,2,12,0.4387834370136261,0.13037337362766266,0.480365252859054,0.10375194675805383,0.9985403418540955
220,2,13,0.7445042729377747,0.5703238844871521,0.7397561959927862,0.5880152183357815,0.940330982208252
220,2,14,0.20094959437847137,0.20523254573345184,0.2739862863658423,0.15462642468493076,0.9770259857177734
220,2,15,0.7044050693511963,0.8243427872657776,0.7032302046661086,0.8544255956429876,0.945622444152832
220,2,16,0.29016610980033875,0.4054315686225891,0.3121780574842298,0.3693660471103308,0.9200177192687988
220,2,17,0.7308984398841858,0.8939346075057983,0.732032781857475,0.9232009293006981,0.9290333986282349
220,2,18,0.28989920020103455,0.46018537878990173,0.30115457959494196,0.42520858755127483,0.8434200286865234
220,2,19,0.6753820180892944,0.8948708176612854,0.6875262583058447,0.9268982702508223,0.9361303448677063
220,2,20,0.3322310149669647,0.45680946111679077,0.3382542688226514,0.42877340865042946,0.8596334457397461
220,2,21,0.6553641557693481,0.862687885761261,0.6655968657959793,0.8956466042362714,0.9301534295082092
220,2,22,0.3392285406589508,0.4400504231452942,0.3480150297336733,0.413455498679686,0.8475491404533386
220,2,23,0.5474777817726135,0.46337148547172546,0.564222077913088,0.4594178447701737,0.9181318879127502
220,2,24,0.34630507230758667,0.42489320039749146,0.377466454725137,0.4073103902100789,0.9218596816062927
220,2,25,0.48814818263053894,0.7892478108406067,0.5082654639397259,0.79029671305929,0.8406962752342224
220,2,26,0.32561561465263367,0.6958645582199097,0.28622230796937415,0.6400699806297787,0.8711655735969543
220,2,27,0.4703937768936157,0.7410950660705566,0.5100996324539887,0.7315836051675758,0.17097115516662598
220,2,28,0.4799811840057373,0.8837898373603821,0.4050928837737505,0.7863383877656975,0.46700319647789
220,2,29,0.4716138541698456,0.7087104916572571,0.5179845763186114,0.6986902936438432,0.14722633361816406
220,2,30,0.5188609957695007,0.9010394811630249,0.43984311406256965,0.7871379832638711,0.3578494191169739
220,2,31,0.41135433316230774,0.8217658400535583,0.45401400631106603,0.8107966988278854,0.1620572954416275
220,2,32,0.5274226069450378,1.0215375423431396,0.40308914219200737,0.8970570718066085,0.40687164664268494
221,2,0,0.6977511048316956,0.24878570437431335,0.6849569721531534,0.24493353377369556,0.9992707371711731
221,2,1,0.7393640279769897,0.2272511124610901,0.7228891530470044,0.22618023326451336,0.9990832805633545
221,2,2,0.7559704780578613,0.22743742167949677,0.7365450616192958,0.2270346671014465,0.9990870356559753
221,2,3,0.77093905210495,0.22704274952411652,0.7495968664371756,0.22712607781925587,0.9989801645278931
221,2,4,0.692155122756958,0.2157745510339737,0.6851544842060384,0.21218203393414045,0.9990912079811096
221,2,5,0.6759822368621826,0.20697425305843353,0.6718274437257034,0.20259148370197116,0.9990885257720947
221,2,6,0.6582662463188171,0.19578015804290771,0.6587393988806015,0.19122466671799276,0.9990432858467102
221,2,7,0.7819931507110596,0.207225501537323,0.7661898638453933,0.20969928580291394,0.9989228248596191
221,2,8,0.6183252930641174,0.15314710140228271,0.6320973785464892,0.1469793810799895,0.9990619421005249
221,2,9,0.7001156210899353,0.26437845826148987,0.6831232229479806,0.26242691198150414,0.9988220930099487
221,2,10,0.6554725766181946,0.2544194757938385,0.646145025561051,0.24760492257504482,0.9989985227584839
221,2,11,0.7912201285362244,0.31358858942985535,0.7719494795180185,0.31671980126864213,0.9969397783279419
221,2,12,0.4300502836704254,0.13175731897354126,0.46991145951715524,0.10956694510034667,0.9986850619316101
221,2,13,0.7768440842628479,0.5722619295120239,0.747459004720758,0.5847453272989296,0.9462709426879883
221,2,14,0.17877021431922913,0.2112227976322174,0.2541789994063211,0.16638724003678323,0.979027509689331
221,2,15,0.7392585277557373,0.8260630369186401,0.7107127347096246,0.8485363638992405,0.9509204030036926
221,2,16,0.29746320843696594,0.4081052541732788,0.3091238010223476,0.3774121357001315,0.925472617149353
221,2,17,0.7623664140701294,0.8935286402702332,0.7383316220466463,0.9170395223891397,0.9355043172836304
221,2,18,0.29944029450416565,0.46296173334121704,0.300798885775249,0.43304965404299145,0.852252185344696
221,2,19,0.7082343101501465,0.8951768279075623,0.6918251854084676,0.920310988353604,0.9419834613800049
221,2,20,0.345229834318161,0.45884978771209717,0.33970182674401656,0.4350187364312492,0.8677942752838135
221,2,21,0.6922224760055542,0.8644204139709473,0.6711251621677886,0.8891622540482748,0.9364669322967529
221,2,22,0.35111871361732483,0.44203826785087585,0.3486590320190985,0.41939043760212863,0.8554056286811829
221,2,23,0.5584269165992737,0.46262603998184204,0.5630195129969721,0.4600835317853261,0.9262683391571045
221,2,24,0.3477059304714203,0.42708247900009155,0.37128670409199027,0.4114148918278336,0.929661214351654
221,2,25,0.5148918628692627,0.7794501781463623,0.509640547081576,0.7880456105806031,0.8487822413444519
221,2,26,0.35720208287239075,0.7093371748924255,0.300977942141805,0.6544688569712402,0.8802404403686523
221,2,27,0.5180565118789673,0.7405614852905273,0.5117508725544312,0.7334467690931786,0.1633608043193817
221,2,28,0.5064939260482788,0.9028345346450806,0.42619054011024954,0.8105865052241062,0.5114667415618896
221,2,29,0.5201966166496277,0.7124942541122437,0.5184435540640857,0.7015553847936615,0.1484842449426651
221,2,30,0.5408325791358948,0.9269359707832336,0.4608549499049523,0.8162549094641869,0.3992661237716675
221,2,31,0.466808944940567,0.8233906626701355,0.45666960916162574,0.8134105667296586,0.15216867625713348
221,2,32,0.5690603852272034,1.0485833883285522,0.4376830654256003,0.9286271091834878,0.44342178106307983
222,2,0,0.710445761680603,0.25027382373809814,0.6902490557383181,0.246041691565283,0.9993433356285095
222,2,1,0.7527080774307251,0.22787052392959595,0.7290810177747548,0.22653094832338203,0.9991743564605713
222,2,2,0.7698128819465637,0.22826603055000305,0.7434537439875865,0.2272901570244922,0.9991780519485474
222,2,3,0.7852663397789001,0.22875499725341797,0.7570047886293466,0.22746405851130702,0.9990816712379456
222,2,4,0.704382061958313,0.2167873978614807,0.6891459001730308,0.21313766869860537,0.9991810917854309
222,2,5,0.6877257823944092,0.20811904966831207,0.6751274458521994,0.2037385089600452,0.999178946018219
222,2,6,0.6697829365730286,0.19705267250537872,0.6610313875939172,0.19243404627844157,0.9991373419761658
222,2,7,0.7957826852798462,0.20455671846866608,0.7723347449897018,0.20863216261808326,0.999030351638794
222,2,8,0.6297105550765991,0.15466269850730896,0.631602130595099,0.1485738411916024,0.9991554021835327
222,2,9,0.7123576402664185,0.2656334936618805,0.6891936182692875,0.2630922670183468,0.9989396333694458
222,2,10,0.6661704778671265,0.25596895813941956,0.6503021628777557,0.24934067942117594,0.999098539352417
222,2,11,0.805608868598938,0.30783310532569885,0.7789395607014987,0.31487555092018243,0.9972456693649292
222,2,12,0.4300967752933502,0.13267050683498383,0.46164167432770753,0.11436349056330067,0.998815655708313
222,2,13,0.7862578630447388,0.5539809465408325,0.7555175495763762,0.578356956822864,0.9516240358352661
222,2,14,0.17326620221138,0.2224663943052292,0.23735376145747086,0.17804042839622347,0.9810383915901184
222,2,15,0.7485617399215698,0.8065387606620789,0.7185737900067137,0.8398126569976524,0.9557115435600281
222,2,16,0.3104475140571594,0.4151529371738434,0.30939845266586813,0.38525065425478755,0.9317521452903748
222,2,17,0.7694035768508911,0.8746845722198486,0.7447839097862059,0.9082415023182373,0.9414663314819336
222,2,18,0.3112265169620514,0.4741192162036896,0.30296301717600266,0.44158031316106977,0.8640449047088623
222,2,19,0.7120988368988037,0.8709454536437988,0.6960338827821226,0.9100547402556043,0.9473850727081299
222,2,20,0.3569738566875458,0.46840277314186096,0.3432871091709334,0.44195154170254425,0.8785424828529358
222,2,21,0.6999751329421997,0.8439176678657532,0.6771156735116818,0.8797632463759838,0.9423678517341614
222,2,22,0.36451467871665955,0.4503561854362488,0.35195017568196907,0.4258206138069388,0.8667222857475281
222,2,23,0.567633867263794,0.46036744117736816,0.5639770125039638,0.4601424370880854,0.9336075186729431
222,2,24,0.35392847657203674,0.4302602708339691,0.3676835153657448,0.41532692110549735,0.9366831183433533
222,2,25,0.5192751884460449,0.7789136171340942,0.5116400553503803,0.7861504369384751,0.8551347255706787
222,2,26,0.3535996675491333,0.6887199282646179,0.31191168820019305,0.6615819197274941,0.8889961242675781
222,2,27,0.4754621088504791,0.8105319142341614,0.5042141826443334,0.749474213180648,0.15872590243816376
222,2,28,0.507072389125824,0.8978416919708252,0.44300942883080247,0.828733697853025,0.5548173189163208
222,2,29,0.4674614369869232,0.794224202632904,0.5078509615574797,0.7208312192321883,0.15969161689281464
222,2,30,0.5370824337005615,0.9130052328109741,0.47670399069009844,0.8363821654910787,0.44746115803718567
222,2,31,0.43711143732070923,0.9210475087165833,0.45260950968762886,0.8358091474873667,0.14295756816864014
222,2,32,0.5434874296188354,1.044175386428833,0.4596997885885744,0.952677515582857,0.480634480714798
223,2,0,0.7293309569358826,0.2488732486963272,0.6983664430695549,0.24662922424071915,0.9994081854820251
223,2,1,0.7722122669219971,0.22513094544410706,0.7380404652165913,0.22624046675354698,0.9992556571960449
223,2,2,0.7892478108406067,0.22454330325126648,0.7529670257806206,0.22672020099773493,0.9992589354515076
223,2,3,0.8046897649765015,0.22380556166172028,0.7669114067626401,0.2267049227837702,0.9991724491119385
223,2,4,0.722544252872467,0.21631579101085663,0.6960817153715843,0.21379711811477753,0.9992613792419434
223,2,5,0.7053499221801758,0.20765411853790283,0.6814031784823219,0.20455100099149454,0.9992588758468628
223,2,6,0.6871341466903687,0.19621489942073822,0.6664510398340375,0.19321857332398457,0.9992215037345886
223,2,7,0.8138147592544556,0.2012890726327896,0.7809508022713488,0.20710832110852304,0.9991264939308167
223,2,8,0.641697108745575,0.15373550355434418,0.6336972005419174,0.149644926971278,0.9992387890815735
223,2,9,0.7319281101226807,0.2644772529602051,0.6980705528636584,0.2633796325553905,0.9990452527999878
223,2,10,0.6833450198173523,0.2538555860519409,0.657164085951819,0.2502775414825479,0.9991885423660278
223,2,11,0.829157292842865,0.2982330024242401,0.7893730972874746,0.3114209939576041,0.9975206851959229
223,2,12,0.430956095457077,0.1313043236732483,0.4552696732791577,0.11787999039663671,0.9989331960678101
223,2,13,0.8104097843170166,0.5379058718681335,0.7669237616304314,0.569954851084087,0.956333339214325
223,2,14,0.16341492533683777,0.23360669612884521,0.2219816605739243,0.18958689028140613,0.9825809001922607
223,2,15,0.7784543037414551,0.7777396440505981,0.7310182428310009,0.8269117643653295,0.9597296118736267
223,2,16,0.32720568776130676,0.424298495054245,0.31309488360598126,0.3933609396992651,0.9364755749702454
223,2,17,0.8016210198402405,0.8460092544555664,0.7565948857658582,0.8953074599742471,0.9458043575286865
223,2,18,0.32746753096580505,0.4823950231075287,0.30805061538346756,0.4500579894639554,0.8714658617973328
223,2,19,0.7432543635368347,0.8431985974311829,0.705843883295331,0.8961579200755653,0.9513461589813232
223,2,20,0.37494757771492004,0.4774816036224365,0.34986171598134314,0.4493304566171949,0.8852384686470032
223,2,21,0.7316867113113403,0.8189458250999451,0.6884550421103853,0.8671237466740701,0.946434497833252
223,2,22,0.3838137090206146,0.4592849314212799,0.3585669863497562,0.43277011846883745,0.8727326393127441
223,2,23,0.5813167691230774,0.4585183560848236,0.5675763563384247,0.459805459334916,0.9401687383651733
223,2,24,0.3581002652645111,0.4235391318798065,0.3656946695503074,0.4170311587911345,0.9430075287818909
223,2,25,0.5456641316413879,0.745516836643219,0.5187059391475285,0.7777103670498273,0.8419471979141235
223,2,26,0.3890942931175232,0.6814998388290405,0.3279595540312251,0.6657167240202951,0.8929263353347778
223,2,27,0.43652501702308655,0.7671263813972473,0.4901438782840745,0.7531384281643033,0.15637201070785522
223,2,28,0.5208781957626343,0.8819628953933716,0.4592004026518264,0.8397938607180813,0.5879713892936707
223,2,29,0.41476714611053467,0.7411984205245972,0.4884884268362758,0.7250593336063258,0.16023682057857513
223,2,30,0.5527802109718323,0.9076995253562927,0.49252148803391793,0.851208158702246,0.4780084788799286
223,2,31,0.37927818298339844,0.8581043481826782,0.4373640108696553,0.8404377584375039,0.1400514841079712
223,2,32,0.5744617581367493,1.0290613174438477,0.4835863046319952,0.9685590510370199,0.5147342085838318
224,2,0,0.7313993573188782,0.24684663116931915,0.7052263033110501,0.246674331738159,0.9994645118713379
224,2,1,0.774928629398346,0.22292460501194,0.7457017518547686,0.2255524341152377,0.9993265271186829
224,2,2,0.7919779419898987,0.22241716086864471,0.7610696615728645,0.22582730708250298,0.9993298053741455
224,2,3,0.8077913522720337,0.22183334827423096,0.7754026820995625,0.22569404038001722,0.999252200126648
224,2,4,0.7265215516090393,0.21368619799613953,0.7024026247416274,0.21377410451772932,0.9993305206298828
224,2,5,0.7091661691665649,0.20509299635887146,0.6871678078098818,0.20466345497492192,0.9993274211883545
224,2,6,0.6901464462280273,0.19399996101856232,0.6713705348659071,0.19338069784598824,0.9992932081222534
224,2,7,0.8190045952796936,0.1990625560283661,0.788854435604772,0.2054386277627702,0.9992117285728455
224,2,8,0.6435542106628418,0.152779221534729,0.6357428709135922,0.15029528149694565,0.9993126392364502
224,2,9,0.7326234579086304,0.262096107006073,0.7052463687644431,0.263113319285737,0.9991392493247986
224,2,10,0.686294674873352,0.25142574310302734,0.6632129087899943,0.25051577599001595,0.9992690682411194
224,2,11,0.8286043405532837,0.2880522608757019,0.7975215504397191,0.30656935676333774,0.9977676272392273
224,2,12,0.4361342787742615,0.1292339712381363,0.4512973881847545,0.12023643403097152,0.9990381002426147
224,2,13,0.8076406717300415,0.5199482440948486,0.7753811415652742,0.5595652269664961,0.9603238105773926
224,2,14,0.1651252955198288,0.24361558258533478,0.2101666187561934,0.200813384702604,0.983957052230835
224,2,15,0.7754083871841431,0.7544320821762085,0.7402395323937644,0.8118436850318633,0.9626299142837524
224,2,16,0.33263614773750305,0.42915892601013184,0.31715145966136166,0.4007955679515256,0.9411805868148804
224,2,17,0.7993142604827881,0.8226754665374756,0.7654686912532503,0.8802076540622255,0.9480783343315125
224,2,18,0.3281824290752411,0.4853220582008362,0.31222985462743863,0.4573816223214006,0.8799642324447632
224,2,19,0.7399183511734009,0.8196972012519836,0.7129202518235672,0.8802604646938599,0.9535236358642578
224,2,20,0.38260939717292786,0.48041707277297974,0.35666229803892463,0.4557857695434333,0.89287269115448
224,2,21,0.7295820713043213,0.7955111861228943,0.6969977047709883,0.8522362932398878,0.9488183259963989
224,2,22,0.3878883123397827,0.4618651568889618,0.36465545398442706,0.4388115377799918,0.8804535865783691
224,2,23,0.5805045366287231,0.4478210508823395,0.5702596299095809,0.4573181251049355,0.9459452033042908
224,2,24,0.35429713129997253,0.41574761271476746,0.3633291801628575,0.4167648407143031,0.9486338496208191
224,2,25,0.53678297996521,0.7225877642631531,0.5224584034575921,0.7662561905702188,0.8270050287246704
224,2,26,0.39068612456321716,0.6612781286239624,0.34099652698454236,0.6647956975337469,0.8900649547576904
224,2,27,0.44500139355659485,0.8020153045654297,0.4807660964582461,0.7632929804532879,0.16636361181735992
224,2,28,0.5168021321296692,0.8752071857452393,0.4711706270303624,0.8471485608785069,0.6122981309890747
224,2,29,0.4219571352005005,0.7961624264717102,0.4746592300963809,0.7398406042600004,0.17540565133094788
224,2,30,0.5500993132591248,0.88523930311203,0.5044867497094433,0.8582755446707482,0.5007686614990234
224,2,31,0.421405553817749,0.9122418165206909,0.43405150880640264,0.8553650597110105,0.1485033631324768
224,2,32,0.5544596314430237,1.004122018814087,0.4983200207927325,0.9759448980756904,0.5396395325660706
225,2,0,0.7357499003410339,0.24273252487182617,0.7115646237966365,0.24585640296506078,0.9995145201683044
225,2,1,0.7794780731201172,0.2151792198419571,0.7527161417798753,0.223399599772675,0.9993881583213806
225,2,2,0.7966556549072266,0.214041069149971,0.7684602394615168,0.2233811214429931,0.9993924498558044
225,2,3,0.8123361468315125,0.2126135230064392,0.7830733919678937,0.2229791352950725,0.9993221759796143
225,2,4,0.7299274802207947,0.206631600856781,0.7081177735231177,0.21229189707519006,0.9993901252746582
225,2,5,0.7118529081344604,0.19835999608039856,0.6922929193115033,0.20335539583776813,0.9993877410888672
225,2,6,0.6921919584274292,0.18789614737033844,0.6756930099154166,0.19224259982151817,0.9993547797203064
225,2,7,0.8224511742591858,0.19153434038162231,0.79583149937776,0.20255268075578264,0.9992873668670654
225,2,8,0.6443466544151306,0.1506567746400833,0.6375283921722957,0.15037028424374596,0.9993780255317688
225,2,9,0.7368637919425964,0.2577628195285797,0.7118120255146945,0.2620030421246514,0.9992231726646423
225,2,10,0.6899427771568298,0.24723902344703674,0.6687628682393096,0.2498358591195253,0.9993411302566528
225,2,11,0.8341673612594604,0.269363671541214,0.805132460171339,0.29884204802653497,0.9979898929595947
225,2,12,0.4264333248138428,0.1295684427022934,0.4461350834352375,0.1221731227063646,0.9991321563720703
225,2,13,0.808892011642456,0.4881097078323364,0.7823403604675182,0.5447104887269381,0.9639701247215271
225,2,14,0.17298471927642822,0.25434625148773193,0.20244422455021255,0.2119367088065766,0.9853066802024841
225,2,15,0.7740923166275024,0.7305850982666016,0.747269824516571,0.7949464320075985,0.9654075503349304
225,2,16,0.3342885971069336,0.43447279930114746,0.320708726892478,0.4077893483636877,0.9460749626159668
225,2,17,0.7858459949493408,0.8047099113464355,0.7696989228020411,0.8645108262792683,0.9507085680961609
225,2,18,0.3347730338573456,0.48855093121528625,0.31690998990334435,0.4638541309875612,0.889477550983429
225,2,19,0.7300324440002441,0.798491895198822,0.7164723404793418,0.8632569231445808,0.9559286832809448
225,2,20,0.3932590186595917,0.48238110542297363,0.36426300280904444,0.46130776344985397,0.9013602137565613
225,2,21,0.7245370149612427,0.773106038570404,0.702715864532104,0.8357825800253841,0.9516674280166626
225,2,22,0.3952506184577942,0.4637102484703064,0.37100865364907626,0.4439810195472089,0.8895772099494934
225,2,23,0.586200475692749,0.4330371022224426,0.5735684649205468,0.4522769504961979,0.9511145949363708
225,2,24,0.35928457975387573,0.41051360964775085,0.3624899186651544,0.4154676192635083,0.9536138772964478
225,2,25,0.5434749126434326,0.6984533071517944,0.5268214028193314,0.7521621960361544,0.8218661546707153
225,2,26,0.4505775272846222,0.6517701148986816,0.3638010329495946,0.6620921961348761,0.8893600106239319
225,2,27,0.46172428131103516,0.8199121952056885,0.476813247022075,0.7750585860338018,0.19445617496967316
225,2,28,0.5179885029792786,0.8745559453964233,0.4808969533721175,0.8528393151620131,0.6390702128410339
225,2,29,0.439179003238678,0.8217628598213196,0.4672906173753496,0.7568761157971701,0.20244088768959045
225,2,30,0.5457389950752258,0.8794152736663818,0.5130555188188777,0.8626641544475175,0.5272355675697327
225,2,31,0.4262406527996063,0.9330600500106812,0.4324305723573891,0.8715196619125666,0.17135441303253174
225,2,32,0.5611634850502014,1.0037223100662231,0.5113814979043044,0.9817125659429881,0.5671379566192627
226,2,0,0.7417543530464172,0.2343989610671997,0.7178335596396666,0.24347847914683834,0.9995562434196472
226,2,1,0.7840457558631897,0.20439742505550385,0.7592219821976668,0.21945499013187575,0.9994357228279114
226,2,2,0.7999384999275208,0.20359423756599426,0.7749969752174652,0.2192735271799228,0.9994433522224426
226,2,3,0.8142039775848389,0.2025299221277237,0.7895378687956957,0.21873396928609373,0.99937903881073
226,2,4,0.7349874377250671,0.19635158777236938,0.71369678178907,0.20898317142895204,0.9994360208511353
226,2,5,0.7165765166282654,0.1893099546432495,0.6973346164602084,0.2004401399647449,0.9994354844093323
226,2,6,0.6968445777893066,0.18061640858650208,0.6800840632919234,0.189829641913364,0.9993999600410461
226,2,7,0.8191432952880859,0.18465688824653625,0.80067130747402,0.19883785530789042,0.9993516802787781
226,2,8,0.647029459476471,0.1466980129480362,0.6395001737630165,0.14960829007036305,0.9994320869445801
226,2,9,0.7425271272659302,0.25009211897850037,0.7181901494623685,0.2595309699444067,0.9992961883544922
226,2,10,0.6958167552947998,0.2398393452167511,0.6743801558626404,0.24776122587745533,0.9994045495986938
226,2,11,0.835075855255127,0.2622850835323334,0.811350207164223,0.29124960780696274,0.9981886744499207
226,2,12,0.4278220534324646,0.1340455263853073,0.44233359966763075,0.12463719711387697,0.9992141127586365
226,2,13,0.8128722310066223,0.4678959846496582,0.7886804084319471,0.5287393158772794,0.9672382473945618
226,2,14,0.17500071227550507,0.26531916856765747,0.19674595324541902,0.22302874093009373,0.9864485859870911
226,2,15,0.7770625948905945,0.706022322177887,0.7534562706561144,0.776451263613261,0.9680337905883789
226,2,16,0.34050822257995605,0.4396209716796875,0.324818939641283,0.41439951733039926,0.9504808783531189
226,2,17,0.7760652303695679,0.7767544388771057,0.7710200268272132,0.8462591205596564,0.9533233642578125
226,2,18,0.34550967812538147,0.49307551980018616,0.32284849505868674,0.46992181929408733,0.89805668592453
226,2,19,0.7241042852401733,0.7695621848106384,0.7180561380929589,0.8437669597094992,0.9583532214164734
226,2,20,0.4068557322025299,0.49027469754219055,0.37311047159525945,0.46732257055205634,0.9090070724487305
226,2,21,0.7212835550308228,0.7462009191513062,0.7065702362190178,0.8171503137417837,0.9545971751213074
226,2,22,0.41078487038612366,0.4731399416923523,0.3792704258874802,0.45003572421086396,0.8978614211082458
226,2,23,0.58685702085495,0.42070358991622925,0.5763265636421223,0.4457204389190073,0.955650269985199
226,2,24,0.35831594467163086,0.3991974890232086,0.3616238089755428,0.4120903974655961,0.9580185413360596
226,2,25,0.5438956022262573,0.6748246550559998,0.5303655989224346,0.7360820318585827,0.8133785128593445
226,2,26,0.4685116410255432,0.6403271555900574,0.3855890921262652,0.6575737030501029,0.8851975798606873
226,2,27,0.461434006690979,0.7826206684112549,0.4736210273531195,0.7766278806282121,0.20741643011569977
226,2,28,0.5139316320419312,0.8715079426765442,0.48775722994761245,0.8567146548478259,0.657157301902771
226,2,29,0.43891510367393494,0.7784639000892639,0.4613986844537545,0.7613577836864363,0.22129255533218384
226,2,30,0.5268936157226562,0.8722331523895264,0.515927741345485,0.8646500438519239,0.5456808805465698
226,2,31,0.4312441945075989,0.9046944379806519,0.432184416172623,0.8784090209745079,0.18373122811317444
226,2,32,0.5603074431419373,0.998457670211792,0.5215464132460405,0.9851884365488314,0.583191454410553
227,2,0,0.7448672652244568,0.22136099636554718,0.7234466555826191,0.23888677631390462,0.9995886087417603
227,2,1,0.7883061766624451,0.19227494299411774,0.7652611705934629,0.21381148446268156,0.9994701743125916
227,2,2,0.8039718866348267,0.19133169949054718,0.7810134540874034,0.2134717278627811,0.9994782209396362
227,2,3,0.8175428509712219,0.1900690197944641,0.7953527921917555,0.2127819032250146,0.9994235038757324
227,2,4,0.7396340370178223,0.18540823459625244,0.719082054530732,0.20408869679919073,0.9994713664054871
227,2,5,0.7221396565437317,0.1787896305322647,0.702484649436,0.1959454411792769,0.9994683861732483
227,2,6,0.7031825184822083,0.17054906487464905,0.6848795480656686,0.18582720875841002,0.9994351863861084
227,2,7,0.8144288659095764,0.1720586121082306,0.8035267884068512,0.19327763160038025,0.9994001388549805
227,2,8,0.6541441679000854,0.13982990384101868,0.6425397126924304,0.14757893841351746,0.9994738101959229
227,2,9,0.7463582158088684,0.23699592053890228,0.7240389605106842,0.2548525240999335,0.9993584752082825
227,2,10,0.7000263333320618,0.22730930149555206,0.6797049504110949,0.24351549667800307,0.9994603991508484
227,2,11,0.8329352736473083,0.2486148476600647,0.8158313135103863,0.28239339742484165,0.9983627796173096
227,2,12,0.4319552779197693,0.13206501305103302,0.4401797030963158,0.1261786242991735,0.9992864727973938
227,2,13,0.816506564617157,0.461041659116745,0.7944581742956124,0.5146672314798265,0.9693531394004822
227,2,14,0.17799362540245056,0.26749664545059204,0.19285322419881776,0.23226620295318945,0.9870465397834778
227,2,15,0.7705300450325012,0.6921960711479187,0.7570003826253483,0.7589294142622847,0.968134880065918
227,2,16,0.3419865071773529,0.4455770254135132,0.32838252715976535,0.42087373871796063,0.9533369541168213
227,2,17,0.754587709903717,0.7579201459884644,0.7676091306107276,0.8278859394388203,0.9506804347038269
227,2,18,0.34926584362983704,0.4982215166091919,0.3283335242777757,0.4757979760463558,0.9028761386871338
227,2,19,0.706922709941864,0.7529358267784119,0.7157454827735293,0.8248741436877501,0.955812931060791
227,2,20,0.4146258234977722,0.49496686458587646,0.3817338901866409,0.47306253339795984,0.9130929708480835
227,2,21,0.7186824083328247,0.7285635471343994,0.7090840917556087,0.7987254678537766,0.9526182413101196
227,2,22,0.41960182785987854,0.4783710539340973,0.3876476434618173,0.4559192837042773,0.9021551609039307
227,2,23,0.5849051475524902,0.4123568534851074,0.5781068554296024,0.4387918289088612,0.9595539569854736
227,2,24,0.35942304134368896,0.39437514543533325,0.36116716932218934,0.408413063227852,0.9619553685188293
227,2,25,0.5489374995231628,0.6610137820243835,0.5342208419310982,0.7204746707217672,0.7946274280548096
227,2,26,0.47231197357177734,0.6430913805961609,0.40362537558439493,0.6545677304903608,0.8807229995727539
227,2,27,0.4476839005947113,0.7684104442596436,0.46823577335170313,0.7749225520334123,0.22575031220912933
227,2,28,0.5116475224494934,0.8665522933006287,0.4927172444792296,0.8587563092933825,0.6672354936599731
227,2,29,0.4184510409832001,0.7670009732246399,0.4524773913761802,0.7625288058213281,0.24241794645786285
227,2,30,0.49782705307006836,0.872493326663971,0.5121703828599001,0.8662777109054358,0.5556679368019104
227,2,31,0.4429665505886078,0.8826157450675964,0.43442213922486245,0.8792819272190916,0.20750433206558228
227,2,32,0.5451165437698364,0.9860516786575317,0.5264399386706172,0.9853675455759097,0.5943535566329956
228,2,0,0.7380251288414001,0.21374714374542236,0.7264725912895336,0.2336672240771304,0.9996073246002197
228,2,1,0.7803586721420288,0.18573449552059174,0.7683948822249015,0.2079815982338948,0.9994839429855347
228,2,2,0.794701874256134,0.1846369355916977,0.7838545795917264,0.20748436661498174,0.9994813203811646
228,2,3,0.8070315718650818,0.18312612175941467,0.7977766686901305,0.20662392921695757,0.9994390606880188
228,2,4,0.7334533333778381,0.17906779050827026,0.7220649671630026,0.19889381177357593,0.9994954466819763
228,2,5,0.7160850763320923,0.17248421907424927,0.7053075031818324,0.19107459032396354,0.9994876384735107
228,2,6,0.6972147226333618,0.1643093079328537,0.6874397011041482,0.18136005604529754,0.99946528673172
228,2,7,0.79877108335495,0.16406185925006866,0.8025399530782631,0.18721109849659567,0.9994069337844849
228,2,8,0.6468507051467896,0.13445992767810822,0.6434342564302113,0.1448560410512378,0.9995099902153015
228,2,9,0.7356690168380737,0.22818778455257416,0.7264527210411661,0.24931609228004492,0.999403178691864
228,2,10,0.6920543313026428,0.21884801983833313,0.6822680534675236,0.23839404135206516,0.9995079636573792
228,2,11,0.8189643025398254,0.21018408238887787,0.8164813974889786,0.26738164619741467,0.9985055327415466
228,2,12,0.4217330813407898,0.13555410504341125,0.43635047518192355,0.12812433736287943,0.9993540644645691
228,2,13,0.8075847625732422,0.38259831070899963,0.7971826464764039,0.4871658452029291,0.9631217122077942
228,2,14,0.17823593318462372,0.2781454026699066,0.1898192207943301,0.24179721085717573,0.9873318076133728
228,2,15,0.7640284299850464,0.6093788146972656,0.7584588343819534,0.7277727361419084,0.9428353905677795
228,2,16,0.34338220953941345,0.4565217196941376,0.33149592602937084,0.4282771999099956,0.9544826745986938
228,2,17,0.7585132122039795,0.6655058860778809,0.7657214507397706,0.7940445203434233,0.9137860536575317
228,2,18,0.34844598174095154,0.5073432922363281,0.33250874372217865,0.4823486430705737,0.9047515392303467
228,2,19,0.7139796018600464,0.6632254123687744,0.7153790828783299,0.7911858013693643,0.921695351600647
228,2,20,0.41809019446372986,0.5036020278930664,0.38928461663602276,0.47940415479394494,0.914857029914856
228,2,21,0.7133446931838989,0.6406368613243103,0.7099681787362603,0.7657822999726108,0.9232495427131653
228,2,22,0.42535194754600525,0.48779651522636414,0.39547862152148056,0.462538934958015,0.9043581485748291
228,2,23,0.5736240744590759,0.400236040353775,0.5771766600105128,0.4307838090606802,0.9625483155250549
228,2,24,0.356591135263443,0.39096304774284363,0.3602176208771551,0.40479081404231354,0.9653883576393127
228,2,25,0.538030207157135,0.6474494338035583,0.5350112858138526,0.705292919512793,0.7531120777130127
228,2,26,0.46248534321784973,0.6387706398963928,0.41585745287600107,0.6512887440224433,0.8614742159843445
228,2,27,0.45548370480537415,0.7752666473388672,0.46558906035933934,0.7749939449958287,0.22492651641368866
228,2,28,0.5012370944023132,0.8678515553474426,0.49448535224825935,0.8606438521380348,0.6547821760177612
228,2,29,0.4321131110191345,0.7822131514549255,0.44824985938312223,0.7666151018475897,0.24000601470470428
228,2,30,0.4841662049293518,0.8856775164604187,0.5063556524958356,0.8703049135099669,0.543475866317749
228,2,31,0.454131543636322,0.8730591535568237,0.43851363634535584,0.8779906151188085,0.20825167000293732
228,2,32,0.5333490371704102,0.9837274551391602,0.5278737123751073,0.9850272479362135,0.5829747915267944
229,2,0,0.7290220856666565,0.19897645711898804,0.7270015934699486,0.22646274312428039,0.9996393918991089
229,2,1,0.7684078216552734,0.1718224287033081,0.768397566878086,0.20047185886437882,0.9995211362838745
229,2,2,0.7806736826896667,0.17098990082740784,0.7831945544751168,0.19990492080738634,0.9995110630989075
229,2,3,0.7914310693740845,0.16975806653499603,0.7964598637227137,0.1989672703240378,0.9994770884513855
229,2,4,0.7247937917709351,0.1653277426958084,0.7226311818593362,0.1919231211369631,0.9995368123054504
229,2,5,0.7067325115203857,0.1591588854789734,0.7056031731730145,0.18444693401296366,0.9995278716087341
229,2,6,0.6865710020065308,0.15169928967952728,0.6872594604757141,0.17520104653427515,0.9995108246803284
229,2,7,0.7797794342041016,0.1521790474653244,0.7978146699204927,0.1799356714737561,0.9994366765022278
229,2,8,0.6324200630187988,0.12710653245449066,0.6411483535342842,0.14117159636065202,0.9995526671409607
229,2,9,0.722476601600647,0.21323862671852112,0.7256276717973829,0.24182333882953416,0.9994571805000305
229,2,10,0.6810436248779297,0.20514950156211853,0.6820140024235398,0.23149018430220644,0.9995557069778442
229,2,11,0.8059971928596497,0.19475382566452026,0.8143055227290148,0.2522827068186438,0.998648464679718
229,2,12,0.41007328033447266,0.14156295359134674,0.4308945653429863,0.13091359437395972,0.9994170665740967
229,2,13,0.8227683901786804,0.3694993853569031,0.802494888714737,0.46267319782345173,0.964196503162384
229,2,14,0.16861696541309357,0.28591784834861755,0.1854176268950693,0.25096244998715955,0.9882137179374695
229,2,15,0.756148099899292,0.5843663811683655,0.7579793766223487,0.6979010786855225,0.9395800828933716
229,2,16,0.3397670090198517,0.4670489728450775,0.3332123888861697,0.436330114547449,0.9568783640861511
229,2,17,0.7552791833877563,0.6477176547050476,0.7635542817661687,0.7635620556818099,0.9016769528388977
229,2,18,0.3444235324859619,0.522144615650177,0.3349816190658536,0.4906145164126554,0.9084994196891785
229,2,19,0.7094756364822388,0.6511915922164917,0.7141540459018189,0.7620276034376797,0.9105899333953857
229,2,20,0.4142434895038605,0.5133517384529114,0.39446661690292956,0.48645414207398757,0.9181838631629944
229,2,21,0.7044990658760071,0.6235782504081726,0.7088332850873369,0.7361620479766121,0.9138240218162537
229,2,22,0.4223824143409729,0.4975946545600891,0.40106472821647593,0.4698192747351459,0.908141553401947
229,2,23,0.5628718137741089,0.40055331587791443,0.5742075407336893,0.4245063912652031,0.9657607078552246
229,2,24,0.35423797369003296,0.3970499038696289,0.3589767681493278,0.40318439794872263,0.9687403440475464
229,2,25,0.5292192101478577,0.6573478579521179,0.5338093630124843,0.695332153507365,0.7119365334510803
229,2,26,0.4528997540473938,0.6520825028419495,0.423550824897468,0.6514534353307662,0.8444578647613525
229,2,27,0.4584851861000061,0.7741619348526001,0.4641148696880014,0.7748213168397725,0.21291027963161469
229,2,28,0.4824755787849426,0.8936859965324402,0.49199276566334527,0.8675056440622229,0.6413660049438477
229,2,29,0.43599894642829895,0.7780666351318359,0.44570719595072084,0.7689917987919939,0.2293122410774231
229,2,30,0.4586879014968872,0.9110926389694214,0.49645263869035106,0.8787770267993887,0.5276814699172974
229,2,31,0.47697240114212036,0.8707562685012817,0.44650146723705525,0.8764893454382097,0.1991897076368332
229,2,32,0.540897786617279,1.0168218612670898,0.5305769155615135,0.9916297510221818,0.5692391395568848
230,2,0,0.7116425633430481,0.18851500749588013,0.7238135752248893,0.21858115491824068,0.9996705651283264
230,2,1,0.750781774520874,0.1616002470254898,0.7647408932545193,0.1923981790738289,0.9995595812797546
230,2,2,0.7625612616539001,0.16030454635620117,0.7789111537175284,0.19167971070003065,0.9995463490486145
230,2,3,0.7728281617164612,0.1586458832025528,0.791553597666272,0.19059213532519143,0.999518632888794
230,2,4,0.708088219165802,0.15643900632858276,0.7196126195620894,0.18455371764980402,0.9995760917663574
230,2,5,0.6907564997673035,0.1507871150970459,0.7025215461432913,0.17745675557084778,0.9995664954185486
230,2,6,0.6713657379150391,0.14394091069698334,0.6839604087303139,0.16870964346148626,0.9995535016059875
230,2,7,0.7603920102119446,0.14240701496601105,0.7900422534627739,0.17214121377539443,0.9994746446609497
230,2,8,0.6194398403167725,0.1208963394165039,0.6366416047599494,0.13696256300992793,0.9995924830436707
230,2,9,0.706501305103302,0.20176531374454498,0.7216572685836375,0.23350296763082729,0.9995080828666687
230,2,10,0.6657803058624268,0.19433525204658508,0.6786443512421534,0.22377342701612493,0.999599039554596
230,2,11,0.7883592247962952,0.19144797325134277,0.8089183709961484,0.23963958897134327,0.998780369758606
230,2,12,0.39708343148231506,0.14483577013015747,0.4238729315122621,0.13380325543481839,0.9994738101959229
230,2,13,0.8196163177490234,0.37235891819000244,0.8060488965134427,0.4438881082292946,0.9656705260276794
230,2,14,0.16853958368301392,0.3003062307834625,0.18191415996470636,0.261214177181915,0.9890373349189758
230,2,15,0.7606438398361206,0.5636947154998779,0.7585322359944943,0.6699527961683632,0.9399845600128174
230,2,16,0.3378606140613556,0.4792238473892212,0.3341769188852867,0.44524017764264756,0.9591652750968933
230,2,17,0.7522222995758057,0.6286503672599792,0.761202405087683,0.7354663287550167,0.8972367644309998
230,2,18,0.34034621715545654,0.5372021794319153,0.3360948223736901,0.5002928823647536,0.9122524857521057
230,2,19,0.7214846611022949,0.6295468211174011,0.7156752980418685,0.7344399635278817,0.9068063497543335
230,2,20,0.40714943408966064,0.5281240940093994,0.39709895092602077,0.49510970093181167,0.9215178489685059
230,2,21,0.7100343108177185,0.606444776058197,0.7090824802640526,0.7091519350550309,0.910625159740448
230,2,22,0.4165710210800171,0.5115498900413513,0.40428332864649374,0.47848744933812193,0.9120444655418396
230,2,23,0.5526465177536011,0.4087868630886078,0.5697314302190507,0.42124350951483897,0.9685599207878113
230,2,24,0.347568154335022,0.4049389660358429,0.3566089810985715,0.4035484502628624,0.9716965556144714
230,2,25,0.5167871713638306,0.6540708541870117,0.530275965654664,0.6867615464419398,0.6736128926277161
230,2,26,0.43856772780418396,0.6475750803947449,0.4266678111879666,0.6506486740835651,0.8286586403846741
230,2,27,0.4517625868320465,0.8079326152801514,0.4615511621013941,0.7816974743102725,0.21283063292503357
230,2,28,0.4636737108230591,0.8927902579307556,0.48611259407986485,0.8727553223323414,0.6331039667129517
230,2,29,0.42611247301101685,0.8201425075531006,0.44163950951396685,0.7796194548013021,0.22837312519550323
230,2,30,0.4506196975708008,0.9017257690429688,0.48693128002373415,0.8835414181256267,0.518332839012146
230,2,31,0.4706844687461853,0.894122838973999,0.4515222664372123,0.8801496969231495,0.20192231237888336
230,2,32,0.5628728270530701,1.0153307914733887,0.5372836296293761,0.9965504334594664,0.5630439519882202
231,2,0,0.7171074151992798,0.1775137186050415,0.7224219343588907,0.2100508825518176,0.9997006058692932
231,2,1,0.7475528120994568,0.15180420875549316,0.761173045474264,0.18396636163435592,0.9995970726013184
231,2,2,0.7564716935157776,0.15035592019557953,0.7742525661035249,0.18309612856835203,0.999582052230835
231,2,3,0.7644358277320862,0.14853928983211517,0.7859230336369578,0.1818569415131078,0.9995594620704651
231,2,4,0.7107921242713928,0.14727570116519928,0.7177821116308859,0.17681136945048448,0.9996137619018555
231,2,5,0.6927616596221924,0.14210239052772522,0.700496034720093,0.1701143244911298,0.9996036887168884
231,2,6,0.6724387407302856,0.1358606219291687,0.6815691507313775,0.16188799660246367,0.9995934963226318
231,2,7,0.7553423643112183,0.13259203732013702,0.782835876400477,0.16392664840402307,0.9995160698890686
231,2,8,0.6140849590301514,0.1137959435582161,0.631958671616708,0.13215291448811112,0.9996288418769836
231,2,9,0.704300045967102,0.19061535596847534,0.7180542940288299,0.2245941720972845,0.9995558261871338
231,2,10,0.6637756824493408,0.1845095008611679,0.6755581569944913,0.21561817442622358,0.9996386170387268
231,2,11,0.7799412608146667,0.18752749264240265,0.8029014366954143,0.22881187441673853,0.9988994598388672
231,2,12,0.3830704689025879,0.148978590965271,0.41539775827643277,0.13695312908338778,0.999525249004364
231,2,13,0.8192083835601807,0.36964526772499084,0.8087801989934151,0.42845265776199687,0.9674539566040039
231,2,14,0.16873332858085632,0.31808406114578247,0.179178423381546,0.27303199061026895,0.9897869825363159
231,2,15,0.7817704677581787,0.5568167567253113,0.7633567623810069,0.6464059907302402,0.9418306946754456
231,2,16,0.33900201320648193,0.49514150619506836,0.3351781550060184,0.45560789343073843,0.9617376923561096
231,2,17,0.7718973755836487,0.614855170249939,0.7634220357917224,0.7103585682853865,0.8957355618476868
231,2,18,0.3428118824958801,0.5499095320701599,0.3374887259376364,0.5106013706113823,0.9170345067977905
231,2,19,0.7428925037384033,0.6143648624420166,0.7213265246590522,0.7094441669595669,0.9054303169250488
231,2,20,0.40788087248802185,0.543287456035614,0.39933663401215214,0.5051188408433672,0.9256975650787354
231,2,21,0.7278244495391846,0.5928456783294678,0.7129730470647372,0.6849432065884947,0.9094194769859314
231,2,22,0.4149424433708191,0.5268920660018921,0.406495516748154,0.48854378403119597,0.9165875911712646
231,2,23,0.5478389263153076,0.4119967520236969,0.5651864618617927,0.41932451560591943,0.9712357521057129
231,2,24,0.3442256450653076,0.41341015696525574,0.35403882741342335,0.4055950973044887,0.9744574427604675
231,2,25,0.541669487953186,0.6487463116645813,0.5326406186252932,0.6788659065265759,0.6683118343353271
231,2,26,0.4275360107421875,0.6627702116966248,0.42684794866303133,0.653164472121856,0.8298941850662231
231,2,27,0.5236374735832214,0.7491798400878906,0.4744548045017858,0.7749447087769362,0.21310272812843323
231,2,28,0.45383742451667786,0.8972414135932922,0.47941023848909115,0.8778390961911717,0.6478256583213806
231,2,29,0.49354562163352966,0.7510688900947571,0.452424329605152,0.7736911620202499,0.22817641496658325
231,2,30,0.4420030117034912,0.9124034643173218,0.47759808401975323,0.8895344480394858,0.5228378772735596
231,2,31,0.5752578973770142,0.8471488356590271,0.4772824026759131,0.8732964939668033,0.20772108435630798
231,2,32,0.5409566164016724,0.9982069134712219,0.5380457754644732,0.9968941335463019,0.5780715346336365
232,2,0,0.7092025279998779,0.16923202574253082,0.7196781920276675,0.20157230034449838,0.9997270703315735
232,2,1,0.7351264357566833,0.14608365297317505,0.7557650498544846,0.17609829054363668,0.9996299147605896
232,2,2,0.7422060370445251,0.144818976521492,0.7675977198157301,0.17514604662201189,0.9996128082275391
232,2,3,0.7482569813728333,0.14315465092658997,0.7781000130979674,0.1738184647228028,0.9995949268341064
232,2,4,0.7018538117408752,0.1410461813211441,0.7144758798581268,0.16938353275910997,0.9996474385261536
232,2,5,0.6847411394119263,0.13562189042568207,0.6972258120013145,0.16295106966601108,0.9996367692947388
232,2,6,0.6658512949943542,0.12923093140125275,0.6783066194461386,0.15510624794864403,0.9996294975280762
232,2,7,0.7395794987678528,0.12817546725273132,0.7738503899329472,0.15650172286907058,0.9995501041412354
232,2,8,0.6025940775871277,0.10987935215234756,0.6258612105818332,0.12752878830768347,0.9996607899665833
232,2,9,0.6956343650817871,0.1815057396888733,0.7133997632739446,0.21564361013229072,0.9995981454849243
232,2,10,0.6559704542160034,0.17732219398021698,0.6714919333787994,0.20766417869920933,0.9996740221977234
232,2,11,0.7643948793411255,0.1826530247926712,0.7949036627858398,0.21922268383908972,0.9990065097808838
232,2,12,0.37072867155075073,0.1657700389623642,0.406118449219539,0.14293677329386187,0.9995715618133545
232,2,13,0.8082831501960754,0.3523181676864624,0.8086770707476211,0.4126231053388358,0.9692337512969971
232,2,14,0.18725691735744476,0.3407144248485565,0.1808549082902592,0.2871008942699724,0.9904118776321411
232,2,15,0.7877863049507141,0.5352571606636047,0.7684287855496615,0.6232740422558348,0.9448869824409485
232,2,16,0.3332545757293701,0.5123468041419983,0.3347790327344257,0.46739844073746584,0.9640946984291077
232,2,17,0.7889574766159058,0.5917784571647644,0.7687238243265466,0.6856749856297875,0.8982443809509277
232,2,18,0.3392464518547058,0.5632027983665466,0.33785343381295047,0.5215308873398364,0.9215952754020691
232,2,19,0.7538247108459473,0.5908231139183044,0.7280752481110044,0.684752037657355,0.9076806306838989
232,2,20,0.4012632369995117,0.5623242259025574,0.3997363839261543,0.5170064726635082,0.9296109080314636
232,2,21,0.7419015169143677,0.5698468685150146,0.7189798752887698,0.6609871113147051,0.9115898609161377
232,2,22,0.40728211402893066,0.5467860102653503,0.4066587222877898,0.5006472240959778,0.9208495020866394
232,2,23,0.5418446063995361,0.39938879013061523,0.5603404085268467,0.4151860032633472,0.9736424088478088
232,2,24,0.33640792965888977,0.40607789158821106,0.3503790154805171,0.4056952679669056,0.9769529700279236
232,2,25,0.5361496210098267,0.606602132320404,0.5333687311946763,0.663842787803253,0.6579163670539856
232,2,26,0.4137711226940155,0.6715097427368164,0.4241338166119292,0.6569726466317936,0.8312284350395203
232,2,27,0.5693154335021973,0.7218883037567139,0.49418787574409917,0.7639205216756262,0.21666745841503143
232,2,28,0.44171029329299927,0.9035263061523438,0.4715801822393917,0.8831724213444835,0.663475751876831
232,2,29,0.5389761924743652,0.7320428490638733,0.4704248703726591,0.7650401013603638,0.230640709400177
232,2,30,0.43287327885627747,0.9200430512428284,0.4683072009877486,0.8958696628204266,0.5277078747749329
232,2,31,0.63490891456604,0.815362274646759,0.5101288125573517,0.8612571688282308,0.2178530991077423
232,2,32,0.5467883348464966,1.0097506046295166,0.5398601115157964,0.9995625240729494,0.5942350029945374
233,2,0,0.7130771279335022,0.16103965044021606,0.7183083642738306,0.19315323227143297,0.9997487664222717
233,2,1,0.7335047125816345,0.13644644618034363,0.7511436713950274,0.16786237531842885,0.999653160572052
233,2,2,0.7406364679336548,0.13465721905231476,0.7619996769621037,0.1667360908443879,0.9996299743652344
233,2,3,0.7466739416122437,0.13247163593769073,0.7715741223654673,0.16523008960762084,0.9996187686920166
233,2,4,0.6999639868736267,0.1328934133052826,0.7114637688921116,0.16180498772657947,0.9996743202209473
233,2,5,0.6824532747268677,0.12815457582473755,0.6941595791445863,0.15572460772455654,0.9996622800827026
233,2,6,0.6634488105773926,0.12249370664358139,0.6752226799802025,0.14833375320192677,0.9996588826179504
233,2,7,0.7311581373214722,0.11885551363229752,0.7649822230240311,0.1486828224085108,0.9995625019073486
233,2,8,0.6003497242927551,0.10494381934404373,0.620564397480577,0.12283997176340163,0.9996860027313232
233,2,9,0.7014967799186707,0.17473472654819489,0.7109293395663947,0.20714630537800566,0.9996348023414612
233,2,10,0.6619651317596436,0.17098699510097504,0.6695148077659383,0.20004674306588674,0.9997054934501648
233,2,11,0.7617865204811096,0.18019312620162964,0.788026285964928,0.21111615039830356,0.9991009831428528
233,2,12,0.3689582943916321,0.16425292193889618,0.3984006013648658,0.14736201758614706,0.9996129870414734
233,2,13,0.80329430103302,0.34896188974380493,0.8075600967928346,0.3993914918379028,0.9687744379043579
233,2,14,0.21066279709339142,0.3486272692680359,0.18704448641895402,0.2998879966605732,0.9909835457801819
233,2,15,0.7952777743339539,0.5178666710853577,0.774003502647709,0.601340452113938,0.943504273891449
233,2,16,0.3358135521411896,0.5230354070663452,0.3349936792629533,0.47895965341536534,0.9660519957542419
233,2,17,0.8030191659927368,0.5769885182380676,0.7758461064896123,0.6630570100876135,0.8922248482704163
233,2,18,0.3418392837047577,0.5789123177528381,0.33868050260494825,0.5334551669620716,0.9253976345062256
233,2,19,0.7743954062461853,0.5827719569206238,0.7376979748119424,0.6635335973760177,0.9023052453994751
233,2,20,0.3995823264122009,0.5795168280601501,0.3997044202031168,0.5299984149195464,0.9329191446304321
233,2,21,0.763733446598053,0.560841977596283,0.7282767515637969,0.6401515190659317,0.9068036675453186
233,2,22,0.4069415032863617,0.5654014945030212,0.40671739370662613,0.5141063667857704,0.924544095993042
233,2,23,0.5478991270065308,0.4209443926811218,0.5577582240381022,0.4163809337127714,0.9756107330322266
233,2,24,0.3368767201900482,0.42920446395874023,0.34757653596630067,0.4105760830587448,0.9791755080223083
233,2,25,0.5535893440246582,0.6500557065010071,0.5375664136483153,0.6609811698333004,0.6560771465301514
233,2,26,0.4081026017665863,0.6881162524223328,0.4208062197136958,0.6634398280222208,0.8267500400543213
233,2,27,0.565218985080719,0.7463757395744324,0.5089542199576369,0.7602785925491008,0.21858802437782288
233,2,28,0.429585725069046,0.8973461985588074,0.4628571437248592,0.8861143266906998,0.6691516637802124
233,2,29,0.5559290051460266,0.7573642730712891,0.4882070205820576,0.7634471952568429,0.22616569697856903
233,2,30,0.42396023869514465,0.9105517864227295,0.45909490048542856,0.8989171239559827,0.5207586288452148
233,2,31,0.6386978030204773,0.8541308045387268,0.5368989035290952,0.8597783106899924,0.22178006172180176
233,2,32,0.5304359197616577,1.0081089735031128,0.5379042918958665,1.0013361480071818,0.6007328629493713
234,2,0,0.7148551344871521,0.1542058140039444,0.7175918254424583,0.1850637867954567,0.9997715950012207
234,2,1,0.7337495684623718,0.1317664086818695,0.7475330369401577,0.16036577090873183,0.9996822476387024
234,2,2,0.7407227158546448,0.13024595379829407,0.7575825724890067,0.15915754036853114,0.9996591806411743
234,2,3,0.7468497157096863,0.1283080130815506,0.7664408380589588,0.15756173902536758,0.9996504783630371
234,2,4,0.7012497186660767,0.1278134286403656,0.7093439763535158,0.15474584872193403,0.9997034072875977
234,2,5,0.6840892434120178,0.12312193959951401,0.6920696209097229,0.1489541641640861,0.9996916055679321
234,2,6,0.6654590964317322,0.11747217923402786,0.6731964009999616,0.14192518290818176,0.9996892213821411
234,2,7,0.7284205555915833,0.11486555635929108,0.7573888029226931,0.14165991265080777,0.9995964765548706
234,2,8,0.6018508672714233,0.10149892419576645,0.6166797363737474,0.11840955501844708,0.999714195728302
234,2,9,0.7022729516029358,0.16712042689323425,0.7091328967418388,0.1988326139937154,0.9996702671051025
234,2,10,0.6643461585044861,0.16552704572677612,0.6684422716464925,0.1928778190990684,0.9997345805168152
234,2,11,0.762024462223053,0.189149409532547,0.7826275937522398,0.20655575336768917,0.9991881847381592
234,2,12,0.3679773807525635,0.17470474541187286,0.3920831314421076,0.15303932738221213,0.9996505379676819
234,2,13,0.798538863658905,0.3588573634624481,0.8056879201586024,0.3909720818261838,0.9693868160247803
234,2,14,0.2210797518491745,0.361206978559494,0.19411270155671678,0.3126319261574997,0.99153071641922
234,2,15,0.7969344258308411,0.5206416845321655,0.7787641882195231,0.5845597443402524,0.9445919990539551
234,2,16,0.3375895917415619,0.5323387980461121,0.3355323135590149,0.4900510097221825,0.9676352143287659
234,2,17,0.8133788108825684,0.5804900527000427,0.7836414049024135,0.6458869301502433,0.8923332691192627
234,2,18,0.34058621525764465,0.5863599181175232,0.3390759176096609,0.5444478073472505,0.928867757320404
234,2,19,0.7876493334770203,0.5846127867698669,0.7480761027316698,0.6471233985861184,0.9025944471359253
234,2,20,0.39845624566078186,0.5894134044647217,0.39944544215225525,0.5423459792156187,0.9360042214393616
234,2,21,0.7706403732299805,0.5654478669166565,0.7370765743237887,0.6246200142533894,0.9073525071144104
234,2,22,0.4074613153934479,0.575546383857727,0.4068717445774812,0.5268754838309946,0.9283419251441956
234,2,23,0.5507422089576721,0.4525071084499359,0.5563022702587384,0.4238838076340914,0.977331817150116
234,2,24,0.34027615189552307,0.45263779163360596,0.34606155849923537,0.41931311309006003,0.9811210632324219
234,2,25,0.5795523524284363,0.711154580116272,0.5462876881250097,0.6714054678023758,0.661253809928894
234,2,26,0.4012625217437744,0.7105700969696045,0.41674914214858394,0.6732310664476101,0.8289604783058167
234,2,27,0.5435160994529724,0.8218039870262146,0.5161319213577958,0.773065459569611,0.2172241359949112
234,2,28,0.4290880858898163,0.9290629625320435,0.4558442633134072,0.8950358132954843,0.6735493540763855
234,2,29,0.5239298939704895,0.825627326965332,0.49562606968756495,0.7763703762530874,0.22344404458999634
234,2,30,0.42093729972839355,0.9379491806030273,0.45116968069479463,0.9070241668493001,0.5172947645187378
234,2,31,0.594204843044281,0.9154719114303589,0.5488075456042045,0.8713512941150436,0.2198799103498459
234,2,32,0.5273904204368591,1.0395090579986572,0.5357222621679181,1.0092645575184216,0.6014376878738403
235,2,0,0.7113669514656067,0.15293103456497192,0.7163000766665389,0.17839101317954292,0.9997934103012085
235,2,1,0.7287463545799255,0.12989628314971924,0.7436331835635329,0.15403868585968564,0.9997108578681946
235,2,2,0.7349292635917664,0.12772977352142334,0.7528795590073962,0.1526312929186924,0.9996888041496277
235,2,3,0.7404203414916992,0.12505842745304108,0.7610382660741123,0.15081194492822894,0.9996814727783203
235,2,4,0.6976885795593262,0.12749585509300232,0.7069249549289377,0.14908780512533187,0.9997313618659973
235,2,5,0.6804533004760742,0.1231599673628807,0.6896587121487846,0.1435986099907707,0.9997205138206482
235,2,6,0.6614453792572021,0.11782345175743103,0.6707575265337189,0.1369212632963328,0.9997186660766602
235,2,7,0.7215166091918945,0.11202971637248993,0.7499387194978745,0.13550725203626118,0.9996304512023926
235,2,8,0.5993379950523376,0.10126116871833801,0.6130799754416285,0.11484994966649673,0.99974125623703
235,2,9,0.6973223090171814,0.16558274626731873,0.7066816557076836,0.19192764389047118,0.9997026324272156
235,2,10,0.66108638048172,0.16472700238227844,0.6669157731390092,0.18703258787028115,0.9997609257698059
235,2,11,0.7575764060020447,0.19283030927181244,0.777426415969731,0.20370693670496454,0.9992676973342896
235,2,12,0.36737528443336487,0.18178007006645203,0.38695328475813745,0.1590071447554804,0.9996851086616516
235,2,13,0.7882251143455505,0.35834982991218567,0.8020630188590555,0.3841975442642634,0.9706594944000244
235,2,14,0.2277761548757553,0.3733241856098175,0.20110363159582686,0.32524538811570697,0.9922583699226379
235,2,15,0.790532112121582,0.5176668763160706,0.7812065724208243,0.5706551705697602,0.9474029541015625
235,2,16,0.33532580733299255,0.5444394946098328,0.3354894677419912,0.5013524077522881,0.9703119993209839
235,2,17,0.8075220584869385,0.5728707909584045,0.7885993942128011,0.6307069831095302,0.8963238000869751
235,2,18,0.3356829881668091,0.5978893041610718,0.3383718922671747,0.5555521400642661,0.9345027804374695
235,2,19,0.7819688320159912,0.5752967000007629,0.7551146989931976,0.6321912287402308,0.905974805355072
235,2,20,0.3950032591819763,0.5959296226501465,0.3985236724581935,0.5534798928651952,0.9410261511802673
235,2,21,0.7650849223136902,0.5577910542488098,0.7428921999472184,0.6107287506392803,0.9102487564086914
235,2,22,0.4067816138267517,0.5808290839195251,0.406853044355064,0.5380863846541744,0.9339314699172974
235,2,23,0.5536224246025085,0.47194886207580566,0.5557462190031864,0.43386950101371,0.9793949723243713
235,2,24,0.3392031788825989,0.4736454486846924,0.3446383233226874,0.43060281163376246,0.9829742908477783
235,2,25,0.6119330525398254,0.7193552851676941,0.5599323719993693,0.6813671778086873,0.6880015730857849
235,2,26,0.4006737470626831,0.7265920639038086,0.4134123681069743,0.6843186368091823,0.8422122597694397
235,2,27,0.5247273445129395,0.7958861589431763,0.5179157122937321,0.7778032459303252,0.24201664328575134
235,2,28,0.4046122431755066,0.9255622029304504,0.44519969096458234,0.9013747230616138,0.697333574295044
235,2,29,0.5043949484825134,0.8093332052230835,0.4974458659903672,0.7832156797939415,0.23245204985141754
235,2,30,0.39098310470581055,0.9361235499382019,0.4386615119987658,0.9130665165772959,0.5264447927474976
235,2,31,0.5777386426925659,0.9031988382339478,0.5548149557978833,0.8779647835831796,0.24286048114299774
235,2,32,0.48956432938575745,1.0451042652130127,0.5261332984927979,1.0167078885569116,0.6266761422157288
236,2,0,0.7012891173362732,0.1551753431558609,0.7131843359817351,0.17357117101079747,0.9998133182525635
236,2,1,0.7201436161994934,0.1301993578672409,0.7387564437627366,0.14908928012764347,0.9997373819351196
236,2,2,0.7264607548713684,0.1280747801065445,0.7473942276004423,0.14753288767616152,0.9997166395187378
236,2,3,0.7319716811180115,0.12558577954769135,0.7550027347906477,0.14557440993417536,0.9997102618217468
236,2,4,0.6892045736312866,0.12791110575199127,0.7032465593425129,0.14469152509653352,0.999756932258606
236,2,5,0.6719146966934204,0.123595230281353,0.6859754081250075,0.13944604573533947,0.999747097492218
236,2,6,0.6520242691040039,0.11846823990345001,0.666868769327468,0.1330907066058858,0.9997455477714539
236,2,7,0.7136815190315247,0.11272212117910385,0.7424085960519111,0.1307768515380222,0.9996626973152161
236,2,8,0.5924035310745239,0.10354017466306686,0.6087876091689155,0.11250268237798111,0.9997661709785461
236,2,9,0.688420295715332,0.16832926869392395,0.7028909072186377,0.1870282956136021,0.9997318983078003
236,2,10,0.6532821655273438,0.16759969294071198,0.6640860290816786,0.18299851542580278,0.9997847080230713
236,2,11,0.7503800392150879,0.20059536397457123,0.7718106838029442,0.20306129639974757,0.9993391036987305
236,2,12,0.36530259251594543,0.1881638467311859,0.38245854464627416,0.1650614031190759,0.9997162222862244
236,2,13,0.7784704566001892,0.36968758702278137,0.7971648834734452,0.3811858251305064,0.970836877822876
236,2,14,0.22713539004325867,0.37980568408966064,0.20650854139131825,0.3365825507262854,0.9929248690605164
236,2,15,0.7861955165863037,0.5218334197998047,0.7822418133801715,0.5605119822570248,0.9490169286727905
236,2,16,0.33268606662750244,0.547497034072876,0.3349077776377589,0.5109386350050826,0.9726166725158691
236,2,17,0.7967332005500793,0.5727454423904419,0.7902873629859085,0.6186618737349333,0.8990564942359924
236,2,18,0.3317258656024933,0.6034760475158691,0.3369927325168845,0.5655084885126669,0.9393712282180786
236,2,19,0.7692176699638367,0.5745428800582886,0.7580419026643755,0.6202113114316782,0.9080188870429993
236,2,20,0.39200469851493835,0.5994266271591187,0.3971708831479059,0.5630249577717673,0.9453002214431763
236,2,21,0.7548900246620178,0.558038055896759,0.7453823156540295,0.5997805854390178,0.9121307134628296
236,2,22,0.4061931371688843,0.582511305809021,0.40671612542437374,0.5473149186885246,0.9386966824531555
236,2,23,0.5529427528381348,0.482741117477417,0.5551645153006024,0.4440229905496314,0.9813244342803955
236,2,24,0.33618849515914917,0.4884941279888153,0.34288475738153157,0.4426332148164589,0.9846172332763672
236,2,25,0.6310412287712097,0.7194772958755493,0.574714901000127,0.6892825195253622,0.7154930830001831
236,2,26,0.39498454332351685,0.7320029735565186,0.4095870502056237,0.6942251402746762,0.8563452363014221
236,2,27,0.5115278959274292,0.8300387263298035,0.5165901466695906,0.7886566127623575,0.3027113080024719
236,2,28,0.35377272963523865,0.915647029876709,0.4261826911549425,0.904337087433825,0.7243036031723022
236,2,29,0.47331249713897705,0.8356828689575195,0.49243538324235575,0.7941172646051994,0.280818372964859
236,2,30,0.3622678816318512,0.9185032248497009,0.4227780434005627,0.9141946862108717,0.5524892807006836
236,2,31,0.5721001029014587,0.9362760782241821,0.5584029801354387,0.8900825994116982,0.3013141453266144
236,2,32,0.47051650285720825,1.030133843421936,0.5145763062937941,1.019494519370196,0.6578445434570312
237,2,0,0.6921128630638123,0.15741126239299774,0.7088099165872949,0.17021684036654702,0.9998312592506409
237,2,1,0.7118530869483948,0.13012342154979706,0.7331704303907526,0.14515221044881313,0.9997612237930298
237,2,2,0.7184736132621765,0.12848514318466187,0.7413890309804928,0.14357881046664253,0.9997419714927673
237,2,3,0.724270761013031,0.126701220870018,0.7486211003102388,0.1416565870269614,0.9997361898422241
237,2,4,0.6811609268188477,0.12750741839408875,0.6986614726471072,0.1411245002035021,0.9997798800468445
237,2,5,0.6634148359298706,0.12363854050636292,0.6812916601497169,0.13616489650703514,0.999770998954773
237,2,6,0.6427034735679626,0.11927154660224915,0.6618516461307246,0.13022243402247818,0.9997696280479431
237,2,7,0.7060229778289795,0.1163620576262474,0.7348517749706801,0.12778490077120083,0.9996921420097351
237,2,8,0.5849617719650269,0.1079726293683052,0.6038410087188784,0.11156267656770275,0.9997887015342712
237,2,9,0.6815187335014343,0.17187727987766266,0.6984540254844523,0.18388346942721243,0.9997581243515015
237,2,10,0.6447397470474243,0.17039960622787476,0.6600699489016483,0.18038360294129424,0.9998060464859009
237,2,11,0.7486831545829773,0.20642609894275665,0.7670091545724962,0.20375948431315688,0.9994027018547058
237,2,12,0.36101263761520386,0.19760175049304962,0.3780063440760587,0.17181889146243667,0.9997439980506897
237,2,13,0.7746352553367615,0.37272727489471436,0.7924875643158575,0.3794304440779445,0.9714065194129944
237,2,14,0.2235667109489441,0.38463643193244934,0.21004941037127153,0.3465659451525511,0.9935232996940613
237,2,15,0.7909090518951416,0.525844395160675,0.7840405088430732,0.5533122765990136,0.9511573910713196
237,2,16,0.332964152097702,0.5538253784179688,0.3345044957487505,0.5198472593009367,0.9746367931365967
237,2,17,0.8022506237030029,0.575851559638977,0.7927703018902339,0.6097690975457606,0.9029321670532227
237,2,18,0.3316766917705536,0.6057788133621216,0.33588960719443617,0.573873015065583,0.9436661601066589
237,2,19,0.7734926342964172,0.5779964327812195,0.7612489655356245,0.6114423682291341,0.9112704396247864
237,2,20,0.3956771194934845,0.6030028462409973,0.3968609467735682,0.5713286759877014,0.949074387550354
237,2,21,0.7568553686141968,0.5618724822998047,0.7477634816265563,0.5919071912824992,0.9150359034538269
237,2,22,0.410960853099823,0.5864586234092712,0.4075969179628758,0.5554451838039752,0.9429357647895813
237,2,23,0.566374659538269,0.4975622892379761,0.5574910975591472,0.45514766535370577,0.9828876852989197
237,2,24,0.3422693908214569,0.5067729353904724,0.3427570799508019,0.45596440027464613,0.9859604239463806
237,2,25,0.6508414149284363,0.7316038608551025,0.5905427268399628,0.6980735420986667,0.7400007247924805
237,2,26,0.39003047347068787,0.7491464614868164,0.40552729430591133,0.7056374184833377,0.8694144487380981
237,2,27,0.5025580525398254,0.8725069165229797,0.51367766565265,0.8060940199219905,0.35797274112701416
237,2,28,0.3630138635635376,0.9201341271400452,0.41305364558972135,0.907616063462486,0.7473503947257996
237,2,29,0.44052398204803467,0.9007192254066467,0.4816494615871265,0.8162999679549815,0.3276067078113556
237,2,30,0.36517152190208435,0.9353703856468201,0.4108069058895502,0.9185907581352029,0.5732471346855164
237,2,31,0.5861197113990784,0.9705283641815186,0.5641580275891067,0.9068104382052238,0.352654367685318
237,2,32,0.46703338623046875,1.0490554571151733,0.5046992312395978,1.0256327865328962,0.6826015114784241
238,2,0,0.6952280402183533,0.16150203347206116,0.7059909136255821,0.16840827001112527,0.9998475313186646
238,2,1,0.7153915166854858,0.13462190330028534,0.7294798779315926,0.14296676260842991,0.9997829794883728
238,2,2,0.7241247296333313,0.13354842364788055,0.7378053524674254,0.14149714419963505,0.9997652173042297
238,2,3,0.7313112020492554,0.13235116004943848,0.7450279519966558,0.13972541462941493,0.9997596144676208
238,2,4,0.678924024105072,0.13134683668613434,0.6945641459333383,0.13909529755010788,0.9998005032539368
238,2,5,0.6593124270439148,0.1276857554912567,0.6767286756121355,0.13440524528762046,0.9997925162315369
238,2,6,0.6376861929893494,0.1235986277461052,0.6568344899454258,0.12884788549313314,0.999791145324707
238,2,7,0.7144748568534851,0.12355539947748184,0.73062162210251,0.12690726772283467,0.9997182488441467
238,2,8,0.5826753973960876,0.11309603601694107,0.5994470335196895,0.11188082888687018,0.9998089075088501
238,2,9,0.6886618137359619,0.17662231624126434,0.6964218035453937,0.18237663400135876,0.999781608581543
238,2,10,0.6486052870750427,0.17407284677028656,0.6576905260480258,0.17907402861408042,0.9998251795768738
238,2,11,0.7611923217773438,0.21620520949363708,0.7658020931806745,0.20634258866078847,0.9994601011276245
238,2,12,0.3585946261882782,0.2081763744354248,0.3739766706162761,0.17936986057231905,0.9997687339782715
238,2,13,0.7835562825202942,0.3790261447429657,0.7906340592755998,0.37934655959260377,0.97218257188797
238,2,14,0.22339555621147156,0.3902592957019806,0.21281946798233498,0.35564232875416857,0.9940010905265808
238,2,15,0.805132269859314,0.5317744612693787,0.7884191432062432,0.5488409647293413,0.9538986682891846
238,2,16,0.33691027760505676,0.5628951191902161,0.33500367659873304,0.5287893907445914,0.9761050343513489
238,2,17,0.8147013187408447,0.5835067629814148,0.7973232710719094,0.6043162476657419,0.9077875018119812
238,2,18,0.33701634407043457,0.6120681166648865,0.33612338800020525,0.5818060435133131,0.9468275904655457
238,2,19,0.7857301831245422,0.5825636386871338,0.7663317259783051,0.6054458444342591,0.915576696395874
238,2,20,0.403782457113266,0.609056830406189,0.3982972851369803,0.5791646200304232,0.9518013000488281
238,2,21,0.7669766545295715,0.5663265585899353,0.7517519166252677,0.5865959863031383,0.918752133846283
238,2,22,0.41734910011291504,0.5939038395881653,0.4096208300366839,0.5634330103894696,0.9461245536804199
238,2,23,0.5848110318183899,0.5150015354156494,0.5631636693309511,0.4675865834618244,0.9843482971191406
238,2,24,0.35390448570251465,0.5260363221168518,0.34507063737007093,0.47053095678753193,0.9871981739997864
238,2,25,0.6519734859466553,0.7528140544891357,0.6033099268723849,0.7094481824014673,0.7602095007896423
238,2,26,0.3943249583244324,0.7571496367454529,0.4032023337249973,0.7163403054259452,0.8805090188980103
238,2,27,0.5542923212051392,0.923845112323761,0.5221137868070418,0.8306042642621816,0.4088752567768097
238,2,28,0.37692296504974365,0.9334108233451843,0.40554981698912657,0.9129717336497568,0.7663500308990479
238,2,29,0.4842544496059418,0.9370918869972229,0.4821899793041601,0.8414452947806699,0.37259069085121155
238,2,30,0.375293105840683,0.9472183585166931,0.40343132098462964,0.9245350654443973,0.5896550416946411
238,2,31,0.6764687895774841,1.019776701927185,0.5875323954657998,0.9303216147952111,0.39795756340026855
238,2,32,0.4569808840751648,1.044587254524231,0.49478565901120125,1.0295674903736913,0.7008156776428223
239,2,0,0.6968430280685425,0.161717489361763,0.7040924454853945,0.16701982047281105,0.9998615980148315
239,2,1,0.718609094619751,0.13526062667369843,0.7272237477011353,0.14136756493227118,0.9998006820678711
239,2,2,0.7292810678482056,0.13463158905506134,0.7360363307660028,0.1400724191155995,0.999783992767334
239,2,3,0.7379196286201477,0.1339634209871292,0.7435528384522249,0.1385297346505384,0.9997780323028564
239,2,4,0.6757610440254211,0.13200190663337708,0.6906608822207438,0.1376232833772837,0.9998176693916321
239,2,5,0.654654860496521,0.12898631393909454,0.6721460433099476,0.13328076553116966,0.999810516834259
239,2,6,0.6316089034080505,0.1254587173461914,0.6515970787005089,0.1281446403591762,0.9998090267181396
239,2,7,0.7222675085067749,0.12879137694835663,0.7288879229717767,0.1272981997742388,0.9997377395629883
239,2,8,0.5796065926551819,0.11730227619409561,0.5953283140216169,0.1130058301702932,0.9998261332511902
239,2,9,0.6954827904701233,0.17815810441970825,0.6962269735684548,0.18150127789497358,0.9998021721839905
239,2,10,0.649993360042572,0.17562492191791534,0.6560931909013817,0.1783583451077699,0.99984210729599
239,2,11,0.770935595035553,0.22592632472515106,0.7668673343833562,0.21040798555909473,0.9995103478431702
239,2,12,0.3535860478878021,0.2186345010995865,0.3697436725036484,0.18752526266417183,0.9997901916503906
239,2,13,0.7925533056259155,0.39275482296943665,0.7910322824389874,0.3821295095514674,0.9728947281837463
239,2,14,0.22522826492786407,0.40330031514167786,0.21539490761377925,0.36554336355579087,0.994374692440033
239,2,15,0.825899600982666,0.5421605706214905,0.7962035785196249,0.5474546659987366,0.9559476375579834
239,2,16,0.3406759202480316,0.5685728192329407,0.33618072881824645,0.5370526728630272,0.976994514465332
239,2,17,0.8368948101997375,0.5920896530151367,0.8055424844131077,0.6017786252549215,0.9112436175346375
239,2,18,0.34056100249290466,0.6180299520492554,0.3370442098745991,0.5893292503347177,0.9487552642822266
239,2,19,0.8094959855079651,0.5910838842391968,0.7752980563543139,0.6024648528451798,0.918619692325592
239,2,20,0.4077802300453186,0.6143755316734314,0.4002653065875272,0.5864772371947771,0.9533987045288086
239,2,21,0.7892919182777405,0.5752599239349365,0.759548733031032,0.5842432523216354,0.9213104248046875
239,2,22,0.4217206835746765,0.5996493101119995,0.4121321271565403,0.5709546357993346,0.9481951594352722
239,2,23,0.6035047173500061,0.5312653183937073,0.5715428890978054,0.4808217903579665,0.9856052398681641
239,2,24,0.3605481684207916,0.5455098152160645,0.3482832628190355,0.48611968161965813,0.9882732033729553
239,2,25,0.646658182144165,0.775225043296814,0.6123145389438748,0.7231202510289747,0.7800155282020569
239,2,26,0.3986387550830841,0.7857068777084351,0.40225537082933194,0.7307599531631832,0.8897904753684998
239,2,27,0.620829164981842,0.9646666646003723,0.5426509236423072,0.8585223188867733,0.45424824953079224
239,2,28,0.38702791929244995,0.9493272304534912,0.4017049515017777,0.9205222899849628,0.7797291278839111
239,2,29,0.5682825446128845,0.9721446633338928,0.50009478383953,0.8686605180171127,0.40773454308509827
239,2,30,0.38328561186790466,0.9587699174880981,0.3992491898215329,0.931644776478182,0.59543377161026
239,2,31,0.7427637577056885,1.052667260169983,0.6198776503640436,0.9557914897168981,0.433155357837677
239,2,32,0.4462566673755646,1.0067641735076904,0.48470344526646014,1.0248333188324472,0.7087082862854004
240,2,0,0.6901399493217468,0.16142389178276062,0.7011964884708968,0.1658586063716976,0.9998740553855896
240,2,1,0.7137206792831421,0.13537420332431793,0.7244211075487109,0.14012386566733245,0.9998160600662231
240,2,2,0.7276878356933594,0.13514013588428497,0.734303798716951,0.13904893717934388,0.9998002052307129
240,2,3,0.7398636937141418,0.13488870859146118,0.7427873424640276,0.13777422419630345,0.9997938275337219
240,2,4,0.6631515026092529,0.13237500190734863,0.6849489434060415,0.13653422026871434,0.9998326301574707
240,2,5,0.6408490538597107,0.12991957366466522,0.6656469807613905,0.1325833259702879,0.9998263120651245
240,2,6,0.6184281706809998,0.12727604806423187,0.6447089416699058,0.1279644218787053,0.9998246431350708
240,2,7,0.7295763492584229,0.1324770599603653,0.7290307591554827,0.12837285450458938,0.9997537136077881
240,2,8,0.569634735584259,0.12225261330604553,0.5899936675867858,0.11492482738513696,0.9998413920402527
240,2,9,0.6974506378173828,0.18001511693000793,0.6964808659715719,0.18119291885245753,0.9998202323913574
240,2,10,0.6436339616775513,0.177814319729805,0.6535072805142675,0.17824546987763687,0.9998571276664734
240,2,11,0.7797828912734985,0.23462793231010437,0.7695479882005705,0.21543645990772967,0.9995546936988831
240,2,12,0.3537749648094177,0.23143117129802704,0.3664290481045889,0.19664584059303886,0.9998093843460083
240,2,13,0.8022652268409729,0.3986791968345642,0.7933635983113125,0.38556477650814625,0.9731436967849731
240,2,14,0.22394637763500214,0.4147670269012451,0.2171695719259249,0.3757701113538214,0.9947332143783569
240,2,15,0.841545820236206,0.5451213717460632,0.8056228962192465,0.5469705251366884,0.9579469561576843
240,2,16,0.3392504155635834,0.5789284706115723,0.3368176764039395,0.5457510552569964,0.9778454899787903
240,2,17,0.8563840985298157,0.5972556471824646,0.8161058344693966,0.6008400844299255,0.9148588180541992
240,2,18,0.34126439690589905,0.6320092678070068,0.3379199094621121,0.5981948796502574,0.9505080580711365
240,2,19,0.8277928233146667,0.5971430540084839,0.7862053811663016,0.6013605284166704,0.9218123555183411
240,2,20,0.41136986017227173,0.6262190937995911,0.4025699680913311,0.5947318735645168,0.9548230171203613
240,2,21,0.8041582703590393,0.5821605324745178,0.7688156541438875,0.5838111067153278,0.9241144061088562
240,2,22,0.4250968098640442,0.6108481287956238,0.4148229818577121,0.5792408029618478,0.9501652717590332
240,2,23,0.6132230758666992,0.5446479916572571,0.5802005825848692,0.4940877060897995,0.9867345690727234
240,2,24,0.36718714237213135,0.5585783123970032,0.35220745665890796,0.5011833921332615,0.9892518520355225
240,2,25,0.6482008695602417,0.7912651300430298,0.6197675710070387,0.7372854569160914,0.7933158278465271
240,2,26,0.3999350965023041,0.7992990016937256,0.4017739333718162,0.7450072604737781,0.895683228969574
240,2,27,0.6533405184745789,0.9664862155914307,0.5656868398602677,0.8809893719568287,0.48126357793807983
240,2,28,0.39239469170570374,0.9517435431480408,0.3997727745811596,0.9270056141022683,0.7813779711723328
240,2,29,0.6066054105758667,0.9736618995666504,0.5222584363022784,0.8905093097968584,0.42509377002716064
240,2,30,0.3819396197795868,0.959130585193634,0.39565610676547947,0.9373518198907879,0.584697425365448
240,2,31,0.8003437519073486,1.0661499500274658,0.6575071632920398,0.9787583454869219,0.44548043608665466
240,2,32,0.42373329401016235,1.073731780052185,0.4720321520001963,1.034992395523999,0.6985660791397095
241,2,0,0.697428286075592,0.1633901745080948,0.700414586540576,0.16534642506946146,0.9998853206634521
241,2,1,0.7201387882232666,0.1365959793329239,0.7235325136494706,0.13939183399917235,0.999829888343811
241,2,2,0.7357871532440186,0.13637761771678925,0.7346115752153969,0.13849465509425962,0.9998148083686829
241,2,3,0.7508162260055542,0.13608086109161377,0.7444535310162539,0.13742287142904763,0.9998077750205994
241,2,4,0.6651576161384583,0.13416364789009094,0.6808404253581486,0.13604234544176677,0.9998462200164795
241,2,5,0.641965389251709,0.13220836222171783,0.6607303473975259,0.1325055282800285,0.9998407363891602
241,2,6,0.6174668073654175,0.13014870882034302,0.6390525331712106,0.12841764139545989,0.9998389482498169
241,2,7,0.7430189847946167,0.1344727873802185,0.7319341332133017,0.12963867145801247,0.9997667670249939
241,2,8,0.5621041655540466,0.12612278759479523,0.5842027399762313,0.11724888027452599,0.9998551607131958
241,2,9,0.7085992097854614,0.18309396505355835,0.6989960014643041,0.18158736536933184,0.9998364448547363
241,2,10,0.6499173045158386,0.1820739358663559,0.652762364229223,0.17903987750446107,0.9998707175254822
241,2,11,0.798263669013977,0.23681002855300903,0.7755105946151993,0.21987362979046562,0.9995946884155273
241,2,12,0.3511043190956116,0.23287202417850494,0.3632481511180898,0.20416951614601336,0.9998266696929932
241,2,13,0.8211183547973633,0.3984866142272949,0.7991265237719609,0.38824673237041457,0.9731857180595398
241,2,14,0.21265284717082977,0.4205256402492523,0.2162323324593944,0.38506741028992897,0.9950607419013977
241,2,15,0.8577204346656799,0.5534862279891968,0.8164475656850871,0.5483226322738866,0.9595316648483276
241,2,16,0.32099395990371704,0.5886238217353821,0.33353316271642985,0.5546567711884878,0.9787937998771667
241,2,17,0.8761774301528931,0.6064847111701965,0.8285900747358088,0.6020114014738924,0.917867124080658
241,2,18,0.3250673711299896,0.6442275047302246,0.33525233925679643,0.6077578073645261,0.9525226354598999
241,2,19,0.846010148525238,0.6077944040298462,0.7986340797177114,0.602695651775871,0.9244447946548462
241,2,20,0.4053910970687866,0.6402625441551208,0.40315533697792766,0.6041903928414297,0.9565309286117554
241,2,21,0.8200514316558838,0.5931583642959595,0.7794610177667697,0.5857509559885187,0.9263560175895691
241,2,22,0.4202268123626709,0.6249347925186157,0.4159443272433828,0.5887332930742977,0.9523370265960693
241,2,23,0.6230300664901733,0.552614688873291,0.5890972887518746,0.5062504367930287,0.9878416657447815
241,2,24,0.3755642771720886,0.5637272596359253,0.3570566180050131,0.5141823369928248,0.9901719689369202
241,2,25,0.6543062329292297,0.7972901463508606,0.6269404449522152,0.749755779312085,0.8071109056472778
241,2,26,0.3841504156589508,0.7896971106529236,0.3981156555529544,0.7542909012624416,0.901356041431427
241,2,27,0.664419949054718,0.9738175868988037,0.5862277330237168,0.9002986944788349,0.5134756565093994
241,2,28,0.3908800780773163,0.9451215267181396,0.39792727719906734,0.9307661571550088,0.787091851234436
241,2,29,0.6214923858642578,0.981124222278595,0.5429037932864278,0.9093570985376402,0.4477868676185608
241,2,30,0.38143453001976013,0.9494995474815369,0.3927042749911639,0.9398730578173539,0.5828743577003479
241,2,31,0.8220390677452087,1.0668880939483643,0.6917993241770094,0.9970879567130956,0.4664930999279022
241,2,32,0.4036077558994293,1.0149452686309814,0.45780873249425325,1.0308307504262608,0.6966739892959595
242,2,0,0.6924259662628174,0.17111049592494965,0.6987567547868142,0.16654253511867165,0.9998937249183655
242,2,1,0.7194478511810303,0.14444281160831451,0.7226849387963948,0.14043994847186836,0.9998368620872498
242,2,2,0.7359129786491394,0.14436066150665283,0.7348815979190897,0.13971192134568616,0.9998212456703186
242,2,3,0.7536790370941162,0.14434930682182312,0.7463681112422441,0.13886023142026072,0.9998123049736023
242,2,4,0.6602791547775269,0.14094626903533936,0.6765719826461858,0.13705994105501684,0.9998549222946167
242,2,5,0.6353302001953125,0.13863931596279144,0.6554566673878897,0.13377837185434974,0.9998503923416138
242,2,6,0.6109409928321838,0.13634809851646423,0.6332154657369008,0.1300633997933841,0.9998486638069153
242,2,7,0.7536940574645996,0.14285394549369812,0.7364515584105288,0.13238155510275346,0.9997648000717163
242,2,8,0.5542465448379517,0.13274288177490234,0.5779823328427598,0.1204649259541646,0.9998656511306763
242,2,9,0.7085197567939758,0.1928834170103073,0.7009724943272708,0.18393178225135265,0.9998488426208496
242,2,10,0.6433091163635254,0.1908634603023529,0.6508005075206554,0.1814938157186388,0.9998820424079895
242,2,11,0.8133241534233093,0.24505795538425446,0.7833642827227743,0.22510246636393805,0.9996272325515747
242,2,12,0.3493777811527252,0.2407032996416092,0.36036924578741913,0.2117571404987219,0.9998413324356079
242,2,13,0.8410974144935608,0.4029291272163391,0.8078446695905089,0.3912942446002978,0.971718966960907
242,2,14,0.1967560052871704,0.42639589309692383,0.21218924254406152,0.393651979049689,0.9952870011329651
242,2,15,0.8726493716239929,0.5547630786895752,0.8281263319360292,0.5496591205135282,0.9586187601089478
242,2,16,0.29289865493774414,0.6021427512168884,0.3250929204283727,0.564522018394787,0.9791176319122314
242,2,17,0.8909660577774048,0.6147343516349792,0.8415540472806949,0.6046520598343381,0.9166967868804932
242,2,18,0.2985673248767853,0.658449649810791,0.32763328114868273,0.6182900053656051,0.9531851410865784
242,2,19,0.8602305054664612,0.6168593168258667,0.811435759346752,0.6056354487684482,0.9230771064758301
242,2,20,0.3748645782470703,0.6543779969215393,0.39728103078634514,0.614617680412579,0.9569627046585083
242,2,21,0.8340387940406799,0.6011070013046265,0.7908018029312324,0.5889383478388971,0.9249680638313293
242,2,22,0.38943397998809814,0.6370493769645691,0.4104399770311682,0.5987712243765945,0.9532992243766785
242,2,23,0.6352161169052124,0.5719621777534485,0.5986781409207202,0.5199089668144778,0.9887962341308594
242,2,24,0.3820302486419678,0.5797797441482544,0.36224168062753687,0.5278170687930565,0.9909496903419495
242,2,25,0.6607421040534973,0.8194859027862549,0.6339601165014079,0.7642511520564316,0.8135085701942444
242,2,26,0.3733854293823242,0.8038749098777771,0.3929811645630308,0.764592617917789,0.9006413221359253
242,2,27,0.6629185080528259,0.9754112362861633,0.6021731725081962,0.9159153393818833,0.5235776901245117
242,2,28,0.3773435354232788,0.9530988931655884,0.39365416430998496,0.9354025773840086,0.7742390632629395
242,2,29,0.6507084965705872,1.0293697118759155,0.565337581867519,0.9343397613874581,0.45080000162124634
242,2,30,0.36582985520362854,0.9542235732078552,0.387124270678273,0.9428516610151008,0.5642374157905579
242,2,31,0.8129453063011169,1.0853493213653564,0.7170188669948775,1.015445008704931,0.4633917212486267
242,2,32,0.37539681792259216,1.076585054397583,0.4406711110086088,1.0403357780713804,0.6733137369155884
243,2,0,0.6916264295578003,0.17029790580272675,0.6972770750842202,0.1673217739275364,0.9999035000801086
243,2,1,0.7227799296379089,0.14425607025623322,0.7227046473892275,0.14123179445122236,0.9998508095741272
243,2,2,0.739319384098053,0.14455848932266235,0.7358024552466812,0.14071761372066743,0.9998360872268677
243,2,3,0.7563248872756958,0.14450864493846893,0.748434494640177,0.1400323375834866,0.9998271465301514
243,2,4,0.6624719500541687,0.14119161665439606,0.6736453907431815,0.13791727201357773,0.9998679757118225
243,2,5,0.6369392275810242,0.1385602056980133,0.6516127327397199,0.13477062979312426,0.9998639225959778
243,2,6,0.6127673983573914,0.13504204154014587,0.6289705360444338,0.13109650214719287,0.9998623132705688
243,2,7,0.760028600692749,0.13950733840465546,0.741346468940832,0.13386029172625571,0.9997814893722534
243,2,8,0.556761622428894,0.12896783649921417,0.5735769118970201,0.12222951026415137,0.9998782277107239
243,2,9,0.7119913697242737,0.1884714514017105,0.7032593683097331,0.184873783280263,0.9998629689216614
243,2,10,0.6449308395385742,0.18619729578495026,0.649582480864114,0.1824698126938031,0.9998934864997864
243,2,11,0.8226264119148254,0.24574390053749084,0.7915191593743311,0.22938755900346475,0.9996564984321594
243,2,12,0.3502557873725891,0.24023877084255219,0.3582703350996796,0.21767111645574147,0.9998555183410645
243,2,13,0.851432204246521,0.40559881925582886,0.8168990288232271,0.3942633052067965,0.9691815972328186
243,2,14,0.181854709982872,0.42994430661201477,0.20589021057885787,0.40118941214362847,0.9955690503120422
243,2,15,0.8797098994255066,0.5610032677650452,0.8388440645887194,0.5520135192897377,0.9582724571228027
243,2,16,0.2700836956501007,0.6066162586212158,0.31366235649586793,0.5732658282143838,0.9800810217857361
243,2,17,0.8974717259407043,0.6245913505554199,0.8531736880345459,0.6087913020087883,0.917137622833252
243,2,18,0.2647419273853302,0.6640533804893494,0.3145620234887084,0.627796929459453,0.955247163772583
243,2,19,0.8656590580940247,0.6258129477500916,0.822702784681379,0.609824168904741,0.9232113361358643
243,2,20,0.33697932958602905,0.659235954284668,0.38474889931877504,0.6238864271935064,0.9587191343307495
243,2,21,0.840405285358429,0.6090488433837891,0.8011075628022529,0.5931131514218215,0.9252580404281616
243,2,22,0.3518769443035126,0.640230119228363,0.39826976579233886,0.6073829093577129,0.9555537104606628
243,2,23,0.6408169269561768,0.5881157517433167,0.6074312092262422,0.5340870828063743,0.9898351430892944
243,2,24,0.3854500949382782,0.5926605463027954,0.3670600120111851,0.5412948141841287,0.9917905330657959
243,2,25,0.6600202918052673,0.819639265537262,0.6393709388514022,0.7757605891022795,0.822263777256012
243,2,26,0.34960290789604187,0.7945045232772827,0.38397033326457464,0.7708038307093534,0.9035558104515076
243,2,27,0.6610898971557617,0.9755867123603821,0.614417059911626,0.9283163305775106,0.5435315370559692
243,2,28,0.34414637088775635,0.950800359249115,0.38336831732872073,0.9385986443560533,0.7713235020637512
243,2,29,0.6542704701423645,0.9873706698417664,0.5838346240134437,0.9453587218959638,0.47214505076408386
243,2,30,0.33560484647750854,0.9584450721740723,0.37641988881421184,0.9460883513539003,0.5615648627281189
243,2,31,0.8170819282531738,1.0768616199493408,0.737837396607109,1.0282093116684627,0.47375428676605225
243,2,32,0.33285146951675415,1.060671329498291,0.4182342370120751,1.0445573379044795,0.6612619161605835
244,2,0,0.6929847598075867,0.1669394075870514,0.6963864068849746,0.16724244033446226,0.9999125003814697
244,2,1,0.7277708649635315,0.14171189069747925,0.7237559248849745,0.14133140533690863,0.999863862991333
244,2,2,0.7454744577407837,0.14180783927440643,0.737809722356365,0.14094381870370198,0.9998500943183899
244,2,3,0.7632770538330078,0.14164111018180847,0.7515152666692531,0.1403661378595899,0.9998412132263184
244,2,4,0.6646769046783447,0.13854724168777466,0.6717841624767702,0.1380479793443711,0.9998800754547119
244,2,5,0.6386150121688843,0.1358262598514557,0.6489150177835511,0.13498965654658582,0.9998764395713806
244,2,6,0.6151320338249207,0.13247783482074738,0.626098247494165,0.13138310969301947,0.999875009059906
244,2,7,0.770114004611969,0.1385086476802826,0.7473198518768868,0.13482484872698694,0.9997974038124084
244,2,8,0.5620228052139282,0.1273166537284851,0.5711789186204282,0.12328513078687196,0.9998897314071655
244,2,9,0.7166996002197266,0.1858426183462143,0.7060489608291756,0.18507480093812242,0.9998757839202881
244,2,10,0.6465798020362854,0.18250910937786102,0.6489594382624926,0.18247796591326235,0.9999038577079773
244,2,11,0.833217978477478,0.2570973038673401,0.800180728504287,0.23514113185408755,0.999679684638977
244,2,12,0.34952524304389954,0.2398187518119812,0.3564554789094332,0.22226908648137375,0.9998685121536255
244,2,13,0.8618824481964111,0.4251873195171356,0.8262437144314285,0.400684846013227,0.966119110584259
244,2,14,0.16818687319755554,0.4338080883026123,0.19805943743332968,0.407963189244294,0.9958134293556213
244,2,15,0.8901612758636475,0.5788612365722656,0.8495063787302493,0.5575879630936578,0.9568725228309631
244,2,16,0.23682314157485962,0.6100931167602539,0.2976860490533844,0.5809144762219124,0.9810636639595032
244,2,17,0.9073159694671631,0.6424248218536377,0.8644238542964088,0.6157760019233859,0.9159640073776245
244,2,18,0.21915887296199799,0.6645430326461792,0.29471578712823976,0.6354286995889225,0.9573724269866943
244,2,19,0.8746612071990967,0.6439275145530701,0.8334985200574634,0.6169065300317913,0.9217553734779358
244,2,20,0.29562118649482727,0.6642276644706726,0.3662113152612261,0.6322656984116677,0.9606096744537354
244,2,21,0.849985659122467,0.627671480178833,0.8112624125868092,0.6002900914456786,0.9243027567863464
244,2,22,0.31603845953941345,0.6457823514938354,0.381169805764477,0.6153584231343509,0.9579615592956543
244,2,23,0.6478051543235779,0.5970310568809509,0.6158172774459864,0.5471693269358644,0.9907786250114441
244,2,24,0.37962520122528076,0.59637451171875,0.3696679223408331,0.5527400746734528,0.9925691485404968
244,2,25,0.6448689699172974,0.8115395903587341,0.640511836056816,0.7831913096141505,0.8301345705986023
244,2,26,0.33621570467948914,0.7882122993469238,0.37404921177446226,0.7744174543533087,0.9070369601249695
244,2,27,0.6444239616394043,0.9558820128440857,0.6206480280452913,0.9340399975214786,0.564994752407074
244,2,28,0.29625892639160156,0.9346340298652649,0.3652515215637916,0.9377759829293619,0.7733628153800964
244,2,29,0.6045800447463989,0.9685685038566589,0.5881413383131102,0.9501773670539309,0.4956084191799164
244,2,30,0.2944539785385132,0.9476656913757324,0.3593752336585874,0.946415629665125,0.5656513571739197
244,2,31,0.8031474947929382,1.0498038530349731,0.7514124224175397,1.0326924077336124,0.48643946647644043
244,2,32,0.302805095911026,1.0062251091003418,0.39420879557789323,1.0365958157042037,0.6557195782661438
245,2,0,0.7024210691452026,0.16359403729438782,0.6976386773540015,0.1664853992601037,0.9999203085899353
245,2,1,0.7394035458564758,0.1363314986228943,0.7270038705405587,0.14029388946796356,0.9998751282691956
245,2,2,0.7572436928749084,0.13686247169971466,0.7418440147508175,0.14009693193149095,0.9998620748519897
245,2,3,0.7750502824783325,0.13750265538692474,0.7564014470423646,0.13977198013342262,0.9998529553413391
245,2,4,0.6754136085510254,0.13279756903648376,0.6725372693259797,0.1369584747026978,0.9998905062675476
245,2,5,0.6484531760215759,0.13040849566459656,0.6488191943587611,0.13403904442054274,0.9998873472213745
245,2,6,0.6251530647277832,0.1280154585838318,0.6259021373272828,0.13068432990712192,0.9998859763145447
245,2,7,0.7848791480064392,0.13628239929676056,0.7551206768953826,0.13512727107937986,0.9998104572296143
245,2,8,0.5723170042037964,0.1250062733888626,0.5714150540854325,0.12364224761621971,0.9998998045921326
245,2,9,0.7266649007797241,0.18318431079387665,0.7103287580081056,0.1846825446077818,0.9998870491981506
245,2,10,0.6554099917411804,0.1809593290090561,0.6502980269175274,0.18216286837042966,0.9999130964279175
245,2,11,0.8541094660758972,0.2631492018699646,0.8113864438970757,0.2409566965786534,0.9996992349624634
245,2,12,0.348609060049057,0.2383628785610199,0.3548271635445029,0.2256096869820483,0.9998798370361328
245,2,13,0.8737826943397522,0.4450703263282776,0.8361199803546548,0.409905158843425,0.962779700756073
245,2,14,0.15762591361999512,0.42840442061424255,0.18966098577506685,0.4122067030553393,0.9960052371025085
245,2,15,0.9008579850196838,0.6058816909790039,0.8601758506446994,0.5676212206070327,0.9560725092887878
245,2,16,0.19591106474399567,0.609259843826294,0.276510585969783,0.5868001388534226,0.9817232489585876
245,2,17,0.9165276885032654,0.6616695523262024,0.8752498466182587,0.6253099796600341,0.9156976342201233
245,2,18,0.17338281869888306,0.6614633798599243,0.2694574653872355,0.6408342242694295,0.9588584899902344
245,2,19,0.8835781812667847,0.662976086139679,0.8439033547914709,0.626477118228842,0.921217679977417
245,2,20,0.24680785834789276,0.6633411049842834,0.3413559929830416,0.6387187157508384,0.9619007706642151
245,2,21,0.8585214614868164,0.6459988355636597,0.8210804537902976,0.6097856303008183,0.9240233302116394
245,2,22,0.2748984396457672,0.6453222632408142,0.35905608317978616,0.6215804250048814,0.9597187042236328
245,2,23,0.6551212668418884,0.6009661555290222,0.6239808648150605,0.5583476158810022,0.9916440844535828
245,2,24,0.3744102716445923,0.5978740453720093,0.3706519863107065,0.562116095193341,0.993277907371521
245,2,25,0.6417235136032104,0.8156558871269226,0.6407632416029766,0.7899330596651833,0.8383814096450806
245,2,26,0.325124055147171,0.7918264269828796,0.36388457968801247,0.778031181520551,0.912183403968811
245,2,27,0.6235003471374512,0.9531465768814087,0.6212398711851134,0.9380063083397236,0.5867555141448975
245,2,28,0.2899147570133209,0.9348098039627075,0.3495882294572664,0.93716051477484,0.7786231637001038
245,2,29,0.5687729716300964,0.9681186676025391,0.5841206881674758,0.9539016624451778,0.5192107558250427
245,2,30,0.2815764248371124,0.9483153820037842,0.3431989617833032,0.9468098079747482,0.5709258913993835
245,2,31,0.8088092803955078,1.0534006357192993,0.7633400206304679,1.0369913927412517,0.5020569562911987
245,2,32,0.2873193025588989,1.037867546081543,0.3719659917976904,1.0368596815820486,0.6541109085083008
246,2,0,0.7053330540657043,0.1603526622056961,0.6992354332556825,0.16521277333349146,0.9999269247055054
246,2,1,0.7410399913787842,0.13409297168254852,0.7299171908603582,0.13900711269043392,0.9998844265937805
246,2,2,0.7575339078903198,0.134598508477211,0.7451007388302873,0.13895595464647448,0.9998719096183777
246,2,3,0.7793228626251221,0.13526086509227753,0.761160155784729,0.13883590464246726,0.999862790107727
246,2,4,0.6794903874397278,0.13047146797180176,0.6739801676990995,0.13561231987432837,0.9998992085456848
246,2,5,0.6530923843383789,0.12803928554058075,0.649705893239789,0.1327940178740042,0.9998964071273804
246,2,6,0.6297822594642639,0.12559986114501953,0.6267072647475014,0.12962926443145992,0.9998952150344849
246,2,7,0.8009013533592224,0.13739198446273804,0.7646311878393417,0.13559717946292968,0.999821662902832
246,2,8,0.5767214894294739,0.1231389194726944,0.5725161856442281,0.12353781646763291,0.9999085068702698
246,2,9,0.72740238904953,0.1813756376504898,0.7138728378891769,0.18399637022672694,0.9998970627784729
246,2,10,0.6579659581184387,0.17743679881095886,0.65188929362532,0.1811821831195323,0.9999212622642517
246,2,11,0.871809720993042,0.2718740403652191,0.8239438947004121,0.24737685556754005,0.999716579914093
246,2,12,0.3488256633281708,0.23789402842521667,0.35358177543838926,0.22815928849375255,0.9998895525932312
246,2,13,0.8788163661956787,0.45883843302726746,0.8449890104378248,0.42007147509187026,0.9611814618110657
246,2,14,0.14751076698303223,0.4248487055301666,0.18090554307854367,0.41483056409953706,0.9961520433425903
246,2,15,0.899474024772644,0.6248428821563721,0.8683382337297894,0.5795122323123137,0.9552724957466125
246,2,16,0.14747336506843567,0.6046337485313416,0.2496427344873034,0.5905020540773053,0.9820294976234436
246,2,17,0.9148691892623901,0.674614667892456,0.8834790126660985,0.6355535596623236,0.9150443077087402
246,2,18,0.12244542688131332,0.6575502753257751,0.23883178570497265,0.6443040488111469,0.9595587253570557
246,2,19,0.881962776184082,0.6758891344070435,0.8518081759230517,0.6367430275034229,0.9203863739967346
246,2,20,0.19074784219264984,0.6605082154273987,0.30997808058880616,0.6432422921039329,0.9624810814857483
246,2,21,0.8570204377174377,0.6583513617515564,0.8285446356160766,0.6198754796494138,0.923515260219574
246,2,22,0.21956925094127655,0.642341673374176,0.3300040932682796,0.6258904102083265,0.9608268141746521
246,2,23,0.6544697880744934,0.606925368309021,0.6303119901178786,0.5684399949047783,0.9923739433288574
246,2,24,0.35770130157470703,0.5978087186813354,0.3679640387406296,0.5695288610907862,0.9938849806785583
246,2,25,0.6172112226486206,0.8324161767959595,0.6358735326015779,0.7987577437348885,0.8426786661148071
246,2,26,0.3047400414943695,0.8073532581329346,0.35159331643495934,0.784119812007707,0.9135869741439819
246,2,27,0.5875550508499146,0.970492959022522,0.6142445169866542,0.9447526561919316,0.5880716443061829
246,2,28,0.235296830534935,0.9537026882171631,0.3258003717728558,0.9405942269841019,0.7649490833282471
246,2,29,0.5563348531723022,1.0254772901535034,0.5783513230539957,0.968781465357268,0.5163522362709045
246,2,30,0.228592187166214,0.9580181837081909,0.31934525718286305,0.9491360239600004,0.5525754690170288
246,2,31,0.7322767972946167,1.08995521068573,0.756889598722555,1.0479963485358035,0.4902099370956421
246,2,32,0.19853875041007996,1.0702102184295654,0.3358112104018596,1.0437855712794308,0.6283575892448425
247,2,0,0.7228500843048096,0.16321885585784912,0.7041381578770254,0.1647990557794928,0.9999321103096008
247,2,1,0.7610753178596497,0.13773413002490997,0.7363873911115967,0.1387429870210182,0.9998905658721924
247,2,2,0.7822810411453247,0.1380384862422943,0.7528227682969556,0.13876559496386093,0.9998779892921448
247,2,3,0.8021373152732849,0.13831159472465515,0.7696716518193416,0.13872712009482174,0.9998676776885986
247,2,4,0.6945682168006897,0.13353009521961212,0.6782541708648131,0.1351802784318448,0.9999054670333862
247,2,5,0.6697498559951782,0.13075299561023712,0.6538668833226998,0.13237052601561622,0.99990314245224
247,2,6,0.6440191268920898,0.12801465392112732,0.6303008181926941,0.12929425272991701,0.999902069568634
247,2,7,0.8170710802078247,0.14115269482135773,0.7755270922006617,0.13675000550919586,0.999826192855835
247,2,8,0.5897513031959534,0.12581826746463776,0.5760938010843262,0.12401099051257988,0.999915599822998
247,2,9,0.7402556538581848,0.18466994166374207,0.7193506906327513,0.1841361243127674,0.9999051094055176
247,2,10,0.6699219942092896,0.18148531019687653,0.6556325522235292,0.18124507595121483,0.99992835521698
247,2,11,0.8805212378501892,0.2762179672718048,0.8357008237631551,0.25336553088692576,0.9997268319129944
247,2,12,0.3464972674846649,0.23717550933361053,0.35211160544711484,0.23003042611375893,0.9998981952667236
247,2,13,0.8766210079193115,0.46030592918395996,0.8515577059778217,0.42842853346871496,0.9582095742225647
247,2,14,0.14301350712776184,0.4184034466743469,0.17303553295026483,0.4155719338096626,0.9962854385375977
247,2,15,0.8876557946205139,0.6220887303352356,0.8723483543102815,0.588356323260565,0.9534085392951965
247,2,16,0.11989359557628632,0.5966636538505554,0.22262606545332014,0.5917806715863201,0.9824410080909729
247,2,17,0.9062371850013733,0.6723819971084595,0.8882038173036264,0.6432024358548448,0.9129300117492676
247,2,18,0.08850595355033875,0.6494091153144836,0.20751284369118056,0.6453633901005335,0.9605270028114319
247,2,19,0.8753116726875305,0.6753774881362915,0.8566878169132198,0.6447673955110316,0.9182227849960327
247,2,20,0.1489582359790802,0.6521357893943787,0.2764212996441587,0.6450879556830104,0.963326096534729
247,2,21,0.8501672148704529,0.6572137475013733,0.8330335385801336,0.6276303518604789,0.921599805355072
247,2,22,0.17662553489208221,0.6345521211624146,0.29804650283096534,0.6276879596659706,0.9620338082313538
247,2,23,0.645317554473877,0.6091580986976624,0.6334266135198537,0.5768976406899868,0.993017315864563
247,2,24,0.34610453248023987,0.6007207036018372,0.36342592641101545,0.5760060830449545,0.9944274425506592
247,2,25,0.6047264337539673,0.8382679224014282,0.6294056280701962,0.8069642092045601,0.8491128087043762
247,2,26,0.3044687807559967,0.8196695446968079,0.34180325907998094,0.791502861817016,0.917181670665741
247,2,27,0.5740787386894226,0.9729591608047485,0.6059017595687283,0.9506094716521092,0.5992719531059265
247,2,28,0.2288201004266739,0.9618322849273682,0.30562511442867685,0.945003250454089,0.7630948424339294
247,2,29,0.5418652296066284,1.0304466485977173,0.5707736385487785,0.9815974936207233,0.525114119052887
247,2,30,0.2198682576417923,0.9678605198860168,0.29864917218845366,0.9530229617723065,0.5437749028205872
247,2,31,0.7164306640625,1.0908602476119995,0.7484859203832437,1.056900235692991,0.492898166179657
247,2,32,0.21995322406291962,1.080505609512329,0.31169608934950976,1.051411913466115,0.6172595620155334
248,2,0,0.7356737852096558,0.1612885296344757,0.7106868172847063,0.16407062688356064,0.9999373555183411
248,2,1,0.780052125453949,0.13610869646072388,0.7454578044291196,0.13819638891974587,0.9998980760574341
248,2,2,0.8026732206344604,0.13649503886699677,0.7631798991423216,0.1382944741243907,0.9998859167098999
248,2,3,0.82292640209198,0.1368442177772522,0.7807371128944939,0.13833643826090383,0.9998754262924194
248,2,4,0.7097631096839905,0.13200360536575317,0.6847972826518084,0.1345211296320143,0.9999122023582458
248,2,5,0.6834338307380676,0.1293790191411972,0.6600063940032062,0.13174980174820353,0.9999101161956787
248,2,6,0.6566424369812012,0.12673433125019073,0.6357701095483668,0.12876308683592094,0.9999091029167175
248,2,7,0.8399046063423157,0.14107312262058258,0.7889077881113077,0.13764706584124772,0.9998353719711304
248,2,8,0.604470431804657,0.12521430850028992,0.5819859513837049,0.12426066125702423,0.9999225735664368
248,2,9,0.7555825114250183,0.18289092183113098,0.7268755330298198,0.1838777628395714,0.9999133944511414
248,2,10,0.6812043190002441,0.1795385330915451,0.6609418879024279,0.18089098852739058,0.9999350309371948
248,2,11,0.9028788805007935,0.28408709168434143,0.8496646917990445,0.25974500095467135,0.9997442960739136
248,2,12,0.349136084318161,0.23917648196220398,0.3514941983715794,0.23192851503067066,0.9999061822891235
248,2,13,0.9051027894020081,0.4681837856769562,0.8626835896679742,0.4366859494255727,0.9574565291404724
248,2,14,0.13969460129737854,0.41673019528388977,0.1661116359541209,0.4158122558778219,0.9963987469673157
248,2,15,0.9159277677536011,0.6335771083831787,0.8814010328967227,0.5977503789142945,0.9540101885795593
248,2,16,0.1079147681593895,0.595004141330719,0.1987504411464857,0.5924495319005164,0.9830231666564941
248,2,17,0.9323520064353943,0.6834436058998108,0.897374792270853,0.6515608888044971,0.9147650003433228
248,2,18,0.07983514666557312,0.6463941335678101,0.18092890471189005,0.6455772533302215,0.9618489146232605
248,2,19,0.9043400287628174,0.6867108941078186,0.8665876443539288,0.6534798468031697,0.9198687672615051
248,2,20,0.13671967387199402,0.6492122411727905,0.2473242206562316,0.6459437539236011,0.9644990563392639
248,2,21,0.8809413909912109,0.6689112782478333,0.8429865434933962,0.6362050179944374,0.9230762720108032
248,2,22,0.16334456205368042,0.6325384974479675,0.2699946448069367,0.62869447698682,0.9634047746658325
248,2,23,0.645728588104248,0.6142774224281311,0.6359798764671359,0.5846611596810675,0.9936580657958984
248,2,24,0.343659907579422,0.6068563461303711,0.35932266631502163,0.5824123110989018,0.9949328303337097
248,2,25,0.6066486835479736,0.8593029975891113,0.6246810881547101,0.8178390870309207,0.8562341928482056
248,2,26,0.31257182359695435,0.8491727709770203,0.3357334642447708,0.8034871868339697,0.9209018349647522
248,2,27,0.5745940804481506,1.02875816822052,0.5994004854716917,0.9668586585395148,0.6083210110664368
248,2,28,0.2413179874420166,0.9675337672233582,0.2922590233310296,0.9496807554606581,0.7470532059669495
248,2,29,0.526027262210846,1.0563760995864868,0.5614782774285991,0.9971445282029918,0.5286887288093567
248,2,30,0.2268330603837967,0.9692022204399109,0.28371926652461826,0.9563813087651124,0.5233361124992371
248,2,31,0.7073414921760559,1.1225130558013916,0.7399396837229952,1.070538177157951,0.49489107728004456
248,2,32,0.25456663966178894,1.0884182453155518,0.29982415267929896,1.059097777408257,0.5957974195480347
249,2,0,0.7358989119529724,0.1599743515253067,0.7159214250521632,0.16322064216678744,0.9999424815177917
249,2,1,0.7804490327835083,0.13500992953777313,0.7527247460843498,0.1375352093168401,0.9999056458473206
249,2,2,0.8043128252029419,0.13540297746658325,0.7717237906650446,0.1376945031836167,0.9998939633369446
249,2,3,0.8254314661026001,0.13580761849880219,0.7900216763965717,0.1378117262002276,0.999883770942688
249,2,4,0.7103638052940369,0.13094983994960785,0.6901055292484402,0.1337800911654225,0.9999187588691711
249,2,5,0.6846383213996887,0.12832379341125488,0.6651204631406888,0.13103891185053196,0.9999168515205383
249,2,6,0.6572374105453491,0.12568025290966034,0.6402267508952096,0.12812341101389213,0.9999158978462219
249,2,7,0.8445481061935425,0.14136110246181488,0.8004697025056314,0.13841772710841654,0.9998454451560974
249,2,8,0.6071390509605408,0.12430976331233978,0.5872083009124347,0.12427084888484645,0.999928891658783
249,2,9,0.7559127807617188,0.1825992316007614,0.732904967414288,0.18361248589151358,0.9999211430549622
249,2,10,0.68122398853302,0.17881275713443756,0.6651523428408892,0.18045977571378038,0.9999411106109619
249,2,11,0.9099440574645996,0.28830698132514954,0.8621921971957346,0.2656756714352666,0.9997621774673462
249,2,12,0.35037872195243835,0.23850996792316437,0.3512627539956139,0.23329427283105103,0.9999136328697205
249,2,13,0.9123558402061462,0.47786638140678406,0.8730036562031176,0.4452397213493166,0.9576258659362793
249,2,14,0.13086570799350739,0.4149796664714813,0.1587917444411569,0.41563950772660085,0.996435284614563
249,2,15,0.9260793924331665,0.6482759118080139,0.8906822752731861,0.6082479674132883,0.9558606743812561
249,2,16,0.09114429354667664,0.592685878276825,0.1763580176008066,0.5924985690109527,0.983248770236969
249,2,17,0.9447686672210693,0.6999619603157043,0.907220879932884,0.6616164909073521,0.9184432029724121
249,2,18,0.06524857878684998,0.6453362703323364,0.15685087626624283,0.6455272542726774,0.9625236392021179
249,2,19,0.913862407207489,0.7025802731513977,0.876408954510503,0.6636809411761241,0.9232494235038757
249,2,20,0.12688729166984558,0.6488773226737976,0.2222528399350131,0.646552455711812,0.9650499224662781
249,2,21,0.8917446136474609,0.6835313439369202,0.853116422370024,0.646037044826099,0.9261884689331055
249,2,22,0.15132799744606018,0.6318610310554504,0.24529301459417888,0.6293515263442021,0.9641672968864441
249,2,23,0.6466873288154602,0.6190059781074524,0.6382020996974198,0.5917937392717738,0.9942514300346375
249,2,24,0.34017741680145264,0.6095460057258606,0.35534834057653436,0.5880461939704316,0.9954045414924622
249,2,25,0.6066833734512329,0.8664805889129639,0.6209450960671923,0.8279447190848203,0.8609307408332825
249,2,26,0.3176800310611725,0.8542475700378418,0.3319858952430115,0.8140336448878851,0.925056517124176
249,2,27,0.5378800630569458,0.9870408773422241,0.5866146573591691,0.9710483785620327,0.6169795989990234
249,2,28,0.24751660227775574,0.970937967300415,0.2829644283943978,0.9540937577807025,0.7445470690727234
249,2,29,0.47370436787605286,1.0381149053573608,0.5432229801356777,1.0056546461916978,0.537235677242279
249,2,30,0.2344510704278946,0.9705764055252075,0.27348322740289355,0.9593276396165945,0.5148985981941223
249,2,31,0.6747708320617676,1.106116771697998,0.7263942756127135,1.077927240435909,0.5027891993522644
249,2,32,0.27062270045280457,1.094211459159851,0.2937605477655235,1.0663901760094923,0.5906081199645996
250,2,0,0.7263558506965637,0.1582658588886261,0.7180869671454493,0.16219249109948827,0.9999469518661499
250,2,1,0.7703069448471069,0.13360799849033356,0.7563744453909953,0.13672030961734585,0.999911904335022
250,2,2,0.7929585576057434,0.13414451479911804,0.7761321325795673,0.13695788514856105,0.9999005198478699
250,2,3,0.8148585557937622,0.13472938537597656,0.7951783310315846,0.13717215269644933,0.9998904466629028
250,2,4,0.7016488313674927,0.12942089140415192,0.6925012787882172,0.13287554259483386,0.9999241828918457
250,2,5,0.6760245561599731,0.12681859731674194,0.6673835082382427,0.13016318579534128,0.999922513961792
250,2,6,0.6491347551345825,0.1241990178823471,0.6420754239228003,0.12730909606866225,0.9999216198921204
250,2,7,0.8352496027946472,0.14172488451004028,0.8076927218197865,0.13910395337676837,0.9998533129692078
250,2,8,0.6008485555648804,0.12289894372224808,0.5900394251961261,0.12398619746541012,0.999934196472168
250,2,9,0.7469803690910339,0.18231140077114105,0.7358264453210913,0.18334252917026594,0.9999278783798218
250,2,10,0.6725813746452332,0.17774981260299683,0.6666940227481537,0.17989747490151592,0.9999464750289917
250,2,11,0.9051048159599304,0.2936801612377167,0.8711062071708483,0.27149049410925863,0.9997767210006714
250,2,12,0.3466857075691223,0.23959295451641083,0.3503129957549679,0.23460134074161,0.9999203085899353
250,2,13,0.9083350300788879,0.4808718264102936,0.8803413147472114,0.4526398937578991,0.9586536884307861
250,2,14,0.11824409663677216,0.41434475779533386,0.15036955744454114,0.415370865657188,0.996399998664856
250,2,15,0.929848849773407,0.6574923992156982,0.8988172928218081,0.618479025411133,0.957564651966095
250,2,16,0.06761036068201065,0.5943570733070374,0.15372733256301116,0.5928841884289778,0.9831281304359436
250,2,17,0.9473096132278442,0.7129259705543518,0.9155476458208279,0.6722771892004847,0.921511709690094
250,2,18,0.03948147967457771,0.6488724946975708,0.13242014210944678,0.6462213837677357,0.962498664855957
250,2,19,0.9133639335632324,0.7148587703704834,0.8840841501676672,0.6743142481400412,0.9260929822921753
250,2,20,0.10294373333454132,0.6513174772262573,0.1974170046719412,0.6475412252508717,0.9649705290794373
250,2,21,0.8926362991333008,0.6942145228385925,0.8613249023506597,0.6560461354850806,0.9288628101348877
250,2,22,0.12743866443634033,0.6340324282646179,0.22076101212870614,0.6303228382978925,0.9643192291259766
250,2,23,0.6442146897315979,0.6186417937278748,0.6394497899050817,0.5973682698526392,0.9947457313537598
250,2,24,0.3352230191230774,0.610159695148468,0.3511704503610279,0.5926370758938984,0.9958149194717407
250,2,25,0.5956883430480957,0.8731788396835327,0.6157012112034611,0.837341559904007,0.8655739426612854
250,2,26,0.3153104782104492,0.8682408332824707,0.3285245100327696,0.8252973153262824,0.9296363592147827
250,2,27,0.5248769521713257,0.9825246334075928,0.5737835844172804,0.9734302135207852,0.6296601891517639
250,2,28,0.253272145986557,0.9936935305595398,0.2767988469855722,0.9623188416089998,0.7531731128692627
250,2,29,0.4648747444152832,0.9944111108779907,0.5269322473270777,1.0033211392845875,0.5499849319458008
250,2,30,0.23879972100257874,0.9884527921676636,0.26628022833670867,0.9653753406846382,0.5164619088172913
250,2,31,0.640004575252533,1.1065279245376587,0.7084275724369212,1.0838659657905187,0.5154901742935181
250,2,32,0.2797826826572418,1.1214097738265991,0.29085930449258524,1.0778229031132212,0.5974826216697693
251,2,0,0.7233216166496277,0.1564885675907135,0.7191732009386631,0.16100886388237068,0.9999512434005737
251,2,1,0.7695316672325134,0.1318417191505432,0.7591052776016878,0.13570797121338782,0.9999183416366577
251,2,2,0.7917081713676453,0.13284380733966827,0.7793652160745002,0.13610420598810427,0.9999074935913086
251,2,3,0.8129326701164246,0.13396112620830536,0.7988637816256062,0.1365058750647346,0.9998978972434998
251,2,4,0.7001849412918091,0.12679454684257507,0.694095811142424,0.13161365558307753,0.9999297261238098
251,2,5,0.6730070114135742,0.12407035380601883,0.6685504448605788,0.1288988422012691,0.9999281764030457
251,2,6,0.6470205187797546,0.12188882380723953,0.6431015643196974,0.1261843384547272,0.9999274611473083
251,2,7,0.8343474268913269,0.14061802625656128,0.8132270755470863,0.1394181038701305,0.9998629689216614
251,2,8,0.6006397008895874,0.12195587903261185,0.5922393972632111,0.12356492670153908,0.9999392032623291
251,2,9,0.7462562322616577,0.18084439635276794,0.7379910246464514,0.18282418488377833,0.9999343156814575
251,2,10,0.6672775745391846,0.1763220876455307,0.6668150990858773,0.17915558612916488,0.9999514818191528
251,2,11,0.9081489443778992,0.2982739210128784,0.8787996512210459,0.2770515893013838,0.9997890591621399
251,2,12,0.3422435522079468,0.24074681103229523,0.34863838752141163,0.23587660959766485,0.9999260306358337
251,2,13,0.9152362942695618,0.4822075366973877,0.8875882545574937,0.4587795550571681,0.9605045914649963
251,2,14,0.10648121684789658,0.4148462414741516,0.14125263161507826,0.4152620159566142,0.9962121248245239
251,2,15,0.9540625810623169,0.6634059548377991,0.9102969957540695,0.6278119667657088,0.9592041969299316
251,2,16,0.04387185350060463,0.5957770943641663,0.1308654034316703,0.5934844520185597,0.9822540283203125
251,2,17,0.9673538208007812,0.7239313125610352,0.9263116988381288,0.6830095997464617,0.9242247939109802
251,2,18,0.009967638179659843,0.6488548517227173,0.10692778062523418,0.6467678113542054,0.9610065817832947
251,2,19,0.9364446401596069,0.724287211894989,0.8949635422684288,0.6846968758348392,0.9286607503890991
251,2,20,0.08373379707336426,0.6521391868591309,0.17375593578136217,0.6484953243826429,0.9635483026504517
251,2,21,0.9162370562553406,0.6999692916870117,0.8727352774068764,0.6651703029642991,0.9312499165534973
251,2,22,0.10858951508998871,0.635164201259613,0.1974155678489965,0.6313274511123345,0.9631117582321167
251,2,23,0.6465182304382324,0.6175786256790161,0.6409166253607043,0.6015638283432123,0.99513179063797
251,2,24,0.3327886462211609,0.609028697013855,0.3473546868519957,0.5960395265312003,0.9961581230163574
251,2,25,0.5904039740562439,0.8797124624252319,0.610448914428648,0.8461429066849284,0.8707676529884338
251,2,26,0.3250501751899719,0.8818647861480713,0.32780359095144385,0.8370521935272549,0.9343205690383911
251,2,27,0.5190760493278503,0.9791291952133179,0.5624158014879269,0.9746128172755629,0.6417235136032104
251,2,28,0.2607731223106384,1.0315451622009277,0.2734723736414909,0.9767092657477876,0.7657318711280823
251,2,29,0.4624722898006439,0.9810167551040649,0.513534379861836,0.9986906236005124,0.5604819059371948
251,2,30,0.24747852981090546,1.0453059673309326,0.26237724369377147,0.9819958182505155,0.5208288431167603
251,2,31,0.6165388822555542,1.1002473831176758,0.6893143057385636,1.0872663004771845,0.5296334028244019
251,2,32,0.28278860449790955,1.1389292478561401,0.28918442682554496,1.0905225523167679,0.6110607385635376
252,2,0,0.7056042551994324,0.15450796484947205,0.716356883678627,0.1596598257415124,0.9999552369117737
252,2,1,0.750300943851471,0.1301584243774414,0.7572781253418603,0.13455638378150883,0.99992436170578
252,2,2,0.771925687789917,0.13163258135318756,0.7778213585975633,0.13517632600689194,0.9999139904975891
252,2,3,0.7926408052444458,0.1332048922777176,0.7975724276346998,0.1358209300938909,0.999904990196228
252,2,4,0.683010995388031,0.12408914417028427,0.6917952479008325,0.1300521577425314,0.9999351501464844
252,2,5,0.6565344333648682,0.12109044939279556,0.6660565552998341,0.12727842017295352,0.999933660030365
252,2,6,0.6313880681991577,0.11891935765743256,0.640670481152753,0.12467670961691243,0.9999331831932068
252,2,7,0.8169695138931274,0.14011721312999725,0.8140036317574021,0.13956315671290984,0.9998723864555359
252,2,8,0.5867242813110352,0.12112922221422195,0.5910949558504816,0.12305953672680955,0.9999438524246216
252,2,9,0.7281516790390015,0.17951849102973938,0.7359490191352759,0.18213826229334784,0.9999401569366455
252,2,10,0.6502076983451843,0.17534129321575165,0.6633678425893839,0.17836411948589706,0.9999560117721558
252,2,11,0.8941850662231445,0.3003900945186615,0.8819931541491779,0.28189694805302745,0.9997954368591309
252,2,12,0.33271604776382446,0.24371331930160522,0.3453333934451781,0.23750290957225703,0.9999310970306396
252,2,13,0.9083634614944458,0.4867244064807892,0.8919011390936031,0.46458198689153296,0.9620475172996521
252,2,14,0.10174485296010971,0.4186699688434601,0.13304667039914897,0.4159691592166702,0.9959231615066528
252,2,15,0.9594357013702393,0.6678664684295654,0.9205060640013064,0.6361316121619678,0.9597212076187134
252,2,16,0.04508335888385773,0.6016277074813843,0.11302519039070413,0.595174381908034,0.9810718894004822
252,2,17,0.9778734445571899,0.7306646704673767,0.937024894566376,0.6929100196645225,0.9249457120895386
252,2,18,0.012391393072903156,0.6555173397064209,0.08726213747691344,0.6485835884916482,0.958840548992157
252,2,19,0.9421223998069763,0.7322181463241577,0.9047607425445849,0.6945694621825991,0.9293413758277893
252,2,20,0.08276020735502243,0.6579257845878601,0.15482866636406234,0.6504524511991339,0.9615283012390137
252,2,21,0.920050859451294,0.7080137729644775,0.8825650793741162,0.6740699229132218,0.9320070147514343
252,2,22,0.10753627121448517,0.64055335521698,0.17872110598839897,0.6332421150464099,0.9613981246948242
252,2,23,0.6387984752655029,0.6222412586212158,0.6404771294958987,0.605856403208171,0.9953909516334534
252,2,24,0.32396724820137024,0.6147185564041138,0.3424991641469088,0.5999170244516872,0.9964402318000793
252,2,25,0.5766314268112183,0.8752549290657043,0.6034259634343444,0.8521878876207564,0.8705556988716125
252,2,26,0.33731013536453247,0.8990646600723267,0.329776509843218,0.8499404927976758,0.9355564713478088
252,2,27,0.5034894943237305,0.9699876308441162,0.5501699637397248,0.973653070012315,0.6285238862037659
252,2,28,0.2751430571079254,1.0523110628128052,0.27381901942903664,0.9924277622896303,0.7565556764602661
252,2,29,0.45353829860687256,0.9759075045585632,0.5010658484925103,0.9939606543967313,0.547869086265564
252,2,30,0.2689390778541565,1.0671780109405518,0.2637389253320755,0.9997108645992242,0.5026368498802185
252,2,31,0.5796173810958862,1.1011466979980469,0.6664856317221978,1.0901472917117003,0.518973708152771
252,2,32,0.30413374304771423,1.1543718576431274,0.29228735432329395,1.1037932752500816,0.5980241894721985
253,2,0,0.7049744725227356,0.15340222418308258,0.7139945374387677,0.15836128435614993,0.9999578595161438
253,2,1,0.7497813105583191,0.12915079295635223,0.7557223768683715,0.13343467314953114,0.999927818775177
253,2,2,0.7711296677589417,0.13073141872882843,0.7764327215146963,0.1342539906683845,0.9999175071716309
253,2,3,0.792117714881897,0.13249245285987854,0.7964405228600315,0.13513027957885895,0.9999087452888489
253,2,4,0.6823894381523132,0.12305155396461487,0.6898432390843207,0.12859940301360567,0.9999386668205261
253,2,5,0.6549235582351685,0.12010922282934189,0.6637459891420004,0.12579067223870943,0.9999372959136963
253,2,6,0.6299638748168945,0.11805687099695206,0.6384484351123101,0.12330298515705222,0.999937117099762
253,2,7,0.8163983225822449,0.14216600358486176,0.8145005116412996,0.1401032299393749,0.999876856803894
253,2,8,0.5853103995323181,0.12190337479114532,0.5898945939156179,0.1228196504830157,0.999947190284729
253,2,9,0.7280494570732117,0.18061737716197968,0.7343096736808551,0.18182269827505346,0.999944806098938
253,2,10,0.6479413509368896,0.1748712956905365,0.6601658157146777,0.17763936419450785,0.9999598264694214
253,2,11,0.8979450464248657,0.3080351948738098,0.8853042896941252,0.28732398651435126,0.9997909665107727
253,2,12,0.32562410831451416,0.2520385682582855,0.3412419167539791,0.24051995556534572,0.9999347925186157
253,2,13,0.913752555847168,0.49783748388290405,0.8964375761915659,0.4714881255482955,0.9623727798461914
253,2,14,0.09440314024686813,0.43188977241516113,0.12502040891974886,0.4192737953381224,0.9956066012382507
253,2,15,0.9724716544151306,0.6774827837944031,0.9313032885094011,0.6447208935736369,0.9578006863594055
253,2,16,0.0496625155210495,0.6129892468452454,0.09985570542832095,0.598872400648029,0.9788891673088074
253,2,17,1.025185465812683,0.7596079111099243,0.9553608549311572,0.706773892347476,0.9218283891677856
253,2,18,0.021791869774460793,0.6671929955482483,0.07365378884577896,0.6524466234321797,0.9547722339630127
253,2,19,0.9507212042808533,0.7386513352394104,0.9143086621870066,0.7037266431725601,0.926507830619812
253,2,20,0.08696459233760834,0.6696255207061768,0.1407218203404638,0.6544325560785683,0.9578226804733276
253,2,21,0.9251499772071838,0.7148615717887878,0.8914109290765274,0.6825428513546051,0.9295549392700195
253,2,22,0.11185364425182343,0.6518657207489014,0.1648218148488756,0.6371080989811722,0.9580186009407043
253,2,23,0.6399149298667908,0.6352065801620483,0.6403604834603657,0.6119508725222045,0.995590329170227
253,2,24,0.32307425141334534,0.6268505454063416,0.3384667518529591,0.6055093089574661,0.9966853260993958
253,2,25,0.5811864733695984,0.8827849626541138,0.5988089148132237,0.8585414921325804,0.8656088709831238
253,2,26,0.36682379245758057,0.9156774878501892,0.3374708798399668,0.8636042809390623,0.9359289407730103
253,2,27,0.49626314640045166,0.9725084900856018,0.5389688025228415,0.9734155872190786,0.6070910692214966
253,2,28,0.29948684573173523,1.0660898685455322,0.2791483027451045,1.0077421665746338,0.7334933280944824
253,2,29,0.44343069195747375,0.9789080619812012,0.48908874681426934,0.9908362734417876,0.5284032821655273
253,2,30,0.2887306809425354,1.0774661302566528,0.2689277418039524,1.0158780669489607,0.47580844163894653
253,2,31,0.5813371539115906,1.1069145202636719,0.6487775892668896,1.093627744822966,0.5008359551429749
253,2,32,0.36751487851142883,1.1681857109069824,0.30792780521158275,1.117177089818335,0.5733027458190918
254,2,0,0.6940267086029053,0.15351761877536774,0.7098493604306867,0.15735619406219947,0.999957799911499
254,2,1,0.7397045493125916,0.1291341632604599,0.7523975546639025,0.1325423043820545,0.9999253153800964
254,2,2,0.7614954113960266,0.13072991371154785,0.7733322752359844,0.13352274976025044,0.9999133348464966
254,2,3,0.7821719646453857,0.13250137865543365,0.7934789402755,0.13458479990213634,0.9999036192893982
254,2,4,0.6715299487113953,0.12305169552564621,0.6860417059039029,0.12744819732335738,0.9999383091926575
254,2,5,0.6444590091705322,0.1201172024011612,0.6597422265193708,0.12461336549547465,0.9999371767044067
254,2,6,0.6196075677871704,0.11809384822845459,0.6345373285526039,0.12222204641560272,0.9999378323554993
254,2,7,0.805536687374115,0.14337924122810364,0.8126402530348859,0.14078299289760443,0.9998673796653748
254,2,8,0.5749614834785461,0.12327465415000916,0.5867950188511757,0.12291405508447295,0.9999483823776245
254,2,9,0.7191962599754333,0.18140122294425964,0.731172658892427,0.18173525024465706,0.9999469518661499
254,2,10,0.6358292698860168,0.17491698265075684,0.6551131150604068,0.17707448644730162,0.9999625086784363
254,2,11,0.8910839557647705,0.31245821714401245,0.8865036382100422,0.2925424182806413,0.9997553825378418
254,2,12,0.31345391273498535,0.2587868273258209,0.3354720815870183,0.2443118490330926,0.999937891960144
254,2,13,0.9135536551475525,0.5007216334342957,0.8999904742744834,0.47755834787003293,0.9588464498519897
254,2,14,0.0856490507721901,0.4396165907382965,0.11684281328282686,0.42349685770271533,0.9952735900878906
254,2,15,0.9841674566268921,0.6785333752632141,0.9422874893975679,0.6517428117681233,0.9480893611907959
254,2,16,0.05062919482588768,0.6206417679786682,0.08962831733433368,0.6033917902587125,0.9768046736717224
254,2,17,1.018464207649231,0.7493020296096802,0.9684762814293945,0.7156079391801489,0.9075625538825989
254,2,18,0.021531715989112854,0.6775689721107483,0.06282393276057593,0.6576625852674717,0.9505672454833984
254,2,19,0.9609301686286926,0.7464845776557922,0.9239940851414989,0.712608476825368,0.913188099861145
254,2,20,0.08770490437746048,0.6795166730880737,0.12970576166183467,0.6596405747992896,0.9539161324501038
254,2,21,0.9273940920829773,0.7192962765693665,0.8988840875447349,0.6901761409439393,0.9177907109260559
254,2,22,0.11375629156827927,0.6601476073265076,0.1542118000535181,0.6418913416518107,0.9543540477752686
254,2,23,0.6315006613731384,0.6495457291603088,0.6385218126375609,0.6197590979458337,0.9956507682800293
254,2,24,0.3162692189216614,0.6360790729522705,0.3338584193830787,0.6118572335263612,0.9968827962875366
254,2,25,0.5693360567092896,0.9023577570915222,0.5926889549942304,0.867643430798381,0.8498227596282959
254,2,26,0.3753169775009155,0.926472544670105,0.3453313318810427,0.8766707584949386,0.9331518411636353
254,2,27,0.4424484074115753,0.9952210187911987,0.5188895210482232,0.9779424714581908,0.5845601558685303
254,2,28,0.3311087191104889,1.0876628160476685,0.28994441749676964,1.0243605981006372,0.7116007804870605
254,2,29,0.38767048716545105,0.9904837012290955,0.4679877002340995,0.9907631217104362,0.5109102129936218
254,2,30,0.32746148109436035,1.1028987169265747,0.28109183559411777,1.0339763920382434,0.4555409848690033
254,2,31,0.5246310234069824,1.1376734972000122,0.622931522821012,1.1027774116545834,0.48094442486763
254,2,32,0.3863256573677063,1.1874592304229736,0.3242288431107391,1.1317874400377117,0.5517666339874268
255,2,0,0.6701310276985168,0.15710532665252686,0.7015996266324867,0.15730414414094382,0.9999558329582214
255,2,1,0.7133490443229675,0.13132469356060028,0.7442870979920196,0.13228966798070915,0.9999198317527771
255,2,2,0.7367716431617737,0.13247527182102203,0.7657390777496151,0.13330541446103505,0.999906599521637
255,2,3,0.7600580453872681,0.13393306732177734,0.7865384295550492,0.13444957705780175,0.9998962879180908
255,2,4,0.6419112086296082,0.1262696385383606,0.6768744240310061,0.12720366390948873,0.9999338388442993
255,2,5,0.6131553649902344,0.12351173907518387,0.6500640253329723,0.12438479488872038,0.9999327063560486
255,2,6,0.5867188572883606,0.12153657525777817,0.6246029286956268,0.12207982328668154,0.9999338984489441
255,2,7,0.785851240158081,0.14540314674377441,0.8070780034817537,0.14174169718066704,0.99985671043396
255,2,8,0.5422126650810242,0.1282813847064972,0.5775337570153752,0.12402782494447684,0.9999454617500305
255,2,9,0.6968463063240051,0.18585243821144104,0.7240439324440323,0.18258957479455395,0.9999480247497559
255,2,10,0.6060305833816528,0.17960715293884277,0.6449157479205873,0.1775999966939076,0.9999639391899109
255,2,11,0.8778374791145325,0.3206176161766052,0.8847051690052627,0.298371934046722,0.999739944934845
255,2,12,0.2822168469429016,0.26698827743530273,0.3244065211397634,0.2490196648771343,0.9999356865882874
255,2,13,0.9095659852027893,0.5148761868476868,0.9019777125740519,0.4853089776503347,0.9577596783638
255,2,14,0.06942792236804962,0.4555697441101074,0.1069923575119469,0.43015718377842166,0.9941341876983643
255,2,15,0.9704611897468567,0.6944783329963684,0.9481374815185143,0.6606199824534292,0.942458987236023
255,2,16,0.030757566913962364,0.6367095112800598,0.07739398531516314,0.6103108592426767,0.9694162607192993
255,2,17,1.024916648864746,0.7743313312530518,0.9802047179725671,0.7278115492528884,0.8980669379234314
255,2,18,-0.00497417664155364,0.7010800242424011,0.04873086195455752,0.6666815681684674,0.9379783868789673
255,2,19,0.9492061138153076,0.7599338293075562,0.9292286865485755,0.7224403093214855,0.904699444770813
255,2,20,0.07661782950162888,0.7001296281814575,0.11867493952501354,0.6680505733682314,0.9422969222068787
255,2,21,0.9151114225387573,0.7343606948852539,0.9022524223277429,0.6993546762648428,0.9097951054573059
255,2,22,0.10284557938575745,0.6789796948432922,0.1435392330617045,0.649594256629821,0.9435237050056458
255,2,23,0.6178138852119446,0.6673786640167236,0.6342229090944167,0.6296521297977957,0.9954077005386353
255,2,24,0.2927168607711792,0.651203989982605,0.32531273550516243,0.6200297112799389,0.9968900084495544
255,2,25,0.5239759087562561,0.9253424406051636,0.5784054313512008,0.8796338158190152,0.818027138710022
255,2,26,0.36726051568984985,0.9500900506973267,0.3498839191449692,0.8919345891630025,0.9173651337623596
255,2,27,0.3628077507019043,1.0799567699432373,0.4863663742201882,0.9991678521040267,0.5530024170875549
255,2,28,0.3252069056034088,1.124019980430603,0.2972677402880715,1.0450947067018672,0.6789966821670532
255,2,29,0.31317389011383057,1.0965349674224854,0.4357298644783454,1.0127725850656464,0.4890507757663727
255,2,30,0.32548603415489197,1.1414215564727783,0.2903139567034872,1.0563351284969547,0.4302157759666443
255,2,31,0.41667190194129944,1.1773208379745483,0.5798934270191656,1.1182754098812568,0.4538028836250305
255,2,32,0.37222030758857727,1.2274044752120972,0.3341992260766304,1.151678318608637,0.5224900841712952
256,2,0,0.6444803476333618,0.1608712524175644,0.6897299171362562,0.15804431482610046,0.9999540448188782
256,2,1,0.6890177726745605,0.1342111974954605,0.732802406343767,0.1326883649270099,0.999914824962616
256,2,2,0.7104105353355408,0.13486240804195404,0.754242063445963,0.1336284708246037,0.999900758266449
256,2,3,0.7344768047332764,0.13580374419689178,0.7757212406435138,0.13473054794133207,0.9998900890350342
256,2,4,0.6138402819633484,0.13041123747825623,0.6637734367087899,0.12786922496380965,0.9999292492866516
256,2,5,0.5843209624290466,0.12808333337306976,0.636398996500054,0.12515223996963726,0.9999282360076904
256,2,6,0.5595521926879883,0.12621408700942993,0.6110820609130896,0.12293769148802391,0.9999297261238098
256,2,7,0.7610454559326172,0.14781790971755981,0.7975151083995786,0.14300259139884855,0.9998449087142944
256,2,8,0.5150919556617737,0.13363569974899292,0.5645560933721783,0.1260217801166023,0.9999417066574097
256,2,9,0.6759782433509827,0.19014954566955566,0.7140581039292873,0.18415843270045187,0.9999485611915588
256,2,10,0.579675018787384,0.18412086367607117,0.6313553181912539,0.1789531791723303,0.9999650120735168
256,2,11,0.8656384348869324,0.3260332942008972,0.88074715382589,0.30411545534417606,0.9997318387031555
256,2,12,0.2609895169734955,0.2755979895591736,0.31122581664515175,0.25453814138794517,0.999932050704956
256,2,13,0.9007935523986816,0.5185601711273193,0.9017320170760955,0.4922142220402279,0.9564732909202576
256,2,14,0.05979191139340401,0.46297264099121094,0.09718650942823567,0.43697185409278066,0.9929223656654358
256,2,15,0.9692533612251282,0.6955426335334778,0.9525211315625511,0.6678726740394298,0.9381174445152283
256,2,16,0.03970648720860481,0.6470183730125427,0.069566466860109,0.6179345979483597,0.9609084725379944
256,2,17,1.0088412761688232,0.7643545866012573,0.9861508988407258,0.735401104813387,0.8909319043159485
256,2,18,0.006756642367690802,0.7107526063919067,0.0400119704637921,0.6758364885337886,0.9241213798522949
256,2,19,0.949346661567688,0.7629292607307434,0.9334050562011837,0.7308502959779206,0.8983122110366821
256,2,20,0.08474951982498169,0.7099283337593079,0.11162951147654188,0.676749355642359,0.9293578863143921
256,2,21,0.9140841960906982,0.7365173697471619,0.9047080645403321,0.7070730538999462,0.9036809206008911
256,2,22,0.10883591324090958,0.6884640455245972,0.13633210337510243,0.6576675575670395,0.9313846230506897
256,2,23,0.6092716455459595,0.677384614944458,0.6290424945476638,0.6395686531314265,0.9953722953796387
256,2,24,0.2826456129550934,0.6622594594955444,0.31644979567196213,0.6288016960130094,0.9969658255577087
256,2,25,0.503099262714386,0.9281606674194336,0.5627485284605361,0.8897155954273219,0.7909101247787476
256,2,26,0.3610185384750366,0.9547552466392517,0.35219482256580864,0.9049911615778619,0.9054979085922241
256,2,27,0.3512052297592163,1.0852184295654297,0.4582185903988566,1.0170639399041528,0.5265184044837952
256,2,28,0.3271080553531647,1.1292753219604492,0.30346406001004594,1.0626010206522887,0.651861310005188
256,2,29,0.3038717210292816,1.1016582250595093,0.4082724221757853,1.0312597320915717,0.47018590569496155
256,2,30,0.3281618356704712,1.1440479755401611,0.2981747784165788,1.0745777950392548,0.40739232301712036
256,2,31,0.4030398726463318,1.1788102388381958,0.5430207122352878,1.1308560940139523,0.4315577447414398
256,2,32,0.3776222765445709,1.237552523612976,0.3432193738808038,1.1695376580041175,0.4983057379722595
257,2,0,0.6206998825073242,0.16102978587150574,0.6753803703712861,0.1586637865364664,0.9999378323554993
257,2,1,0.6673458814620972,0.13470327854156494,0.7191970403777626,0.13310643916187587,0.9998850226402283
257,2,2,0.6880292892456055,0.13542844355106354,0.7404792227632063,0.13400194477854602,0.9998705983161926
257,2,3,0.7094562649726868,0.13634483516216278,0.7619475314496388,0.1350654925388413,0.9998579025268555
257,2,4,0.5894877314567566,0.13060960173606873,0.6483291350713243,0.12843783687299376,0.9998998045921326
257,2,5,0.5600575804710388,0.12824802100658417,0.6205264040372688,0.1257946024602351,0.9998990893363953
257,2,6,0.5370376110076904,0.12648427486419678,0.5956880177055619,0.1236736028721566,0.9998983144760132
257,2,7,0.7380852699279785,0.14767573773860931,0.7851644677860022,0.14397229330923783,0.999796450138092
257,2,8,0.49515971541404724,0.13456839323043823,0.5501302457817804,0.1277954360589605,0.9999163150787354
257,2,9,0.6573474407196045,0.18990470468997955,0.7022734375002593,0.18535084903928986,0.9999395608901978
257,2,10,0.5560538172721863,0.18411017954349518,0.6156993880062411,0.18002329757444896,0.9999589920043945
257,2,11,0.8547312617301941,0.32875123620033264,0.8753455434933395,0.3092303274995828,0.9997122287750244
257,2,12,0.2527139186859131,0.2793809771537781,0.29906623568400886,0.2596960304107742,0.9999108910560608
257,2,13,0.8983631730079651,0.5297282338142395,0.9010329901252896,0.500005638048093,0.9550037980079651
257,2,14,0.05303031951189041,0.4685601592063904,0.08801387174032703,0.44353146460880566,0.9898260235786438
257,2,15,0.973179817199707,0.713758111000061,0.9568098130762229,0.6774049839138496,0.9339476823806763
257,2,16,0.039162684231996536,0.659814178943634,0.06325301614400405,0.6266337588865525,0.9407545328140259
257,2,17,1.0085307359695435,0.7815767526626587,0.9907971111997168,0.7449937854855421,0.884194016456604
257,2,18,0.003927608486264944,0.7246743440628052,0.03251774614476563,0.685982959955817,0.895287275314331
257,2,19,0.9523122906684875,0.7849336266517639,0.9373299514139982,0.7420881907603175,0.8926147222518921
257,2,20,0.08194779604673386,0.7249683737754822,0.10546611873702194,0.6867670870469348,0.9021281003952026
257,2,21,0.9157674908638,0.7589053511619568,0.9070033593521504,0.7178425392459108,0.8976631164550781
257,2,22,0.10887239128351212,0.7026447057723999,0.13063045965518352,0.6670109390239235,0.9056954979896545
257,2,23,0.6021447777748108,0.6887823343276978,0.6234576542034505,0.6497933167976528,0.9951028823852539
257,2,24,0.2743303179740906,0.6767705082893372,0.30770074470456865,0.6387673799240557,0.996844470500946
257,2,25,0.5037639141082764,0.944023847579956,0.5504905435712383,0.9010002986523099,0.7624563574790955
257,2,26,0.35762229561805725,0.9727135896682739,0.35332107475145635,0.9190684137800922,0.8921095728874207
257,2,27,0.37488067150115967,1.1187556982040405,0.4408878614559049,1.0382220699959968,0.5003265142440796
257,2,28,0.3227325677871704,1.155604600906372,0.30746398540749875,1.0819468737418667,0.6226398944854736
257,2,29,0.3217001259326935,1.1378812789916992,0.390267474449547,1.0534465744149275,0.4504268765449524
257,2,30,0.3210547864437103,1.1700905561447144,0.30292488495612074,1.0944469711099951,0.3837018609046936
257,2,31,0.4430733621120453,1.2120537757873535,0.5222263079364571,1.1477406566453825,0.40910351276397705
257,2,32,0.3717077970504761,1.2644401788711548,0.34913475804425476,1.1892795384973607,0.4730410873889923
258,2,0,0.6132723093032837,0.16443246603012085,0.6624721755979108,0.1598608534082736,0.9999265670776367
258,2,1,0.6595771908760071,0.13691845536231995,0.7068068334449821,0.13389743330816792,0.999863862991333
258,2,2,0.6801460981369019,0.1375603824853897,0.7279405370033931,0.1347403161650964,0.9998508095741272
258,2,3,0.7023733258247375,0.13850151002407074,0.7495668276191787,0.13577845947268,0.9998357892036438
258,2,4,0.5806719064712524,0.13356226682662964,0.6342654788641199,0.12950119568569776,0.9998778104782104
258,2,5,0.5510619282722473,0.13178151845932007,0.6060863613727492,0.12703696338688258,0.9998780488967896
258,2,6,0.527610719203949,0.13066793978214264,0.581536878139757,0.1251250567901378,0.9998733401298523
258,2,7,0.7318238615989685,0.1505916565656662,0.7740811384461298,0.14534591907858957,0.9997689127922058
258,2,8,0.48495692014694214,0.14018751680850983,0.5365838378579182,0.13036740480290093,0.9998981356620789
258,2,9,0.6510359048843384,0.19481882452964783,0.6916277076346942,0.18731576283956128,0.9999339580535889
258,2,10,0.5478185415267944,0.18916255235671997,0.6015891601129757,0.1819199738787637,0.9999542832374573
258,2,11,0.8588221073150635,0.33496442437171936,0.8719157244470587,0.3145733934964324,0.9996976256370544
258,2,12,0.2470296323299408,0.29072305560112,0.28825423683733115,0.26613898523747676,0.9998802542686462
258,2,13,0.9086166024208069,0.537654459476471,0.9026067557833134,0.5078250826029803,0.9555249214172363
258,2,14,0.0486462377011776,0.4799966812133789,0.07983704816424095,0.45110483121491596,0.987375020980835
258,2,15,0.987665593624115,0.7179046273231506,0.9632171824965066,0.6858171922974468,0.933297336101532
258,2,16,0.04036662355065346,0.6740149259567261,0.05850156667699946,0.6364771954022338,0.9236292243003845
258,2,17,1.0117086172103882,0.7830951809883118,0.9951383100729478,0.7529073321700657,0.8820300698280334
258,2,18,0.007005210500210524,0.738990068435669,0.02722069417510746,0.6969968966216818,0.8692296147346497
258,2,19,0.9652586579322815,0.7874149680137634,0.9431290290891642,0.7515043027068287,0.8911750316619873
258,2,20,0.08234097808599472,0.7451002597808838,0.10066506830915067,0.6988894640717679,0.8778639435768127
258,2,21,0.9353735446929932,0.7630041837692261,0.9128941756669128,0.7272243021051591,0.8956037163734436
258,2,22,0.10882958769798279,0.7209574580192566,0.1261045094652766,0.6782203569120477,0.8827463388442993
258,2,23,0.6174113154411316,0.7014591693878174,0.6222029600333125,0.6605281719600667,0.9947590827941895
258,2,24,0.2763337790966034,0.6918255090713501,0.30118713492456556,0.6497919350921681,0.9965775609016418
258,2,25,0.5516920685768127,0.9498745799064636,0.5507398418044435,0.9111543581979509,0.7498352527618408
258,2,26,0.3695158064365387,0.9810271263122559,0.35668263452386023,0.9319455370793691,0.8808114528656006
258,2,27,0.40902912616729736,1.145664930343628,0.43427200013831574,1.0605803413510448,0.48496758937835693
258,2,28,0.33785155415534973,1.1827741861343384,0.31377403923571534,1.102924681982879,0.5973935127258301
258,2,29,0.37604260444641113,1.164948582649231,0.3873149403612743,1.0766521304775438,0.43862414360046387
258,2,30,0.35210099816322327,1.1961414813995361,0.3131417208626081,1.1156057219629092,0.3627316951751709
258,2,31,0.4640483558177948,1.2441672086715698,0.5101361030116498,1.1678003881472507,0.3941626250743866
258,2,32,0.372408926486969,1.291479229927063,0.3539667505300225,1.210543677989986,0.4508936405181885
259,2,0,0.6061927676200867,0.1652345508337021,0.6507772503461073,0.1609759448349607,0.9998806715011597
259,2,1,0.651687741279602,0.1373068243265152,0.6953533916078848,0.13460487478250496,0.9997841715812683
259,2,2,0.6718384623527527,0.13792315125465393,0.7162825212875822,0.13540074362817603,0.9997768998146057
259,2,3,0.6934722065925598,0.1388646513223648,0.7379103642653873,0.13641883208345504,0.999757707118988
259,2,4,0.572860062122345,0.13415461778640747,0.621503556681217,0.1304668041748287,0.9998019337654114
259,2,5,0.5428513288497925,0.13253535330295563,0.5929435247152027,0.12817793357685153,0.9998054504394531
259,2,6,0.5185088515281677,0.13162371516227722,0.568437141366636,0.12647362982101057,0.9997889399528503
259,2,7,0.7211126089096069,0.15082061290740967,0.763075229991903,0.14648197137478783,0.9996721148490906
259,2,8,0.47474977374076843,0.1413537710905075,0.5237326797923995,0.13264752991558848,0.9998266100883484
259,2,9,0.6434304118156433,0.1959429532289505,0.6816144910493968,0.18910614475524107,0.9999051690101624
259,2,10,0.5407617688179016,0.19050608575344086,0.5889475690339052,0.18370182883136432,0.9999306201934814
259,2,11,0.8572786450386047,0.3378758132457733,0.8688776200049679,0.31941125557575056,0.9996123313903809
259,2,12,0.23867541551589966,0.2987881898880005,0.27795360464125435,0.2729190997132438,0.9997760653495789
259,2,13,0.904621958732605,0.5434998869895935,0.9030248901935307,0.5152341320091217,0.9551700949668884
259,2,14,0.05254867672920227,0.49721089005470276,0.07417102691367142,0.4606830265770861,0.9814906120300293
259,2,15,0.9829705953598022,0.72409588098526,0.9673178284904281,0.6937675976826412,0.9248953461647034
259,2,16,0.04432469978928566,0.6913413405418396,0.055559013334953854,0.6478775741967653,0.8838930130004883
259,2,17,0.9990919232368469,0.7922495007514954,0.9959586900802138,0.7610788623921365,0.8681220412254333
259,2,18,0.02017541229724884,0.7512926459312439,0.025758660983258568,0.7082789934565065,0.8221465945243835
259,2,19,0.9599925875663757,0.7967265248298645,0.946629485429902,0.7608986674474274,0.8789399862289429
259,2,20,0.08355815708637238,0.7570154070854187,0.09711406551268797,0.710968711337531,0.8327639698982239
259,2,21,0.9278088212013245,0.770050585269928,0.9159899189985337,0.736120350535247,0.8833214640617371
259,2,22,0.11052389442920685,0.7374938130378723,0.12287046771078486,0.6905384581602773,0.8401206135749817
259,2,23,0.6302518248558044,0.7125269770622253,0.6238732963914724,0.6713323068252788,0.9929397702217102
259,2,24,0.2739807963371277,0.7065926194190979,0.29553816232765684,0.6615953479821656,0.9952594637870789
259,2,25,0.5998331904411316,0.9556983709335327,0.5609394428382602,0.920407661924028,0.7363585233688354
259,2,26,0.37606188654899597,0.9877795577049255,0.3607055626838924,0.943547783091389,0.865370512008667
259,2,27,0.507092297077179,1.181673526763916,0.4494109255690418,1.0857886540530814,0.4672817289829254
259,2,28,0.34568601846694946,1.212508201599121,0.3204009204452184,1.1257297845953875,0.5658678412437439
259,2,29,0.4806370437145233,1.206741213798523,0.40672702641120523,1.103739851503381,0.42177820205688477
259,2,30,0.35613200068473816,1.2299059629440308,0.32207186725441983,1.1393955034150691,0.3410739004611969
259,2,31,0.5352285504341125,1.2753247022628784,0.5153457977224718,1.1901756501944583,0.3752160966396332
259,2,32,0.3834042251110077,1.3171693086624146,0.3600793577198375,1.2327314156960933,0.4234670400619507
260,2,0,0.5867888927459717,0.1641751229763031,0.6374775696471563,0.16163976373015693,0.9998126029968262
260,2,1,0.6313337683677673,0.1364104300737381,0.6820472033218931,0.13497950711698606,0.9996728897094727
260,2,2,0.6532922983169556,0.13704918324947357,0.7031906604882825,0.13574277475115118,0.9996728301048279
260,2,3,0.6723523139953613,0.1380181461572647,0.7242838444072434,0.13675066980432413,0.999646008014679
260,2,4,0.5502322316169739,0.1334029883146286,0.6066871681248314,0.13107604825603145,0.9996945261955261
260,2,5,0.5210921764373779,0.1323244422674179,0.5780063159686172,0.12903834294469757,0.9997012615203857
260,2,6,0.49397510290145874,0.13188600540161133,0.5529560829080943,0.1275967485324322,0.9996629357337952
260,2,7,0.6991743445396423,0.1503366380929947,0.7497937704941546,0.14728181647772165,0.9995299577713013
260,2,8,0.4547017514705658,0.14303608238697052,0.5093829279064813,0.13480354838258188,0.9997109770774841
260,2,9,0.6269183158874512,0.19478093087673187,0.6702490640601719,0.1902837246741548,0.9998675584793091
260,2,10,0.5200366377830505,0.18987447023391724,0.574622805948515,0.18498273675031884,0.9998918771743774
260,2,11,0.8400837182998657,0.339344322681427,0.8628987582663967,0.3235492146886437,0.9995085000991821
260,2,12,0.22360649704933167,0.30947577953338623,0.26666081529690605,0.2805114810435942,0.9995606541633606
260,2,13,0.8992415070533752,0.5526351928710938,0.9022398382187015,0.5230020654192382,0.9550818204879761
260,2,14,0.053212180733680725,0.5167232751846313,0.06981999745828353,0.47232816785378606,0.975840151309967
260,2,15,0.9760249853134155,0.7323386073112488,0.9691248111856529,0.7017787818996369,0.9172760844230652
260,2,16,0.046196434646844864,0.7186024785041809,0.05361597401130289,0.6625801336064394,0.845200777053833
260,2,17,0.9829956889152527,0.7991107702255249,0.9932681880506251,0.768977959988452,0.854720413684845
260,2,18,-0.02400229498744011,0.7835680246353149,0.01542012323883001,0.7239323317703671,0.7758040428161621
260,2,19,0.9541667103767395,0.8045444488525391,0.9481936232765122,0.7699651517416634,0.867419958114624
260,2,20,0.07625237107276917,0.7868145108222961,0.09278320969998556,0.7267380508582985,0.7884846925735474
260,2,21,0.9239931702613831,0.7801297307014465,0.9176507885824995,0.7452624548839788,0.871304988861084
260,2,22,0.10985695570707321,0.7596596479415894,0.120169468242267,0.7049069999028285,0.7980834245681763
260,2,23,0.6330829858779907,0.7238752841949463,0.6257845936030998,0.6822496729295471,0.9910618662834167
260,2,24,0.26876384019851685,0.7179943323135376,0.289978957758839,0.6733151589587524,0.9935142993927002
260,2,25,0.6279096007347107,0.967702329158783,0.5748599835437186,0.9302331146046999,0.7329728007316589
260,2,26,0.38521334528923035,1.0058094263076782,0.36579383999174797,0.9564879719735141,0.8469294309616089
260,2,27,0.5553886890411377,1.2304389476776123,0.47146325896831676,1.1159204484213296,0.448841392993927
260,2,28,0.3387569785118103,1.2520760297775269,0.3242113371058488,1.1520354677165998,0.5288122892379761
260,2,29,0.5355821251869202,1.2576736211776733,0.43355665971523344,1.1358136620214812,0.4001833200454712
260,2,30,0.3474135100841522,1.2718201875686646,0.3273333933154159,1.1669713560060389,0.31838399171829224
260,2,31,0.5625516772270203,1.3271161317825317,0.5251526856174974,1.2186953451326155,0.35411980748176575
260,2,32,0.36954790353775024,1.3518459796905518,0.3620443908112467,1.2575265070511208,0.3934643864631653
261,2,0,0.5775488615036011,0.16837504506111145,0.6250230578947865,0.1630374488539258,0.9997664093971252
261,2,1,0.6216105222702026,0.1394553929567337,0.6694869494586534,0.13590827138915235,0.9995855093002319
261,2,2,0.6429620385169983,0.1400003880262375,0.6906737185278085,0.13662624126461886,0.9995868802070618
261,2,3,0.6617811322212219,0.1409531980752945,0.7112934784988845,0.13762270470123555,0.9995512962341309
261,2,4,0.5395795106887817,0.13699151575565338,0.5927379472280545,0.13230358030730652,0.9996209740638733
261,2,5,0.5098427534103394,0.13628160953521729,0.5638371971346073,0.1305414647156884,0.999630868434906
261,2,6,0.4831590950489044,0.13628220558166504,0.53844677190401,0.12939922528362557,0.9995790719985962
261,2,7,0.6890469789505005,0.15267445147037506,0.7371689647633214,0.14840083823101596,0.9993994235992432
261,2,8,0.4441964030265808,0.14676673710346222,0.4958337589567148,0.13728647153162324,0.9996212124824524
261,2,9,0.618431568145752,0.19844625890254974,0.6594826555269242,0.1919776557913821,0.9998427629470825
261,2,10,0.511149525642395,0.19456593692302704,0.5614303594739095,0.18697156979555712,0.9998672604560852
261,2,11,0.8402699828147888,0.34050387144088745,0.8582008424642956,0.3270685880744209,0.9994757771492004
261,2,12,0.22016194462776184,0.31470224261283875,0.2570009005370121,0.2876120270666491,0.9994340538978577
261,2,13,0.9053214192390442,0.5555608868598938,0.9028792541470724,0.5297633972786678,0.9572104811668396
261,2,14,0.05446885526180267,0.5321345329284668,0.06663361394177783,0.4847572005397145,0.9736971259117126
261,2,15,0.9947265386581421,0.7474571466445923,0.9744403753832201,0.7112680205651924,0.9182301163673401
261,2,16,0.04589711129665375,0.7458494901657104,0.052014132618586235,0.6798964707102509,0.8321192264556885
261,2,17,1.0037225484848022,0.8218307495117188,0.99543786999866,0.7799597900403814,0.8539831042289734
261,2,18,0.0018069642828777432,0.8120976686477661,0.012594617866127965,0.7422692921156315,0.7535022497177124
261,2,19,0.9614089727401733,0.8238457441329956,0.9509365248776027,0.7811608589034895,0.867504894733429
261,2,20,0.08132819831371307,0.818414032459259,0.09040578548989522,0.7458070125806747,0.7690868377685547
261,2,21,0.932607889175415,0.7985170483589172,0.9207553469541492,0.7563278950376403,0.8715304732322693
261,2,22,0.11411280184984207,0.7899894714355469,0.11891262825270969,0.7226012702416403,0.7802597284317017
261,2,23,0.6423742771148682,0.732399046421051,0.6292281709753267,0.692669010170722,0.9902202486991882
261,2,24,0.26598575711250305,0.7284417748451233,0.28499758537440073,0.6847701698026306,0.992318868637085
261,2,25,0.6651227474212646,0.9820499420166016,0.5936342214874029,0.9409993867555193,0.7195155620574951
261,2,26,0.38589656352996826,1.0036362409591675,0.36996703693312466,0.9662829822784708,0.8114869594573975
261,2,27,0.6094918251037598,1.2544209957122803,0.500210253098561,1.1447663880402703,0.4134511351585388
261,2,28,0.3312927782535553,1.2582927942276,0.32568087065229784,1.1741463890100976,0.48262372612953186
261,2,29,0.5992044806480408,1.2830607891082764,0.4680820801813045,1.1664886756110604,0.36686182022094727
261,2,30,0.3379097282886505,1.283115029335022,0.32952839638920195,1.1911460985091407,0.29161983728408813
261,2,31,0.5978020429611206,1.354211688041687,0.5402559997310195,1.246917396223835,0.3238380253314972
261,2,32,0.362775981426239,1.3532743453979492,0.3621961831581416,1.2774447577387011,0.3585483133792877
262,2,0,0.5671567320823669,0.17005033791065216,0.6129978366377067,0.1644927534568905,0.9997662901878357
262,2,1,0.6098085641860962,0.13974615931510925,0.6570845454248548,0.1367046345038929,0.9995786547660828
262,2,2,0.6305141448974609,0.14018525183200836,0.6781711480740811,0.13736473153954748,0.999578058719635
262,2,3,0.6487073302268982,0.14112025499343872,0.6982857387441438,0.1383484408137583,0.9995361566543579
262,2,4,0.531318187713623,0.13789957761764526,0.5799730297194502,0.13346480813728032,0.9996213912963867
262,2,5,0.5019347667694092,0.13734681904315948,0.5509717930279359,0.13195369392057316,0.9996337890625
262,2,6,0.47631579637527466,0.1375962197780609,0.5255337864933082,0.1311003093799468,0.999582827091217
262,2,7,0.674363911151886,0.15358436107635498,0.7241156535988086,0.14947646106461135,0.9993738532066345
262,2,8,0.4362007975578308,0.1490153819322586,0.48344080514112125,0.13972075521129634,0.9996299147605896
262,2,9,0.605252742767334,0.20030570030212402,0.6482142551258936,0.19370594236231442,0.9998448491096497
262,2,10,0.5034577250480652,0.19717265665531158,0.5493830058462553,0.18908867103824592,0.9998704195022583
262,2,11,0.8379090428352356,0.34186071157455444,0.8539883730407205,0.3301388888269332,0.9994930028915405
262,2,12,0.2181871384382248,0.32306286692619324,0.24893923858159095,0.29497451544106007,0.9994566440582275
262,2,13,0.9062107801437378,0.5597673654556274,0.903570537419474,0.5359937358483319,0.9595716595649719
262,2,14,0.05381656065583229,0.5507223606109619,0.06397340906993984,0.4984684924990705,0.9754281044006348
262,2,15,0.9892652034759521,0.760017991065979,0.9775174679533759,0.7213962141061072,0.9231480956077576
262,2,16,0.04681207984685898,0.7778788805007935,0.050934662560063446,0.7002807379257268,0.8448786735534668
262,2,17,0.9994782209396362,0.8360416293144226,0.9962762495793853,0.7916135956494258,0.8613213896751404
262,2,18,0.008588191121816635,0.8417354226112366,0.011763277262619887,0.7629630847733835,0.7684549689292908
262,2,19,0.9577093720436096,0.8381166458129883,0.952342007720943,0.792996557399944,0.8744784593582153
262,2,20,0.08292391151189804,0.8461570143699646,0.08885313498739798,0.7666852048565538,0.7838911414146423
262,2,21,0.9301368594169617,0.8116123080253601,0.9227023130426248,0.7678157431905493,0.8784459233283997
262,2,22,0.11413635313510895,0.8239719271659851,0.11792152218442323,0.7436923978178275,0.7942266464233398
262,2,23,0.6594750285148621,0.7537426352500916,0.6355089818701476,0.7053618574299387,0.990665853023529
262,2,24,0.27091121673583984,0.7549514770507812,0.2820738296284755,0.6993595155568945,0.9926081895828247
262,2,25,0.6649375557899475,1.0630346536636353,0.6084572652585037,0.9664043914824886,0.7114022970199585
262,2,26,0.36345145106315613,1.0752099752426147,0.3686149508740871,0.9889509874605132,0.7827821969985962
262,2,27,0.652821958065033,1.2973699569702148,0.532007287079847,1.1765619588021734,0.37868577241897583
262,2,28,0.3300418257713318,1.3016725778579712,0.32658578364376556,1.2006986412135163,0.4396388828754425
262,2,29,0.6472130417823792,1.329080581665039,0.5054317158435574,1.200374683472459,0.3350245952606201
262,2,30,0.3311496376991272,1.3308384418487549,0.3298647841136959,1.2202412155847022,0.2660960555076599
262,2,31,0.6344205141067505,1.396481990814209,0.5598438091927526,1.2780771409445646,0.2949649393558502
262,2,32,0.36222630739212036,1.3987079858779907,0.36220243329190865,1.3026886355190286,0.3261180520057678
263,2,0,0.5662310719490051,0.16895462572574615,0.6032821913065798,0.16541860951496148,0.999779462814331
263,2,1,0.6063576340675354,0.13926005363464355,0.6465450422157718,0.13723486610408736,0.9996001124382019
263,2,2,0.6289421916007996,0.139595627784729,0.6679432965780818,0.1378276227608098,0.9995967149734497
263,2,3,0.6509555578231812,0.140366792678833,0.6884528925063635,0.13876722849920617,0.9995563626289368
263,2,4,0.5276769995689392,0.1376233696937561,0.5691070362249395,0.13432771879471772,0.9996438026428223
263,2,5,0.4994354546070099,0.1370820850133896,0.5402638702348048,0.13301787484959274,0.9996549487113953
263,2,6,0.47402623295783997,0.13725782930850983,0.5148318524871918,0.13237807885512046,0.9996091723442078
263,2,7,0.6780171990394592,0.15266647934913635,0.7145390260663965,0.1501383791635333,0.9993961453437805
263,2,8,0.4334067106246948,0.14956361055374146,0.47304544312517205,0.1417634901024791,0.9996552467346191
263,2,9,0.6063984036445618,0.19985325634479523,0.6395283369398217,0.1949815936170902,0.999854564666748
263,2,10,0.4993193447589874,0.19767361879348755,0.5389814920310856,0.19087028439738996,0.9998795390129089
263,2,11,0.8488032817840576,0.3421262204647064,0.8529124245604288,0.33262682516190767,0.9995237588882446
263,2,12,0.21850734949111938,0.32647940516471863,0.2426199630829903,0.3015167906569877,0.9994927644729614
263,2,13,0.9146329164505005,0.5667917132377625,0.9058664433206843,0.5423890905906501,0.9621705412864685
263,2,14,0.05423886701464653,0.5657303929328918,0.061953157779008346,0.5124498252164665,0.9773347973823547
263,2,15,1.0003165006637573,0.7649164199829102,0.9822507552590906,0.7304365798672176,0.9289417266845703
263,2,16,0.04966897889971733,0.7966928482055664,0.05067205110185702,0.7203374735121274,0.8583996295928955
263,2,17,1.0116068124771118,0.8394446969032288,0.9994583584541828,0.8015506395083712,0.871135413646698
263,2,18,0.02221241034567356,0.8564783334732056,0.013931868380055137,0.7824156383985532,0.7866237163543701
263,2,19,0.9668609499931335,0.8386610150337219,0.955355583380794,0.8024829094638054,0.8835054636001587
263,2,20,0.0981469601392746,0.8598669171333313,0.09078189491760989,0.7860682033978872,0.8012228012084961
263,2,21,0.9382520318031311,0.8137314915657043,0.9259299300547115,0.7773543634530341,0.8872852921485901
263,2,22,0.12821879982948303,0.8423861265182495,0.12005858943734081,0.7642250750721241,0.8106610178947449
263,2,23,0.6780344843864441,0.763820230960846,0.6443424665415446,0.7175103077673812,0.9913253784179688
263,2,24,0.2830957770347595,0.7664118409156799,0.282285867470439,0.7132972102103589,0.9930890202522278
263,2,25,0.6778408885002136,1.0793263912200928,0.6228804708095353,0.9899063766630637,0.7090672850608826
263,2,26,0.36865943670272827,1.0430669784545898,0.3686241807339061,1.000195707537846,0.7614662647247314
263,2,27,0.6731938123703003,1.314742922782898,0.5614147254666966,1.2053411714559794,0.34670528769493103
263,2,28,0.3311735689640045,1.318415641784668,0.32753777060089445,1.225201938170695,0.4006179869174957
263,2,29,0.6678683161735535,1.346489429473877,0.5392851358017564,1.2308129540046768,0.30637696385383606
263,2,30,0.32807624340057373,1.3487036228179932,0.3294936824343841,1.2469891447770636,0.24276196956634521
263,2,31,0.6546140313148499,1.4161168336868286,0.579557988139257,1.30682678283012,0.2685176134109497
263,2,32,0.364715576171875,1.4169727563858032,0.362723892380378,1.3264751004297417,0.29631832242012024
264,2,0,0.5733758807182312,0.1670457273721695,0.5970721404680186,0.16575621643928776,0.9997904300689697
264,2,1,0.6115577220916748,0.1376277655363083,0.6392789002072913,0.13731638511912317,0.999616801738739
264,2,2,0.6388839483261108,0.13798734545707703,0.6619092586491847,0.13786076191025998,0.9996095299720764
264,2,3,0.6627334356307983,0.13875257968902588,0.6831128593952397,0.13876418918686795,0.9995700120925903
264,2,4,0.5297237038612366,0.13600629568099976,0.5609269383231871,0.1346760033274076,0.9996635317802429
264,2,5,0.49779418110847473,0.1354883760213852,0.5314419704568765,0.13353048537188256,0.9996742606163025
264,2,6,0.4684842526912689,0.13562805950641632,0.5052033945372273,0.13305244006749226,0.9996339678764343
264,2,7,0.6963779926300049,0.15120379626750946,0.7107691069979456,0.15035943666668097,0.9994016885757446
264,2,8,0.42754051089286804,0.14842477440834045,0.46359226685565014,0.14314581686729855,0.9996799230575562
264,2,9,0.6162838935852051,0.19824327528476715,0.6347025137755729,0.19565838297909185,0.9998615980148315
264,2,10,0.5072533488273621,0.19649812579154968,0.5323928040829757,0.19203812128224776,0.9998875260353088
264,2,11,0.864355206489563,0.34893524646759033,0.8552873043164789,0.33601199492374334,0.9995413422584534
264,2,12,0.21638396382331848,0.3325618803501129,0.23717260874981066,0.3079635025039729,0.9995260834693909
264,2,13,0.9247808456420898,0.5719208717346191,0.9097928231791539,0.5485212988950616,0.9634506702423096
264,2,14,0.05632937699556351,0.5783143043518066,0.060786163051961564,0.5261401617257696,0.9791698455810547
264,2,15,0.9944026470184326,0.7652389407157898,0.9847728574519695,0.7376642671266191,0.9333117008209229
264,2,16,0.07167354226112366,0.8102482557296753,0.055031929622717565,0.7390383976025829,0.8711544871330261
264,2,17,1.0198571681976318,0.8371340036392212,1.003693056834779,0.8089406856598861,0.8788393139839172
264,2,18,0.04930999502539635,0.8723540306091309,0.021279226329787078,0.8011223227105869,0.8043907880783081
264,2,19,0.9801107048988342,0.8379839062690735,0.9604952490129839,0.8098558330513355,0.8905454277992249
264,2,20,0.13012635707855225,0.874093770980835,0.09895388031233213,0.8043760693290322,0.8179828524589539
264,2,21,0.944301187992096,0.8145067691802979,0.929743503924032,0.7850706059817578,0.8943846821784973
264,2,22,0.16194257140159607,0.8574019074440002,0.1287586523598163,0.7836070656495066,0.8265777230262756
264,2,23,0.6990796327590942,0.7863273024559021,0.655716414439644,0.7318155051878699,0.9920051693916321
264,2,24,0.3067934513092041,0.791693925857544,0.2873741004662722,0.7295980794044946,0.993606686592102
264,2,25,0.6981291174888611,1.0991697311401367,0.6385254080455423,1.0126446437271701,0.7018154859542847
264,2,26,0.3621608018875122,1.1010668277740479,0.3672829302567226,1.0211826335373149,0.7368288040161133
264,2,27,0.7040106654167175,1.3368170261383057,0.5911169380308636,1.232718873929086,0.3169764578342438
264,2,28,0.35412827134132385,1.3411171436309814,0.33305877654507693,1.2493289985321734,0.3655083179473877
264,2,29,0.7020894289016724,1.3681272268295288,0.5732156101440118,1.259411040377529,0.2798627018928528
264,2,30,0.34528785943984985,1.371195673942566,0.33277206303744417,1.2728479226636489,0.22136828303337097
264,2,31,0.6835029721260071,1.438617467880249,0.601186204922466,1.3342702532182065,0.24415014684200287
264,2,32,0.39766696095466614,1.442294955253601,0.3699808209119732,1.350582232948785,0.2693663537502289
265,2,0,0.5961030125617981,0.16658152639865875,0.5968710616424893,0.16592745430248143,0.9997984766960144
265,2,1,0.6374966502189636,0.13699647784233093,0.638909102982606,0.13725001069547105,0.9996283054351807
265,2,2,0.6647780537605286,0.13728560507297516,0.6625045176256195,0.13774142741695627,0.9996157288551331
265,2,3,0.690146267414093,0.13798590004444122,0.6845724201881731,0.13860270756031234,0.9995736479759216
265,2,4,0.5522779226303101,0.1358426809310913,0.559132021854826,0.1349180714870532,0.9996815323829651
265,2,5,0.517669141292572,0.13566599786281586,0.5285833124384118,0.13397358414627328,0.9996926188468933
265,2,6,0.4827079474925995,0.13601729273796082,0.5005331644805787,0.13366763323379546,0.9996576309204102
265,2,7,0.7183864712715149,0.15114456415176392,0.7123498752309008,0.1505223371650296,0.999394416809082
265,2,8,0.4355924129486084,0.15018315613269806,0.45777839731050646,0.14460619641504552,0.9997041821479797
265,2,9,0.6414865851402283,0.19960151612758636,0.6361103236040321,0.1964765869167289,0.9998666644096375
265,2,10,0.5318523049354553,0.19905906915664673,0.5322806602932788,0.19349509861166242,0.9998953342437744
265,2,11,0.8821620941162109,0.3558375835418701,0.8608673800568908,0.3401276292053413,0.9995343685150146
265,2,12,0.22154700756072998,0.33978450298309326,0.23392923135198668,0.31457147865300966,0.9995613694190979
265,2,13,0.9310279488563538,0.5760985016822815,0.9142012370398401,0.5542473343449876,0.9620357751846313
265,2,14,0.06064838171005249,0.5887324810028076,0.06075757628354333,0.5391491899224456,0.9808738231658936
265,2,15,0.9834489822387695,0.7792654633522034,0.9844981720684112,0.7463055427763786,0.932408332824707
265,2,16,0.09278035908937454,0.8253164887428284,0.06287207161499632,0.756981956001386,0.8825088739395142
265,2,17,1.0217316150665283,0.8480719327926636,1.007437533831322,0.8170683594417559,0.8779703378677368
265,2,18,0.06939249485731125,0.892816960811615,0.03127494330861487,0.8201952251436325,0.8200005888938904
265,2,19,0.9883944988250732,0.8492413759231567,0.9662882021937241,0.8180363825568225,0.8899313807487488
265,2,20,0.15970991551876068,0.8937629461288452,0.11158058259621564,0.8229677669779627,0.8327742218971252
265,2,21,0.9442631602287292,0.826254665851593,0.9327572275431137,0.7936251391766616,0.894935667514801
265,2,22,0.19408202171325684,0.875277578830719,0.14233627686075837,0.8026749403373694,0.8406290411949158
265,2,23,0.7120788097381592,0.800785481929779,0.6674286011910181,0.7461525682933755,0.9924882054328918
265,2,24,0.3214080333709717,0.8059347867965698,0.2944420405891062,0.7454697221623374,0.9940046668052673
265,2,25,0.7287788987159729,1.1160128116607666,0.6572977613318012,1.0341526230710572,0.69841068983078
265,2,26,0.3647407293319702,1.1179441213607788,0.3667554415931432,1.041312263825562,0.7173786759376526
265,2,27,0.7444405555725098,1.3579068183898926,0.6230631474741365,1.258782724917694,0.2927466034889221
265,2,28,0.36028745770454407,1.3651927709579468,0.33871238841713536,1.2734453254872762,0.3367144465446472
265,2,29,0.7411370277404785,1.3908154964447021,0.6082175382911312,1.2867738675374056,0.2576129138469696
265,2,30,0.34801968932151794,1.396934151649475,0.33593694884758984,1.2986815770113138,0.2033919394016266
265,2,31,0.7293062806129456,1.4621055126190186,0.6278623900158562,1.3608871844022161,0.22312875092029572
265,2,32,0.4060415029525757,1.4719290733337402,0.3774700858978601,1.3758436184825382,0.2463100552558899
266,2,0,0.6306619048118591,0.1682812124490738,0.6038884628815716,0.16641583994151007,0.9997811913490295
266,2,1,0.6710729002952576,0.13794805109500885,0.6455883126828983,0.13739484176608885,0.9995861649513245
266,2,2,0.7003508806228638,0.13846902549266815,0.6703650148295834,0.13789239130724407,0.9995501041412354
266,2,3,0.7288707494735718,0.13929802179336548,0.6937745952495127,0.13874697298856475,0.9994975328445435
266,2,4,0.5826585292816162,0.1365533471107483,0.5640164259017699,0.13525737112122113,0.9996713399887085
266,2,5,0.5486898422241211,0.13649897277355194,0.5327572909508727,0.13449758419714097,0.99968421459198
266,2,6,0.5143013596534729,0.13700151443481445,0.5033908475531362,0.13435940515602735,0.9996610879898071
266,2,7,0.7552422881126404,0.15385136008262634,0.7212596527774527,0.15121310090629736,0.9992348551750183
266,2,8,0.4621301293373108,0.1523406207561493,0.4586813943384846,0.14621126504527113,0.9997155070304871
266,2,9,0.6735568642616272,0.20437701046466827,0.6438876968628843,0.19811611160714554,0.9998546838760376
266,2,10,0.5676318407058716,0.2034388780593872,0.5396224138277579,0.1955587844403753,0.9998969435691833
266,2,11,0.9135844707489014,0.3636467158794403,0.8718209586535459,0.34501050201056266,0.999411404132843
266,2,12,0.23876778781414032,0.3503466546535492,0.2349332602665274,0.3220013927290777,0.9995875358581543
266,2,13,0.9406282901763916,0.5841938853263855,0.9196882818352221,0.5604657393079904,0.9516311883926392
266,2,14,0.08014288544654846,0.5997458100318909,0.06478176059061844,0.5517427460495085,0.9823824167251587
266,2,15,0.9755802750587463,0.7749584317207336,0.9826474462652873,0.7522551095452223,0.9145095348358154
266,2,16,0.11306805163621902,0.8376237154006958,0.07330108434045013,0.7737507083065723,0.8926602005958557
266,2,17,1.0166432857513428,0.8457233309745789,1.0093480146514984,0.8230183600712183,0.8575174808502197
266,2,18,0.08905275166034698,0.9089556932449341,0.04328171019371381,0.8386563223666728,0.8337457776069641
266,2,19,0.9803111553192139,0.8463351726531982,0.9691987897129232,0.8239123671409693,0.8706549406051636
266,2,20,0.18214400112628937,0.9100609421730042,0.12624949027585938,0.8410812558144941,0.8457960486412048
266,2,21,0.9315264225006104,0.8227207064628601,0.9325018535195959,0.7996666999525269,0.8799037933349609
266,2,22,0.21550330519676208,0.8883679509162903,0.1575475232343796,0.8204965412476217,0.853025496006012
266,2,23,0.7305628061294556,0.8242192268371582,0.6805504324672966,0.7623846647405387,0.9929307699203491
266,2,24,0.33494916558265686,0.8286299705505371,0.3028557940968563,0.762763343989517,0.9943675994873047
266,2,25,0.7500059008598328,1.143587589263916,0.6765819881667111,1.056926741069488,0.6852640509605408
266,2,26,0.3785000741481781,1.1418288946151733,0.3691929894294365,1.0622252615285317,0.6850230693817139
266,2,27,0.7674146890640259,1.3848987817764282,0.6531326007256993,1.2850404750884854,0.26720699667930603
266,2,28,0.38918909430503845,1.3855429887771606,0.34919981368825076,1.2967753491243406,0.30663377046585083
266,2,29,0.7666394710540771,1.41728937625885,0.6412308257130501,1.313950919598833,0.23469772934913635
266,2,30,0.3747037649154663,1.4186248779296875,0.3439888377959202,1.3236498728772768,0.1852392852306366
266,2,31,0.7443739771842957,1.4931710958480835,0.6521138596572613,1.3884337541760343,0.2024744600057602
266,2,32,0.4406757950782776,1.4924547672271729,0.39060679599058046,1.4001160042666025,0.22373707592487335
267,2,0,0.6677256226539612,0.17384187877178192,0.6171566254549703,0.1679568983712822,0.9996803998947144
267,2,1,0.7113034725189209,0.14171607792377472,0.6592475118931418,0.13829151178297577,0.9993653893470764
267,2,2,0.7440791130065918,0.1425231397151947,0.685690208192383,0.138853294298144,0.9992623925209045
267,2,3,0.7721216082572937,0.1435217708349228,0.7100650532464194,0.13973777088591965,0.9991372227668762
267,2,4,0.6185330748558044,0.14040817320346832,0.5753444631683768,0.1363262031549918,0.9995816946029663
267,2,5,0.5824809670448303,0.14060553908348083,0.5430880284056234,0.13576506649412357,0.9996144771575928
267,2,6,0.548413097858429,0.141280397772789,0.5127435894054184,0.13579563590997304,0.9996170401573181
267,2,7,0.800905168056488,0.15912048518657684,0.7378206984767549,0.15285407040255036,0.9984623193740845
267,2,8,0.4941439926624298,0.1563471406698227,0.4660463110475309,0.14831482881804015,0.999699056148529
267,2,9,0.7134200930595398,0.21127915382385254,0.6583418519237384,0.20084815109429965,0.9997870326042175
267,2,10,0.6026917695999146,0.20947007834911346,0.5527307137676891,0.1984461861133448,0.9998838901519775
267,2,11,0.9606849551200867,0.37849161028862,0.8903035558098179,0.3519635330899438,0.9989345669746399
267,2,12,0.2659974694252014,0.3606499433517456,0.24138393587703535,0.3300286958779269,0.9996110796928406
267,2,13,0.9661909937858582,0.6155027151107788,0.9293489811354672,0.5719020837144002,0.9237672686576843
267,2,14,0.09692472219467163,0.6227535605430603,0.07145664839856374,0.5665048784153915,0.9837009906768799
267,2,15,1.021073341369629,0.8329734206199646,0.9906284506502544,0.7690397538100814,0.8672856688499451
267,2,16,0.14793044328689575,0.866909921169281,0.08881696881448066,0.7931290318815745,0.9012503623962402
267,2,17,1.04029381275177,0.9077630639076233,1.0157740879090134,0.8406422122686813,0.8075386881828308
267,2,18,0.11178164929151535,0.9408124685287476,0.05752084992126316,0.8599113940939209,0.8440578579902649
267,2,19,1.0018198490142822,0.9119556546211243,0.9759730538126186,0.8422238691675556,0.8224171996116638
267,2,20,0.2135767936706543,0.9411753416061401,0.14441171315631182,0.8619061031853336,0.8558294773101807
267,2,21,0.9563223719596863,0.8832486271858215,0.9374473483449706,0.8170481804313924,0.838228166103363
267,2,22,0.2479003518819809,0.918903112411499,0.1763405596725299,0.8409693478845227,0.8626723885536194
267,2,23,0.7694662809371948,0.8572953939437866,0.6990438598154666,0.7821282427673297,0.9930271506309509
267,2,24,0.35394996404647827,0.8567090630531311,0.31347168870597625,0.7823056707579481,0.9945480823516846
267,2,25,0.7794022560119629,1.179036259651184,0.6979756043565232,1.0823473852105894,0.6603584885597229
267,2,26,0.3879634737968445,1.1716196537017822,0.37308947822956046,1.0849908933366257,0.6429584622383118
267,2,27,0.7860714793205261,1.4283366203308105,0.6808160653626961,1.3148892548744497,0.2430073320865631
267,2,28,0.3935578167438507,1.416258454322815,0.358414419215286,1.3216474977772275,0.2779112160205841
267,2,29,0.7856034636497498,1.4661353826522827,0.6713048315815758,1.3456589246136874,0.21356061100959778
267,2,30,0.3769006133079529,1.4514774084091187,0.3508235289567455,1.3502651765384417,0.16842365264892578
267,2,31,0.7542149424552917,1.5373412370681763,0.6733574426939481,1.4194561571216568,0.1834089756011963
267,2,32,0.4524037837982178,1.5284748077392578,0.4034502249610518,1.426842275575775,0.20272400975227356
268,2,0,0.7083641886711121,0.17738044261932373,0.6361278669320423,0.1699125888573276,0.999565839767456
268,2,1,0.7577444911003113,0.1445714235305786,0.6797390666604779,0.13959468360826535,0.9991291165351868
268,2,2,0.7933486104011536,0.14570832252502441,0.7080933786672574,0.1402758336422499,0.9989938139915466
268,2,3,0.8237287402153015,0.14706631004810333,0.7337218035237796,0.14125859199394097,0.9987897276878357
268,2,4,0.6581528186798096,0.1428249478340149,0.5925646734478469,0.13767479411081798,0.9994841814041138
268,2,5,0.620173454284668,0.14303649961948395,0.5591156126451042,0.1372740345712059,0.9995496869087219
268,2,6,0.5861045718193054,0.1437477469444275,0.527995221303644,0.13744588932458982,0.999572217464447
268,2,7,0.853083074092865,0.16444498300552368,0.761811240223276,0.1552597039531085,0.9977588057518005
268,2,8,0.5303720831871033,0.16000360250473022,0.47941620841381893,0.15074077959136706,0.9996890425682068
268,2,9,0.7592308521270752,0.21714086830615997,0.6793324382940278,0.20423005879956643,0.999709963798523
268,2,10,0.6427508592605591,0.21399939060211182,0.5714543570883107,0.20167452602195599,0.9998705983161926
268,2,11,1.003551959991455,0.3943082094192505,0.9138736355923196,0.36075941481618345,0.998299777507782
268,2,12,0.29749205708503723,0.3735112249851227,0.25304318753379884,0.3390612209328595,0.9996389150619507
268,2,13,0.973884642124176,0.647860586643219,0.9386005365955764,0.5876948974277951,0.8868395686149597
268,2,14,0.10607338696718216,0.6487991213798523,0.07864573899996845,0.583617994763438,0.9848620891571045
268,2,15,1.0450819730758667,0.8865552544593811,1.0019433716423112,0.7935008098842352,0.8111816048622131
268,2,16,0.19513696432113647,0.8942101001739502,0.11094082884540324,0.8141597947565211,0.9086567163467407
268,2,17,1.0605932474136353,0.9635400772094727,1.0250846072106266,0.8662274071767133,0.7514909505844116
268,2,18,0.16802257299423218,0.9743077754974365,0.08051751860833818,0.8837212508453226,0.8519269824028015
268,2,19,1.0239182710647583,0.9698681235313416,0.9859338242806398,0.8688006488524297,0.7668997645378113
268,2,20,0.2827337086200714,0.9719187617301941,0.17322014025619212,0.8848007926769691,0.8633586168289185
268,2,21,0.9788021445274353,0.9387836456298828,0.9460373752165465,0.8423905739979554,0.7875479459762573
268,2,22,0.3087736964225769,0.9458357095718384,0.20391805527785498,0.8627899555718881,0.8701195120811462
268,2,23,0.7967733144760132,0.8875146508216858,0.7193753604209497,0.8040573344924314,0.992837131023407
268,2,24,0.38150522112846375,0.8881896138191223,0.3276136989095725,0.8043386021249092,0.994689404964447
268,2,25,0.8287354111671448,1.2206107378005981,0.7252034735796954,1.1111437230286338,0.6227626800537109
268,2,26,0.4002590477466583,1.2256543636322021,0.378730806801859,1.1142889943076482,0.6145626902580261
268,2,27,0.8392565250396729,1.4886019229888916,0.7138331516090464,1.3511040780230357,0.22119753062725067
268,2,28,0.40411990880966187,1.483856439590454,0.36790929616914,1.3554533030433527,0.25336992740631104
268,2,29,0.8417531847953796,1.5359405279159546,0.7068360416959919,1.3853460427221223,0.1945735663175583
268,2,30,0.3790668249130249,1.5255181789398193,0.35668797583063566,1.386802604817793,0.15438100695610046
268,2,31,0.8383466601371765,1.5921002626419067,0.7077451707564364,1.4554471611816884,0.16660857200622559
268,2,32,0.5113085508346558,1.5919771194458008,0.4258951506864357,1.4612606385129616,0.18465638160705566
269,2,0,0.7642457485198975,0.18466080725193024,0.6628035788413736,0.17297377164756456,0.9995081424713135
269,2,1,0.8155329823493958,0.15053464472293854,0.7080189917187658,0.14186517473957178,0.9990346431732178
269,2,2,0.8517388701438904,0.15167276561260223,0.7380149095596301,0.14264119483835233,0.9988450407981873
269,2,3,0.8833885788917542,0.15289172530174255,0.7649027404727728,0.14367299103408407,0.9986302256584167
269,2,4,0.7096396088600159,0.14823536574840546,0.6169336969171354,0.13986652339602912,0.9994631409645081
269,2,5,0.670035183429718,0.14815136790275574,0.5821994905060517,0.13953152398473076,0.9995347261428833
269,2,6,0.6331256628036499,0.14881953597068787,0.5498708145614687,0.13980641631848076,0.9995718002319336
269,2,7,0.9090951085090637,0.16938453912734985,0.7924937300600213,0.15819144509106323,0.9974427223205566
269,2,8,0.5727976560592651,0.16543425619602203,0.49884078131694976,0.1537905955452032,0.9997016191482544
269,2,9,0.8187438249588013,0.22615773975849152,0.708368620325765,0.20878233389842582,0.9996801614761353
269,2,10,0.6986759305000305,0.22264617681503296,0.5979427905683699,0.20602821056271664,0.9998714923858643
269,2,11,1.0412025451660156,0.39695119857788086,0.9403845549444931,0.36827593693980976,0.997516930103302
269,2,12,0.33286240696907043,0.3865651488304138,0.26964044549028565,0.348930197222689,0.999668538570404
269,2,13,1.00341796875,0.6499935984611511,0.9520728299415829,0.6006427874420122,0.8293471336364746
269,2,14,0.11400418728590012,0.6638918519020081,0.0859890170851964,0.6003100506892259,0.9860749244689941
269,2,15,1.0598690509796143,0.8840702176094055,1.013980929994055,0.8123390564137382,0.7466692328453064
269,2,16,0.21027772128582,0.92515629529953,0.13160765510094327,0.8372598569407521,0.9150115847587585
269,2,17,1.0697635412216187,0.9553419351577759,1.0343659629697686,0.8847623066433651,0.6907131671905518
269,2,18,0.1810464709997177,1.0071405172348022,0.10143303860769046,0.9094154766892361,0.8575311303138733
269,2,19,1.0211448669433594,0.9333887100219727,0.9932464632843229,0.8822252314366458,0.7053614854812622
269,2,20,0.2996915280818939,1.0067864656448364,0.1995519275339565,0.9101955568055329,0.8686186671257019
269,2,21,0.9786211848258972,0.9076855778694153,0.9528038976484221,0.8559623539201391,0.7286669015884399
269,2,22,0.3231671154499054,0.9760501384735107,0.2287411996049391,0.8863626040045397,0.875809371471405
269,2,23,0.8430413603782654,0.8942338228225708,0.7451210440850281,0.8228136722548344,0.9917572736740112
269,2,24,0.45595601201057434,0.9043319821357727,0.3543363052303034,0.8251424389981453,0.9945995807647705
269,2,25,0.9206095337867737,1.2306216955184937,0.7659648112589605,1.1360147931067348,0.5814867615699768
269,2,26,0.45018547773361206,1.2521662712097168,0.3935853569032934,1.1430046274731671,0.6010028123855591
269,2,27,0.927028477191925,1.4950424432754517,0.7583272840308906,1.381087246240127,0.20231232047080994
269,2,28,0.46426939964294434,1.5094492435455322,0.3879551339118241,1.3875402803786623,0.23569704592227936
269,2,29,0.9166926145553589,1.5426530838012695,0.7506295132029325,1.4181260762315846,0.17929483950138092
269,2,30,0.4160548746585846,1.54995858669281,0.36902552118348814,1.4208067999459626,0.14737853407859802
269,2,31,1.0082080364227295,1.602689266204834,0.7706015811954225,1.4861213005185963,0.15242907404899597
269,2,32,0.6640163660049438,1.621538758277893,0.4756247262346961,1.4946623574701436,0.17210154235363007
270,2,0,0.8559547662734985,0.1916990578174591,0.7030919438390455,0.1768608729561361,0.9993011355400085
270,2,1,0.9133455753326416,0.156026691198349,0.7508612649305031,0.14480453237161284,0.9986687302589417
270,2,2,0.9492036700248718,0.1573863923549652,0.7820874585215809,0.1457017503602458,0.9983434677124023
270,2,3,0.9800316095352173,0.15885715186595917,0.8098024108926766,0.14682469724180428,0.998028576374054
270,2,4,0.7949610948562622,0.15318463742733002,0.6540520479195475,0.1426307604586138,0.9993195533752441
270,2,5,0.7541962265968323,0.15299689769744873,0.6180545151592464,0.1423263368646033,0.9994263052940369
270,2,6,0.7123032212257385,0.15348125994205475,0.583723131171815,0.14264472227411415,0.9995017647743225
270,2,7,0.9990063309669495,0.17525649070739746,0.8355849272681543,0.1617337419007419,0.9962614178657532
270,2,8,0.6430174112319946,0.17266178131103516,0.5288733671937308,0.15770799943557692,0.9996806979179382
270,2,9,0.9105048775672913,0.2349981665611267,0.750541552667914,0.21422549102816713,0.9995678663253784
270,2,10,0.7806910276412964,0.2323014885187149,0.6360503878057615,0.21148330363463147,0.9998505711555481
270,2,11,1.2156717777252197,0.4087355136871338,0.9979344846721689,0.3766798091596267,0.9957880973815918
270,2,12,0.3692325949668884,0.399118036031723,0.29036049213330944,0.35935753108736146,0.9996898174285889
270,2,13,1.215827226638794,0.6815215945243835,1.0071941932647708,0.6174608938582967,0.7622461915016174
270,2,14,0.13314689695835114,0.6763174533843994,0.0957860018974139,0.6161130934940994,0.9865172505378723
270,2,15,1.163014531135559,0.9277167320251465,1.0450293803673982,0.8363537642041026,0.675068199634552
270,2,16,0.2341431826353073,0.9556137323379517,0.15294184933423627,0.861896101994509,0.9140527248382568
270,2,17,1.1590684652328491,1.0055071115493774,1.0603281048804423,0.9098978431497947,0.6244561076164246
270,2,18,0.2038450986146927,1.0368283987045288,0.12274147376184101,0.9359440658467246,0.8461520671844482
270,2,19,1.0418041944503784,0.9736524820327759,1.0033346589616408,0.901242364132179,0.6380601525306702
270,2,20,0.32841187715530396,1.0408577919006348,0.2263828251935432,0.9374031059737707,0.858803927898407
270,2,21,0.9936996102333069,0.9464305639266968,0.9612984606668918,0.8747795020768389,0.6601231694221497
270,2,22,0.34942877292633057,1.006523847579956,0.25386481444016257,0.911376321290122,0.8663231134414673
270,2,23,0.8940074443817139,0.9107034206390381,0.7761388253474584,0.8410932323074162,0.9869970083236694
270,2,24,0.5000165700912476,0.917919933795929,0.384683426837876,0.84444117346227,0.9929930567741394
270,2,25,0.9869300723075867,1.2648476362228394,0.8120902368261542,1.1628401195213391,0.5395001769065857
270,2,26,0.47730639576911926,1.2759389877319336,0.4109958272035492,1.1706870794982385,0.5805221796035767
270,2,27,0.9917006492614746,1.5235834121704102,0.8070597118611121,1.410768825901111,0.18618640303611755
270,2,28,0.4875847399234772,1.5328938961029053,0.40868301832569387,1.4178193756936335,0.22122421860694885
270,2,29,0.9814834594726562,1.5720853805541992,0.7988326355591283,1.4502055645842287,0.16637445986270905
270,2,30,0.43783703446388245,1.5735955238342285,0.38332956084244246,1.4526412853974462,0.14350466430187225
270,2,31,1.068057894706726,1.6393392086029053,0.8328246846041005,1.5180455924900376,0.13999368250370026
270,2,32,0.6881532073020935,1.655365228652954,0.5199787720915522,1.5281530346569736,0.1628572940826416
271,2,0,0.9491185545921326,0.1926954686641693,0.7544838952131033,0.18014764617235926,0.9980923533439636
271,2,1,1.0096607208251953,0.1572348177433014,0.8049402464009933,0.14738443325112194,0.9961163401603699
271,2,2,1.0492674112319946,0.159027561545372,0.8379304757289339,0.1484675856717636,0.9943034052848816
271,2,3,1.0827744007110596,0.16095785796642303,0.8668650827763476,0.1497581671760777,0.9939044117927551
271,2,4,0.8761572241783142,0.15365871787071228,0.7004166807163893,0.1449195200896378,0.9984736442565918
271,2,5,0.833914041519165,0.15333254635334015,0.6631076304417642,0.14461058153777503,0.9987173080444336
271,2,6,0.788348913192749,0.15367618203163147,0.6264184266159286,0.14493420903651336,0.9991033673286438
271,2,7,1.0862089395523071,0.17723125219345093,0.8879439183179733,0.16495051663677618,0.9878641963005066
271,2,8,0.7146973013877869,0.17351999878883362,0.5676256256915544,0.16099008039340917,0.9994604587554932
271,2,9,1.0074636936187744,0.23808416724205017,0.8042255034121149,0.21917891319442934,0.9991074204444885
271,2,10,0.8590108752250671,0.23380601406097412,0.6825946974457993,0.2161176396197452,0.9997648000717163
271,2,11,1.346684455871582,0.40971070528030396,1.0709890725929099,0.38353926278116396,0.9926571249961853
271,2,12,0.4098045229911804,0.4084396958351135,0.31522430506593013,0.36955483415121965,0.9997059106826782
271,2,13,1.5006800889968872,0.6698877215385437,1.1109738909452864,0.6283541023363683,0.7055943608283997
271,2,14,0.1569409966468811,0.6866207122802734,0.10849577401465554,0.6307704334135397,0.986201822757721
271,2,15,1.456111192703247,0.9211605787277222,1.1312860336850945,0.8539906366918117,0.6099799275398254
271,2,16,0.2561633288860321,0.9653897881507874,0.1744191919070878,0.8834303053722218,0.9080135226249695
271,2,17,1.463305950164795,0.9975287914276123,1.1448655974092738,0.928123461451536,0.5640438795089722
271,2,18,0.20885127782821655,1.0449186563491821,0.14064994979967238,0.9586221430892536,0.8269977569580078
271,2,19,1.4141621589660645,0.995246410369873,1.0895370616291808,0.9207968733216952,0.5765188932418823
271,2,20,0.3429483473300934,1.05281400680542,0.2506456413200693,0.9614248557847614,0.8412719368934631
271,2,21,1.3705531358718872,0.968798816204071,1.0471671516039327,0.8943371910715493,0.597088634967804
271,2,22,0.3671155869960785,1.0162543058395386,0.2774355122321142,0.9331994002166826,0.8491544723510742
271,2,23,1.1538618803024292,0.9395191669464111,0.8553242993413608,0.8615700774974697,0.9696534872055054
271,2,24,0.6043156385421753,0.9405683875083923,0.43052868153772106,0.8644385328373715,0.9867417812347412
271,2,25,1.1546330451965332,1.2855631113052368,0.8838324894515155,1.1883889909653864,0.4928089678287506
271,2,26,0.6021700501441956,1.294396162033081,0.4508696016534362,1.1964419382285,0.5379289984703064
271,2,27,1.1944739818572998,1.5600522756576538,0.8882994694369125,1.441869976383311,0.1691751331090927
271,2,28,0.6393573880195618,1.570019006729126,0.45684759030251265,1.449530565599827,0.20252369344234467
271,2,29,1.1883383989334106,1.6136207580566406,0.8805157563516164,1.4842641552122722,0.15148960053920746
271,2,30,0.5940551161766052,1.6165152788162231,0.4273047446448207,1.486795863052264,0.13497157394886017
271,2,31,1.271445393562317,1.6666306257247925,0.9249309873182633,1.5490006640452765,0.12787391245365143
271,2,32,0.8534313440322876,1.6826913356781006,0.5897998373992349,1.5603535991327762,0.15195323526859283
272,2,0,1.068647027015686,0.19867226481437683,0.8202314306558491,0.18399307071761864,0.9972101449966431
272,2,1,1.1250007152557373,0.1602284163236618,0.8719328633478025,0.15005022741225724,0.9944056868553162
272,2,2,1.166313648223877,0.16215699911117554,0.9066808289420759,0.15130891692476028,0.9917427897453308
272,2,3,1.2021788358688354,0.16426020860671997,0.9370797526091796,0.15276823246895965,0.9904483556747437
272,2,4,0.9782748818397522,0.15622052550315857,0.7585086351818601,0.14726496623608812,0.9977532029151917
272,2,5,0.9307869076728821,0.15614664554595947,0.7190558631930472,0.14700482803227927,0.9981607794761658
272,2,6,0.8847367167472839,0.15695878863334656,0.6803962181234803,0.14742987792484427,0.9987528920173645
272,2,7,1.2583873271942139,0.17951391637325287,0.9655887672894846,0.16797332276738705,0.9821575284004211
272,2,8,0.8076684474945068,0.18071025609970093,0.6177594402638431,0.16508381929514443,0.999276876449585
272,2,9,1.1113502979278564,0.24617412686347961,0.8684878548644963,0.22478401336183818,0.9986570477485657
272,2,10,0.9500240087509155,0.24426186084747314,0.7384903981608928,0.2219614970148527,0.9996650218963623
272,2,11,1.4615890979766846,0.42183998227119446,1.1529046963761398,0.3914942453228586,0.9899144768714905
272,2,12,0.4742608070373535,0.4172225296497345,0.3483658753391185,0.37945788222892324,0.9997139573097229
272,2,13,1.5861780643463135,0.6822994947433472,1.2108630326418008,0.6395633050349354,0.6459528803825378
272,2,14,0.1828770786523819,0.7008339166641235,0.12395999514647017,0.6453352668374917,0.9859795570373535
272,2,15,1.4875136613845825,0.925515353679657,1.2059232348958504,0.868859855344571,0.5503369569778442
272,2,16,0.2725752294063568,0.9686114192008972,0.19483973515223826,0.901145238230093,0.9037496447563171
272,2,17,1.477084994316101,1.0077561140060425,1.2144269368533527,0.9446819357783003,0.5089177489280701
272,2,18,0.2298574000597,1.0533323287963867,0.159204237024842,0.978324006537449,0.8124645352363586
272,2,19,1.4221433401107788,1.0015047788619995,1.1591800942497668,0.9375794140317965,0.5203979015350342
272,2,20,0.377826064825058,1.058654546737671,0.27712566196397187,0.9816522389811811,0.8299512267112732
272,2,21,1.3936270475387573,0.9703765511512756,1.1197382790857766,0.9101469112346282,0.5392687320709229
272,2,22,0.4070066809654236,1.0203763246536255,0.3044150624680988,0.9513304009605881,0.8363470435142517
272,2,23,1.2280709743499756,0.9593685269355774,0.9334575688256774,0.8819160363511873,0.9450774192810059
272,2,24,0.6461185812950134,0.9477640390396118,0.4755254621393221,0.881766649176092,0.9738454818725586
272,2,25,1.2445409297943115,1.2892847061157227,0.9594178468682955,1.2093811925045452,0.4515928626060486
272,2,26,0.6384605169296265,1.289517879486084,0.4899923619962569,1.2158030061361647,0.4988013207912445
272,2,27,1.2804083824157715,1.573635220527649,0.970535708610135,1.469308256972295,0.15354615449905396
272,2,28,0.6848382949829102,1.578436017036438,0.504448684539584,1.4763711985871788,0.18456923961639404
272,2,29,1.2726466655731201,1.6285927295684814,0.9627567902710698,1.5143290235084446,0.13782000541687012
272,2,30,0.6379486322402954,1.62735915184021,0.47126307943020385,1.5160733197048555,0.12603367865085602
272,2,31,1.3463584184646606,1.693833589553833,1.013387676167972,1.5791709481242762,0.11640224605798721
272,2,32,0.9077860116958618,1.7040871381759644,0.6563553000512985,1.5902939537963017,0.1408962905406952
273,2,0,1.134946346282959,0.20323686301708221,0.8860962262949865,0.1879878640196606,0.9965459108352661
273,2,1,1.1700172424316406,0.1617753505706787,0.9342889976474213,0.15248372483147282,0.9937773942947388
273,2,2,1.2095767259597778,0.1637311428785324,0.9700519260317798,0.15388714459255545,0.9907956123352051
273,2,3,1.2485911846160889,0.16612431406974792,1.0022687847395488,0.155540352974067,0.9889234304428101
273,2,4,1.0400757789611816,0.1576991230249405,0.8173825303447598,0.1494304520814679,0.9975398778915405
273,2,5,0.996192216873169,0.15766145288944244,0.7769962043899225,0.14921649808946044,0.9980051517486572
273,2,6,0.9504852294921875,0.15854229032993317,0.7368522145023959,0.149736170918279,0.9986467361450195
273,2,7,1.311408519744873,0.18296010792255402,1.038025223299998,0.17108404394928473,0.9800599813461304
273,2,8,0.8676255941390991,0.18114806711673737,0.6699592878873784,0.16841828258715416,0.9992648959159851
273,2,9,1.1756598949432373,0.24843040108680725,0.932760879980125,0.22969333297723954,0.9982565641403198
273,2,10,1.0165340900421143,0.24374383687973022,0.7966219525457012,0.22648358168389413,0.999579668045044
273,2,11,1.4393160343170166,0.4314677119255066,1.2128009784063225,0.3997970376262802,0.9843710660934448
273,2,12,0.5244784951210022,0.41478073596954346,0.3850832419522407,0.38679377030612133,0.9997235536575317
273,2,13,1.4936832189559937,0.682673990726471,1.270003928416675,0.6485185103630335,0.588568389415741
273,2,14,0.19546711444854736,0.7065733671188354,0.1388254926130096,0.6580623802013459,0.9867402911186218
273,2,15,1.4408130645751953,0.8927315473556519,1.2549756234611158,0.8738160060295094,0.49691084027290344
273,2,16,0.2864844799041748,0.9721144437789917,0.2139022510957356,0.91589877063878,0.9057244062423706
273,2,17,1.506502628326416,0.9680963754653931,1.2755166410998797,0.9495430945977126,0.45978671312332153
273,2,18,0.2453668713569641,1.0561648607254028,0.1771237347954947,0.994509143746452,0.810856282711029
273,2,19,1.3802865743637085,0.9596617221832275,1.205336457343193,0.9421638326217195,0.47034546732902527
273,2,20,0.4030880331993103,1.063597559928894,0.3033512193861626,0.9986927306963438,0.8286212682723999
273,2,21,1.3358012437820435,0.9320338368415833,1.1648356246903508,0.914690741573631,0.48767513036727905
273,2,22,0.4373473525047302,1.0223828554153442,0.33209705806782,0.9661012791836302,0.833218514919281
273,2,23,1.1744779348373413,0.9516086578369141,0.983798675666635,0.8964036591167384,0.9130458831787109
273,2,24,0.6335399746894836,0.9535738825798035,0.5084535656448752,0.8966947231261817,0.9606570601463318
273,2,25,1.1724939346313477,1.2977776527404785,1.0038883629046444,1.2277664846535523,0.4187529683113098
273,2,26,0.6553084850311279,1.2852966785430908,0.5244487213227088,1.2302492460635182,0.49840447306632996
273,2,27,1.1866445541381836,1.6030627489089966,1.0156434559559648,1.4971622793606787,0.14375869929790497
273,2,28,0.6492531299591064,1.6065493822097778,0.5346130387568464,1.503477776373059,0.18015213310718536
273,2,29,1.185181975364685,1.6609095335006714,1.009191014684638,1.5448648628530743,0.12928932905197144
273,2,30,0.5203553438186646,1.6562058925628662,0.4814626083546484,1.545260709169367,0.13539840281009674
273,2,31,1.2409873008728027,1.7145731449127197,1.0609094656492566,1.607369403779992,0.10875064879655838
273,2,32,0.8322094678878784,1.7376747131347656,0.6930197152477258,1.6209971160028882,0.14258255064487457
274,2,0,1.1629000902175903,0.19977930188179016,0.9439675137287252,0.19043512948140273,0.9872308969497681
274,2,1,1.201605200767517,0.15960918366909027,0.9901622283848895,0.15396239446114515,0.9813721179962158
274,2,2,1.2349963188171387,0.1613285094499588,1.0254259369889103,0.1554313842795794,0.9746575355529785
274,2,3,1.27303946018219,0.16398975253105164,1.058869626122032,0.15729382988892343,0.9713780879974365
274,2,4,1.0780198574066162,0.15677905082702637,0.871849411857369,0.15095543690656632,0.9914329051971436
274,2,5,1.034495234489441,0.15612681210041046,0.8308025530480442,0.15065051249935443,0.9929641485214233
274,2,6,0.9927080869674683,0.1567171812057495,0.7903127013589859,0.1511848589145018,0.995450496673584
274,2,7,1.3511897325515747,0.18084542453289032,1.103564015215069,0.17310986554667263,0.9519321322441101
274,2,8,0.9246312975883484,0.17821834981441498,0.7231704664902613,0.17045213525730796,0.9975007176399231
274,2,9,1.1863856315612793,0.2429555505514145,0.9857525490592601,0.2324459650952895,0.9956755042076111
274,2,10,1.0323971509933472,0.23860958218574524,0.845859748446089,0.2290003079227751,0.9987604022026062
274,2,11,1.5876413583755493,0.43360164761543274,1.2913794282844955,0.40681731750116507,0.9775322675704956
274,2,12,0.5873928070068359,0.40598806738853455,0.4272927926469169,0.39077828838211304,0.9997056126594543
274,2,13,1.6485322713851929,0.7167138457298279,1.349364928790199,0.6626942405251052,0.5477180480957031
274,2,14,0.23212900757789612,0.6952466368675232,0.15823385790361286,0.6657852593572989,0.9868655204772949
274,2,15,1.480833888053894,0.9452869892120361,1.3021302678306146,0.8886740126529289,0.4501253366470337
274,2,16,0.29562443494796753,0.96283358335495,0.2308961907258611,0.9256494131376202,0.9022899866104126
274,2,17,1.4787089824676514,1.0265523195266724,1.3179128417107897,0.9655548871187305,0.4161864221096039
274,2,18,0.24553391337394714,1.049642562866211,0.19134425065855748,1.0059656373606434,0.7978631258010864
274,2,19,1.3952981233596802,1.0139172077178955,1.2449574632467693,0.9570806596861021,0.42610058188438416
274,2,20,0.4004450738430023,1.058388590812683,0.3235502815015807,1.0110988435694714,0.8174484372138977
274,2,21,1.3702363967895508,0.9823253154754639,1.2076949693840038,0.9287497120981199,0.44228455424308777
274,2,22,0.4375191330909729,1.0189470052719116,0.35403371846938153,0.9770816981626568,0.8204554915428162
274,2,23,1.2620244026184082,0.9740347266197205,1.041969845647901,0.9125450376227466,0.8884925842285156
274,2,24,0.666667103767395,0.946128785610199,0.5414233357558609,0.90696527952436,0.9486172795295715
274,2,25,1.1839064359664917,1.329938292503357,1.0414253372532336,1.2490249049036155,0.38728153705596924
274,2,26,0.6012071967124939,1.3188061714172363,0.5404084066559545,1.2486679680024522,0.48510268330574036
274,2,27,1.2029600143432617,1.6379120349884033,1.0547104808001482,1.5264786702355557,0.1331249624490738
274,2,28,0.663021445274353,1.6282583475112915,0.5613498697394363,1.5294565669669309,0.1730952113866806
274,2,29,1.2029528617858887,1.6941380500793457,1.0496094757659118,1.5759639347132017,0.12018497288227081
274,2,30,0.5281404852867126,1.6722325086593628,0.49115984926254624,1.5716973520106574,0.1394367218017578
274,2,31,1.2598270177841187,1.7581744194030762,1.102409695425775,1.638788876682659,0.10110984742641449
274,2,32,0.8206472396850586,1.7666300535202026,0.7195939090227778,1.6513347120684398,0.14007337391376495
275,2,0,1.257744312286377,0.2017844319343567,1.0096352003533422,0.1927906027288668,0.9577934145927429
275,2,1,1.2938579320907593,0.1599901169538498,1.0537026115922974,0.1552132247723957,0.94251948595047
275,2,2,1.3412551879882812,0.1616949439048767,1.0915269071489162,0.15673116232069959,0.9328041672706604
275,2,3,1.389846682548523,0.1643805205821991,1.1281696794109737,0.15876445282440377,0.9240050315856934
275,2,4,1.1586755514144897,0.15726256370544434,0.9318322644985356,0.15226425730804985,0.9700680375099182
275,2,5,1.1107549667358398,0.15664492547512054,0.8893368526268509,0.15189442950103346,0.9767811298370361
275,2,6,1.0726372003555298,0.15724103152751923,0.8493466899326552,0.1524415939773153,0.9832888245582581
275,2,7,1.4563720226287842,0.18086473643779755,1.1774795523932584,0.17471917830265876,0.8934981822967529
275,2,8,1.0123116970062256,0.17653939127922058,0.7836408772007667,0.171715321725473,0.9915961027145386
275,2,9,1.3096727132797241,0.2427302449941635,1.0535616650738642,0.23458033743354584,0.9845948815345764
275,2,10,1.109107255935669,0.23807664215564728,0.9008761279263416,0.23088392354548187,0.9956198334693909
275,2,11,1.7110334634780884,0.4293597638607025,1.3794604040011462,0.41149730376957533,0.967551589012146
275,2,12,0.6494240164756775,0.4041445255279541,0.47366325755146277,0.3935525204024311,0.9996666312217712
275,2,13,1.7664735317230225,0.7107715010643005,1.4369069284433726,0.6726825002402504,0.5081689357757568
275,2,14,0.26705390214920044,0.6987187266349792,0.18087955103700995,0.6726244772323227,0.986594557762146
275,2,15,1.5528252124786377,0.9345026016235352,1.3545058241518593,0.8981945261179577,0.40700218081474304
275,2,16,0.3252716064453125,0.9668240547180176,0.2505281733277374,0.9342020210866806,0.896098792552948
275,2,17,1.5222269296646118,1.014480471611023,1.3605442880294503,0.9757196484142503,0.3763684034347534
275,2,18,0.25859972834587097,1.0535613298416138,0.20532428787591003,1.0158537573986635,0.7828067541122437
275,2,19,1.4493767023086548,1.0011574029922485,1.2876107308776763,0.9662367985600413,0.3855361342430115
275,2,20,0.4298093616962433,1.061968207359314,0.3456616074318124,1.021668033682893,0.8037213087081909
275,2,21,1.4304746389389038,0.96880704164505,1.2542026842998235,0.9370699667636124,0.40051382780075073
275,2,22,0.47796785831451416,1.0217787027359009,0.3798355676867507,0.9863668601363231,0.8054267168045044
275,2,23,1.3220006227493286,0.959023654460907,1.100521475340285,0.9222007740780628,0.8711147308349609
275,2,24,0.7184098958969116,0.9342220425605774,0.5783241830396143,0.9126247523697812,0.9416291117668152
275,2,25,1.252206563949585,1.3335596323013306,1.0854138681766852,1.2666051205782412,0.36067792773246765
275,2,26,0.6168953776359558,1.3220728635787964,0.556311492745972,1.2639288838520017,0.4685555100440979
275,2,27,1.2336678504943848,1.6389003992080688,1.092025348953939,1.54987647385554,0.12403745204210281
275,2,28,0.6755853891372681,1.6335943937301636,0.5851263788980886,1.551125315083664,0.16557490825653076
275,2,29,1.2251304388046265,1.6924968957901,1.086204418333644,1.6002201907690896,0.11246649920940399
275,2,30,0.5488059520721436,1.6808632612228394,0.5031393161537927,1.5944155127211523,0.1413848102092743
275,2,31,1.2930419445037842,1.758744239807129,1.1421720495954213,1.6637598187609484,0.09389970451593399
275,2,32,0.8302167654037476,1.7605143785476685,0.7426165675923401,1.6740557594875305,0.13420739769935608
276,2,0,1.6166943311691284,0.31623411178588867,1.137695969917225,0.2184897247358799,0.8887966275215149
276,2,1,1.698168396949768,0.2667582929134369,1.1897911333237845,0.17842767045950944,0.8630819916725159
276,2,2,1.7323873043060303,0.2628849744796753,1.2268412845656025,0.17882032011947546,0.855742335319519
276,2,3,1.767228126525879,0.25951188802719116,1.2630974726924555,0.17972550047777316,0.8450721502304077
276,2,4,1.5954182147979736,0.2658884823322296,1.0720293813416761,0.17591276293311023,0.8983719348907471
276,2,5,1.5518393516540527,0.2601802349090576,1.0293007340291045,0.17442854681636352,0.9130719304084778
276,2,6,1.5091910362243652,0.25466957688331604,0.9887388729017903,0.17371154336630956,0.9211690425872803
276,2,7,1.7634334564208984,0.21887247264385223,1.3010193862021446,0.1838912025653632,0.8304349780082703
276,2,8,1.3864253759384155,0.2129366248846054,0.9107835560510918,0.1802775873712908,0.9703723788261414
276,2,9,1.598341464996338,0.3175401985645294,1.1682915279045922,0.251832140704449,0.9480701684951782
276,2,10,1.4745789766311646,0.3141179084777832,1.021790076336255,0.24819286221622464,0.9782600998878479
276,2,11,1.839330792427063,0.28162896633148193,1.4760890925519532,0.3844558795723949,0.9685277342796326
276,2,12,0.7443755865097046,0.27190515398979187,0.5302505269484129,0.3682286062704988,0.999661386013031
276,2,13,1.9063117504119873,0.6305578947067261,1.5355656442361736,0.6639324093059569,0.4632953107357025
276,2,14,0.2890777289867401,0.6554264426231384,0.2033954749371058,0.6690545715054174,0.9825963377952576
276,2,15,1.7263258695602417,0.874004065990448,1.432444067889171,0.8931721937871705,0.3672943711280823
276,2,16,0.3451288342475891,1.005205750465393,0.2702071379143072,0.9489627072211132,0.8592395186424255
276,2,17,1.7108088731765747,0.951089084148407,1.4339209157943493,0.970605883263772,0.3398672640323639
276,2,18,0.2449733465909958,1.1122685670852661,0.21355965496619886,1.0359110967586305,0.7424041032791138
276,2,19,1.6430368423461914,0.9360566735267639,1.3620787707785174,0.9599698782902882,0.3482244312763214
276,2,20,0.4588122069835663,1.1042277812957764,0.3692114413222423,1.0388365378303461,0.7636315822601318
276,2,21,1.6171342134475708,0.9080732464790344,1.3302589500002229,0.9310489762293488,0.3617393374443054
276,2,22,0.5230280160903931,1.0540989637374878,0.4096625937776964,1.0004461564542488,0.7620407938957214
276,2,23,1.4693713188171387,0.9041196703910828,1.1778313664408664,0.9184474800205986,0.875849723815918
276,2,24,0.788999617099762,0.9248566031455994,0.6222896178009858,0.9151634640970423,0.9426237940788269
276,2,25,1.4813075065612793,1.2970486879348755,1.1684521289917156,1.2729268645427028,0.34169521927833557
276,2,26,0.7599745988845825,1.3303159475326538,0.5988049909133167,1.277728110183534,0.465165376663208
276,2,27,1.311216115951538,1.5591720342636108,1.1377795699211066,1.5518056233703577,0.12000423669815063
276,2,28,0.7607702612876892,1.6417163610458374,0.62174581702556,1.5699682373435793,0.16981691122055054
276,2,29,1.2384480237960815,1.5817022323608398,1.1179257580351805,1.5963762111739541,0.11351387947797775
276,2,30,0.6012462377548218,1.6683827638626099,0.5235496647799224,1.6097936734657652,0.15759259462356567
276,2,31,1.331130027770996,1.7238184213638306,1.181583130664102,1.676241530827371,0.09420032054185867
276,2,32,0.9271674156188965,1.8049955368041992,0.7811028600148183,1.7013215008996,0.13639909029006958
278,2,0,1.9102494716644287,0.1654285192489624,1.4070624059300492,0.20023665227628618,0.813155472278595
278,2,1,1.9693790674209595,0.10925904661417007,1.4616465339821125,0.1546263868137431,0.7817095518112183
278,2,2,2.001150608062744,0.10446586459875107,1.4968299420599107,0.15323205453836786,0.776996374130249
278,2,3,2.033567428588867,0.09999479353427887,1.531728837959678,0.15228426730889075,0.7656858563423157
278,2,4,1.8631820678710938,0.11008650809526443,1.347975964488219,0.1532630375855635,0.8161448836326599
278,2,5,1.8160055875778198,0.10478410124778748,1.3036732089350687,0.15046331302070892,0.8340433239936829
278,2,6,1.7689365148544312,0.09940945357084274,1.260809059263114,0.14814132177355843,0.841353178024292
278,2,7,1.9935269355773926,0.045166388154029846,1.5421214559726018,0.13609251949396,0.7571245431900024
278,2,8,1.6202880144119263,0.045271243900060654,1.1578777088844376,0.13376339084495925,0.9088688492774963
278,2,9,1.8794893026351929,0.17006418108940125,1.4159831324473855,0.22368864799697621,0.8998959064483643
278,2,10,1.7600386142730713,0.16883131861686707,1.2790301774277562,0.22087886875692744,0.94474858045578
278,2,11,2.084463357925415,0.15909519791603088,1.6875693779824141,0.30667935646667616,0.9702295660972595
278,2,12,0.818133533000946,0.15128928422927856,0.6297230694545953,0.2933703292200651,0.9996219277381897
278,2,13,2.1128451824188232,0.5664486885070801,1.736122882626609,0.6303698003671672,0.4342290163040161
278,2,14,0.31432443857192993,0.5730668306350708,0.2415970089874562,0.6360079555695836,0.9750518798828125
278,2,15,1.9503793716430664,0.8959865570068359,1.6121800557898227,0.89413941891972,0.3327436149120331
278,2,16,0.3300360143184662,0.9406323432922363,0.2907910467249051,0.9460994877908459,0.8203720450401306
278,2,17,1.9409607648849487,1.009846806526184,1.6098396738066887,0.9841012978575189,0.30783411860466003
278,2,18,0.23870238661766052,1.04642653465271,0.22220423403202422,1.0395255204552694,0.6975600719451904
278,2,19,1.8591874837875366,1.0033454895019531,1.5345197186416792,0.9748884229801225,0.31558001041412354
278,2,20,0.4520629942417145,1.047823429107666,0.39772868092104174,1.0419254713694934,0.7184944748878479
278,2,21,1.8276982307434082,0.9567723870277405,1.5028159448086928,0.939893293035427,0.32790035009384155
278,2,22,0.5099005699157715,1.0041658878326416,0.44417555641604084,1.0017245571806122,0.7158266305923462
278,2,23,1.5832467079162598,0.8756152987480164,1.3182263606410025,0.9037160561286539,0.877198338508606
278,2,24,0.8534102439880371,0.8801966905593872,0.7020637415948543,0.9031390032759663,0.9387996792793274
278,2,25,1.536372184753418,1.374280571937561,1.295772879649539,1.3078246135884162,0.3130215108394623
278,2,26,0.8300056457519531,1.386597990989685,0.6786064371705378,1.3152191124830754,0.43211230635643005
278,2,27,1.4051580429077148,1.7428174018859863,1.2301325618480001,1.6176855033090718,0.11001100391149521
278,2,28,0.6612443327903748,1.762184977531433,0.6353300122234411,1.6362652198364722,0.15634597837924957
278,2,29,1.3637773990631104,1.7988760471343994,1.2028088804170092,1.6662334817874458,0.10417203605175018
278,2,30,0.5605605840682983,1.8226640224456787,0.536277658130808,1.683242792092724,0.1486862748861313
278,2,31,1.3939290046691895,1.910776972770691,1.2548522911362556,1.7571989709678033,0.08826586604118347
278,2,32,0.8736956715583801,1.9033647775650024,0.8129792577183087,1.77102075226428,0.12652315199375153
