frame_id,person_id,landmark_id,raw_x,raw_y,filtered_x,filtered_y,visibility
10,2,0,0.37238043546676636,0.13836786150932312,0.37238043546676636,0.13836786150932312,0.9571329355239868
10,2,1,0.39963552355766296,0.14286623895168304,0.39963552355766296,0.14286623895168304,0.9624258875846863
10,2,2,0.40531766414642334,0.1398884356021881,0.40531766414642334,0.1398884356021881,0.9570299983024597
10,2,3,0.41102808713912964,0.13688066601753235,0.41102808713912964,0.13688066601753235,0.9651054739952087
10,2,4,0.3909091353416443,0.14991030097007751,0.3909091353416443,0.14991030097007751,0.9569276571273804
10,2,5,0.39057374000549316,0.15158405900001526,0.39057374000549316,0.15158405900001526,0.9562408924102783
10,2,6,0.3900581896305084,0.15331974625587463,0.3900581896305084,0.15331974625587463,0.9702228903770447
10,2,7,0.44044965505599976,0.113088458776474,0.44044965505599976,0.113088458776474,0.9742732644081116
10,2,8,0.40087953209877014,0.13489380478858948,0.40087953209877014,0.13489380478858948,0.9691281914710999
10,2,9,0.3771970868110657,0.11830607056617737,0.3771970868110657,0.11830607056617737,0.9649174213409424
10,2,10,0.37099525332450867,0.12480172514915466,0.37099525332450867,0.12480172514915466,0.9705033898353577
10,2,11,0.4384421408176422,0.029962271451950073,0.4384421408176422,0.029962271451950073,0.8716045618057251
10,2,12,0.3609490692615509,0.07145947217941284,0.3609490692615509,0.07145947217941284,0.8758072257041931
10,2,13,0.3665789067745209,0.14413264393806458,0.3665789067745209,0.14413264393806458,0.584235429763794
10,2,14,0.2600167393684387,0.20238330960273743,0.2600167393684387,0.20238330960273743,0.42941343784332275
10,2,15,0.44561272859573364,0.2896595895290375,0.44561272859573364,0.2896595895290375,0.2657652795314789
10,2,16,0.4473602771759033,0.2775111496448517,0.4473602771759033,0.2775111496448517,0.46796584129333496
10,2,17,0.4925975203514099,0.33126237988471985,0.4925975203514099,0.33126237988471985,0.27389347553253174
10,2,18,0.4893762469291687,0.3109072148799896,0.4893762469291687,0.3109072148799896,0.486940860748291
10,2,19,0.469886839389801,0.32948896288871765,0.469886839389801,0.32948896288871765,0.324421763420105
10,2,20,0.530642569065094,0.2908579111099243,0.530642569065094,0.2908579111099243,0.550430178642273
10,2,21,0.4532153606414795,0.31379035115242004,0.4532153606414795,0.31379035115242004,0.3018810451030731
10,2,22,0.5096995234489441,0.2753501832485199,0.5096995234489441,0.2753501832485199,0.4862845540046692
10,2,23,0.20736271142959595,-0.24781584739685059,0.20736271142959595,-0.24781584739685059,0.8326094746589661
10,2,24,0.18466438353061676,-0.23822319507598877,0.18466438353061676,-0.23822319507598877,0.8335394859313965
10,2,25,0.2033265084028244,-0.2432929277420044,0.2033265084028244,-0.2432929277420044,0.035234030336141586
10,2,26,0.2416137009859085,-0.2502710819244385,0.2416137009859085,-0.2502710819244385,0.09058539569377899
10,2,27,0.27984240651130676,-0.24018757045269012,0.27984240651130676,-0.24018757045269012,0.022797005251049995
10,2,28,0.23881632089614868,-0.21518975496292114,0.23881632089614868,-0.21518975496292114,0.09701994061470032
10,2,29,0.29576539993286133,-0.2309349626302719,0.29576539993286133,-0.2309349626302719,0.027404727414250374
10,2,30,0.2660709619522095,-0.21094052493572235,0.2660709619522095,-0.21094052493572235,0.0808098167181015
10,2,31,0.2720380425453186,-0.25259509682655334,0.2720380425453186,-0.25259509682655334,0.06043899804353714
10,2,32,0.18026207387447357,-0.2023768126964569,0.18026207387447357,-0.2023768126964569,0.11675585061311722
11,2,0,0.46195414662361145,0.4300265610218048,0.39041643053084796,0.19742603378124945,0.9576232433319092
11,2,1,0.46641653776168823,0.4529993534088135,0.4130735477764192,0.20569749532467446,0.9574796557426453
11,2,2,0.4577717185020447,0.4535181522369385,0.41586850656830027,0.20343424394558457,0.9531422853469849
11,2,3,0.4492014944553375,0.45395517349243164,0.41870338300931226,0.20113057237739382,0.9601181745529175
11,2,4,0.4962059259414673,0.4522778391838074,0.4121203574781605,0.21115510468872112,0.9542991518974304
11,2,5,0.5113176107406616,0.45197829604148865,0.4149071623466462,0.212425838880149,0.9539316296577454
11,2,6,0.5264670252799988,0.4516158401966095,0.4175605940954116,0.21373305267226372,0.9664831161499023
11,2,7,0.46208158135414124,0.44804292917251587,0.44479703763556605,0.18099507659688674,0.9717660546302795
11,2,8,0.5703985691070557,0.4427016079425812,0.4350891287642431,0.19724994549661423,0.9672690629959106
11,2,9,0.47898736596107483,0.4300951063632965,0.3976999386799525,0.18147570747679437,0.9661401510238647
11,2,10,0.5178259015083313,0.4226256310939789,0.40060749310159405,0.1851186102345358,0.9710628390312195
11,2,11,0.3626628518104553,0.37044334411621094,0.42318959371481785,0.09899988421031518,0.8835980892181396
11,2,12,0.6943028569221497,0.3070666491985321,0.4285281782804682,0.11909350513782127,0.8878321051597595
11,2,13,0.2352583408355713,0.2220146805047989,0.340106148974004,0.1598093464258218,0.5617212653160095
11,2,14,0.6442179083824158,0.1916847825050354,0.33801353469547857,0.20023387927257655,0.46562865376472473
11,2,15,0.2362229824066162,0.11594567447900772,0.4033100952168952,0.25459934910217386,0.26507124304771423
11,2,16,0.5291560888290405,0.08676526695489883,0.4638265787989309,0.23899510888859166,0.4941377341747284
11,2,17,0.22237321734428406,0.06810656189918518,0.4379121615341407,0.2780179267967575,0.2740817368030548
11,2,18,0.5519210696220398,0.07689128816127777,0.5019603491851585,0.2635969878494891,0.5111023187637329
11,2,19,0.25089186429977417,0.08205720037221909,0.4256318475604028,0.2794478367062514,0.3217400014400482
11,2,20,0.5465283989906311,0.07941223680973053,0.5338346400040008,0.24813747703213068,0.5705769658088684
11,2,21,0.2675328552722931,0.09438253939151764,0.41572702390095456,0.2694514229310232,0.3036568760871887
11,2,22,0.5048232674598694,0.06999275088310242,0.5087199999108208,0.23386684896531004,0.5114918947219849
11,2,23,0.195221945643425,-0.017153523862361908,0.2049234236051655,-0.20118795705073417,0.8326725363731384
11,2,24,0.40637585520744324,-0.05043760687112808,0.2294717183223044,-0.20030803461636426,0.8383466601371765
11,2,25,0.12011302262544632,-0.2262389361858368,0.18657415026427873,-0.23986601607841526,0.0624152347445488
11,2,26,0.4141269326210022,-0.24358846247196198,0.2764304447918528,-0.24892863494913534,0.12078910320997238
11,2,27,0.128476083278656,-0.4025619924068451,0.24931156414016845,-0.27294882662746234,0.024264272302389145
11,2,28,0.2453935593366623,-0.4671816825866699,0.24013759435552484,-0.2661595987853389,0.10134948790073395
11,2,29,0.12700292468070984,-0.4153781235218048,0.2617091989553823,-0.2681717958854233,0.03236047551035881
11,2,30,0.23792240023612976,-0.4870361089706421,0.26041289232593406,-0.2668231664571108,0.09192641824483871
11,2,31,0.13438844680786133,-0.5161150097846985,0.24428451749550384,-0.3059137567258649,0.05737276002764702
11,2,32,0.21409691870212555,-0.5790232419967651,0.18706421351447222,-0.27882395083607325,0.1138521358370781
12,2,0,0.5756409168243408,0.43060263991355896,0.42781186537345856,0.24456610559414033,0.9551581144332886
12,2,1,0.5797696709632874,0.46076056361198425,0.44671084463330457,0.2572937117307982,0.9476175308227539
12,2,2,0.5645780563354492,0.46455875039100647,0.4458612620217023,0.25626553199597946,0.9442407488822937
12,2,3,0.5490260720252991,0.4682266414165497,0.44497425369239324,0.2551790232939998,0.950938880443573
12,2,4,0.6232534050941467,0.4518117904663086,0.45477733149229865,0.25981755447459526,0.9480088949203491
12,2,5,0.6416780948638916,0.4489198923110962,0.4607435587612835,0.2602410315241426,0.9472723007202148
12,2,6,0.6600468158721924,0.44609853625297546,0.466594924323307,0.2607081131122032,0.9591442346572876
12,2,7,0.5407660603523254,0.47369715571403503,0.4641242115826591,0.2402672778462856,0.9649540781974792
12,2,8,0.699522852897644,0.44258731603622437,0.48859428128509064,0.24686534426532544,0.9639084339141846
12,2,9,0.5455671548843384,0.42292797565460205,0.42752214105311614,0.23030015375369492,0.9656946063041687
12,2,10,0.6002272963523865,0.4117330014705658,0.44092548791965513,0.23092369767299079,0.969698429107666
12,2,11,0.36872318387031555,0.4338947534561157,0.4122333493042473,0.16689553367963092,0.8946442604064941
12,2,12,0.7677736878395081,0.3720265328884125,0.4973141001013223,0.1702554858622882,0.8986849188804626
12,2,13,0.25495219230651855,0.3039512038230896,0.322962161703122,0.18887716695725454,0.5243391990661621
12,2,14,0.7887299060821533,0.21692125499248505,0.42968384057256476,0.2035870868070819,0.45635151863098145
12,2,15,0.23430787026882172,0.16824352741241455,0.3692050498721809,0.23721277091007614,0.2503499686717987
12,2,16,0.7578484416007996,0.09368260949850082,0.5233672357318231,0.2096901178246574,0.472280889749527
12,2,17,0.21597273647785187,0.13224022090435028,0.3930579601840499,0.24861858449010138,0.2630403935909271
12,2,18,0.7233381867408752,0.047384388744831085,0.5466998694327992,0.2199072731743887,0.4919269382953644
12,2,19,0.23468735814094543,0.1435617208480835,0.38707519987282735,0.25205095782410186,0.3078848123550415
12,2,20,0.7019451856613159,0.056741371750831604,0.5677586663591274,0.20948916974557547,0.5482099056243896
12,2,21,0.25687673687934875,0.15135006606578827,0.38367978744978826,0.2456521217701338,0.2932887375354767
12,2,22,0.6817165613174438,0.07242895662784576,0.543634760119644,0.20129518556270132,0.4957156181335449
12,2,23,0.27386531233787537,0.07953790575265884,0.21879710960784027,-0.1443603548817851,0.8464537858963013
12,2,24,0.5231280326843262,0.0469723679125309,0.28893814165037934,-0.15029745401546846,0.8523891568183899
12,2,25,0.2326618880033493,-0.12291315943002701,0.19584277906933018,-0.21629909004072864,0.12911750376224518
12,2,26,0.5008836388587952,-0.17473378777503967,0.32179554739673527,-0.2339956602636216,0.1707543134689331
12,2,27,0.17146536707878113,-0.3215985894203186,0.23364203478433487,-0.2827334542318399,0.053009338676929474
12,2,28,0.34237945079803467,-0.3627256155014038,0.26073166428939193,-0.28560751909642507,0.12289499491453171
12,2,29,0.16788221895694733,-0.32133519649505615,0.24281445927855314,-0.27886558941636785,0.05930379405617714
12,2,30,0.29015660285949707,-0.37387630343437195,0.26639186550449645,-0.28838950895625565,0.1151261180639267
12,2,31,0.16838596761226654,-0.3885621130466461,0.22900786935881998,-0.32255226315381963,0.07196226716041565
12,2,32,0.3569887578487396,-0.47335320711135864,0.22135603711088275,-0.318108957370568,0.12429355084896088
13,2,0,0.6304562091827393,0.44387322664260864,0.4687443096139495,0.2848212331394868,0.9203631281852722
13,2,1,0.6180769205093384,0.4899996221065521,0.48129513270017765,0.3043384295067715,0.8934574723243713
13,2,2,0.5980268120765686,0.4940827786922455,0.47655411182252905,0.3043504487517326,0.8888083100318909
13,2,3,0.5778539776802063,0.4980088770389557,0.47176256353114604,0.30428433406140115,0.895228922367096
13,2,4,0.6738156080245972,0.482171893119812,0.49904149809571113,0.3047565381154791,0.8972311019897461
13,2,5,0.6939574480056763,0.4808535575866699,0.5078910548631121,0.30482580403625126,0.8982271552085876
13,2,6,0.714404821395874,0.47956687211990356,0.5167136303741654,0.3049362783309515,0.914355993270874
13,2,7,0.5535867810249329,0.5066440105438232,0.48213779906911863,0.2941697218475338,0.9024278521537781
13,2,8,0.737733006477356,0.482022225856781,0.538983751148633,0.29440875584347104,0.9064071774482727
13,2,9,0.5856775641441345,0.43191465735435486,0.4594285519986074,0.2710240199009367,0.9344793558120728
13,2,10,0.6553630232810974,0.422571063041687,0.4842543935722822,0.26962348374838674,0.9426144361495972
13,2,11,0.36761510372161865,0.4172079265117645,0.4032605967609012,0.21752492206740906,0.9016831517219543
13,2,12,0.847914457321167,0.36392131447792053,0.5684257278404904,0.20936497873744978,0.906869649887085
13,2,13,0.2127114236354828,0.3090895414352417,0.30074985495280226,0.2131032152113078,0.5049520134925842
13,2,14,0.8992640376091003,0.18969643115997314,0.52524304582771,0.20079607910899802,0.47762832045555115
13,2,15,0.07329902052879333,0.19201964139938354,0.3092791756132615,0.22812422792744322,0.23994724452495575
13,2,16,0.8712490797042847,-0.04261296987533569,0.5939209293133005,0.1586564936393761,0.4621925950050354
13,2,17,0.10894376039505005,0.17634382843971252,0.33553855438416497,0.2340726671448289,0.25238388776779175
13,2,18,0.8903930187225342,-0.09129496663808823,0.6163955435690236,0.15685665723218473,0.47367969155311584
13,2,19,0.025705572217702866,0.1716795563697815,0.31375889048643224,0.23587187706285825,0.295503705739975
13,2,20,0.8599597811698914,-0.10669020563364029,0.6269278264861019,0.1454215122829498,0.5281702280044556
13,2,21,0.06199340522289276,0.17458413541316986,0.31848649106718324,0.23134961513354324,0.28236129879951477
13,2,22,0.8214589953422546,-0.08542594313621521,0.5998702482558609,0.1432442369881655,0.4806436598300934
13,2,23,0.33054274320602417,0.10236486047506332,0.2413114769307761,-0.0944621540191429,0.8578604459762573
13,2,24,0.5816726684570312,0.06980450451374054,0.3482170915248078,-0.10581676700387022,0.8589088916778564
13,2,25,0.3051268756389618,0.0463322177529335,0.21785965585971567,-0.16316141989116995,0.1613185554742813
13,2,26,0.5112248063087463,0.01645970158278942,0.360044773337957,-0.18333873362972333,0.19394837319850922
13,2,27,0.30622079968452454,-0.027411436662077904,0.24824902807859156,-0.23108545055036883,0.09604700654745102
13,2,28,0.45753008127212524,-0.03551182523369789,0.3004766198596452,-0.23502436426144815,0.1459111124277115
13,2,29,0.3160085380077362,-0.017161371186375618,0.2575455259558876,-0.22591722339424142,0.09986324608325958
13,2,30,0.43842026591300964,-0.018869763240218163,0.3011102923014872,-0.2338484166391772,0.14343690872192383
13,2,31,0.3120002746582031,-0.10268808901309967,0.2457155615412566,-0.2781209811068031,0.10959146171808243
13,2,32,0.457690566778183,-0.035999443382024765,0.26913831270314703,-0.2610008935828163,0.1477852612733841
14,2,0,0.5488255620002747,0.4336240887641907,0.4848648671368467,0.3148335221054794,0.8821664452552795
14,2,1,0.5432374477386475,0.37096768617630005,0.4937579063818809,0.3177462142695062,0.8608703017234802
14,2,2,0.5327550768852234,0.3652031421661377,0.4878598877533322,0.31659384832381166,0.8559992909431458
14,2,3,0.5276724696159363,0.36320188641548157,0.483009677762263,0.31613775757679624,0.8665190935134888
14,2,4,0.586715042591095,0.39523032307624817,0.5166942015256936,0.3229746683358078,0.8581278920173645
14,2,5,0.60454922914505,0.3961595296859741,0.5273577124556242,0.32321752851646,0.8553085327148438
14,2,6,0.62286776304245,0.39757588505744934,0.5380984756352936,0.3235916383938385,0.8729982376098633
14,2,7,0.5268523097038269,0.3793303668498993,0.49112994635928786,0.3113155835777719,0.8715444207191467
14,2,8,0.665549635887146,0.3540748655796051,0.5644951773372463,0.30641299997412785,0.869169294834137
14,2,9,0.5213651657104492,0.32490161061286926,0.47189016613560686,0.28186188698435766,0.9095645546913147
14,2,10,0.5757230520248413,0.3306919038295746,0.5026731860261758,0.28191028461409545,0.9123562574386597
14,2,11,0.361171156167984,0.38040754199028015,0.3947969876940991,0.25039035044526725,0.9097803831100464
14,2,12,0.836739718914032,0.3256016969680786,0.6227240465893886,0.2327875855258026,0.9119419455528259
14,2,13,0.18593625724315643,0.31407955288887024,0.2776152853340662,0.23344177000706617,0.46975260972976685
14,2,14,0.9753782749176025,0.19711101055145264,0.616798379344296,0.20005586147611343,0.44140759110450745
14,2,15,0.03667912259697914,0.21275711059570312,0.2541082008529817,0.22503641781904565,0.23075547814369202
14,2,16,0.9528710246086121,0.039760418236255646,0.6667428353056911,0.13469630169439192,0.42042872309684753
14,2,17,-0.016676848754286766,0.18049651384353638,0.26409656892370287,0.22329566867444245,0.24499841034412384
14,2,18,0.9816012382507324,0.004688725341111422,0.6904989756696666,0.12616262530482314,0.43158769607543945
14,2,19,-0.02176009863615036,0.17247864603996277,0.24573474132005368,0.22311664920475827,0.28892847895622253
14,2,20,0.9478461742401123,-0.003477924270555377,0.6919646494342424,0.11538956739469447,0.48186787962913513
14,2,21,0.023510292172431946,0.18693822622299194,0.2587496976745664,0.22241845774913113,0.2743510901927948
14,2,22,0.9103440642356873,0.012845947407186031,0.6627721162805104,0.11695753902159757,0.43902769684791565
14,2,23,0.3595016598701477,0.13811391592025757,0.2651286173515061,-0.04744373699218025,0.868802011013031
14,2,24,0.5989717841148376,0.11141648888587952,0.3989364169527409,-0.06191911404132553,0.8652299642562866
14,2,25,0.3658388555049896,0.08512261509895325,0.2477045312183744,-0.11294610888757985,0.15080614387989044
14,2,26,0.5684716701507568,0.07019270956516266,0.4021523843246986,-0.13205476213022413,0.17950965464115143
14,2,27,0.37898215651512146,0.04614368453621864,0.2746028735648216,-0.1749712014801497,0.0910109281539917
14,2,28,0.5173418521881104,0.045395947992801666,0.34429895470094507,-0.1782594406925955,0.13511791825294495
14,2,29,0.38241925835609436,0.06264279037714005,0.28271406183015896,-0.16749112433992125,0.09581351280212402
14,2,30,0.5008152723312378,0.06705575436353683,0.34144563841692854,-0.17290235345969607,0.13428381085395813
14,2,31,0.4077772796154022,-0.02937619574368,0.27841338964038287,-0.22781248253256398,0.1032874584197998
14,2,32,0.4904502332210541,-0.012615238316357136,0.3138649606997568,-0.2107658449696277,0.13838200271129608
15,2,0,0.44894105195999146,0.14152070879936218,0.4776424133657867,0.27985535321106225,0.8803929686546326
15,2,1,0.4185122549533844,0.1685422658920288,0.47861310718360667,0.2876539987284338,0.8680554032325745
15,2,2,0.3997737467288971,0.17574390769004822,0.47012426283224157,0.2881931557989419,0.8631599545478821
15,2,3,0.38231486082077026,0.18320071697235107,0.4627281902959092,0.28933854943518755,0.8737815022468567
15,2,4,0.49103111028671265,0.1610850989818573,0.5115361550534333,0.2903123551423726,0.862633466720581
15,2,5,0.5212578773498535,0.16298742592334747,0.5261323770206712,0.29089150875369585,0.8576328158378601
15,2,6,0.5554081201553345,0.1649594008922577,0.5415768435562546,0.2915893993400176,0.8756617307662964
15,2,7,0.3843133747577667,0.26051509380340576,0.46961171091663517,0.3010981044471218,0.8818404674530029
15,2,8,0.6109938025474548,0.21908126771450043,0.5738467418264189,0.2888299124388565,0.8778731226921082
15,2,9,0.4419631361961365,0.16391141712665558,0.46587435207661976,0.2580937305801598,0.9151278138160706
15,2,10,0.5263833403587341,0.1562761515378952,0.507438570915787,0.2565883150361405,0.918043315410614
15,2,11,0.359123557806015,0.33169224858283997,0.3876248407290937,0.2667575325651355,0.9172292351722717
15,2,12,0.8146481513977051,0.27695173025131226,0.661481101638351,0.24166905282122234,0.9171461462974548
15,2,13,0.21261397004127502,0.28467753529548645,0.2645359583515186,0.24374727054870424,0.4702514708042145
15,2,14,0.9873291254043579,0.2248798906803131,0.6919983664184329,0.20504520995759792,0.42733368277549744
15,2,15,0.1803751289844513,0.24492724239826202,0.23926792486925139,0.22903368076580735,0.2311096340417862
15,2,16,0.9448785781860352,0.15469923615455627,0.7230441050530855,0.1387160591463871,0.38943883776664734
15,2,17,0.15464921295642853,0.2432943433523178,0.2420457938745608,0.22731459576553525,0.2392139732837677
15,2,18,0.9491233229637146,0.13836081326007843,0.7428221259487899,0.1286133926966482,0.39875489473342896
15,2,19,0.20537030696868896,0.24521781504154205,0.23761807049626466,0.22755835693001308,0.28207331895828247
15,2,20,0.9377666115760803,0.1420382410287857,0.7416753844195698,0.12074579727018621,0.44613081216812134
15,2,21,0.2474767565727234,0.24321623146533966,0.25648475292990724,0.22659807615571997,0.2684655785560608
15,2,22,0.9089332222938538,0.15224087238311768,0.712555885931275,0.12405103456701969,0.40737584233283997
15,2,23,0.3990952968597412,0.1999056190252304,0.29213691271328135,0.002582023012595358,0.8810120820999146
15,2,24,0.6506792902946472,0.15166904032230377,0.44985722202550393,-0.018762270700371834,0.8772690296173096
15,2,25,0.33110278844833374,0.09834983199834824,0.264494251503092,-0.07025526297264789,0.16147306561470032
15,2,26,0.5863812565803528,0.06670551747083664,0.4393464320982713,-0.09191072224822341,0.1892918348312378
15,2,27,0.3491382300853729,0.03710836544632912,0.28960453800443187,-0.1321211738706123,0.09316882491111755
15,2,28,0.47344791889190674,0.042498257011175156,0.3703327097491895,-0.13364541494588028,0.139363095164299
15,2,29,0.35607486963272095,0.05413930490612984,0.2974788262482669,-0.12269943493041642,0.10149579495191574
15,2,30,0.4514293372631073,0.03954185172915459,0.3636041280723546,-0.12997829522871632,0.14178842306137085
15,2,31,0.36113181710243225,-0.047292064875364304,0.2950659012790375,-0.19137124142226553,0.11258133500814438
15,2,32,0.4187626540660858,-0.04754428192973137,0.3349959273302522,-0.1778327411894472,0.1472262740135193
16,2,0,0.47245562076568604,0.09330117702484131,0.47660050973617685,0.24219056395529975,0.8818254470825195
16,2,1,0.42492201924324036,0.1044895127415657,0.467813122832979,0.2506771467672738,0.87809818983078
16,2,2,0.4042590260505676,0.11263997107744217,0.4568709021355527,0.2527604088179574,0.8733268976211548
16,2,3,0.39048588275909424,0.12206684052944183,0.44818902215667594,0.2555851209142303,0.8839238882064819
16,2,4,0.5138307809829712,0.10878635197877884,0.5119970618918495,0.2536678953541145,0.8713521361351013
16,2,5,0.5360012650489807,0.10949096828699112,0.5281151025672413,0.2542724963568666,0.8646166324615479
16,2,6,0.564919114112854,0.1110006794333458,0.5462682442893688,0.2551350853151087,0.8830905556678772
16,2,7,0.38537412881851196,0.2020007073879242,0.4526526983738256,0.28113959803147986,0.8928092122077942
16,2,8,0.6048833727836609,0.2006905972957611,0.5800859410466271,0.2710837308023603,0.8874257206916809
16,2,9,0.4369983673095703,0.10672007501125336,0.4600699773796695,0.2275618063318823,0.9213566184043884
16,2,10,0.5249372124671936,0.11282406747341156,0.5109549132067023,0.22759731117122817,0.9236311912536621
16,2,11,0.3258095979690552,0.30397582054138184,0.375187769775706,0.2742407922331728,0.9231522083282471
16,2,12,0.7935841679573059,0.27763089537620544,0.6881133488812627,0.2488993396220594,0.9179989099502563
16,2,13,0.26994407176971436,0.32386088371276855,0.26562232986262724,0.2598742539178343,0.4692692160606384
16,2,14,0.8663909435272217,0.2961394190788269,0.7271995953493728,0.22338814495107642,0.3918675482273102
16,2,15,0.3976813554763794,0.373005747795105,0.27122569398224683,0.25806701710913726,0.2225026786327362
16,2,16,0.8001680970191956,0.317290723323822,0.7385686399537644,0.17476177952951638,0.3549101650714874
16,2,17,0.44771334528923035,0.413331538438797,0.2835907116582259,0.26487054197123183,0.22704026103019714
16,2,18,0.8115739226341248,0.3262714445590973,0.7566580874933019,0.16853205513329797,0.363544225692749
16,2,19,0.4669228494167328,0.4248743951320648,0.2839682350092309,0.2674081007012933,0.267794132232666
16,2,20,0.8135650157928467,0.3384556770324707,0.7561439452822808,0.1647387068191163,0.40755322575569153
16,2,21,0.4591689109802246,0.4058972895145416,0.2974239767847453,0.26279104173613643,0.25705990195274353
16,2,22,0.7827745676040649,0.337478369474411,0.7266874675315608,0.16717357591659976,0.3733810484409332
16,2,23,0.3867601454257965,0.25864675641059875,0.3111924581786372,0.05438319484880846,0.8927850127220154
16,2,24,0.6424482464790344,0.23573346436023712,0.48874926156043746,0.032718886080016094,0.8892825841903687
16,2,25,0.32309168577194214,0.12739455699920654,0.27628288660296657,-0.030336568958483995,0.18064814805984497
16,2,26,0.6520943641662598,0.11977742612361908,0.4823324068166534,-0.04914011154651838,0.19011202454566956
16,2,27,0.36478152871131897,0.10806287080049515,0.3047356259618653,-0.08355459268134563,0.09630531817674637
16,2,28,0.5119249224662781,0.09047625958919525,0.3988846854113123,-0.08834708797990568,0.13666871190071106
16,2,29,0.379192054271698,0.12807811796665192,0.3139284782723445,-0.07197578680575747,0.10531406104564667
16,2,30,0.4912721812725067,0.10589981824159622,0.389338209676215,-0.08228817778568392,0.13986794650554657
16,2,31,0.3795258104801178,0.02820683643221855,0.3120698376931229,-0.14699713066064427,0.1193719357252121
16,2,32,0.44403889775276184,0.01667463593184948,0.35696443958988927,-0.13855274616180824,0.1492651104927063
17,2,0,0.5285027027130127,0.17764435708522797,0.4870402538660628,0.22920310537070857,0.8815110325813293
17,2,1,0.4959312081336975,0.21643665432929993,0.47346508207642907,0.2437934182418079,0.879928708076477
17,2,2,0.47563445568084717,0.22549788653850555,0.460641530292545,0.2472806146774468,0.8747627139091492
17,2,3,0.45662549138069153,0.23412150144577026,0.44988387843579086,0.25127161918173635,0.8862645626068115
17,2,4,0.560329794883728,0.20422764122486115,0.5217178782751317,0.24372414976099271,0.8720879554748535
17,2,5,0.580633282661438,0.20402157306671143,0.5386789619367215,0.24416547240885267,0.8626247644424438
17,2,6,0.6020464897155762,0.2039341926574707,0.5574888976810185,0.24483671755420344,0.8812155723571777
17,2,7,0.43512484431266785,0.2912006974220276,0.44913051577379204,0.28316095945023023,0.8954278826713562
17,2,8,0.6438091993331909,0.259186327457428,0.5929077366689093,0.2686933823281954,0.8852373361587524
17,2,9,0.5000763535499573,0.20615193247795105,0.46811426372882126,0.22325910671816038,0.9252945184707642
17,2,10,0.5664805173873901,0.1951848417520523,0.5221246356633523,0.22108142417624954,0.9274798631668091
17,2,11,0.3285991847515106,0.35103532671928406,0.36581825966850323,0.2896984633573931,0.9298161268234253
17,2,12,0.8047181963920593,0.29349613189697266,0.7116108053265785,0.25786786801001954,0.9243435859680176
17,2,13,0.2658793330192566,0.30641382932662964,0.2656739487531585,0.269233928518173,0.4408482313156128
17,2,14,0.8109086155891418,0.2841363251209259,0.7440533161759477,0.23561016202505106,0.3624820113182068
17,2,15,0.31368502974510193,0.2134927660226822,0.27976362985484354,0.24910314348678653,0.21152010560035706
17,2,16,0.7205709218978882,0.2002115696668625,0.7349521384254575,0.17987696450041718,0.32604488730430603
17,2,17,0.2931894361972809,0.1987983137369156,0.28551908189038444,0.25157540540291506,0.21833296120166779
17,2,18,0.6734066605567932,0.17064684629440308,0.7398986690442755,0.16895682911419227,0.3358781635761261
17,2,19,0.333957314491272,0.20676785707473755,0.29402237892244953,0.2552078646299979,0.25735265016555786
17,2,20,0.6509828567504883,0.18363262712955475,0.7349607229158742,0.16853551051667814,0.37675049901008606
17,2,21,0.36520498991012573,0.21175090968608856,0.3110634159116256,0.25252502048228426,0.24730831384658813
17,2,22,0.6421655416488647,0.20376704633235931,0.709671521566051,0.1745308415303429,0.34577685594558716
17,2,23,0.4082391858100891,0.1889331340789795,0.3307373835134232,0.08151038763083598,0.9028714299201965
17,2,24,0.6260849833488464,0.1465645283460617,0.5164402330576452,0.05565838761778454,0.8993574976921082
17,2,25,0.3116813004016876,0.13586847484111786,0.28339970861052066,0.0032019695807646645,0.1825166493654251
17,2,26,0.5651991963386536,0.09211239963769913,0.49901519907958247,-0.02065660404681929,0.19465044140815735
17,2,27,0.35482510924339294,0.07878267765045166,0.31481020218670386,-0.050800008253644516,0.09904797375202179
17,2,28,0.4828905761241913,0.039307355880737305,0.4157971775876243,-0.06261541963418163,0.1380416303873062
17,2,29,0.36851704120635986,0.08915609866380692,0.3249093408403445,-0.03946544524941127,0.10987976938486099
17,2,30,0.4734513461589813,0.0440993458032608,0.40627228821165406,-0.05681274675118632,0.1447639763355255
17,2,31,0.3561091423034668,0.0002956205571535975,0.32092604467720576,-0.11729078412663045,0.12847104668617249
17,2,32,0.4198906421661377,-0.023199904710054398,0.3696255967447952,-0.11530899334296545,0.1580442637205124
18,2,0,0.5353536009788513,0.1982419490814209,0.49675714218192124,0.22297920853686987,0.8025959134101868
18,2,1,0.505235493183136,0.2315988391637802,0.4798518384349889,0.24134332581666193,0.8060832023620605
18,2,2,0.4879457652568817,0.23717381060123444,0.466129763468474,0.2452501118100143,0.7996171116828918
18,2,3,0.4709336757659912,0.2423635721206665,0.45411420384503737,0.2494820140931356,0.8141326904296875
18,2,4,0.5592356324195862,0.22481673955917358,0.5292612583675432,0.23992461861325295,0.796842098236084
18,2,5,0.5778900384902954,0.22653497755527496,0.5465631878947896,0.24062266975140673,0.7840299606323242
18,2,6,0.5967360138893127,0.2281797081232071,0.5653803884477322,0.24148962538510757,0.8037181496620178
18,2,7,0.4561016261577606,0.2861230969429016,0.4505309266855603,0.2837559578378444,0.8236081004142761
18,2,8,0.6462587118148804,0.2684192657470703,0.6036393783672852,0.2686383263066612,0.8069438934326172
18,2,9,0.5234833359718323,0.21771082282066345,0.4792523951055402,0.22214457392646397,0.8576655387878418
18,2,10,0.5785240530967712,0.21260075271129608,0.5334704017392325,0.2193776949796433,0.8633971810340881
18,2,11,0.4078202247619629,0.33950018882751465,0.3742642335154036,0.29971524563937396,0.922910213470459
18,2,12,0.8308539986610413,0.3040791451931,0.7356415660648931,0.2671614748989911,0.9105491638183594
18,2,13,0.38019153475761414,0.31217145919799805,0.2887484994058723,0.27786831006977053,0.40125465393066406
18,2,14,0.9171628952026367,0.3126928210258484,0.7789932957079598,0.25112563852095987,0.32957300543785095
18,2,15,0.3920363187789917,0.25806984305381775,0.30238423261334174,0.2509045475083704,0.1921418160200119
18,2,16,0.7823800444602966,0.2449868768453598,0.7444909554306185,0.1929780594582675,0.297396183013916
18,2,17,0.3641427159309387,0.24667099118232727,0.30134512399734886,0.25059022397355235,0.1990700215101242
18,2,18,0.7597184181213379,0.23045845329761505,0.7438817637313835,0.18133057963243718,0.3076290786266327
18,2,19,0.3917631208896637,0.25368553400039673,0.31370704748145317,0.25490209356418747,0.23483328521251678
18,2,20,0.7175142168998718,0.23116379976272583,0.7314549702174489,0.18113636177462591,0.3464730679988861
18,2,21,0.4170472323894501,0.26138070225715637,0.3324132196676286,0.25430411544172,0.22576944530010223
18,2,22,0.7071089148521423,0.2401571124792099,0.7091567987217111,0.18773602648921922,0.3175646960735321
18,2,23,0.4329353868961334,0.14395615458488464,0.35132273070494957,0.09407492597133817,0.9099666476249695
18,2,24,0.640915036201477,0.11474745720624924,0.541528943602894,0.06754635070340027,0.9040079116821289
18,2,25,0.3241947889328003,0.11463592201471329,0.29160276178302924,0.025653864894327073,0.1664048433303833
18,2,26,0.5555914640426636,0.08951183408498764,0.5103967425682171,0.0015394918920111356,0.1762140691280365
18,2,27,0.3659861385822296,0.08219844847917557,0.3251036114772501,-0.02398707592910799,0.09110493957996368
18,2,28,0.4851778745651245,0.05069466680288315,0.4297595100606444,-0.039784385238327793,0.12537531554698944
18,2,29,0.37556833028793335,0.10102012008428574,0.3350986219242936,-0.011137124678370101,0.10205719619989395
18,2,30,0.47050318121910095,0.05515776947140694,0.41919636382789655,-0.034252441391898134,0.13317546248435974
18,2,31,0.373674601316452,0.0034812670201063156,0.33153624808079546,-0.0929512335468448,0.11818283051252365
18,2,32,0.4608832895755768,-0.007153629790991545,0.3880017600273577,-0.09351993421801162,0.14445187151432037
25,2,0,0.49677303433418274,0.38285312056541443,0.4967672748413079,0.32500695338259006,0.8187109231948853
25,2,1,0.47648927569389343,0.3848828673362732,0.47770786767436446,0.33293828439466877,0.8236608505249023
25,2,2,0.47063112258911133,0.38688987493515015,0.46899985234146324,0.3356318171268361,0.817318856716156
25,2,3,0.46512821316719055,0.3887427747249603,0.4611370535928893,0.3383444528939254,0.8313162326812744
25,2,4,0.5024659037590027,0.38220226764678955,0.5121742331186192,0.33071366650885853,0.8147222399711609
25,2,5,0.5139321684837341,0.38299354910850525,0.5257541435064106,0.3314712557803431,0.801730215549469
25,2,6,0.5276929140090942,0.38373154401779175,0.5413461087557637,0.3322558511141518,0.8213804364204407
25,2,7,0.4731823205947876,0.4081738293170929,0.46497507483366257,0.3631404307223816,0.8381622433662415
25,2,8,0.5671021342277527,0.39681243896484375,0.5803387929875533,0.3504211782247388,0.8232867121696472
25,2,9,0.507292628288269,0.39154157042503357,0.49713342357717455,0.33025570242349667,0.870747447013855
25,2,10,0.5267540812492371,0.3908003866672516,0.5291879945651486,0.32878290400719407,0.8757592439651489
25,2,11,0.4426105320453644,0.45737001299858093,0.41785820936533125,0.4003257748708408,0.9288725852966309
25,2,12,0.7244102358818054,0.4111900329589844,0.7284801797319711,0.3590688277486933,0.9153634309768677
25,2,13,0.4185221195220947,0.5211434364318848,0.3715525624154122,0.43319522150286344,0.4201253354549408
25,2,14,0.7743088603019714,0.4562676250934601,0.7760065097483572,0.3820764830694281,0.34927842020988464
25,2,15,0.439776211977005,0.625131368637085,0.39005302560794936,0.49002102626597466,0.2157716006040573
25,2,16,0.7097176313400269,0.5672755241394043,0.7223155595747025,0.4321396399550129,0.31862837076187134
25,2,17,0.4429425001144409,0.6565555930137634,0.391699448853396,0.5100334325194378,0.2156171202659607
25,2,18,0.6942608952522278,0.6030788421630859,0.7122351632221163,0.45088431059989387,0.32073941826820374
25,2,19,0.44365784525871277,0.6650976538658142,0.39662408416666284,0.5170551007009361,0.2520829141139984
25,2,20,0.6887296438217163,0.6053935289382935,0.704207177497053,0.45229759497756095,0.3602977395057678
25,2,21,0.45376718044281006,0.6549853086471558,0.40984113906975606,0.5103626482435037,0.23920446634292603
25,2,22,0.6791594624519348,0.5950155854225159,0.6900276012489321,0.44802097303701693,0.33072608709335327
25,2,23,0.4413469433784485,0.3171042501926422,0.408751008853942,0.23645934409789016,0.9183868169784546
25,2,24,0.6031773686408997,0.2861638367176056,0.5808494616704043,0.2071105374442912,0.9125425219535828
25,2,25,0.4369771182537079,0.1920100450515747,0.3843695185372739,0.1318228170483302,0.16810443997383118
25,2,26,0.6092953681945801,0.17993567883968353,0.5734895388405272,0.11540025983009751,0.16442853212356567
25,2,27,0.4783632755279541,0.1471913456916809,0.4229065818930588,0.08526251415268471,0.09406650066375732
25,2,28,0.5431942343711853,0.11743640154600143,0.5021316438964238,0.06054901663927288,0.11805787682533264
25,2,29,0.48216909170150757,0.1621946543455124,0.4289485980865663,0.09948818518006503,0.10439568758010864
25,2,30,0.5303518772125244,0.12137409299612045,0.4901133821726662,0.06506266673656212,0.12605279684066772
25,2,31,0.476200670003891,0.07491475343704224,0.42384960054833287,0.014182108886590022,0.12342255562543869
25,2,32,0.52100670337677,0.0533771812915802,0.47286940316920745,0.00021950827122474426,0.1412002444267273
26,2,0,0.5429304242134094,0.26841625571250916,0.5060511155427919,0.3136227663736203,0.8368191123008728
26,2,1,0.5571320056915283,0.21974870562553406,0.493695681405081,0.3101321669015303,0.8412845134735107
26,2,2,0.5688050389289856,0.21940594911575317,0.4891017567153838,0.31221194766775345,0.835577130317688
26,2,3,0.5805251598358154,0.21901623904705048,0.48519634358325936,0.3142973715668621,0.8481789827346802
26,2,4,0.530780553817749,0.22524620592594147,0.5159132476014785,0.30946802777635773,0.8332237005233765
26,2,5,0.5266624689102173,0.22912254929542542,0.5259365845032955,0.3108556643982468,0.8215134143829346
26,2,6,0.5257628560066223,0.23307441174983978,0.5382148719784037,0.3122799956549492,0.8392175436019897
26,2,7,0.621760368347168,0.23402822017669678,0.49660370877171667,0.3371145955159207,0.8543319702148438
26,2,8,0.5565521121025085,0.2484840750694275,0.5755580943715972,0.3298887571663486,0.8409029841423035
26,2,9,0.5690197944641113,0.3555906414985657,0.5116008613251672,0.33534783426042425,0.8836650848388672
26,2,10,0.5403563976287842,0.35379621386528015,0.5314318618741349,0.33381034446354246,0.8881655335426331
26,2,11,0.7260175943374634,0.37270092964172363,0.4802861896724444,0.3947731026756976,0.9356779456138611
26,2,12,0.5597482323646545,0.33518552780151367,0.6944305137742429,0.35426870636059093,0.9165744781494141
26,2,13,0.8791142106056213,0.48507845401763916,0.47494398605724414,0.44363115765200034,0.4759646952152252
26,2,14,0.4408370554447174,0.5029392838478088,0.7080573059995714,0.4064340797394595,0.35827648639678955
26,2,15,0.8317162990570068,0.7288306951522827,0.47985749434897174,0.5383075233548698,0.2923569679260254
26,2,16,0.39791440963745117,0.7280667424201965,0.656568275302333,0.4920700264322309,0.3470706045627594
26,2,17,0.859771728515625,0.782218337059021,0.48694286886594934,0.5651194697594751,0.29173219203948975
26,2,18,0.35011258721351624,0.7811238765716553,0.6387659770765478,0.5178273872669839,0.3514329493045807
26,2,19,0.8383487462997437,0.795953631401062,0.4864410898624376,0.5735104306155386,0.3246348202228546
26,2,20,0.41136643290519714,0.7869755029678345,0.6449080408766283,0.520148765421661,0.3908217251300812
26,2,21,0.8215899467468262,0.7732033729553223,0.4934939482428186,0.563543760762062,0.3118765354156494
26,2,22,0.42390701174736023,0.7700284123420715,0.6361791530809593,0.5132804246394428,0.3594305217266083
26,2,23,0.6606960296630859,0.35820040106773376,0.4597114678723293,0.2609947700553788,0.9263449311256409
26,2,24,0.5797426104545593,0.36486712098121643,0.5806271474966818,0.23893638648353116,0.92093425989151
26,2,25,0.6650457978248596,0.3073720335960388,0.4411867209339838,0.1672556560198272,0.18265728652477264
26,2,26,0.5618337392807007,0.3314255177974701,0.5711477372636409,0.15905197011824854,0.161490336060524
26,2,27,0.5932807326316833,0.2391832321882248,0.45728967291414824,0.11631114675444137,0.10083942115306854
26,2,28,0.4915412664413452,0.22725582122802734,0.5000039592099794,0.09418877066144142,0.12266674637794495
26,2,29,0.5796101093292236,0.24445101618766785,0.45933676891411385,0.12872255464454566,0.10821733623743057
26,2,30,0.4837740957736969,0.22283321619033813,0.488839923857208,0.09689124796018764,0.1339951604604721
26,2,31,0.5821377635002136,0.18828628957271576,0.45578286225813536,0.0493218086090853,0.13884001970291138
26,2,32,0.4772522747516632,0.18210163712501526,0.4737498105377195,0.03693691069528773,0.15240423381328583
28,2,0,0.5259628295898438,0.18109281361103058,0.5127143972024176,0.2691757860661748,0.8509806990623474
28,2,1,0.5452157855033875,0.1632714867591858,0.5109470389604758,0.26086532117060335,0.8564016222953796
28,2,2,0.5594047904014587,0.16136035323143005,0.512651122099633,0.2616023751312449,0.8511561751365662
28,2,3,0.5736148357391357,0.15958406031131744,0.514824262492446,0.26238834315368054,0.8626538515090942
28,2,4,0.5087030529975891,0.164677232503891,0.5135010209795581,0.2608975055681258,0.8488383293151855
28,2,5,0.4962698221206665,0.1636955887079239,0.5160070006451576,0.2614880968688046,0.8376819491386414
28,2,6,0.48393315076828003,0.16271477937698364,0.5200378671015331,0.2621032447040045,0.8536206483840942
28,2,7,0.605509340763092,0.14352045953273773,0.5331111513674684,0.27211152312426906,0.8685408234596252
28,2,8,0.47409310936927795,0.14600792527198792,0.5415499673568508,0.26815872396780505,0.8561660647392273
28,2,9,0.5544977188110352,0.18142259120941162,0.525962342709233,0.28370410730380125,0.894292414188385
28,2,10,0.5125033259391785,0.18308940529823303,0.5250977290512796,0.2832448311776981,0.8981173634529114
28,2,11,0.6949950456619263,0.16742099821567535,0.5524091989082932,0.3183855689830162,0.9420274496078491
28,2,12,0.42418214678764343,0.14764969050884247,0.6035550222277574,0.28487491948929067,0.9241719841957092
28,2,13,0.7613379955291748,0.21654437482357025,0.571281693511694,0.36733316405703703,0.49377158284187317
28,2,14,0.33742260932922363,0.17432160675525665,0.5831839313586961,0.3284399581942707,0.3554871380329132
28,2,15,0.6701216697692871,0.2338852882385254,0.5437397497988993,0.4358742921693376,0.3197404444217682
28,2,16,0.4196186661720276,0.24338960647583008,0.5769404892211111,0.40848309557313434,0.3331378996372223
28,2,17,0.6588096022605896,0.24641066789627075,0.5446276514606214,0.4578498722570231,0.31183090806007385
28,2,18,0.4285981059074402,0.25824666023254395,0.568174553325606,0.43055860927563283,0.3347180485725403
28,2,19,0.6312947869300842,0.23295898735523224,0.5350337760066854,0.45884106175875317,0.34513622522354126
28,2,20,0.45170795917510986,0.253751277923584,0.580037300878452,0.43057654807309464,0.3718957006931305
28,2,21,0.6307227611541748,0.22640423476696014,0.5395218865963594,0.450030537453907,0.32705533504486084
28,2,22,0.45431724190711975,0.24680496752262115,0.5751289129817242,0.42368173669569076,0.34174811840057373
28,2,23,0.621149480342865,0.3097453713417053,0.5138843108527178,0.27731802798286664,0.933552086353302
28,2,24,0.4729771018028259,0.3042718172073364,0.5445417814525931,0.2608198293148317,0.9281492233276367
28,2,25,0.6964215040206909,0.3959268033504486,0.526989913853964,0.24408936771755768,0.2192700356245041
28,2,26,0.4773061275482178,0.3930045962333679,0.5396994639127755,0.23766841093879715,0.16344080865383148
28,2,27,0.619439959526062,0.474654883146286,0.5117020707407568,0.23701596531122643,0.12141191214323044
28,2,28,0.49687448143959045,0.4681328237056732,0.49895705309881744,0.22018607536055257,0.12161656469106674
28,2,29,0.6046292185783386,0.4776155650615692,0.5080762686871476,0.24622265068206461,0.11973915249109268
28,2,30,0.5152603983879089,0.4753820300102234,0.4976824358301643,0.22443164600862636,0.12807448208332062
28,2,31,0.6082233786582947,0.5319278836250305,0.5069273409792927,0.21227071076534104,0.15243230760097504
28,2,32,0.47240594029426575,0.5162229537963867,0.4733002606318188,0.19875437738424379,0.15235312283039093
29,2,0,0.514337420463562,0.2021659016609192,0.5130403944826162,0.25569159717915524,0.8656337261199951
29,2,1,0.5328330397605896,0.182082861661911,0.5153455216587016,0.2450069200612168,0.8705922365188599
29,2,2,0.5476384162902832,0.17975404858589172,0.5196851927002075,0.2451254179896563,0.8658264875411987
29,2,3,0.5623804926872253,0.17759278416633606,0.5243886507439948,0.24531666492772927,0.8761498332023621
29,2,4,0.493171364068985,0.18410621583461761,0.5094155100558478,0.24544077721694835,0.8636997938156128
29,2,5,0.479530394077301,0.18326722085475922,0.5086732269667913,0.24574298669885858,0.8535321950912476
29,2,6,0.46598419547080994,0.18246737122535706,0.50916479215973,0.2460726728418615,0.8678451776504517
29,2,7,0.5966017842292786,0.1609347015619278,0.5458859495894072,0.24971200305705954,0.8815551996231079
29,2,8,0.45567557215690613,0.16676943004131317,0.5242606294072765,0.2477367677389897,0.8703941106796265
29,2,9,0.5461908578872681,0.2043599784374237,0.5300275270701268,0.26773242062080166,0.9047510027885437
29,2,10,0.5023428797721863,0.20735448598861694,0.5205245330396027,0.26796985691626585,0.9081602692604065
29,2,11,0.7080914378166199,0.18681032955646515,0.5838149282471099,0.29186114600388113,0.9478176236152649
29,2,12,0.3873806595802307,0.1565578728914261,0.559872984380102,0.2590096758337383,0.9317287802696228
29,2,13,0.7998420000076294,0.24314749240875244,0.6174839282795953,0.3423035834238537,0.5345502495765686
29,2,14,0.3535679578781128,0.2161557525396347,0.5367677276974808,0.30581663138140974,0.37269893288612366
29,2,15,0.6876718997955322,0.23275484144687653,0.5727658535646417,0.3948454741350271,0.3683322072029114
29,2,16,0.42801204323768616,0.23856215178966522,0.5469029233830823,0.3741921858968418,0.3395542800426483
29,2,17,0.6681388020515442,0.2408389449119568,0.569521359435846,0.4139981662936906,0.35233455896377563
29,2,18,0.43356677889823914,0.2600290775299072,0.5410361599525082,0.3961443905137231,0.3345278203487396
29,2,19,0.6377030611038208,0.22595040500164032,0.5557146685264757,0.411759630347272,0.3812147080898285
29,2,20,0.45677095651626587,0.2549847364425659,0.5551934582981938,0.3951357213575789,0.36735475063323975
29,2,21,0.6371889710426331,0.22296415269374847,0.5591923733214202,0.4041339447145376,0.3554214537143707
29,2,22,0.4627225995063782,0.2500412166118622,0.5524807949478208,0.38863661306760244,0.3403725326061249
29,2,23,0.6368605494499207,0.32981377840042114,0.5386694933943028,0.28787737293904464,0.9401615858078003
29,2,24,0.470231831073761,0.3209148943424225,0.5295856428030714,0.2729103306539503,0.9351953864097595
29,2,25,0.7608756422996521,0.49584439396858215,0.5742746778149711,0.295011887500733,0.26373860239982605
29,2,26,0.4362409710884094,0.43674176931381226,0.5188596674020226,0.2778761082081735,0.17340776324272156
29,2,27,0.8245121836662292,0.6561148166656494,0.5750809745082467,0.32218207407732563,0.17552292346954346
29,2,28,0.4846842288970947,0.5807385444641113,0.49608923437734137,0.2933365013280726,0.13630743324756622
29,2,29,0.8165789246559143,0.6719004511833191,0.5705748594114519,0.3327412891496928,0.1475137323141098
29,2,30,0.5070563554763794,0.5999480485916138,0.49956567509529604,0.3006495911027916,0.1367623507976532
29,2,31,0.8685115575790405,0.734085738658905,0.580287392215628,0.3186123216415949,0.19843611121177673
29,2,32,0.45744967460632324,0.642065167427063,0.4701152846784224,0.2889023211229095,0.17032083868980408
30,2,0,0.5081768035888672,0.19993944466114044,0.5120634163661992,0.24447630024230435,0.8789598941802979
30,2,1,0.5261736512184143,0.1756114512681961,0.5175210012320978,0.23104172682402288,0.8834412097930908
30,2,2,0.5408547520637512,0.17311884462833405,0.523939606340305,0.23063370154514912,0.8791440725326538
30,2,3,0.5554690957069397,0.17087402939796448,0.5306365819903514,0.2303336524051791,0.8884505033493042
30,2,4,0.486966073513031,0.1782790720462799,0.5049037319787022,0.23192595537913574,0.8772033452987671
30,2,5,0.47370314598083496,0.17811252176761627,0.5016426406325596,0.23213365723180257,0.8680000305175781
30,2,6,0.46053898334503174,0.17801113426685333,0.4993850315755155,0.23237643136895741,0.8808714151382446
30,2,7,0.5895978212356567,0.15951335430145264,0.5546762341825365,0.23154973787193847,0.8933582901954651
30,2,8,0.4513779282569885,0.16147544980049133,0.509592265894246,0.23036924838919512,0.883239209651947
30,2,9,0.5401798486709595,0.19749382138252258,0.5320671912059025,0.2535972396445661,0.9141846895217896
30,2,10,0.49651452898979187,0.19989746809005737,0.5156989086116852,0.25427144846024,0.9170820713043213
30,2,11,0.7213096022605896,0.1962279975414276,0.611537610906887,0.27260166371040395,0.9530311226844788
30,2,12,0.4027336537837982,0.17242752015590668,0.528172102784486,0.24157738427240052,0.9384586215019226
30,2,13,0.8615947961807251,0.24610351026058197,0.6668509547582572,0.3229296283389428,0.5773797631263733
30,2,14,0.40265631675720215,0.24062922596931458,0.5097294816266429,0.29269978296802257,0.3621147871017456
30,2,15,0.7508327960968018,0.2526153028011322,0.6087098960994873,0.36616446820934867,0.4137571454048157
30,2,16,0.4218370318412781,0.24557991325855255,0.5216950249122585,0.3482673410702669,0.3341061770915985
30,2,17,0.7355522513389587,0.2598308026790619,0.6030245787461249,0.3828996446110483,0.3863895833492279
30,2,18,0.4239494800567627,0.25794610381126404,0.5174417792783323,0.36827985628684157,0.3268594443798065
30,2,19,0.7027555704116821,0.25065383315086365,0.5853700849096861,0.37925511564386905,0.4135657846927643
30,2,20,0.4247768223285675,0.2532200217247009,0.5289032555286173,0.3665186792501516,0.3576991856098175
30,2,21,0.7031906843185425,0.24672380089759827,0.5882316260062028,0.37237832666406584,0.3856911361217499
30,2,22,0.4368569254875183,0.24858848750591278,0.5291822963612511,0.36039761016668587,0.33319899439811707
30,2,23,0.648226261138916,0.35204753279685974,0.5607417693180441,0.30078918961632284,0.9461115598678589
30,2,24,0.4753637909889221,0.3382371962070465,0.518678697373764,0.28605532284144985,0.9414820671081543
30,2,25,0.7400141954421997,0.5105026364326477,0.6077188993897958,0.3385555597546228,0.3268510401248932
30,2,26,0.3593144714832306,0.45079556107521057,0.4866717862903748,0.3127760173910044,0.22108891606330872
30,2,27,0.8555970788002014,0.6593201756477356,0.6318666105157849,0.39053912056199436,0.2526262104511261
30,2,28,0.3275996148586273,0.6041485667228699,0.4620884267422618,0.3563094391234312,0.2004351168870926
30,2,29,0.8654693365097046,0.676617443561554,0.6302948640610316,0.40247752617592086,0.20066235959529877
30,2,30,0.34907129406929016,0.6241128444671631,0.46921150207365553,0.36620887802778457,0.1767541766166687
30,2,31,0.8901143074035645,0.7238745093345642,0.643057791322002,0.4009393569090183,0.2681969106197357
30,2,32,0.26504382491111755,0.6688936352729797,0.42869014969139424,0.36604081920650555,0.22936175763607025
31,2,0,0.5326017141342163,0.2040252685546875,0.5161908882329332,0.23634251895228864,0.890999436378479
31,2,1,0.5556138157844543,0.17505085468292236,0.5251800841416562,0.21977831447016383,0.894993782043457
31,2,2,0.578519880771637,0.17244841158390045,0.5349187985574198,0.2189281264049557,0.8910889625549316
31,2,3,0.5922117829322815,0.16984231770038605,0.5430252880611619,0.21816336369006809,0.8994109034538269
31,2,4,0.5109187364578247,0.1804356426000595,0.506112042242711,0.22156920663075855,0.8893626928329468
31,2,5,0.49371328949928284,0.17997129261493683,0.5000496870236131,0.22164153360128822,0.8810420632362366
31,2,6,0.4586900770664215,0.18064819276332855,0.4912021631724819,0.22197175506051361,0.8925625681877136
31,2,7,0.6377704739570618,0.16338656842708588,0.5714045932085005,0.21783296857835088,0.9038740992546082
31,2,8,0.4487844407558441,0.164348766207695,0.4973582219035625,0.2170844705309703,0.894767701625824
31,2,9,0.563105046749115,0.21710436046123505,0.5383065426868195,0.2462601630603774,0.9227324724197388
31,2,10,0.5098152756690979,0.21517248451709747,0.5145169943148011,0.24640983218194154,0.9253169894218445
31,2,11,0.7481705546379089,0.20302049815654755,0.6390858621058565,0.25859898301673795,0.9577124118804932
31,2,12,0.3977673053741455,0.2262788712978363,0.5018841871484065,0.23850335831586575,0.9445688128471375
31,2,13,0.9035489559173584,0.28831619024276733,0.7147090410761816,0.31597076222978476,0.5924199819564819
31,2,14,0.39826521277427673,0.36542952060699463,0.4872714156617485,0.30733719406615007,0.3785741329193115
31,2,15,0.861149787902832,0.3845861256122589,0.6597722344010357,0.369866308901534,0.41168567538261414
31,2,16,0.4022126793861389,0.4232744574546814,0.49761630675811375,0.36336409784356116,0.3384689390659332
31,2,17,0.8733686208724976,0.4046976566314697,0.6577356322065577,0.38728037847382557,0.3870983123779297
31,2,18,0.3817579448223114,0.4460548162460327,0.4900856709977135,0.3839349327642513,0.33016371726989746
31,2,19,0.8399709463119507,0.3977714776992798,0.6368723693441566,0.382975986355479,0.4129289984703064
31,2,20,0.39353540539741516,0.43413034081459045,0.5016111775404279,0.38012414024005237,0.35944584012031555
31,2,21,0.8219993114471436,0.38972756266593933,0.6354921738605066,0.3758645485941001,0.38536402583122253
31,2,22,0.4143102765083313,0.42396703362464905,0.5060357828857679,0.3731881967341967,0.3383914828300476
31,2,23,0.6800616979598999,0.399089515209198,0.5847875627866501,0.3205872968817513,0.9514658451080322
31,2,24,0.4720422625541687,0.3915681838989258,0.5092995758762504,0.3073103615612762,0.9472587704658508
31,2,25,0.8086767792701721,0.5288357138633728,0.6483095468432245,0.37697809650355435,0.3699285387992859
31,2,26,0.2876060903072357,0.4628022313117981,0.44646630195833004,0.34303611385662247,0.2834928333759308
31,2,27,0.8934171795845032,0.7052283883094788,0.6847855338906147,0.4543053042130998,0.3103521466255188
31,2,28,0.24434424936771393,0.6440293192863464,0.41808760960899033,0.41456673245962106,0.2622063159942627
31,2,29,0.8842570185661316,0.7244430184364319,0.6816676000362201,0.46773130767142806,0.24652396142482758
31,2,30,0.27257978916168213,0.6741806864738464,0.4295003833056437,0.428601987165857,0.2225906401872635
31,2,31,0.954608142375946,0.7824998497962952,0.7061809747545071,0.4784014876411314,0.31857508420944214
31,2,32,0.14114871621131897,0.7207217812538147,0.3704720681324101,0.43799154614533237,0.280185341835022
32,2,0,0.5267488956451416,0.20131966471672058,0.51831207999003,0.2293012937611488,0.9017656445503235
32,2,1,0.5501807928085327,0.16072426736354828,0.5302049738341191,0.20789768141057977,0.9051227569580078
32,2,2,0.5690397024154663,0.1589595526456833,0.5417785147225342,0.2068631949178065,0.9016088247299194
32,2,3,0.5844002366065979,0.1572704315185547,0.5513450661993904,0.20591214273777458,0.9090884327888489
32,2,4,0.5056805610656738,0.16373135149478912,0.5060253788226323,0.20993364872476525,0.8997967839241028
32,2,5,0.4867026209831238,0.17629502713680267,0.49736794264092243,0.21252212125486022,0.8921195864677429
32,2,6,0.4587799906730652,0.1784457564353943,0.48468428191953117,0.21321890226750398,0.9021479487419128
32,2,7,0.6183837652206421,0.1598079353570938,0.5808527821769334,0.2061596628031085,0.9129639863967896
32,2,8,0.444515198469162,0.1625802367925644,0.48672900220226245,0.20612055896809825,0.9033623337745667
32,2,9,0.5674477815628052,0.21266593039035797,0.5441643168048529,0.23950642530486277,0.9303304553031921
32,2,10,0.5056931376457214,0.2077571451663971,0.5127442962554474,0.2386380480729198,0.932525634765625
32,2,11,0.7475790977478027,0.23327353596687317,0.6609433126415171,0.2535087513569048,0.9619037508964539
32,2,12,0.3838273882865906,0.25258761644363403,0.4780936933671483,0.24133326651843387,0.9496272802352905
32,2,13,0.8574330806732178,0.4388914108276367,0.7434910268436915,0.3407442393808763,0.6280306577682495
32,2,14,0.36811596155166626,0.44579097628593445,0.4632586282765759,0.3352533840951278,0.4148131310939789
32,2,15,0.8645520210266113,0.6193652749061584,0.7011394414063943,0.4203279978509624,0.4586043655872345
32,2,16,0.24427033960819244,0.5896772742271423,0.4463698998644933,0.40910721654577864,0.378113329410553
32,2,17,0.9031550288200378,0.6612037420272827,0.7073684959505275,0.44271954042537554,0.42729175090789795
32,2,18,0.18435175716876984,0.6221067905426025,0.4281522708766731,0.43209089880080587,0.35784533619880676
32,2,19,0.8569226264953613,0.6656050682067871,0.6813430673405745,0.44019080723355203,0.45268696546554565
32,2,20,0.20437733829021454,0.6264051198959351,0.44141399917322155,0.4299308936264486,0.38800936937332153
32,2,21,0.8343948125839233,0.6515780091285706,0.6756652938950451,0.4316686694950364,0.42930591106414795
32,2,22,0.24195480346679688,0.614535391330719,0.4526022176040867,0.42199043913870726,0.3736046552658081
32,2,23,0.6797928810119629,0.4368084669113159,0.6039203695878808,0.3440064733125959,0.9563054442405701
32,2,24,0.47163626551628113,0.4224647283554077,0.501726953910452,0.33051389257232416,0.952481210231781
32,2,25,0.7526310682296753,0.5783724188804626,0.6693242937299124,0.41765747923202867,0.38934677839279175
32,2,26,0.2974916100502014,0.5052778124809265,0.41641957753401315,0.37577118124615716,0.3042049705982208
32,2,27,0.7822937965393066,0.7267485857009888,0.7044242356536753,0.5094466214691756,0.3402799069881439
32,2,28,0.23150426149368286,0.6891269087791443,0.3804160881381946,0.47013929338673976,0.31248319149017334
32,2,29,0.7729657292366028,0.7385831475257874,0.700052338620836,0.5225481707492573,0.27189332246780396
32,2,30,0.2490169256925583,0.7146004438400269,0.39306670737259225,0.48650834963680145,0.24694706499576569
32,2,31,0.8396506309509277,0.808978259563446,0.7330897899096044,0.5454189063158327,0.34675946831703186
32,2,32,0.13575904071331024,0.7685239911079407,0.32301920009570884,0.5049989587177549,0.3186190724372864
33,2,0,0.5275949835777283,0.1617489457130432,0.5201770257583277,0.2157077396200634,0.9115663766860962
33,2,1,0.5415988564491272,0.13812901079654694,0.5324941543337065,0.19385724358578058,0.9145939350128174
33,2,2,0.5389958024024963,0.13810686767101288,0.5412195679520939,0.19302687347488698,0.911427915096283
33,2,3,0.5356020331382751,0.1381552666425705,0.5481817084995804,0.19227732689035948,0.918163537979126
33,2,4,0.523151159286499,0.13883128762245178,0.5094667242680178,0.1956242834676232,0.9097951650619507
33,2,5,0.524315357208252,0.14238663017749786,0.5027843911346841,0.19840772294924985,0.9028818011283875
33,2,6,0.5253270268440247,0.14350149035453796,0.49285663426877824,0.19918880410943599,0.911907970905304
33,2,7,0.5080534815788269,0.15467160940170288,0.566201310842652,0.19580335166249233,0.9216551780700684
33,2,8,0.54358971118927,0.15814901888370514,0.49816760695556267,0.19647251711004998,0.9130081534385681
33,2,9,0.5650699138641357,0.18863089382648468,0.5483656468178477,0.2292735252740563,0.9372822046279907
33,2,10,0.5330213308334351,0.1868526190519333,0.5168192318336313,0.22822186948852255,0.9392508268356323
33,2,11,0.5826002955436707,0.28206464648246765,0.6451738633006293,0.2592487339947215,0.9656971096992493
33,2,12,0.5886207222938538,0.2888956665992737,0.5003614280708191,0.2508988281732856,0.9545538425445557
33,2,13,0.7307635545730591,0.5100579261779785,0.7409339151562965,0.37491213070831964,0.6570212244987488
33,2,14,0.56907057762146,0.5127821564674377,0.48457349845256825,0.3710873785253176,0.46599432826042175
33,2,15,0.8048415780067444,0.6980706453323364,0.7220291367781805,0.47654676087390374,0.5054641962051392
33,2,16,0.3676072359085083,0.6927958130836487,0.43051519788311277,0.46653920668548626,0.43654516339302063
33,2,17,0.8348793983459473,0.7395976781845093,0.7330714008377577,0.5028436019838701,0.4644903540611267
33,2,18,0.21764424443244934,0.7329013347625732,0.3856212401769975,0.4930182010438988,0.41252297163009644
33,2,19,0.8697409629821777,0.7456606030464172,0.7193835808919197,0.5020695533053882,0.4877195954322815
33,2,20,0.30429884791374207,0.736620306968689,0.41376797025169637,0.49205908864296244,0.4405015707015991
33,2,21,0.8598366975784302,0.7283281087875366,0.7128478881058233,0.49174798893479704,0.46839016675949097
33,2,22,0.3212430477142334,0.725190281867981,0.42612113896017784,0.48340573126798936,0.42747020721435547
33,2,23,0.5835694670677185,0.5117318630218506,0.5998306275689692,0.3778526810194564,0.960669219493866
33,2,24,0.5812909007072449,0.5136146545410156,0.5177429607693326,0.36747863754519783,0.9572198390960693
33,2,25,0.521754801273346,0.6516864895820618,0.6395631150526377,0.46497169962165635,0.38721051812171936
33,2,26,0.5550196170806885,0.6173134446144104,0.4443651680651207,0.4246142522168568,0.3162759840488434
33,2,27,0.5581325888633728,0.8284322023391724,0.6749220228818413,0.5740912320261063,0.3810235857963562
33,2,28,0.5231582522392273,0.8073760867118835,0.40920011216850294,0.5385167476102979,0.34353625774383545
33,2,29,0.577049732208252,0.867999255657196,0.6752628704577932,0.5926075938322671,0.3172302544116974
33,2,30,0.5068520903587341,0.8442128300666809,0.4159930722570563,0.5590772106559831,0.2656003534793854
33,2,31,0.5530627965927124,0.8397642374038696,0.696750406909686,0.6050311483610268,0.3634391725063324
33,2,32,0.5362828969955444,0.8415117263793945,0.36610818057421446,0.5732300844461206,0.3255750834941864
34,2,0,0.5302051901817322,0.14015765488147736,0.5221917372211516,0.20050139061952918,0.9203353524208069
34,2,1,0.5393548011779785,0.1186518743634224,0.5338723726059265,0.1787204038699983,0.9230566620826721
34,2,2,0.5266953110694885,0.12004387378692627,0.5383012044473117,0.17833824976489254,0.9201763868331909
34,2,3,0.5112383365631104,0.12046617269515991,0.5407539978454464,0.17782502214044246,0.9262816309928894
34,2,4,0.5384636521339417,0.11703886836767197,0.5152954624530277,0.17980563531377208,0.9187065958976746
34,2,5,0.5432699918746948,0.11728016287088394,0.5109251155597924,0.1820762002513706,0.9124360084533691
34,2,6,0.5478626489639282,0.11709205061197281,0.503921579091321,0.1826617277074382,0.9205940961837769
34,2,7,0.4924852252006531,0.14457906782627106,0.5513649247186685,0.18550017795169765,0.9294315576553345
34,2,8,0.5683478713035583,0.1387471705675125,0.5122909737957815,0.1848596209813744,0.9215918183326721
34,2,9,0.5642507076263428,0.1788128912448883,0.5515575657574635,0.21912419419837803,0.9435137510299683
34,2,10,0.5542261600494385,0.1768859475851059,0.5243402573270934,0.2178962352805386,0.9452567100524902
34,2,11,0.595615029335022,0.30340850353240967,0.6352063023420383,0.26812912654530846,0.9690782427787781
34,2,12,0.5526107549667358,0.2814849615097046,0.5108709240099482,0.25704726986455606,0.9590258002281189
34,2,13,0.7267977595329285,0.516916811466217,0.7380936468256939,0.4035473122668728,0.6765400171279907
34,2,14,0.49099966883659363,0.5001286268234253,0.485864400206726,0.39709912392115093,0.5006641149520874
34,2,15,0.7862342596054077,0.6996190547943115,0.7349482312846131,0.5216314822605514,0.5255011916160583
34,2,16,0.20774468779563904,0.6800914406776428,0.3854916755560594,0.5096885618071498,0.47838613390922546
34,2,17,0.893439531326294,0.7370578050613403,0.7654270050151765,0.5501950156138227,0.46889209747314453
34,2,18,0.12579070031642914,0.7290053367614746,0.33305294994714113,0.5407305609054684,0.44859495759010315
34,2,19,0.7969374656677246,0.7440754175186157,0.7349945291011117,0.551006827832542,0.4895736277103424
34,2,20,0.14231887459754944,0.7320981025695801,0.35883165501360403,0.5405961698251746,0.47411105036735535
34,2,21,0.7874904274940491,0.7325933575630188,0.7278715316988562,0.5404489572161175,0.474609375
34,2,22,0.1743229478597641,0.7174789309501648,0.37518983746071316,0.5307285947961699,0.4612486660480499
34,2,23,0.5703505873680115,0.5955939292907715,0.5939047516250334,0.42185325512508715,0.9643368721008301
34,2,24,0.5534740686416626,0.5837951898574829,0.5249267142184018,0.411189630716689,0.9611327052116394
34,2,25,0.48945942521095276,0.8148272633552551,0.6092884663185476,0.5359307393750107,0.37190741300582886
34,2,26,0.4904859662055969,0.8122826814651489,0.4536404101437477,0.50332453700192,0.31044262647628784
34,2,27,0.4714750647544861,1.0260205268859863,0.6338276408727069,0.6660152197098946,0.36396631598472595
34,2,28,0.4693104922771454,1.0135434865951538,0.4212934871071802,0.6352000006008081,0.3311097025871277
34,2,29,0.4674759805202484,1.063859224319458,0.6332868049735543,0.6885131761325233,0.30177050828933716
34,2,30,0.43456605076789856,1.047937273979187,0.419725349415048,0.6586144508098539,0.2562338411808014
34,2,31,0.47176557779312134,1.0537582635879517,0.651278566976682,0.696297829745029,0.34061941504478455
34,2,32,0.4947402775287628,1.052307367324829,0.39203675341019567,0.6707507161343254,0.3070259690284729
35,2,0,0.5378836393356323,0.11749307811260223,0.525344824711144,0.18379038963149624,0.9281488656997681
35,2,1,0.5359338521957397,0.09571381658315659,0.5342864422340998,0.16200973397293497,0.9305948615074158
35,2,2,0.512955904006958,0.09788643568754196,0.5332070169074715,0.16214305751197627,0.927963137626648
35,2,3,0.49408191442489624,0.0997026264667511,0.531367699534541,0.1620997730360558,0.9334815144538879
35,2,4,0.563926100730896,0.09233911335468292,0.5250762015889735,0.16219490499872052,0.9266721606254578
35,2,5,0.5799188613891602,0.09277822077274323,0.5248092639563869,0.16409579890201056,0.920991063117981
35,2,6,0.5948736071586609,0.09359372407197952,0.5222358162644849,0.16472774745189506,0.9283519983291626
35,2,7,0.47355204820632935,0.12482242286205292,0.5357021860697786,0.17329232032663677,0.9363986849784851
35,2,8,0.6175824999809265,0.11836644262075424,0.5335011286609429,0.17147957401354627,0.9293465614318848
35,2,9,0.5423343181610107,0.14979563653469086,0.5497046103913508,0.20517251566161152,0.9490434527397156
35,2,10,0.564517080783844,0.14556480944156647,0.5324188258221586,0.20333903524324828,0.9505965709686279
35,2,11,0.3646220266819,0.2973416745662689,0.5804480277697024,0.274001223645358,0.971960723400116
35,2,12,0.748514711856842,0.29106569290161133,0.5589190662151444,0.26388633588912025,0.9630053043365479
35,2,13,0.3286148011684418,0.5232444405555725,0.6549091449683003,0.4276692121319968,0.7077460289001465
35,2,14,0.7887281179428101,0.49212756752967834,0.5472098445817717,0.4162364961051887,0.5489567518234253
35,2,15,0.20896905660629272,0.6866458058357239,0.6277532808951487,0.5549284783545818,0.5556884407997131
35,2,16,0.8408623337745667,0.6846376657485962,0.47811629851870163,0.5450000792831716,0.5279979109764099
35,2,17,0.17889881134033203,0.7247963547706604,0.6456940634675568,0.5854360402291954,0.48335644602775574
35,2,18,0.885282576084137,0.7341753840446472,0.4456775832767845,0.579795518947416,0.49804753065109253
35,2,19,0.17096953094005585,0.7233119010925293,0.6199259117705834,0.5857821787744178,0.5012704133987427
35,2,20,0.8623767495155334,0.7308506965637207,0.4613904303514087,0.5790134869931851,0.5205336213111877
35,2,21,0.1912551075220108,0.7131398916244507,0.6184766693696357,0.5753025189758552,0.487935334444046
35,2,22,0.8424570560455322,0.7177318930625916,0.4702652652673083,0.5684859359608219,0.5073961615562439
35,2,23,0.4550800025463104,0.6389918923377991,0.5659135602585046,0.4657315511310039,0.9671670198440552
35,2,24,0.6283425688743591,0.631239116191864,0.5457579633044748,0.4556597763123476,0.9636238813400269
35,2,25,0.3602709174156189,0.882276713848114,0.5589248277686137,0.6061720339085312,0.41976168751716614
35,2,26,0.5040414929389954,0.8869161605834961,0.4637776814471967,0.581199728064209,0.32570570707321167
35,2,27,0.3944786787033081,1.1126079559326172,0.5854325505514796,0.756842068631766,0.3702402710914612
35,2,28,0.4757731258869171,1.1082855463027954,0.4322523282277338,0.7314851922704869,0.32491424679756165
35,2,29,0.41139093041419983,1.157781958580017,0.5884424145328131,0.7840119902796993,0.3169788122177124
35,2,30,0.46828219294548035,1.148836612701416,0.4294911683901106,0.7584351223067016,0.26062169671058655
35,2,31,0.36292627453804016,1.1298372745513916,0.5928960095000171,0.7844397812285592,0.3335569202899933
35,2,32,0.4801630973815918,1.136899709701538,0.40978049412779793,0.7656077049327249,0.2908761501312256
36,2,0,0.5378496646881104,0.11273693293333054,0.5278572878395957,0.16949088567871198,0.9349184036254883
36,2,1,0.5318302512168884,0.09086577594280243,0.5337930858304187,0.1476919686701907,0.9371486306190491
36,2,2,0.5067088007926941,0.0927714854478836,0.5278809293249251,0.14818267926866713,0.9347491264343262
36,2,3,0.48891329765319824,0.09466148167848587,0.5228306305356591,0.148529184127418,0.9397130012512207
36,2,4,0.5652946829795837,0.08804277330636978,0.5331631574935412,0.14727048405043586,0.933597207069397
36,2,5,0.5819072723388672,0.08840474486351013,0.536295719605214,0.14886098603757886,0.9284383058547974
36,2,6,0.5976594686508179,0.08929537981748581,0.5374166553157238,0.14954511167672221,0.9350656867027283
36,2,7,0.46632620692253113,0.11778702586889267,0.5217409703021717,0.16212673972240693,0.942554235458374
36,2,8,0.626556396484375,0.11335287988185883,0.5522400034983589,0.15978580931712183,0.9362010359764099
36,2,9,0.5281542539596558,0.1403043121099472,0.5453736332216649,0.19212006504223303,0.9538869857788086
36,2,10,0.5642138719558716,0.13690774142742157,0.5388105238477572,0.18997148123223548,0.9553006887435913
36,2,11,0.33148059248924255,0.2883880138397217,0.5300939506804244,0.27689195223269436,0.9744544625282288
36,2,12,0.7782717943191528,0.27911531925201416,0.6032469173904562,0.26694635988940935,0.9665377140045166
36,2,13,0.3171209692955017,0.49050456285476685,0.5864221933128335,0.4403119561577972,0.7319921255111694
36,2,14,0.7850518822669983,0.48425552248954773,0.5952989474199157,0.42992420599186454,0.5854453444480896
36,2,15,0.2132752239704132,0.6532353162765503,0.5435373812134239,0.5747281535190166,0.5702486634254456
36,2,16,0.8491407632827759,0.644733726978302,0.5534117268315552,0.5650879703824158,0.5528156757354736
36,2,17,0.17583604156970978,0.6970764994621277,0.5500793575570213,0.6079296551310075,0.4912978708744049
36,2,18,0.8830648064613342,0.6967337727546692,0.5346040167616981,0.6033601152058978,0.517004132270813
36,2,19,0.18242691457271576,0.6958532333374023,0.5309755913231671,0.6079586226405131,0.5060103535652161
36,2,20,0.8708649277687073,0.6983175277709961,0.5445773541076068,0.6030564226920093,0.5347411036491394
36,2,21,0.20348849892616272,0.680979311466217,0.5341557442381233,0.5965909986308046,0.4899079501628876
36,2,22,0.8423908352851868,0.6792435050010681,0.5457864692110872,0.5908011718265898,0.5199969410896301
36,2,23,0.4187847971916199,0.6318991780281067,0.5362410235989485,0.4992623658937365,0.9693712592124939
36,2,24,0.6483135223388672,0.6416242718696594,0.566415454731664,0.493206134053153,0.9660500288009644
36,2,25,0.3204280138015747,0.8416232466697693,0.5107025596704706,0.6537769025508323,0.46124503016471863
36,2,26,0.5304222106933594,0.8980434536933899,0.47718814913094904,0.6454062195812119,0.36051836609840393
36,2,27,0.3923998773097992,1.0002543926239014,0.5464522270346048,0.8060696790356647,0.3867794871330261
36,2,28,0.5111915469169617,1.111739158630371,0.4481422385700465,0.808680187776353,0.34355536103248596
36,2,29,0.41867053508758545,1.0755620002746582,0.5541815574627258,0.8430542769520102,0.34005606174468994
36,2,30,0.5060575008392334,1.1578600406646729,0.44490240539262554,0.839565596978023,0.2968558073043823
36,2,31,0.32565006613731384,1.027834415435791,0.5388177027275478,0.83366441161972,0.3322852551937103
36,2,32,0.4852181375026703,1.125765323638916,0.4249640790641558,0.8386833135500823,0.2866359353065491
37,2,0,0.5421568155288696,0.1122913509607315,0.5307304829091404,0.15798394747370262,0.9412172436714172
37,2,1,0.5317351222038269,0.09136587381362915,0.5333797229118449,0.13636101192481204,0.9432259798049927
37,2,2,0.5066298842430115,0.09294950217008591,0.523610140256571,0.13707192254661532,0.9410667419433594
37,2,3,0.4891906976699829,0.09468299150466919,0.5160677142944874,0.1376978558789763,0.9455233812332153
37,2,4,0.5676259994506836,0.0891704335808754,0.5400916770046893,0.13558208294259255,0.9400100708007812
37,2,5,0.5837005972862244,0.08946023136377335,0.5458296121326689,0.13691047686904326,0.9353481531143188
37,2,6,0.5994235873222351,0.09023089706897736,0.5498923723709731,0.1376120418359463,0.9412907361984253
37,2,7,0.4651391804218292,0.11555442214012146,0.5103544988125824,0.15276048669760947,0.948191225528717
37,2,8,0.6274334788322449,0.11157692968845367,0.5673744323507293,0.15008998005675614,0.9424592852592468
37,2,9,0.523992657661438,0.13798406720161438,0.5410767161838731,0.18123036743186222,0.9583813548088074
37,2,10,0.565539538860321,0.13537900149822235,0.5441830437495588,0.1789898187338309,0.959658145904541
37,2,11,0.3255380094051361,0.29052358865737915,0.4887728953495631,0.279630891475352,0.9768783450126648
37,2,12,0.7805339694023132,0.27675917744636536,0.6390322296645757,0.26891779172046587,0.9697611331939697
37,2,13,0.31956279277801514,0.4917973577976227,0.532421575739037,0.4506677399590015,0.75621098279953
37,2,14,0.7945545315742493,0.47491198778152466,0.6355433576813311,0.43897141054575217,0.6181203126907349
37,2,15,0.20960557460784912,0.6658639311790466,0.47583678556247305,0.5930798000673764,0.5997631549835205
37,2,16,0.8500155210494995,0.6296140551567078,0.6134814549630447,0.5780716774110017,0.5648878216743469
37,2,17,0.17716626822948456,0.7096468210220337,0.4743932751863146,0.6284181580825119,0.5188599824905396
37,2,18,0.8708054423332214,0.6763710379600525,0.6027689540739469,0.6180546609810709,0.5215928554534912
37,2,19,0.1790836602449417,0.7086520195007324,0.4595978273161204,0.6282403369928734,0.5308303236961365
37,2,20,0.8576962947845459,0.6748232245445251,0.6080212451177421,0.6175000745675754,0.5349500179290771
37,2,21,0.19740067422389984,0.6941080689430237,0.46587729953107165,0.6162311734767613,0.5104621648788452
37,2,22,0.8321043252944946,0.6602019667625427,0.603756508608088,0.6047677022477158,0.5196269750595093
37,2,23,0.4104425609111786,0.6403840184211731,0.510885335376784,0.5277192872101314,0.9716328978538513
37,2,24,0.659887433052063,0.6474583148956299,0.5852385029595745,0.5243222608801891,0.9686718583106995
37,2,25,0.3075424134731293,0.829483687877655,0.4696651348538606,0.6892431774105523,0.4983730912208557
37,2,26,0.5512763261795044,0.9019911289215088,0.4920995839690032,0.6973149562017893,0.3964690566062927
37,2,27,0.3737102746963501,0.9955150485038757,0.5115888655433428,0.8443251309098118,0.39747124910354614
37,2,28,0.5189902186393738,1.123169183731079,0.4624002336314392,0.8724083232712955,0.35963937640190125
37,2,29,0.40798112750053406,1.0672178268432617,0.5246968066991756,0.8883647484581723,0.3577692210674286
37,2,30,0.5128529667854309,1.1713684797286987,0.4585761881498177,0.9068350688216189,0.33014607429504395
37,2,31,0.2998173236846924,1.011932134628296,0.4904924371106201,0.8696518700621746,0.32389286160469055
37,2,32,0.48077014088630676,1.1298669576644897,0.43619019314916396,0.8976512193335389,0.27972307801246643
38,2,0,0.5441747307777405,0.11639299988746643,0.5334317622080779,0.1496206793052632,0.9466694593429565
38,2,1,0.5226712822914124,0.09618475288152695,0.5312283009959115,0.12828253115043908,0.9484601020812988
38,2,2,0.5014875531196594,0.0973634347319603,0.5191640892950099,0.12908760458795082,0.9465169906616211
38,2,3,0.48560580611228943,0.09881316870450974,0.5099442474149973,0.12987936328976807,0.9505172967910767
38,2,4,0.5649002194404602,0.09452429413795471,0.5450779148605494,0.12732614230676856,0.9455139636993408
38,2,5,0.5764814615249634,0.09460825473070145,0.5519913029805517,0.12840400698997345,0.941271185874939
38,2,6,0.5908876061439514,0.0950729250907898,0.5581357074231645,0.12905787841531852,0.9465618133544922
38,2,7,0.4628405272960663,0.11689815670251846,0.5007986373564549,0.14555030927970145,0.9531554579734802
38,2,8,0.6230347752571106,0.11392340809106827,0.5785712418027777,0.14281857261814174,0.9479205012321472
38,2,9,0.5171467065811157,0.140242800116539,0.5362671771596813,0.17298857414229488,0.9623273611068726
38,2,10,0.5645684003829956,0.13841208815574646,0.5482797617741231,0.17083052863725584,0.9634743332862854
38,2,11,0.32484132051467896,0.2865067422389984,0.4556954557402603,0.28101216163601767,0.9790809750556946
38,2,12,0.7773247361183167,0.2779962718486786,0.6669162381313194,0.27074165528812094,0.9726454019546509
38,2,13,0.31766730546951294,0.483025461435318,0.4890273792687295,0.4571726836783583,0.777554988861084
38,2,14,0.8189300298690796,0.476028174161911,0.6725664243675358,0.44642199501971097,0.648115336894989
38,2,15,0.23406779766082764,0.6554794907569885,0.4269458829308519,0.6056348431194968,0.6268048286437988
38,2,16,0.8378890156745911,0.623001217842102,0.6588388909486333,0.5871072456167498,0.5798343420028687
38,2,17,0.1971844881772995,0.7075896263122559,0.41827967757654283,0.6443552700201294,0.5449081063270569
38,2,18,0.8505616188049316,0.6740884780883789,0.6528863300824166,0.629326903813118,0.5305440425872803
38,2,19,0.20713654160499573,0.7053975462913513,0.4085291553846694,0.6437711086543095,0.5544254183769226
38,2,20,0.8225330114364624,0.6683371663093567,0.6513668749404786,0.6277254141509886,0.5397966504096985
38,2,21,0.23055516183376312,0.6878153681755066,0.4182985327007772,0.6306379078575063,0.5311229228973389
38,2,22,0.8108186721801758,0.6533095836639404,0.6455878502486154,0.6145307460755952,0.5238736271858215
38,2,23,0.40200528502464294,0.6416564583778381,0.48895001550401457,0.550677042943656,0.973585307598114
38,2,24,0.6634033918380737,0.6404534578323364,0.6009723331038209,0.5477235847027897,0.9707981944084167
38,2,25,0.31082361936569214,0.8373375535011292,0.4376193501053882,0.7191127263147622,0.5239426493644714
38,2,26,0.5699692964553833,0.9004719853401184,0.5077737920731425,0.7383537712982587,0.4216177463531494
38,2,27,0.3524065315723419,1.0233328342437744,0.479474193068323,0.8804619120267884,0.39431455731391907
38,2,28,0.5615401864051819,1.1336361169815063,0.482367753006081,0.9252651302269973,0.36417749524116516
38,2,29,0.3762313723564148,1.0683432817459106,0.49475329706390575,0.9246988777306664,0.36415228247642517
38,2,30,0.5553293228149414,1.180540680885315,0.4780616781961793,0.9622363143942569,0.3550994396209717
38,2,31,0.3178209662437439,0.9912126660346985,0.4556429147255179,0.8941525558616917,0.3083862066268921
38,2,32,0.537976861000061,1.1469675302505493,0.4566922956042896,0.948081391089934,0.26734834909439087
39,2,0,0.5343534350395203,0.1210305243730545,0.5336168837839068,0.14387375870802047,0.9513810276985168
39,2,1,0.5114955902099609,0.10058332234621048,0.5272628173871563,0.12271483706904097,0.952938437461853
39,2,2,0.49432337284088135,0.10125966370105743,0.5141713852438702,0.1234940147712683,0.9511557221412659
39,2,3,0.4797717034816742,0.10227148234844208,0.5038789970282136,0.12433004144735618,0.9547712206840515
39,2,4,0.5636915564537048,0.09962047636508942,0.5488183967605711,0.12175714851846732,0.9502103328704834
39,2,5,0.5890063047409058,0.09971119463443756,0.5594334534036429,0.12263643112997699,0.946252703666687
39,2,6,0.5917317271232605,0.10007470846176147,0.5648898030153185,0.12323188992670908,0.9509152770042419
39,2,7,0.45861712098121643,0.11718188226222992,0.49231649000578337,0.1398479940859049,0.957520604133606
39,2,8,0.6195809841156006,0.11479158699512482,0.5868175021813755,0.13718494445274027,0.9526376724243164
39,2,9,0.5090126395225525,0.14242154359817505,0.5307889508580074,0.16684394334645436,0.9658122062683105
39,2,10,0.5628013610839844,0.140996515750885,0.5511975965816074,0.16483337311805774,0.9668329358100891
39,2,11,0.3168204128742218,0.2841658294200897,0.42769338759768977,0.2816456269681257,0.9810863137245178
39,2,12,0.7651719450950623,0.27977901697158813,0.6867054533932695,0.2725572564596386,0.9752325415611267
39,2,13,0.31087055802345276,0.48109373450279236,0.45306486117413003,0.4619804426812389,0.7975537180900574
39,2,14,0.8089821934700012,0.4803151488304138,0.7000707444440797,0.4532358979972402,0.6697561740875244
39,2,15,0.23158204555511475,0.654390275478363,0.38749016765060873,0.6154408379714468,0.6547656059265137
39,2,16,0.8251993656158447,0.6324084997177124,0.6924094699207884,0.5962176357159554,0.5895348787307739
39,2,17,0.1982271820306778,0.708631694316864,0.3738066506418419,0.6572885995587312,0.5721907615661621
39,2,18,0.8222997188568115,0.7078158855438232,0.6870763463778765,0.6451262997423147,0.5342163443565369
39,2,19,0.21184352040290833,0.7067438960075378,0.368804756426085,0.6564416666580236,0.5796152949333191
39,2,20,0.7933205962181091,0.7035107016563416,0.6799929372847588,0.6429794200067483,0.5399625301361084
39,2,21,0.23322314023971558,0.6875506043434143,0.38093135075503526,0.6420871809290639,0.5547842979431152
39,2,22,0.7820597290992737,0.6651999354362488,0.6731040740704817,0.6247222202167569,0.5246155261993408
39,2,23,0.38800787925720215,0.6468825936317444,0.46861838359757846,0.5700523219630007,0.9749289751052856
39,2,24,0.6651948690414429,0.6444454789161682,0.6138946582229807,0.5672031674487293,0.9721554517745972
39,2,25,0.3174228370189667,0.825625479221344,0.41339620810123434,0.740570499592772,0.5387203693389893
39,2,26,0.5864859223365784,0.9021304249763489,0.523617958956071,0.7714010606177492,0.43957069516181946
39,2,27,0.2917083203792572,1.0205661058425903,0.4415625778420377,0.9087141622573341,0.38472551107406616
39,2,28,0.5945397615432739,1.1493988037109375,0.5049682984221165,0.9705691544697468,0.3673202693462372
39,2,29,0.30475154519081116,1.0625815391540527,0.45638796554348504,0.9525016626163492,0.36463460326194763
39,2,30,0.5897101759910583,1.1959198713302612,0.5005564101225274,1.0094835813712741,0.376598984003067
39,2,31,0.2183627337217331,1.0231024026870728,0.40766742815225887,0.920147498156651,0.2911790609359741
39,2,32,0.5889881253242493,1.1708333492279053,0.48336240501720246,0.9931045177302337,0.25484487414360046
40,2,0,0.5245078206062317,0.1235843226313591,0.5317868730893709,0.13979632114928497,0.9555552005767822
40,2,1,0.5043494701385498,0.10259698331356049,0.5226577418389772,0.11867189955362117,0.9568611979484558
40,2,2,0.4888380169868469,0.103094182908535,0.5090795926952143,0.11939437792784786,0.9551802277565002
40,2,3,0.4742627739906311,0.10401491820812225,0.4979256698746261,0.12024743789280948,0.9584541320800781
40,2,4,0.5553001761436462,0.10198717564344406,0.5501204912342115,0.11778416041812653,0.9543154835700989
40,2,5,0.5816733837127686,0.10210450738668442,0.5639031089495787,0.11851023233482638,0.9505820274353027
40,2,6,0.5988360643386841,0.10252093523740768,0.5717143760079337,0.1190696912191124,0.9546855092048645
40,2,7,0.4537929594516754,0.11782024055719376,0.48457070999560303,0.13542100227546533,0.9613460302352905
40,2,8,0.6348314881324768,0.11535704135894775,0.5964740725634587,0.13279814199553938,0.956737220287323
40,2,9,0.5012040734291077,0.14417876303195953,0.5248419311758965,0.16228876590184194,0.9688673615455627
40,2,10,0.5507270097732544,0.1430310755968094,0.5511030786584895,0.16045172109146277,0.969783365726471
40,2,11,0.3091551661491394,0.2843928635120392,0.4038055233531327,0.28219744781177825,0.9828932881355286
40,2,12,0.7646496295928955,0.27469104528427124,0.7023948814589228,0.27298585047628193,0.9775313138961792
40,2,13,0.30110010504722595,0.485157310962677,0.4224118824049829,0.4666385316912621,0.8142402172088623
40,2,14,0.8180809020996094,0.4724678099155426,0.7238518510323028,0.45710070198510167,0.6695383787155151
40,2,15,0.23926286399364471,0.6568757891654968,0.35759361919299415,0.6237727637100029,0.675846517086029
40,2,16,0.7892369031906128,0.6212084293365479,0.7119107000421937,0.6012405803376868,0.5785384178161621
40,2,17,0.214634969830513,0.7104740142822266,0.341692466281001,0.6679869092419375,0.5910705327987671
40,2,18,0.7877983450889587,0.6764194965362549,0.7073643845321853,0.6514171065361496,0.521320641040802
40,2,19,0.22867099940776825,0.7102798819541931,0.340546855998362,0.6672714867951074,0.596298336982727
40,2,20,0.7860537171363831,0.6956892013549805,0.7013593489546932,0.6535819245367963,0.524147629737854
40,2,21,0.2452634572982788,0.6923649311065674,0.353577548218405,0.6521997795188894,0.5695454478263855
40,2,22,0.7588011622428894,0.6494652628898621,0.690358208635344,0.6296953434990445,0.5097558498382568
40,2,23,0.3803001046180725,0.6427526473999023,0.45083570239707804,0.5846841156215692,0.9765885472297668
40,2,24,0.6726963520050049,0.6351428031921387,0.6257244469629296,0.5808750126094595,0.9736784100532532
40,2,25,0.28232643008232117,0.808239221572876,0.38697378358254075,0.7541879609816975,0.5484070181846619
40,2,26,0.6089310050010681,0.879970133304596,0.5407940294637115,0.7932745189510477,0.44703519344329834
40,2,27,0.21042975783348083,0.9876261949539185,0.39483825877758877,0.9245995462200133,0.38043445348739624
40,2,28,0.6014806032180786,1.1293892860412598,0.5244052299133184,1.0026126957802535,0.37366288900375366
40,2,29,0.23879078030586243,1.0328824520111084,0.4124165891339336,0.9686834880162893,0.36859503388404846
40,2,30,0.598884642124176,1.175772786140442,0.5203600580562658,1.043041313469291,0.4003528356552124
40,2,31,0.14445379376411438,0.9754511713981628,0.3544098517186016,0.9312730670495066,0.2784079909324646
40,2,32,0.577743411064148,1.145465612411499,0.5023689883825243,1.0238394065564147,0.24635939300060272
41,2,0,0.5338687896728516,0.12162405997514725,0.5322050477231446,0.13614457713439743,0.9596773982048035
41,2,1,0.5142183303833008,0.10103748738765717,0.5209622957583956,0.11512828977296909,0.9608087539672852
41,2,2,0.4988078773021698,0.10150640457868576,0.5070159372339629,0.11579978993419929,0.9593018293380737
41,2,3,0.4831139147281647,0.10248349606990814,0.49494951032847867,0.11667778658631908,0.9622324705123901
41,2,4,0.562393844127655,0.10086913406848907,0.5525864285897456,0.11438517852032959,0.9584775567054749
41,2,5,0.5880159735679626,0.10117888450622559,0.5687494300859207,0.11502755202625993,0.9550769329071045
41,2,6,0.6058275699615479,0.10182668268680573,0.5785725399765648,0.11560477097783486,0.9587066173553467
41,2,7,0.46182015538215637,0.11742299795150757,0.47999836617633374,0.13180429321804515,0.965025782585144
41,2,8,0.643081784248352,0.115685373544693,0.605847442166315,0.1293594071155485,0.9607968926429749
41,2,9,0.5111774802207947,0.14245836436748505,0.5220963909638601,0.15830363179101095,0.9718306660652161
41,2,10,0.5582623481750488,0.1422213315963745,0.5525412979542526,0.15678829115604234,0.9726660847663879
41,2,11,0.3251701593399048,0.2772819995880127,0.38797659478779506,0.28121004973704555,0.9845567345619202
41,2,12,0.7942265272140503,0.26933804154396057,0.7208868852202908,0.27225311758196574,0.979655921459198
41,2,13,0.33287689089775085,0.4845545291900635,0.4043832037653243,0.4702387565929082,0.8251286745071411
41,2,14,0.8347288966178894,0.46404317021369934,0.7461910255183845,0.45849536339084707,0.666839599609375
41,2,15,0.27598854899406433,0.6586472988128662,0.34116509797030115,0.6307841883906471,0.6819637417793274
41,2,16,0.7683718204498291,0.5876590013504028,0.72326916709134,0.5985117221767557,0.5393561720848083
41,2,17,0.25864267349243164,0.7048166990280151,0.3249722388060792,0.6753918532634305,0.5953121781349182
41,2,18,0.7738805413246155,0.6359074115753174,0.7207495464691648,0.6483006834671305,0.4856460988521576
41,2,19,0.2701246440410614,0.7065047025680542,0.32637401904850877,0.6751601923399949,0.5979442000389099
41,2,20,0.7666616439819336,0.636533260345459,0.7144997072487227,0.6501561237008514,0.4873901605606079
41,2,21,0.28579238057136536,0.6879709362983704,0.33993649926052066,0.6593916586127611,0.5672621130943298
41,2,22,0.7545343041419983,0.6163263320922852,0.7032714798567119,0.6270092151295885,0.4741911292076111
41,2,23,0.3969007432460785,0.6259365677833557,0.439986473264475,0.5929793236084728,0.9787137508392334
41,2,24,0.6921475529670715,0.6270551085472107,0.6390903692263191,0.5901623832917879,0.9760953783988953
41,2,25,0.28999102115631104,0.8115875720977783,0.36744160600364933,0.7657355017649617,0.5759680271148682
41,2,26,0.6345149278640747,0.8624522686004639,0.5596673086891293,0.8071963271742966,0.48210787773132324
41,2,27,0.18653465807437897,0.9684045910835266,0.35275546705728833,0.9334089596770496,0.3983084261417389
41,2,28,0.6509138345718384,1.0867170095443726,0.5499046140492462,1.0195459811463774,0.4004124701023102
41,2,29,0.18335182964801788,0.9969643950462341,0.36611288230847616,0.9743684748578907,0.3911413848400116
41,2,30,0.6367817521095276,1.1352202892303467,0.5438196824652548,1.061604632287938,0.438593327999115
41,2,31,0.12321551889181137,0.930456280708313,0.3076722753854129,0.9311090125894207,0.2715216279029846
41,2,32,0.6392221450805664,1.087583303451538,0.5299614326897105,1.0366660952495084,0.24571861326694489
42,2,0,0.5421966314315796,0.12328127026557922,0.5342124071596841,0.13356006178307206,0.9632040858268738
42,2,1,0.5213833451271057,0.10314030945301056,0.5210468639537591,0.11271970510869873,0.9642801284790039
42,2,2,0.5047433972358704,0.10359974205493927,0.5065594714865663,0.11334858284027843,0.9628989100456238
42,2,3,0.48769569396972656,0.10448180884122849,0.4934922938609248,0.1142273976061473,0.9655575752258301
42,2,4,0.5705612897872925,0.10283110290765762,0.5561984792632721,0.11206380065606501,0.9620296955108643
42,2,5,0.5964377522468567,0.103129081428051,0.5743149217054457,0.11263695709319729,0.9588395953178406
42,2,6,0.6155958771705627,0.10374107956886292,0.5860163695723379,0.11322116605755446,0.9620264768600464
42,2,7,0.4685482978820801,0.11900563538074493,0.4776978932230837,0.129232771967064,0.968267023563385
42,2,8,0.65181964635849,0.11662247031927109,0.6150928375407372,0.1268002914282895,0.9642609357833862
42,2,9,0.5173459053039551,0.14415019750595093,0.5211421348897831,0.15545979973946486,0.9744217395782471
42,2,10,0.5672072172164917,0.14387154579162598,0.5554881422382287,0.1541930355506076,0.9751566052436829
42,2,11,0.32405728101730347,0.2802385091781616,0.37511526847279375,0.281014911703724,0.9860204458236694
42,2,12,0.8085235357284546,0.26988184452056885,0.7385320633309708,0.271776818699771,0.98110431432724
42,2,13,0.34322091937065125,0.49647995829582214,0.39207745818668244,0.47551316298814533,0.8332089185714722
42,2,14,0.8645399212837219,0.4673255980014801,0.770040554233364,0.4602693481611279,0.634685218334198
42,2,15,0.2984239161014557,0.6671857237815857,0.33256998187721093,0.6381029139738322,0.683077335357666
42,2,16,0.69630366563797,0.524403989315033,0.7178492177219177,0.5835964217739272,0.4893282651901245
42,2,17,0.28711992502212524,0.7088385224342346,0.3173612351913162,0.6821159407405929,0.5947814583778381
42,2,18,0.7156697511672974,0.5627098083496094,0.7197291641932076,0.6310687217020599,0.4415174126625061
42,2,19,0.2988085448741913,0.7115697860717773,0.32083303186061535,0.6824805523297985,0.5951111316680908
42,2,20,0.6488689184188843,0.5375410914421082,0.7012939204574807,0.6274662649884585,0.44309890270233154
42,2,21,0.31019243597984314,0.6940414309501648,0.33395724639062,0.6663578485847881,0.5606430768966675
42,2,22,0.638152003288269,0.5313123464584351,0.6901687130719488,0.6077371558903303,0.4315005838871002
42,2,23,0.42209768295288086,0.6248875856399536,0.43639171112363495,0.5993938677751549,0.9805634021759033
42,2,24,0.7182595133781433,0.6243517994880676,0.6550267858179067,0.5970359555726305,0.9781237840652466
42,2,25,0.3113388121128082,0.8110587000846863,0.3561555328050227,0.774850400975501,0.6029772162437439
42,2,26,0.6574114561080933,0.8537830710411072,0.5793530135855501,0.816565763485571,0.5169316530227661
42,2,27,0.21503791213035583,0.9518988132476807,0.3249875404363907,0.9371246887838073,0.4207395613193512
42,2,28,0.6626256108283997,1.0694748163223267,0.5726162218803773,1.029588743682158,0.4258720576763153
42,2,29,0.19581925868988037,0.9764953255653381,0.33174545799046695,0.974795693171776,0.41872310638427734
42,2,30,0.6447324752807617,1.1166110038757324,0.5641453897467734,1.0726703296421305,0.4746391773223877
42,2,31,0.1545906513929367,0.9249970316886902,0.27679294706085605,0.9298812653958624,0.26640933752059937
42,2,32,0.6630407571792603,1.0703023672103882,0.5567902227632934,1.043428660558937,0.24126167595386505
43,2,0,0.5508345365524292,0.1239452138543129,0.537552498226606,0.13162840854813104,0.9663739204406738
43,2,1,0.5303220748901367,0.10397478193044662,0.5229102628138362,0.11096286514950478,0.9673737287521362
43,2,2,0.5138116478919983,0.10445382446050644,0.5080163578771751,0.11156163376611056,0.9661077260971069
43,2,3,0.4969044327735901,0.10533960163593292,0.49417768283281927,0.11244184766447522,0.9684786200523376
43,2,4,0.5785465240478516,0.10364323109388351,0.5606898727731765,0.110372138098719,0.9652550220489502
43,2,5,0.6038046479225159,0.10393573343753815,0.580242803714192,0.11088889828124832,0.9622929096221924
43,2,6,0.6223558187484741,0.10452825576066971,0.5933225573637797,0.11147477778192542,0.9650658965110779
43,2,7,0.4783346354961395,0.11939702928066254,0.47782578420916777,0.1272567280554209,0.9711639285087585
43,2,8,0.6554425954818726,0.11685219407081604,0.623206231756918,0.12480166870647956,0.9674148559570312
43,2,9,0.5275704264640808,0.14472392201423645,0.5224334814611016,0.15330286059570303,0.9767374396324158
43,2,10,0.5766714811325073,0.14448045194149017,0.559745319589527,0.15224174190540754,0.9774090647697449
43,2,11,0.32525554299354553,0.2803724706172943,0.36508687178356974,0.2808858758991686,0.9873515963554382
43,2,12,0.8028101921081543,0.2665250897407532,0.7514656547595513,0.2707218601451882,0.9827407598495483
43,2,13,0.3351419270038605,0.49153006076812744,0.3806235316356365,0.4787315887825006,0.8389635682106018
43,2,14,0.8810505867004395,0.45562544465065,0.7924065569576508,0.4593365065866253,0.6133954524993896
43,2,15,0.2998405694961548,0.6614617705345154,0.32599009340324847,0.6427976145353892,0.6890597939491272
43,2,16,0.7540416717529297,0.5351421236991882,0.7251259565827494,0.5738512469900288,0.4500000476837158
43,2,17,0.2943076491355896,0.7024949193000793,0.31272779090253056,0.6862114033697936,0.6021233201026917
43,2,18,0.7498123645782471,0.5643724203109741,0.7257765962140135,0.6176478560395822,0.40798071026802063
43,2,19,0.3070966303348541,0.7063513398170471,0.31807294461142577,0.6872782171050645,0.6008126139640808
43,2,20,0.6730091571807861,0.5432671904563904,0.695608570984723,0.6105151136565151,0.40925008058547974
43,2,21,0.31712469458580017,0.6890878081321716,0.33057475835942685,0.6709260759460087,0.5630118250846863
43,2,22,0.6578778624534607,0.5326864123344421,0.6836773747172767,0.5926316325824449,0.39890894293785095
43,2,23,0.4207232594490051,0.6244120597839355,0.43324332642100466,0.6044223131395351,0.9821788668632507
43,2,24,0.718527615070343,0.6227231621742249,0.6678036317312703,0.6021989678813338,0.9799380302429199
43,2,25,0.32168862223625183,0.8037430047988892,0.34922612150608223,0.7806582592799586,0.6169138550758362
43,2,26,0.6575774550437927,0.8272771835327148,0.5950988530223266,0.8187178429993582,0.5351678729057312
43,2,27,0.23669029772281647,0.9402181506156921,0.3072088169794853,0.9377460789562276,0.43332234025001526
43,2,28,0.6973310708999634,1.0508722066879272,0.597752860681891,1.033866247755653,0.43489471077919006
43,2,29,0.2237052619457245,0.966986358165741,0.3099794374315429,0.9732269067804117,0.4364925026893616
43,2,30,0.6826428771018982,1.0954079627990723,0.588024732864538,1.0772402953384916,0.4957421123981476
43,2,31,0.18560083210468292,0.9242644309997559,0.25842969036366464,0.9287529880815978,0.2637849450111389
43,2,32,0.6725051403045654,1.0585708618164062,0.5801070684717622,1.046471383415547,0.23724126815795898
44,2,0,0.5422496199607849,0.12426871806383133,0.5384960333424795,0.13014991754540034,0.9693478941917419
44,2,1,0.5219708681106567,0.10408298671245575,0.5227215816882846,0.109580782232012,0.970243513584137
44,2,2,0.5057210922241211,0.10459855198860168,0.507555327144222,0.11016283307520848,0.9691351652145386
44,2,3,0.4890385866165161,0.10551382601261139,0.493145353127189,0.11105009153382617,0.9712454080581665
44,2,4,0.5708656311035156,0.10345049202442169,0.5627342449887925,0.10898166289071964,0.9682177305221558
44,2,5,0.5931971669197083,0.10356450825929642,0.5828456188795367,0.10941749998530885,0.9654906988143921
44,2,6,0.614423394203186,0.1040356457233429,0.5975631491320776,0.10998032411231914,0.9678497314453125
44,2,7,0.46841344237327576,0.11963775753974915,0.47593482690861477,0.12572613906415386,0.9738335609436035
44,2,8,0.6508688926696777,0.11755968630313873,0.6287665669735892,0.12334682897459208,0.9702321887016296
44,2,9,0.5195145606994629,0.14507000148296356,0.5218471720587478,0.1516489181032078,0.9788035750389099
44,2,10,0.5689773559570312,0.14477893710136414,0.5616000429464707,0.1507425321018794,0.9793875217437744
44,2,11,0.31421542167663574,0.27795881032943726,0.35485471473464825,0.2802979302140662,0.9885042309761047
44,2,12,0.8202513456344604,0.2638905346393585,0.7653079573811108,0.2693495340780084,0.9839234948158264
44,2,13,0.315315842628479,0.4818741977214813,0.3674823100922071,0.47936283427804777,0.8420323729515076
44,2,14,0.904257595539093,0.42753756046295166,0.8149425124618489,0.4529440378832239,0.5944732427597046
44,2,15,0.2804078161716461,0.6534045338630676,0.316823025522537,0.6449286449642035,0.6877080798149109
44,2,16,0.7969709038734436,0.37584376335144043,0.7395852561851457,0.5338609660207366,0.4182143807411194
44,2,17,0.28214719891548157,0.6975381970405579,0.30658027034826174,0.6884871116355058,0.6005720496177673
44,2,18,0.8101600408554077,0.3695511519908905,0.7427653994571108,0.5674715266033584,0.38198527693748474
44,2,19,0.2947838604450226,0.7021932005882263,0.3133921886281071,0.6902751441151415,0.5981910824775696
44,2,20,0.7306872010231018,0.35158035159111023,0.7026611240429745,0.5581310176004947,0.3830278217792511
44,2,21,0.3034486174583435,0.6847735643386841,0.3251222372736017,0.6737084224803757,0.5581749081611633
44,2,22,0.7060566544532776,0.3573886752128601,0.6881751114621321,0.5450718682349709,0.37303680181503296
44,2,23,0.39822080731391907,0.616978108882904,0.42620216006552436,0.6069450352605854,0.9833754301071167
44,2,24,0.7255198955535889,0.6172927021980286,0.6794146955000746,0.6052318328188148,0.9815142154693604
44,2,25,0.3222339451313019,0.7929389476776123,0.3438006196775005,0.7831257071722258,0.6139491200447083
44,2,26,0.6639007329940796,0.8254351615905762,0.6089443685124147,0.8200672910160176,0.5551629066467285
44,2,27,0.25726625323295593,0.9403682947158813,0.29716366746944245,0.9382727988082671,0.43278002738952637
44,2,28,0.7323817014694214,1.059862732887268,0.6248952414754466,1.0390916084957902,0.4483669102191925
44,2,29,0.25032225251197815,0.9664061665534973,0.2979770636970043,0.9718567441874688,0.44115474820137024
44,2,30,0.7226502895355225,1.1079851388931274,0.6151664251921916,1.0834209324731174,0.5183423757553101
44,2,31,0.17144781351089478,0.919387698173523,0.24091639189376923,0.9268715331286914,0.25876009464263916
44,2,32,0.7245938777923584,1.065991759300232,0.6092449483916955,1.0503943170585381,0.23925016820430756
45,2,0,0.5115398168563843,0.12386532872915268,0.5330778157947392,0.12888744250015557,0.9719703793525696
45,2,1,0.49496346712112427,0.10383519530296326,0.517142056048205,0.10842660155280202,0.9727762341499329
45,2,2,0.48014554381370544,0.10434570908546448,0.5020458714438565,0.10899427960884443,0.9718075394630432
45,2,3,0.4643789231777191,0.10526242852210999,0.4873629861892311,0.10988745721660122,0.9736880660057068
45,2,4,0.5393843054771423,0.10321551561355591,0.5580413675257282,0.1078233513173805,0.9707779288291931
45,2,5,0.5579240918159485,0.10332021117210388,0.5778366642558477,0.10819265682418451,0.9682133197784424
45,2,6,0.5778993368148804,0.10376975685358047,0.5936115225896581,0.10873272123646635,0.9701166152954102
45,2,7,0.4397655129432678,0.11909840255975723,0.468662886138047,0.12439471822810244,0.9762140512466431
45,2,8,0.6171110272407532,0.11714690923690796,0.62642480528484,0.12210136560537965,0.9726306796073914
45,2,9,0.4908059239387512,0.14431293308734894,0.5156071441066731,0.15017519075446215,0.9806599617004395
45,2,10,0.5332838296890259,0.14411121606826782,0.5559082488329723,0.1494103921940233,0.9811643958091736
45,2,11,0.2891790270805359,0.2754441499710083,0.34163941006926474,0.2793229218616892,0.9895849227905273
45,2,12,0.7823722958564758,0.25084543228149414,0.7687369735437882,0.2656310781183564,0.9849844574928284
45,2,13,0.291380375623703,0.4739445149898529,0.35216447806152507,0.47827440801668825,0.8487004637718201
45,2,14,0.8492130637168884,0.3907846212387085,0.8218324180578235,0.4404376282642087,0.5505295991897583
45,2,15,0.2525847554206848,0.6459742784500122,0.3038973440095403,0.6451386660223896,0.7038881778717041
45,2,16,0.7086878418922424,0.35799285769462585,0.7333742533678385,0.49836369615367787,0.3839433491230011
45,2,17,0.2525319457054138,0.6902905106544495,0.295708014212875,0.688849341939656,0.6191905736923218
45,2,18,0.7132789492607117,0.3598308563232422,0.7368382878632852,0.5255240302507954,0.35368287563323975
45,2,19,0.26329681277275085,0.6941801905632019,0.30331624786499795,0.6910595572040689,0.6163139939308167
45,2,20,0.6460123658180237,0.34780481457710266,0.6912653544137509,0.5156377463775249,0.35487639904022217
45,2,21,0.27552035450935364,0.6764810085296631,0.315145711468515,0.6742653385052056,0.5749686360359192
45,2,22,0.6262860298156738,0.35031893849372864,0.6757233156937621,0.5057420788468607,0.3460783362388611
45,2,23,0.3832987844944,0.6061080098152161,0.41757466996571246,0.6067769168614828,0.9846301078796387
45,2,24,0.7077230215072632,0.6052635908126831,0.6851049250705712,0.6052382114146321,0.9829843044281006
45,2,25,0.31698861718177795,0.7745295166969299,0.33841136993588317,0.7813987781584758,0.6078242659568787
45,2,26,0.641417920589447,0.8083325624465942,0.6154726122457842,0.8177096506029393,0.5609310865402222
45,2,27,0.26551297307014465,0.9317786693572998,0.290800921034583,0.9369682487129419,0.42448440194129944
45,2,28,0.7192979454994202,1.0475691556930542,0.6439063091578574,1.0407947674887135,0.4518148899078369
45,2,29,0.26507946848869324,0.9592685699462891,0.2913634129215971,0.9693275860511678,0.44029700756073
45,2,30,0.7140588760375977,1.0967756509780884,0.6350841374700449,1.086104301289971,0.5326066613197327
45,2,31,0.18384547531604767,0.9114705324172974,0.22943515844760842,0.9237769849254188,0.2503659725189209
45,2,32,0.7039052844047546,1.050659418106079,0.6283080572287619,1.0504475641988391,0.23753710091114044
46,2,0,0.5029844045639038,0.11891575902700424,0.5270284867711709,0.12688408106954668,0.9742435812950134
46,2,1,0.4869612455368042,0.09975506365299225,0.5110751428000672,0.1066845093874781,0.9749171137809753
46,2,2,0.47329744696617126,0.10067575424909592,0.4962671268445012,0.10732312343805621,0.9740907549858093
46,2,3,0.45916610956192017,0.10207518190145493,0.4816951957132954,0.1083180268435536,0.9757667183876038
46,2,4,0.5271134376525879,0.09863045066595078,0.5518241407129333,0.10597649148249401,0.9729052782058716
46,2,5,0.5432046055793762,0.09870215505361557,0.570874100745884,0.10628599275416331,0.9704329371452332
46,2,6,0.561247706413269,0.09916134178638458,0.5871053918916329,0.10680980427844838,0.9718682765960693
46,2,7,0.4357639253139496,0.11755523085594177,0.46204906508098,0.1230207516221475,0.9782330393791199
46,2,8,0.5969489216804504,0.11539512127637863,0.6204997214550023,0.12075417090027951,0.9745814204216003
46,2,9,0.48476123809814453,0.14047016203403473,0.5094064176993941,0.14822541637546327,0.982245683670044
46,2,10,0.5223196148872375,0.13971006870269775,0.5491556544878365,0.14746156337524963,0.9826494455337524
46,2,11,0.26917916536331177,0.27404382824897766,0.327056155855085,0.2782624656156599,0.9905562996864319
46,2,12,0.7655787467956543,0.23555079102516174,0.7681025953484557,0.2595843883477753,0.9857314229011536
46,2,13,0.277833491563797,0.46734511852264404,0.33720387170060534,0.47607860352176246,0.856787383556366
46,2,14,0.8128352761268616,0.3763633072376251,0.8200249163781309,0.42754523965945873,0.5066887140274048
46,2,15,0.2299305945634842,0.6307500600814819,0.2890101404270166,0.6422475752252664,0.7200642824172974
46,2,16,0.6595377922058105,0.3628332018852234,0.7185137202129334,0.47103884271202706,0.3514811098575592
46,2,17,0.22895465791225433,0.6752256751060486,0.28227531354222135,0.6861120102681412,0.638095498085022
46,2,18,0.6575669646263123,0.3705631196498871,0.7208815437595455,0.49426464545297744,0.32645905017852783
46,2,19,0.24133484065532684,0.6772250533103943,0.2908455000807209,0.688279846919269,0.634803295135498
46,2,20,0.5977929830551147,0.358785480260849,0.6724424898188787,0.48399511343475216,0.32784172892570496
46,2,21,0.25212934613227844,0.6598974466323853,0.30246637954685873,0.6713784128114735,0.5925072431564331
46,2,22,0.581022322177887,0.3588463068008423,0.6566523495625339,0.47611632855503583,0.3201507031917572
46,2,23,0.3726578950881958,0.602191150188446,0.4085417955511004,0.60585575749595,0.9858244061470032
46,2,24,0.6899061799049377,0.595954954624176,0.6860693835543407,0.6033732051125088,0.9842138886451721
46,2,25,0.3182888925075531,0.7643874287605286,0.33436748883311956,0.7779804725335329,0.6149840950965881
46,2,26,0.6154101490974426,0.7969511151313782,0.6154600665856701,0.8135379536581795,0.5657967925071716
46,2,27,0.2817535698413849,0.9271633625030518,0.288983288584705,0.9349984383406434,0.43902692198753357
46,2,28,0.7215352058410645,1.0147678852081299,0.6595320798736036,1.0355636045822383,0.46075335144996643
46,2,29,0.28482985496520996,0.9592553973197937,0.29005089829492947,0.9673040624681004,0.4604601562023163
46,2,30,0.7120903134346008,1.069724678993225,0.6505842850792088,1.0828130470032242,0.5494376420974731
46,2,31,0.20205362141132355,0.9067701697349548,0.22393128636725915,0.9203596103565521,0.2606246769428253
46,2,32,0.6434059143066406,1.0281563997268677,0.6313417557765022,1.04596771588574,0.2441979944705963
47,2,0,0.5001171827316284,0.11571359634399414,0.5216193019869411,0.12463979917388653,0.9761484861373901
47,2,1,0.4857281446456909,0.09681501984596252,0.5059806075150334,0.10470168506378624,0.976687490940094
47,2,2,0.47311723232269287,0.09802491962909698,0.491614477833807,0.10545510293794733,0.9759694337844849
47,2,3,0.4601074457168579,0.09976770728826523,0.47735669518189405,0.10660029329372962,0.9774316549301147
47,2,4,0.523749589920044,0.09483308345079422,0.5461809595472741,0.10373765114639634,0.9746474027633667
47,2,5,0.539864182472229,0.0945746898651123,0.5646403780193809,0.10393301817556523,0.9722444415092468
47,2,6,0.5579013824462891,0.09473614394664764,0.5812349987201009,0.10438400202690057,0.9732836484909058
47,2,7,0.4418882131576538,0.11578257381916046,0.45799748958163045,0.12156667705891128,0.9798855781555176
47,2,8,0.5943003296852112,0.11198749393224716,0.6152337423718706,0.1189929611969983,0.9761993885040283
47,2,9,0.4862443506717682,0.13717469573020935,0.5047513203111694,0.14600520411635703,0.9835167527198792
47,2,10,0.520117461681366,0.1355486363172531,0.5433186160731872,0.14506806635904287,0.9838663339614868
47,2,11,0.27229955792427063,0.2690308690071106,0.3160413854494839,0.2764078308621575,0.9913637638092041
47,2,12,0.7828249931335449,0.21607524156570435,0.7710608051713985,0.2508349558836235,0.9865511059761047
47,2,13,0.2732488214969635,0.4654807448387146,0.324335390179607,0.47394940614401054,0.8629686236381531
47,2,14,0.8394644856452942,0.34587183594703674,0.8239314914098165,0.41110362886422885,0.4873030483722687
47,2,15,0.21729469299316406,0.6219117045402527,0.27457699649792655,0.6381608205459459,0.7230414748191833
47,2,16,0.7026189565658569,0.31948122382164,0.7153198783274363,0.4404689778999049,0.3255910277366638
47,2,17,0.21368759870529175,0.6706664562225342,0.26847282016988216,0.6830084552219323,0.6402686238288879
47,2,18,0.724477231502533,0.3208863437175751,0.7216038131675379,0.459272003212503,0.3047697842121124
47,2,19,0.2241138070821762,0.6731581687927246,0.277417236794795,0.6852413977499667,0.6361632347106934
47,2,20,0.6460670828819275,0.3089960217475891,0.6671411375150877,0.4486737096241564,0.306066632270813
47,2,21,0.24206575751304626,0.6592499613761902,0.2903142723062975,0.6689416069351982,0.5924428105354309
47,2,22,0.6026021242141724,0.312145471572876,0.6457800183222551,0.4430310960609136,0.29941877722740173
47,2,23,0.3902009427547455,0.6013584733009338,0.4048561540574445,0.6049523733210136,0.9869164824485779
47,2,24,0.6970883011817932,0.5803079605102539,0.6882832085018267,0.5987375997117104,0.9854244589805603
47,2,25,0.33127135038375854,0.7526518106460571,0.333745576461121,0.7728896657810012,0.6221898198127747
47,2,26,0.6034556031227112,0.7823407649993896,0.6130481801521344,0.8072666196345863,0.5727593302726746
47,2,27,0.3029642105102539,0.9255320429801941,0.2917924126199121,0.9330966433040029,0.4583524763584137
47,2,28,0.7297955751419067,0.9984499216079712,0.6736723559067997,1.0281017410754074,0.47083908319473267
47,2,29,0.3063637912273407,0.9647467136383057,0.2933287867587603,0.9667903924531442,0.4803926646709442
47,2,30,0.7254066467285156,1.0611793994903564,0.665643933639217,1.0784654068322217,0.5630466341972351
47,2,31,0.22558429837226868,0.9069955348968506,0.2242633022037892,0.9176744794386024,0.2736766040325165
47,2,32,0.6405998468399048,1.025429129600525,0.6332017284107055,1.0418402659892143,0.2497917115688324
48,2,0,0.5169219970703125,0.11203953623771667,0.5206757299601036,0.12210815662534213,0.9783002734184265
48,2,1,0.5005381107330322,0.09450258314609528,0.5048873220073338,0.10265262141314667,0.9787832498550415
48,2,2,0.4876234829425812,0.0957011878490448,0.4908128018412659,0.1034955046294834,0.9781379103660583
48,2,3,0.47476881742477417,0.09738627076148987,0.47683688548566633,0.10474918951603766,0.9794372916221619
48,2,4,0.5410293936729431,0.09246049076318741,0.5451461246886194,0.10147193015056855,0.9768681526184082
48,2,5,0.5572302937507629,0.09217282384634018,0.5631517628847568,0.10157021760440556,0.9746447205543518
48,2,6,0.5751357674598694,0.09231753647327423,0.5800097668887347,0.10195964608910903,0.9755200147628784
48,2,7,0.4585024118423462,0.11331362277269363,0.4580989039043824,0.11990867730178328,0.9816883206367493
48,2,8,0.6116605997085571,0.10981311649084091,0.6145160099516127,0.11714872562258122,0.9783090949058533
48,2,9,0.5013426542282104,0.13289085030555725,0.5040666285685528,0.1433702326438971,0.9850139021873474
48,2,10,0.538329541683197,0.13100577890872955,0.5423164266091516,0.14224255830062688,0.9853181838989258
48,2,11,0.28960007429122925,0.26108279824256897,0.31072670957353044,0.2733284935334697,0.99207603931427
48,2,12,0.7948174476623535,0.21224407851696014,0.7758354956479964,0.24307562669090627,0.9871212244033813
48,2,13,0.2640570402145386,0.44854608178138733,0.3122079686382925,0.46884354612041756,0.8644790649414062
48,2,14,0.8455107808113098,0.32731401920318604,0.8282683179984095,0.3942349908437671,0.45335036516189575
48,2,15,0.22461393475532532,0.5888639688491821,0.264527789466788,0.6282459282836123,0.7084970474243164
48,2,16,0.7128763198852539,0.2803763449192047,0.7148290622958868,0.40816981134013136,0.2973748743534088
48,2,17,0.20463687181472778,0.6377085447311401,0.25562830609744935,0.6738984776690108,0.6254997849464417
48,2,18,0.7272768020629883,0.27571943402290344,0.7227434162599574,0.4222153204378455,0.2801351547241211
48,2,19,0.2198270857334137,0.6392257809638977,0.2658314955935471,0.6759873038401716,0.6205219626426697
48,2,20,0.6575497984886169,0.26348984241485596,0.6652142214770773,0.411285950219036,0.2813245952129364
48,2,21,0.24062396585941315,0.6229891777038574,0.2803200115489421,0.6597002355360386,0.5761953592300415
48,2,22,0.6284546852111816,0.26864033937454224,0.642298568843599,0.4078330968102886,0.2755900025367737
48,2,23,0.40257593989372253,0.5874416828155518,0.4043981459281699,0.6014336556728155,0.9880366921424866
48,2,24,0.7035024166107178,0.569100022315979,0.6913412783715464,0.5927799965847869,0.9865949749946594
48,2,25,0.34821680188179016,0.7386579513549805,0.3366532722408787,0.7660077048261963,0.6499792337417603
48,2,26,0.6032201051712036,0.7550030946731567,0.6110736840709556,0.796754247453126,0.5980592370033264
48,2,27,0.30971667170524597,0.9137860536575317,0.29539425966874044,0.9292160717941442,0.5041927099227905
48,2,28,0.7338401675224304,0.970823347568512,0.68577747872196,1.0165791197960385,0.5065389275550842
48,2,29,0.33920785784721375,0.9597747325897217,0.3025553286847441,0.9653810442011374,0.5219631195068359
48,2,30,0.7354172468185425,1.0081549882888794,0.6796853561069676,1.0643160075862,0.5907825231552124
48,2,31,0.2576523423194885,0.8957412242889404,0.23097565617534202,0.9132665444693631,0.3261289894580841
48,2,32,0.632068932056427,0.9943567514419556,0.6329742019416875,1.0322906918645087,0.28987792134284973
49,2,0,0.526327908039093,0.10432834178209305,0.5218111422536336,0.11853532026524236,0.9803726077079773
49,2,1,0.5075508952140808,0.08748287707567215,0.5054223369700388,0.0996044994181649,0.9808065295219421
49,2,2,0.4934521019458771,0.08893971890211105,0.4913429408613138,0.10057079841072854,0.9802191257476807
49,2,3,0.4796193540096283,0.09080051630735397,0.4773957840346557,0.10194651871904822,0.981377124786377
49,2,4,0.5530313849449158,0.08494939655065536,0.546730219105403,0.09815186024835505,0.9790561199188232
49,2,5,0.5706778764724731,0.08458060771226883,0.5646636921047969,0.09815624767812753,0.9770405292510986
49,2,6,0.589781641960144,0.0846329852938652,0.5819729738518453,0.09847791465992624,0.9778205752372742
49,2,7,0.46494796872138977,0.10741501301527023,0.4594747931925923,0.11739846030690286,0.9834322333335876
49,2,8,0.627127468585968,0.10311327129602432,0.6170499028099847,0.1143286113523584,0.9804058074951172
49,2,9,0.5089415907859802,0.1257636696100235,0.505045891909447,0.1398322284237187,0.9864630103111267
49,2,10,0.5502655506134033,0.12354723364114761,0.5439133535504608,0.13848565474899832,0.9867397546768188
49,2,11,0.28674986958503723,0.25252389907836914,0.3059077281507683,0.26914747676558437,0.9927952885627747
49,2,12,0.8069185018539429,0.21260780096054077,0.7820839437008515,0.2369509651494633,0.9882340431213379
49,2,13,0.24878200888633728,0.4447762370109558,0.2994461683054294,0.4640063944417636,0.86711186170578
49,2,14,0.8464275598526001,0.35297128558158875,0.8319174569119234,0.38593760986639636,0.44038650393486023
49,2,15,0.20643024146556854,0.5779048204421997,0.2528398291998743,0.6181207045423565,0.6897346377372742
49,2,16,0.6892570853233337,0.3917165696620941,0.709689302383124,0.40486363088820737,0.2748793661594391
49,2,17,0.1871112436056137,0.624329686164856,0.24184011912330036,0.6639288116269894,0.6058126091957092
49,2,18,0.6758434176445007,0.4022216796875,0.713311272138902,0.41819729881461876,0.2608110308647156
49,2,19,0.1991882026195526,0.6222442984580994,0.2524211051592699,0.6651768226410067,0.5996783971786499
49,2,20,0.6133162379264832,0.38937732577323914,0.654775436874561,0.4068828430371262,0.26175087690353394
49,2,21,0.22959598898887634,0.603709876537323,0.2701175603802146,0.6484369853377292,0.5540210008621216
49,2,22,0.5970486998558044,0.39146703481674194,0.6331986737354967,0.4045444319045834,0.2570706009864807
49,2,23,0.405938059091568,0.5877343416213989,0.4047074483013234,0.5986811147525173,0.9891639351844788
49,2,24,0.7030566930770874,0.5689365863800049,0.6936950815342794,0.58798788450331,0.9877377152442932
49,2,25,0.3603804409503937,0.7386581897735596,0.3414220025035618,0.7605103983925233,0.679990291595459
49,2,26,0.6012111902236938,0.7446908950805664,0.6090922702960122,0.7862821745342239,0.6253092288970947
49,2,27,0.35944101214408875,0.9165493249893188,0.30828101410686204,0.9266710873992251,0.5505577325820923
49,2,28,0.684762179851532,0.9374527931213379,0.6855735527648604,1.0006515792886626,0.543893039226532
49,2,29,0.3859061598777771,0.9611258506774902,0.3193352931892008,0.9645262995581892,0.5655839443206787
49,2,30,0.6786212921142578,0.97562575340271,0.6794716352410141,1.0464585580518306,0.6225061416625977
49,2,31,0.3002958595752716,0.8896967768669128,0.244925495466137,0.9085294917363761,0.3831004798412323
49,2,32,0.6003748774528503,0.9505878686904907,0.626420709526969,1.0158433407716865,0.33552098274230957
50,2,0,0.5274345874786377,0.09953607618808746,0.5229407818172964,0.11471731024607279,0.9822254180908203
50,2,1,0.5082759261131287,0.08173748105764389,0.5059955223084948,0.09601413090975308,0.9826164841651917
50,2,2,0.49436256289482117,0.08310754597187042,0.49194947917729864,0.09706160626797583,0.98208087682724
50,2,3,0.48048457503318787,0.08486498147249222,0.4780162172012577,0.09851406799912892,0.9831098318099976
50,2,4,0.553612232208252,0.07980737835168839,0.5481127291811407,0.09446549618995125,0.9810072183609009
50,2,5,0.5715797543525696,0.07978184521198273,0.5660530436566565,0.09446386786130277,0.9791802763938904
50,2,6,0.5916770100593567,0.08013805001974106,0.5839225479570627,0.09479247885549452,0.979870080947876
50,2,7,0.465626060962677,0.1020733043551445,0.4607104799278946,0.11431909767805194,0.9849738478660583
50,2,8,0.6320584416389465,0.09836450964212418,0.620065619447347,0.11112080450454685,0.9822630286216736
50,2,9,0.509145200252533,0.12106575071811676,0.5058693270462595,0.13606101895014203,0.9877465963363647
50,2,10,0.548599898815155,0.11884575337171555,0.5448547635845371,0.13453883000548572,0.9879975318908691
50,2,11,0.28465649485588074,0.23879867792129517,0.30163688271803235,0.2630467653726932,0.9934535622596741
50,2,12,0.8137803673744202,0.21161270141601562,0.7884558104749406,0.231858184319487,0.9892175793647766
50,2,13,0.2510068118572235,0.4380415678024292,0.2897038909695352,0.4587875927363905,0.8698863983154297
50,2,14,0.8512541055679321,0.36648890376091003,0.83580332266923,0.3820292219093213,0.4402342736721039
50,2,15,0.1953478902578354,0.5640668869018555,0.2412739166110484,0.6072475966660701,0.6712232828140259
50,2,16,0.7172904014587402,0.4390791654586792,0.711216304653979,0.4117423073473755,0.25682976841926575
50,2,17,0.17194020748138428,0.603918731212616,0.2277731279617422,0.6518555706017573,0.5854261517524719
50,2,18,0.7060244679450989,0.4598260819911957,0.7118474350892641,0.4265680383979389,0.2449668049812317
50,2,19,0.18315188586711884,0.5967045426368713,0.23848130130832473,0.6513978315089461,0.5788170695304871
50,2,20,0.6467388272285461,0.44785991311073303,0.653160935211405,0.4151223787030526,0.24559223651885986
50,2,21,0.21699896454811096,0.5786960124969482,0.25943277062411524,0.6344021887824118,0.5324405431747437
50,2,22,0.6314347982406616,0.44493937492370605,0.6328443849267601,0.4126668003415594,0.24174928665161133
50,2,23,0.41274330019950867,0.5873462557792664,0.40632180056089306,0.5964038030922131,0.990192174911499
50,2,24,0.6921632885932922,0.5665628910064697,0.6933874101641297,0.5836821220579561,0.9887902736663818
50,2,25,0.40032461285591125,0.7427816390991211,0.3532720488512359,0.7569478410269241,0.7065089344978333
50,2,26,0.5849137306213379,0.7339638471603394,0.6042327525465441,0.7757587224239714,0.6413124203681946
50,2,27,0.4117943048477173,0.9207580089569092,0.32913183379214506,0.9254832636572372,0.5923712849617004
50,2,28,0.6159592270851135,0.9169275164604187,0.6715643520311149,0.9837963252756124,0.5735800862312317
50,2,29,0.42579877376556396,0.9598408341407776,0.34078214867092843,0.9635851128028561,0.6053764820098877
50,2,30,0.6122242212295532,0.9523173570632935,0.6659396499624806,1.0275006199032266,0.6471591591835022
50,2,31,0.334995836019516,0.8957102298736572,0.2630616237133363,0.9059538490939946,0.43565765023231506
50,2,32,0.5021622180938721,0.9238826632499695,0.6013766211000576,0.9973256343622009,0.3755992352962494
51,2,0,0.531517505645752,0.09943371266126633,0.5246638199254652,0.11164630163693073,0.9837726354598999
51,2,1,0.5116146802902222,0.08197767287492752,0.5071243005232422,0.09319381494692522,0.9841533899307251
51,2,2,0.4972749352455139,0.08304518461227417,0.4930192496390149,0.09424531778465751,0.9836668372154236
51,2,3,0.4833964407444,0.0844447985291481,0.47909699090983865,0.0956871567585684,0.984575629234314
51,2,4,0.5571528077125549,0.0805511325597763,0.5499288776128256,0.0916697219209098,0.9826478362083435
51,2,5,0.5742161273956299,0.08060965687036514,0.5676929638717344,0.09168018456232051,0.9809843897819519
51,2,6,0.593275249004364,0.08103722333908081,0.5858015190448397,0.09202868603782903,0.9815737009048462
51,2,7,0.46627867221832275,0.0999792218208313,0.46182901834254103,0.11143779223471006,0.9862501621246338
51,2,8,0.6318563222885132,0.09825720638036728,0.6224345512524538,0.10853623404260011,0.9838296175003052
51,2,9,0.5109972953796387,0.11951307952404022,0.5068994206949224,0.1327358419922539,0.9888361096382141
51,2,10,0.5514907836914062,0.11809258908033371,0.5461878475029032,0.13123409794232127,0.9890559911727905
51,2,11,0.27313271164894104,0.22910434007644653,0.29590725760121794,0.2562229751290967,0.9940323233604431
51,2,12,0.7993090152740479,0.21161508560180664,0.7906363312606003,0.22779007124512318,0.9900535941123962
51,2,13,0.2355871945619583,0.4148925542831421,0.2788180475453376,0.4499604677593228,0.8662487864494324
51,2,14,0.8392277956008911,0.3696500062942505,0.8364911920104274,0.37954200452595166,0.4526210427284241
51,2,15,0.18773972988128662,0.5352729558944702,0.23050540934302066,0.5927623761954322,0.6400259137153625
51,2,16,0.76263028383255,0.4723767340183258,0.7215576722297985,0.42394128513762197,0.24356666207313538
51,2,17,0.1644139289855957,0.5777826905250549,0.2150247718587896,0.6369471965501218,0.5553534626960754
51,2,18,0.7398917078971863,0.5027291774749756,0.7174845475418781,0.4418974370981071,0.23263172805309296
51,2,19,0.17701636254787445,0.567162275314331,0.22611475377209395,0.6344392256231727,0.5481457710266113
51,2,20,0.6879931688308716,0.49619919061660767,0.6601638019382571,0.4314434192419212,0.23257586359977722
51,2,21,0.20865193009376526,0.5522635579109192,0.2492188995815476,0.6178667118239543,0.5020303726196289
51,2,22,0.6947051286697388,0.4880354702472687,0.6452906318378434,0.4278363739273347,0.22881367802619934
51,2,23,0.4033413231372833,0.569938600063324,0.4057231250217952,0.5910843599241727,0.9911182522773743
51,2,24,0.684621274471283,0.54704749584198,0.6916263120330536,0.5763165474483344,0.9897093176841736
51,2,25,0.4078393578529358,0.730407178401947,0.364248595641954,0.7516132268326259,0.7311365604400635
51,2,26,0.5844994783401489,0.7051137685775757,0.6002671586344813,0.7615416849401887,0.6460304260253906
51,2,27,0.4200696647167206,0.9234468936920166,0.34744316587200946,0.9250742401224347,0.6292401552200317
51,2,28,0.5811831951141357,0.8969176411628723,0.6533654211838559,0.9663043943039309,0.5913506150245667
51,2,29,0.43305593729019165,0.9623962640762329,0.3593631909177949,0.9633463274861607,0.6405432224273682
51,2,30,0.5827577114105225,0.9384802579879761,0.6491937120441635,1.0095764175523798,0.6629068851470947
51,2,31,0.3406546413898468,0.8989146947860718,0.27867996323302413,0.9045397718445878,0.4809408187866211
51,2,32,0.4757184684276581,0.9077340960502625,0.5760493625391196,0.9792861334332746,0.4033147692680359
52,2,0,0.5152248740196228,0.09998183697462082,0.5227675176926173,0.1093027414475235,0.9852021932601929
52,2,1,0.4953342378139496,0.08251606673002243,0.5047554980114191,0.09104855985618597,0.9855979681015015
52,2,2,0.4810952842235565,0.08341903239488602,0.4906235350389442,0.09207021119424902,0.9851567149162292
52,2,3,0.46688616275787354,0.0846359059214592,0.4766436211998375,0.09346683840509232,0.9859610795974731
52,2,4,0.5392895936965942,0.08126983046531677,0.5477913532664708,0.08958030700308785,0.9841806888580322
52,2,5,0.5557008385658264,0.08132718503475189,0.5652835505604881,0.08960019329832945,0.982669472694397
52,2,6,0.5730773210525513,0.08173483610153198,0.5832449682034827,0.0899605817767635,0.983171820640564
52,2,7,0.4458843767642975,0.09896215051412582,0.4586251237964653,0.10893119785459254,0.9874855875968933
52,2,8,0.6091316342353821,0.09841916710138321,0.6197616810082784,0.10650365692117036,0.9853074550628662
52,2,9,0.49402719736099243,0.11934679746627808,0.5043131170630801,0.13004565848877683,0.9898661971092224
52,2,10,0.5336620211601257,0.11839687079191208,0.5436711670160564,0.12865482785207857,0.9900445938110352
52,2,11,0.24946719408035278,0.22365719079971313,0.28656764575990146,0.2496761970036366,0.9945972561836243
52,2,12,0.7725087404251099,0.21152937412261963,0.7869935821230883,0.22452263884595033,0.9909065961837769
52,2,13,0.2167590707540512,0.39467984437942505,0.2663318049899034,0.4388401931001078,0.8684705495834351
52,2,14,0.8373819589614868,0.3697785437107086,0.836670106328114,0.3775804861921141,0.47725024819374084
52,2,15,0.16324535012245178,0.5162644386291504,0.21697072490565286,0.5773648593644428,0.6314749717712402
52,2,16,0.8425793051719666,0.47419533133506775,0.7459473313757091,0.43404892622364355,0.24314826726913452
52,2,17,0.13855759799480438,0.5562079548835754,0.19963335835154888,0.6206940609481862,0.5448032021522522
52,2,18,0.8598634600639343,0.5117400884628296,0.7461955031984184,0.45595263368847216,0.23134848475456238
52,2,19,0.15213564038276672,0.5504876971244812,0.21122519037844487,0.6175379169756766,0.536952555179596
52,2,20,0.8339909315109253,0.5044797658920288,0.6952470759396575,0.44614262679300676,0.23052068054676056
52,2,21,0.17400850355625153,0.5339997410774231,0.2340810146002854,0.6009824656206916,0.4885532855987549
52,2,22,0.7984748482704163,0.49396514892578125,0.6761897737109658,0.4411428137983599,0.22571687400341034
52,2,23,0.36897873878479004,0.5558537840843201,0.3983354441311705,0.5840013533115385,0.9919732809066772
52,2,24,0.6801546812057495,0.5362065434455872,0.6893215100681687,0.5682514408618564,0.990568995475769
52,2,25,0.4049373269081116,0.726751983165741,0.3724302043515021,0.7466164041812764,0.7541545629501343
52,2,26,0.5801995396614075,0.6759285926818848,0.5962343359764652,0.7443051178878318,0.6347580552101135
52,2,27,0.4294998049736023,0.9271063804626465,0.36396209337142676,0.925482417645987,0.6618189811706543
52,2,28,0.5363489985466003,0.8651444911956787,0.6297856745120085,0.94592893426624,0.5909586548805237
52,2,29,0.4436822831630707,0.9597032070159912,0.37633865566317654,0.9626145400167802,0.6720550060272217
52,2,30,0.5448507070541382,0.8953291177749634,0.6281752148861063,0.986556494692363,0.6641088724136353
52,2,31,0.36568084359169006,0.9136043190956116,0.2961966104473257,0.9063608444290249,0.5192267894744873
52,2,32,0.47515013813972473,0.8649294376373291,0.5557264534781995,0.9562440930443505,0.4152261018753052
53,2,0,0.504285454750061,0.10015825182199478,0.519053493280495,0.10746561087097652,0.9865824580192566
53,2,1,0.48256218433380127,0.08277955651283264,0.5002952222712114,0.08938735557778572,0.9869682192802429
53,2,2,0.46780478954315186,0.08363257348537445,0.4860374833708392,0.09037512104044937,0.9865660667419434
53,2,3,0.452991783618927,0.08478863537311554,0.47189002564539867,0.09172340780310227,0.9872900247573853
53,2,4,0.5270248651504517,0.08153624832630157,0.5436179995663956,0.08796430324813052,0.9856644868850708
53,2,5,0.5425109267234802,0.08155013620853424,0.5607067746910239,0.0879829842138296,0.9842900633811951
53,2,6,0.5588804483413696,0.08187031745910645,0.5783480394532748,0.08833529345886657,0.9847390651702881
53,2,7,0.43008384108543396,0.09866254776716232,0.45288804974233876,0.10686815808546102,0.9886705875396729
53,2,8,0.5940916538238525,0.09843587875366211,0.6146021752128649,0.10488288706238294,0.9867061376571655
53,2,9,0.48067015409469604,0.11910518258810043,0.49956130632026396,0.12784760293620667,0.9908326268196106
53,2,10,0.5235461592674255,0.11843865364789963,0.5396268015491831,0.12660233378121338,0.9909829497337341
53,2,11,0.2431083619594574,0.2234090268611908,0.27782823384294336,0.24439657704036422,0.9951150417327881
53,2,12,0.7458454966545105,0.21078744530677795,0.7787195069864122,0.22176287823369273,0.9917428493499756
53,2,13,0.20068007707595825,0.3887039124965668,0.253121378128097,0.4287562063235653,0.8702691793441772
53,2,14,0.8236491084098816,0.3681032359600067,0.8340539060756662,0.37567648451322827,0.5114540457725525
53,2,15,0.15348638594150543,0.486407607793808,0.20419718299904285,0.559049544803302,0.6164092421531677
53,2,16,0.8998059630393982,0.479824960231781,0.7769831781902306,0.44325475943705606,0.25619277358055115
53,2,17,0.12749385833740234,0.5204799771308899,0.18511479258035424,0.6005095468576415,0.5288833975791931
53,2,18,0.9286069869995117,0.5145782828330994,0.7830202930350414,0.4677468321168602,0.2397557646036148
53,2,19,0.13492850959300995,0.5132232904434204,0.19586818751589674,0.5965250779046336,0.5206493735313416
53,2,20,0.8881382942199707,0.5105994343757629,0.7341988878481761,0.45911204228789004,0.23797005414962769
53,2,21,0.16672958433628082,0.4974539279937744,0.22052791986388925,0.580128431687522,0.4716110825538635
53,2,22,0.8622176051139832,0.5006648302078247,0.7137483878705775,0.45311764961524575,0.23149456083774567
53,2,23,0.35151466727256775,0.5532262325286865,0.3889191834026216,0.5778148739109519,0.9927438497543335
53,2,24,0.6591238975524902,0.5340896844863892,0.6832512209359,0.5613835191619626,0.9913736581802368
53,2,25,0.39879703521728516,0.7270395159721375,0.37772986663038566,0.7426822572688411,0.7749630212783813
53,2,26,0.5760893225669861,0.6836007833480835,0.5921859503473201,0.7320919582488234,0.6216182708740234
53,2,27,0.4454449713230133,0.9227112531661987,0.38036527062697467,0.9249257914393297,0.6891458630561829
53,2,28,0.5101571083068848,0.8484607934951782,0.6056777419996107,0.9262990466763147,0.5830923318862915
53,2,29,0.45962926745414734,0.952437162399292,0.39310659802766773,0.9605698503801624,0.6983675956726074
53,2,30,0.5215312838554382,0.871257483959198,0.60669180144512,0.9633239155020341,0.6642599701881409
53,2,31,0.37802356481552124,0.9087778925895691,0.31266918709102925,0.906846339739115,0.5486262440681458
53,2,32,0.45613107085227966,0.8399003148078918,0.5356668691762473,0.9328003062578907,0.42255285382270813
54,2,0,0.4964231252670288,0.10030005127191544,0.5145053252329607,0.10602612795362779,0.9878743886947632
54,2,1,0.472343772649765,0.08312439918518066,0.4946768037680746,0.0881292277209613,0.9882431030273438
54,2,2,0.4569412171840668,0.08385585993528366,0.4801887616140254,0.08906549624238479,0.9878790974617004
54,2,3,0.442176878452301,0.08486718684434891,0.46591719941660076,0.09034607964137567,0.988532304763794
54,2,4,0.519877552986145,0.08207135647535324,0.5388465834737556,0.08678051670029632,0.9870596528053284
54,2,5,0.535771906375885,0.08211613446474075,0.5556951327299828,0.08680444094358726,0.9858162999153137
54,2,6,0.5532302856445312,0.08247516304254532,0.5732996139137244,0.08715810020044915,0.9862194061279297
54,2,7,0.4178999364376068,0.09803533554077148,0.4458538278092362,0.10509365716926285,0.9897814989089966
54,2,8,0.589714765548706,0.09841673821210861,0.6096000794549059,0.10358393371568962,0.9880093932151794
54,2,9,0.4711773693561554,0.11848396062850952,0.493855885735602,0.1259664330287712,0.9917278289794922
54,2,10,0.5190140008926392,0.11829853802919388,0.535484351252526,0.12493413829095722,0.9918548464775085
54,2,11,0.22941245138645172,0.22085082530975342,0.2680907475286756,0.23966431510510203,0.995590090751648
54,2,12,0.7349082231521606,0.21310114860534668,0.7699092520908473,0.22002275759070017,0.992511510848999
54,2,13,0.19412855803966522,0.3787861764431,0.2412530725125211,0.4187057020124899,0.8749732375144958
54,2,14,0.8322071433067322,0.37085971236228943,0.8336829677025169,0.37470891059055134,0.5526508688926697
54,2,15,0.13360343873500824,0.4689691662788391,0.18999035171403938,0.5409112262019926,0.6082289814949036
54,2,16,0.9566609263420105,0.4865472912788391,0.8132533826945054,0.45196054965719623,0.2919507324695587
54,2,17,0.11128095537424088,0.4982500374317169,0.17025453325524773,0.5799118513667666,0.5187528133392334
54,2,18,1.0013948678970337,0.515796959400177,0.8271495851289398,0.47741061821632436,0.26656851172447205
54,2,19,0.11858101934194565,0.4887401759624481,0.18031139279852562,0.574811061194421,0.5100868940353394
54,2,20,0.9717826247215271,0.5156203508377075,0.7822356994267848,0.4704796216272099,0.2639041244983673
54,2,21,0.13888894021511078,0.4790137708187103,0.2040931807971308,0.5597619806738088,0.4606010913848877
54,2,22,0.9401076436042786,0.5056748986244202,0.7595013842058347,0.4636892435081761,0.2538757920265198
54,2,23,0.33414867520332336,0.5516647100448608,0.37790167275500797,0.5725587936504523,0.9934526085853577
54,2,24,0.6436548829078674,0.5326817631721497,0.675289510186719,0.5556141648230449,0.9921234846115112
54,2,25,0.4112836420536041,0.7360787391662598,0.3844754464614785,0.7413557052648484,0.7951805591583252
54,2,26,0.5607720613479614,0.6611735820770264,0.5858709495316294,0.7178197343120643,0.5957013368606567
54,2,27,0.4514499008655548,0.9275015592575073,0.39467104126974356,0.9254431696312045,0.7124776840209961
54,2,28,0.49428296089172363,0.8000665903091431,0.5832342289809352,0.900855589360074,0.5583928823471069
54,2,29,0.46588703989982605,0.9551160335540771,0.40775435018642686,0.9594742939215892,0.7206506133079529
54,2,30,0.5022579431533813,0.827599823474884,0.5856548716523198,0.9359600415575269,0.6509137749671936
54,2,31,0.38144412636756897,0.9139924049377441,0.3265092210317186,0.9082819088842409,0.5685635209083557
54,2,32,0.4422565698623657,0.7828333973884583,0.516856265251747,0.9025528502578297,0.41308674216270447
55,2,0,0.4874664843082428,0.1003493070602417,0.5090704859720996,0.10488576415534821,0.9889938831329346
55,2,1,0.4630407392978668,0.08325547724962234,0.48831709640807075,0.08715020736707337,0.9893544316291809
55,2,2,0.44787779450416565,0.0838700607419014,0.473693257453334,0.08802184760506944,0.9890244007110596
55,2,3,0.43323343992233276,0.08474066853523254,0.45934668359014796,0.089220062967645,0.989615797996521
55,2,4,0.5092302560806274,0.08241359889507294,0.5328932359134286,0.08590331943373353,0.9882751703262329
55,2,5,0.5241629481315613,0.08249469846487045,0.5493563270673237,0.08593873006071033,0.9871430397033691
55,2,6,0.5406555533409119,0.08289134502410889,0.5667370873665122,0.0863010253394004,0.9875018000602722
55,2,7,0.40938112139701843,0.0970321074128151,0.4385208280272239,0.10347413893105097,0.9907509684562683
55,2,8,0.5733376145362854,0.09831983596086502,0.6023093957012742,0.10252649032603448,0.9891367554664612
55,2,9,0.46260538697242737,0.11814725399017334,0.48757375532820985,0.12439561630452868,0.9924970269203186
55,2,10,0.5087237358093262,0.11814626306295395,0.5301054776462388,0.12357054256165019,0.9925912022590637
55,2,11,0.22337117791175842,0.2169436663389206,0.2590975841724041,0.2350979894526108,0.9960100650787354
55,2,12,0.705255389213562,0.21360553801059723,0.756900044266542,0.2187336349652075,0.9931837320327759
55,2,13,0.1901523619890213,0.36884060502052307,0.2309747957696159,0.4086763303467946,0.8803094029426575
55,2,14,0.8137493133544922,0.37098973989486694,0.8296770846081237,0.3739618416210567,0.5919854044914246
55,2,15,0.1288333684206009,0.449160099029541,0.17768590303223988,0.5224356128297349,0.6038663983345032
55,2,16,0.9523844718933105,0.48553016781806946,0.8413070825340472,0.45870930356847167,0.33739516139030457
55,2,17,0.09597597271203995,0.472270667552948,0.15530458612462097,0.5582268617842094,0.5113219022750854
55,2,18,0.9944317936897278,0.5138252973556519,0.8609061944393377,0.484731915900793,0.30432578921318054
55,2,19,0.0995045080780983,0.46523401141166687,0.16404453075163394,0.5527348721289274,0.5027593374252319
55,2,20,0.9682089686393738,0.5139579772949219,0.8197837065845485,0.4792228283492724,0.3006044924259186
55,2,21,0.13013258576393127,0.4541970491409302,0.18920737643420196,0.5384964925200444,0.45354199409484863
55,2,22,0.940091609954834,0.5043100118637085,0.7959570153237261,0.4718571572232072,0.28624221682548523
55,2,23,0.3296481668949127,0.546772301197052,0.3681968776401541,0.5673758618717597,0.9940664172172546
55,2,24,0.6187363862991333,0.5291298031806946,0.6639128562902005,0.5502908603398378,0.9927235245704651
55,2,25,0.4118577837944031,0.7350907921791077,0.38997938158585904,0.7400971857934254,0.8129708766937256
55,2,26,0.5374512076377869,0.6699237823486328,0.5761326892330736,0.708186949668241,0.5803239345550537
55,2,27,0.45101016759872437,0.924338698387146,0.4060046039066432,0.9252213316422234,0.7327509522438049
55,2,28,0.4490196704864502,0.8182007670402527,0.5561757656478385,0.8842159067300206,0.5466911792755127
55,2,29,0.46876874566078186,0.9551804661750793,0.4200300330407218,0.9586117823487617,0.7407680749893188
55,2,30,0.45473265647888184,0.848471999168396,0.5592626188159004,0.9183449551962143,0.645455002784729
55,2,31,0.37883853912353516,0.9199337363243103,0.33703494987240706,0.9106229331508898,0.5873079895973206
55,2,32,0.38768503069877625,0.8077042698860168,0.49081822944427983,0.8834518242502626,0.41263967752456665
56,2,0,0.47896331548690796,0.09921149909496307,0.5030183873685578,0.10374591389586994,0.9900480508804321
56,2,1,0.4557635486125946,0.08233972638845444,0.4817727808824691,0.08618389809656407,0.9903877377510071
56,2,2,0.44013577699661255,0.08282818645238876,0.4669469289134197,0.08697855548134069,0.9900884628295898
56,2,3,0.42542868852615356,0.08355431258678436,0.4525278088104726,0.08808192342957533,0.9906231164932251
56,2,4,0.501670777797699,0.08178788423538208,0.5266167473702352,0.08507664418094009,0.9894101619720459
56,2,5,0.5168743133544922,0.08191464096307755,0.5428264057699578,0.08513040574276547,0.9883841872215271
56,2,6,0.5338383316993713,0.08237506449222565,0.5601233105413964,0.08551241435079211,0.9887067079544067
56,2,7,0.40153852105140686,0.09486375749111176,0.43108526362604394,0.10174433700207725,0.9916512370109558
56,2,8,0.5663448572158813,0.09668441861867905,0.5950786699641475,0.10135292545495637,0.9901902079582214
56,2,9,0.4535183906555176,0.11615989357233047,0.48072723753746,0.1227410996537637,0.993215024471283
56,2,10,0.49911344051361084,0.11632867157459259,0.5238753498439115,0.12211572649900042,0.9932888150215149
56,2,11,0.21642640233039856,0.21483354270458221,0.2505168481206732,0.2310255844734646,0.9963856935501099
56,2,12,0.6929647326469421,0.21401609480381012,0.7440356679212097,0.217785997594974,0.9938225150108337
56,2,13,0.18182778358459473,0.36883413791656494,0.22109002661680857,0.4006651165823759,0.8852571845054626
56,2,14,0.7955856323242188,0.37107738852500916,0.8228233147889639,0.3733824558524461,0.6302860975265503
56,2,15,0.1354074478149414,0.4308203458786011,0.16918421326114738,0.5039874151952352,0.5999783873558044
56,2,16,0.9451631307601929,0.48761850595474243,0.8622274837377218,0.4645203826771324,0.3915097117424011
56,2,17,0.09777800738811493,0.4509180188179016,0.14373172347709406,0.536609002933106,0.5050109028816223
56,2,18,0.9852266311645508,0.5161969065666199,0.885963322966752,0.49105718814801536,0.35407203435897827
56,2,19,0.10977823287248611,0.44051265716552734,0.1531285507886963,0.5301240744759332,0.4970099627971649
56,2,20,0.9683465361595154,0.5161481499671936,0.8497473214699504,0.4866469055953767,0.3497050404548645
56,2,21,0.1350555717945099,0.4297134280204773,0.1783144695379521,0.5165807371652081,0.44895970821380615
56,2,22,0.9335426092147827,0.506967306137085,0.8236980789566035,0.4789159246986762,0.33180782198905945
56,2,23,0.31530335545539856,0.5403680205345154,0.35755749283441035,0.561947259435023,0.9946087598800659
56,2,24,0.5957064032554626,0.5246836543083191,0.6501874433617096,0.5451439885016184,0.9932742714881897
56,2,25,0.39409953355789185,0.7346369028091431,0.3908070044553063,0.7390003280257015,0.8280836343765259
56,2,26,0.5007699728012085,0.6768518686294556,0.560964161051008,0.7018877954098449,0.5766203999519348
56,2,27,0.4475611746311188,0.922296404838562,0.41436094398416706,0.9246338167373248,0.7497403025627136
56,2,28,0.4139963388442993,0.8391199707984924,0.527505105078504,0.8751469465940684,0.5444151759147644
56,2,29,0.4653116464614868,0.9546582102775574,0.42913637141163724,0.9578176259897597,0.7593569159507751
56,2,30,0.44919782876968384,0.8701606392860413,0.5370878423512603,0.9086540614289614,0.6484489440917969
56,2,31,0.38005656003952026,0.921192467212677,0.3456862330169341,0.9127464433582811,0.6032562255859375
56,2,32,0.36480310559272766,0.8275150060653687,0.46541859199277064,0.8721992828157651,0.41751739382743835
57,2,0,0.4753504991531372,0.09619390219449997,0.49745700974237594,0.1022287806492465,0.991014838218689
57,2,1,0.4527755677700043,0.07980117946863174,0.47594398458265585,0.08490170773695599,0.9913268089294434
57,2,2,0.4359457194805145,0.08023746311664581,0.4607149542195515,0.08562435970311914,0.9910560846328735
57,2,3,0.42028048634529114,0.0809222012758255,0.4460451092471479,0.08664361358836085,0.991538941860199
57,2,4,0.49976736307144165,0.07957188040018082,0.521220016738356,0.0839708487561215,0.9904435276985168
57,2,5,0.5160570740699768,0.07980868220329285,0.5374457776583511,0.0840613848831128,0.9895159006118774
57,2,6,0.5332353115081787,0.08034955710172653,0.5547188124534146,0.08447531096992013,0.9898054003715515
57,2,7,0.39521580934524536,0.09211628884077072,0.42387367078094446,0.09981003339679356,0.9924686551094055
57,2,8,0.5656276941299438,0.0936935767531395,0.58915858681427,0.09981422453814971,0.9911472201347351
57,2,9,0.448142409324646,0.11297446489334106,0.47417662707716424,0.12077894592519105,0.9938734769821167
57,2,10,0.49606797099113464,0.1131308451294899,0.5182859120300213,0.12031066960316172,0.9939338564872742
57,2,11,0.2153160125017166,0.21340012550354004,0.24343980552487557,0.22748378097464791,0.9967297315597534
57,2,12,0.6883018016815186,0.214352086186409,0.732824068472567,0.21709623446071213,0.9944068789482117
57,2,13,0.19309358298778534,0.3597191870212555,0.21546253921821765,0.3924317156742857,0.8925304412841797
57,2,14,0.7807582020759583,0.36799341440200806,0.8143646199619341,0.3722999098436143,0.6646896600723267
57,2,15,0.13578015565872192,0.42827290296554565,0.16246873397908218,0.4887478646451686,0.615120530128479
57,2,16,0.9285368919372559,0.48767954111099243,0.8755705822845445,0.46917488848155386,0.4441608786582947
57,2,17,0.09935162961483002,0.45170193910598755,0.13480688881207942,0.5195147875701744,0.5172316431999207
57,2,18,0.9619202017784119,0.5183533430099487,0.9012519330032795,0.4965437785455768,0.4045792520046234
57,2,19,0.10725049674510956,0.4433891177177429,0.14390209014288774,0.5126609486266352,0.5098763108253479
57,2,20,0.9396998882293701,0.5181389451026917,0.8678601399569791,0.4929776248301009,0.39961865544319153
57,2,21,0.13787789642810822,0.4341229498386383,0.17018358112509757,0.4999807655878251,0.4621957838535309
57,2,22,0.9125092625617981,0.5079348087310791,0.8415804625955747,0.4847490717785441,0.3788836896419525
57,2,23,0.30110883712768555,0.5316934585571289,0.3462018696619052,0.5558656614217509,0.9950858950614929
57,2,24,0.5815445780754089,0.520023763179779,0.6363740320535076,0.5400950650021523,0.9937601685523987
57,2,25,0.37071889638900757,0.7300835847854614,0.38677005963471484,0.7372089648281138,0.8418930768966675
57,2,26,0.48228180408477783,0.6857506036758423,0.5451259914060949,0.6986451897802725,0.5825381875038147
57,2,27,0.43465182185173035,0.9260404109954834,0.41843867035149357,0.924916340806799,0.7670915722846985
57,2,28,0.40954577922821045,0.8450747132301331,0.5037345017804535,0.8691018588291226,0.5551494359970093
57,2,29,0.4611385762691498,0.9588704705238342,0.4355697628398438,0.9580290949375931,0.7777069807052612
57,2,30,0.42020004987716675,0.8970517516136169,0.513533922915457,0.9063229842655506,0.658500611782074
57,2,31,0.37474286556243896,0.9254252314567566,0.35152698883821254,0.9152938708918271,0.6239973306655884
57,2,32,0.3462039530277252,0.8822174668312073,0.441394198348352,0.8742119777551187,0.4340886175632477
58,2,0,0.4807373285293579,0.09599977731704712,0.49409730620190884,0.10097747474953415,0.9918709397315979
58,2,1,0.45804107189178467,0.07966752350330353,0.4723463990746065,0.08385027426888238,0.9921644330024719
58,2,2,0.44019588828086853,0.08004029095172882,0.4565913504914427,0.08450263104378436,0.991919219493866
58,2,3,0.42312172055244446,0.08070628345012665,0.4414380110275195,0.08545090989008311,0.99235600233078
58,2,4,0.5062558650970459,0.07960373163223267,0.5182132227771875,0.08309361152242911,0.9913610816001892
58,2,5,0.5229178071022034,0.07987896353006363,0.5345266626111305,0.08322125245485279,0.9905204772949219
58,2,6,0.5399104952812195,0.08042619377374649,0.5517433438020035,0.08366195869365449,0.9907774329185486
58,2,7,0.3974086046218872,0.09212284535169601,0.4185542435596988,0.09826573856090354,0.9931977987289429
58,2,8,0.57225501537323,0.09323487430810928,0.5857619141081947,0.09849252664004414,0.9919961094856262
58,2,9,0.4531371295452118,0.11274518817663193,0.4699483732374881,0.11916501227251444,0.9944590330123901
58,2,10,0.502630352973938,0.1127026155591011,0.5151401303767366,0.11878227554614101,0.9945018291473389
58,2,11,0.22074389457702637,0.2146836817264557,0.23887844907712194,0.22491197310649003,0.9970414042472839
58,2,12,0.6959710121154785,0.21490703523159027,0.7254145127253423,0.21665650964413047,0.9949204921722412
58,2,13,0.19348017871379852,0.3674980401992798,0.21104467394190776,0.387420307550475,0.8981417417526245
58,2,14,0.7776490449905396,0.3705463707447052,0.8069827453519233,0.3719476964138663,0.6939743757247925
58,2,15,0.1388021856546402,0.4355511963367462,0.1577121649073789,0.4780473783151672,0.6291294097900391
58,2,16,0.925550639629364,0.4926086664199829,0.8856231939940973,0.4738846247863483,0.4865844249725342
58,2,17,0.10255549848079681,0.45715489983558655,0.12832334596136905,0.5069678867485028,0.5285888910293579
58,2,18,0.9749392867088318,0.5279815196990967,0.9160827566524051,0.5028635742109188,0.4422988295555115
58,2,19,0.11741697043180466,0.44718241691589355,0.13857861054708343,0.49948541430040794,0.5215872526168823
58,2,20,0.9368202686309814,0.5259889960289001,0.8817377347197833,0.49961405481310667,0.43640652298927307
58,2,21,0.1423342078924179,0.4402874708175659,0.164585676598182,0.4879712831614287,0.4738541841506958
58,2,22,0.9101296067237854,0.5142396092414856,0.8553751695366858,0.49067710740488024,0.41275641322135925
58,2,23,0.3015502691268921,0.5286410450935364,0.3372223960539806,0.5503934523507168,0.9955470561981201
58,2,24,0.5701079964637756,0.5196155905723572,0.6230398050754312,0.5359794235175238,0.9942579865455627
58,2,25,0.37557336688041687,0.7318363785743713,0.3845205120372051,0.7361297258535099,0.8540555238723755
58,2,26,0.4882762134075165,0.6881056427955627,0.5336895434522737,0.6965277074652083,0.5763724446296692
58,2,27,0.4306849539279938,0.9303921461105347,0.420899170129945,0.9260163191446589,0.7812401056289673
58,2,28,0.40660783648490906,0.8506329655647278,0.4841733850405778,0.8653904723986415,0.5549346804618835
58,2,29,0.4586809575557709,0.9639760255813599,0.4402146374874322,0.9592237287470858,0.7932875156402588
58,2,30,0.40715640783309937,0.8935394287109375,0.4921041955049208,0.9037544941011139,0.6609799265861511
58,2,31,0.3785078823566437,0.9352683424949646,0.35695017780955,0.9193079712779054,0.6380284428596497
58,2,32,0.3608912229537964,0.8688894510269165,0.4251886086348789,0.8731427914822353,0.4402109682559967
59,2,0,0.4912446141242981,0.09333407878875732,0.493524300751743,0.0994419793171344,0.9925495982170105
59,2,1,0.46804624795913696,0.0767085924744606,0.4714826148526187,0.08241558931552329,0.9928539991378784
59,2,2,0.4512522518634796,0.07706014811992645,0.4555188384312522,0.08300750583786597,0.992637038230896
59,2,3,0.4352380633354187,0.07778196781873703,0.4401925424277259,0.08391028136096912,0.9930269718170166
59,2,4,0.5159186720848083,0.07700927555561066,0.5177523355140878,0.08187137195335703,0.9921076893806458
59,2,5,0.5331685543060303,0.07745899260044098,0.5342538778918983,0.08206372296448995,0.9913460612297058
59,2,6,0.5505067706108093,0.0781683400273323,0.551494971036719,0.08255840248425514,0.9915613532066345
59,2,7,0.40970268845558167,0.09040764719247818,0.4167759774849909,0.09668710305718195,0.993803858757019
59,2,8,0.5860293507575989,0.09099970012903214,0.585815628777943,0.09698728575679974,0.9927041530609131
59,2,9,0.4653788208961487,0.11059974133968353,0.46903046657980385,0.11744427516304183,0.9949285984039307
59,2,10,0.5133031606674194,0.11047559231519699,0.5147711583329075,0.11711350005350094,0.9949358701705933
59,2,11,0.2296363264322281,0.2098357230424881,0.23702169668180456,0.2218826455065305,0.9973096251487732
59,2,12,0.7179579734802246,0.21560019254684448,0.723916561466681,0.21644434346096092,0.9953306317329407
59,2,13,0.20159973204135895,0.3667716979980469,0.209147162587128,0.38327065257403564,0.9034152030944824
59,2,14,0.7909550070762634,0.3729534149169922,0.8037621467536202,0.37214969925461633,0.7207625508308411
59,2,15,0.14276041090488434,0.44075095653533936,0.15470785619281918,0.4705485664887076,0.6301978230476379
59,2,16,0.9104191660881042,0.5008586049079895,0.8906069399502825,0.4793064131652995,0.5188196897506714
59,2,17,0.11137048155069351,0.4622095227241516,0.12491675259382765,0.49796688442759085,0.5259826183319092
59,2,18,0.9553786516189575,0.5364916324615479,0.9239840857783017,0.5096240978367882,0.4670521914958954
59,2,19,0.12528538703918457,0.45481082797050476,0.1359076784448684,0.49050127669722293,0.5187156796455383
59,2,20,0.9393116235733032,0.5341948866844177,0.8933202279575532,0.5065663092296252,0.4600967466831207
59,2,21,0.14786604046821594,0.44691547751426697,0.16122597297618801,0.47971573001675727,0.47143471240997314
59,2,22,0.9176853895187378,0.521977424621582,0.8679121469619068,0.4969692568313647,0.43346333503723145
59,2,23,0.30226993560791016,0.5279989242553711,0.3301953392351907,0.5458927115640242,0.9959436058998108
59,2,24,0.5692980289459229,0.5213866829872131,0.6122295327879009,0.533047289354456,0.9945857524871826
59,2,25,0.37464338541030884,0.7430344223976135,0.38253615428620363,0.7375167942608347,0.8670063614845276
59,2,26,0.4955056309700012,0.6721230149269104,0.5260121177235285,0.6916226948443607,0.568789541721344
59,2,27,0.43700867891311646,0.93581622838974,0.4241362116649509,0.9279851610014932,0.7949088215827942
59,2,28,0.42015600204467773,0.8144020438194275,0.47129235965365435,0.8551348307756044,0.5483798384666443
59,2,29,0.4750482439994812,0.9682048559188843,0.4472177761125564,0.961028032615245,0.8071975708007812
59,2,30,0.4318143129348755,0.8485721349716187,0.47997446497755725,0.8926539899192545,0.661464273929596
59,2,31,0.37144872546195984,0.957318127155304,0.3598633805550494,0.9269504151982861,0.6452538967132568
59,2,32,0.3747701644897461,0.8203642964363098,0.41504771837998466,0.8625265598780599,0.4372577965259552
60,2,0,0.509650468826294,0.09228108823299408,0.49676468573307164,0.09800343465533731,0.9931988716125488
60,2,1,0.4846011996269226,0.07573684304952621,0.4741184346615272,0.08107392044887546,0.9934919476509094
60,2,2,0.46784707903862,0.07611812651157379,0.4579958052001073,0.08162351547982725,0.9933009147644043
60,2,3,0.45201241970062256,0.07687804847955704,0.4425673358233407,0.08249758783683395,0.9936420917510986
60,2,4,0.5351549386978149,0.07613033056259155,0.5212493320806759,0.08071810555526655,0.9928009510040283
60,2,5,0.553159236907959,0.07666763663291931,0.5380530085545859,0.08097976199956614,0.9921220541000366
60,2,6,0.5712803602218628,0.077485091984272,0.555471046601229,0.0815392896760279,0.9923014044761658
60,2,7,0.4267122745513916,0.09008148312568665,0.4187722250753222,0.0953601269765924,0.9943493604660034
60,2,8,0.6080436706542969,0.09045742452144623,0.5902828863854434,0.09567553134537066,0.9933730363845825
60,2,9,0.4830242097377777,0.11007583141326904,0.47184219439197767,0.11596402679086966,0.9953744411468506
60,2,10,0.5328691601753235,0.10978889465332031,0.5184079639935768,0.11564206019710487,0.9953679442405701
60,2,11,0.2403031885623932,0.20835082232952118,0.23768083983202187,0.2191637633817162,0.9975435733795166
60,2,12,0.746218204498291,0.21673473715782166,0.7283986173238001,0.21650266910929522,0.9957284331321716
60,2,13,0.21062886714935303,0.372520387172699,0.20944477277281126,0.38111082230154786,0.909238338470459
60,2,14,0.7958611845970154,0.37921783328056335,0.8021748969979807,0.37356960586662824,0.7435775995254517
60,2,15,0.14111848175525665,0.4571820795536041,0.15197740102899512,0.4678629085257416,0.6444819569587708
60,2,16,0.8915907144546509,0.5132160782814026,0.890804536488854,0.4861236067525329,0.5438791513442993
60,2,17,0.11187411844730377,0.4835955500602722,0.12229618990209544,0.4950792432915541,0.5381238460540771
60,2,18,0.9338405132293701,0.5495092272758484,0.9259643029836496,0.517643941399298,0.4847140312194824
60,2,19,0.12624265253543854,0.4761243760585785,0.13396593864831383,0.4876125155833169,0.5305221080780029
60,2,20,0.9294549822807312,0.5464227199554443,0.9005852943489784,0.5145803728854761,0.4765588939189911
60,2,21,0.14661236107349396,0.46674346923828125,0.15828963671442403,0.4771093080394797,0.4830932915210724
60,2,22,0.9042300581932068,0.5342743992805481,0.8752140685377778,0.5044697918504951,0.44697824120521545
60,2,23,0.31765416264533997,0.5234431624412537,0.32767556975393025,0.5413809058620932,0.9962984919548035
60,2,24,0.586462676525116,0.5161814093589783,0.6070505390465077,0.5296581947957456,0.9949626326560974
60,2,25,0.3766767382621765,0.7353784441947937,0.3813591048618486,0.7370872838901482,0.8795909881591797
60,2,26,0.48956698179244995,0.6847397089004517,0.5186846566493788,0.6902399882255414,0.5796457529067993
60,2,27,0.43726053833961487,0.9278571009635925,0.42677318965825434,0.9279594402414081,0.8112727403640747
60,2,28,0.45326972007751465,0.8335280418395996,0.46767067742646545,0.8507924935508817,0.5652256011962891
60,2,29,0.4783823490142822,0.9524451494216919,0.45348262638265446,0.9593037578773274,0.8232465982437134
60,2,30,0.47199365496635437,0.8747888803482056,0.47837116018469633,0.8890639971352335,0.6763806343078613
60,2,31,0.37118953466415405,0.9694753885269165,0.36213894905304533,0.9355017057180955,0.6652429103851318
60,2,32,0.40332651138305664,0.8490142822265625,0.41269273936428225,0.8598115992952005,0.45655184984207153
61,2,0,0.5275875926017761,0.09250731766223907,0.5029607822274431,0.09689937651783566,0.9938305616378784
61,2,1,0.5040237903594971,0.07571075856685638,0.480129927602338,0.07999657432083525,0.9940981864929199
61,2,2,0.48574596643447876,0.0760616585612297,0.46357372937144553,0.08050624947309601,0.993928074836731
61,2,3,0.4680604636669159,0.07681357115507126,0.4476912601128896,0.08135577845398743,0.9942327737808228
61,2,4,0.5538415312767029,0.07633461058139801,0.5278014212873259,0.0798375780798938,0.9934642910957336
61,2,5,0.5716846585273743,0.0769834890961647,0.5448142582091753,0.08017702586224963,0.9928533434867859
61,2,6,0.5908129215240479,0.07795125991106033,0.5625764578894016,0.08081856609220553,0.9930088520050049
61,2,7,0.443278968334198,0.09046527743339539,0.4236977566785181,0.09437686784166766,0.9948688745498657
61,2,8,0.6302032470703125,0.09135262668132782,0.5983098233682519,0.09480717632629487,0.9939889907836914
61,2,9,0.49949952960014343,0.11093013733625412,0.4774014455553253,0.11495283387868332,0.9958001375198364
61,2,10,0.5511065125465393,0.11079307645559311,0.5249814525188238,0.11466801566329711,0.9957903027534485
61,2,11,0.25039583444595337,0.20978796482086182,0.24023553881137497,0.21728015053500274,0.9977566599845886
61,2,12,0.7723689079284668,0.21883049607276917,0.7372408883865126,0.21697024051897562,0.9961140751838684
61,2,13,0.21549548208713531,0.3786028325557709,0.21066025426805424,0.3806070600764811,0.9124054312705994
61,2,14,0.804732084274292,0.3853822350502014,0.8026885414593596,0.3759429431177852,0.7656247615814209
61,2,15,0.14817513525485992,0.4733807146549225,0.15121363818329062,0.4689713210406296,0.6483727693557739
61,2,16,0.893043577671051,0.5271180868148804,0.8912542755270029,0.49436677010135993,0.5696181058883667
61,2,17,0.11860156804323196,0.5012015700340271,0.12155405134210644,0.49630911127687005,0.540395200252533
61,2,18,0.9293522834777832,0.5635642409324646,0.9266448442775272,0.5268788634280364,0.5045101046562195
61,2,19,0.13208681344985962,0.4910169243812561,0.13358849812201426,0.4882963491528357,0.5323165059089661
61,2,20,0.9263644218444824,0.5597347617149353,0.9057667955012116,0.523661070462378,0.49489182233810425
61,2,21,0.1548120677471161,0.48288583755493164,0.15759110204012633,0.47826970019249204,0.4835430085659027
61,2,22,0.9013007283210754,0.5474158525466919,0.880457423736163,0.5131058524868238,0.4625449478626251
61,2,23,0.32963797450065613,0.5202203392982483,0.32806973730661365,0.5371283076214718,0.9966326355934143
61,2,24,0.6100103259086609,0.5181875228881836,0.6076450566002101,0.5273535831080209,0.9953683614730835
61,2,25,0.37464767694473267,0.7124804854393005,0.3800108695758313,0.7321416276626495,0.888019859790802
61,2,26,0.5192004442214966,0.6830821633338928,0.5187882532102142,0.6888020589613174,0.602809727191925
61,2,27,0.4200717806816101,0.9018725752830505,0.42542696872599733,0.9227160930631443,0.8259096145629883
61,2,28,0.47383391857147217,0.8527335524559021,0.4689087628165071,0.8511823731360773,0.5920650362968445
61,2,29,0.4449038803577423,0.9322061538696289,0.45175918417957794,0.953857102291774,0.8370497822761536
61,2,30,0.4870814383029938,0.8860527276992798,0.48012102643916144,0.8884591353024062,0.6955963969230652
61,2,31,0.38191473484039307,0.9306615591049194,0.36611309790913665,0.9345294377059945,0.6864823698997498
61,2,32,0.425164133310318,0.8621755242347717,0.4151984660914823,0.8602864208043666,0.48263445496559143
62,2,0,0.5577794313430786,0.09488432854413986,0.5139879804861348,0.096494633932745,0.9944117665290833
62,2,1,0.5332667827606201,0.07780452072620392,0.4908183154291415,0.079556276196479,0.9946535229682922
62,2,2,0.5140815377235413,0.07826205343008041,0.4737325398469934,0.08005547730246765,0.9945023655891418
62,2,3,0.4952956438064575,0.07912055402994156,0.45726531510118984,0.08090680844703965,0.9947726726531982
62,2,4,0.5855683088302612,0.07841964066028595,0.5394226409993387,0.07955277591502244,0.9940757155418396
62,2,5,0.6039630770683289,0.07917968183755875,0.5567139480304303,0.07997670504577908,0.9935279488563538
62,2,6,0.6234592795372009,0.08029339462518692,0.5748255936596107,0.08071308455414633,0.9936624765396118
62,2,7,0.46482720971107483,0.09332646429538727,0.43196809014582593,0.09416588947568348,0.9953474998474121
62,2,8,0.655238687992096,0.0946488007903099,0.6097621863909953,0.09477536667149937,0.9945583343505859
62,2,9,0.5280568599700928,0.11460887640714645,0.4875899866584433,0.11488374981455252,0.996190071105957
62,2,10,0.5819607377052307,0.11434684693813324,0.5364439738805483,0.11460350877406768,0.9961799383163452
62,2,11,0.26181596517562866,0.22044982016086578,0.24457256195184585,0.21791683090316002,0.9979488253593445
62,2,12,0.8032352924346924,0.2258673757314682,0.750520330834579,0.2187576644674899,0.9964725375175476
62,2,13,0.2113836109638214,0.39425763487815857,0.2108055422598158,0.38334980889000914,0.912795901298523
62,2,14,0.8295755982398987,0.3978429436683655,0.8080928477703408,0.3803442333072954,0.7853280305862427
62,2,15,0.15261241793632507,0.5002301335334778,0.15149459183411568,0.4752551083278036,0.644594669342041
62,2,16,0.913083553314209,0.550396203994751,0.8956413627508274,0.5056379119304193,0.5970259308815002
62,2,17,0.12400246411561966,0.5309866070747375,0.12204584460697192,0.5032808015460457,0.5340849757194519
62,2,18,0.9437862038612366,0.5879156589508057,0.9300893417919379,0.5391590335195461,0.5289913415908813
62,2,19,0.136878103017807,0.5204315781593323,0.13424927064651446,0.49475647056214256,0.5248254537582397
62,2,20,0.9407880306243896,0.5844538807868958,0.9128077355768656,0.535892069808842,0.5182126760482788
62,2,21,0.16200363636016846,0.5110785365104675,0.1584774619467837,0.4848653627561351,0.47549179196357727
62,2,22,0.9188361167907715,0.572378396987915,0.8881740950767574,0.5250304787877449,0.4844187796115875
62,2,23,0.3425162732601166,0.5353894233703613,0.33097247879037084,0.5367790379050481,0.9969435930252075
62,2,24,0.6335071921348572,0.5385403037071228,0.612843196872214,0.5296011262270327,0.9957603216171265
62,2,25,0.3703983426094055,0.7306405901908875,0.37807968532093217,0.7318401336436633,0.8971627354621887
62,2,26,0.548537015914917,0.7032546401023865,0.5247682355477661,0.6917060172095982,0.6296976208686829
62,2,27,0.4031461477279663,0.9139068722724915,0.4209490992610609,0.9209463358135432,0.8412261605262756
62,2,28,0.48246055841445923,0.8840389251708984,0.4716316453655167,0.8577876463548276,0.6213958859443665
62,2,29,0.4092977046966553,0.9447529911994934,0.44322069460578495,0.9520280869927846,0.8502633571624756
62,2,30,0.48812758922576904,0.9155176281929016,0.48172948854493963,0.8938979173466551,0.7129806280136108
62,2,31,0.34470564126968384,0.937171220779419,0.36181085718834854,0.9350600760691159,0.7110213041305542
62,2,32,0.4525901675224304,0.8848919868469238,0.4227163928045486,0.8652318209798027,0.5154562592506409
63,2,0,0.5747342705726624,0.09671742469072342,0.5262096055036406,0.09653938143164166,0.9949333667755127
63,2,1,0.549834132194519,0.07911389321088791,0.5026912076463169,0.07946742306577717,0.9951507449150085
63,2,2,0.5294918417930603,0.07941313087940216,0.48494925694688223,0.07992646056090827,0.9950169920921326
63,2,3,0.5088414549827576,0.08000758290290833,0.46763931703720923,0.08072619564578942,0.9952579140663147
63,2,4,0.6032568216323853,0.07984120398759842,0.5522666346944819,0.07961070676859992,0.9946271181106567
63,2,5,0.6206679344177246,0.08058028668165207,0.5695820913100141,0.08009793564795685,0.994132936000824
63,2,6,0.639190137386322,0.08162141591310501,0.5877764946086433,0.08089552632140766,0.9942492246627808
63,2,7,0.47241780161857605,0.09348174184560776,0.4401015883691731,0.09402847670446014,0.995777428150177
63,2,8,0.6644048690795898,0.09616497904062271,0.6207539400402013,0.09505447931068411,0.9950672388076782
63,2,9,0.5422828197479248,0.11663828045129776,0.4985918406966823,0.1152361622563166,0.996539831161499
63,2,10,0.5973488092422485,0.11638212949037552,0.5486975520037194,0.11496076015661169,0.9965320229530334
63,2,11,0.25950852036476135,0.22464808821678162,0.2475736857987476,0.21926905014978487,0.9981112480163574
63,2,12,0.8007403016090393,0.22791914641857147,0.7606211721122716,0.22059820907672112,0.9967916011810303
63,2,13,0.19695064425468445,0.40158987045288086,0.20802171933733693,0.3870151754573953,0.9113054871559143
63,2,14,0.8287196755409241,0.40134862065315247,0.8122381184625977,0.3845654245170898,0.8033091425895691
63,2,15,0.15771935880184174,0.5115368962287903,0.15274504499151717,0.48254966881847905,0.6331146359443665
63,2,16,0.9297787547111511,0.5607128143310547,0.9025044081708536,0.5167167444467773,0.6156168580055237
63,2,17,0.12746357917785645,0.5450261831283569,0.12313415317233825,0.511675115526391,0.5246018171310425
63,2,18,0.9620803594589233,0.5968552827835083,0.9365204987431066,0.5507660290910815,0.5439594388008118
63,2,19,0.14045704901218414,0.5362556576728821,0.13549631009217458,0.5031012193920682,0.5141566395759583
63,2,20,0.9553418159484863,0.5931602120399475,0.9213609062831736,0.5474128037602708,0.5322149395942688
63,2,21,0.16589601337909698,0.5237548351287842,0.1599677764406406,0.4926847738055359,0.4640907943248749
63,2,22,0.9304255247116089,0.5810962915420532,0.8966703565225276,0.5363089572966462,0.4967871904373169
63,2,23,0.35199230909347534,0.5433182120323181,0.33519677216964394,0.5380926630320645,0.9972086548805237
63,2,24,0.6505752205848694,0.5491005778312683,0.6204296448389178,0.5335197088348927,0.996099054813385
63,2,25,0.3213406205177307,0.7357451319694519,0.36666556601462175,0.7326245333479626,0.9045501351356506
63,2,26,0.5604267716407776,0.7272084355354309,0.5319373691617514,0.6988437363940357,0.6563964486122131
63,2,27,0.33921298384666443,0.9196485877037048,0.40449485140283575,0.9206856754293387,0.8540441393852234
63,2,28,0.4821390211582184,0.9075405597686768,0.47374265223326645,0.8677944015925191,0.6468585133552551
63,2,29,0.33854636549949646,0.9524907469749451,0.42213524252634105,0.9521210128542968,0.8613316416740417
63,2,30,0.4823024272918701,0.9416342377662659,0.48184456397879166,0.9034985320499547,0.7305173277854919
63,2,31,0.286237895488739,0.9250136613845825,0.3465999338723818,0.9330416993022349,0.730154275894165
63,2,32,0.4713527262210846,0.8997735381126404,0.4324982444612873,0.8721761976529807,0.5383172631263733
64,2,0,0.5655387043952942,0.09794824570417404,0.5341175331691418,0.09682236109396969,0.9954274296760559
64,2,1,0.5417937636375427,0.08010097593069077,0.510553533468902,0.07959467355816033,0.9956230521202087
64,2,2,0.5220993161201477,0.08042498677968979,0.4924185855668525,0.08002659027329191,0.9955031871795654
64,2,3,0.5026650428771973,0.08105070143938065,0.4746811102554274,0.08079137278532686,0.9957193732261658
64,2,4,0.5920960903167725,0.08076761662960052,0.560275282723395,0.079843078086348,0.9951493144035339
64,2,5,0.6087228059768677,0.08148360252380371,0.5774521000152105,0.08037625578146225,0.9947037696838379
64,2,6,0.625241219997406,0.08250747621059418,0.5953091591347295,0.08121929891639634,0.9948057532310486
64,2,7,0.46475809812545776,0.09446558356285095,0.4450572456058346,0.0941162700976091,0.9961878657341003
64,2,8,0.6450210809707642,0.0971933901309967,0.6256312887538397,0.09548410243961035,0.9955467581748962
64,2,9,0.5321738719940186,0.11799918115139008,0.5053431118296011,0.11579115389256182,0.9968760013580322
64,2,10,0.5850015878677368,0.1177295595407486,0.5559966093989192,0.11551691297798744,0.9968687891960144
64,2,11,0.22933894395828247,0.22652430832386017,0.2439093856368539,0.2207265556483112,0.9982844591140747
64,2,12,0.7693747878074646,0.22891215980052948,0.7623797575963217,0.2222684446866422,0.9970889091491699
64,2,13,0.17561984062194824,0.4042796492576599,0.20150791920515101,0.39048440178326427,0.9141057133674622
64,2,14,0.8122212290763855,0.4031626880168915,0.8122347262511553,0.3883026107808654,0.8183548450469971
64,2,15,0.14252106845378876,0.5206303596496582,0.15069098164143077,0.4902062944252055,0.6439236402511597
64,2,16,0.9261231422424316,0.5547671318054199,0.907251359422222,0.5243672867581207,0.6345487236976624
64,2,17,0.11848154664039612,0.5628186464309692,0.12219956021463084,0.5219619608732511,0.5365939736366272
64,2,18,0.960052490234375,0.5919950604438782,0.941250010432072,0.5590564210131498,0.5608476400375366
64,2,19,0.1336250603199005,0.5549760460853577,0.13512045192663133,0.5135353671951457,0.5253516435623169
64,2,20,0.9505354166030884,0.5882975459098816,0.9272253997728342,0.5556338864709497,0.5486015677452087
64,2,21,0.15707392990589142,0.5396702289581299,0.15938650344127164,0.5021341753528257,0.4738529622554779
64,2,22,0.9223408699035645,0.5736904144287109,0.9018299874538382,0.5438248623387183,0.5116322636604309
64,2,23,0.35203760862350464,0.5495484471321106,0.3385808292923932,0.5403942815643831,0.9974654316902161
64,2,24,0.6520715951919556,0.5544865131378174,0.6267905311266704,0.5377333424965368,0.9964314699172974
64,2,25,0.3114684820175171,0.7316818237304688,0.35556211904247853,0.7324351863999702,0.9118598103523254
64,2,26,0.5404571890830994,0.7334736585617065,0.5336489719859466,0.7058058727425217,0.6793636679649353
64,2,27,0.30054160952568054,0.9152357578277588,0.3835550504403077,0.9195908995299465,0.865879237651825
64,2,28,0.4643099009990692,0.9065204858779907,0.47184758922007547,0.8755809383701848,0.6699187159538269
64,2,29,0.29953083395957947,0.9503883719444275,0.39742555217574166,0.9517729974163341,0.8719053268432617
64,2,30,0.456693559885025,0.9443866014480591,0.4767894372368261,0.9117202691647746,0.7462456226348877
64,2,31,0.232143372297287,0.9312034845352173,0.3235376293267817,0.9326724774910918,0.7489979863166809
64,2,32,0.4665752649307251,0.8981151580810547,0.4393491029462222,0.8773897928571798,0.5611695647239685
65,2,0,0.5417115092277527,0.09747235476970673,0.5356430998276456,0.09695291382045908,0.9958731532096863
65,2,1,0.5199393630027771,0.08039439469575882,0.5124391633117376,0.0797553000661596,0.9960485100746155
65,2,2,0.5015468597412109,0.08064199984073639,0.494252458593307,0.08015019658220411,0.9959412813186646
65,2,3,0.48374640941619873,0.08112072944641113,0.47650232812284904,0.08085752423342643,0.9961347579956055
65,2,4,0.566804826259613,0.08086159080266953,0.5615869746616575,0.08004765082946655,0.9956203699111938
65,2,5,0.5832977890968323,0.08145515620708466,0.5786263928377148,0.08059295802836208,0.9952186346054077
65,2,6,0.5999788045883179,0.08233658224344254,0.596247175181506,0.08144371079248465,0.9953077435493469
65,2,7,0.4482886493206024,0.09415184706449509,0.44570632778623864,0.09412341569000171,0.9965577125549316
65,2,8,0.6220200061798096,0.09662400186061859,0.6249058945976435,0.09571305701502072,0.9959791898727417
65,2,9,0.511619508266449,0.11758822947740555,0.506603940719475,0.1161521122900427,0.9971799254417419
65,2,10,0.560133159160614,0.11728232353925705,0.5568275271827245,0.11587151086302819,0.9971737861633301
65,2,11,0.21203076839447021,0.22601474821567535,0.23750087437043146,0.22178883959563012,0.9984338283538818
65,2,12,0.7404565811157227,0.22786840796470642,0.7579738090886682,0.2233933666104278,0.9973535537719727
65,2,13,0.15077558159828186,0.40325433015823364,0.19130387493977646,0.39305014390672843,0.9122734665870667
65,2,14,0.7988070249557495,0.4003596007823944,0.809536773858016,0.39072506114517613,0.8314741253852844
65,2,15,0.13180677592754364,0.5295127034187317,0.1468961001286676,0.4981096420621052,0.645266592502594
65,2,16,0.9353886246681213,0.5378517508506775,0.9129071703550944,0.5270766516000307,0.6412437558174133
65,2,17,0.10981840640306473,0.5718702077865601,0.11971195511424594,0.5320000046322504,0.5409528017044067
65,2,18,0.9777969121932983,0.5675665140151978,0.9485979644366688,0.5607660722867039,0.5660955905914307
65,2,19,0.12213107198476791,0.5665120482444763,0.13251059839397356,0.524191479987716,0.5286020636558533
65,2,20,0.9645268321037292,0.5647696852684021,0.9347252230077169,0.5574692723903878,0.5533453226089478
65,2,21,0.14464116096496582,0.5512309670448303,0.15642369243977863,0.512008785599899,0.47439682483673096
65,2,22,0.9335143566131592,0.5531350374221802,0.9081994388076393,0.5456952895004102,0.5146602392196655
65,2,23,0.3441716730594635,0.5482510924339294,0.3397039185637868,0.5419726593715849,0.997686505317688
65,2,24,0.6372618675231934,0.551293134689331,0.6288943027344321,0.5404578456261895,0.9967318177223206
65,2,25,0.3195917010307312,0.7278488874435425,0.3483302052083049,0.7315139158662984,0.9180281758308411
65,2,26,0.5120994448661804,0.7310514450073242,0.5293181574101578,0.7108800073371214,0.7047518491744995
65,2,27,0.27057281136512756,0.8986803293228149,0.36079071295272075,0.9153885740673412,0.8764891624450684
65,2,28,0.42961353063583374,0.9050198793411255,0.46335485497879597,0.8814985974862386,0.6952599287033081
65,2,29,0.27314868569374084,0.9336711168289185,0.37237757101195024,0.9481354114767656,0.8812987804412842
65,2,30,0.42687705159187317,0.9403653740882874,0.46675053001633937,0.9174782264353222,0.7636653780937195
65,2,31,0.22466780245304108,0.9169738292694092,0.3036245994583727,0.929518036404948,0.7654774785041809
65,2,32,0.4329698085784912,0.8986152410507202,0.4380675988097744,0.8816554338171235,0.5848027467727661
66,2,0,0.528810977935791,0.10028337687253952,0.5342706152176886,0.0976218953607457,0.9962649941444397
66,2,1,0.5105002522468567,0.08294229209423065,0.512049714743525,0.08039546037330833,0.9964157938957214
66,2,2,0.49407660961151123,0.08312669396400452,0.49421713941291673,0.08074807200689475,0.9963206648826599
66,2,3,0.47749412059783936,0.0834507867693901,0.47670153395546044,0.08137841541929655,0.9964890480041504
66,2,4,0.5525448322296143,0.08298469334840775,0.5597704130253661,0.08063760048430237,0.996029794216156
66,2,5,0.5666834115982056,0.08341044187545776,0.576226858819758,0.08115889060573465,0.9956688284873962
66,2,6,0.5811391472816467,0.0841260701417923,0.5932114635088734,0.08198249960633479,0.9957419633865356
66,2,7,0.4434697926044464,0.09493193030357361,0.4452570946347101,0.09428580843593111,0.9968752264976501
66,2,8,0.5975372791290283,0.09759273380041122,0.6194047240710313,0.09609060747008133,0.996357262134552
66,2,9,0.500604510307312,0.11928553134202957,0.5053987609481704,0.11678151062471571,0.9974446892738342
66,2,10,0.540996253490448,0.11896542459726334,0.5536464261497857,0.11649297322162125,0.9974411725997925
66,2,11,0.19623112678527832,0.2281186282634735,0.2292022919211622,0.2230603949831068,0.9985600709915161
66,2,12,0.6999936699867249,0.2291538566350937,0.746309624231544,0.2245505404090312,0.9975889325141907
66,2,13,0.12795758247375488,0.40604087710380554,0.17855821650284842,0.3956602666371462,0.9095943570137024
66,2,14,0.7943878173828125,0.4018360674381256,0.8064928321254251,0.39295738832708266,0.8400245904922485
66,2,15,0.11330048739910126,0.5328287482261658,0.1401420965246617,0.5050897243452844,0.6443451046943665
66,2,16,0.9275218844413757,0.5273705124855042,0.9158437268012314,0.5271356736977857,0.6425897479057312
66,2,17,0.09339487552642822,0.5745231509208679,0.11442229456324493,0.5405509174764623,0.5421246886253357
66,2,18,0.9771429300308228,0.5546720623970032,0.9543357947792138,0.5595418903798276,0.5674110651016235
66,2,19,0.11122535169124603,0.5692510008811951,0.12823292658967086,0.5332530722857922,0.5289040803909302
66,2,20,0.9697684645652771,0.5513328313827515,0.9417705635908709,0.556236565359925,0.5537853837013245
66,2,21,0.14015734195709229,0.5537517070770264,0.1531551231583096,0.5204026198748656,0.47302964329719543
66,2,22,0.9227353930473328,0.5409671068191528,0.9111201675731705,0.5447455151946824,0.5140852332115173
66,2,23,0.3459393382072449,0.5498936772346497,0.3409565130829026,0.5435639388407868,0.9978640079498291
66,2,24,0.5803472399711609,0.5537118315696716,0.6191303970996573,0.5431208817971147,0.9969762563705444
66,2,25,0.33354276418685913,0.7237797379493713,0.34535893148459074,0.7299601793412308,0.9235753417015076
66,2,26,0.4716205298900604,0.7327041625976562,0.5177108890314345,0.7152660468717733,0.7261911630630493
66,2,27,0.27245083451271057,0.8922775387763977,0.3430037015928394,0.9107437414178452,0.8868967294692993
66,2,28,0.39229074120521545,0.909754753112793,0.4490532155754199,0.8871783118015429,0.720373272895813
66,2,29,0.27164602279663086,0.9262136816978455,0.3520884682763652,0.943729751430653,0.8904044032096863
66,2,30,0.39041760563850403,0.9426749348640442,0.4513862776553375,0.9225425318624666,0.7798801064491272
66,2,31,0.22017152607440948,0.9190797209739685,0.2868238360821982,0.9274209008769708,0.7835359573364258
66,2,32,0.39586973190307617,0.9093011617660522,0.4295821613555966,0.8872123492294346,0.6124610304832458
67,2,0,0.5201498866081238,0.10049468278884888,0.5314333630794549,0.09819893736346802,0.9966069459915161
67,2,1,0.5016137361526489,0.08380555361509323,0.5099530494980322,0.08108043856302392,0.9967363476753235
67,2,2,0.48454880714416504,0.08404148370027542,0.49227474170167895,0.08140961045332475,0.9966554045677185
67,2,3,0.4667588174343109,0.08437083661556244,0.47470399604666225,0.08197948966008654,0.9968035221099854
67,2,4,0.5455593466758728,0.08342260867357254,0.5569150024105294,0.08119700934663962,0.9963868856430054
67,2,5,0.5598065257072449,0.08371073007583618,0.5729273385591344,0.08167146082809165,0.9960616230964661
67,2,6,0.5749400854110718,0.08427457511425018,0.5895398014174237,0.08244288949200143,0.9961171746253967
67,2,7,0.43159058690071106,0.09513828158378601,0.44251114210161624,0.09445703060647595,0.9971539974212646
67,2,8,0.5924323201179504,0.09784956276416779,0.6139832520852079,0.096443908701738,0.9966838359832764
67,2,9,0.49030619859695435,0.11949820816516876,0.5023661568015034,0.11732719726295086,0.9976764917373657
67,2,10,0.535749077796936,0.1192251443862915,0.5500499633602812,0.11704176819254415,0.9976745843887329
67,2,11,0.1933036893606186,0.2260962575674057,0.22198483323631196,0.2236701958213952,0.9986581206321716
67,2,12,0.6887340545654297,0.22753475606441498,0.7347269529826393,0.22514996631506712,0.9977912902832031
67,2,13,0.12479150295257568,0.39803779125213623,0.1677429262556437,0.3961378210742594,0.9090560674667358
67,2,14,0.7754248976707458,0.3948430120944977,0.8002474355209392,0.39333613339746964,0.8511993885040283
67,2,15,0.1023155227303505,0.5273320078849792,0.13253660504520734,0.5095598472620251,0.649871826171875
67,2,16,0.9178662896156311,0.504562497138977,0.9162499795626387,0.5225990107035754,0.6428714990615845
67,2,17,0.07724906504154205,0.5667996406555176,0.10694830243466652,0.5458268249527283,0.5502444505691528
67,2,18,0.981779932975769,0.5299191474914551,0.9598521746431751,0.5535872578128288,0.5640856027603149
67,2,19,0.0997805967926979,0.5647769570350647,0.12251374468167242,0.5395902076991543,0.5363089442253113
67,2,20,0.9878080487251282,0.5238842368125916,0.9510291131067784,0.5497327457049653,0.5501607060432434
67,2,21,0.12288577854633331,0.5511232614517212,0.14707039476478825,0.526578142547737,0.4780784249305725
67,2,22,0.9191089272499084,0.5162216424942017,0.9127250636605927,0.5390119491590476,0.5090795755386353
67,2,23,0.31048575043678284,0.5475158095359802,0.33483126332390484,0.544357754751464,0.9980030655860901
67,2,24,0.5788902044296265,0.5529942512512207,0.6110390717771267,0.5451044847055813,0.9972026944160461
67,2,25,0.3231050968170166,0.7194671034812927,0.3408864820528715,0.7278520382202819,0.925496518611908
67,2,26,0.46940284967422485,0.7320510149002075,0.5079951153910229,0.7186388749908734,0.7480157613754272
67,2,27,0.26618924736976624,0.8776375651359558,0.3275422867614991,0.9040882286640307,0.8931275606155396
67,2,28,0.39837446808815,0.9131739139556885,0.4388599470976578,0.8924033058969308,0.7425899505615234
67,2,29,0.26688146591186523,0.9127749800682068,0.33493372478668976,0.9375071229328271,0.8959592580795288
67,2,30,0.39860790967941284,0.9465475678443909,0.4407700764829031,0.9273671613684621,0.7956944108009338
67,2,31,0.2456648349761963,0.8735686540603638,0.2785475195493592,0.9165883976682301,0.7919842004776001
67,2,32,0.39781853556632996,0.90716153383255,0.42319678149260487,0.8912213598047464,0.6325609087944031
68,2,0,0.5221821665763855,0.10230156034231186,0.529574790916783,0.09902303856222326,0.9968634247779846
68,2,1,0.5053829550743103,0.08501210808753967,0.5090350348396945,0.0818701962462362,0.9969667196273804
68,2,2,0.4885534942150116,0.0850246474146843,0.49152725637826644,0.0821357594359632,0.9968999624252319
68,2,3,0.4708230495452881,0.08519097417593002,0.4739244285039656,0.08262457014092058,0.9970269799232483
68,2,4,0.5465866327285767,0.08501043170690536,0.5548399627020159,0.0819630120816921,0.9966449737548828
68,2,5,0.5599634051322937,0.08530180156230927,0.5703226034128985,0.08240068417933337,0.9963469505310059
68,2,6,0.5740422606468201,0.08587781339883804,0.5864257881476322,0.08313285585034387,0.9963737726211548
68,2,7,0.43369704484939575,0.09537310153245926,0.44074040462784475,0.09464102693954862,0.9973341226577759
68,2,8,0.5849211812019348,0.09806866198778152,0.6081414119384572,0.09677025308220642,0.9969018697738647
68,2,9,0.4921555519104004,0.12011411041021347,0.5003147832500469,0.11788698879345852,0.9978404641151428
68,2,10,0.5344924926757812,0.12001404166221619,0.5469239025422264,0.11763879511458766,0.9978405833244324
68,2,11,0.18806537985801697,0.22342614829540253,0.21516566296423922,0.2236211788688102,0.9987276792526245
68,2,12,0.6582993268966675,0.2261873185634613,0.7193436216843182,0.2253583231777431,0.9979369044303894
68,2,13,0.11597883701324463,0.39214006066322327,0.1573310508987722,0.39533478610077716,0.9111132025718689
68,2,14,0.7767557501792908,0.38860753178596497,0.7955260488526779,0.39238627411615973,0.8614667057991028
68,2,15,0.07363831251859665,0.5133970379829407,0.12068739091668729,0.510330624918039,0.6512189507484436
68,2,16,0.9361432194709778,0.4859476387500763,0.9202477475114327,0.5152300592534137,0.646148145198822
68,2,17,0.050983160734176636,0.5490596890449524,0.09569010733091207,0.5464762004204549,0.5496367812156677
68,2,18,1.0052406787872314,0.5101664066314697,0.9689800318678998,0.5448556097409183,0.5646377801895142
68,2,19,0.07268974930047989,0.5493717193603516,0.11249265605168786,0.5415553512885282,0.5352422595024109
68,2,20,1.0062229633331299,0.5033705234527588,0.9621319350811698,0.5404088382548,0.5514081716537476
68,2,21,0.10114406794309616,0.536654531955719,0.13783425294470147,0.5286025448468694,0.4761868715286255
68,2,22,0.948239803314209,0.4957541227340698,0.9198652810282069,0.5303131238464116,0.5085815191268921
68,2,23,0.3126097619533539,0.5322175025939941,0.3303653180339458,0.5419185700202916,0.9981136322021484
68,2,24,0.5639081597328186,0.5388585329055786,0.6015603577108564,0.5438497737670801,0.997330367565155
68,2,25,0.32940512895584106,0.7180604934692383,0.3385797226315202,0.7258848788975729,0.9295470714569092
68,2,26,0.4528474807739258,0.7268190979957581,0.49690162515818725,0.7202822395630404,0.7590566277503967
68,2,27,0.28635698556900024,0.8920915126800537,0.3192606722620245,0.9016778921575825,0.8991081118583679
68,2,28,0.3898511230945587,0.9139955043792725,0.42900302114516914,0.8967427005964124,0.7536253929138184
68,2,29,0.28645792603492737,0.9347209930419922,0.32518411796187213,0.9369474886438887,0.9015815258026123
68,2,30,0.3946426510810852,0.9459226727485657,0.43149342177452604,0.9310959533174541,0.8031123280525208
68,2,31,0.25652599334716797,0.8962423205375671,0.2741217753322068,0.9124995794358344,0.7985401749610901
68,2,32,0.3757881224155426,0.9155455827713013,0.41366212980340095,0.8961101837448213,0.6385360360145569
69,2,0,0.5260031819343567,0.10381359606981277,0.5288573664045746,0.09998534499418389,0.9967172741889954
69,2,1,0.5058776140213013,0.08635307848453522,0.5084008151471513,0.08277069042385364,0.9967517852783203
69,2,2,0.4932635724544525,0.0863184705376625,0.49187601022645583,0.08297594997376793,0.9966861009597778
69,2,3,0.48073816299438477,0.08653154224157333,0.4752932201076317,0.08340936629023536,0.9968223571777344
69,2,4,0.5505622625350952,0.08656656742095947,0.5539806895483907,0.0828877494737516,0.9965084791183472
69,2,5,0.563384473323822,0.08689447492361069,0.5689288183816392,0.08330336986820475,0.9961827397346497
69,2,6,0.576393187046051,0.08751066029071808,0.5844101867687158,0.0840122400427274,0.9961581826210022
69,2,7,0.44363877177238464,0.09591222554445267,0.4413225851870063,0.09489635456671874,0.9970957040786743
69,2,8,0.5787343978881836,0.0984383374452591,0.6022301756357793,0.09710530125656198,0.9966868162155151
69,2,9,0.4955286681652069,0.12102989852428436,0.4993533695560419,0.11851829366536955,0.9976992011070251
69,2,10,0.5382576584815979,0.12128585577011108,0.5451828760487762,0.11837137732647683,0.9977369904518127
69,2,11,0.19477622210979462,0.22092273831367493,0.2110681233407881,0.22307915964702987,0.9986846446990967
69,2,12,0.6496641039848328,0.22425326704978943,0.7053211866993497,0.225136367265791,0.9980372786521912
69,2,13,0.12476879358291626,0.38545942306518555,0.15078497396578716,0.3933507825688549,0.8937386870384216
69,2,14,0.7857562303543091,0.38578855991363525,0.7935632552168209,0.39106088668482225,0.8645905256271362
69,2,15,0.08310003578662872,0.49084168672561646,0.11313004433923356,0.506414155814301,0.6293219327926636
69,2,16,0.9441725015640259,0.47263965010643005,0.9250562360744248,0.5066656042308366,0.6404880881309509
69,2,17,0.05632099509239197,0.5267265439033508,0.08777412379318303,0.5425073092051832,0.5296079516410828
69,2,18,1.0142887830734253,0.49366191029548645,0.9780918291494751,0.5345586454174515,0.5585694909095764
69,2,19,0.07941796630620956,0.5268900990486145,0.10584347317723639,0.5386086427145194,0.5152512192726135
69,2,20,1.0097038745880127,0.4848557412624359,0.971699484671363,0.5292336704952184,0.5459095239639282
69,2,21,0.10506556928157806,0.5125747323036194,0.13124664530190325,0.5253819318789572,0.45692533254623413
69,2,22,0.9577475786209106,0.4789949655532837,0.9274819983130881,0.5199910900189088,0.502539873123169
69,2,23,0.3148231506347656,0.5223907232284546,0.3272423310719023,0.5379942771620579,0.998090386390686
69,2,24,0.5473799705505371,0.5291303992271423,0.5906617358045471,0.5408921853202924,0.9973852038383484
69,2,25,0.36251363158226013,0.7066160440444946,0.343390044142,0.7220126651279241,0.9245859980583191
69,2,26,0.44591662287712097,0.7226719856262207,0.4866466831166178,0.7207622491306912,0.7584178447723389
69,2,27,0.32693806290626526,0.880629301071167,0.32080299249335276,0.8974478112905789,0.8939761519432068
69,2,28,0.37036317586898804,0.9115673303604126,0.4172058685129117,0.8997214479071296,0.7523983120918274
69,2,29,0.3186914622783661,0.915358304977417,0.3238798326194118,0.932608700723444,0.8949435353279114
69,2,30,0.3686244487762451,0.9432226419448853,0.41884395487762466,0.93353241221748,0.7990479469299316
69,2,31,0.34853246808052063,0.9108301401138306,0.2890982411267272,0.9121642589923328,0.7895814180374146
69,2,32,0.3780750334262848,0.9286109209060669,0.40650735760378476,0.902643870510717,0.6295002698898315
70,2,0,0.5484722852706909,0.1038423627614975,0.5327991676978187,0.10076010570046716,0.996870219707489
70,2,1,0.52983158826828,0.08637464791536331,0.5127077487943197,0.08349461366649288,0.9969198703765869
70,2,2,0.5176382064819336,0.08629253506660461,0.4970540573364723,0.08364214364006954,0.9968673586845398
70,2,3,0.5050582885742188,0.08636918663978577,0.48127649224547603,0.08400389160928366,0.9969783425331116
70,2,4,0.5691505074501038,0.08694049715995789,0.5570288259996683,0.08370183100328114,0.996700644493103
70,2,5,0.5810756087303162,0.08734871447086334,0.571369317795578,0.08411596416000454,0.9963929057121277
70,2,6,0.5923472046852112,0.08799144625663757,0.5860046818698972,0.08481154753470431,0.9963421821594238
70,2,7,0.4640755355358124,0.09536200016736984,0.4458954049530164,0.09498988007576825,0.997246503829956
70,2,8,0.5848785042762756,0.09852621704339981,0.5987434172679186,0.09739070165178242,0.9968867301940918
70,2,9,0.5131848454475403,0.12085079401731491,0.5021324824816764,0.11898680388437069,0.9978106617927551
70,2,10,0.5530030131340027,0.12137243151664734,0.5467538853348393,0.11897418579232018,0.9978424310684204
70,2,11,0.19745516777038574,0.21406985819339752,0.20833293251983942,0.22126919573570597,0.9987508654594421
70,2,12,0.6725024580955505,0.22233270108699799,0.6987235018154312,0.22457321037504616,0.9981573820114136
70,2,13,0.12949511408805847,0.37605056166648865,0.14650637115210063,0.38987436813843246,0.9001348614692688
70,2,14,0.8058748841285706,0.3837990164756775,0.7960368837974341,0.38960205247447505,0.8708285093307495
70,2,15,0.056850820779800415,0.4849291145801544,0.10180856358557741,0.5020963105233075,0.641857922077179
70,2,16,0.9558494687080383,0.46310698986053467,0.931246369629711,0.4979062133869342,0.6265620589256287
70,2,17,0.029305124655365944,0.5203288793563843,0.07601141234135424,0.5380500274349371,0.5386437773704529
70,2,18,1.02623450756073,0.5014933943748474,0.9877743106265682,0.5279113657392507,0.5427417159080505
70,2,19,0.060624368488788605,0.5220735669136047,0.09674973689166186,0.5352860533652615,0.5238134860992432
70,2,20,1.0095523595809937,0.49056509137153625,0.9793102844398685,0.5214587019189146,0.5307141542434692
70,2,21,0.08442284166812897,0.5092915892601013,0.12182977500357213,0.5221487482623547,0.4623798429965973
70,2,22,0.9647622108459473,0.4812973737716675,0.9349775308693984,0.5122110624882761,0.489936500787735
70,2,23,0.31958770751953125,0.5187674760818481,0.32570457928629304,0.5341305145576113,0.9981591701507568
70,2,24,0.5621573328971863,0.5264188647270203,0.5849320754244072,0.5379840568624861,0.9975148439407349
70,2,25,0.3895730674266815,0.6982476115226746,0.3526778671993986,0.717236300296007,0.9232523441314697
70,2,26,0.4591582417488098,0.7198943495750427,0.48112139678999505,0.7205879284615635,0.7626273036003113
70,2,27,0.38834699988365173,0.8816045522689819,0.3343948002314958,0.8942642975736369,0.8900991082191467
70,2,28,0.3813991844654083,0.9128573536872864,0.41000689570190163,0.9023607508069728,0.7485263347625732
70,2,29,0.3629327714443207,0.907770574092865,0.3317321331891329,0.9276165159226036,0.891380250453949
70,2,30,0.3817043900489807,0.9451510310173035,0.4113767249786864,0.9358667578937417,0.7971691489219666
70,2,31,0.4006054401397705,0.9020766615867615,0.31156437221821237,0.9101376042197321,0.7778109312057495
70,2,32,0.37471872568130493,0.937118649482727,0.40011694649760354,0.9095747876916773,0.6144236922264099
71,2,0,0.5970888733863831,0.10464582592248917,0.5457349789121212,0.10154063251196087,0.9970750212669373
71,2,1,0.579472541809082,0.08692922443151474,0.526142506926752,0.08418451712660333,0.9971328377723694
71,2,2,0.5652088522911072,0.08649202436208725,0.5107690528810934,0.08421458413325568,0.9970918893814087
71,2,3,0.5506781935691833,0.0863904133439064,0.4952428943509922,0.08448325339015426,0.9971903562545776
71,2,4,0.6162102222442627,0.08821447193622589,0.5689350838227638,0.08460830369209968,0.9969320893287659
71,2,5,0.6271774172782898,0.08865930140018463,0.5825958659964515,0.0850286037284551,0.9966421127319336
71,2,6,0.6370320320129395,0.089210644364357,0.5962681426094317,0.0856952093356571,0.9965768456459045
71,2,7,0.5059753656387329,0.09507794678211212,0.4579827407273781,0.09500756819779803,0.9974456429481506
71,2,8,0.6170225739479065,0.09863404929637909,0.6024166453889893,0.09764043505845965,0.9971060752868652
71,2,9,0.5579357147216797,0.12092268466949463,0.513358049252223,0.11937564405270919,0.9979580044746399
71,2,10,0.5980269908905029,0.1217910423874855,0.5570668471534869,0.11953999237742172,0.9979759454727173
71,2,11,0.22862961888313293,0.21092548966407776,0.21241181592292468,0.2191910727670991,0.998827338218689
71,2,12,0.6860341429710388,0.22042295336723328,0.6961739485994068,0.22373953971645347,0.9982752799987793
71,2,13,0.14260880649089813,0.3717315196990967,0.1457234638549456,0.3862285445167403,0.906526505947113
71,2,14,0.825918436050415,0.38244158029556274,0.8020435886948005,0.3881635921459585,0.8741767406463623
71,2,15,0.060148004442453384,0.482875257730484,0.09343129609427284,0.49823370379389126,0.6604647040367126
71,2,16,0.9751824736595154,0.45708486437797546,0.9400817720238775,0.4896978989295398,0.6156268119812012
71,2,17,0.030127672478556633,0.5189085602760315,0.06678383831910098,0.534203422887405,0.5560228824615479
71,2,18,1.032485842704773,0.4981331527233124,0.9967658530064942,0.5219254477843714,0.5307514071464539
71,2,19,0.05645696446299553,0.5216211080551147,0.08864782304973973,0.5325404144768185,0.5409568548202515
71,2,20,1.0239007472991943,0.4669598937034607,0.9882774528597631,0.5104959337936382,0.5192986130714417
71,2,21,0.07867032289505005,0.5102440118789673,0.11315074312989942,0.5197568987210378,0.4767836332321167
71,2,22,0.9654887914657593,0.4628729224205017,0.9411109373404332,0.5022878304705958,0.4807679057121277
71,2,23,0.3427254855632782,0.5135990381240845,0.32912483855293806,0.5300044169239506,0.9982216954231262
71,2,24,0.5735180974006653,0.5240387916564941,0.5826388560209537,0.5351820721661411,0.9976422190666199
71,2,25,0.4166083335876465,0.693760871887207,0.36554126266981113,0.7125181831106596,0.9187861680984497
71,2,26,0.4669326841831207,0.7190973162651062,0.4782704737739295,0.7202885285285803,0.7643717527389526
71,2,27,0.45221081376075745,0.8720309138298035,0.3581361916298812,0.8897959633045197,0.8801271319389343
71,2,28,0.38297906517982483,0.913136899471283,0.40457426051348777,0.9045257812239901,0.7425631880760193
71,2,29,0.40732890367507935,0.9079625010490417,0.34694782159002124,0.9236668538180894,0.8825973868370056
71,2,30,0.3855191171169281,0.9460921883583069,0.4061794764394866,0.9379211118539377,0.7935798764228821
71,2,31,0.46315231919288635,0.8873157501220703,0.34214013220624084,0.9055509269677543,0.7596270442008972
71,2,32,0.3857664465904236,0.9364616870880127,0.3972335030745946,0.9149790642423534,0.5986018776893616
72,2,0,0.6407642364501953,0.10640621930360794,0.5648724062928728,0.10251801257169155,0.9971949458122253
72,2,1,0.6207932233810425,0.0884539783000946,0.5452035012212586,0.08504213544376694,0.9972679615020752
72,2,2,0.6077107787132263,0.0877944603562355,0.5302926682061715,0.08493366971207834,0.9972347021102905
72,2,3,0.5949839353561401,0.08741502463817596,0.515331852441247,0.08507214415539255,0.9973134994506836
72,2,4,0.6521892547607422,0.08997923135757446,0.5856956648947932,0.08568720996473025,0.9970969557762146
72,2,5,0.6610041260719299,0.09044144302606583,0.5983787344661836,0.08611593044504941,0.9968195557594299
72,2,6,0.6694780588150024,0.09103455394506454,0.6110024854979536,0.08676777028545041,0.9967392086982727
72,2,7,0.5490440726280212,0.09490799903869629,0.47631904957610316,0.09498756981126685,0.9975813627243042
72,2,8,0.6458262205123901,0.10048042237758636,0.611146026990223,0.0982108881559343,0.9972881078720093
72,2,9,0.6066092252731323,0.12184231728315353,0.5321364596695667,0.11987110634678126,0.9980714321136475
72,2,10,0.6389424204826355,0.12361634522676468,0.5735492518574767,0.12035881605498297,0.9980937242507935
72,2,11,0.26181796193122864,0.20870870351791382,0.22234873575760478,0.21708508317626085,0.9988803863525391
72,2,12,0.7135912775993347,0.2222479283809662,0.6996739018460595,0.2234399390516603,0.998401939868927
72,2,13,0.16091284155845642,0.3712289035320282,0.14877552803125227,0.383214617417349,0.9096969366073608
72,2,14,0.8451340794563293,0.38699156045913696,0.8107087278316241,0.3879281834255178,0.8788353204727173
72,2,15,0.06547962129116058,0.48928719758987427,0.0878128252623306,0.49643635840203015,0.6682679653167725
72,2,16,0.9931963086128235,0.4701441526412964,0.9507656759405352,0.48576839637401664,0.6078892350196838
72,2,17,0.006561520043760538,0.5279726982116699,0.05466779720006455,0.5329517711960917,0.5634820461273193
72,2,18,1.051666498184204,0.5102404952049255,1.0078095910964566,0.5195777695180879,0.5237413644790649
72,2,19,0.05551530793309212,0.5260097980499268,0.08198700329059842,0.5312285084683332,0.5478631854057312
72,2,20,1.0378483533859253,0.492085725069046,0.9982475806618883,0.5067963529391155,0.5126108527183533
72,2,21,0.08009602874517441,0.5170546174049377,0.1065055785665892,0.5192141079932595,0.48106253147125244
72,2,22,0.9845276474952698,0.4752250611782074,0.9498417689464856,0.49684817451911495,0.47557470202445984
72,2,23,0.36902210116386414,0.511601984500885,0.3371471260446196,0.5263064023693657,0.9982466101646423
72,2,24,0.5861001014709473,0.5284047722816467,0.5833341094415888,0.5338206014904019,0.997736394405365
72,2,25,0.43652763962745667,0.7025878429412842,0.37982720414144766,0.7105231310677025,0.9103872776031494
72,2,26,0.4957933723926544,0.7330542802810669,0.48179165248304323,0.7228534320064046,0.7655603289604187
72,2,27,0.43594643473625183,0.8960372805595398,0.3737984250492976,0.891049742842826,0.8692927360534668
72,2,28,0.3956587612628937,0.932668149471283,0.40278314290300615,0.9101826060764716,0.7346171736717224
72,2,29,0.40777039527893066,0.9285714626312256,0.35918479708572004,0.9246520732981457,0.8756042122840881
72,2,30,0.39708465337753296,0.9618895649909973,0.4043523234663278,0.9427383842466615,0.789767324924469
72,2,31,0.45972856879234314,0.8926640748977661,0.36583565477016755,0.902961682759403,0.739325225353241
72,2,32,0.4308966100215912,0.9550061821937561,0.4040010776284734,0.9230274958091039,0.5787106156349182
73,2,0,0.6728204488754272,0.10828228294849396,0.5866193612111683,0.10367594590473404,0.9970394968986511
73,2,1,0.6522746682167053,0.09024554491043091,0.5667732747647084,0.08608738592090852,0.9970981478691101
73,2,2,0.6389934420585632,0.08935287594795227,0.5521917303420875,0.08582137146212791,0.9970874786376953
73,2,3,0.6258528232574463,0.08876367658376694,0.5375987505457547,0.08581366031188713,0.9971051216125488
73,2,4,0.6818370223045349,0.09203717857599258,0.6050576705467428,0.08696282002311037,0.9969727993011475
73,2,5,0.6898878812789917,0.09247778356075287,0.6168054627370056,0.08739392834221002,0.9966861009597778
73,2,6,0.6976876258850098,0.09302317351102829,0.6284554684443557,0.08802438028912161,0.996520459651947
73,2,7,0.5759283304214478,0.09598851948976517,0.4963814127152171,0.09518861484673362,0.997433602809906
73,2,8,0.6712808609008789,0.10192473977804184,0.6232444224944854,0.09895688802281695,0.9972038269042969
73,2,9,0.6393927931785583,0.12358798086643219,0.5537436412663418,0.12061771348538401,0.9980290532112122
73,2,10,0.669746994972229,0.1253061145544052,0.5929226396514243,0.12135261232295771,0.998067319393158
73,2,11,0.29285773634910583,0.2091471254825592,0.2365384075266291,0.21549039959483554,0.9988960027694702
73,2,12,0.7384817004203796,0.22236081957817078,0.7074768814006603,0.22322319280002184,0.9984892010688782
73,2,13,0.1859801560640335,0.368289977312088,0.1562558280922874,0.3802157667765527,0.9067851901054382
73,2,14,0.8569012880325317,0.38584622740745544,0.8199984778542573,0.38751000093531235,0.8755101561546326
73,2,15,0.06897950172424316,0.48662588000297546,0.08402817224350852,0.49446539395525996,0.6653635501861572
73,2,16,0.9719565510749817,0.47751927375793457,0.9550243729972604,0.48411118651099605,0.5907836556434631
73,2,17,0.014392879791557789,0.5241765975952148,0.04656947177617636,0.5311888549798335,0.5615485906600952
73,2,18,1.013068675994873,0.5069152116775513,1.0088660292481928,0.5170336063969937,0.5105562210083008
73,2,19,0.059216517955064774,0.5240432024002075,0.077410652702403,0.5297850582636859,0.5452128052711487
73,2,20,0.9848396182060242,0.49848392605781555,0.9955536011863818,0.5051264221294627,0.4993870258331299
73,2,21,0.08535206317901611,0.5148488283157349,0.1022543951235479,0.5183372399961418,0.4765790104866028
73,2,22,0.9413783550262451,0.4905323386192322,0.9481415022033222,0.49557942145600054,0.4628530442714691
73,2,23,0.3912777304649353,0.5105451941490173,0.3480357101332286,0.5231393831334143,0.9982765913009644
73,2,24,0.6075276732444763,0.5292531251907349,0.5881966521055239,0.5329031123370481,0.9978320002555847
73,2,25,0.4358622431755066,0.7055066823959351,0.39109948807006195,0.7095154420156365,0.9001899361610413
73,2,26,0.5394781231880188,0.7291730642318726,0.49339665869969584,0.7241229470019952,0.7707326412200928
73,2,27,0.44329768419265747,0.8915917873382568,0.387784516528988,0.8911586133803401,0.8605969548225403
73,2,28,0.4045587480068207,0.9247857332229614,0.40313978803734474,0.9131168281461932,0.7368855476379395
73,2,29,0.41370970010757446,0.9257032871246338,0.3701528096488962,0.9248632143607889,0.8698168396949768
73,2,30,0.39276814460754395,0.9493446350097656,0.4020248962827035,0.9440654872062392,0.7919667363166809
73,2,31,0.473666250705719,0.8978372812271118,0.38755895382246935,0.9019323052970034,0.7236962914466858
73,2,32,0.4454542398452759,0.953767716884613,0.41233657574499843,0.9292069608348851,0.5692432522773743
74,2,0,0.6952403783798218,0.11052212864160538,0.6085023345896884,0.10505125683965534,0.996807873249054
74,2,1,0.6759696006774902,0.09211856871843338,0.5887725046557813,0.08729894601522294,0.9967056512832642
74,2,2,0.6638683676719666,0.0911954790353775,0.5746922192120272,0.08690091660879157,0.9967530965805054
74,2,3,0.651760995388031,0.09054165333509445,0.5606016387871158,0.08676339740362846,0.9967021346092224
74,2,4,0.7014610767364502,0.09394349902868271,0.6244726144004176,0.08836515484615917,0.9966437220573425
74,2,5,0.7080477476119995,0.09439031034708023,0.6351783358271336,0.0887994183295104,0.9963513612747192
74,2,6,0.7144497036933899,0.09493783861398697,0.6457690273286841,0.0894132086599392,0.9960260987281799
74,2,7,0.5987075567245483,0.09690743684768677,0.5169925715920443,0.09553385457823774,0.9970085620880127
74,2,8,0.6860478520393372,0.10331296175718307,0.6358806581732073,0.0998319065688149,0.9968401789665222
74,2,9,0.6628780961036682,0.12569881975650787,0.5757303634345077,0.12163839243207766,0.9978542923927307
74,2,10,0.689641535282135,0.1275196671485901,0.6124012895171621,0.12259147147623148,0.9979158639907837
74,2,11,0.3072599768638611,0.20575445890426636,0.25077095362427426,0.2135344142917127,0.998932421207428
74,2,12,0.7502396702766418,0.2211492657661438,0.7160760376977288,0.22280662310416408,0.9985811710357666
74,2,13,0.2025672346353531,0.3558492064476013,0.16556950323348965,0.37531842645950214,0.9052610993385315
74,2,14,0.8318148255348206,0.3822042644023895,0.822372564332535,0.38644419215024195,0.8760871291160583
74,2,15,0.08567189425230026,0.46434736251831055,0.08435832646964064,0.48841111114496955,0.672933042049408
74,2,16,0.9206518530845642,0.483504980802536,0.9481140428877156,0.4839894287897306,0.6030270457267761
74,2,17,0.034081246703863144,0.4988242983818054,0.04406034473552109,0.5246825692525533,0.5706088542938232
74,2,18,0.9591451287269592,0.5136367082595825,0.9988657272765256,0.5163512786742637,0.526323139667511
74,2,19,0.0653853714466095,0.4998859167098999,0.07499457329565423,0.5237748139642803,0.5542420148849487
74,2,20,0.9524527192115784,0.5087717771530151,0.9868863847514482,0.5058586612210582,0.5152740478515625
74,2,21,0.09178023040294647,0.48896756768226624,0.1001500525395047,0.512433515834869,0.4853866994380951
74,2,22,0.90308678150177,0.5015472173690796,0.9390808849245024,0.49677824534695164,0.47586795687675476
74,2,23,0.3993244171142578,0.5097287893295288,0.3583518182020252,0.520444868508704,0.9982545375823975
74,2,24,0.620084285736084,0.5329957008361816,0.5946069722577891,0.5329217086589646,0.9978765249252319
74,2,25,0.44488757848739624,0.7026422619819641,0.4019190859189639,0.7081347064312028,0.8835961818695068
74,2,26,0.5649436712265015,0.7225086688995361,0.5077956421929183,0.723798706764892,0.7756860852241516
74,2,27,0.45068415999412537,0.8815659880638123,0.4004401613421312,0.8892314282064719,0.8486484289169312
74,2,28,0.41579508781433105,0.9028584361076355,0.40568248828293774,0.911055850919483,0.7432938814163208
74,2,29,0.41842958331108093,0.9095713496208191,0.3798622785137492,0.9217905444950304,0.8609010577201843
74,2,30,0.3761923611164093,0.9302351474761963,0.3968326960869256,0.9412866036761101,0.794798731803894
74,2,31,0.4895457625389099,0.9026208519935608,0.4081016343154692,0.9020706016159065,0.7123499512672424
74,2,32,0.4533085525035858,0.9419616460800171,0.4205752080014628,0.9317696412680776,0.5740708112716675
75,2,0,0.7020447254180908,0.11347557604312897,0.627339618029412,0.10674367030052449,0.9963482022285461
75,2,1,0.683289647102356,0.09398908913135529,0.6078066000584064,0.08864290469158274,0.9959700107574463
75,2,2,0.6715872883796692,0.09284191578626633,0.594206489236574,0.08809435735532423,0.9961105585098267
75,2,3,0.6595801115036011,0.09194854646921158,0.5805366637141506,0.08780497923510851,0.9960708618164062
75,2,4,0.706118643283844,0.09571471810340881,0.6409087557626164,0.08984160939965481,0.9960513114929199
75,2,5,0.7113511562347412,0.09598000347614288,0.6505103116498717,0.09024192000757196,0.995714008808136
75,2,6,0.7164318561553955,0.09637416899204254,0.6599897586764915,0.09081158146975413,0.9952719211578369
75,2,7,0.6046052575111389,0.09798023849725723,0.534632811153274,0.09602524122974206,0.9959863424301147
75,2,8,0.6869848966598511,0.10441722720861435,0.6461596165327984,0.10075298061093223,0.9960619807243347
75,2,9,0.6707330346107483,0.12782587110996246,0.5948624922831389,0.12288135511148018,0.9972797632217407
75,2,10,0.6937257051467896,0.12973099946975708,0.6287725376308586,0.12402572355276069,0.9974956512451172
75,2,11,0.31748005747795105,0.20484882593154907,0.2641945003673337,0.21178949998222762,0.9989506602287292
75,2,12,0.7342088222503662,0.21772322058677673,0.7197198368403216,0.2217854828259894,0.9986867308616638
75,2,13,0.23873770236968994,0.35064634680747986,0.18029542412795457,0.3703596381702761,0.8653347492218018
75,2,14,0.7661821842193604,0.37508624792099,0.8110690028449757,0.384162236740845,0.883104145526886
75,2,15,0.1717596799135208,0.43606463074684143,0.10195582464281118,0.47788193594478723,0.6373498439788818
75,2,16,0.9001270532608032,0.48211777210235596,0.9384629410251938,0.48361348918750874,0.6227684020996094
75,2,17,0.16240747272968292,0.465472936630249,0.06790912327417169,0.5127706222805485,0.5437209606170654
75,2,18,0.9376994967460632,0.5135542154312134,0.9865594854347521,0.515789448018882,0.5495746731758118
75,2,19,0.20190630853176117,0.44893863797187805,0.10057538977756797,0.5087124884878206,0.5282320380210876
75,2,20,0.9354012608528137,0.5121170282363892,0.97653072926362,0.5071158660363421,0.5393233299255371
75,2,21,0.20686760544776917,0.4447275698184967,0.12164831427280937,0.49880901718419945,0.46253731846809387
75,2,22,0.8962821960449219,0.5008105635643005,0.930474500893092,0.497588222324005,0.497570276260376
75,2,23,0.4058898389339447,0.4961433708667755,0.36791251843272615,0.5155606135986295,0.998176634311676
75,2,24,0.6202101111412048,0.5115827322006226,0.5997530243785311,0.5286332355078157,0.9978688359260559
75,2,25,0.48948749899864197,0.6856171488761902,0.41955034752955445,0.703609224914302,0.8569514155387878
75,2,26,0.5775365233421326,0.7021946310997009,0.521830439781836,0.7194569250578409,0.7889010906219482
75,2,27,0.4530518352985382,0.8707970380783081,0.4110227790587083,0.8855269885274257,0.8339671492576599
75,2,28,0.41616350412368774,0.8789718151092529,0.4077882038521883,0.9046060110233222,0.7583383917808533
75,2,29,0.4124974012374878,0.9049049615859985,0.38642300840218363,0.9183974891658951,0.8487951159477234
75,2,30,0.3443320095539093,0.9133732914924622,0.3862724484175778,0.935675858536149,0.8029696345329285
75,2,31,0.5039422512054443,0.9159756898880005,0.4274030074354978,0.9048645100266095,0.7022717595100403
75,2,32,0.4756943881511688,0.9481245875358582,0.43166295510970853,0.9350560205272858,0.5950003266334534
76,2,0,0.7271254062652588,0.12223848700523376,0.6474376967126437,0.10985713762420879,0.9965906143188477
76,2,1,0.7063246369361877,0.10019948333501816,0.6276486353448236,0.09096478126847231,0.9962175488471985
76,2,2,0.6945860981941223,0.0984129011631012,0.6144245119267207,0.09016742353294745,0.9963531494140625
76,2,3,0.6817623376846313,0.09660214185714722,0.6009255843537346,0.08957231400138198,0.9963018894195557
76,2,4,0.7277217507362366,0.10176853090524673,0.6583875906609954,0.09223791791245563,0.9963203072547913
76,2,5,0.7326411604881287,0.10146565735340118,0.6670442740538766,0.09249690310241312,0.9960146546363831
76,2,6,0.7380317449569702,0.1012183129787445,0.6756987770162136,0.09290237035668665,0.9955981373786926
76,2,7,0.6165339946746826,0.10014906525611877,0.5511204477492848,0.09685360162519603,0.9961919188499451
76,2,8,0.7064918279647827,0.10710704326629639,0.6582978030673742,0.10202941324396761,0.9963425397872925
76,2,9,0.6941168308258057,0.13478054106235504,0.6148532316453529,0.12527208921688096,0.9973793029785156
76,2,10,0.7148848176002502,0.137142613530159,0.6461099495049692,0.12666120371163472,0.9976312518119812
76,2,11,0.3146134614944458,0.2084088921546936,0.2743354356718073,0.21111044497523235,0.9990270733833313
76,2,12,0.7230352759361267,0.22115010023117065,0.7203858002208946,0.22165786481591349,0.9988101720809937
76,2,13,0.21242572367191315,0.35783255100250244,0.18675457951662922,0.3678427037957499,0.8480983376502991
76,2,14,0.740033745765686,0.38009771704673767,0.7967732130392432,0.3833457902619512,0.8929637670516968
76,2,15,0.16452983021736145,0.4523096978664398,0.11454581549627757,0.47274209483870955,0.6215636730194092
76,2,16,0.9041007161140442,0.4966225326061249,0.9315546763265038,0.48622729182976937,0.6537637710571289
76,2,17,0.14193591475486755,0.48697832226753235,0.08280822035257758,0.5075865176911587,0.5323399305343628
76,2,18,0.9392610192298889,0.5317229628562927,0.9770470366340417,0.5189911042214378,0.5861105918884277
76,2,19,0.18686822056770325,0.4831596314907074,0.11794920587509392,0.5035765436918317,0.5171178579330444
76,2,20,0.9359440207481384,0.528069019317627,0.9683696565849785,0.5113267531937897,0.5767620205879211
76,2,21,0.19936266541481018,0.4706536829471588,0.13729120905339723,0.4931495804317974,0.4534682631492615
76,2,22,0.9085874557495117,0.5169200897216797,0.9260758163319217,0.5014731082702916,0.5362498164176941
76,2,23,0.4137740731239319,0.5139543414115906,0.3771356212063756,0.5152379813750911,0.998283863067627
76,2,24,0.6420981884002686,0.5221085548400879,0.608268105572782,0.5273225219587215,0.9980018734931946
76,2,25,0.4848865270614624,0.6905819773674011,0.432697136388089,0.7009917621067399,0.8417307138442993
76,2,26,0.61970055103302,0.7045034170150757,0.541541546588226,0.7164522718408164,0.80516117811203
76,2,27,0.4520573914051056,0.8789116144180298,0.4192740408310389,0.8841980525133142,0.8318240642547607
76,2,28,0.42938268184661865,0.878572940826416,0.41212805275298336,0.8993734814170282,0.7778143286705017
76,2,29,0.38311007618904114,0.907832145690918,0.3857575488640727,0.916274824187995,0.8479169011116028
76,2,30,0.3441688120365143,0.9034736156463623,0.377805981000352,0.9292022325171354,0.8163246512413025
76,2,31,0.5097572207450867,0.9317626953125,0.44398209301359964,0.9102710545861243,0.7121755480766296
76,2,32,0.49218660593032837,0.9383731484413147,0.4438397123017844,0.9357223235336406,0.6282663941383362
77,2,0,0.736416220664978,0.12861065566539764,0.665353652004926,0.11362574034963784,0.9968495965003967
77,2,1,0.7149626612663269,0.10551266372203827,0.6452286225561858,0.09388789769105783,0.9964975714683533
77,2,2,0.7031053304672241,0.10335409641265869,0.6322803792236312,0.09281692987566592,0.9966205954551697
77,2,3,0.689981997013092,0.10097777843475342,0.6188572697539438,0.09186381992612587,0.9965682625770569
77,2,4,0.736477792263031,0.10708841681480408,0.6741063553103653,0.09522186464137292,0.9966173768043518
77,2,5,0.7421948909759521,0.10644849389791489,0.6821700779413595,0.09530015930073994,0.9963394403457642
77,2,6,0.749733567237854,0.1057644635438919,0.6905995225720624,0.09548663763347649,0.9959582090377808
77,2,7,0.6214861273765564,0.10143233090639114,0.5652812845166102,0.09777335145951892,0.9964556694030762
77,2,8,0.7044537663459778,0.10913299024105072,0.6675801963095929,0.10345644172489134,0.9966155290603638
77,2,9,0.7022635340690613,0.14033715426921844,0.6324526493896825,0.1282991674429521,0.9974110126495361
77,2,10,0.723641574382782,0.14300979673862457,0.661716032667741,0.12994630426390869,0.9977003335952759
77,2,11,0.29712554812431335,0.20831254124641418,0.2789157372904414,0.21054844561849656,0.9990676641464233
77,2,12,0.6981250047683716,0.2221761792898178,0.7159119540484875,0.22176196908959125,0.9989210963249207
77,2,13,0.18595848977565765,0.35821330547332764,0.18659468253207656,0.36590812866733385,0.7982885837554932
77,2,14,0.7341646552085876,0.3843563497066498,0.7841762536811868,0.38354876551234274,0.902947723865509
77,2,15,0.21889728307724,0.44520020484924316,0.13556607580526275,0.46720606164796746,0.5694869756698608
77,2,16,0.9183355569839478,0.49753615260124207,0.9288986483113508,0.48849938216111255,0.6848523616790771
77,2,17,0.21718966960906982,0.4717085063457489,0.10990038177586017,0.5003732026120947,0.48957309126853943
77,2,18,0.9465869069099426,0.5327371954917908,0.9709239259149606,0.5217530535041253,0.6223928928375244
77,2,19,0.25677749514579773,0.4662642776966095,0.1459413817291449,0.4960745667188483,0.47553613781929016
77,2,20,0.9459155201911926,0.5326967239379883,0.9638569300702341,0.5156214576957722,0.6138455271720886
77,2,21,0.2564195692539215,0.45192182064056396,0.16129802067363,0.4848594478164959,0.4181818962097168
77,2,22,0.92168128490448,0.5206368565559387,0.9251930717919877,0.5053241917541947,0.5742464661598206
77,2,23,0.3650616705417633,0.5176560282707214,0.37470976507594184,0.5157236757023541,0.9983896613121033
77,2,24,0.622752845287323,0.5217573642730713,0.6111785300867948,0.5262045927740004,0.9981030225753784
77,2,25,0.4301779866218567,0.6940145492553711,0.43219113416271043,0.6995901235069352,0.8275997638702393
77,2,26,0.6473365426063538,0.6932438611984253,0.562853480255575,0.7117878555859288,0.8199026584625244
77,2,27,0.4097602963447571,0.8845058083534241,0.417362711548586,0.8842598653818303,0.8341256380081177
77,2,28,0.43337032198905945,0.8685761094093323,0.41639707688339334,0.893182520543837,0.7968904972076416
77,2,29,0.32975563406944275,0.9168068766593933,0.3744919581903798,0.9163816877848285,0.8494692444801331
77,2,30,0.3515247404575348,0.8978501558303833,0.37252352648659903,0.9228996649803073,0.8293251395225525
77,2,31,0.5097711682319641,0.934217631816864,0.45722023269309975,0.9150839269251705,0.7293514609336853
77,2,32,0.517969012260437,0.9321774244308472,0.4587594824539765,0.9350102647182786,0.6621350646018982
78,2,0,0.7423022389411926,0.131615549325943,0.6808421474374535,0.11724079501729771,0.9969949722290039
78,2,1,0.7184531688690186,0.10789287835359573,0.6599659918275433,0.09670188565697325,0.9966297149658203
78,2,2,0.707712709903717,0.1056373342871666,0.6474630351547779,0.09539281801651034,0.9967361688613892
78,2,3,0.6958858370780945,0.10318517684936523,0.6343619042346078,0.09413842222679994,0.9966895580291748
78,2,4,0.7328687310218811,0.1095612645149231,0.6859282244935899,0.09810307374293535,0.9968079328536987
78,2,5,0.7343868017196655,0.10884982347488403,0.6926731552666793,0.09802262679233006,0.9965592622756958
78,2,6,0.7364554405212402,0.1080949455499649,0.6998215143664527,0.0980198960677205,0.9962106943130493
78,2,7,0.6036287546157837,0.10329718142747879,0.5729916504983998,0.0988829773506632,0.9965195059776306
78,2,8,0.6731718182563782,0.1114107221364975,0.6687034442833988,0.10505440510530423,0.9967312812805176
78,2,9,0.6985189318656921,0.14374783635139465,0.6457466609946302,0.13140335810366557,0.9970889091491699
78,2,10,0.7128409743309021,0.14639809727668762,0.6719991936656251,0.13325215160108367,0.9975159168243408
78,2,11,0.2785629630088806,0.21042127907276154,0.2788448824666485,0.21052290429814233,0.99903404712677
78,2,12,0.6513080596923828,0.22734972834587097,0.7029128120932039,0.22288443908959416,0.9990171194076538
78,2,13,0.1798783242702484,0.3569411337375641,0.1852454575209834,0.364106665940733,0.7336937785148621
78,2,14,0.7126832604408264,0.39642244577407837,0.7697881428240799,0.38613536159327966,0.9116649031639099
78,2,15,0.2834368050098419,0.4413061738014221,0.16538901685566168,0.46200031747730025,0.5173671841621399
78,2,16,0.8937175273895264,0.516459584236145,0.9218255865769097,0.4941195596124638,0.7130674719810486
78,2,17,0.2939646542072296,0.4585859477519989,0.14706048712687436,0.49197043450327343,0.44635865092277527
78,2,18,0.9273600578308105,0.55214923620224,0.9621634754335094,0.5278632963574482,0.6554301977157593
78,2,19,0.3326869606971741,0.45664268732070923,0.18364566043848488,0.4881459502329971,0.4335950016975403
78,2,20,0.9340406060218811,0.5524922609329224,0.9578633472612894,0.5230345750237415,0.647525429725647
78,2,21,0.3371584713459015,0.45112669467926025,0.19679374861554533,0.47807784593714875,0.38226720690727234
78,2,22,0.910317599773407,0.5400431752204895,0.9222041053868281,0.5123042502868691,0.6080893278121948
78,2,23,0.3061356246471405,0.5231613516807556,0.36091023816280193,0.5172178346673387,0.9984446167945862
78,2,24,0.5639904141426086,0.5288497805595398,0.6016883049516685,0.5267359145846368,0.9981516599655151
78,2,25,0.3628419041633606,0.7107569575309753,0.4182353468121774,0.70183367008611,0.8119812607765198
78,2,26,0.6534475088119507,0.7003124356269836,0.5810955106676448,0.7094822899190164,0.8331637978553772
78,2,27,0.3454504907131195,0.9090778231620789,0.40289010327058833,0.8892479922115945,0.833346426486969
78,2,28,0.4188547134399414,0.8908178210258484,0.41689072376313885,0.8927075421943204,0.813805878162384
78,2,29,0.2852943241596222,0.9459311962127686,0.3565318732045023,0.922321590791908,0.846030592918396
78,2,30,0.3507528305053711,0.9240191578865051,0.3681482330868872,0.9231245206104726,0.8382938504219055
78,2,31,0.5110849142074585,0.9427325129508972,0.4680553072925625,0.9206414204826898,0.7434234023094177
78,2,32,0.5641925930976868,0.9431421756744385,0.47999828213379886,0.9366439215005687,0.6920355558395386
79,2,0,0.741065502166748,0.13396301865577698,0.6929584466712396,0.1206010087799751,0.9971483945846558
79,2,1,0.7173801064491272,0.10957646369934082,0.6715161911279088,0.09928866243072963,0.9967907071113586
79,2,2,0.7076906561851501,0.1072194054722786,0.6595801954629894,0.0977689612280432,0.9968740940093994
79,2,3,0.6970481276512146,0.10468559712171555,0.6469745803856456,0.09625743563705023,0.9968286752700806
79,2,4,0.7274038195610046,0.11136609315872192,0.6942682780884858,0.10076792573431775,0.9970174431800842
79,2,5,0.7270385026931763,0.11062749475240707,0.6995820750211479,0.10055519388836494,0.9967964887619019
79,2,6,0.7267221212387085,0.10982224345207214,0.7052285641138226,0.10039116746933974,0.9964855313301086
79,2,7,0.5968777537345886,0.10408716648817062,0.5777923785913422,0.09992838447398504,0.996630847454071
79,2,8,0.6593294143676758,0.11280535161495209,0.6668201899551431,0.10661151114261347,0.9969112873077393
79,2,9,0.6952217817306519,0.14641375839710236,0.6556975286689066,0.1344194478808457,0.9968633055686951
79,2,10,0.7057690620422363,0.14887914061546326,0.6787882848363348,0.13639218900519715,0.9974609017372131
79,2,11,0.27031227946281433,0.20938870310783386,0.2771307122205165,0.2102950942638921,0.998923659324646
79,2,12,0.6204743385314941,0.2299591302871704,0.6863168248679259,0.22430566357338805,0.9991052150726318
79,2,13,0.18477173149585724,0.35996076464653015,0.18515030907630606,0.36327387017818225,0.6718792915344238
79,2,14,0.6842952370643616,0.4038286805152893,0.7525757666970028,0.38969080664738004,0.9188907742500305
79,2,15,0.31073233485221863,0.442123681306839,0.19470024104529157,0.4580058911608725,0.46877121925354004
79,2,16,0.8713478446006775,0.5249790549278259,0.911672828429393,0.5003230188356398,0.7358882427215576
79,2,17,0.30850598216056824,0.45982661843299866,0.179633759508012,0.4855085592514878,0.4055600166320801
79,2,18,0.9043393135070801,0.5627278685569763,0.9505307082043352,0.5348726548358732,0.6814311146736145
79,2,19,0.3438606560230255,0.4565836191177368,0.2159695871548034,0.4818010737075769,0.393979012966156
79,2,20,0.9188793897628784,0.5631487369537354,0.9500248995311527,0.5311005264937144,0.6739889979362488
79,2,21,0.3508247137069702,0.4516119062900543,0.22786460879726217,0.47275824216468726,0.3479892313480377
79,2,22,0.8988827466964722,0.5499147176742554,0.9175169743441035,0.5198662404491083,0.6329028010368347
79,2,23,0.2997945547103882,0.5302885174751282,0.3486141727878239,0.5198440270068707,0.9984757900238037
79,2,24,0.55921471118927,0.5350097417831421,0.5931473652702425,0.528398087632407,0.9982210993766785
79,2,25,0.3281245827674866,0.7188844084739685,0.40009095939763273,0.7052599274024218,0.8138964772224426
79,2,26,0.6619676947593689,0.7053437829017639,0.5973755270312491,0.7086509796798526,0.846565842628479
79,2,27,0.30596256256103516,0.9232999682426453,0.3833693814123252,0.8960938255498689,0.8376333713531494
79,2,28,0.4294995963573456,0.9091032147407532,0.4194240948971682,0.8960021065304977,0.8293198943138123
79,2,29,0.2592056095600128,0.9629680514335632,0.33693059452858926,0.9304946956112342,0.846989631652832
79,2,30,0.3629123568534851,0.9409275650978088,0.3670964587275487,0.9267020249127279,0.845889687538147
79,2,31,0.4648649990558624,0.9353845119476318,0.46741448412067294,0.9236037771839248,0.7562557458877563
79,2,32,0.6408516764640808,0.9419416785240173,0.5124513736544353,0.9377081273899772,0.7181460857391357
80,2,0,0.7451491355895996,0.137154221534729,0.7034562898980657,0.12392724526834226,0.9972929358482361
80,2,1,0.7223166823387146,0.11230166256427765,0.6817340047243866,0.10190326133611337,0.9969356060028076
80,2,2,0.7138464450836182,0.1098564863204956,0.6704961611297077,0.10019754863506988,0.9970040917396545
80,2,3,0.704070508480072,0.10713999718427658,0.6584606650141653,0.0984438515647408,0.9969714879989624
80,2,4,0.7282102108001709,0.11394544690847397,0.7010919916004609,0.10341559279445635,0.9971988797187805
80,2,5,0.7260887622833252,0.11309028416872025,0.7049098868986451,0.10307373635979504,0.9970041513442993
80,2,6,0.723943293094635,0.1121436208486557,0.7089893779275512,0.10275241111752091,0.9967300891876221
80,2,7,0.597345769405365,0.10568835586309433,0.5817218196946695,0.10108545408844988,0.9967513680458069
80,2,8,0.6531191468238831,0.11449166387319565,0.6640672980631913,0.10819457947532049,0.9970707297325134
80,2,9,0.7016838192939758,0.15040169656276703,0.6649457817488841,0.13763090206276277,0.9967509508132935
80,2,10,0.7071313858032227,0.15217691659927368,0.6844855083555409,0.1395639359984871,0.9974697828292847
80,2,11,0.2715316712856293,0.21140769124031067,0.2760059767362155,0.21051856483426867,0.9988076090812683
80,2,12,0.5854590535163879,0.22855128347873688,0.6660022965077919,0.2251584922657509,0.9991861581802368
80,2,13,0.18778842687606812,0.3661259412765503,0.18568021094360498,0.363846750594777,0.613904595375061
80,2,14,0.6463184952735901,0.4107530117034912,0.7311704317590356,0.3939236245529115,0.9256106615066528
80,2,15,0.3362005054950714,0.44963157176971436,0.223233442853446,0.4563235239668324,0.42413097620010376
80,2,16,0.8283472657203674,0.5355884432792664,0.8948978446547353,0.5074130470730551,0.7555842399597168
80,2,17,0.33575037121772766,0.45634716749191284,0.21112726667698367,0.4796467316449287,0.3677166998386383
80,2,18,0.8662843704223633,0.5755186080932617,0.9335699111991419,0.5430456592848021,0.7031202912330627
80,2,19,0.3746284246444702,0.4522857964038849,0.24797823131393776,0.4758680509644134,0.3572222590446472
80,2,20,0.8924848437309265,0.5750137567520142,0.9384493820789988,0.5399313179749471,0.6960107088088989
80,2,21,0.3797062337398529,0.44808173179626465,0.25849203373990537,0.4677985596646099,0.3160247504711151
80,2,22,0.8719038367271423,0.5607321262359619,0.9083439029551841,0.5280835194260377,0.6525288820266724
80,2,23,0.30693429708480835,0.5395057201385498,0.3402330234480412,0.5237952317781819,0.9985287189483643
80,2,24,0.5513810515403748,0.5436943173408508,0.5847488157408872,0.5314716343539223,0.9983065724372864
80,2,25,0.3281603753566742,0.731397271156311,0.3856146170439677,0.7105134306910715,0.8151332139968872
80,2,26,0.6671525835990906,0.7177051901817322,0.611417672285613,0.7104699678554252,0.8583980798721313
80,2,27,0.3008617162704468,0.9423479437828064,0.36675942771863107,0.9053959702029406,0.8410344123840332
80,2,28,0.5085618495941162,0.921916663646698,0.4373720862977684,0.9012107975950097,0.8428617715835571
80,2,29,0.2817995250225067,0.9756456017494202,0.32584042423617154,0.9395746938611536,0.8483760356903076
80,2,30,0.44732439517974854,0.9543037414550781,0.38324640967245466,0.9322500886464036,0.8526474833488464
80,2,31,0.4493633806705475,0.9462371468544006,0.46378712147911955,0.9281525493033947,0.7680303454399109
80,2,32,0.742216169834137,0.9386394619941711,0.558896974362853,0.9378951896102907,0.7415658235549927
81,2,0,0.74798583984375,0.13895189762115479,0.7124112126045702,0.1269462002004293,0.9970949292182922
81,2,1,0.7274404764175415,0.11470950394868851,0.6909259091308743,0.10447630318006433,0.9965799450874329
81,2,2,0.7199828028678894,0.11235235631465912,0.680449342413218,0.10263965888037173,0.9966578483581543
81,2,3,0.711338996887207,0.1096387505531311,0.6690970256056418,0.10069303896167384,0.9966709017753601
81,2,4,0.7314289212226868,0.11612210422754288,0.707190332391196,0.10596858942748476,0.9969894289970398
81,2,5,0.7285194396972656,0.11521326750516891,0.7096549900800848,0.10551277627016349,0.9968616962432861
81,2,6,0.7255001664161682,0.11418423056602478,0.7123070925467174,0.1050492139531649,0.9966527223587036
81,2,7,0.6053885221481323,0.10656958818435669,0.586478416467055,0.10218710466298336,0.9961620569229126
81,2,8,0.6536367535591125,0.11517902463674545,0.6619717253533125,0.10959767105059678,0.9968578815460205
81,2,9,0.707409143447876,0.15259423851966858,0.6734846939931353,0.14063753128839787,0.996043860912323
81,2,10,0.709847629070282,0.15373440086841583,0.6895830983493398,0.14241118775823228,0.997168779373169
81,2,11,0.27863365411758423,0.21125634014606476,0.27653378155024894,0.21066674907201927,0.9986158013343811
81,2,12,0.5403439402580261,0.2275276780128479,0.6406749088197976,0.22563437167842915,0.9992561340332031
81,2,13,0.2522852122783661,0.36842045187950134,0.1990827554054795,0.36476549019773,0.5545511245727539
81,2,14,0.5979604125022888,0.4108774960041046,0.7043152596369169,0.3973304084295484,0.9290533661842346
81,2,15,0.38780608773231506,0.4611958861351013,0.2564405657813301,0.45730226479695796,0.38344722986221313
81,2,16,0.7900329232215881,0.5401241183280945,0.87377384122023,0.513989058702791,0.7666693925857544
81,2,17,0.4076736271381378,0.4795590937137604,0.25082147643493585,0.47962912962752174,0.33347752690315247
81,2,18,0.8372848033905029,0.5787911415100098,0.9141788736679712,0.5502323009274275,0.7162690758705139
81,2,19,0.4638591408729553,0.4731215238571167,0.29160072616605565,0.4753163716689206,0.32399335503578186
81,2,20,0.8712892532348633,0.5773184299468994,0.9249349158631841,0.54744835677074,0.70923912525177
81,2,21,0.4708818793296814,0.46693155169487,0.3014048545238115,0.4676244179172417,0.2870196998119354
81,2,22,0.8417505025863647,0.562252938747406,0.8949436966385891,0.5349529896049477,0.66254723072052
81,2,23,0.29242438077926636,0.5428288578987122,0.33061782465031253,0.5276201533535488,0.9985944032669067
81,2,24,0.5235812664031982,0.5469453930854797,0.5724422899860363,0.5345808684878078,0.9984005093574524
81,2,25,0.3245562016963959,0.7286006212234497,0.373330078631485,0.7141480640692438,0.8079767227172852
81,2,26,0.6543899774551392,0.7088319063186646,0.6200590541605167,0.7101409502599083,0.8685594201087952
81,2,27,0.24980030953884125,0.9398703575134277,0.34319119122007685,0.9123268108589848,0.8416693806648254
81,2,28,0.6126502156257629,0.8959736227989197,0.47274961016373257,0.9001587634303209,0.8539414405822754
81,2,29,0.2335246205329895,0.9698940515518188,0.30725082464525294,0.94566948412243,0.8492317795753479
81,2,30,0.5450683236122131,0.9351328015327454,0.4158956984485141,0.9328291244979954,0.8575207591056824
81,2,31,0.36212727427482605,0.9446670413017273,0.44331068277545393,0.931471001893625,0.7774815559387207
81,2,32,0.8606544137001038,0.9153038859367371,0.6200179903106374,0.9333548787805098,0.7618356347084045
82,2,0,0.7599114775657654,0.14042146503925323,0.7219643381509862,0.12965371362844885,0.9966107606887817
82,2,1,0.7395663857460022,0.11669687926769257,0.7007086626710622,0.10693163202033361,0.9957883358001709
82,2,2,0.7323242425918579,0.1144241988658905,0.6908835638374845,0.10500735137108223,0.9959560036659241
82,2,3,0.7241128087043762,0.11174843460321426,0.6801639870691776,0.10291418980493781,0.9960073232650757
82,2,4,0.7422387599945068,0.11795444041490555,0.7142367081331661,0.10837674200514318,0.9962920546531677
82,2,5,0.7383319139480591,0.11702562868595123,0.7154193623737061,0.10782586499405639,0.996304452419281
82,2,6,0.7340653538703918,0.11597692966461182,0.7166798882425832,0.10724470465568206,0.9961516857147217
82,2,7,0.6180753707885742,0.10770682245492935,0.5928302666934361,0.10329590438571261,0.9948588013648987
82,2,8,0.6587384939193726,0.11615051329135895,0.661322276653083,0.11091404280366868,0.9962725043296814
82,2,9,0.7199822068214417,0.1548638790845871,0.6828358821547493,0.1434960160071889,0.995108425617218
82,2,10,0.7200004458427429,0.15544435381889343,0.6956976141579224,0.14502984005736877,0.9967342019081116
82,2,11,0.3016691505908966,0.20807035267353058,0.2815857532403987,0.21014522834003754,0.99839186668396
82,2,12,0.5172055959701538,0.22544917464256287,0.615790214273899,0.22559717491199663,0.9993085861206055
82,2,13,0.3389536142349243,0.3660394847393036,0.22728591812005744,0.3650213794064766,0.5006219148635864
82,2,14,0.5367732048034668,0.40682002902030945,0.6705062906046206,0.3992368941244103,0.928638219833374
82,2,15,0.4603564739227295,0.4649790823459625,0.29763153188673247,0.45884447511540466,0.3470057547092438
82,2,16,0.7487265467643738,0.5420405268669128,0.8485700471954023,0.5196275988629474,0.7678236365318298
82,2,17,0.4757494628429413,0.4862850308418274,0.29628366541943374,0.4809662073871519,0.3030053675174713
82,2,18,0.793622612953186,0.5802047252655029,0.8898833148307549,0.5562572921959597,0.7196425199508667
82,2,19,0.5447447299957275,0.4861716330051422,0.34280615628533095,0.4774972993404527,0.29441121220588684
82,2,20,0.8361146450042725,0.578767716884613,0.9070509814094904,0.553744344699216,0.7121432423591614
82,2,21,0.5476807355880737,0.4816865921020508,0.3512114267254494,0.47044990028834754,0.2612033486366272
82,2,22,0.8095040321350098,0.5640846490859985,0.8777420799284054,0.5408088340715218,0.6624205708503723
82,2,23,0.2891518473625183,0.5434150695800781,0.32227973380116925,0.5307939483573986,0.9986355900764465
82,2,24,0.4851096272468567,0.5442605018615723,0.554858621956258,0.5365255383577462,0.9984564185142517
82,2,25,0.3172953724861145,0.7245518565177917,0.3620578593023359,0.7162382625091126,0.7988360524177551
82,2,26,0.6709427833557129,0.683785617351532,0.6302936227940539,0.7048435991691,0.8774111866950989
82,2,27,0.20582865178585052,0.9390779733657837,0.3154956632374292,0.9177037851896802,0.8427107334136963
82,2,28,0.6974130868911743,0.8747621178627014,0.5181575263530375,0.8950542435426366,0.8625932335853577
82,2,29,0.18925532698631287,0.970682680606842,0.28347302552924164,0.9506968827700251,0.8524013757705688
82,2,30,0.6514565944671631,0.9147583842277527,0.46352052250303816,0.9291977987975178,0.8613093495368958
82,2,31,0.3329579830169678,0.9375011920928955,0.421077865606338,0.9326823628448417,0.7846156358718872
82,2,32,0.9237539768218994,0.8980581164360046,0.6815438469745524,0.9262585453232791,0.7780231833457947
83,2,0,0.7580850720405579,0.14193929731845856,0.7292265224123868,0.13212210828486795,0.9964689612388611
83,2,1,0.737907886505127,0.11855223774909973,0.7081879063897745,0.10926637693402921,0.995408296585083
83,2,2,0.7309837937355042,0.11646629869937897,0.698946739330553,0.10730960633195667,0.9956291913986206
83,2,3,0.7233878374099731,0.1139732226729393,0.6888560094790588,0.10513607164528717,0.9956632256507874
83,2,4,0.7390626668930054,0.11963167786598206,0.7192264560212178,0.11063799543452613,0.995918333530426
83,2,5,0.7340025901794434,0.11871016770601273,0.7191537334276351,0.11001263094106035,0.9960633516311646
83,2,6,0.728360652923584,0.11764257401227951,0.7190267272567964,0.1093337126915745,0.995951235294342
83,2,7,0.6173902750015259,0.10992971807718277,0.5977665227103113,0.10462854514730845,0.9941204786300659
83,2,8,0.6481767296791077,0.11762557923793793,0.6586810379313286,0.11226229994592452,0.9960483908653259
83,2,9,0.7185170650482178,0.15735167264938354,0.6900096025249804,0.14627998919570834,0.994743824005127
83,2,10,0.7166913151741028,0.15744270384311676,0.6999166650902167,0.14752381642910156,0.9966242909431458
83,2,11,0.3372538089752197,0.2075333446264267,0.2927840897320114,0.2096205965478714,0.9981473684310913
83,2,12,0.48457154631614685,0.22579845786094666,0.5893379071796193,0.22563760254795195,0.9993577599525452
83,2,13,0.3850885331630707,0.36874979734420776,0.25912081151099287,0.3657703054593786,0.4523594081401825
83,2,14,0.4939548671245575,0.4039585590362549,0.6348702186171166,0.4001853600043904,0.9281983971595764
83,2,15,0.4948999583721161,0.5037781000137329,0.33747249809788515,0.46788071731376174,0.31441137194633484
83,2,16,0.6721860766410828,0.5476906299591064,0.812968093513398,0.5252684652998678,0.7703826427459717
83,2,17,0.5085060000419617,0.5343323349952698,0.3391628388208876,0.49170077710390936,0.2756696343421936
83,2,18,0.7029210925102234,0.5860894322395325,0.852135087211171,0.5622540603843053,0.7239765524864197
83,2,19,0.5586220026016235,0.5381579399108887,0.38641590937127807,0.4897016505727882,0.2678720951080322
83,2,20,0.7482420802116394,0.5849245190620422,0.8750122303415673,0.5600123283941945,0.716300904750824
83,2,21,0.5062810182571411,0.5178537368774414,0.38249316652574816,0.4799835653999887,0.23808202147483826
83,2,22,0.7322033047676086,0.5716457962989807,0.8483913813679695,0.5470077633467788,0.6657008528709412
83,2,23,0.2926487624645233,0.5396697521209717,0.31632343491825143,0.5325770860775885,0.9986504912376404
83,2,24,0.4448077976703644,0.5410488247871399,0.5326867435918303,0.5374341497682223,0.9984915256500244
83,2,25,0.29462602734565735,0.7268303036689758,0.3484886031618853,0.7183662927330183,0.7998424172401428
83,2,26,0.7278481125831604,0.6614190936088562,0.6499410310204129,0.6961112097430261,0.8867343664169312
83,2,27,0.1570740044116974,0.9413281083106995,0.28353526641059124,0.9224518492831374,0.849142849445343
83,2,28,0.7297064065933228,0.8715606331825256,0.5608994682827467,0.8903324699603802,0.8707165718078613
83,2,29,0.13586461544036865,0.9723198413848877,0.25370313732438876,0.9550424644928972,0.8591534495353699
83,2,30,0.7070214748382568,0.9121159911155701,0.5127618930300147,0.9257652947729181,0.8644366264343262
83,2,31,0.3130566477775574,0.9405229091644287,0.399316146004732,0.9342574730426408,0.7942284941673279
83,2,32,0.9383599758148193,0.8871736526489258,0.7334982274020563,0.9183997804466244,0.7926902770996094
84,2,0,0.7451703548431396,0.1417541652917862,0.7324302630039737,0.13405721753237898,0.9964901804924011
84,2,1,0.725322961807251,0.11738462001085281,0.711631125347662,0.11089728700733836,0.9952841997146606
84,2,2,0.7183452248573303,0.1151617243885994,0.7028450338488522,0.10888704155608792,0.995500385761261
84,2,3,0.7102589011192322,0.11248189955949783,0.6931573497730172,0.10661177574300741,0.9955476522445679
84,2,4,0.7245056629180908,0.11847522854804993,0.720286936808624,0.11221243974046813,0.995806872844696
84,2,5,0.721427857875824,0.11746090650558472,0.7196105181189424,0.11150892008961842,0.9960036277770996
84,2,6,0.7170903086662292,0.11627316474914551,0.7186377795424864,0.11072776400573447,0.9959360361099243
84,2,7,0.6068075895309448,0.10904638469219208,0.5995828727352412,0.10551597234815936,0.9936348795890808
84,2,8,0.6403471827507019,0.11631111800670624,0.6549968133395072,0.11307559206580076,0.9959844350814819
84,2,9,0.7056718468666077,0.15799234807491302,0.6931567353106561,0.14863317476447996,0.9947133660316467
84,2,10,0.7037274241447449,0.1577948033809662,0.7006821340826851,0.14958732560748472,0.9966662526130676
84,2,11,0.3614431619644165,0.20543165504932404,0.3066007669075599,0.20877915433125702,0.997958779335022
84,2,12,0.48704391717910767,0.22332480549812317,0.568733146806626,0.22517305022569392,0.9994065165519714
84,2,13,0.3936161398887634,0.370761901140213,0.2862361602370865,0.36677300118529416,0.40913861989974976
84,2,14,0.492853045463562,0.4005611836910248,0.6062322409050831,0.4002608444864904,0.9293246269226074
84,2,15,0.4898844063282013,0.5162415504455566,0.36821571332914055,0.4776071160349776,0.2852380871772766
84,2,16,0.6239620447158813,0.5548412203788757,0.7748048818797999,0.5312130488267739,0.7763276696205139
84,2,17,0.5003224015235901,0.5494272708892822,0.3716786535977903,0.5033138576557386,0.25131335854530334
84,2,18,0.6418389081954956,0.5927747488021851,0.8096478649459801,0.5683893571547279,0.7316765785217285
84,2,19,0.5426695346832275,0.5538015961647034,0.4179376765144027,0.5025992092713443,0.2442147135734558
84,2,20,0.6774078011512756,0.5929657816886902,0.8351034318086421,0.566637114480595,0.7237669229507446
84,2,21,0.5302792191505432,0.5406323671340942,0.4122995370307076,0.49218553742144194,0.21760544180870056
84,2,22,0.6701176166534424,0.5798071622848511,0.8124060874050695,0.5536015501118627,0.6725927591323853
84,2,23,0.2970484793186188,0.5324692726135254,0.3124499867580245,0.5325554318259392,0.9986997246742249
84,2,24,0.463676780462265,0.5329650640487671,0.5187992821059626,0.5365364273314346,0.9985495805740356
84,2,25,0.2944437861442566,0.7250414490699768,0.33761728003039687,0.71970724033343,0.799217939376831
84,2,26,0.6375074982643127,0.6716722249984741,0.647442911422338,0.6911993018026888,0.8947571516036987
84,2,27,0.12483680993318558,0.9465746879577637,0.25151869203267113,0.9273001737253851,0.8551065921783447
84,2,28,0.7261453866958618,0.8730806112289429,0.5942433269786,0.8868657780886771,0.8789511322975159
84,2,29,0.10090089589357376,0.9773609042167664,0.22288120607203463,0.9595279049212828,0.865814208984375
84,2,30,0.700291633605957,0.9095867276191711,0.5506258493704103,0.9225143747312722,0.8690323233604431
84,2,31,0.28386953473091125,0.9504790902137756,0.3760536567554748,0.9375170477622276,0.8039677143096924
84,2,32,0.9418081641197205,0.900921106338501,0.7755830430160708,0.9148874878367241,0.8068966269493103
85,2,0,0.7640104293823242,0.14011186361312866,0.7387787370564698,0.1352734919524557,0.996424674987793
85,2,1,0.7437295913696289,0.11448439210653305,0.7180838854138734,0.11161782485782874,0.9949843883514404
85,2,2,0.7367627620697021,0.1124204769730568,0.7096638698611448,0.10959679775956226,0.9951598644256592
85,2,3,0.7286415100097656,0.11000174283981323,0.700291416810578,0.10729271091399062,0.9952674508094788
85,2,4,0.7383314967155457,0.1158955916762352,0.7239130044262602,0.11295227240887427,0.9956222772598267
85,2,5,0.7307959794998169,0.11514835804700851,0.721857811428536,0.11223997105197614,0.9958787560462952
85,2,6,0.7217503190040588,0.11424756795167923,0.7192629841462147,0.11143478179830488,0.9958957433700562
85,2,7,0.6286264061927795,0.10825048387050629,0.6054209924289,0.10606523747152077,0.9926590919494629
85,2,8,0.6473591327667236,0.11523795872926712,0.6534624668704148,0.113509926866977,0.9958814978599548
85,2,9,0.7260817885398865,0.1575489193201065,0.6997758165320868,0.15042433862690538,0.9945149421691895
85,2,10,0.7167103290557861,0.15750880539417267,0.7039028287985385,0.15117869826129568,0.9966583251953125
85,2,11,0.40734538435935974,0.2049122303724289,0.32689243649667055,0.20800240353545948,0.9978048801422119
85,2,12,0.48974764347076416,0.22569596767425537,0.5528337139681853,0.22527807902852628,0.9994542598724365
85,2,13,0.44077280163764954,0.368427574634552,0.31740948235733163,0.36710533544834745,0.3705250322818756
85,2,14,0.5039631724357605,0.40098363161087036,0.5856324071469721,0.4004060182588223,0.9329942464828491
85,2,15,0.5327892899513245,0.5193684101104736,0.40142333786959666,0.486004655235972,0.25966042280197144
85,2,16,0.5861941576004028,0.5638144016265869,0.7367217648648413,0.5377669846218452,0.7905178070068359
85,2,17,0.545041561126709,0.5512468218803406,0.4066685183443284,0.5129540914616121,0.23029004037380219
85,2,18,0.5948402285575867,0.6042987704277039,0.7662434976611473,0.5756089916787658,0.7479439377784729
85,2,19,0.5832854509353638,0.5551756620407104,0.45130246088754666,0.5131747157526496,0.22382919490337372
85,2,20,0.6207240223884583,0.6041464805603027,0.7917862621524858,0.5741787607498754,0.7404118180274963
85,2,21,0.5543990731239319,0.537955641746521,0.44095444046276877,0.5013902208983053,0.20012690126895905
85,2,22,0.6200136542320251,0.590996265411377,0.7735554416727299,0.5611201199546272,0.6898728609085083
85,2,23,0.2990136742591858,0.527631402015686,0.30975030095565637,0.531566310406777,0.9987139701843262
85,2,24,0.4754292964935303,0.5309361815452576,0.5100778394657556,0.535411448672192,0.9985876083374023
85,2,25,0.3084457814693451,0.7205124497413635,0.3317534116138247,0.7198689692229114,0.797527551651001
85,2,26,0.5966073870658875,0.6888070106506348,0.6372181257513694,0.6907187808781724,0.902034342288971
85,2,27,0.1265174150466919,0.9416194558143616,0.22632400534697042,0.9301773402808798,0.860133707523346
85,2,28,0.718026340007782,0.8823401927947998,0.6191917920499369,0.8859567047213992,0.8877015113830566
85,2,29,0.09303875267505646,0.9710468649864197,0.1967072497048658,0.9618422220857509,0.8710241913795471
85,2,30,0.6852393746376038,0.9220590591430664,0.577765492972183,0.9224229240336854,0.875097393989563
85,2,31,0.2717752754688263,0.9566276669502258,0.35504809310392355,0.9413574505044042,0.8133809566497803
85,2,32,0.9203877449035645,0.9172125458717346,0.8047861360085126,0.9153545029228,0.8213192224502563
86,2,0,0.8031677007675171,0.13723184168338776,0.7517345792489392,0.13566684551924926,0.9961789846420288
86,2,1,0.7836613655090332,0.11100351065397263,0.7312793106714499,0.11149443856451441,0.9941808581352234
86,2,2,0.7761417627334595,0.10919328033924103,0.7230408149730752,0.10951575092052818,0.9942108988761902
86,2,3,0.7669967412948608,0.10710974782705307,0.7137142144084179,0.10725596283966739,0.9945470690727234
86,2,4,0.7783069610595703,0.11230485141277313,0.7348546561888534,0.11282223642615087,0.9951307773590088
86,2,5,0.7691213488578796,0.11169706284999847,0.7313632366514693,0.11213092702153449,0.9954285621643066
86,2,6,0.7577906847000122,0.11093784123659134,0.7270095987536809,0.1113349705742059,0.9956201314926147
86,2,7,0.6734966039657593,0.10716130584478378,0.6191200349256791,0.10628538809793894,0.9903301000595093
86,2,8,0.669607937335968,0.11301837861537933,0.6567067337984218,0.11341119870714185,0.9954566955566406
86,2,9,0.7634119987487793,0.15527284145355225,0.7125799178782034,0.15139828657491972,0.9940311908721924
86,2,10,0.7546328902244568,0.15488189458847046,0.7141064178886808,0.1519225576642931,0.996513307094574
86,2,11,0.4428436756134033,0.20308847725391388,0.3502569393411232,0.20701531187745115,0.9975588917732239
86,2,12,0.5192577838897705,0.22431491315364838,0.5460836263284209,0.22508462323685782,0.9994966983795166
86,2,13,0.4662861227989197,0.3633488118648529,0.3474363804973584,0.366350763152844,0.3350764513015747
86,2,14,0.5218851566314697,0.39699649810791016,0.572805788337313,0.39972115522886537,0.9359796643257141
86,2,15,0.5451856255531311,0.5191584825515747,0.4304148372179443,0.49266976041920935,0.2361561506986618
86,2,16,0.5573700666427612,0.564032793045044,0.7005174066909501,0.5430463311447102,0.8032483458518982
86,2,17,0.558951735496521,0.5508299469947815,0.4373858002726726,0.5205695029926782,0.21099746227264404
86,2,18,0.5627564787864685,0.6064938902854919,0.725139369705689,0.5818175663548782,0.7625270485877991
86,2,19,0.5910334587097168,0.5507005453109741,0.4794779788576718,0.5207196779352856,0.2051251381635666
86,2,20,0.5748375058174133,0.6064382791519165,0.747946577513299,0.5806639163035103,0.7552102208137512
86,2,21,0.548395037651062,0.5345110297203064,0.4625992460025104,0.5080486830213506,0.184007927775383
86,2,22,0.5735266208648682,0.5920774936676025,0.7331539901758756,0.5673432766950409,0.7051137089729309
86,2,23,0.3652605712413788,0.5234878659248352,0.3209168328793235,0.5299433977206528,0.998685359954834
86,2,24,0.4980382025241852,0.5338227152824402,0.5076588693164511,0.5350923394940661,0.9985959529876709
86,2,25,0.33847683668136597,0.7122693657875061,0.3331040549202158,0.7183422734923888,0.7713738083839417
86,2,26,0.5735282301902771,0.694092869758606,0.6244032515987104,0.6913965260417105,0.9025755524635315
86,2,27,0.12024757266044617,0.9259644746780396,0.2049550249627151,0.9293310922040394,0.8545994162559509
86,2,28,0.7316597700119019,0.8855323791503906,0.6418525177489391,0.8858714784782449,0.8931007385253906
86,2,29,0.0747627392411232,0.9567192196846008,0.1721307854417178,0.9608131263819868,0.870141327381134
86,2,30,0.6885871291160583,0.9227614998817444,0.6000935379090302,0.9224909271739012,0.8785557746887207
86,2,31,0.24403586983680725,0.9541454911231995,0.33268185199792627,0.9439268341340445,0.8154276609420776
86,2,32,0.922299325466156,0.9224874377250671,0.8284671293888164,0.9167874298251188,0.8316019773483276
87,2,0,0.8615814447402954,0.13783784210681915,0.7738652454257985,0.13610291386742546,0.996326208114624
87,2,1,0.8418679237365723,0.11122249811887741,0.7535598778566724,0.11143981928135838,0.9942315220832825
87,2,2,0.833615779876709,0.10941591113805771,0.7453186276014718,0.1094956981806324,0.9941744804382324
87,2,3,0.8236512541770935,0.10735936462879181,0.735863110753372,0.10727673100997653,0.9945183992385864
87,2,4,0.836724579334259,0.11248165369033813,0.7553736262218819,0.11275383019585564,0.9952287673950195
87,2,5,0.8267265558242798,0.1118035539984703,0.7505681234768833,0.1120651739933705,0.9955058097839355
87,2,6,0.8150202035903931,0.11094903200864792,0.744730096901598,0.11125745450082114,0.9956946969032288
87,2,7,0.7305364012718201,0.10785379260778427,0.6415678760774997,0.10660041389691811,0.9895256757736206
87,2,8,0.7215891480445862,0.11295343190431595,0.6697620200535342,0.11331925568573734,0.9954797029495239
87,2,9,0.811550498008728,0.1562458574771881,0.7325132901123976,0.152372047276234,0.9939501285552979
87,2,10,0.8050611615180969,0.15562230348587036,0.7324212203414776,0.1526657238789632,0.9965121746063232
87,2,11,0.512872040271759,0.20527750253677368,0.3830671192910333,0.2066662581879477,0.9974449276924133
87,2,12,0.5366585850715637,0.22643373906612396,0.5441901071033537,0.2253556015889172,0.9995361566543579
87,2,13,0.5432767271995544,0.3653963506221771,0.38698719523938657,0.36615906554747263,0.3045070469379425
87,2,14,0.5338999629020691,0.40127232670783997,0.564982988520691,0.4000327195054577,0.9389083981513977
87,2,15,0.647340714931488,0.49874019622802734,0.4742499920502139,0.49388920793548846,0.21900753676891327
87,2,16,0.5500954389572144,0.5676822066307068,0.6701773073660572,0.5479978396617234,0.8162778615951538
87,2,17,0.6815873384475708,0.5506188273429871,0.48677029898035146,0.5266099673689981,0.19743913412094116
87,2,18,0.531370222568512,0.61028653383255,0.6860087252800142,0.5875400955058412,0.7765682935714722
87,2,19,0.718450129032135,0.5546620488166809,0.5277979445714593,0.5275434623517354,0.1926664113998413
87,2,20,0.5528343915939331,0.6096981167793274,0.7085432944379597,0.5865001556641618,0.7697833180427551
87,2,21,0.6224912405014038,0.536589503288269,0.4948579775257394,0.5137856672856316,0.17385154962539673
87,2,22,0.5596011877059937,0.5953717827796936,0.6981258411279849,0.5729771995435915,0.7205660939216614
87,2,23,0.5725045204162598,0.5284003615379333,0.3718043366909278,0.5296334675747351,0.998660147190094
87,2,24,0.5086635947227478,0.5381259918212891,0.5078606722266539,0.5357016963750901,0.998611330986023
87,2,25,0.5940574407577515,0.7069346904754639,0.3858995811847829,0.7160503419392726,0.7586612701416016
87,2,26,0.4724421799182892,0.7073736190795898,0.5937519750711319,0.6946069425764814,0.9060836434364319
87,2,27,0.6976746916770935,0.9009642004966736,0.30528092812043606,0.9236291037713207,0.8492109179496765
87,2,28,0.1751689314842224,0.8992999196052551,0.5468965184734665,0.8885695795585731,0.8981935977935791
87,2,29,0.637972354888916,0.936185896396637,0.2669137120194308,0.9558633612585514,0.8645222783088684
87,2,30,0.09951288998126984,0.9311147332191467,0.4981456488373196,0.9242234263330336,0.8732771277427673
87,2,31,0.8874660730361938,0.9457231760025024,0.4458384751163359,0.9442876452315296,0.8204854130744934
87,2,32,0.2600032687187195,0.951032817363739,0.712479390857632,0.9236721825746558,0.8409262895584106
88,2,0,0.9120491743087769,0.13857416808605194,0.8017270253224741,0.1365992964134847,0.9964017271995544
88,2,1,0.8968283534049988,0.11187437921762466,0.7824509484235678,0.11152710112448573,0.9941043853759766
88,2,2,0.8889543414115906,0.11006444692611694,0.7742840550685609,0.10960993242425913,0.9939192533493042
88,2,3,0.8794647455215454,0.10801619291305542,0.7648216409380231,0.10742525402004723,0.9944085478782654
88,2,4,0.8921737670898438,0.1130378320813179,0.7829553037330903,0.11281087204697722,0.9953050017356873
88,2,5,0.8827024102210999,0.11223942786455154,0.7772055864829105,0.11210017281979405,0.9955580830574036
88,2,6,0.8720138669013977,0.11123619973659515,0.7703862374092975,0.11125318550790216,0.9958183169364929
88,2,7,0.7858738303184509,0.10847300291061401,0.6706689895020875,0.1069765406455345,0.9888612031936646
88,2,8,0.7816097736358643,0.11268692463636398,0.6922970287215189,0.11319225059898694,0.9954664707183838
88,2,9,0.8643547892570496,0.1567685306072235,0.7590915361217099,0.15325518410382633,0.9940159320831299
88,2,10,0.8576579689979553,0.15593990683555603,0.7576633168804228,0.15332339960880875,0.9966073036193848
88,2,11,0.5780678391456604,0.20759586989879608,0.42244727980609764,0.20685297431147964,0.9969380497932434
88,2,12,0.5574017763137817,0.22541436553001404,0.5468446248128167,0.22536740426623142,0.9995657205581665
88,2,13,0.6780357360839844,0.37002190947532654,0.4459217293719254,0.36693499667031215,0.27613595128059387
88,2,14,0.5362903475761414,0.39859089255332947,0.5592154181139188,0.39974311880318014,0.9389447569847107
88,2,15,0.8138245344161987,0.5010626912117004,0.5431035889068322,0.49533028341121915,0.2013198435306549
88,2,16,0.5390958786010742,0.5712136626243591,0.6437524664433637,0.5526637490258128,0.8231516480445862
88,2,17,0.8530325293540955,0.5409613847732544,0.5610904356799272,0.5294935943497546,0.1835390329360962
88,2,18,0.5057187080383301,0.6144487857818604,0.64961373446199,0.5929487574580901,0.7852959036827087
88,2,19,0.8854461908340454,0.5472220182418823,0.6003528822949453,0.5314980620511641,0.17945918440818787
88,2,20,0.5506242513656616,0.6137651801109314,0.6766842291109652,0.5919804962055315,0.7788377404212952
88,2,21,0.8581936955451965,0.5339664220809937,0.5685776588663107,0.5178412449325211,0.1626608967781067
88,2,22,0.565977156162262,0.5995284914970398,0.6714850458968742,0.5783139708343032,0.7298087477684021
88,2,23,0.6233721971511841,0.527208685874939,0.42268830695211,0.5291464203033084,0.9983052611351013
88,2,24,0.5955218076705933,0.5388936996459961,0.5255105823384351,0.5363428633891687,0.9984644651412964
88,2,25,0.5643041133880615,0.7125262022018433,0.4219115691036701,0.7153424532054417,0.7320640683174133
88,2,26,0.5365453362464905,0.7157055139541626,0.5822436129675072,0.6988470722412423,0.8994641304016113
88,2,27,0.22812315821647644,0.8891474604606628,0.2897507861792916,0.9166968074631756,0.836462676525116
88,2,28,0.5970860123634338,0.9026377201080322,0.5569909949336367,0.891396262750631,0.8969064354896545
88,2,29,0.12865979969501495,0.9094875454902649,0.2390385850215034,0.946536713615323,0.8602964878082275
88,2,30,0.5487707257270813,0.9372743368148804,0.508327822392244,0.9268456447013539,0.8729332089424133
88,2,31,0.27243733406066895,0.9539515972137451,0.4108431843781905,0.9462291640062965,0.8181153535842896
88,2,32,0.8358914852142334,0.9487907886505127,0.7373517039243109,0.9287207795159567,0.8435139656066895
89,2,0,0.9413014650344849,0.1416967660188675,0.8298703276920658,0.13762326291504481,0.9963791370391846
89,2,1,0.9289175868034363,0.11449309438467026,0.811989660761662,0.11212286649800786,0.9937272071838379
89,2,2,0.9212751388549805,0.11262444406747818,0.8039289727325559,0.11021544428399226,0.9935504794120789
89,2,3,0.9118499159812927,0.11049862205982208,0.7944740921539601,0.1080425891255863,0.9940060973167419
89,2,4,0.9260783791542053,0.11551433801651001,0.8118169769393794,0.11335390077171069,0.995089590549469
89,2,5,0.9180737733840942,0.11448212713003159,0.8056107426436305,0.11257861713595291,0.9954237937927246
89,2,6,0.9088377952575684,0.11315511912107468,0.7983021967457721,0.11163520671253395,0.9956156611442566
89,2,7,0.820330023765564,0.11089885234832764,0.7008546134578971,0.10776441842628297,0.9873072504997253
89,2,8,0.8222419023513794,0.1145574226975441,0.7184915244325427,0.1134664540795782,0.9953560829162598
89,2,9,0.8934222459793091,0.16005370020866394,0.786173527358598,0.15462091767396233,0.9933732151985168
89,2,10,0.8883649110794067,0.1593460738658905,0.7840109556158497,0.15453325026027587,0.9962596297264099
89,2,11,0.6049073934555054,0.21313269436359406,0.45928216913866804,0.20811447001619046,0.9969900846481323
89,2,12,0.6077207326889038,0.22468337416648865,0.5590923601671679,0.22523001510970259,0.9995980858802795
89,2,13,0.6723769903182983,0.37995538115501404,0.4916949890890885,0.36955107952312005,0.2510702908039093
89,2,14,0.5510656237602234,0.3962102234363556,0.5575781569965074,0.3990334711740692,0.9418847560882568
89,2,15,0.7405046224594116,0.5184366106987,0.5829722834268651,0.4999741715688649,0.18757687509059906
89,2,16,0.5652035474777222,0.5807622671127319,0.6279409665873504,0.5583117546128916,0.8320899605751038
89,2,17,0.7643478512763977,0.556839108467102,0.6021489094266934,0.5349901254831805,0.17277215421199799
89,2,18,0.5348356366157532,0.6254301071166992,0.626485899703667,0.5994785476655385,0.7950614094734192
89,2,19,0.7916408181190491,0.5614878535270691,0.6389805744933629,0.537526549224576,0.16959288716316223
89,2,20,0.5749020576477051,0.6246845722198486,0.6561825715465298,0.5985551030412128,0.7893330454826355
89,2,21,0.7373253703117371,0.5464374423027039,0.602632069338206,0.5235893687559195,0.15446767210960388
89,2,22,0.590828001499176,0.6099188327789307,0.6552482268557644,0.5846674028605202,0.7408075332641602
89,2,23,0.703386664390564,0.5250025987625122,0.47951083487304325,0.5283140425152528,0.9983181953430176
89,2,24,0.6259979605674744,0.5356770157814026,0.5457502544859771,0.536209126301432,0.9984673857688904
89,2,25,0.6114795804023743,0.7207291126251221,0.46018899647077344,0.7164245201451723,0.7053139805793762
89,2,26,0.5628112554550171,0.7296662926673889,0.5783385098124202,0.7050424277809082,0.9072032570838928
89,2,27,0.6687754988670349,0.9257029891014099,0.36668742413943606,0.9185061442864811,0.8294039964675903
89,2,28,0.2249409556388855,0.8857952356338501,0.4896774790802833,0.8902711270546576,0.9049510955810547
89,2,29,0.6214109063148499,0.9543737769126892,0.31666152342352494,0.9481111233071073,0.8527172803878784
89,2,30,0.1112724095582962,0.8978450298309326,0.42769126849386885,0.9210161666728883,0.8777992725372314
89,2,31,0.8716997504234314,0.9684826135635376,0.5046027116284769,0.9507015331309896,0.8206119537353516
89,2,32,0.26119986176490784,0.9717705845832825,0.6404405769361599,0.9373777277859329,0.8557152152061462
90,2,0,0.9504168033599854,0.14237290620803833,0.8541640264592264,0.1385773496398438,0.9965181946754456
90,2,1,0.9388830065727234,0.1154254823923111,0.837566991396212,0.11278625397329553,0.993849515914917
90,2,2,0.9311670660972595,0.11353684961795807,0.8295760427502901,0.11088260629282418,0.9937172532081604
90,2,3,0.9218457937240601,0.1113896444439888,0.8201481905825597,0.10871490386117895,0.9941447973251343
90,2,4,0.9355058073997498,0.11638130247592926,0.8367461304285826,0.11396200202046748,0.9952786564826965
90,2,5,0.9270861148834229,0.11521989852190018,0.8300922516699005,0.11310915429068603,0.9956408739089966
90,2,6,0.9175670742988586,0.11370362341403961,0.8223367163316501,0.11205066954710755,0.99582439661026
90,2,7,0.8304224014282227,0.11150170862674713,0.7269729673698626,0.10851512689447947,0.987576961517334
90,2,8,0.8298410177230835,0.11437135189771652,0.7409259198970626,0.11364820619952772,0.9954603910446167
90,2,9,0.9038764834403992,0.16059063374996185,0.8098922697174427,0.15582012816606655,0.9936070442199707
90,2,10,0.8981508016586304,0.1597699075937271,0.8070093700108956,0.15558518053746945,0.9964178800582886
90,2,11,0.6274692416191101,0.21466894447803497,0.4932222154180882,0.20943116967374314,0.9958295226097107
90,2,12,0.6161457300186157,0.22214561700820923,0.5705697804524297,0.22461046426781173,0.9996209144592285
90,2,13,0.6751465797424316,0.3818511962890625,0.5287316736604973,0.3720223947823228,0.22877921164035797
90,2,14,0.5726406574249268,0.39088329672813416,0.5606047028841505,0.39739614501319503,0.9448002576828003
90,2,15,0.7419794201850891,0.5225330591201782,0.6150522503088134,0.5045079661207913,0.17271298170089722
90,2,16,0.5864659547805786,0.5793300271034241,0.6196009441209914,0.5625357403764893,0.8388708829879761
90,2,17,0.763901948928833,0.5613239407539368,0.634785558123157,0.540283151717003,0.16070100665092468
90,2,18,0.5637392401695251,0.6239713430404663,0.6138608506896684,0.6044012796859844,0.8022809028625488
90,2,19,0.7895950078964233,0.5657200813293457,0.6693603147693443,0.543193670187011,0.15801963210105896
90,2,20,0.5997016429901123,0.6223766803741455,0.6448202480324116,0.603342839087034,0.7967284917831421
90,2,21,0.7663610577583313,0.5507689714431763,0.6356689578400008,0.529052525600861,0.14445772767066956
90,2,22,0.6100881099700928,0.6070054173469543,0.6461662418067475,0.5891567806126781,0.7483280301094055
90,2,23,0.6844727396965027,0.5036556124687195,0.5209149168928685,0.5233580006361868,0.9975625276565552
90,2,24,0.6325747966766357,0.5170194506645203,0.5632313712589787,0.532352828821683,0.9984155297279358
90,2,25,0.6410503387451172,0.7047306895256042,0.49669963332920414,0.7140750587688248,0.7024515271186829
90,2,26,0.5780211687088013,0.7176641821861267,0.5782747715741985,0.7075783889376582,0.9124261140823364
90,2,27,0.30794066190719604,0.8689007759094238,0.35486923747356675,0.908529095576136,0.8314388990402222
90,2,28,0.5518897771835327,0.9063526391983032,0.5021941709805045,0.8935025357187337,0.9118738174438477
90,2,29,0.1676136702299118,0.8794957399368286,0.28660137659339713,0.9343032662260733,0.8548011183738708
90,2,30,0.49511197209358215,0.9298562407493591,0.4412577045600063,0.9227921241518818,0.8850859999656677
90,2,31,0.34973832964897156,0.9515504837036133,0.47336504805037294,0.9508720477988042,0.8287656307220459
90,2,32,0.8197670578956604,0.9771994352340698,0.6766373929251549,0.9453848105517346,0.8665049076080322
91,2,0,0.9363026022911072,0.14197129011154175,0.8706996307747936,0.13925908299149514,0.9962773323059082
91,2,1,0.9231131076812744,0.1153610497713089,0.854790233570602,0.11330343563018376,0.9930437207221985
91,2,2,0.9158315062522888,0.11343486607074738,0.8469424465066699,0.11139526096737379,0.9930068254470825
91,2,3,0.9070920944213867,0.11120150983333588,0.8376535409328646,0.10921437018958532,0.9933267831802368
91,2,4,0.9202353954315186,0.11625538021326065,0.853554277625597,0.11442265360272114,0.9948683977127075
91,2,5,0.9123966097831726,0.11499767750501633,0.8466612938365448,0.11348848174527189,0.9953559637069702
91,2,6,0.9036535620689392,0.11333045363426208,0.8387064971076508,0.11230772168962708,0.9955540895462036
91,2,7,0.8141621947288513,0.110580675303936,0.7445278289545851,0.10893001356280402,0.9865239262580872
91,2,8,0.8184818029403687,0.11346261203289032,0.7565369192067132,0.11361092966905484,0.9951545000076294
91,2,9,0.894300103187561,0.15976081788539886,0.8268857736306693,0.1566116979985304,0.993262529373169
91,2,10,0.8875061273574829,0.1589997559785843,0.8232136832604292,0.15627105918895876,0.9963549375534058
91,2,11,0.6230491399765015,0.21463926136493683,0.5193932090647911,0.21047736084639268,0.9941283464431763
91,2,12,0.6034998297691345,0.2234135866165161,0.5771898428400132,0.2243700649343396,0.999634325504303
91,2,13,0.6375378370285034,0.3848247826099396,0.5506526029274017,0.37459466167961797,0.20838212966918945
91,2,14,0.5761220455169678,0.39556339383125305,0.5637226847315948,0.3970280204793978,0.9472914934158325
91,2,15,0.7037926316261292,0.5340445041656494,0.6329206066202575,0.510445263060802,0.15840066969394684
91,2,16,0.6115105152130127,0.5825664401054382,0.6179756039038309,0.5665611445596254,0.8458396792411804
91,2,17,0.7156198024749756,0.5837047696113586,0.6510584485772416,0.5490149641258815,0.1486416608095169
91,2,18,0.5987493991851807,0.625537097454071,0.6108243949493634,0.6086489026843569,0.8094626069068909
91,2,19,0.7468814253807068,0.5744158029556274,0.6849647571312264,0.5494700965911787,0.1462954878807068
91,2,20,0.6321344375610352,0.6252374053001404,0.6422713723851178,0.6077430401050654,0.8042663931846619
91,2,21,0.7271502017974854,0.5662709474563599,0.6540905867670967,0.5365356128230626,0.13422630727291107
91,2,22,0.6369535326957703,0.6099560260772705,0.6443153803000126,0.5933367238094102,0.7569916844367981
91,2,23,0.6787472367286682,0.5172863602638245,0.5527565968239145,0.5221383118336519,0.9969739317893982
91,2,24,0.6289651989936829,0.5236498117446899,0.5764583161867263,0.5306044122818031,0.99833744764328
91,2,25,0.640751838684082,0.707610547542572,0.5257497899305784,0.7127764346989456,0.6956652998924255
91,2,26,0.5888670086860657,0.7234607934951782,0.5804028372013663,0.7107697715993061,0.91569983959198
91,2,27,0.31210410594940186,0.8585618138313293,0.34626988071343845,0.89847915001477,0.8311777114868164
91,2,28,0.5662373900413513,0.9095194339752197,0.5150799809316784,0.8967209552180938,0.9171164631843567
91,2,29,0.20478901267051697,0.8738986849784851,0.2701321657224844,0.9221505016136681,0.8581668138504028
91,2,30,0.5183590650558472,0.9370324611663818,0.4567764329823234,0.9256534201632388,0.8909873366355896
91,2,31,0.4008678197860718,0.9181163907051086,0.45877505872609176,0.9442870678110291,0.8344305753707886
91,2,32,0.8377708196640015,0.9764003753662109,0.7091459635849133,0.9516196739873622,0.8743979334831238
92,2,0,0.8835436701774597,0.14297731220722198,0.8732802898258271,0.14000596230605633,0.9963165521621704
92,2,1,0.8725260496139526,0.11645322293043137,0.8583542531497779,0.11393612211953527,0.9928678870201111
92,2,2,0.8683627843856812,0.11451368778944016,0.8512473178753465,0.11202164763682873,0.9929245710372925
92,2,3,0.8630937933921814,0.1122569739818573,0.8427668764997236,0.109825525268998,0.9932210445404053
92,2,4,0.8612456917762756,0.11719638854265213,0.8550994334790352,0.11497979791715456,0.9948736429214478
92,2,5,0.8501154184341431,0.11582258343696594,0.8473551224694998,0.11395731364694028,0.9954210519790649
92,2,6,0.8380067348480225,0.11408127844333649,0.8385659490133122,0.11266395590821564,0.9956116080284119
92,2,7,0.763431191444397,0.11126352101564407,0.748326592120473,0.10939872609119629,0.9865673184394836
92,2,8,0.7481765747070312,0.11399797350168228,0.7548573704333434,0.11368866774313648,0.9951500296592712
92,2,9,0.8473204970359802,0.16146303713321686,0.8309924462078516,0.1575862156990728,0.9932891130447388
92,2,10,0.8311012387275696,0.1602119505405426,0.8247982495487123,0.15706266951519393,0.9964452981948853
92,2,11,0.6079297065734863,0.21863889694213867,0.5372201216009128,0.2121169700796004,0.9933545589447021
92,2,12,0.5341851711273193,0.22334758937358856,0.5685419738600085,0.22416469620764387,0.9996528029441833
92,2,13,0.6283375024795532,0.3851156234741211,0.5662899213736223,0.37670840712094916,0.19140160083770752
92,2,14,0.5014399290084839,0.3957984447479248,0.5511913594329122,0.39678105333505476,0.9506982564926147
92,2,15,0.7320120930671692,0.5287522673606873,0.6528788897544334,0.5141240923458388,0.14787843823432922
92,2,16,0.5958642363548279,0.5825714468955994,0.6135317657152998,0.5697782395309987,0.8569114208221436
92,2,17,0.7622246146202087,0.5834943652153015,0.67345636865897,0.5559468160317826,0.14062413573265076
92,2,18,0.5942406058311462,0.6254895925521851,0.607491965369298,0.6120329342466954,0.8220043778419495
92,2,19,0.7856161594390869,0.5729419589042664,0.705238155273328,0.5541874996564888,0.13866104185581207
92,2,20,0.6342328786849976,0.6252256035804749,0.6406564670057809,0.6112561155838431,0.8170213103294373
92,2,21,0.7446821331977844,0.5595475435256958,0.6723325152968368,0.5411605183471777,0.12799300253391266
92,2,22,0.6390601992607117,0.6099859476089478,0.6432597182094121,0.5966822634359098,0.7714305520057678
92,2,23,0.6684705018997192,0.5236755013465881,0.5760736696951971,0.5224470675683313,0.9962605834007263
92,2,24,0.5584466457366943,0.5302053093910217,0.5728388754337586,0.5305242521051169,0.9981669187545776
92,2,25,0.627524197101593,0.7047673463821411,0.5462497945069524,0.7111674582940529,0.6874473690986633
92,2,26,0.5678439140319824,0.7265108227729797,0.5778795012756506,0.7139327384717543,0.918724536895752
92,2,27,0.3286397457122803,0.8609172105789185,0.3427272288275866,0.8909269223014598,0.8205481767654419
92,2,28,0.46820011734962463,0.9194149971008301,0.5056516524680336,0.9012819280864894,0.9209798574447632
92,2,29,0.22329960763454437,0.8890643119812012,0.26071372754998756,0.9154990024528555,0.8530252575874329
92,2,30,0.4151386022567749,0.9419896006584167,0.44840354744130984,0.9289360250996135,0.894383430480957
92,2,31,0.38818731904029846,0.9129994511604309,0.44456997938850396,0.9379974706912382,0.8346439003944397
92,2,32,0.769768476486206,0.9734905958175659,0.7213423343082074,0.9560151197649799,0.8809852004051208
93,2,0,0.8568068742752075,0.14506155252456665,0.8699701170201185,0.14102151496198415,0.9963030219078064
93,2,1,0.8467575311660767,0.11842396855354309,0.8560243247391481,0.1148376136261362,0.9926223754882812
93,2,2,0.8430784344673157,0.11652883887290955,0.8496062438087606,0.11292702550084892,0.9927428960800171
93,2,3,0.8380814790725708,0.11434361338615417,0.8418257036250475,0.11073309230956012,0.9929852485656738
93,2,4,0.8344613909721375,0.11915893107652664,0.8509519339068038,0.11581926968547959,0.99473637342453
93,2,5,0.8230640292167664,0.11780989170074463,0.8424729896376403,0.1147311824662213,0.9953763484954834
93,2,6,0.8106009364128113,0.11611924320459366,0.8329448339763956,0.11335801303583909,0.9955676794052124
93,2,7,0.7309950590133667,0.11382143944501877,0.7448439069953218,0.11028713242146776,0.9865463972091675
93,2,8,0.7109695672988892,0.11663514375686646,0.7460317407411713,0.11428051243236106,0.9951966404914856
93,2,9,0.8173834085464478,0.16446766257286072,0.8282580611918559,0.15896861216342428,0.9934142231941223
93,2,10,0.8014763593673706,0.16300666332244873,0.8201110364044498,0.15825671196111343,0.9965718388557434
93,2,11,0.6074715256690979,0.22844500839710236,0.5513580461446416,0.21539793838505722,0.9929148554801941
93,2,12,0.4904237687587738,0.22649087011814117,0.5528176125515326,0.22463193560672937,0.9996721744537354
93,2,13,0.6152215600013733,0.3914839029312134,0.5761314803338445,0.3796772771074365,0.175734743475914
93,2,14,0.45994359254837036,0.4042542576789856,0.5328173645190464,0.3982823513532737,0.9545895457267761
93,2,15,0.7325584292411804,0.5258404016494751,0.6689185839865065,0.516478072581521,0.13822802901268005
93,2,16,0.60387122631073,0.5825377106666565,0.6115909181259688,0.5723418814624607,0.867760956287384
93,2,17,0.7667116522789001,0.5721181631088257,0.6922360907782243,0.5591962870771269,0.13302433490753174
93,2,18,0.6084150671958923,0.6254796385765076,0.6076773718414344,0.6147347079677473,0.8338378071784973
93,2,19,0.767690896987915,0.5646323561668396,0.7178040100672356,0.5562859518582145,0.13143016397953033
93,2,20,0.6631485819816589,0.6251453161239624,0.6451767859517071,0.6140468324365794,0.8290501832962036
93,2,21,0.7636146545410156,0.5577144622802734,0.6907137890491227,0.5444869035881873,0.12208631634712219
93,2,22,0.6699988842010498,0.6099837422370911,0.6486342343681578,0.599354846848575,0.7854542136192322
93,2,23,0.6180898547172546,0.5269483923912048,0.5845227163453356,0.5233512668018007,0.9956558346748352
93,2,24,0.5033095479011536,0.5332739353179932,0.5588467707761848,0.5310765648773816,0.9979997277259827
93,2,25,0.6595006585121155,0.7047426700592041,0.5690687337289736,0.7098768154058507,0.6710972189903259
93,2,26,0.4880942404270172,0.7314871549606323,0.5598007824730665,0.7174602579677286,0.9228184223175049
93,2,27,0.3644217848777771,0.8710780739784241,0.3470872942290726,0.8869380824835549,0.8065539598464966
93,2,28,0.3895629942417145,0.9315175414085388,0.48225907751589164,0.9073598672064868,0.9240623116493225
93,2,29,0.2828313410282135,0.9128943085670471,0.2651588487432715,0.9149758143240265,0.8434164524078369
93,2,30,0.3092198669910431,0.94571453332901,0.4203389546363139,0.9323075537530416,0.8951627016067505
93,2,31,0.5458256006240845,0.9288337230682373,0.46496535524912463,0.9361564703369049,0.8319679498672485
93,2,32,0.6403638124465942,0.9723642468452454,0.7050406197087887,0.9593003293671228,0.8859468698501587
94,2,0,0.8311859369277954,0.15196384489536285,0.8621719226656014,0.14321994258976148,0.9964883923530579
94,2,1,0.8235858082771301,0.12723033130168915,0.8495031935037705,0.11732754056245284,0.9928425550460815
94,2,2,0.8208370804786682,0.12529265880584717,0.843823360341301,0.11541150879210856,0.9929743409156799
94,2,3,0.8168526887893677,0.1231321170926094,0.8368064181501269,0.11322428689406605,0.9931851625442505
94,2,4,0.8091780543327332,0.1275353729724884,0.8425519060461034,0.11817320751834577,0.9949058294296265
94,2,5,0.7953424453735352,0.12583385407924652,0.8329943997109521,0.11696183441192742,0.99554842710495
94,2,6,0.7796569466590881,0.12388112396001816,0.8222260659211938,0.11547219029529296,0.9957398176193237
94,2,7,0.7067371606826782,0.12075749039649963,0.7371820707456491,0.11239070806652506,0.9870461821556091
94,2,8,0.6769899129867554,0.12276684492826462,0.7321379491139605,0.11598538707889912,0.995425283908844
94,2,9,0.7922201156616211,0.17093993723392487,0.8210125983084519,0.16137384510169742,0.993813693523407
94,2,10,0.7730492949485779,0.16947534680366516,0.8106462978332493,0.16051066960371022,0.9968143701553345
94,2,11,0.582658052444458,0.23126696050167084,0.5576502106250918,0.21858663066781697,0.9930057525634766
94,2,12,0.4442594051361084,0.23610633611679077,0.530947368917878,0.2269372961032392,0.9996926188468933
94,2,13,0.5726476311683655,0.3945949971675873,0.5754316972918575,0.3826747365313813,0.16339507699012756
94,2,14,0.4291359484195709,0.41708725690841675,0.511932406882642,0.4020612859131744,0.958461582660675
94,2,15,0.6726173758506775,0.5250736474990845,0.6696615729608356,0.5182048995853956,0.131583109498024
94,2,16,0.6325920224189758,0.5820421576499939,0.6158114233477391,0.5742907002864537,0.8778892159461975
94,2,17,0.7635501623153687,0.5763034820556641,0.7065884246657508,0.5626338972914406,0.12796323001384735
94,2,18,0.6450707316398621,0.6245819330215454,0.6151955963785047,0.6167130576602666,0.8449257612228394
94,2,19,0.7623132467269897,0.5689747333526611,0.7267549860185196,0.5588353861690888,0.12698538601398468
94,2,20,0.6948819756507874,0.6214275360107422,0.6551738597692511,0.6155295447484791,0.8405106067657471
94,2,21,0.7245773673057556,0.5580194592475891,0.6975218389779344,0.5472059336714393,0.1187574565410614
94,2,22,0.697743833065033,0.6064425706863403,0.6585113716746067,0.6007786905837059,0.7988178730010986
94,2,23,0.5636836886405945,0.5365208983421326,0.580334855358173,0.5259973476924807,0.9957382082939148
94,2,24,0.438509464263916,0.5399852991104126,0.5345955767733709,0.532866319721735,0.998046875
94,2,25,0.6640452742576599,0.7146440148353577,0.58819577733465,0.7108344291264982,0.6841968297958374
94,2,26,0.442080020904541,0.7375216484069824,0.5360785579281904,0.721491831844772,0.9293228983879089
94,2,27,0.482066810131073,0.8910712003707886,0.37430087751231833,0.887768309385914,0.8145681023597717
94,2,28,0.35354307293891907,0.9400386810302734,0.456312885682084,0.9139293875752137,0.9301409125328064
94,2,29,0.4090319871902466,0.9271054267883301,0.2941725948771177,0.917412858172047,0.8464933633804321
94,2,30,0.28918468952178955,0.9587132930755615,0.3938993438705593,0.9376150438787945,0.8995758891105652
94,2,31,0.718612551689148,0.9428751468658447,0.5162734909441603,0.9375061618234353,0.8425623774528503
94,2,32,0.6303201913833618,0.9727237820625305,0.6900013941002399,0.9619974293930598,0.8950455784797668
95,2,0,0.7878138422966003,0.15699121356010437,0.8472060831263224,0.1459869536113624,0.9966630935668945
95,2,1,0.7800897359848022,0.1347200870513916,0.8355344843924425,0.12082251644572262,0.9931235909461975
95,2,2,0.7766625285148621,0.13326585292816162,0.8303088220667173,0.11899932791685923,0.9932560324668884
95,2,3,0.7721285820007324,0.13150399923324585,0.823792430691489,0.11689762734040232,0.9934505820274353
95,2,4,0.765605628490448,0.13422416150569916,0.8270640225845787,0.12139847326532274,0.9951087236404419
95,2,5,0.7520513534545898,0.13233548402786255,0.816700211023495,0.12005094442109795,0.9957445859909058
95,2,6,0.7377556562423706,0.13017722964286804,0.8052201186258705,0.11842689738272356,0.9959410429000854
95,2,7,0.6644505858421326,0.1280728578567505,0.7225442834899186,0.11554183393701649,0.9875670671463013
95,2,8,0.6325892210006714,0.12779346108436584,0.71208788999687,0.118357809304,0.9956427812576294
95,2,9,0.7433385252952576,0.17575696110725403,0.8053779038760862,0.1642638415773414,0.9940860271453857
95,2,10,0.7258139848709106,0.17402611672878265,0.7935673177197891,0.16322625938360577,0.9969962239265442
95,2,11,0.5297020673751831,0.22945430874824524,0.5520325124927444,0.22077005550692877,0.9931064248085022
95,2,12,0.38930484652519226,0.2348817139863968,0.5023854931153872,0.22853327773039972,0.9997132420539856
95,2,13,0.5085269808769226,0.3915412425994873,0.561968915427254,0.38445600591097734,0.1514342874288559
95,2,14,0.38379237055778503,0.41428545117378235,0.4861029769568433,0.4045173360341625,0.9616578817367554
95,2,15,0.5906949043273926,0.5165157318115234,0.653766311232529,0.5178656165395364,0.12369413673877716
95,2,16,0.6092572808265686,0.5694630146026611,0.6144947840076621,0.5733209349812338,0.8864138126373291
95,2,17,0.6351316571235657,0.5715991258621216,0.6922079075395794,0.5644350058160615,0.12156559526920319
95,2,18,0.6356709003448486,0.6102885007858276,0.6193103696230557,0.6154224617673969,0.8543483018875122
95,2,19,0.6382287740707397,0.5629391074180603,0.708930727948679,0.5596597084310604,0.12079860270023346
95,2,20,0.682608425617218,0.6060648560523987,0.6606882675620228,0.6136280702652409,0.8502292633056641
95,2,21,0.630399763584137,0.5471545457839966,0.684015261166411,0.5471956124742349,0.11352530121803284
95,2,22,0.6798534989356995,0.5912877917289734,0.6628004588967754,0.5988719489665018,0.8098046779632568
95,2,23,0.47248274087905884,0.5327944755554199,0.5586076556479264,0.5273628022229037,0.9957031011581421
95,2,24,0.3948630690574646,0.536334753036499,0.5064203996189293,0.5335630177034382,0.9980189800262451
95,2,25,0.5752564668655396,0.7073818445205688,0.5855960239396171,0.7101409149355652,0.6766800880432129
95,2,26,0.49152523279190063,0.7205720543861389,0.5271188526970776,0.7213070910528006,0.9326329231262207
95,2,27,0.5259606838226318,0.8926692605018616,0.4048916504224174,0.8887527937156462,0.8054942488670349
95,2,28,0.4112359583377838,0.9303361773490906,0.4472476580911946,0.9172261886979731,0.9303730726242065
95,2,29,0.416464239358902,0.9304214715957642,0.31881933092759834,0.9200265732059204,0.8353574872016907
95,2,30,0.3437921404838562,0.9537540078163147,0.38382104004723894,0.9408580026493085,0.8939446806907654
95,2,31,0.7793794870376587,0.9404398798942566,0.5695092590489857,0.9380954435948804,0.8387013673782349
95,2,32,0.6587510108947754,0.9610139727592468,0.6837192003381362,0.9617998980887866,0.8960760831832886
96,2,0,0.7578039765357971,0.15825848281383514,0.8292047666994109,0.14845252325666425,0.9968885779380798
96,2,1,0.7547720670700073,0.1347646415233612,0.8192767280147053,0.12362387009624633,0.9935168027877808
96,2,2,0.7542709708213806,0.13321858644485474,0.8150041639524844,0.12185638747721687,0.9936197996139526
96,2,3,0.752884566783905,0.13140152394771576,0.8095223719907003,0.11981190219862616,0.9938133358955383
96,2,4,0.7336055040359497,0.13438788056373596,0.8082437988380189,0.12400833006878956,0.995371401309967
96,2,5,0.7168983817100525,0.132603257894516,0.7965990280331159,0.12257294852489403,0.9959874153137207
96,2,6,0.699124813079834,0.13056740164756775,0.7838475910753698,0.12086613278417833,0.9962063431739807
96,2,7,0.6378194689750671,0.12818491458892822,0.7054869889180813,0.11808208139517905,0.988298237323761
96,2,8,0.5941863656044006,0.1286460906267166,0.688329168812218,0.12042479383136212,0.9959484934806824
96,2,9,0.7196629643440247,0.1765463948249817,0.7881207837289853,0.16673162694476337,0.9945261478424072
96,2,10,0.6955555081367493,0.17490756511688232,0.7738276453299344,0.16557320369349884,0.9972406625747681
96,2,11,0.4905587136745453,0.23096294701099396,0.5396643667060602,0.2228178702033969,0.9934312105178833
96,2,12,0.35579803586006165,0.23700620234012604,0.4728223281915847,0.2302354581746409,0.9997371435165405
96,2,13,0.4549964964389801,0.39011529088020325,0.5404193572634397,0.3855928464026199,0.13996894657611847
96,2,14,0.35520029067993164,0.4176751971244812,0.45971459556155353,0.40716105141863745,0.9643683433532715
96,2,15,0.5488156676292419,0.5086390972137451,0.6326252635659728,0.5160120028838019,0.11544914543628693
96,2,16,0.6014366745948792,0.5642630457878113,0.6118711083976337,0.5715012078253333,0.8928831815719604
96,2,17,0.610235333442688,0.5621164441108704,0.6757061742788791,0.5639692957537726,0.11460446566343307
96,2,18,0.636791467666626,0.6042759418487549,0.6228231289532467,0.6131829981366274,0.8609340786933899
96,2,19,0.5969017148017883,0.5420396327972412,0.686359375603098,0.5561189902621443,0.11392915993928909
96,2,20,0.6888507008552551,0.596934974193573,0.6663491013577673,0.6102737136637999,0.8571863770484924
96,2,21,0.5932992100715637,0.5330789685249329,0.665748876929571,0.5443591806745727,0.10755307227373123
96,2,22,0.6799758672714233,0.5819007754325867,0.6662517681948568,0.5954616880133488,0.81887286901474
96,2,23,0.4059729278087616,0.5373290181159973,0.5278201954097023,0.5293650634775264,0.9956878423690796
96,2,24,0.38488417863845825,0.5400001406669617,0.48192664491089904,0.5348561388615249,0.998064398765564
96,2,25,0.3169708847999573,0.7153715491294861,0.5312372636033285,0.7111916350456575,0.6824646592140198
96,2,26,0.6242853999137878,0.7160349488258362,0.5466877823625655,0.7202480317961307,0.9366042613983154
96,2,27,0.1473008245229721,0.9181392788887024,0.35278206693376,0.8946598976576833,0.8096566796302795
96,2,28,0.7534524202346802,0.932911217212677,0.5092755820741462,0.920377894247141,0.9324877858161926
96,2,29,0.08918854594230652,0.949209988117218,0.2724018936247159,0.9258928230112441,0.8372372984886169
96,2,30,0.7029539942741394,0.9608690738677979,0.4484908056024566,0.9448794586191435,0.8948822021484375
96,2,31,0.45448145270347595,0.9488179087638855,0.5463322620522046,0.9402496845280264,0.8382424712181091
96,2,32,1.0370560884475708,0.9550215601921082,0.7553882168905264,0.9604382193780295,0.898584246635437
97,2,0,0.7030124068260193,0.1564795821905136,0.8037694541600584,0.15006511076036774,0.9970858693122864
97,2,1,0.6931877136230469,0.13341136276721954,0.7938623341099821,0.1255902153035021,0.9938796162605286
97,2,2,0.6915178298950195,0.13204389810562134,0.7901161797477815,0.12390312083500733,0.993956446647644
97,2,3,0.6890047788619995,0.1304623782634735,0.7852347412830003,0.12195167597043732,0.994141697883606
97,2,4,0.6737992763519287,0.13277225196361542,0.7811389267516482,0.12576898531781178,0.9956128001213074
97,2,5,0.6602576375007629,0.13114163279533386,0.7691102656837793,0.1242943714572848,0.9962025880813599
97,2,6,0.6450027823448181,0.12926147878170013,0.7558521255383243,0.12255272435784448,0.9964415431022644
97,2,7,0.5866368412971497,0.12784184515476227,0.6815364953821784,0.12004285418642963,0.9888842105865479
97,2,8,0.5426731705665588,0.12848295271396637,0.6589547247348772,0.12204363049006102,0.9962201714515686
97,2,9,0.6641591191291809,0.1761510819196701,0.7631366450230591,0.16862401237973665,0.994881272315979
97,2,10,0.6424055099487305,0.17392085492610931,0.7473343231349007,0.16725021134215903,0.997446596622467
97,2,11,0.4420835077762604,0.2248467057943344,0.520011808250248,0.22322538233458233,0.9937213063240051
97,2,12,0.32578015327453613,0.2365955263376236,0.4431670154075073,0.23151309747089283,0.9997581243515015
97,2,13,0.4050505459308624,0.3867702782154083,0.5131276020095041,0.38582933982421036,0.12887606024742126
97,2,14,0.3168374300003052,0.41750338673591614,0.4309026317792646,0.4092388990204956,0.9666078686714172
97,2,15,0.4585771858692169,0.5073561668395996,0.5974975113768686,0.5142730676201421,0.10766530781984329
97,2,16,0.5636311769485474,0.5583516359329224,0.6021690292483091,0.5688591592172542,0.8974452614784241
97,2,17,0.49684879183769226,0.5598924160003662,0.6396030333394215,0.5631503665540557,0.10820603370666504
97,2,18,0.6032713651657104,0.5940003395080566,0.6188940103423878,0.6093281123168877,0.8653318285942078
97,2,19,0.5121378302574158,0.5463319420814514,0.6511964526711806,0.554152735103365,0.10756971687078476
97,2,20,0.6484887003898621,0.5875740051269531,0.6627600517508452,0.6057116023591606,0.8618814945220947
97,2,21,0.4942179322242737,0.5301478505134583,0.6311315981880496,0.5415037158372972,0.10201510041952133
97,2,22,0.6354051828384399,0.5752389430999756,0.6600508892471338,0.5913976709754742,0.8255385160446167
97,2,23,0.3546759784221649,0.5375911593437195,0.4928756453876786,0.5310176454332941,0.9956945776939392
97,2,24,0.3890554904937744,0.5404808521270752,0.4632248623456851,0.5359860333655361,0.9981248378753662
97,2,25,0.2551739513874054,0.7173552513122559,0.4753610352376563,0.7124298033154106,0.6844547986984253
97,2,26,0.6084564924240112,0.7204538583755493,0.5591154436890352,0.720289372029036,0.9395052194595337
97,2,27,0.04429832473397255,0.9180925488471985,0.29028798368388714,0.8993694100594913,0.8136786818504333
97,2,28,0.7890746593475342,0.933102548122406,0.5659139536548172,0.9229345378866857,0.9343582987785339
97,2,29,-0.0019352715462446213,0.953552782535553,0.21687798610119197,0.9314526020095942,0.8402388691902161
97,2,30,0.7403099536895752,0.9616244435310364,0.507581981145979,0.948244248450328,0.8967064619064331
97,2,31,0.32370996475219727,0.9492850303649902,0.5013408047589267,0.9420648819005023,0.8374157547950745
97,2,32,0.9878699779510498,0.96000075340271,0.8023867739969865,0.9603503538737116,0.9005682468414307
98,2,0,0.6683734059333801,0.15349151194095612,0.7764719593002724,0.15075336506769052,0.9972424507141113
98,2,1,0.663006603717804,0.13042521476745605,0.7674835807760498,0.12656145035257488,0.9941907525062561
98,2,2,0.6655664443969727,0.12902989983558655,0.765013060262543,0.12493297581404707,0.9941901564598083
98,2,3,0.6671162247657776,0.12744095921516418,0.7614321252998318,0.12305436115538636,0.9942737817764282
98,2,4,0.6360318064689636,0.1299380511045456,0.7518756109804082,0.12660643464279972,0.9958727955818176
98,2,5,0.617042601108551,0.12836717069149017,0.7384372645531521,0.12511248129333744,0.9964209794998169
98,2,6,0.5980510711669922,0.12657110393047333,0.7240175545502275,0.1233599015891851,0.996651828289032
98,2,7,0.5793336033821106,0.1255045384168625,0.6609502647535536,0.12113999441424035,0.9887071251869202
98,2,8,0.5108073353767395,0.1264093518257141,0.6290756776486872,0.12292058725838363,0.9964795708656311
98,2,9,0.6441327333450317,0.17258833348751068,0.7391549909266102,0.16942032961940343,0.9948506951332092
98,2,10,0.6151101589202881,0.17056460678577423,0.7206786535078299,0.16791596518832852,0.9975295662879944
98,2,11,0.4396835267543793,0.2207091748714447,0.5038416456054987,0.22271996979766878,0.9937711358070374
98,2,12,0.30814340710639954,0.23435981571674347,0.4159446826526391,0.23208490270308516,0.9997742176055908
98,2,13,0.40361639857292175,0.3807167708873749,0.4910648652112212,0.3848023399010324,0.1198887825012207
98,2,14,0.29017114639282227,0.4119628369808197,0.40252500997379714,0.4097860401698049,0.9692943692207336
98,2,15,0.4514318108558655,0.4997529089450836,0.5680402058045358,0.5113555245241006,0.10427389293909073
98,2,16,0.5354797840118408,0.5482628345489502,0.5887494673770078,0.5647200229565039,0.9043079018592834
98,2,17,0.4653395414352417,0.5442861318588257,0.6044314456295288,0.5593595044760327,0.1061692163348198
98,2,18,0.5782434344291687,0.5836543440818787,0.6107200485682099,0.6041678534297803,0.872591495513916
98,2,19,0.4926544427871704,0.5383623838424683,0.6192119012844506,0.5509798586298396,0.10596244037151337
98,2,20,0.6205373406410217,0.5780822038650513,0.6542695980830555,0.6001579696868581,0.8695639967918396
98,2,21,0.4856950640678406,0.5222569704055786,0.6018017076030727,0.5376359443149016,0.10114628821611404
98,2,22,0.6080213189125061,0.5665045976638794,0.649585529137229,0.5863944360434111,0.8347972631454468
98,2,23,0.38856151700019836,0.5292770862579346,0.47186292568949634,0.5306680394023828,0.9957489371299744
98,2,24,0.35475656390190125,0.5326539278030396,0.44137269449918914,0.535316721852134,0.9981161952018738
98,2,25,0.48663708567619324,0.7320581078529358,0.4776264990989929,0.7163742948945133,0.6879453063011169
98,2,26,0.39125779271125793,0.7262128591537476,0.5252426767570734,0.7214792944319361,0.9392566680908203
98,2,27,0.794037401676178,0.9388463497161865,0.3928906367666605,0.9073070887421575,0.8112194538116455
98,2,28,0.2593511939048767,0.9195076823234558,0.5038132086697883,0.9222461925352555,0.9325166940689087
98,2,29,0.746940016746521,0.9694119691848755,0.3249183389375897,0.9390848153169917,0.8323096632957458
98,2,30,0.19187504053115845,0.9472720623016357,0.44361268194130865,0.9480489808883785,0.8842983245849609
98,2,31,0.8840070962905884,0.9633662700653076,0.5790236099817969,0.9463457961419685,0.8330168128013611
98,2,32,0.3372823894023895,0.9463544487953186,0.7077563538811167,0.9575381909120014,0.8976391553878784
99,2,0,0.6750789284706116,0.14610570669174194,0.7560492552044453,0.14981976738625113,0.9975041151046753
99,2,1,0.6712225079536438,0.12416224181652069,0.7480973559110649,0.12607954013758643,0.9947324991226196
99,2,2,0.6733812093734741,0.12363725155591965,0.7465615231835828,0.12467272190454505,0.9947087168693542
99,2,3,0.6739302277565002,0.12308236211538315,0.7438142648751815,0.12305998511508398,0.9947766661643982
99,2,4,0.6425805687904358,0.12275693565607071,0.729856390066767,0.12583318444781033,0.9962643980979919
99,2,5,0.6223610639572144,0.1214604526758194,0.7150474216238054,0.12437890110445785,0.9967578649520874
99,2,6,0.600346028804779,0.12039115279912949,0.6990919141668193,0.12276358273606515,0.9969722032546997
99,2,7,0.576080322265625,0.123332180082798,0.6438635909618929,0.12158031906945453,0.9895592927932739
99,2,8,0.515848696231842,0.12238380312919617,0.6062617492114173,0.12281277327335671,0.9968147873878479
99,2,9,0.6527366042137146,0.16564218699932098,0.7217558001689773,0.1686614143255999,0.9952967762947083
99,2,10,0.6224567890167236,0.16371558606624603,0.7008964309010213,0.16707222525855572,0.9977576732635498
99,2,11,0.4396063983440399,0.21644748747348785,0.4909168321256498,0.22145992835029535,0.9940922856330872
99,2,12,0.33906808495521545,0.2293187528848648,0.4004706318679226,0.23152928211531384,0.999795138835907
99,2,13,0.41298019886016846,0.3749845027923584,0.4753472831206362,0.38282989697807857,0.11001269519329071
99,2,14,0.3266848921775818,0.40319201350212097,0.387260029143009,0.40846139366493556,0.9713507890701294
99,2,15,0.471448689699173,0.4996052086353302,0.5485872830465989,0.5089947108296449,0.09871070086956024
99,2,16,0.5326084494590759,0.5401118993759155,0.5774558120237295,0.5597740991047458,0.9096750617027283
99,2,17,0.48889246582984924,0.5403221845626831,0.5811502959213718,0.5555338410133016,0.10189487040042877
99,2,18,0.5681689381599426,0.5774507522583008,0.602163477785271,0.598797733588108,0.8787261247634888
99,2,19,0.5149610042572021,0.5391314625740051,0.5982119201080593,0.548599332725764,0.10169032216072083
99,2,20,0.6099992394447327,0.5728010535240173,0.6453668799735222,0.5946591484752197,0.8760284781455994
99,2,21,0.5038011074066162,0.5219981074333191,0.5820642347588371,0.5344937268487652,0.09759147465229034
99,2,22,0.5976669788360596,0.5607337355613708,0.6391425328694021,0.5812368047930463,0.8433445692062378
99,2,23,0.3975397050380707,0.5199843645095825,0.45690402022363436,0.5285215939486108,0.9959173798561096
99,2,24,0.3886333405971527,0.5222658514976501,0.4307643096630395,0.5326945114373266,0.998252809047699
99,2,25,0.2904455363750458,0.7148815989494324,0.43983361954998135,0.7160744763882252,0.6873170733451843
99,2,26,0.6160616874694824,0.7204912304878235,0.5435299673935328,0.7212808376379931,0.9429627060890198
99,2,27,0.07739996910095215,0.8929272294044495,0.32896634846577677,0.9044177475612293,0.8188537955284119
99,2,28,0.8108489513397217,0.9378936290740967,0.5660115256437095,0.9253903407597948,0.9372678995132446
99,2,29,-0.00434574531391263,0.9444193243980408,0.25817825487614043,0.9401564048957991,0.838792085647583
99,2,30,0.7815298438072205,0.9673544764518738,0.512125409293379,0.9519285664420931,0.8921203017234802
99,2,31,0.30195990204811096,0.945855975151062,0.5229453163270911,0.9462474149113674,0.8380079865455627
99,2,32,0.9231126308441162,0.957466721534729,0.75127073742869,0.9575238363576912,0.9041405916213989
100,2,0,0.6743839979171753,0.13490130007266998,0.7396092083789588,0.14682215813124558,0.9977462887763977
100,2,1,0.6697686910629272,0.11466877907514572,0.7323304815814858,0.12378696989170757,0.9952346086502075
100,2,2,0.6700303554534912,0.11474168300628662,0.7311572525780243,0.12267752997750578,0.9951995015144348
100,2,3,0.6668059229850769,0.11499302089214325,0.7283137487988623,0.12143937929411186,0.995256245136261
100,2,4,0.6441843509674072,0.11268336325883865,0.7126077864320391,0.12319108539407363,0.9966258406639099
100,2,5,0.6249438524246216,0.11166202276945114,0.6969043405565951,0.1218238211921307,0.9970701932907104
100,2,6,0.6028070449829102,0.1107763797044754,0.6797008089316972,0.12035515878636203,0.9972665905952454
100,2,7,0.6059122681617737,0.11900336295366287,0.6362329695074971,0.12106270349413087,0.9904435873031616
100,2,8,0.5196596384048462,0.11476743966341019,0.588825405714404,0.12119651384172415,0.9971226453781128
100,2,9,0.6471723914146423,0.15566737949848175,0.7067443928136615,0.16605062773035517,0.9957349896430969
100,2,10,0.6231324672698975,0.1539088934659958,0.6852434569049556,0.16442741059672,0.9979727864265442
100,2,11,0.503612756729126,0.21482650935649872,0.4934677015688241,0.22012736696571225,0.9943907260894775
100,2,12,0.3500528931617737,0.22430267930030823,0.3903298650537789,0.23007753416640347,0.9998144507408142
100,2,13,0.4521404206752777,0.3725888729095459,0.4706831731051224,0.3807724095969681,0.10253860056400299
100,2,14,0.33778300881385803,0.3977211117744446,0.3773087361942875,0.40630357199986195,0.9730484485626221
100,2,15,0.5362342000007629,0.5026490092277527,0.5461053137014731,0.5077199581583794,0.09520469605922699
100,2,16,0.5196362137794495,0.5378647446632385,0.565823937713926,0.555370926990254,0.9136590957641602
100,2,17,0.5695064067840576,0.5442299842834473,0.5788108626055816,0.5532627561506757,0.09932274371385574
100,2,18,0.5503866672515869,0.5743499398231506,0.5917490282734266,0.5938840553905775,0.8830079436302185
100,2,19,0.5788387060165405,0.5450444221496582,0.5943187035322759,0.5478852625224425,0.09919695556163788
100,2,20,0.5985202193260193,0.5701402425765991,0.6359453920647181,0.5897311676432286,0.8806592226028442
100,2,21,0.5721045732498169,0.5289694666862488,0.5800632843961666,0.5333840145762516,0.09588019549846649
100,2,22,0.5877577066421509,0.5583837032318115,0.6288070459018696,0.5766438437899154,0.8496630191802979
100,2,23,0.431959867477417,0.516072690486908,0.4518904962736582,0.5260203743410001,0.9960143566131592
100,2,24,0.4440964162349701,0.5180531144142151,0.4334430322799138,0.5297525973691627,0.998386800289154
100,2,25,0.2913665473461151,0.7056993842124939,0.4098895437845509,0.7139900460734544,0.687696635723114
100,2,26,0.6646769046783447,0.7251723408699036,0.5679448330979462,0.722062526263129,0.9465854167938232
100,2,27,0.023350732401013374,0.8673028945922852,0.2670585586975366,0.8969555111417153,0.8283085823059082
100,2,28,0.8210171461105347,0.9396206140518188,0.6175959653290055,0.9282496147578694,0.9423614740371704
100,2,29,-0.055803097784519196,0.896647036075592,0.19456132113866975,0.931406931428153,0.8473958969116211
100,2,30,0.7895193099975586,0.9681559205055237,0.5682737614803862,0.9551892945073143,0.9003151059150696
100,2,31,0.2302609533071518,0.9311996102333069,0.46367858716311855,0.9432238065323351,0.8453273773193359
100,2,32,0.9393105506896973,0.9691615104675293,0.7892371545039486,0.9598620116712209,0.911169707775116
101,2,0,0.6790497303009033,0.13012705743312836,0.7274251733015591,0.1434673975272441,0.9979693293571472
101,2,1,0.6896243095397949,0.11038119345903397,0.7237426781334172,0.12109342417569022,0.9957036972045898
101,2,2,0.6975519061088562,0.1105966717004776,0.724401265871091,0.12025028276490075,0.9956681132316589
101,2,3,0.7033159732818604,0.11097731441259384,0.7232894352728212,0.11933747039431274,0.99571692943573
101,2,4,0.6447734236717224,0.10821560770273209,0.698957314966722,0.12018201597709992,0.9969595074653625
101,2,5,0.6189916133880615,0.10706234723329544,0.6812213382312964,0.11885777002674797,0.9973595142364502
101,2,6,0.5943793058395386,0.10583534836769104,0.6625229221583947,0.11743768533081743,0.9975367784500122
101,2,7,0.67108553647995,0.11603453010320663,0.6432398905898975,0.12005265910399518,0.9913493990898132
101,2,8,0.512391984462738,0.1093139573931694,0.5734407979531706,0.11880912203912145,0.9974076747894287
101,2,9,0.6716357469558716,0.1507822722196579,0.6996858860741549,0.1629826842453977,0.9961504340171814
101,2,10,0.6235311627388,0.14897707104682922,0.6728270811894749,0.16132288430801975,0.9981723427772522
101,2,11,0.5748530030250549,0.21302133798599243,0.5098511804395154,0.2186998458591546,0.9948541522026062
101,2,12,0.3519756495952606,0.2189020961523056,0.38261811410990665,0.22783225809821248,0.9998320937156677
101,2,13,0.5352078676223755,0.3692896366119385,0.48366633533793485,0.37846536641993916,0.09944657981395721
101,2,14,0.3494315445423126,0.39376360177993774,0.37170521173538873,0.4037840489838764,0.9750752449035645
101,2,15,0.6257824301719666,0.49940356612205505,0.5621441054219739,0.5060492319807446,0.10211885720491409
101,2,16,0.5000868439674377,0.5354330539703369,0.5525963258874397,0.5513641893678904,0.9194996356964111
101,2,17,0.658646285533905,0.541448712348938,0.5948815862630044,0.5508891342889036,0.10649504512548447
101,2,18,0.5208234190940857,0.5771628618240356,0.5774753128601875,0.5905240485016473,0.8896699547767639
101,2,19,0.6639610528945923,0.5435708165168762,0.6083335778077889,0.5470186069367385,0.10702410340309143
101,2,20,0.5774455070495605,0.5750589966773987,0.6241764438755496,0.5867830669784644,0.8875787854194641
101,2,21,0.6546420454978943,0.5295080542564392,0.5950736517264531,0.532605448475807,0.10429005324840546
101,2,22,0.5744900703430176,0.5602096915245056,0.6178808922654302,0.5733415424580535,0.8583815693855286
101,2,23,0.5512503385543823,0.5101290941238403,0.4719023931674402,0.5228272076547763,0.9963533282279968
101,2,24,0.45351091027259827,0.5108622908592224,0.4374758913953746,0.5259564918285804,0.9985252618789673
101,2,25,0.40696555376052856,0.6984782218933105,0.4093022071203129,0.7108731599872097,0.7025238275527954
101,2,26,0.5720725059509277,0.7128585577011108,0.568773966957109,0.7202134438797448,0.9506059288978577
101,2,27,0.3621617257595062,0.8689713478088379,0.2862107339134593,0.8913305120137458,0.8414011597633362
101,2,28,0.4628269374370575,0.9028251767158508,0.5863764880533806,0.9231395058016728,0.9472534656524658
101,2,29,0.28283506631851196,0.8967568874359131,0.2123348081016589,0.9244407437804307,0.8576133847236633
101,2,30,0.4040296673774719,0.9236310124397278,0.5351343744285827,0.9488452401971533,0.9049136638641357
101,2,31,0.5625288486480713,0.9291588068008423,0.4835875690775901,0.9403977544605676,0.8572627902030945
101,2,32,0.3872144818305969,0.9399948716163635,0.7075820792144569,0.9558694975256936,0.9184953570365906
102,2,0,0.7158716320991516,0.1270107924938202,0.7251038960269455,0.14016058290638136,0.9981701970100403
102,2,1,0.7318304181098938,0.10707705467939377,0.7253674521252048,0.11827714713083846,0.996127188205719
102,2,2,0.7420926094055176,0.1074632853269577,0.7279563009731167,0.11768110933288498,0.9960908889770508
102,2,3,0.7506733536720276,0.10801482200622559,0.7287936702457117,0.11706260865911391,0.9961308240890503
102,2,4,0.6828561425209045,0.10449962317943573,0.6957219355693712,0.11703084125400326,0.997260570526123
102,2,5,0.6577644944190979,0.10329625755548477,0.6765069286247263,0.11573089525738994,0.9976208806037903
102,2,6,0.6304190158843994,0.10211595147848129,0.6560690351848159,0.11435901154749843,0.997780442237854
102,2,7,0.7160481214523315,0.11472393572330475,0.6578931840134192,0.11898223208580125,0.9921413660049438
102,2,8,0.5598587989807129,0.10590378195047379,0.570711812000451,0.11621616245632073,0.9976650476455688
102,2,9,0.7122194170951843,0.14797569811344147,0.7022041056971884,0.15996728095954701,0.9965187907218933
102,2,10,0.6610326766967773,0.14545322954654694,0.67045739435894,0.15813406492455975,0.998350977897644
102,2,11,0.6350370645523071,0.21577392518520355,0.5350829629639681,0.21811213037211752,0.9951586723327637
102,2,12,0.39359840750694275,0.21517038345336914,0.3848241565741737,0.2252882333254565,0.9998476505279541
102,2,13,0.6197128891944885,0.3748100697994232,0.511095416085837,0.37773112966362093,0.09369305521249771
102,2,14,0.37684381008148193,0.39374804496765137,0.37273743445827906,0.401767762991498,0.9773908853530884
102,2,15,0.6998845934867859,0.4996262192726135,0.589915993478933,0.5047589458718664,0.10474124550819397
102,2,16,0.4866068363189697,0.5408222079277039,0.5393178316083415,0.5492462194121507,0.9267705678939819
102,2,17,0.7306951880455017,0.5438160300254822,0.6222634848649301,0.5494682287067851,0.10859575867652893
102,2,18,0.49090903997421265,0.5851479768753052,0.5600462931523229,0.5894441085480288,0.898863673210144
102,2,19,0.7431579232215881,0.5446378588676453,0.6355152682880254,0.5465404049636097,0.11000436544418335
102,2,20,0.5456273555755615,0.584936261177063,0.6083651396027944,0.5864121192174999,0.8969867825508118
102,2,21,0.7333575487136841,0.5311233401298523,0.6229555297116708,0.532307756639455,0.1076197475194931
102,2,22,0.5492351055145264,0.5701531767845154,0.6040668761088072,0.5727011060649583,0.8699465990066528
102,2,23,0.6604884266853333,0.5153315663337708,0.509980001690002,0.5213214012202394,0.9966878294944763
102,2,24,0.4823872148990631,0.5175776481628418,0.4465076127702591,0.5242732162355809,0.9986519813537598
102,2,25,0.6829005479812622,0.7270717620849609,0.46467488807141244,0.7141281073301228,0.7269290089607239
102,2,26,0.46706098318099976,0.7167642712593079,0.5482867334109034,0.7195206151450526,0.9548326134681702
102,2,27,0.783838152885437,0.9167467951774597,0.387550170628557,0.8964389805891685,0.8549485802650452
102,2,28,0.11995839327573776,0.857123076915741,0.4914749945890686,0.9098556206948176,0.9515377283096313
102,2,29,0.7188754081726074,0.9471936225891113,0.315514820879764,0.9290135471120258,0.867353081703186
102,2,30,0.04200827702879906,0.8763233423233032,0.43472509474551646,0.9342496587852537,0.9043886661529541
102,2,31,0.9473392367362976,0.963474690914154,0.57794079191952,0.9450357295797609,0.8693273067474365
102,2,32,0.24122165143489838,0.9298520684242249,0.612688735027611,0.9506401141673653,0.9250162243843079
103,2,0,0.7586531043052673,0.12395058572292328,0.7318485312837035,0.1369033444695251,0.9983512759208679
103,2,1,0.771474301815033,0.10433518886566162,0.7346399096093889,0.11547582713259869,0.996508777141571
103,2,2,0.7808172702789307,0.10457269102334976,0.7385890834307296,0.1150473319339528,0.9964722990989685
103,2,3,0.7884514927864075,0.10501149296760559,0.7407959041641841,0.114641339151635,0.9965050220489502
103,2,4,0.7270709872245789,0.10247376561164856,0.7020238643956308,0.11410587680936206,0.9975317716598511
103,2,5,0.7048859000205994,0.10141392797231674,0.6822113189787719,0.11285419536187451,0.9978564381599426
103,2,6,0.6801090836524963,0.10036202520132065,0.660900676839863,0.11154663050463762,0.9980001449584961
103,2,7,0.7513184547424316,0.11209674179553986,0.6767067149772328,0.11759902327471661,0.9928619265556335
103,2,8,0.6136937737464905,0.10377469658851624,0.5793550511541463,0.1137164376452536,0.9978972673416138
103,2,9,0.7533007264137268,0.14420098066329956,0.7124814870325699,0.15679923854922695,0.9968531131744385
103,2,10,0.7100865244865417,0.1422363817691803,0.678425676585674,0.15493961094670475,0.998512864112854
103,2,11,0.6873452067375183,0.21800357103347778,0.5657953895785792,0.21809032630996314,0.9955127835273743
103,2,12,0.4284440577030182,0.20933736860752106,0.3935958390289391,0.22208308844264033,0.9998622536659241
103,2,13,0.6743130683898926,0.37709078192710876,0.5440276723134911,0.3776025143742871,0.08872637897729874
103,2,14,0.38062456250190735,0.38660863041877747,0.3743218960842489,0.39872177541873804,0.9795458316802979
103,2,15,0.7805027961730957,0.5121769905090332,0.628399819190168,0.5062491604969312,0.11190774291753769
103,2,16,0.44803372025489807,0.5374184250831604,0.5209365055324533,0.5468698334258703,0.9336503148078918
103,2,17,0.8187730312347412,0.5559810996055603,0.6619497834466669,0.5507765692977046,0.11562702804803848
103,2,18,0.4391267001628876,0.5818775296211243,0.535677253038933,0.5879240482077716,0.9078854322433472
103,2,19,0.8324859142303467,0.5614235401153564,0.6752951871193013,0.549530912094257,0.11780676245689392
103,2,20,0.4926879107952118,0.5828152298927307,0.5850560284733326,0.5856896157651329,0.9061900973320007
103,2,21,0.7993199229240417,0.5477833151817322,0.6585534148756119,0.5354173525977786,0.11619003117084503
103,2,22,0.5109684467315674,0.5683801174163818,0.5853192694773005,0.5718331358911731,0.8813638687133789
103,2,23,0.7151133418083191,0.5173205733299255,0.5514180263452758,0.5205177500211798,0.9969961643218994
103,2,24,0.536814272403717,0.5186460018157959,0.46469151588331387,0.5231428191163167,0.9987707138061523
103,2,25,0.7296225428581238,0.7311931848526001,0.5182846603147435,0.7175572478145015,0.7441577315330505
103,2,26,0.4617330729961395,0.728960394859314,0.5308602844664605,0.7214170848175409,0.958780825138092
103,2,27,0.777345597743988,0.9230123162269592,0.46669761130740955,0.9017801815993741,0.8661631941795349
103,2,28,0.12839075922966003,0.8330158591270447,0.4178064609681986,0.8943891568384568,0.9554967880249023
103,2,29,0.706102192401886,0.9525790214538574,0.39482500801757203,0.9337497721159799,0.873966634273529
103,2,30,0.027780825272202492,0.8351342678070068,0.3520572068738816,0.914287066509507,0.9049521684646606
103,2,31,0.9712606072425842,0.9664901494979858,0.6578115364638221,0.9493474173364925,0.8792797923088074
103,2,32,0.25879791378974915,0.9212166666984558,0.5409015000782134,0.9447255709863479,0.9310632944107056
104,2,0,0.7627794146537781,0.12050793319940567,0.7380663353636672,0.133608831676444,0.9985144734382629
104,2,1,0.7797601819038391,0.1021571010351181,0.7437137164290246,0.11279977824705631,0.996853232383728
104,2,2,0.7912316918373108,0.10253492742776871,0.7491778892739512,0.11253334918193199,0.9968166351318359
104,2,3,0.8013274073600769,0.10313165187835693,0.7529742200526081,0.1123288867163284,0.996842622756958
104,2,4,0.7334946990013123,0.09976305812597275,0.7083503029842122,0.11122398045198412,0.9977763295173645
104,2,5,0.7094900012016296,0.09855954349040985,0.6876943800522026,0.10998198102934807,0.9980688095092773
104,2,6,0.6854705810546875,0.09728876501321793,0.6658388903948808,0.10868181060136034,0.9981983304023743
104,2,7,0.7710466384887695,0.11107482761144638,0.6957049501024193,0.11628840731418379,0.9935217499732971
104,2,8,0.6184446215629578,0.10194084793329239,0.5872147229982029,0.11135054408218548,0.9981065988540649
104,2,9,0.7617834210395813,0.14209434390068054,0.7223974028946816,0.1538445603850238,0.9971577525138855
104,2,10,0.711911678314209,0.13975360989570618,0.685157598975168,0.15188822206278563,0.9986591339111328
104,2,11,0.7139950394630432,0.2183655947446823,0.5956850593763794,0.2181456140292245,0.9958670139312744
104,2,12,0.43766292929649353,0.20959237217903137,0.40245757154724143,0.21957346474322528,0.9998756051063538
104,2,13,0.7365188002586365,0.37103137373924255,0.5828982584212424,0.37628246608415006,0.08235820382833481
104,2,14,0.38017502427101135,0.38641276955604553,0.37549767731510386,0.3962486734664835,0.981403112411499
104,2,15,0.7803704738616943,0.49037331342697144,0.6590532978144715,0.5030590964179301,0.11307449638843536
104,2,16,0.38379403948783875,0.536098062992096,0.4932855183948068,0.5447056830834529,0.939610481262207
104,2,17,0.8133829236030579,0.5275997519493103,0.6924943869173957,0.5461185070831089,0.11808789521455765
104,2,18,0.35925042629241943,0.5803775191307068,0.5000665980444762,0.586408016598847,0.9155644774436951
104,2,19,0.8324443697929382,0.5306539535522461,0.7069977862568246,0.5457374907611457,0.12089099735021591
104,2,20,0.4069291055202484,0.5820321440696716,0.5491005407615007,0.5849549419686665,0.9141019582748413
104,2,21,0.8032906651496887,0.5191640257835388,0.6877419522886034,0.5321514039485971,0.11952049285173416
104,2,22,0.4244661331176758,0.5677885413169861,0.5528662206781226,0.571020692168262,0.8913618326187134
104,2,23,0.7268399596214294,0.5169425010681152,0.5868250604670756,0.5197995939746987,0.9972718954086304
104,2,24,0.5732843279838562,0.519605278968811,0.48656869540411046,0.5224322383254031,0.9988787770271301
104,2,25,0.6981118321418762,0.7298333644866943,0.5545853689778748,0.7200237394861885,0.7538489699363708
104,2,26,0.5982219576835632,0.7379487752914429,0.5444153407584188,0.7247389941742016,0.9622284770011902
104,2,27,0.7342984080314636,0.9210519790649414,0.5208508883077996,0.9056529911745634,0.8751025795936584
104,2,28,0.17750774323940277,0.8168882727622986,0.3692156570282867,0.8787893196132509,0.9582053422927856
104,2,29,0.6735999584197998,0.9534944891929626,0.45125718322186126,0.9377176705342078,0.8788774609565735
104,2,30,0.09389226883649826,0.8087071180343628,0.2998273893435848,0.8930185888745339,0.9044264554977417
104,2,31,0.926786482334137,0.9711199402809143,0.7122449425906789,0.9537230734877548,0.8872601389884949
104,2,32,0.24851948022842407,0.9199279546737671,0.48169189701423776,0.9397415338159093,0.935836672782898
105,2,0,0.7698813676834106,0.11957883834838867,0.7444620366304164,0.1307898158112292,0.9986621141433716
105,2,1,0.7918252348899841,0.10155069082975388,0.753389889669271,0.11053970028970377,0.9971651434898376
105,2,2,0.8057116866111755,0.10206926614046097,0.7605506381486544,0.11043103448225562,0.9971305131912231
105,2,3,0.8185195922851562,0.10270997881889343,0.7661631385094092,0.1103964200888778,0.9971523880958557
105,2,4,0.7406185865402222,0.09922703355550766,0.7148371997822875,0.10881359780392597,0.9979972839355469
105,2,5,0.7171128988265991,0.0982370600104332,0.6936079124480856,0.10762225119796512,0.9982606768608093
105,2,6,0.6926727890968323,0.09718078374862671,0.6712324840555053,0.10637109857494603,0.9983774423599243
105,2,7,0.8037706017494202,0.1106402799487114,0.7174756651802721,0.1151538086290994,0.9941494464874268
105,2,8,0.6299349665641785,0.10145440697669983,0.59580529188498,0.1093623657838142,0.9982951879501343
105,2,9,0.7750551700592041,0.14165952801704407,0.7329892694224661,0.1513963753557165,0.9974384903907776
105,2,10,0.716991662979126,0.13938848674297333,0.6915571293382415,0.14937678552303713,0.9987923502922058
105,2,11,0.7994102239608765,0.2220572531223297,0.6368371496510062,0.21893134775487424,0.9962031245231628
105,2,12,0.44291138648986816,0.20852072536945343,0.4105918722317329,0.21735284771951638,0.9998876452445984
105,2,13,0.8178912401199341,0.3723505437374115,0.6304078239016165,0.37549265758593886,0.08317694067955017
105,2,14,0.36890366673469543,0.38367143273353577,0.3741730295524011,0.39372165921346813,0.9830520749092102
105,2,15,0.8734978437423706,0.4847966730594635,0.7023836506775415,0.4993892320210902,0.12853577733039856
105,2,16,0.33373185992240906,0.5322035551071167,0.4610957316417231,0.5421937655813108,0.9450295567512512
105,2,17,0.8780757784843445,0.5243327617645264,0.7299625611658513,0.5417401921832027,0.13468021154403687
105,2,18,0.30076995491981506,0.5759201645851135,0.45981401163740415,0.5843009249966464,0.9226115345954895
105,2,19,0.8766087293624878,0.5287823677062988,0.7412263477541343,0.54233045564606,0.13806262612342834
105,2,20,0.35172101855278015,0.5775324702262878,0.5092373089325881,0.58346383762327,0.9213404655456543
105,2,21,0.866266667842865,0.5173182487487793,0.7237782855934749,0.5291709436982975,0.1365819275379181
105,2,22,0.37551149725914,0.5634654760360718,0.5170672885656655,0.5695029150876236,0.9005903005599976
105,2,23,0.7592764496803284,0.5127179026603699,0.6216297323267195,0.5183769629120053,0.9974941611289978
105,2,24,0.5767472982406616,0.5154844522476196,0.5047268175761963,0.521036512514678,0.9989768266677856
105,2,25,0.6898646950721741,0.7254754304885864,0.5818595991576254,0.7211188719764968,0.7565228939056396
105,2,26,0.6723337173461914,0.7365913987159729,0.5701997749198341,0.7271203261686824,0.9647378921508789
105,2,27,0.298215389251709,0.8364251852035522,0.4758580131986081,0.8917216573901651,0.8825080394744873
105,2,28,0.5449106693267822,0.8652666211128235,0.4046762516522305,0.876072266692866,0.9614988565444946
105,2,29,0.2052292376756668,0.8416358828544617,0.4015046527622207,0.9183677272458565,0.8850929737091064
105,2,30,0.45987939834594727,0.867654025554657,0.332116436651988,0.8879205037477159,0.9095016717910767
105,2,31,0.3746989667415619,0.9504250288009644,0.6438115785469025,0.9530606044367969,0.8941919803619385
105,2,32,0.786788284778595,0.9592995047569275,0.5434901279902982,0.943671882403915,0.9409217834472656
106,2,0,0.7622308135032654,0.11944198608398438,0.7480326466970574,0.1285098928792002,0.9987943172454834
106,2,1,0.7806755304336548,0.10145096480846405,0.7588743685279454,0.10871377395944228,0.9974439740180969
106,2,2,0.7934274077415466,0.10202045738697052,0.7671599872383849,0.10874138232430182,0.9974111318588257
106,2,3,0.8049899339675903,0.10276364535093307,0.7739699522361876,0.10886305890716175,0.9974291920661926
106,2,4,0.7345291972160339,0.098995141685009,0.7187944904149648,0.10684103019340746,0.9981946349143982
106,2,5,0.7155324816703796,0.0978545993566513,0.6980141333172202,0.10565989317601746,0.998431921005249
106,2,6,0.6902483105659485,0.0968172699213028,0.6750538158521011,0.10445170996559715,0.998537003993988
106,2,7,0.7876195907592773,0.11066034436225891,0.7315917692248965,0.11425118851679142,0.9947096109390259
106,2,8,0.6232426166534424,0.1015264242887497,0.6013202752710544,0.10778818107767467,0.9984639883041382
106,2,9,0.7655482888221741,0.14195458590984344,0.73953468044213,0.1494995016597373,0.9976909756660461
106,2,10,0.7100005745887756,0.1395433396100998,0.6952633831249024,0.14740120554642894,0.9989117980003357
106,2,11,0.8152658939361572,0.22159165143966675,0.6728541892449649,0.21946570606849336,0.9965671896934509
106,2,12,0.4221603572368622,0.20865269005298615,0.4129161370200443,0.21560500571131308,0.9998982548713684
106,2,13,0.8211871981620789,0.37126997113227844,0.6689313349595158,0.3746444361353761,0.10924262553453445
106,2,14,0.3063332438468933,0.38432908058166504,0.3605215127667346,0.39183467472073785,0.9845405220985413
106,2,15,0.9169120788574219,0.4836399257183075,0.7457312845152274,0.49622460577825656,0.17818576097488403
106,2,16,0.24360664188861847,0.5294889211654663,0.417146510405996,0.5396411039339747,0.9497796893119812
106,2,17,0.9544602036476135,0.5249465703964233,0.7753370826157694,0.5383656246999549,0.18038424849510193
106,2,18,0.20352591574192047,0.5735965371131897,0.4079683093119584,0.582150316582571,0.9287130832672119
106,2,19,0.9410240650177002,0.5281980633735657,0.7815808331577772,0.5394908570364673,0.1853683888912201
106,2,20,0.25870615243911743,0.5772175192832947,0.4585643372294675,0.5822090528293511,0.9276624917984009
106,2,21,0.9070746898651123,0.516335666179657,0.7607828579962111,0.5265920661936332,0.18290051817893982
106,2,22,0.2835175395011902,0.5632628202438354,0.46985143110732863,0.5682493807219342,0.9086116552352905
106,2,23,0.7475393414497375,0.5124444961547852,0.6470082581817009,0.5171852364231623,0.9977092146873474
106,2,24,0.552997350692749,0.5160117745399475,0.5144350515692618,0.5200271582184424,0.999062180519104
106,2,25,0.6578582525253296,0.7284751534461975,0.5971566237899727,0.7225966765028287,0.7655084729194641
106,2,26,0.645702064037323,0.7331922650337219,0.5853964760357662,0.7283400749310426,0.9672231078147888
106,2,27,0.26640012860298157,0.8318008780479431,0.43354298238670247,0.8796663942721685,0.8910885453224182
106,2,28,0.5849927663803101,0.8728185892105103,0.4410747683911935,0.8754187091422447,0.9645330905914307
106,2,29,0.16773760318756104,0.8378217816352844,0.35424670627489785,0.9021535796161564,0.8928626179695129
106,2,30,0.51539146900177,0.8746879696846008,0.3691149745143292,0.8852617716839242,0.9140712022781372
106,2,31,0.3026393949985504,0.9488350749015808,0.5746341557718846,0.9522118119483803,0.9019100666046143
106,2,32,0.8365727066993713,0.9635023474693298,0.6028367672651933,0.9476570220444019,0.9455171823501587
107,2,0,0.7756456136703491,0.12087717652320862,0.7535829676579359,0.12697654331162095,0.9989134073257446
107,2,1,0.8080117702484131,0.10245195031166077,0.768757160603168,0.1074558738804033,0.9976950883865356
107,2,2,0.8257681131362915,0.10300905257463455,0.7789507194663621,0.10758986622692804,0.997663676738739
107,2,3,0.8315863609313965,0.10372024774551392,0.7855608555065394,0.10782998300792915,0.9976781010627747
107,2,4,0.7399654984474182,0.10003234446048737,0.7230491805525879,0.10547325325132897,0.998372495174408
107,2,5,0.7150626182556152,0.09890099614858627,0.7014399316349731,0.10430212004205608,0.9985862970352173
107,2,6,0.6904596090316772,0.09787911921739578,0.6781493804529779,0.10313137021397709,0.9986809492111206
107,2,7,0.8053076863288879,0.11162269115447998,0.7464282036545893,0.11372321940770608,0.9952137470245361
107,2,8,0.6441996693611145,0.10266390442848206,0.609942898858581,0.1067588288695436,0.9986158609390259
107,2,9,0.7988541722297668,0.14332404732704163,0.7514687608250821,0.14825895477682574,0.9979181289672852
107,2,10,0.7217429876327515,0.14105761051177979,0.7005857241871851,0.14612687594366588,0.9990193843841553
107,2,11,0.8439648747444153,0.22324436902999878,0.7073870627764914,0.22022472595057418,0.9968932867050171
107,2,12,0.4130765199661255,0.21032825112342834,0.4129483498110089,0.214545019550885,0.999907910823822
107,2,13,0.8574658632278442,0.3745589852333069,0.7069992545692748,0.3746272733962034,0.13605819642543793
107,2,14,0.26707321405410767,0.38730692863464355,0.3417032617243314,0.3909251673425705,0.9858579635620117
107,2,15,0.9493520855903625,0.49255555868148804,0.786862604504692,0.49548760662828706,0.2241513580083847
107,2,16,0.15426430106163025,0.533236026763916,0.36395705592947336,0.5383544212709132,0.953965961933136
107,2,17,0.9920511245727539,0.5355497598648071,0.8191291608083564,0.5378000172528551,0.22267726063728333
107,2,18,0.10938052088022232,0.575617790222168,0.34749417118281084,0.5808380266469498,0.934068500995636
107,2,19,0.9647073745727539,0.5379179120063782,0.8185510937980399,0.5391749191812588,0.2287658452987671
107,2,20,0.1683139204978943,0.5804794430732727,0.39979244475364983,0.5818616461503091,0.9332465529441833
107,2,21,0.9239126443862915,0.5274763703346252,0.7936976987720549,0.5267696818819506,0.22582153975963593
107,2,22,0.20424304902553558,0.5667895674705505,0.41610618515598735,0.5679561671655582,0.9157810211181641
107,2,23,0.75042325258255,0.5162757635116577,0.6678396211583304,0.5170025653499585,0.9979006052017212
107,2,24,0.562856137752533,0.5204083919525146,0.5241736052242446,0.520103729312509,0.9991439580917358
107,2,25,0.662655234336853,0.7316741347312927,0.610336293721251,0.7244203366209948,0.7679758071899414
107,2,26,0.6542711853981018,0.7361714839935303,0.5992566482060787,0.7299133489048388,0.9694563150405884
107,2,27,0.3239310681819916,0.8494601249694824,0.41146030268094486,0.8735943528929075,0.8975883722305298
107,2,28,0.5481173396110535,0.8831956386566162,0.46263834757864364,0.8769810339257865,0.9671620726585388
107,2,29,0.21567167341709137,0.8573389649391174,0.326306406853608,0.8931412785316647,0.8985124826431274
107,2,30,0.5080112218856812,0.9019284248352051,0.39712021358996336,0.8886108053357928,0.9173943996429443
107,2,31,0.3573315441608429,0.9549021124839783,0.5307232699601948,0.9527521960466515,0.9078493118286133
107,2,32,0.7970386743545532,0.9720720052719116,0.6420537955662428,0.9525641003529643,0.9495018720626831
108,2,0,0.7296170592308044,0.12114105373620987,0.748766203572751,0.12580430091606307,0.9990208148956299
108,2,1,0.7611045837402344,0.1027354747056961,0.7672198204906916,0.10650766234496863,0.9979221820831299
108,2,2,0.7809141278266907,0.10322344303131104,0.7793450893113836,0.10671276844737343,0.9978927373886108
108,2,3,0.7938060760498047,0.10385850816965103,0.7872172818381179,0.10703222866192678,0.9979041218757629
108,2,4,0.6921423673629761,0.10040145367383957,0.7168361942096901,0.10445444398952972,0.9985331892967224
108,2,5,0.6655570864677429,0.09927497059106827,0.6942256384345997,0.10329228124370488,0.9987257719039917
108,2,6,0.6377246379852295,0.09822924435138702,0.6700208949799219,0.10214664924171196,0.998810887336731
108,2,7,0.7828899025917053,0.11182085424661636,0.7537590114989762,0.11334111152758186,0.9956755638122559
108,2,8,0.5858064889907837,0.1027563288807869,0.6050918425974885,0.1059548417593803,0.9987529516220093
108,2,9,0.7491437792778015,0.14374995231628418,0.7510017611230995,0.1473532129797552,0.9981220364570618
108,2,10,0.6728765368461609,0.14128442108631134,0.6950160358548084,0.14515414308191102,0.9991160035133362
108,2,11,0.7925989627838135,0.22316808998584747,0.7245429928282465,0.22081594550068415,0.9971840381622314
108,2,12,0.37118056416511536,0.21059942245483398,0.40454949691231756,0.2137524638514085,0.9999165534973145
108,2,13,0.8055854439735413,0.37360048294067383,0.7268553760362602,0.374421037976265,0.1544315367937088
108,2,14,0.20994600653648376,0.38583844900131226,0.3151420514110222,0.3899033608316607,0.9870175719261169
108,2,15,0.9165459275245667,0.4916084110736847,0.8130046874007416,0.49470839050716037,0.26407697796821594
108,2,16,0.08851949870586395,0.530167281627655,0.30820737569289575,0.5367096670696062,0.9575595259666443
108,2,17,0.9720425605773926,0.5346524119377136,0.8499740642768068,0.5371677690282627,0.25918418169021606
108,2,18,0.03667546063661575,0.5720803737640381,0.284520888308657,0.5790786311200781,0.9385254383087158
108,2,19,0.95527184009552,0.5351872444152832,0.8461171253246453,0.5383739103624193,0.26589056849479675
108,2,20,0.0878460705280304,0.577384352684021,0.3365888076711292,0.5809622746824532,0.9379177689552307
108,2,21,0.9145119786262512,0.5253562331199646,0.8180457486583608,0.5264857813331935,0.26289185881614685
108,2,22,0.12594248354434967,0.5653467178344727,0.35735173622287625,0.5674320243607025,0.9219458103179932
108,2,23,0.7125754952430725,0.5187438130378723,0.6768361704461934,0.5173523096787817,0.9980538487434387
108,2,24,0.47882384061813354,0.5232908725738525,0.515053587051274,0.5207439199901974,0.9992110729217529
108,2,25,0.6458659768104553,0.7307536602020264,0.6174795814059832,0.7256926024261923,0.7645955681800842
108,2,26,0.6292042136192322,0.7410082221031189,0.6052766500121407,0.7321424336779437,0.971662163734436
108,2,27,0.34767600893974304,0.8740143179893494,0.39862655910998707,0.8736787032202151,0.9022887349128723
108,2,28,0.524975597858429,0.8955366015434265,0.47518046349537896,0.8807098326543612,0.9693201184272766
108,2,29,0.25399452447891235,0.8882957100868225,0.3117533592051257,0.892167918209199,0.9013673067092896
108,2,30,0.46155378222465515,0.9100568294525146,0.4100848305371379,0.8929207965642523,0.9191219806671143
108,2,31,0.42216047644615173,0.9634099006652832,0.5088519933268117,0.9548934224977418,0.9115205407142639
108,2,32,0.7335720062255859,0.9755561351776123,0.6604821930669112,0.9571850014359352,0.952410876750946
109,2,0,0.6839684844017029,0.11934023350477219,0.7357279826437538,0.12450576590920814,0.9991132616996765
109,2,1,0.7147859930992126,0.10083035379648209,0.7566730521113558,0.10536720072988204,0.9981160163879395
109,2,2,0.7355310320854187,0.10150085389614105,0.7705342720943116,0.10566580918987446,0.9980859756469727
109,2,3,0.7522444725036621,0.10232759267091751,0.7801861470130217,0.10608718400831453,0.9980892539024353
109,2,4,0.6482047438621521,0.09831508249044418,0.7030250853198894,0.10322114884408931,0.9986708164215088
109,2,5,0.620836079120636,0.0973241850733757,0.6794550550545264,0.10209339620880888,0.9988452792167664
109,2,6,0.5944195985794067,0.09656651318073273,0.6548042243188887,0.10102571075085447,0.9989210963249207
109,2,7,0.741880476474762,0.1107262670993805,0.7513724353634718,0.11281588499644521,0.9960525631904602
109,2,8,0.5428891181945801,0.10200908780097961,0.5925766794044116,0.10516225456409983,0.998871922492981
109,2,9,0.7034847736358643,0.14197637140750885,0.7414453078675723,0.14627311847629323,0.9982945322990417
109,2,10,0.6289078593254089,0.13895338773727417,0.6817136433509097,0.14390851278474645,0.9991992115974426
109,2,11,0.7579067349433899,0.2179579734802246,0.7312504340160182,0.220241879623603,0.9974271059036255
109,2,12,0.34377574920654297,0.20622192323207855,0.3923223282793179,0.21223964498995432,0.999923586845398
109,2,13,0.7650837898254395,0.36526966094970703,0.734541887266623,0.3725825238589451,0.16631677746772766
109,2,14,0.18030394613742828,0.37327733635902405,0.28795737265021126,0.38656248689326983,0.987815260887146
109,2,15,0.8980324268341064,0.4789246618747711,0.8301235012586949,0.491536844493133,0.2850664556026459
109,2,16,0.04690536856651306,0.5087840557098389,0.25533915529321044,0.5310964466682045,0.9594261050224304
109,2,17,0.956108570098877,0.5167272090911865,0.8713549958903425,0.5330599530780993,0.27901986241340637
109,2,18,-0.02453165501356125,0.5515843033790588,0.221907943210449,0.5735521683315427,0.9401299953460693
109,2,19,0.9562932848930359,0.514800488948822,0.8683146747979813,0.5336360858677298,0.2868329882621765
109,2,20,0.034516237676143646,0.5591096878051758,0.27540188827041207,0.5765705183452835,0.9398981928825378
109,2,21,0.9097697138786316,0.5071505904197693,0.8365160960626384,0.5226002255101937,0.28596293926239014
109,2,22,0.08298611640930176,0.5498946309089661,0.30182009316943403,0.5639079275757921,0.9253641366958618
109,2,23,0.6708142161369324,0.5089571475982666,0.6756264781090826,0.5156657551376683,0.9980760812759399
109,2,24,0.43694278597831726,0.5131519436836243,0.49933075791726156,0.5192187566510137,0.9992253184318542
109,2,25,0.6089447140693665,0.7145211696624756,0.615764969486186,0.7234481314190928,0.7419270277023315
109,2,26,0.5971007347106934,0.728513240814209,0.6036341549922177,0.731413440964178,0.9716391563415527
109,2,27,0.37721332907676697,0.8762658834457397,0.3943232020735797,0.8741983721886951,0.8948274850845337
109,2,28,0.4786207377910614,0.8888986706733704,0.4758714985088847,0.882354926605067,0.9690126776695251
109,2,29,0.31195947527885437,0.9002436995506287,0.31179475795679323,0.8937902931514897,0.8927931189537048
109,2,30,0.3933385908603668,0.9140713214874268,0.40671975190515763,0.8971713681834703,0.9133654832839966
109,2,31,0.5700098872184753,0.9509035348892212,0.5211564767085597,0.9540919692471874,0.9041183590888977
109,2,32,0.6804232001304626,0.9632253050804138,0.6644895425402562,0.9583983942003534,0.9513280391693115
110,2,0,0.6715623736381531,0.12239088863134384,0.7228171732976225,0.12408097041110476,0.9991894364356995
110,2,1,0.7002594470977783,0.10295503586530685,0.7453245034517385,0.1048826878404761,0.9982761144638062
110,2,2,0.7202175855636597,0.10367637872695923,0.7604139557480961,0.1052662124363547,0.9982396364212036
110,2,3,0.7357749342918396,0.1044817864894867,0.7712550947692061,0.10576472754500098,0.998230516910553
110,2,4,0.6379244923591614,0.10016504675149918,0.6899258001211707,0.10260728215804915,0.9987848997116089
110,2,5,0.6124392151832581,0.09914370626211166,0.6659696634004176,0.10150090586539967,0.9989430904388428
110,2,6,0.5875284075737,0.09840014576911926,0.6412664157019348,0.1004983306667243,0.9990109205245972
110,2,7,0.7242274880409241,0.11222251504659653,0.7459162668192747,0.11269670546031463,0.9963163137435913
110,2,8,0.5347945094108582,0.10319757461547852,0.5809523648409127,0.10476762947145361,0.9989718794822693
110,2,9,0.6875320076942444,0.1451156884431839,0.7306005015348729,0.14604064265330086,0.9984357357025146
110,2,10,0.6179976463317871,0.14146287739276886,0.668893461381418,0.1434172764601166,0.999268651008606
110,2,11,0.7523486018180847,0.214752197265625,0.7354905348014519,0.21913911436485198,0.9976417422294617
110,2,12,0.34176748991012573,0.20341674983501434,0.38215402750422034,0.21046713924125507,0.9999297261238098
110,2,13,0.7712867856025696,0.3589029312133789,0.741929777620468,0.36983394055984226,0.17982064187526703
110,2,14,0.18195784091949463,0.36778524518013,0.2666040113470503,0.3827891141581843,0.9884902238845825
110,2,15,0.9003192186355591,0.4688904583454132,0.8442502446825783,0.4869854552427662,0.3122090995311737
110,2,16,0.025475312024354935,0.5026606917381287,0.2088721030882399,0.5253806018601087,0.9614210724830627
110,2,17,0.9635491371154785,0.5057588815689087,0.8899203361574933,0.5275723649550941,0.3039393424987793
110,2,18,-0.047979652881622314,0.544422447681427,0.16728868196047067,0.567696716197342,0.9420998096466064
110,2,19,0.9560521841049194,0.5034874081611633,0.8859803171628299,0.5275756372715255,0.3126786947250366
110,2,20,-2.4725168259465136e-05,0.5515132546424866,0.2196531633168613,0.5715342587574946,0.9421665668487549
110,2,21,0.9141748547554016,0.49492940306663513,0.8521479677756201,0.51703825908348,0.31164634227752686
110,2,22,0.047959309071302414,0.5429368615150452,0.25046761981722326,0.5596934362960445,0.9286166429519653
110,2,23,0.6517156362533569,0.5017637014389038,0.6708208361296577,0.5128724562019552,0.9980089068412781
110,2,24,0.4338146448135376,0.506873607635498,0.48614773254707844,0.516738390418435,0.9992325901985168
110,2,25,0.5901080965995789,0.7038013339042664,0.6106081455697131,0.7194999215542964,0.7231242060661316
110,2,26,0.5806027054786682,0.7167934775352478,0.599005335494763,0.7284758355750975,0.9701817035675049
110,2,27,0.4119303226470947,0.8693940043449402,0.3978613481177643,0.8732332905762094,0.8829494714736938
110,2,28,0.4589219093322754,0.900434136390686,0.47246555162800924,0.8859879528023876,0.9669849872589111
110,2,29,0.36417973041534424,0.8980956077575684,0.3223317613256222,0.8946551131756147,0.8806612491607666
110,2,30,0.38583338260650635,0.9304629564285278,0.4025222549788202,0.9038641827664119,0.9023722410202026
110,2,31,0.6020187735557556,0.9404282569885254,0.5374343429839038,0.9513465781901469,0.8944146633148193
110,2,32,0.6447935700416565,0.9613131880760193,0.6605314311537174,0.9589838745850113,0.9485759139060974
111,2,0,0.6551878452301025,0.12692871689796448,0.7092081008147525,0.12465298214098046,0.9992614388465881
111,2,1,0.6803212761878967,0.10649031400680542,0.7322448546552505,0.10520559194072432,0.9984298944473267
111,2,2,0.6968430280685425,0.10698813199996948,0.747623027085918,0.10561207435876623,0.9983907341957092
111,2,3,0.710551917552948,0.10753250867128372,0.7590421640826802,0.10611980160535538,0.9983735680580139
111,2,4,0.6250770688056946,0.10341930389404297,0.6768772809927411,0.10277037933306998,0.9988939166069031
111,2,5,0.6021032333374023,0.1016898900270462,0.6531191473582567,0.10153886327732835,0.999036967754364
111,2,6,0.5785962343215942,0.10023415088653564,0.6286570154465652,0.10044527012017508,0.9990974068641663
111,2,7,0.6961177587509155,0.11409192532300949,0.7359003369845002,0.11297694445662028,0.9966082572937012
111,2,8,0.5217676758766174,0.10406494140625,0.5690454278738184,0.1046264927371725,0.9990656971931458
111,2,9,0.6639964580535889,0.1477327048778534,0.7171981473956055,0.14638050719003773,0.9985741376876831
111,2,10,0.6034275889396667,0.14474177360534668,0.6557205395091293,0.1436833097964328,0.9993346929550171
111,2,11,0.7294983863830566,0.21006250381469727,0.7342868291481098,0.2173156246978728,0.99784916639328
111,2,12,0.33168500661849976,0.20063039660453796,0.37200301115166634,0.2084908968699764,0.9999358057975769
111,2,13,0.7494159936904907,0.3511747419834137,0.7434337087036847,0.3660843017114641,0.19896270334720612
111,2,14,0.1810053586959839,0.36060309410095215,0.24937019364364207,0.37833030509273163,0.9891427159309387
111,2,15,0.8958648443222046,0.45623332262039185,0.8546321426493118,0.4808035960764225,0.35150346159935
111,2,16,0.043138038367033005,0.49463799595832825,0.17542865432280796,0.5192006586027216,0.9636473059654236
111,2,17,0.9556828737258911,0.4903309941291809,0.903153257618274,0.5200846619887437,0.3409343659877777
111,2,18,-0.024747231975197792,0.5351232886314392,0.12850886098376338,0.5611484010570035,0.9447324872016907
111,2,19,0.9621447324752808,0.48758044838905334,0.9013107599703866,0.5195336340037157,0.3503270149230957
111,2,20,0.006296676583588123,0.5432923436164856,0.17654229859224346,0.5658574084116894,0.94497150182724
111,2,21,0.9292423725128174,0.4785352349281311,0.8676659689096395,0.5092966161120269,0.34880325198173523
111,2,22,0.05021243914961815,0.534403920173645,0.21001907318923071,0.5546104630680563,0.9322373270988464
111,2,23,0.6294121742248535,0.4951806664466858,0.6624943507145749,0.5093173184405708,0.9979241490364075
111,2,24,0.4217928946018219,0.5024062991142273,0.4731987888232914,0.5138586504617786,0.9992700219154358
111,2,25,0.5622221231460571,0.6920899748802185,0.6008767300415445,0.7139904329739246,0.7069018483161926
111,2,26,0.552470862865448,0.7158458232879639,0.5896467492252141,0.7259382149165331,0.9697410464286804
111,2,27,0.4124454855918884,0.8548352718353271,0.4007917728542847,0.8695361621504183,0.8696730732917786
111,2,28,0.439551442861557,0.9190664291381836,0.46584864914321766,0.8926378883732032,0.9658007621765137
111,2,29,0.36706337332725525,0.878862738609314,0.33132738608697804,0.8914818259877647,0.8701711297035217
111,2,30,0.3845718204975128,0.942338228225708,0.398915091129358,0.9115999861917277,0.8956530094146729
111,2,31,0.5755602717399597,0.916351854801178,0.5451000585619575,0.9443110284432932,0.8836004137992859
111,2,32,0.617512583732605,0.9722267985343933,0.6518806921005269,0.9616446874180328,0.9458649754524231
112,2,0,0.660949170589447,0.12775254249572754,0.6995022057117655,0.1252755787988292,0.9993296265602112
112,2,1,0.6831754446029663,0.10787587612867355,0.7223757374569828,0.10574195510402577,0.9985747337341309
112,2,2,0.697234570980072,0.10827215015888214,0.737488245416055,0.10614638687751246,0.9985346794128418
112,2,3,0.7094326019287109,0.10870272666215897,0.7490642651561464,0.10663861622370187,0.9985127449035645
112,2,4,0.6311509013175964,0.10457243770360947,0.6676813870631394,0.10313233861638488,0.9989964962005615
112,2,5,0.6094477772712708,0.10260568559169769,0.6443370341722059,0.10175313950325168,0.9991252422332764
112,2,6,0.5868251323699951,0.10082654654979706,0.6202452471184831,0.10052184979074087,0.9991791844367981
112,2,7,0.6949313282966614,0.11500215530395508,0.7276623097114485,0.11338372844357403,0.9969021677970886
112,2,8,0.5317679643630981,0.10419457405805588,0.5615504485456297,0.10453974140204368,0.9991533160209656
112,2,9,0.6636852025985718,0.1484689712524414,0.7064339833328656,0.1467999969526985,0.998707115650177
112,2,10,0.6076199412345886,0.14580731093883514,0.6460465313568805,0.1441099379756148,0.9993976354598999
112,2,11,0.7270012497901917,0.20849336683750153,0.7328232424225295,0.21554324708264766,0.9980477690696716
112,2,12,0.32744330167770386,0.19900093972682953,0.3630420399134916,0.20658434369779644,0.9999415278434753
112,2,13,0.7392886877059937,0.3478740453720093,0.7426010981679397,0.3624249255026531,0.2279965579509735
112,2,14,0.18913425505161285,0.35816335678100586,0.2372513373080243,0.37427750601374754,0.989641547203064
112,2,15,0.8849909901618958,0.4491434395313263,0.8607349483355418,0.4744390411410737,0.39491382241249084
112,2,16,0.04731786251068115,0.4911748468875885,0.14960440957680654,0.5135672798869075,0.9656850099563599
112,2,17,0.9335078001022339,0.48353177309036255,0.9092552079949601,0.5127355249643568,0.38172417879104614
112,2,18,-0.013754795305430889,0.5312554836273193,0.09982003956160342,0.5551394065607244,0.9473351240158081
112,2,19,0.945064127445221,0.47983306646347046,0.9101094674974356,0.511550935830387,0.3915349245071411
112,2,20,0.008887838572263718,0.5387609004974365,0.14270919084946215,0.5604109686168084,0.9477834105491638
112,2,21,0.9085997939109802,0.46984490752220154,0.8758970071996341,0.5013640125154523,0.3896796703338623
112,2,22,0.04894013702869415,0.529775083065033,0.17751911035166737,0.5496188305030528,0.9359288215637207
112,2,23,0.622692346572876,0.4939083755016327,0.6544912803145053,0.5062211134985357,0.9978765249252319
112,2,24,0.42024561762809753,0.5025075674057007,0.46254739097543235,0.5115780738198358,0.9993036389350891
112,2,25,0.5486329793930054,0.6860502362251282,0.5903682946728485,0.7083742782298844,0.6856399774551392
112,2,26,0.5396703481674194,0.7152254581451416,0.5795949780495022,0.723785924818674,0.9676033854484558
112,2,27,0.4057307541370392,0.8318383097648621,0.4017839037885449,0.861956580698658,0.8477984666824341
112,2,28,0.46878811717033386,0.9065425992012024,0.4664390832343243,0.8954317207785691,0.9623885750770569
112,2,29,0.3515806794166565,0.8572190999984741,0.3353975680900862,0.8845935766274489,0.8568726778030396
112,2,30,0.42477670311927795,0.931240975856781,0.4041131033406772,0.9155470271894904,0.8882142901420593
112,2,31,0.5502188205718994,0.8909599781036377,0.5461283004539401,0.9335794885807942,0.8641447424888611
112,2,32,0.6185778379440308,0.9658416509628296,0.6451855863185444,0.962487741301027,0.9393492341041565
113,2,0,0.6707618832588196,0.1315944641828537,0.6937250802218347,0.126544943552363,0.999389111995697
113,2,1,0.689613401889801,0.11200319975614548,0.7157894029310774,0.10699973872205389,0.9986993670463562
113,2,2,0.702102541923523,0.11228805035352707,0.7303740042220153,0.10738014441826077,0.9986556172370911
113,2,3,0.7133335471153259,0.1124928742647171,0.7418805919781485,0.10781462933053247,0.9986267685890198
113,2,4,0.6405599117279053,0.10829231142997742,0.6622299150564029,0.10416886232345127,0.999085545539856
113,2,5,0.6188923120498657,0.10595551878213882,0.6392228328112193,0.10259728127860568,0.9992011189460754
113,2,6,0.5961453318595886,0.10383522510528564,0.6154015242490947,0.10118739863991448,0.9992497563362122
113,2,7,0.699010968208313,0.11806896328926086,0.7219030999024657,0.11432487533844103,0.9971362948417664
113,2,8,0.5407460331916809,0.10797093063592911,0.5573694614193401,0.10522895750595174,0.9992297291755676
113,2,9,0.6708574295043945,0.15381881594657898,0.6992813322578412,0.1482099950929181,0.9988231062889099
113,2,10,0.6176358461380005,0.15055879950523376,0.6403357195030468,0.1454054176292388,0.9994534254074097
113,2,11,0.7237778306007385,0.21097977459430695,0.7310060335054915,0.21462656232101404,0.9982161521911621
113,2,12,0.3260026276111603,0.20111232995986938,0.35559497358612696,0.20548512817733103,0.9999461770057678
113,2,13,0.731859028339386,0.34701642394065857,0.7404429341163171,0.3593288091844939,0.2446415275335312
113,2,14,0.19395652413368225,0.36260920763015747,0.2285450052470092,0.3719331755941643,0.98972487449646
113,2,15,0.8757394552230835,0.44558730721473694,0.863749882782487,0.4686395120810263,0.42154377698898315
113,2,16,0.07067757099866867,0.48903581500053406,0.133716472661945,0.5086367718378055,0.9663709998130798
113,2,17,0.9069837331771851,0.4766231179237366,0.9087989613843362,0.5054750377226878,0.40717852115631104
113,2,18,0.010681379586458206,0.53126060962677,0.08187115629703444,0.5503401641087265,0.9479569792747498
113,2,19,0.9218306541442871,0.4720847010612488,0.9124644504309912,0.5036154064501381,0.4178488254547119
113,2,20,0.025662075728178024,0.5370992422103882,0.1191222394635708,0.5557257730357983,0.9488391876220703
113,2,21,0.8852806687355042,0.46443891525268555,0.8777822156655521,0.4939399625712042,0.41634252667427063
113,2,22,0.06671316921710968,0.5272650718688965,0.15519388692060568,0.5451262885857564,0.9378859996795654
113,2,23,0.6209449768066406,0.49527084827423096,0.6477472307842034,0.5040210909178953,0.9978243708610535
113,2,24,0.41265544295310974,0.5050692558288574,0.45251260931985726,0.510270547462324,0.99931800365448
113,2,25,0.5316734313964844,0.6840100288391113,0.5785601173263283,0.7034774022191465,0.6649623513221741
113,2,26,0.5325791239738464,0.7054023742675781,0.5701394424250674,0.7200917071528163,0.9618761539459229
113,2,27,0.4042415916919708,0.8294125199317932,0.402277563386282,0.8554141725276423,0.8300491571426392
113,2,28,0.4773128926753998,0.8853411674499512,0.4686237317892373,0.8934044721997751,0.9568885564804077
113,2,29,0.3280541002750397,0.8446288704872131,0.33392234471013876,0.8765577043665221,0.8469234704971313
113,2,30,0.4850904047489166,0.9167838096618652,0.4204141839450497,0.91579544185567,0.8789570927619934
113,2,31,0.5369541049003601,0.8844420313835144,0.5442851976048243,0.9236966742204813,0.8482555150985718
113,2,32,0.598585844039917,0.9517543911933899,0.635813823501785,0.9603313127762504,0.9312806725502014
114,2,0,0.6784140467643738,0.13323982059955597,0.6906485521545608,0.12788985334023292,0.999444305896759
114,2,1,0.6951048970222473,0.11342965066432953,0.7116325289624023,0.10829141102570079,0.998816192150116
114,2,2,0.7069113254547119,0.11361236125230789,0.7256584465239259,0.10863209581137351,0.9987710118293762
114,2,3,0.7175803780555725,0.11373809725046158,0.736996591827477,0.10900454775600964,0.9987368583679199
114,2,4,0.6475628018379211,0.10978465527296066,0.659282826454192,0.10529696460430209,0.9991686344146729
114,2,5,0.6254975199699402,0.10741335153579712,0.6364650544100208,0.10356471328130892,0.9992725849151611
114,2,6,0.6027267575263977,0.10520029067993164,0.612854903256752,0.10199347338735958,0.9993159770965576
114,2,7,0.701177179813385,0.11898092180490494,0.7177379053916897,0.11526015825252398,0.9973658919334412
114,2,8,0.5472825169563293,0.10917909443378448,0.5553429354621076,0.10602242516197032,0.9993010759353638
114,2,9,0.6770849227905273,0.15514424443244934,0.6948204286968539,0.14960300089598919,0.9989296197891235
114,2,10,0.6260069608688354,0.15202884376049042,0.6374566446050159,0.14673597123586982,0.9995043873786926
114,2,11,0.7156731486320496,0.21336789429187775,0.7279251335164569,0.21437375161252972,0.9983693957328796
114,2,12,0.3268021047115326,0.2022063136100769,0.34980727961059965,0.20482652203656762,0.9999507069587708
114,2,13,0.7238256335258484,0.3503871262073517,0.7371038351882886,0.3575324330049798,0.25708815455436707
114,2,14,0.1984793096780777,0.3654821813106537,0.22250121960800404,0.3706372671378337,0.9901308417320251
114,2,15,0.8728777170181274,0.4491088092327118,0.8655836803774867,0.4647146435230621,0.4479708969593048
114,2,16,0.0892699733376503,0.49255940318107605,0.1247780943387471,0.5054061946542163,0.9679997563362122
114,2,17,0.9158779978752136,0.4814181923866272,0.910221071736892,0.5006399854812495,0.4325260519981384
114,2,18,0.035591110587120056,0.5350368022918701,0.07256348746884173,0.5472651821675668,0.950054407119751
114,2,19,0.9236919283866882,0.4776056706905365,0.9147202032752518,0.498387566594493,0.44375157356262207
114,2,20,0.06262685358524323,0.5405170917510986,0.10775681894927618,0.5526698241490098,0.951126754283905
114,2,21,0.8882492780685425,0.46894025802612305,0.879885143329978,0.488915277213367,0.4421106278896332
114,2,22,0.09936412423849106,0.5299042463302612,0.1439626378831581,0.5420676540732315,0.9408299922943115
114,2,23,0.6167169213294983,0.4989469349384308,0.6415094233193321,0.5030018082156152,0.9978031516075134
114,2,24,0.41324567794799805,0.5090758800506592,0.44461719155278573,0.5100305920656241,0.9993416666984558
114,2,25,0.5113961100578308,0.6900710463523865,0.5650449041367261,0.7007837391824945,0.6514450907707214
114,2,26,0.5278737545013428,0.7150766253471375,0.5616403593319287,0.7190842928112774,0.9601945877075195
114,2,27,0.4001652002334595,0.8349197506904602,0.4018532744816261,0.85129552376767,0.8197803497314453
114,2,28,0.4664001166820526,0.8873588442802429,0.4681770924661928,0.8921900097066304,0.9549758434295654
114,2,29,0.2923429310321808,0.8496084809303284,0.3255614540366582,0.8711408876893498,0.8422038555145264
114,2,30,0.45548370480537415,0.9233207702636719,0.42746476826886226,0.9173072131093858,0.8751100897789001
114,2,31,0.5270536541938782,0.8911998867988586,0.5408225855223273,0.917163776563635,0.8385136127471924
114,2,32,0.5982476472854614,0.9570223689079285,0.628260732504227,0.9596666541518959,0.9277970790863037
115,2,0,0.6867087483406067,0.1339387744665146,0.6898571592055179,0.1291049773377571,0.9994945526123047
115,2,1,0.7077932357788086,0.11381088197231293,0.7108613280952244,0.10940016113150838,0.9989223480224609
115,2,2,0.7199201583862305,0.11400852352380753,0.7245057322387004,0.10971210708809169,0.9988771080970764
115,2,3,0.7298511862754822,0.11415815353393555,0.735561157634305,0.11003979231556149,0.9988400936126709
115,2,4,0.6564130187034607,0.11023124307394028,0.6587063821526633,0.10628814507791533,0.9992433786392212
115,2,5,0.6334601640701294,0.10791745781898499,0.6358614743869323,0.10443906298614093,0.999336838722229
115,2,6,0.6097677946090698,0.10573522746562958,0.6122348069103728,0.10274507858830433,0.9993749856948853
115,2,7,0.7108204364776611,0.11953955888748169,0.7163482715069426,0.11611977337913618,0.9975799322128296
115,2,8,0.5497458577156067,0.109793521463871,0.5542185919693333,0.10677992495713409,0.9993651509284973
115,2,9,0.6854918599128723,0.15565352141857147,0.6929463053222852,0.15081844624843332,0.9990265965461731
115,2,10,0.6321898698806763,0.1524963080883026,0.6363986620629521,0.1478931142532271,0.9995501637458801
115,2,11,0.7220023274421692,0.21470800042152405,0.7267353527422142,0.21444088566121475,0.9985172152519226
115,2,12,0.32727810740470886,0.20345067977905273,0.34527945656245135,0.20455017529500213,0.9999546408653259
115,2,13,0.729860246181488,0.35431763529777527,0.7356486814257587,0.3568866868646567,0.27542775869369507
115,2,14,0.19938720762729645,0.3691449761390686,0.21785576723273123,0.3703375299059797,0.9903523921966553
115,2,15,0.8724068999290466,0.4536733329296112,0.8669543860626872,0.4624963226514572,0.4824567139148712
115,2,16,0.10182754695415497,0.49848055839538574,0.1201654455682157,0.5040149188825255,0.9686871767044067
115,2,17,0.9161263108253479,0.48687639832496643,0.9114073362469454,0.4978745173984368,0.4657191038131714
115,2,18,0.05103299766778946,0.5396339893341064,0.06823638805934851,0.5457321383050171,0.9506442546844482
115,2,19,0.9245256781578064,0.4836651384830475,0.9166901746105778,0.49542936214437355,0.47717350721359253
115,2,20,0.07758308947086334,0.5443164110183716,0.10169115725153889,0.5509916582676941,0.9519388675689697
115,2,21,0.8945696353912354,0.47435787320137024,0.8828357361608489,0.48599024510219424,0.4746588468551636
115,2,22,0.11593706160783768,0.5337939858436584,0.1383291697411485,0.5404055124194218,0.9421171545982361
115,2,23,0.6185809373855591,0.5038474798202515,0.6369013132056897,0.5031716642287363,0.9978739619255066
115,2,24,0.40688320994377136,0.513925313949585,0.43703033114397016,0.5108129272004513,0.999367356300354
115,2,25,0.473238468170166,0.6964052319526672,0.5465581997417387,0.6999042135653736,0.6413558721542358
115,2,26,0.5047274827957153,0.7180988192558289,0.5501912137140074,0.7188863562930424,0.958662748336792
115,2,27,0.35522252321243286,0.842841625213623,0.39247531525127927,0.8495971655440051,0.8140659332275391
115,2,28,0.41432011127471924,0.8910122513771057,0.4573436069671584,0.8919534506959537,0.9524874091148376
115,2,29,0.27585726976394653,0.8602033257484436,0.3155645280654586,0.8689434164175565,0.8396608829498291
115,2,30,0.4111045002937317,0.9214560389518738,0.42417731468284753,0.9181405961666458,0.8701590895652771
115,2,31,0.5073777437210083,0.9037001729011536,0.5340989173190518,0.9144586051875376,0.8326902985572815
115,2,32,0.549103319644928,0.9592446684837341,0.6123267128876521,0.9595818979014856,0.9238746166229248
116,2,0,0.6860371828079224,0.1356140375137329,0.6890898389292369,0.13041255224617762,0.9995409846305847
116,2,1,0.7123109698295593,0.11487410217523575,0.7111524982574088,0.11049976380087784,0.9990188479423523
116,2,2,0.7259364128112793,0.11508859694004059,0.7247930938082453,0.11079213085465353,0.9989736676216125
116,2,3,0.7373954057693481,0.11523754149675369,0.7359295826229327,0.11108390559993532,0.9989355802536011
116,2,4,0.6579316854476929,0.11115065962076187,0.6585507818020762,0.1072649079044199,0.999312162399292
116,2,5,0.6338549852371216,0.10874727368354797,0.6354584505508233,0.10530446595894613,0.9993964433670044
116,2,6,0.6099700331687927,0.10648887604475021,0.6117799006549729,0.10349709428929094,0.9994304776191711
116,2,7,0.7206202745437622,0.12057330459356308,0.7172064006186908,0.11701437097686929,0.9977703094482422
116,2,8,0.5458539128303528,0.11041104793548584,0.5525381612539142,0.10750930545834841,0.9994235038757324
116,2,9,0.6837506294250488,0.15698857605457306,0.6910988876066534,0.15205792321739045,0.9991140365600586
116,2,10,0.6292067170143127,0.15362872183322906,0.6349538762245677,0.149045288834323,0.9995917081832886
116,2,11,0.7314358353614807,0.2170736938714981,0.7276795659073984,0.21496972071431777,0.9986389875411987
116,2,12,0.3183232247829437,0.20535078644752502,0.3398612288353076,0.20471098056859868,0.9999575018882751
116,2,13,0.7425211668014526,0.36244213581085205,0.7370292827233869,0.3580026652437779,0.29224613308906555
116,2,14,0.20058174431324005,0.3771120011806488,0.21438460721530223,0.3716984319974221,0.9906689524650574
116,2,15,0.8888580203056335,0.4651772379875183,0.8713564297749902,0.46303482121921646,0.5098254680633545
116,2,16,0.10650704056024551,0.524578332901001,0.11742107741419933,0.5081474365935587,0.9687127470970154
116,2,17,0.9265289902687073,0.501637876033783,0.9144458073033183,0.4986304623868018,0.49069681763648987
116,2,18,0.057966649532318115,0.570572018623352,0.06617308608359065,0.5507246732898609,0.9499078989028931
116,2,19,0.9342803359031677,0.4975597560405731,0.9202248981637963,0.4958572742194624,0.5022963285446167
116,2,20,0.10620484501123428,0.5730291604995728,0.1025978193349413,0.5554205989222942,0.9514175057411194
116,2,21,0.9028273224830627,0.485333114862442,0.8868532912604028,0.48585825887872613,0.49913549423217773
116,2,22,0.12112901359796524,0.5620274543762207,0.13487280427936071,0.5447508862296732,0.9421364068984985
116,2,23,0.6169611811637878,0.5078073740005493,0.632894128922742,0.5041028614102206,0.9979634881019592
116,2,24,0.39962998032569885,0.5168712139129639,0.4295106219188039,0.512029932866983,0.9993917942047119
116,2,25,0.4681895077228546,0.7009314894676208,0.5307833123703026,0.7001105464459917,0.6446483135223389
116,2,26,0.48496749997138977,0.721501350402832,0.5370671185762932,0.7194116128600327,0.9597570300102234
116,2,27,0.3156118094921112,0.8486652374267578,0.37700410221252,0.8494099840567495,0.8167166113853455
116,2,28,0.3644450306892395,0.8861372470855713,0.43863635317640326,0.890785083164615,0.953407347202301
116,2,29,0.241633340716362,0.8663023114204407,0.300684753009222,0.8684129143263879,0.8399721384048462
116,2,30,0.3537716269493103,0.9052305221557617,0.410008454790078,0.9155466849099309,0.8689466118812561
116,2,31,0.47279229760169983,0.9099991917610168,0.5217643569703274,0.9135628252307141,0.8349189162254333
116,2,32,0.5551474094390869,0.9640293121337891,0.6008238606437839,0.9604752666227762,0.9250391125679016
117,2,0,0.6859941482543945,0.13654547929763794,0.6884680190233738,0.1316445545122458,0.9995822310447693
117,2,1,0.710783839225769,0.11567255109548569,0.7110784527700931,0.11153886206539067,0.9991045594215393
117,2,2,0.7240017652511597,0.11588437110185623,0.7246341529077083,0.1118150466908198,0.9990612864494324
117,2,3,0.7353400588035583,0.11601803451776505,0.7358111755416206,0.11207505604762928,0.9990227222442627
117,2,4,0.6578745245933533,0.11198127269744873,0.6584149537518389,0.10821230885930137,0.9993718266487122
117,2,5,0.634089469909668,0.10955587774515152,0.6351834818009581,0.10615845820890894,0.999448299407959
117,2,6,0.6100484728813171,0.10724768787622452,0.6114321284654088,0.10425047527440502,0.9994776844978333
117,2,7,0.7181563377380371,0.12161415070295334,0.7173971993166621,0.11793834986087957,0.9979469776153564
117,2,8,0.5453160405158997,0.11105657368898392,0.5510873127707667,0.10822184045378938,0.9994730949401855
117,2,9,0.6835761666297913,0.1579229086637497,0.6895876389497528,0.15323609164524546,0.9991929531097412
117,2,10,0.6295651197433472,0.15487715601921082,0.6338713869869882,0.1502168033144639,0.9996283650398254
117,2,11,0.7309072613716125,0.22036194801330566,0.7283279045636387,0.21605290626756513,0.9987554550170898
117,2,12,0.31381532549858093,0.20757421851158142,0.3346261123503397,0.2052861042563795,0.9999591112136841
117,2,13,0.7383800745010376,0.3710680603981018,0.7373005985768941,0.3606277948922952,0.3218255937099457
117,2,14,0.2036406546831131,0.3807898163795471,0.21222604131385772,0.37352489031042047,0.9908994436264038
117,2,15,0.883699893951416,0.4808923602104187,0.8738364674990925,0.4666232815446547,0.5419553518295288
117,2,16,0.10784194618463516,0.5290966033935547,0.11549657972090528,0.5123575230779378,0.9688031673431396
117,2,17,0.9182831048965454,0.5183497667312622,0.9152166099576757,0.5025932497451348,0.5206630825996399
117,2,18,0.06478487700223923,0.5731804966926575,0.06589425054680376,0.5552377386108917,0.9496035575866699
117,2,19,0.9247058629989624,0.5155864953994751,0.9211250108841915,0.499822055309175,0.5322511196136475
117,2,20,0.10961399227380753,0.5765747427940369,0.1040072598789629,0.5596719036549942,0.9513845443725586
117,2,21,0.8994737267494202,0.5026475191116333,0.8893889961762239,0.48923194763753886,0.5283609628677368
117,2,22,0.12513896822929382,0.5650642514228821,0.13291721090406516,0.548833125203256,0.942656934261322
117,2,23,0.616352915763855,0.5124343037605286,0.6295703097202641,0.5057766117856163,0.9980142116546631
117,2,24,0.39422881603240967,0.5200034379959106,0.422417288865992,0.5136317591611245,0.9993982315063477
117,2,25,0.4736495018005371,0.7059632539749146,0.5192896374191842,0.7012862478526479,0.6637643575668335
117,2,26,0.4701173007488251,0.7267215847969055,0.5235950445831256,0.7208801121886296,0.9621483683586121
117,2,27,0.2794397473335266,0.8536709547042847,0.3573547819080699,0.8502658963238419,0.8274957537651062
117,2,28,0.32707107067108154,0.8817822337150574,0.416158379096654,0.8889764157162379,0.9560011625289917
117,2,29,0.20267243683338165,0.8692331910133362,0.28094496198085334,0.8685776694857399,0.8453906774520874
117,2,30,0.27010688185691833,0.8934471011161804,0.3817990457938742,0.9111052582010184,0.8713624477386475
117,2,31,0.36649999022483826,0.9235379695892334,0.490443818578053,0.9155668796170179,0.8436450958251953
117,2,32,0.4399585425853729,0.9694922566413879,0.5683683713384725,0.9622867755439317,0.9289073944091797
118,2,0,0.7164539694786072,0.14226055145263672,0.6940933727810833,0.13377739886726125,0.9996217489242554
118,2,1,0.7404312491416931,0.12063286453485489,0.7169787783654755,0.11336584667180498,0.9991872310638428
118,2,2,0.7540148496627808,0.12042340636253357,0.7305400919617119,0.11354444210436034,0.9991467595100403
118,2,3,0.7658922672271729,0.12017352879047394,0.7418580233344548,0.11370199330864418,0.99910968542099
118,2,4,0.6860705018043518,0.11768455058336258,0.6639738429118519,0.11011530191021533,0.9994304180145264
118,2,5,0.6612577438354492,0.11530797928571701,0.6404242926341767,0.10799659934942837,0.9994996786117554
118,2,6,0.6363283395767212,0.11295103281736374,0.6164359907406671,0.1059983974866515,0.9995255470275879
118,2,7,0.7472989559173584,0.12472861260175705,0.723407970404624,0.11930242503961394,0.9981284737586975
118,2,8,0.5702430009841919,0.11593259871006012,0.5549367742721386,0.10977087119371796,0.99952232837677
118,2,9,0.7149137258529663,0.16350451111793518,0.6946779640570382,0.1552990845950232,0.9992682933807373
118,2,10,0.6584126353263855,0.1610233336687088,0.6388038569830631,0.15238793907155412,0.9996634125709534
118,2,11,0.7651033401489258,0.22476401925086975,0.7357218436810911,0.2178029495604378,0.9988651275634766
118,2,12,0.327056348323822,0.21421188116073608,0.3331054107920507,0.207079283831075,0.9999615550041199
118,2,13,0.7661664485931396,0.3794134259223938,0.7431029799952936,0.3644028539291753,0.3551800847053528
118,2,14,0.21405422687530518,0.3915228545665741,0.21259324787537853,0.37714158402470127,0.9914283156394958
118,2,15,0.9000829458236694,0.4957738220691681,0.8791119401918078,0.4724829200664457,0.5741194486618042
118,2,16,0.1164913922548294,0.5442751049995422,0.11569639001063853,0.5187738715782265,0.9698107838630676
118,2,17,0.9385244250297546,0.5425822138786316,0.9199010346575073,0.5106339958979581,0.5505105257034302
118,2,18,0.07049575448036194,0.5939914584159851,0.06681856322144167,0.563029840792274,0.9504827857017517
118,2,19,0.9378150701522827,0.5453808903694153,0.9244787691143033,0.5089841886749054,0.5618283748626709
118,2,20,0.11778996884822845,0.5978846549987793,0.10677652911538417,0.5673551183566118,0.9523682594299316
118,2,21,0.9133313894271851,0.5316117405891418,0.894201040709654,0.4977539986093041,0.5572125911712646
118,2,22,0.13773579895496368,0.5799537897109985,0.13388513643253253,0.5550891309930533,0.9440463185310364
118,2,23,0.6419050097465515,0.5209527015686035,0.6320485782911159,0.5088260079263108,0.9980812668800354
118,2,24,0.41467276215553284,0.528190016746521,0.4208614709058305,0.5165569609816155,0.9994123578071594
118,2,25,0.5035368204116821,0.712793231010437,0.5161243000228876,0.703598156454253,0.6817885041236877
118,2,26,0.488028883934021,0.7375738620758057,0.51644448194559,0.7242346011424116,0.9648065567016602
118,2,27,0.2763296067714691,0.8540778756141663,0.34104395272009363,0.8510316089341483,0.8373188972473145
118,2,28,0.3290982246398926,0.8843654990196228,0.39862965065034656,0.8880501993534307,0.9588897824287415
118,2,29,0.18397477269172668,0.8656741976737976,0.2614155946350877,0.8679944632835274,0.8513697385787964
118,2,30,0.2967347204685211,0.9002636075019836,0.3646731132036647,0.9089270639723465,0.8762918710708618
118,2,31,0.3627378046512604,0.9292760491371155,0.46470218483857095,0.9183214066906337,0.852432131767273
118,2,32,0.44496265053749084,0.9750633239746094,0.5434965066782944,0.9648538488963865,0.9330996870994568
119,2,0,0.7383701801300049,0.1486295908689499,0.7029973619171731,0.136761685888766,0.9996534585952759
119,2,1,0.7623973488807678,0.12645450234413147,0.7261126676613145,0.11599565184602198,0.9992507100105286
119,2,2,0.7765830159187317,0.12600190937519073,0.7397997043484089,0.11604738298484002,0.9992098808288574
119,2,3,0.7891731858253479,0.12550675868988037,0.751373833545342,0.11607375056599802,0.9991702437400818
119,2,4,0.7057271599769592,0.12353160977363586,0.672369768336361,0.11281096456104311,0.9994755983352661
119,2,5,0.6795024871826172,0.12089298665523529,0.6482817038217149,0.11058775948193063,0.999539315700531
119,2,6,0.6539101004600525,0.11821024119853973,0.6239705310915884,0.10845197100444229,0.9995620250701904
119,2,7,0.7693727016448975,0.12883174419403076,0.7326518419299881,0.1212168881573256,0.9982515573501587
119,2,8,0.5868726968765259,0.12001004815101624,0.561356810859209,0.11182798743803611,0.9995622038841248
119,2,9,0.7375363707542419,0.17001232504844666,0.7032963733090403,0.15825544021607862,0.9993308782577515
119,2,10,0.6776848435401917,0.16706055402755737,0.6466215727921647,0.15533612838031072,0.9996932744979858
119,2,11,0.7973847985267639,0.2303607314825058,0.748128228972027,0.2203260526321133,0.9989621639251709
119,2,12,0.33483579754829407,0.2192300260066986,0.33345297324334044,0.20952057675512192,0.9999637007713318
119,2,13,0.784456193447113,0.3895542323589325,0.7514183796589832,0.3694580425141507,0.389238566160202
119,2,14,0.22013859450817108,0.4000759720802307,0.21410903876873452,0.3817508916881379,0.992024302482605
119,2,15,0.9007776379585266,0.5090488791465759,0.8834661259754372,0.47983468462005446,0.6044197678565979
119,2,16,0.14323586225509644,0.5489915609359741,0.12123188841391495,0.5248482043791595,0.971729040145874
119,2,17,0.9232698082923889,0.5580280423164368,0.9205777143550348,0.5201656941842057,0.5790835022926331
119,2,18,0.11496550589799881,0.5973944067955017,0.07650177966332973,0.5699385792988398,0.9531417489051819
119,2,19,0.90776127576828,0.5615055561065674,0.9211195158282737,0.5195485915012116,0.5901914834976196
119,2,20,0.1742076724767685,0.5992411971092224,0.12034546399310263,0.5737651299496185,0.9550084471702576
119,2,21,0.888759434223175,0.5483039021492004,0.8931079370082771,0.5079212894829346,0.5848260521888733
119,2,22,0.191240593791008,0.5832142233848572,0.14542333652564085,0.5607424801585493,0.94716477394104
119,2,23,0.656109094619751,0.5307180285453796,0.6368843698514777,0.5132256939933025,0.9981616139411926
119,2,24,0.4237295687198639,0.5362939238548279,0.4214375702895381,0.5205233006581611,0.9994209408760071
119,2,25,0.5444106459617615,0.7259974479675293,0.5218100789346711,0.7080998535008429,0.6955376863479614
119,2,26,0.49695873260498047,0.749686598777771,0.5125286473832468,0.7293502544606547,0.9662986397743225
119,2,27,0.2901056408882141,0.8556609749794006,0.33079841003049226,0.8519615314983833,0.8421556353569031
119,2,28,0.3287230432033539,0.8794232606887817,0.3845613783555866,0.886317070485212,0.9598535895347595
119,2,29,0.19500957429409027,0.8616805076599121,0.24805313642507384,0.8667260884946079,0.8530080914497375
119,2,30,0.26946166157722473,0.8855966925621033,0.3454988203416738,0.9042381196218015,0.8757386207580566
119,2,31,0.37161025404930115,0.9404362440109253,0.44595581474676776,0.9227658990221868,0.857483983039856
119,2,32,0.4368746280670166,0.9685961604118347,0.5220174035805276,0.9656055661321811,0.9348239302635193
120,2,0,0.7699001431465149,0.15635529160499573,0.7164599338363459,0.14069920079322717,0.99967360496521
120,2,1,0.7953980565071106,0.13389156758785248,0.7400556140325514,0.11959182897001676,0.9992914199829102
120,2,2,0.810437798500061,0.13334931433200836,0.7540154076378407,0.11952414120594593,0.999243438243866
120,2,3,0.8239352107048035,0.13274133205413818,0.7659773794747116,0.11942297891538668,0.9992000460624695
120,2,4,0.7359587550163269,0.13118959963321686,0.6851643306759316,0.11650419397415215,0.9995056390762329
120,2,5,0.7086595296859741,0.12847061455249786,0.66042906372688,0.11418131072890055,0.9995630383491516
120,2,6,0.682097852230072,0.1255968064069748,0.6356643760566673,0.11189714616401404,0.9995844960212708
120,2,7,0.803657054901123,0.13513025641441345,0.7469415793561271,0.12401246137166683,0.9983171224594116
120,2,8,0.6123831868171692,0.12706828117370605,0.5716200711444422,0.11489029004527995,0.9995924830436707
120,2,9,0.7691712379455566,0.17930933833122253,0.7165517208244752,0.16248658768342614,0.9993876814842224
120,2,10,0.7068514823913574,0.17525580525398254,0.6587391236295821,0.1593392069080329,0.9997199773788452
120,2,11,0.8320961594581604,0.23811563849449158,0.7650328619329672,0.22390085210138005,0.9990408420562744
120,2,12,0.34682685136795044,0.2278459370136261,0.3361401058030974,0.2132030948831679,0.9999648332595825
120,2,13,0.8266406655311584,0.3979189395904541,0.7665586095528749,0.37517894470100155,0.41520071029663086
120,2,14,0.22959968447685242,0.41051119565963745,0.21722166280605937,0.38753202575471374,0.9925328493118286
120,2,15,0.9365620613098145,0.5143707990646362,0.8941462956240895,0.4867779451746511,0.6196526885032654
120,2,16,0.15427567064762115,0.5568706393241882,0.12787480336027493,0.5312856522248877,0.9732285737991333
120,2,17,0.9487281441688538,0.5585879683494568,0.9262361735562306,0.5278910851365282,0.5936542749404907
120,2,18,0.12245231121778488,0.6028469800949097,0.08574271282759471,0.5765542974593137,0.9552280306816101
120,2,19,0.9350971579551697,0.560234010219574,0.9239280143356307,0.5277295426381936,0.6050450801849365
120,2,20,0.18494117259979248,0.6045571565628052,0.13334284166587332,0.5799550166247525,0.9571371078491211
120,2,21,0.9045620560646057,0.547361433506012,0.8954092257809859,0.5158515656385673,0.5994676351547241
120,2,22,0.20538873970508575,0.5893458127975464,0.1574874925996778,0.5664920368147467,0.9498041868209839
120,2,23,0.6879628896713257,0.541545033454895,0.6471581428884655,0.5189181189655137,0.9982724785804749
120,2,24,0.4373687207698822,0.5447142720222473,0.42463874938031393,0.5253853257509057,0.9994251132011414
120,2,25,0.6079779267311096,0.7468032240867615,0.5391586191869002,0.7158818216382035,0.7193607091903687
120,2,26,0.5042766332626343,0.765410304069519,0.5108708551145545,0.7366002014636093,0.9673762321472168
120,2,27,0.29591992497444153,0.8617263436317444,0.32378623909878895,0.8539233182910966,0.8465391397476196
120,2,28,0.32797494530677795,0.8620752096176147,0.37317795959206895,0.8814448105146198,0.9537467360496521
120,2,29,0.20195500552654266,0.8613898158073425,0.23878238007635855,0.8656541443985295,0.8539369106292725
120,2,30,0.2632078230381012,0.8586837649345398,0.3289325148508497,0.8950768837637157,0.8607333302497864
120,2,31,0.3415982127189636,0.954339325428009,0.4249341977978493,0.9291130005079368,0.8605870008468628
120,2,32,0.37534207105636597,0.9628617167472839,0.4924363906562288,0.9650544252582731,0.927279531955719
121,2,0,0.7856875658035278,0.16574756801128387,0.7303912430533064,0.14573367092737177,0.99969083070755
121,2,1,0.8125250339508057,0.1426534801721573,0.7546406240922242,0.1242267306630823,0.9993267059326172
121,2,2,0.8277919292449951,0.14232496917247772,0.7688640262704146,0.12410658940631127,0.9992709755897522
121,2,3,0.8414608240127563,0.14202971756458282,0.7811702694443241,0.123966394800548,0.9992229342460632
121,2,4,0.75169837474823,0.13959132134914398,0.69855257306681,0.12114421916064273,0.9995362758636475
121,2,5,0.7232924699783325,0.13695940375328064,0.6730773837803713,0.11875918680474852,0.9995886087417603
121,2,6,0.6952437162399292,0.13393601775169373,0.6476508275757045,0.11632636370827558,0.9996083974838257
121,2,7,0.8204089403152466,0.14307092130184174,0.7617278516278769,0.12784237628509384,0.9983866214752197
121,2,8,0.6239715218544006,0.1334776133298874,0.5821502479480316,0.11862547777234701,0.9996246099472046
121,2,9,0.7841054201126099,0.18956497311592102,0.7301455321969669,0.16792938113822975,0.9994345903396606
121,2,10,0.7197301983833313,0.18471592664718628,0.6710100810617525,0.16443971960025117,0.9997431635856628
121,2,11,0.8496881127357483,0.24348606169223785,0.7820762077588103,0.22783667888372303,0.9990971684455872
121,2,12,0.3490901589393616,0.2348429411649704,0.33874205120919615,0.217552070412855,0.9999661445617676
121,2,13,0.8347983360290527,0.40519148111343384,0.780290758724759,0.3812120039098022,0.4054492115974426
121,2,14,0.22752895951271057,0.4188712537288666,0.21929246623924917,0.3938320080982153,0.993021547794342
121,2,15,0.9348814487457275,0.5243743062019348,0.902337273160499,0.49433709821380406,0.6108361482620239
121,2,16,0.1602342426776886,0.5715364217758179,0.1343800268893774,0.5393791049504085,0.9747880697250366
121,2,17,0.9156819581985474,0.5566533207893372,0.9241157497400027,0.5336726104680451,0.5881239771842957
121,2,18,0.12878724932670593,0.6159456372261047,0.09439854468284668,0.5844747496737578,0.9573620557785034
121,2,19,0.9119565486907959,0.558417558670044,0.9215227573799979,0.5338985049611115,0.6000479459762573
121,2,20,0.1943003535270691,0.6176820397377014,0.1456069527996876,0.5875404688428034,0.9592735767364502
121,2,21,0.8711051940917969,0.553138017654419,0.8905244697089101,0.5233483447911672,0.5938464999198914
121,2,22,0.21438215672969818,0.6025973558425903,0.16893290030187108,0.5737510959576664,0.9523341059684753
121,2,23,0.7031211256980896,0.5539547204971313,0.6584159053542326,0.5259620979449136,0.9983529448509216
121,2,24,0.44118186831474304,0.5585439801216125,0.42796295417053093,0.5320513990242866,0.9994282722473145
121,2,25,0.6623252034187317,0.7720209360122681,0.5639819780792149,0.7271750624881347,0.7432548403739929
121,2,26,0.5033467411994934,0.7873180508613586,0.5093593259975843,0.7468013225442317,0.9694799184799194
121,2,27,0.28440484404563904,0.8617594838142395,0.315867778825621,0.8554975476936659,0.848768413066864
121,2,28,0.2728390693664551,0.8747580647468567,0.35296818514879863,0.880101534276429,0.9508609175682068
121,2,29,0.18135330080986023,0.8579602837562561,0.22722920000937805,0.8641085086080086,0.8508374094963074
121,2,30,0.1836278736591339,0.8712410926818848,0.29962912658914304,0.8902862904246422,0.8535524606704712
121,2,31,0.3109685480594635,0.9578466415405273,0.40197097518363517,0.9348887703045855,0.8614538908004761
121,2,32,0.3061178922653198,0.9708332419395447,0.45481862795711986,0.9662152811772413,0.9245074391365051
122,2,0,0.8217737674713135,0.17274974286556244,0.7487924042307593,0.15116393016203578,0.999708890914917
122,2,1,0.8495429158210754,0.14966170489788055,0.7737524257581867,0.12933896062423986,0.9993584156036377
122,2,2,0.8653885722160339,0.14925555884838104,0.7883034079590654,0.12916129405425708,0.9993004202842712
122,2,3,0.8796077370643616,0.14876402914524078,0.8009959638511708,0.1289504352563538,0.9992350935935974
122,2,4,0.7865197062492371,0.14673788845539093,0.71626430165564,0.12628836849480818,0.9995661377906799
122,2,5,0.7555875778198242,0.14413262903690338,0.6896878458616844,0.12385904048022334,0.9996150732040405
122,2,6,0.7254675626754761,0.14111265540122986,0.6633143702406572,0.12130812280938436,0.9996293783187866
122,2,7,0.8574203848838806,0.14906729757785797,0.780999227971382,0.13210791449974435,0.9984589219093323
122,2,8,0.6520928144454956,0.1401783674955368,0.5962257116365375,0.12295696714331837,0.9996578693389893
122,2,9,0.8204606771469116,0.19707322120666504,0.748331217927444,0.17378767388283214,0.9994801878929138
122,2,10,0.7521488070487976,0.19238124787807465,0.6873438198857977,0.17005614239539818,0.9997665286064148
122,2,11,0.8664472103118896,0.25056543946266174,0.7990622015797991,0.23240463413074156,0.9991583824157715
122,2,12,0.3618866205215454,0.2414446324110031,0.343393626479424,0.22235407968890547,0.9999678730964661
122,2,13,0.8718627095222473,0.41190454363822937,0.7987301879087642,0.38738187430088805,0.4027238190174103
122,2,14,0.2217162549495697,0.4315265417098999,0.2197793136029977,0.40141092033244513,0.9930356740951538
122,2,15,0.9566234350204468,0.3522743582725525,0.9132572171660985,0.4656902598712558,0.6224877834320068
122,2,16,0.16797639429569244,0.5911959409713745,0.14113415242947075,0.5498015937837751,0.9749082326889038
122,2,17,0.9332664012908936,0.3100486993789673,0.9259541210655089,0.4884763966950334,0.6007995009422302
122,2,18,0.1392914354801178,0.6356985569000244,0.10342654429325536,0.5947777856294704,0.9573811292648315
122,2,19,0.960470974445343,0.3225082457065582,0.9293540202900592,0.49118936151014964,0.6114667654037476
122,2,20,0.20395782589912415,0.6372431516647339,0.15734579555063638,0.5975371226711292,0.9594091176986694
122,2,21,0.9246891140937805,0.33038532733917236,0.897392983475291,0.4843822327824724,0.6013451814651489
122,2,22,0.22485080361366272,0.6219379901885986,0.1801815248888303,0.5834424679936054,0.9523775577545166
122,2,23,0.7289615273475647,0.5711935758590698,0.6726129790696613,0.5350583205247033,0.9983805418014526
122,2,24,0.45060649514198303,0.5758301615715027,0.4325137688369541,0.540855115996289,0.9994010925292969
122,2,25,0.7140249609947205,0.7986551523208618,0.5942448630312266,0.7415605623590772,0.7572947144508362
122,2,26,0.49961942434310913,0.8167451620101929,0.507402543053341,0.7608770429312842,0.9698722958564758
122,2,27,0.2984076738357544,0.853878378868103,0.3123592151612467,0.8551723250099877,0.8187389373779297
122,2,28,0.2532993257045746,0.8943332433700562,0.3328937264056325,0.882961095943062,0.9394451379776001
122,2,29,0.1973704844713211,0.8451811671257019,0.22122707391546495,0.8603049561615616,0.8198699355125427
122,2,30,0.1617676168680191,0.8942385911941528,0.27183249915781527,0.8910801924133601,0.8389617204666138
122,2,31,0.3034520745277405,0.9525468349456787,0.38212871626721495,0.9384371280076499,0.8327358961105347
122,2,32,0.2977069318294525,0.9845849275588989,0.42312343980807904,0.9699067033264728,0.9113508462905884
123,2,0,0.8412128686904907,0.1790236383676529,0.7674031295047605,0.15676389417304623,0.9997336864471436
123,2,1,0.8668042421340942,0.15479320287704468,0.7924906222728012,0.13445506643908534,0.9994113445281982
123,2,2,0.8814636468887329,0.1543044149875641,0.8070634971429685,0.1342148227360962,0.9993559718132019
123,2,3,0.8948220014572144,0.15376931428909302,0.8198904828643873,0.1339387489705945,0.9992917776107788
123,2,4,0.8037785291671753,0.15221692621707916,0.7338846341780083,0.1314998774203124,0.9996045827865601
123,2,5,0.7721562385559082,0.14999546110630035,0.7062898879322868,0.12911235939508278,0.9996488690376282
123,2,6,0.7408216595649719,0.14752639830112457,0.6789155024289638,0.1265779062626019,0.9996611475944519
123,2,7,0.8622559905052185,0.1552998125553131,0.7973568142986843,0.1367690103820418,0.9985912442207336
123,2,8,0.6643873453140259,0.14884768426418304,0.6099420994031836,0.1281608643927069,0.9996907114982605
123,2,9,0.8357381224632263,0.20457138121128082,0.7659298917945381,0.17997588662912525,0.9995291829109192
123,2,10,0.7684510350227356,0.20052503049373627,0.7036712148456328,0.17618101518574852,0.9997891783714294
123,2,11,0.8830693364143372,0.2666226923465729,0.8159747751855095,0.23928388996264258,0.9992308020591736
123,2,12,0.3530730605125427,0.2579191029071808,0.3453382558242343,0.2295044018589203,0.9999698996543884
123,2,13,0.8922732472419739,0.42554453015327454,0.8175675837955867,0.3950550092551488,0.40988218784332275
123,2,14,0.17959296703338623,0.44773218035697937,0.21169882613976898,0.410726588033706,0.9929602742195129
123,2,15,0.9806756377220154,0.36683639883995056,0.9268237746011863,0.44578044872081335,0.6305928230285645
123,2,16,0.15783244371414185,0.6110438108444214,0.1444895449054867,0.562123170788191,0.9742597341537476
123,2,17,0.9711447358131409,0.35782963037490845,0.9350421243303403,0.4621397697492276,0.6065524220466614
123,2,18,0.12843720614910126,0.65666663646698,0.10845341265139859,0.6072296877756531,0.9558930993080139
123,2,19,0.9912969470024109,0.3426254987716675,0.9418168265439583,0.4612259296522926,0.616316020488739
123,2,20,0.19191768765449524,0.658099889755249,0.16429623368966803,0.6097217661528782,0.958061695098877
123,2,21,0.9566601514816284,0.3479304015636444,0.9093165353152917,0.4568709807666992,0.604636549949646
123,2,22,0.21537499129772186,0.642602801322937,0.18725705220127759,0.5953444865389662,0.9512170553207397
123,2,23,0.744494616985321,0.5942205786705017,0.6870794703946401,0.5469607253881241,0.998503565788269
123,2,24,0.43748611211776733,0.5983638167381287,0.4335125964501215,0.5524243174773023,0.9994422793388367
123,2,25,0.7216069102287292,0.8368767499923706,0.6199169341753394,0.7607559361746445,0.765459418296814
123,2,26,0.4476574957370758,0.8556649088859558,0.4953826934517597,0.7799657364769184,0.9688420295715332
123,2,27,0.3164336085319519,0.8445023894309998,0.31317764410630916,0.8530286405231297,0.7565113306045532
123,2,28,0.19846414029598236,0.9301502108573914,0.30579172155989714,0.8924515237080163,0.9139502644538879
123,2,29,0.21857967972755432,0.8221296072006226,0.2206953077144242,0.8526292677743956,0.7639120817184448
123,2,30,0.11602624505758286,0.9217292070388794,0.24040193648021857,0.8972413014519137,0.8125216364860535
123,2,31,0.2989291548728943,0.9217388033866882,0.36537903958666235,0.9350817198257694,0.770867645740509
123,2,32,0.25496968626976013,0.9875221252441406,0.3891901695423282,0.9734464875877568,0.8804818391799927
124,2,0,0.8887349367141724,0.18897563219070435,0.7918555186672378,0.16323943258663642,0.9997537136077881
124,2,1,0.9253118634223938,0.16230513155460358,0.8192671138756392,0.14005309073061692,0.9994571208953857
124,2,2,0.9431413412094116,0.16174349188804626,0.834499011385721,0.13974819463623608,0.9994001984596252
124,2,3,0.9581902623176575,0.16102235019207,0.8477757099550496,0.13938259242187173,0.9993346929550171
124,2,4,0.8450997471809387,0.15967267751693726,0.7562918294040766,0.13716282461922907,0.999638557434082
124,2,5,0.8066843748092651,0.1573072075843811,0.7265108579782494,0.1347797419082189,0.9996789693832397
124,2,6,0.7712006568908691,0.15469741821289062,0.6974989082291975,0.1322301336026434,0.9996906518936157
124,2,7,0.9272909760475159,0.16237886250019073,0.8235491619303121,0.14191641495455917,0.9986884593963623
124,2,8,0.693995475769043,0.15672942996025085,0.6268639701404901,0.13390342688592713,0.9997199177742004
124,2,9,0.8851563930511475,0.2161642611026764,0.7899565738782592,0.18725166174469038,0.9995708465576172
124,2,10,0.8053184151649475,0.21135786175727844,0.7241452160951842,0.18325321893659255,0.9998089671134949
124,2,11,0.9410315155982971,0.2877489924430847,0.841180508744202,0.249031290118548,0.9992745518684387
124,2,12,0.35791605710983276,0.27341461181640625,0.34786538221720814,0.2383345853592844,0.9999717473983765
124,2,13,0.9459577798843384,0.44828692078590393,0.8434476011550006,0.40576255271969314,0.38663241267204285
124,2,14,0.16519415378570557,0.46784508228302,0.20234622083863651,0.4222171668778167,0.9929937124252319
124,2,15,0.9777296781539917,0.5102363228797913,0.9370627955048326,0.4587497025592818,0.5896902084350586
124,2,16,0.14683926105499268,0.6381022930145264,0.14496151229908294,0.5774160444592391,0.9732975363731384
124,2,17,0.9804643392562866,0.5463187098503113,0.944176763104779,0.47908680264259584,0.570075511932373
124,2,18,0.12466831505298615,0.6879993081092834,0.11171162817103152,0.6234889613725086,0.9540566205978394
124,2,19,0.9882642030715942,0.5261061191558838,0.9511579016317288,0.47428065141044956,0.5798909664154053
124,2,20,0.19752420485019684,0.6876087188720703,0.1709762393435253,0.6253994798214001,0.9563486576080322
124,2,21,0.961302638053894,0.5110596418380737,0.9197731297065163,0.46777118116533145,0.5706185102462769
124,2,22,0.22069419920444489,0.6710011959075928,0.19397915113802708,0.610572326386655,0.9498100876808167
124,2,23,0.7924603223800659,0.6251440644264221,0.7083077243499187,0.5626982254036714,0.9986207485198975
124,2,24,0.42262664437294006,0.6297720670700073,0.43132549879063725,0.5679932565044064,0.9994812607765198
124,2,25,0.7627751231193542,0.8755176663398743,0.6487250327211971,0.7838799737823346,0.7685660719871521
124,2,26,0.4850611686706543,0.905200183391571,0.4933090258416613,0.8052073702213621,0.9677359461784363
124,2,27,0.36814364790916443,0.8649532794952393,0.32423451793819397,0.8554244900351243,0.6980202794075012
124,2,28,0.1818719059228897,0.9142906069755554,0.280815855293493,0.896840565604696,0.8776405453681946
124,2,29,0.3121575713157654,0.8433671593666077,0.23911251174136317,0.8507685011671268,0.7136676907539368
124,2,30,0.11521126329898834,0.8810219168663025,0.21516893869056442,0.8939821756024707,0.7767425179481506
124,2,31,0.35866281390190125,0.9437535405158997,0.36402983053601645,0.9368238676185774,0.7153624296188354
124,2,32,0.21725349128246307,0.9809921979904175,0.35448979296352234,0.9749623546554018,0.8444358706474304
125,2,0,0.9191449880599976,0.20328915119171143,0.8175128884227858,0.1712924141741488,0.9997159242630005
125,2,1,0.9565582275390625,0.1722511500120163,0.8469482360225435,0.14652587692221342,0.9993802309036255
125,2,2,0.9731408357620239,0.1716313511133194,0.8624535291603399,0.14615761913756237,0.9992649555206299
125,2,3,0.9867764711380005,0.1709357649087906,0.8758028875236501,0.14572562193879374,0.9991240501403809
125,2,4,0.8760669827461243,0.16949190199375153,0.7804294765864204,0.14366197335407174,0.9996334910392761
125,2,5,0.8358221650123596,0.1667741984128952,0.7485333251983023,0.14121156106029878,0.9996764063835144
125,2,6,0.7982298731803894,0.16385972499847412,0.7177878529981772,0.13858853908705906,0.9996881484985352
125,2,7,0.9504408836364746,0.17225095629692078,0.8491260861329841,0.1480142582745596,0.9984828233718872
125,2,8,0.7178345918655396,0.16535599529743195,0.6451820005258215,0.1402262143574498,0.9997392296791077
125,2,9,0.9085239768028259,0.23293828964233398,0.8138500324341635,0.19643953551330748,0.9995700120925903
125,2,10,0.8307275772094727,0.2262144833803177,0.7456162557080253,0.19189234423465162,0.9998202919960022
125,2,11,0.9140936136245728,0.30161309242248535,0.8558550690701828,0.259607872898768,0.9992090463638306
125,2,12,0.3625936508178711,0.28645893931388855,0.3508247583818286,0.24801336354746717,0.9999722838401794
125,2,13,0.9716211557388306,0.472078800201416,0.8692838385123929,0.41910689233356496,0.36037299036979675
125,2,14,0.15919221937656403,0.49302783608436584,0.1936682863492582,0.4364676830763691,0.9931610226631165
125,2,15,0.9269554018974304,0.5380008220672607,0.9350321676741808,0.47470255862302124,0.5442522764205933
125,2,16,0.1477411985397339,0.6741346120834351,0.14551985110211477,0.5968946134973143,0.9718124866485596
125,2,17,0.9012039303779602,0.5754732489585876,0.9355353252834708,0.49849815435659567,0.5270538330078125
125,2,18,0.1281134933233261,0.7273564338684082,0.11500743111879377,0.6444114657141814,0.9501753449440002
125,2,19,0.9113478660583496,0.5563664436340332,0.9431531848183727,0.4908053593270825,0.5359196066856384
125,2,20,0.20569805800914764,0.7252898812294006,0.1779568583407246,0.6455186236339608,0.9524323344230652
125,2,21,0.8967402577400208,0.5429521799087524,0.9151440234513345,0.4829029733791669,0.5272900462150574
125,2,22,0.22702881693840027,0.7085050940513611,0.20062328356264122,0.6302960961451446,0.9456667304039001
125,2,23,0.7969697117805481,0.657477080821991,0.7261597488817385,0.581785109125514,0.998672366142273
125,2,24,0.4307580888271332,0.6638057231903076,0.431211533432149,0.5872888486766621,0.9994999766349792
125,2,25,0.7556449770927429,0.9231252670288086,0.6702643957832479,0.8119565962962192,0.7579004168510437
125,2,26,0.5104840397834778,0.9666372537612915,0.4967602648218619,0.8377773385531908,0.9668014049530029
125,2,27,0.3090755045413971,0.8640961050987244,0.3211885532724538,0.8571665962832563,0.6493933200836182
125,2,28,0.1451665759086609,0.911682665348053,0.253466945705467,0.8998228247926776,0.859967052936554
125,2,29,0.19713972508907318,0.8376356363296509,0.2306723981981892,0.848129809258606,0.6730086207389832
125,2,30,0.09815338999032974,0.8662182092666626,0.1915890723213823,0.8884014717936666,0.7653107047080994
125,2,31,0.19786880910396576,0.9424314498901367,0.33050084185327516,0.9379503203915297,0.6717128157615662
125,2,32,0.08676232397556305,0.9972330331802368,0.30031253972955485,0.9794381883661265,0.828192412853241
126,2,0,0.9620474576950073,0.21805891394615173,0.8466603836997281,0.18069774256316046,0.9997270107269287
126,2,1,0.9984211921691895,0.18198245763778687,0.8775009029316018,0.15365437689589698,0.9994003176689148
126,2,2,1.0140351057052612,0.18238632380962372,0.8930282050409881,0.15344151129484046,0.9992752075195312
126,2,3,1.0262855291366577,0.18293562531471252,0.906154978067107,0.15320701301208173,0.9991176724433899
126,2,4,0.9131356477737427,0.17632636427879333,0.807182744236083,0.1502285929089191,0.9996551275253296
126,2,5,0.8713921904563904,0.17268633842468262,0.7732945626518173,0.14753881788469034,0.9996964335441589
126,2,6,0.8311607241630554,0.16915291547775269,0.7406311904089843,0.14473262442537826,0.9997093677520752
126,2,7,0.9599109292030334,0.1842394769191742,0.8714464108006637,0.15529744832301567,0.9985445141792297
126,2,8,0.744530200958252,0.1705613136291504,0.6651916624949715,0.14632417076826032,0.9997623562812805
126,2,9,0.9317996501922607,0.25059774518013,0.8376186162189591,0.2073336877385246,0.9995988011360168
126,2,10,0.8502756357192993,0.24044014513492584,0.7666987991678792,0.20165640294953327,0.9998360276222229
126,2,11,1.037791132926941,0.32109537720680237,0.8925833829720214,0.27197888648996754,0.998938262462616
126,2,12,0.3671152591705322,0.29032236337661743,0.3540981802437541,0.2565211716526526,0.9999725818634033
126,2,13,0.940756618976593,0.5287174582481384,0.8836679601525512,0.4411897856153978,0.3430495858192444
126,2,14,0.16863271594047546,0.5056450963020325,0.1886363849950128,0.4503888807248125,0.9932581782341003
126,2,15,0.9166117310523987,0.5781181454658508,0.9313305408275449,0.49553371238103733,0.5051652789115906
126,2,16,0.21499428153038025,0.6923284530639648,0.15950089340946302,0.6161137758057814,0.9719162583351135
126,2,17,0.8746632933616638,0.6090629696846008,0.9232883751461117,0.5207737898758336,0.4908216595649719
126,2,18,0.18986809253692627,0.7506529688835144,0.1300746683526743,0.6658136303106824,0.9498382210731506
126,2,19,0.8974614143371582,0.5862005352973938,0.9339642902398574,0.5100165806013458,0.49858978390693665
126,2,20,0.26858580112457275,0.7505303025245667,0.19620584741225866,0.6666723097976057,0.9521071910858154
126,2,21,0.8767029643058777,0.5753453373908997,0.907414863508721,0.5015180143655363,0.49144381284713745
126,2,22,0.30008313059806824,0.7322770357131958,0.22065541025794091,0.650837521680556,0.9458394646644592
126,2,23,0.7980967164039612,0.6582247018814087,0.7406374307977461,0.597170887788574,0.9978188872337341
126,2,24,0.4141390919685364,0.6505983471870422,0.42778091206971874,0.600027113488874,0.9993571043014526
126,2,25,0.8803725838661194,0.8679091334342957,0.7127134005501438,0.8232123140374383,0.7468396425247192
126,2,26,0.3656731843948364,0.876863956451416,0.4703347289915607,0.8456365097046236,0.9644864201545715
126,2,27,0.324041485786438,0.851209819316864,0.32176160662427095,0.8559699855134676,0.6058745384216309
126,2,28,0.18139667809009552,0.9029780626296997,0.2389623039612709,0.9004566063766934,0.8318700790405273
126,2,29,0.20969103276729584,0.8288636803627014,0.22645583495145355,0.8442581384650608,0.6277488470077515
126,2,30,0.1473301649093628,0.8819071054458618,0.1826885830145199,0.8870968488607609,0.73757004737854
126,2,31,0.2297954559326172,0.9404757022857666,0.3102169454584978,0.9384575759316756,0.6235737204551697
126,2,32,0.15094026923179626,1.0107438564300537,0.27018481961672614,0.9857314181279809,0.7889642715454102
127,2,0,1.0289241075515747,0.23784613609313965,0.8834552904090556,0.19219434708955987,0.9995997548103333
127,2,1,1.0462923049926758,0.19548065960407257,0.9115632926857613,0.16206500042298144,0.9989522695541382
127,2,2,1.0580452680587769,0.1957172006368637,0.926325427696513,0.1619426107209891,0.9986684918403625
127,2,3,1.0660679340362549,0.19619020819664001,0.9384177004747251,0.16185055427684283,0.9980762004852295
127,2,4,0.968469500541687,0.19018547236919403,0.8397237992947881,0.15826288677713007,0.9994730949401855
127,2,5,0.926476001739502,0.18627893924713135,0.8041932735901173,0.1553281872882309,0.9995691776275635
127,2,6,0.8832862973213196,0.1822606772184372,0.7693981220954534,0.15227802992906694,0.999606192111969
127,2,7,0.9750285744667053,0.19717946648597717,0.8923113882200185,0.16371929207572794,0.9976337552070618
127,2,8,0.7800878286361694,0.17983072996139526,0.6883429145839471,0.15306025317279998,0.9997432231903076
127,2,9,0.9725589752197266,0.2680136263370514,0.8648240232984762,0.2195419478725311,0.9994053244590759
127,2,10,0.8999599814414978,0.25883978605270386,0.7935643664251357,0.2131600587311799,0.9998082518577576
127,2,11,1.0801876783370972,0.3326329290866852,0.93046210950973,0.28418193130293345,0.9970632791519165
127,2,12,0.38728928565979004,0.29459595680236816,0.36077078245216654,0.26417662427599203,0.9999566078186035
127,2,13,0.9971608519554138,0.5343926548957825,0.9065356156708193,0.4599584874540333,0.3316361904144287
127,2,14,0.2038303017616272,0.5267438292503357,0.19168936180346538,0.4657575739887885,0.9935579299926758
127,2,15,0.9490359425544739,0.6692764163017273,0.93488842014737,0.5305998254299511,0.47108539938926697
127,2,16,0.30621838569641113,0.7219841480255127,0.18909020787555286,0.6374409655883897,0.9714998602867126
127,2,17,0.9270056486129761,0.722398042678833,0.9240350625013038,0.5614987426737494,0.45745325088500977
127,2,18,0.27777138352394104,0.7861719131469727,0.15986228071067515,0.6900691924268704,0.9481067657470703
127,2,19,0.9414491057395935,0.7134439945220947,0.9354679221227086,0.551107761178464,0.4640556573867798
127,2,20,0.37061432003974915,0.7855762839317322,0.2314069657022507,0.6906338086020093,0.9503549337387085
127,2,21,0.9124157428741455,0.6923059225082397,0.9084194251358803,0.5400425356867758,0.45958033204078674
127,2,22,0.39507725834846497,0.765257716178894,0.25585925554774,0.673892555348955,0.9443190693855286
127,2,23,0.7956321835517883,0.6866110563278198,0.7517001536732972,0.6151799838887833,0.9957665205001831
127,2,24,0.3868136703968048,0.6774006485939026,0.41954323013090355,0.6156012840271194,0.9987138509750366
127,2,25,0.709246814250946,0.91548091173172,0.7120170834552755,0.8417924386451785,0.7531126737594604
127,2,26,0.3270740211009979,0.9336979389190674,0.4414452461904588,0.8633673636696678,0.9589002132415771
127,2,27,0.5210924744606018,1.0839765071868896,0.3620207732982028,0.9020576049804119,0.5903329849243164
127,2,28,0.20822814106941223,1.0852479934692383,0.23278400907800664,0.9377641129622059,0.7948703765869141
127,2,29,0.4595746099948883,1.1051806211471558,0.27358349700407125,0.8970474287001372,0.6004195809364319
127,2,30,0.2178410291671753,1.0987290143966675,0.189755807924856,0.9298551746806549,0.691800594329834
127,2,31,0.6011528968811035,1.2002023458480835,0.3691270739091262,0.9914144579480899,0.5919728875160217
127,2,32,0.26469704508781433,1.218159556388855,0.2690824114291668,1.0327185851117309,0.7396635413169861
128,2,0,1.0428739786148071,0.2611033320426941,0.9156179200365436,0.20606141543107628,0.999624490737915
128,2,1,1.066611886024475,0.217859148979187,0.942840447371924,0.17328874290020166,0.9990176558494568
128,2,2,1.0806171894073486,0.21945488452911377,0.9574492518941793,0.17351253426491445,0.9987512826919556
128,2,3,1.0915472507476807,0.2212768942117691,0.9693060751975575,0.17380617778939708,0.9981903433799744
128,2,4,0.9873554706573486,0.20911262929439545,0.8694985480686965,0.16849057775319473,0.9995130896568298
128,2,5,0.9487054347991943,0.20395059883594513,0.8333362955576725,0.16510727199198308,0.9996032118797302
128,2,6,0.9070582985877991,0.1992451399564743,0.7971539954308939,0.16172375686163404,0.9996371269226074
128,2,7,1.0137577056884766,0.21511906385421753,0.9167870404116809,0.17405777285836382,0.9978281855583191
128,2,8,0.8113837242126465,0.1918080449104309,0.7131409640531172,0.16085116684240927,0.9997672438621521
128,2,9,1.0050122737884521,0.2905372977256775,0.8930916451216355,0.23382970942271142,0.9994571208953857
128,2,10,0.9350063800811768,0.2804434299468994,0.822085760140384,0.22669937727064682,0.9998261332511902
128,2,11,1.1394689083099365,0.33072006702423096,0.9726874819700699,0.2935412828817619,0.9972410798072815
128,2,12,0.44558557868003845,0.2823654115200043,0.3778462813939158,0.2678316873215833,0.9999598264694214
128,2,13,1.1287745237350464,0.5337703824043274,0.9514505326260744,0.4748142833592009,0.35699567198753357
128,2,14,0.23879127204418182,0.5524091720581055,0.20116222174217882,0.48320380927824297,0.9937323927879333
128,2,15,0.9440412521362305,0.4497333765029907,0.9367272288169499,0.5143211273957811,0.47308284044265747
128,2,16,0.41494232416152954,0.7789767384529114,0.23473975643742703,0.6659812739478254,0.9709718823432922
128,2,17,0.9217849373817444,0.43192392587661743,0.9235830993966796,0.5353793367817222,0.45070940256118774
128,2,18,0.3986221253871918,0.849919855594635,0.2081380874639635,0.7223191635616596,0.9456387758255005
128,2,19,0.930841863155365,0.4094960391521454,0.9345386641360136,0.5225523618290226,0.4548346698284149
128,2,20,0.4868621230125427,0.8460343480110168,0.2830825466441324,0.7219820642358002,0.948197603225708
128,2,21,0.8966317772865295,0.4151201844215393,0.9060511095778458,0.5148642053367884,0.4509254992008209
128,2,22,0.49924132227897644,0.8248177170753479,0.3050760889279283,0.7043341999599195,0.9427527189254761
128,2,23,0.7808957099914551,0.6585221886634827,0.757568871429089,0.6238958350872944,0.995959460735321
128,2,24,0.38335078954696655,0.6463672518730164,0.4122666366288122,0.6217859459522537,0.9987876415252686
128,2,25,0.6947200298309326,0.9375168085098267,0.7085413452850794,0.8610703201967647,0.7646676301956177
128,2,26,0.30700281262397766,0.9381421208381653,0.41434063302936275,0.8784173943987045,0.9542800784111023
128,2,27,0.3935360610485077,0.9190828800201416,0.3683562166197612,0.9054787715050471,0.5511451363563538
128,2,28,0.22649730741977692,1.0717750787734985,0.23152110190803216,0.9647814057240391,0.7644523978233337
128,2,29,0.32158374786376953,0.8869461417198181,0.28323735668669314,0.8950180446732255,0.5622378587722778
128,2,30,0.22167430818080902,1.075505256652832,0.19617229522597818,0.959228556317081,0.6605324149131775
128,2,31,0.28422462940216064,1.0409599542617798,0.3520339980790436,1.0013795558384824,0.5500511527061462
128,2,32,0.28318944573402405,1.2250745296478271,0.27191685885343064,1.0715618154008422,0.7010706067085266
129,2,0,1.043655514717102,0.28062716126441956,0.9414268514590992,0.22106922086008612,0.9984564781188965
129,2,1,1.071007251739502,0.23699432611465454,0.96867551387367,0.18610682219472766,0.9971340894699097
129,2,2,1.085178017616272,0.23744329810142517,0.9831957043434143,0.1863760033255698,0.9965178966522217
129,2,3,1.1115447282791138,0.2380906343460083,0.9979889199307508,0.18674094186963686,0.9956599473953247
129,2,4,1.0095651149749756,0.22958631813526154,0.897741621299417,0.1807826353133198,0.9984738826751709
129,2,5,0.9738972187042236,0.224099799990654,0.8616794088391035,0.17697547710300432,0.9987867474555969
129,2,6,0.9386061429977417,0.21840979158878326,0.8256774914683876,0.17312720063701934,0.9990023374557495
129,2,7,0.985981285572052,0.22938278317451477,0.9307117258692912,0.18518699820866644,0.996300995349884
129,2,8,0.8305624723434448,0.20535103976726532,0.7368027955034389,0.16980008027114665,0.9996116161346436
129,2,9,0.9993684887886047,0.30724212527275085,0.9145010888136982,0.24860491129246973,0.9987552762031555
129,2,10,0.944119393825531,0.2991328239440918,0.8466802123574896,0.2412771459874357,0.9996511936187744
129,2,11,0.8712671399116516,0.29853108525276184,0.9522597117726547,0.294543620054647,0.9967189431190491
129,2,12,0.4348958134651184,0.3042429983615875,0.3893229713618157,0.2751523335627838,0.9999310374259949
129,2,13,1.019122838973999,0.48509660363197327,0.9650684338184954,0.47688007790955744,0.34333324432373047
129,2,14,0.30622023344039917,0.5915153622627258,0.22232519714128,0.5050242422515184,0.9929062724113464
129,2,15,0.9077652096748352,0.3535798490047455,0.9309055209818005,0.4818909677390475,0.4651997685432434
129,2,16,0.5115084648132324,0.8398088216781616,0.2907602720995238,0.7010648056782425,0.968028724193573
129,2,17,0.8856980204582214,0.35810765624046326,0.9159658380240715,0.4995975668495192,0.43576863408088684
129,2,18,0.5164234638214111,0.9115358591079712,0.27059251220452196,0.7605251295495853,0.9393671154975891
129,2,19,0.9375708699226379,0.34378549456596375,0.9351477306333766,0.486467247516052,0.43933165073394775
129,2,20,0.607496976852417,0.9072917699813843,0.3488340778332455,0.7593950555452851,0.9425462484359741
129,2,21,0.9160506725311279,0.3537520468235016,0.9080600731660956,0.4823588144401491,0.4347894489765167
129,2,22,0.6129184365272522,0.8831780552864075,0.3674401350184898,0.7404352472735188,0.9365496635437012
129,2,23,0.707074761390686,0.7028049826622009,0.7474128507395473,0.6397797924639899,0.9934455156326294
129,2,24,0.3652506470680237,0.7156325578689575,0.4028110672725029,0.6406846164929155,0.9976873993873596
129,2,25,0.7710422277450562,0.90651535987854,0.7211167039878944,0.8702095980020772,0.7190165519714355
129,2,26,0.3520514667034149,0.9357796311378479,0.401807964432372,0.8899571461473035,0.9021997451782227
129,2,27,0.6342200040817261,0.9785781502723694,0.42215288796651856,0.920190910009927,0.5077995657920837
129,2,28,0.39663371443748474,1.0451403856277466,0.2648371874831933,0.9809579262563906,0.7064979672431946
129,2,29,0.584585964679718,0.9757535457611084,0.34427447433078834,0.9112705490008659,0.5236966609954834
129,2,30,0.34575358033180237,1.0438686609268188,0.2263414201731402,0.9762689496757965,0.6180303692817688
129,2,31,0.6890228390693665,1.075730323791504,0.42035716528787903,1.0163441130351978,0.511437177658081
129,2,32,0.6083582043647766,1.1589750051498413,0.34012670511207976,1.0891619431895916,0.6514120697975159
130,2,0,0.9845978021621704,0.24962180852890015,0.9501083068656488,0.22680858056105072,0.9981039762496948
130,2,1,0.9310336709022522,0.20344866812229156,0.9611073107576873,0.18959161007783704,0.9966763854026794
130,2,2,0.9220020771026611,0.20179852843284607,0.9708840945209624,0.1894749430383266,0.9960834383964539
130,2,3,0.9354647397994995,0.20273248851299286,0.9854091515951159,0.18995426992604278,0.9953740239143372
130,2,4,0.9298039674758911,0.19901730120182037,0.9041871772185714,0.1844469237702682,0.9981018900871277
130,2,5,0.9233810305595398,0.1948864758014679,0.8740937050925159,0.18057469105565693,0.998397171497345
130,2,6,0.8850728273391724,0.18651917576789856,0.8376269818115057,0.17581797555004594,0.9987033605575562
130,2,7,0.8147830963134766,0.18694710731506348,0.907352034013558,0.18554053165311554,0.9963290691375732
130,2,8,0.7945576906204224,0.1805841624736786,0.7484216866345835,0.17196670645362067,0.999485969543457
130,2,9,0.9208177328109741,0.26548755168914795,0.9157700155773789,0.2519973826674723,0.9985299706459045
130,2,10,0.914642333984375,0.26087474822998047,0.8603564871460511,0.24521547293472623,0.999565839767456
130,2,11,0.7102128267288208,0.28061991930007935,0.9033155630330685,0.29174597377765715,0.99689120054245
130,2,12,0.4357963502407074,0.2974019944667816,0.39866928150306313,0.2796239441492638,0.9999120235443115
130,2,13,0.829369843006134,0.45966213941574097,0.9377100883632092,0.47342021687012004,0.33101698756217957
130,2,14,0.37206587195396423,0.5956355929374695,0.252526819538924,0.5232697808263249,0.9905471801757812
130,2,15,0.9091195464134216,0.3760600984096527,0.9265271630924362,0.4605718123008417,0.45666319131851196
130,2,16,0.5827928185462952,0.8644303679466248,0.34989595981343613,0.7340272908544814,0.9621401429176331
130,2,17,0.8972024917602539,0.3572847247123718,0.9121952587738296,0.47089998674078054,0.4264298677444458
130,2,18,0.5997298359870911,0.937563419342041,0.3373106414999504,0.7962600816866888,0.9302479028701782
130,2,19,0.9707093834877014,0.33379673957824707,0.9422973751245775,0.45567209655793783,0.4297190308570862
130,2,20,0.6852908134460449,0.9365514516830444,0.4170499917759485,0.795153945078209,0.9338815212249756
130,2,21,0.951398491859436,0.34549403190612793,0.9167751318577263,0.45476404736321413,0.423198401927948
130,2,22,0.6829530596733093,0.9114256501197815,0.43137248621013397,0.7749435755719223,0.9261218905448914
130,2,23,0.5116052627563477,0.7123683094978333,0.6997381334390468,0.6543888621853855,0.990810751914978
130,2,24,0.30719178915023804,0.7470639944076538,0.3835545033550414,0.6621146429869365,0.9957305192947388
130,2,25,0.9584870934486389,0.8021333813667297,0.7691099398578173,0.8565105204712145,0.6784225702285767
130,2,26,0.5999133586883545,0.8357166051864624,0.44181800065730753,0.8790464730350457,0.8637868762016296
130,2,27,0.6511476039886475,0.9473184943199158,0.4684422242858704,0.9256436327854086,0.46282339096069336
130,2,28,0.5440489649772644,1.0044630765914917,0.3213554404195706,0.9856820526682178,0.6463454961776733
130,2,29,0.5609014630317688,0.9567511677742004,0.3880489203852363,0.9204170061848633,0.48046228289604187
130,2,30,0.4541878402233124,1.0235627889633179,0.27239642954941345,0.9857805458478565,0.5728459358215332
130,2,31,0.6941829323768616,1.0332577228546143,0.4757780512606536,1.0197428299738103,0.46724140644073486
130,2,32,0.7871639132499695,1.0841609239578247,0.4310379238720341,1.0881573657276293,0.5992754697799683
131,2,0,0.9603262543678284,0.29703783988952637,0.9521611795372509,0.24094187054504737,0.9918408393859863
131,2,1,0.9588704109191895,0.2507278323173523,0.9606580089560478,0.20189182987996065,0.9869450926780701
131,2,2,0.9560671448707581,0.24811367690563202,0.9679069218581148,0.20127185871235748,0.9853349924087524
131,2,3,0.9687356352806091,0.24541610479354858,0.9820587651572441,0.20111106557731334,0.9843760132789612
131,2,4,0.9535290598869324,0.23961296677589417,0.9141112565525943,0.19554412361976514,0.9924072027206421
131,2,5,0.938483715057373,0.23213425278663635,0.8870498561429265,0.19094536222327896,0.9936684370040894
131,2,6,0.9079670906066895,0.22239437699317932,0.8517827214245378,0.18518502638559545,0.9952205419540405
131,2,7,0.8574551939964294,0.22259292006492615,0.8973163192301976,0.19299020426706787,0.9882710576057434
131,2,8,0.8515424132347107,0.2027701884508133,0.7691934300736921,0.1781589002817548,0.9982480406761169
131,2,9,0.9052494168281555,0.3135325014591217,0.9136563595960574,0.26437800523673133,0.994868278503418
131,2,10,0.8812083005905151,0.3040773570537567,0.8645470330465337,0.2570573625731691,0.9984108209609985
131,2,11,0.8033822774887085,0.2752171456813812,0.8831878099881996,0.2884246434219292,0.9952794313430786
131,2,12,0.4453403949737549,0.2609344720840454,0.40805541058798284,0.27586822166149066,0.9998637437820435
131,2,13,0.8621273040771484,0.5286402702331543,0.9224972744732056,0.48452831295237603,0.3067927658557892
131,2,14,0.4002598524093628,0.5986368060112,0.28232194108774156,0.5384392477369029,0.9876946806907654
131,2,15,0.9487060904502869,0.5376105904579163,0.9309845472049266,0.4760783668397959,0.415828675031662
131,2,16,0.6358309984207153,0.9479877948760986,0.40778766205845335,0.7772593856612473,0.9489643573760986
131,2,17,0.9356328248977661,0.5482870936393738,0.9169057597297128,0.4864767594198794,0.3885838985443115
131,2,18,0.6982330679893494,1.0549194812774658,0.41053709657235865,0.8485890163300307,0.9091342091560364
131,2,19,0.9984838366508484,0.5235943794250488,0.9536001575453986,0.4693401126015578,0.39199039340019226
131,2,20,0.7191805839538574,1.0217597484588623,0.4782488470049695,0.840957314278928,0.914635181427002
131,2,21,0.9784544706344604,0.5206088423728943,0.929184803944046,0.4680132615287425,0.3858843445777893
131,2,22,0.7254576086997986,0.9838162064552307,0.49092814698975995,0.8171417024412475,0.9050278067588806
131,2,23,0.5459186434745789,0.7534032464027405,0.6687101398240075,0.6743311128867265,0.9792651534080505
131,2,24,0.26023682951927185,0.772217333316803,0.3587005458177396,0.6842970601819827,0.9898900985717773
131,2,25,0.913010835647583,0.8901976346969604,0.7981293822046732,0.8632829555226659,0.6343725323677063
131,2,26,0.4050758183002472,0.8632216453552246,0.4344307755391617,0.8758666771532971,0.8209919929504395
131,2,27,0.5987585186958313,1.005444884300232,0.49471232972101153,0.9417075931590323,0.4230603873729706
131,2,28,0.5542241334915161,1.0335530042648315,0.3684328037402146,0.9953098460921622,0.5906134247779846
131,2,29,0.5062330365180969,1.0031832456588745,0.41186532863036673,0.9370792253712525,0.44116130471229553
131,2,30,0.4472866952419281,1.0375096797943115,0.3076955082807129,0.9961854352584084,0.5276188850402832
131,2,31,0.64654940366745,1.112993836402893,0.51024255732722,1.0385213165779845,0.4277845621109009
131,2,32,0.650337278842926,1.1590003967285156,0.47535638915799133,1.1024145227053885,0.5502969026565552
132,2,0,0.8251295685768127,0.27895697951316833,0.926556321887856,0.24858532203835168,0.9702947735786438
132,2,1,0.8501828908920288,0.2394651472568512,0.9384006164882974,0.20944635413037294,0.9561234712600708
132,2,2,0.8482251763343811,0.23485836386680603,0.9437884573584396,0.20802403570647074,0.9549762606620789
132,2,3,0.8590725064277649,0.23018021881580353,0.9572720872330264,0.20695434073593114,0.9583167433738708
132,2,4,0.8336076736450195,0.23638641834259033,0.897905814437602,0.2037566625079086,0.9636613726615906
132,2,5,0.8221378922462463,0.22998693585395813,0.8739887250711901,0.19879541610281695,0.9638815522193909
132,2,6,0.800255537033081,0.22275777161121368,0.8414186642245935,0.19273943197666032,0.9662033915519714
132,2,7,0.8114851117134094,0.18760570883750916,0.8800357475236501,0.19190857320750407,0.9702150225639343
132,2,8,0.7431390285491943,0.16098453104496002,0.7639566463222351,0.17470779014235707,0.9792248606681824
132,2,9,0.7970419526100159,0.266963928937912,0.8901580017339805,0.2648974233561443,0.9878627061843872
132,2,10,0.7574608325958252,0.25388503074645996,0.8429744131368654,0.2564201485357415,0.9903215169906616
132,2,11,0.8024048209190369,0.13133573532104492,0.8669258434074586,0.25673451035535844,0.9954096078872681
132,2,12,0.3967178761959076,0.18813978135585785,0.4057775607344542,0.2582047008740341,0.9996617436408997
132,2,13,0.8872637152671814,0.3873012661933899,0.9154136902156448,0.46494714598588893,0.29376891255378723
132,2,14,0.5182887315750122,0.5467971563339233,0.3300295003913773,0.540118324456179,0.9618985652923584
132,2,15,0.9569810628890991,0.4885912835597992,0.9362097263452618,0.47859244904095605,0.39039501547813416
132,2,16,0.690879762172699,0.8425709009170532,0.46509964210775173,0.7904013954726227,0.907218873500824
132,2,17,0.9638692140579224,0.5108488202095032,0.926350743982911,0.49137518707973166,0.36392807960510254
132,2,18,0.6984484195709229,0.941439151763916,0.4688332701764398,0.8672868677409393,0.8631801605224609
132,2,19,1.009833812713623,0.5012311339378357,0.9649124533491535,0.47575108561066604,0.3687271773815155
132,2,20,0.7831839919090271,0.9249441027641296,0.5400209781938312,0.8578660525463518,0.8710275888442993
132,2,21,0.9830400943756104,0.4931742548942566,0.9400179342392738,0.47307036539567077,0.36189064383506775
132,2,22,0.7840503454208374,0.8896037340164185,0.55028759340377,0.8317254705161615,0.8587153553962708
132,2,23,0.5321497917175293,0.5880276560783386,0.6411768130994738,0.6569552649337489,0.980258584022522
132,2,24,0.25834357738494873,0.6150150299072266,0.33848712363038397,0.6703548704496748,0.9897478222846985
132,2,25,0.8593050241470337,0.6814590096473694,0.8104377204773725,0.8265776960246989,0.5856623649597168
132,2,26,0.5188149213790894,0.6850665211677551,0.4514193733722397,0.837339732227575,0.7591987252235413
132,2,27,0.6247760653495789,0.8572419881820679,0.5209313008925408,0.9247026501712375,0.386662095785141
132,2,28,0.4958297908306122,0.8998160362243652,0.3941122666051303,0.9760787246104359,0.5387058258056641
132,2,29,0.571634829044342,0.8584403991699219,0.4440993344323013,0.9212499543919935,0.4044717252254486
132,2,30,0.4464922249317169,0.9044197201728821,0.33568151771708543,0.9777070488193967,0.48356518149375916
132,2,31,0.6133657693862915,0.9790676236152649,0.5310152374233829,1.026560268646792,0.3913815915584564
132,2,32,0.5585609078407288,1.0355851650238037,0.492107548113649,1.0889668615565262,0.504782497882843
134,3,0,0.33056485652923584,0.49115851521492004,0.33056485652923584,0.49115851521492004,0.9570379257202148
134,3,1,0.3628399968147278,0.40849295258522034,0.3628399968147278,0.40849295258522034,0.941653847694397
134,3,2,0.38410431146621704,0.39071136713027954,0.38410431146621704,0.39071136713027954,0.9443155527114868
134,3,3,0.40661823749542236,0.373857706785202,0.40661823749542236,0.373857706785202,0.9441076517105103
134,3,4,0.3265782594680786,0.43768811225891113,0.3265782594680786,0.43768811225891113,0.9457100629806519
134,3,5,0.31910479068756104,0.441455215215683,0.31910479068756104,0.441455215215683,0.9469261765480042
134,3,6,0.3099152147769928,0.44550222158432007,0.3099152147769928,0.44550222158432007,0.9433132410049438
134,3,7,0.5034885406494141,0.2734580934047699,0.5034885406494141,0.2734580934047699,0.9621590971946716
134,3,8,0.330479234457016,0.3826894462108612,0.330479234457016,0.3826894462108612,0.9693339467048645
134,3,9,0.40591779351234436,0.44958367943763733,0.40591779351234436,0.44958367943763733,0.9851863384246826
134,3,10,0.3509473502635956,0.4879826307296753,0.3509473502635956,0.4879826307296753,0.9874948859214783
134,3,11,0.8429003953933716,0.33381202816963196,0.8429003953933716,0.33381202816963196,0.9953731298446655
134,3,12,0.2979976236820221,0.26860305666923523,0.2979976236820221,0.26860305666923523,0.9988901615142822
134,3,13,0.8477261662483215,0.5180321335792542,0.8477261662483215,0.5180321335792542,0.3345896303653717
134,3,14,0.20748530328273773,0.6717610955238342,0.20748530328273773,0.6717610955238342,0.8850741386413574
134,3,15,0.7563084363937378,0.6821577548980713,0.7563084363937378,0.6821577548980713,0.42806828022003174
134,3,16,0.1820264458656311,0.8250061273574829,0.1820264458656311,0.8250061273574829,0.8618255257606506
134,3,17,0.7339012622833252,0.7650919556617737,0.7339012622833252,0.7650919556617737,0.40411680936813354
134,3,18,0.15627144277095795,0.8932209610939026,0.15627144277095795,0.8932209610939026,0.8238685727119446
134,3,19,0.7385324239730835,0.6950743198394775,0.7385324239730835,0.6950743198394775,0.4106243848800659
134,3,20,0.2459879070520401,0.8067933917045593,0.2459879070520401,0.8067933917045593,0.8336860537528992
134,3,21,0.7167404294013977,0.6615139245986938,0.7167404294013977,0.6615139245986938,0.40496689081192017
134,3,22,0.21994608640670776,0.8424555659294128,0.21994608640670776,0.8424555659294128,0.8281004428863525
134,3,23,0.5226747393608093,0.8751254677772522,0.5226747393608093,0.8751254677772522,0.9761642217636108
134,3,24,0.1595427542924881,0.9446850419044495,0.1595427542924881,0.9446850419044495,0.9845622777938843
134,3,25,0.29232901334762573,1.8667088747024536,0.29232901334762573,1.8667088747024536,0.5486161708831787
134,3,26,0.04894700646400452,1.876799464225769,0.04894700646400452,1.876799464225769,0.705008864402771
134,3,27,0.09126776456832886,2.73016619682312,0.09126776456832886,2.73016619682312,0.35097232460975647
134,3,28,-0.24623963236808777,2.7541513442993164,-0.24623963236808777,2.7541513442993164,0.4912986755371094
134,3,29,0.08846709877252579,2.821993589401245,0.08846709877252579,2.821993589401245,0.3669777810573578
134,3,30,-0.2679845690727234,2.8584933280944824,-0.2679845690727234,2.8584933280944824,0.441106379032135
134,3,31,-0.0520172193646431,2.994464874267578,-0.0520172193646431,2.994464874267578,0.3567824065685272
134,3,32,-0.3040178418159485,2.9748990535736084,-0.3040178418159485,2.9748990535736084,0.45756974816322327
135,3,0,0.48523828387260437,0.5039718151092529,0.36176562696046505,0.49373297527010485,0.9568915963172913
135,3,1,0.5000816583633423,0.44616177678108215,0.39051095711705647,0.41606668780918904,0.9431983828544617
135,3,2,0.5161479115486145,0.43275001645088196,0.41072336248404107,0.39916473999403773,0.9460889101028442
135,3,3,0.5468310117721558,0.41326817870140076,0.43489058560492777,0.3817820066417936,0.9466747641563416
135,3,4,0.45488297939300537,0.466384619474411,0.3524408774130513,0.4434564116677307,0.9454202651977539
135,3,5,0.44152772426605225,0.46768924593925476,0.3437777509953514,0.4467281666690501,0.9443275332450867
135,3,6,0.42825543880462646,0.4693799316883087,0.33376262994052686,0.45030124325606885,0.9384217262268066
135,3,7,0.5698286294937134,0.3267035484313965,0.5168376746974173,0.28416835923964456,0.9632181525230408
135,3,8,0.40785348415374756,0.39816343784332275,0.34605350423644926,0.3857987271370135,0.9604635834693909
135,3,9,0.5021302700042725,0.47447487711906433,0.42529412708109404,0.454586537488917,0.9851709604263306
135,3,10,0.4527984857559204,0.493991494178772,0.3714624948869656,0.4891897064880561,0.9856582880020142
135,3,11,0.7016672492027283,0.1812746226787567,0.8144214892194123,0.30304397090622115,0.9957628846168518
135,3,12,0.2949553430080414,0.3397930860519409,0.29738653352318706,0.28293005499436835,0.9968550205230713
135,3,13,0.758598804473877,0.3832324743270874,0.8297802694207171,0.4908553886133633,0.37324362993240356
135,3,14,0.18481864035129547,0.6914118528366089,0.20292983671783552,0.6757101016849238,0.8701573014259338
135,3,15,0.7878224849700928,0.679839015007019,0.7626435919343816,0.6816920088062045,0.48171576857566833
135,3,16,0.3987698256969452,0.8750673532485962,0.22582368554415277,0.8350749902799411,0.8531166315078735
135,3,17,0.8235791921615601,0.7066084742546082,0.7519582948296831,0.7533263395869225,0.4589517414569855
135,3,18,0.40089505910873413,0.9426235556602478,0.20574078146408947,0.9031571694199471,0.817472517490387
135,3,19,0.7906917929649353,0.7099303603172302,0.7490239054153811,0.698059380393754,0.46560460329055786
135,3,20,0.4384133517742157,0.8890333771705627,0.28484490894000897,0.8233493157300055,0.8279416561126709
135,3,21,0.7613700032234192,0.6888641119003296,0.7257154521867667,0.6670113919070119,0.4603022634983063
135,3,22,0.4394277334213257,0.8902231454849243,0.26430002673468517,0.8520624878579249,0.8170827031135559
135,3,23,0.4876192808151245,0.5179721117019653,0.5156269668890859,0.8026738724165988,0.9775575995445251
135,3,24,0.19239716231822968,0.5874481797218323,0.16614760578586485,0.8722163391672237,0.9847378730773926
135,3,25,0.5279108881950378,0.7680408358573914,0.3399578973064605,1.6392854465017666,0.49404004216194153
135,3,26,0.1844465285539627,0.7530100345611572,0.07626538364661925,1.6440191276290508,0.6389583945274353
135,3,27,0.4946618974208832,0.8951128125190735,0.17320436681380985,2.3428434208447353,0.31615522503852844
135,3,28,0.20954300463199615,0.9315107464790344,-0.15352808659822414,2.3695729255900284,0.4502808153629303
135,3,29,0.48716092109680176,0.8642114400863647,0.1694384707037095,2.4074466120151863,0.33082032203674316
135,3,30,0.22396910190582275,0.9121857285499573,-0.16781568823563087,2.4464986006950094,0.4041104316711426
135,3,31,0.5027291178703308,1.0546610355377197,0.061132232841201326,2.5839161258729355,0.3237606883049011
135,3,32,0.22471152245998383,1.0925930738449097,-0.19625198612351227,2.577113847302818,0.4225994050502777
139,3,0,0.5328516364097595,0.5424665808677673,0.44769545202447003,0.5181773120285293,0.8750218749046326
139,3,1,0.5717188715934753,0.4732246994972229,0.4815346098790907,0.44473927005697084,0.8673484325408936
139,3,2,0.5928592681884766,0.46323877573013306,0.5022140754143009,0.43130908411579916,0.8700209856033325
139,3,3,0.6163935661315918,0.45091986656188965,0.5260627518835951,0.41646866134852334,0.8722339868545532
139,3,4,0.5139167308807373,0.4846465289592743,0.433535381319692,0.46411530157069947,0.8671560883522034
139,3,5,0.49690917134284973,0.4855266511440277,0.4206746226856728,0.46618702540260093,0.86463862657547
139,3,6,0.47982776165008545,0.4879171848297119,0.4071054305277114,0.4691667696434823,0.8610203266143799
139,3,7,0.670158863067627,0.3755042850971222,0.5938299498009549,0.3300029458412079,0.8963313102722168
139,3,8,0.46804848313331604,0.3988684415817261,0.40729402085073674,0.3923518239095131,0.8858743906021118
139,3,9,0.5685983300209045,0.5296802520751953,0.49724841570900546,0.4922637071752705,0.927740216255188
139,3,10,0.507357120513916,0.5546556115150452,0.43969087064872736,0.5220328121027111,0.9283208250999451
139,3,11,0.8545116186141968,0.33855435252189636,0.8345284132549781,0.3208530598461816,0.9922100901603699
139,3,12,0.3552667498588562,0.2638072967529297,0.32642162681617537,0.2733413576242771,0.9835221767425537
139,3,13,0.8759689927101135,0.5350621342658997,0.852947460765748,0.5130279720883938,0.37102776765823364
139,3,14,0.270551860332489,0.25393325090408325,0.23685542665542836,0.46329235849448647,0.8000559210777283
139,3,15,0.7753405570983887,0.7249444127082825,0.7690097682255824,0.7033857254193838,0.4968593120574951
139,3,16,0.30366697907447815,0.30801138281822205,0.2648816990284903,0.5693310163537274,0.8074434995651245
139,3,17,0.7924083471298218,0.7738133668899536,0.7722458504000894,0.7635992746758956,0.4760623574256897
139,3,18,0.2934812605381012,0.3149462640285492,0.24976951330625916,0.6063880799565249,0.7860813140869141
139,3,19,0.8335127234458923,0.7518298029899597,0.791419280736516,0.7250316225466432,0.4853774309158325
139,3,20,0.33585405349731445,0.3065938949584961,0.31043132928222433,0.5628316430675375,0.8006094694137573
139,3,21,0.8093642592430115,0.7175957560539246,0.7676889346209292,0.6923845661366851,0.4770285189151764
139,3,22,0.344052791595459,0.3155566453933716,0.30431695741296366,0.5815303073517224,0.7818623781204224
139,3,23,0.6257686018943787,0.5577022433280945,0.5709100335835489,0.6795346130921669,0.9769282341003418
139,3,24,0.3689526915550232,0.4459272623062134,0.268043669927581,0.657514004705502,0.9826558828353882
139,3,25,0.5512837767601013,0.6777655482292175,0.4461452755180303,1.1522013719855453,0.4462994933128357
139,3,26,0.26050034165382385,0.5328473448753357,0.16881261206281617,1.0802317332837241,0.5806086659431458
139,3,27,0.41574281454086304,0.7377716898918152,0.2951175879885469,1.5241421335216678,0.28774547576904297
139,3,28,0.2231234610080719,0.6476255655288696,0.03607340037418991,1.4901952049143183,0.4112226366996765
139,3,29,0.4146187901496887,0.6956806182861328,0.2926831468305936,1.5333348700570804,0.30374282598495483
139,3,30,0.2530292868614197,0.6298794150352478,0.04413372352990727,1.5178414452149886,0.3746682405471802
139,3,31,0.3472445607185364,0.8768581748008728,0.2050173241301157,1.712254470229014,0.2951136827468872
139,3,32,0.16298726201057434,0.805354654788971,-0.01544885804701654,1.6718207344438174,0.38483089208602905
141,3,0,0.5454298257827759,0.3825463354587555,0.48045101624915104,0.4726875423648404,0.8476824760437012
141,3,1,0.575236976146698,0.3327937722206116,0.5129363974156599,0.4072107007509255,0.8500107526779175
141,3,2,0.5921520590782166,0.3311009407043457,0.5323521297243594,0.39772299290289304,0.8510870337486267
141,3,3,0.6145026087760925,0.3296422064304352,0.5556979277219902,0.3873751794551085,0.8593807220458984
141,3,4,0.519655704498291,0.32642677426338196,0.4623919827115907,0.4179335997547574,0.8463515639305115
141,3,5,0.5018701553344727,0.3198021650314331,0.4478784483787044,0.4170802391567175,0.8345116972923279
141,3,6,0.4830606281757355,0.3134510815143585,0.4325509329871602,0.41692039058823144,0.8335343599319458
141,3,7,0.6541194319725037,0.2890873849391937,0.6140211803446153,0.31630534428038437,0.8850553035736084
141,3,8,0.4669364094734192,0.2518269419670105,0.42726826896640063,0.34521618962387246,0.8516456484794617
141,3,9,0.5966790914535522,0.3891797363758087,0.5305735328940947,0.45771181986123366,0.9180101156234741
141,3,10,0.5215635299682617,0.3812410831451416,0.4671219006967775,0.47480744649038775,0.9153633713722229
141,3,11,0.8368886709213257,0.3501040041446686,0.8353179813808109,0.3306433897921543,0.9920302629470825
141,3,12,0.34647807478904724,0.20638801157474518,0.3331333556553741,0.25091553106220077,0.980521559715271
141,3,13,0.8538288474082947,0.6182854771614075,0.853242299443964,0.5483098712384574,0.4137119948863983
141,3,14,0.23982831835746765,0.39580869674682617,0.2378499501822505,0.44068824010381985,0.7402360439300537
141,3,15,0.7963332533836365,0.7710920572280884,0.7781546431330331,0.7260641040088779,0.5248724222183228
141,3,16,0.3285903036594391,0.5458084344863892,0.2862194373661478,0.5614586145763729,0.7478381991386414
141,3,17,0.7942988872528076,0.807140052318573,0.7796260103168704,0.7781764965563902,0.4997897148132324
141,3,18,0.3728798031806946,0.6102762222290039,0.2910500849021609,0.607688757903937,0.7320166230201721
141,3,19,0.7889508008956909,0.7894809246063232,0.7905935077045607,0.7466176887744927,0.5110840797424316
141,3,20,0.38508448004722595,0.5645866394042969,0.3354399864569651,0.563418712585263,0.7473961710929871
141,3,21,0.773174524307251,0.7712972164154053,0.7695241232813639,0.7188222815696369,0.5028259754180908
141,3,22,0.39559870958328247,0.5579127669334412,0.33490606808614565,0.5736261022960056,0.730509340763092
141,3,23,0.6483620405197144,0.5890628695487976,0.5968576844920468,0.649217114124759,0.9744939804077148
141,3,24,0.3459681570529938,0.5089496970176697,0.2941499324220323,0.6076726752761474,0.979606568813324
141,3,25,0.5307949781417847,0.9239274263381958,0.47450841822356316,1.0754899423037771,0.4122687876224518
141,3,26,0.24101011455059052,0.832848846912384,0.19299753435009648,0.997065150510573,0.5508325695991516
141,3,27,0.36966344714164734,1.1622066497802734,0.32009057127327795,1.4021653618225256,0.2633603811264038
141,3,28,0.19282838702201843,1.1612387895584106,0.08867094147518068,1.3793988017330734,0.3785894811153412
141,3,29,0.3551205098628998,1.1490360498428345,0.3135948434657839,1.403757845456836,0.27838701009750366
141,3,30,0.2125670462846756,1.1644834280014038,0.1006629029947683,1.3987634195622296,0.3451721668243408
141,3,31,0.3022521436214447,1.3630237579345703,0.2376058335182918,1.5945814591282261,0.27017268538475037
141,3,32,0.13798977434635162,1.39299738407135,0.03603274003979991,1.5779974294763337,0.3520945906639099
142,3,0,0.48533913493156433,0.40162092447280884,0.48143292894096656,0.45838538569252296,0.8320069313049316
142,3,1,0.5452306866645813,0.35677820444107056,0.5194285826551802,0.3970670392462441,0.848842442035675
142,3,2,0.5614221692085266,0.35772839188575745,0.5381956080950299,0.3896810993303127,0.8484238982200623
142,3,3,0.5774446725845337,0.3553621470928192,0.5600684250423233,0.3809396197389943,0.8585166931152344
142,3,4,0.5137617588043213,0.33690401911735535,0.472724465017043,0.4016218450511944,0.8398306369781494
142,3,5,0.5100169777870178,0.3259603679180145,0.46038071639597195,0.3987320571833789,0.8256015181541443
142,3,6,0.48366600275039673,0.31493017077445984,0.442832101038538,0.39637706423953656,0.8288741707801819
142,3,7,0.6528055667877197,0.29918327927589417,0.6218194814221244,0.31286474943244313,0.8845890164375305
142,3,8,0.47331997752189636,0.2683887779712677,0.4365296758024247,0.32975217168861604,0.8516552448272705
142,3,9,0.5277587175369263,0.42237797379493713,0.530008138838334,0.4506080136750164,0.917462170124054
142,3,10,0.48203280568122864,0.3986284136772156,0.4701180008950331,0.45947422033887814,0.9132804870605469
142,3,11,0.8497912287712097,0.4878522455692291,0.8382260925684366,0.3623578218462886,0.99104243516922
142,3,12,0.35976719856262207,0.20671910047531128,0.33848673028459286,0.24202771622301675,0.9748806953430176
142,3,13,0.8482856750488281,0.8987572193145752,0.8522466293643791,0.6193879923605571,0.4321272373199463
142,3,14,0.26060619950294495,0.35059720277786255,0.2424234350274975,0.4225474740244832,0.6743795871734619
142,3,15,0.7897611856460571,1.0020562410354614,0.7804865618540135,0.7819257039454676,0.5110887885093689
142,3,16,0.2995176613330841,0.4501688778400421,0.28889137542593035,0.5390357717151664,0.6850892901420593
142,3,17,0.7922509908676147,1.0244789123535156,0.7821626213877565,0.827987667778685,0.4818571209907532
142,3,18,0.3157930076122284,0.46534204483032227,0.29602315394335293,0.5789834128368958,0.6740119457244873
142,3,19,0.7804862856864929,0.909898042678833,0.7885629113678925,0.7795625966221652,0.4979681372642517
142,3,20,0.34210139513015747,0.4561389684677124,0.3367781760046646,0.5418062636534611,0.6917989253997803
142,3,21,0.7722553610801697,0.9565095901489258,0.7700727312234904,0.7668797150530696,0.4897310435771942
142,3,22,0.35286056995391846,0.4671117961406708,0.33851404082473685,0.5521682643061895,0.6761602163314819
142,3,23,0.6207593679428101,0.6759274005889893,0.6016615385570869,0.6545857861464373,0.9745141863822937
142,3,24,0.3601650893688202,0.521651029586792,0.30743363310942656,0.5903531170936467,0.9768838286399841
142,3,25,0.5091987252235413,0.8767138123512268,0.481482768187059,1.0353367674114637,0.3794422447681427
142,3,26,0.23761048913002014,0.7129475474357605,0.20196925917129588,0.9395344621206003,0.5047931671142578
142,3,27,0.35230979323387146,1.0404224395751953,0.32656771427809006,1.3287399710565313,0.24245958030223846
142,3,28,0.25371453166007996,0.9035477042198181,0.12197420865943781,1.2825045708197182,0.3460051417350769
142,3,29,0.35789793729782104,1.0339018106460571,0.32250426485353423,1.3286641687121508,0.25736624002456665
142,3,30,0.2931094467639923,0.9017975330352783,0.13952557779226588,1.2975048709646084,0.3180026113986969
142,3,31,0.2974492907524109,1.1644994020462036,0.24964582187918583,1.5071154006759195,0.24938249588012695
142,3,32,0.18968725204467773,1.064682126045227,0.06702808553873513,1.473364522816443,0.3232695460319519
143,3,0,0.5035470128059387,0.36410799622535706,0.4858772925047595,0.43939972706713737,0.8352552056312561
143,3,1,0.5572555661201477,0.33006751537323,0.5270341887195834,0.38358493721882897,0.8531159162521362
143,3,2,0.5716139078140259,0.3341759443283081,0.5449139591966621,0.3785155756289514,0.8528064489364624
143,3,3,0.5853582620620728,0.33758604526519775,0.5651514861666646,0.37222150573671364,0.863447368144989
143,3,4,0.5300037264823914,0.314421147108078,0.4842474789431912,0.3840647672385545,0.8432679176330566
143,3,5,0.5249136090278625,0.3075225055217743,0.47336559757828883,0.38036576039098524,0.8283165693283081
143,3,6,0.5132133364677429,0.3008674085140228,0.45699605945198474,0.37714255392899293,0.8317625522613525
143,3,7,0.6479148268699646,0.31482961773872375,0.6270645522784538,0.31325941254684,0.8878185153007507
143,3,8,0.5227235555648804,0.2727969288825989,0.4538835281694316,0.3182944515435385,0.8574498295783997
143,3,9,0.5387638211250305,0.3863731324672699,0.5317671443926298,0.43768324119043134,0.9222152829170227
143,3,10,0.5034200549125671,0.36707910895347595,0.4768129483071417,0.44086859302309894,0.9185823202133179
143,3,11,0.8438292741775513,0.48805129528045654,0.8393516603483764,0.38769231736941373,0.9908411502838135
143,3,12,0.3924477994441986,0.22973152995109558,0.3493411636400485,0.23955718905056292,0.9741066098213196
143,3,13,0.748526394367218,0.9045241475105286,0.8313539099064488,0.6771161256921642,0.4417584538459778
143,3,14,0.25158557295799255,0.31984952092170715,0.24426411235214754,0.40186093208573587,0.619274914264679
143,3,15,0.7346685528755188,1.006692886352539,0.7712722390512893,0.827355032120277,0.4880070090293884
143,3,16,0.26933377981185913,0.2988581657409668,0.2849611134111746,0.49047035536066574,0.643710732460022
143,3,17,0.7258937954902649,1.0451501607894897,0.7708432551609767,0.8718705339868096,0.46029824018478394
143,3,18,0.27974221110343933,0.29064926505088806,0.29275167126799456,0.5206020125707924,0.6383618712425232
143,3,19,0.750252366065979,0.9691070914268494,0.7808600176105661,0.8178349605623467,0.4789581000804901
143,3,20,0.30085426568984985,0.261838436126709,0.3295556472267233,0.4851324701690453,0.6577171087265015
143,3,21,0.7370544672012329,0.9593546390533447,0.7634349129912663,0.8057471510462713,0.47591909766197205
143,3,22,0.3343013525009155,0.2789882719516754,0.337667831203149,0.4968788443655222,0.6514199376106262
143,3,23,0.567357063293457,0.7733427286148071,0.5947649069596059,0.6785171848833128,0.9742293357849121
143,3,24,0.3543553054332733,0.6328111886978149,0.3168702510481466,0.5988907202979488,0.977164089679718
143,3,25,0.2676408886909485,1.106300711631775,0.4382756327208165,1.049616180454259,0.3944988548755646
143,3,26,0.07282447814941406,1.080980658531189,0.1759368174489425,0.9680515197388573,0.49394288659095764
143,3,27,0.02474847249686718,1.7183747291564941,0.26543566056547024,1.4078212546587234,0.22798393666744232
143,3,28,-0.14118948578834534,1.2829442024230957,0.06872963897105042,1.2825929073508906,0.32948562502861023
143,3,29,0.010640526190400124,1.7921068668365479,0.25932014041059603,1.4229127823842256,0.2398093044757843
143,3,30,-0.15014617145061493,1.48828125,0.0808749892819563,1.3360085551881025,0.3020079731941223
143,3,31,-0.10332758724689484,1.825247049331665,0.17805196903695109,1.5715532448005245,0.2347048968076706
143,3,32,-0.20130999386310577,1.4879578351974487,0.012728871759705163,1.4762957091251665,0.2990075945854187
146,3,0,0.5218052268028259,0.40818431973457336,0.501329550968708,0.42597518361886405,0.8170542120933533
146,3,1,0.5776026248931885,0.36003533005714417,0.5487877344067789,0.3734582769885198,0.8479073643684387
146,3,2,0.5926895141601562,0.3592534363269806,0.5654652413388883,0.3702330967566444,0.8466066718101501
146,3,3,0.6072366833686829,0.3528035879135132,0.5832535150319538,0.3638720279833176,0.8589962124824524
146,3,4,0.5474957227706909,0.3467243015766144,0.511460548244895,0.368004667147435,0.8349955081939697
146,3,5,0.5407352447509766,0.33874425292015076,0.5023536376882399,0.3624632882170243,0.8187937140464783
146,3,6,0.5312283635139465,0.3304552733898163,0.48894010791612885,0.35705970396490494,0.8259603977203369
146,3,7,0.6663814783096313,0.35637515783309937,0.6439751886933245,0.33180494916838277,0.8825202584266663
146,3,8,0.5451627969741821,0.3031180799007416,0.49317285244313547,0.3117691758838326,0.8589673042297363
146,3,9,0.5568190217018127,0.43043458461761475,0.5425400361545999,0.4345669443786112,0.9181821346282959
146,3,10,0.5194202661514282,0.41784995794296265,0.495139680015016,0.43097032379308475,0.9165926575660706
146,3,11,0.8575884103775024,0.6069809794425964,0.8471931115420471,0.48225274046752364,0.9830888509750366
146,3,12,0.4146999418735504,0.2759339511394501,0.3774631088394422,0.25520254798391223,0.9695914387702942
146,3,13,0.7458218932151794,1.002434253692627,0.7945414123733319,0.8176104300481989,0.4258614778518677
146,3,14,0.23952016234397888,0.37107324600219727,0.242224698337426,0.38862034325757877,0.5735957622528076
146,3,15,0.705604612827301,1.0461727380752563,0.7430172903301268,0.9217123739187556,0.45638057589530945
146,3,16,0.27043232321739197,0.3291972875595093,0.2787143504438689,0.42098351942138995,0.6007170081138611
146,3,17,0.69087815284729,1.0695490837097168,0.736429488266598,0.957086671935657,0.4323481619358063
146,3,18,0.2741398513317108,0.31288760900497437,0.2847489197772621,0.431045782314984,0.5992528200149536
146,3,19,0.7201621532440186,1.0115522146224976,0.7547452767614447,0.9013385162578553,0.4536411762237549
146,3,20,0.3070666193962097,0.2826913893222809,0.31988521761521416,0.3978566839704486,0.620498538017273
146,3,21,0.7106303572654724,0.9919081926345825,0.7407187600510696,0.8859850943097944,0.451424777507782
146,3,22,0.3444736897945404,0.2997766435146332,0.34059374663525055,0.4119111378510202,0.616068959236145
146,3,23,0.5838708281517029,0.821107804775238,0.5900811563044654,0.7399369911031716,0.9630998969078064
146,3,24,0.3721546232700348,0.6252557039260864,0.3406541020683819,0.6102283629346619,0.9691818952560425
146,3,25,0.30105867981910706,1.102607011795044,0.3791747613531431,1.0724112443572456,0.3796080946922302
146,3,26,0.09663115441799164,0.9116097092628479,0.14180718677082726,0.9437676872193512,0.4792739748954773
146,3,27,0.074825219810009,1.49619722366333,0.18327517548679353,1.445853688930817,0.21877850592136383
146,3,28,-0.08206979930400848,1.3099106550216675,0.003766522940801334,1.2943384733645404,0.3156094253063202
146,3,29,0.05731726065278053,1.535158634185791,0.17223494148995128,1.4712332348617105,0.23285937309265137
146,3,30,-0.08004336059093475,1.3511089086532593,0.011542858377018225,1.3424998633360663,0.2892402708530426
146,3,31,-0.022255923599004745,1.6107900142669678,0.09169970131513651,1.5884264606046572,0.22395852208137512
146,3,32,-0.15712156891822815,1.5139508247375488,-0.060461050873989786,1.4924881690681295,0.2790268063545227
147,3,0,0.45992663502693176,0.4282972514629364,0.4930041838410094,0.42644159706083534,0.8203966617584229
147,3,1,0.5001115798950195,0.37065014243125916,0.5389978598611376,0.3728942217143463,0.8560104966163635
147,3,2,0.5133397579193115,0.3669606149196625,0.5549806135996935,0.36957576218832,0.8540112376213074
147,3,3,0.5258761644363403,0.3699658513069153,0.5717108154797921,0.36509617287994656,0.8650994300842285
147,3,4,0.48418185114860535,0.3631078600883484,0.5059774778940991,0.3670210122784466,0.8411398530006409
147,3,5,0.48493584990501404,0.35583698749542236,0.498853597947164,0.3611321530064546,0.825842022895813
147,3,6,0.4853808581829071,0.3481460511684418,0.48822516814184014,0.35526895440944106,0.8351590037345886
147,3,7,0.6038065552711487,0.39495980739593506,0.6358982861197542,0.3445120155750264,0.8867337703704834
147,3,8,0.5400758981704712,0.32148727774620056,0.5026057022561392,0.3137215721927441,0.8697288036346436
147,3,9,0.5084614753723145,0.4421002268791199,0.5356888648978243,0.4360803126429747,0.9232088923454285
147,3,10,0.48331698775291443,0.44133543968200684,0.4927643240115167,0.4330527442362416,0.921508252620697
147,3,11,0.8324649930000305,0.6853306293487549,0.8442337645541074,0.5232734439938449,0.9773563742637634
147,3,12,0.5056180357933044,0.310157835483551,0.4032954555467195,0.26625727292133033,0.9683972001075745
147,3,13,0.6559396386146545,0.9760167598724365,0.7665950977202504,0.8495686398803178,0.40326404571533203
147,3,14,0.3565713167190552,0.4370776414871216,0.2652647717793602,0.3983660846156424,0.5281388163566589
147,3,15,0.5813753008842468,0.9609123468399048,0.7104044513097085,0.9295944491827617,0.41576603055000305
147,3,16,0.30795934796333313,0.5127090215682983,0.2845930004811362,0.4394535124361124,0.5540401339530945
147,3,17,0.5745218396186829,0.9450903534889221,0.7037627987109221,0.9546764530738528,0.3945101797580719
147,3,18,0.29956647753715515,0.5299674868583679,0.28772625184221295,0.45096865954765414,0.555480420589447
147,3,19,0.5969979763031006,0.9000346660614014,0.7229216996806135,0.9010766332758269,0.4151719808578491
147,3,20,0.32871824502944946,0.49219900369644165,0.32165976106159816,0.41685492126283635,0.5782773494720459
147,3,21,0.5882005095481873,0.8834136128425598,0.7099545744646116,0.8854685856384283,0.41346532106399536
147,3,22,0.3555772006511688,0.5042811036109924,0.3436044247213965,0.43051116143203044,0.5733293294906616
147,3,23,0.6078169345855713,0.8652024269104004,0.5936451403439641,0.7651848206962635,0.9526593089103699
147,3,24,0.45142555236816406,0.7057979106903076,0.3629716347109546,0.6294746604063896,0.9590047597885132
147,3,25,0.33605071902275085,0.7955493927001953,0.37050283226507796,1.0163688276433167,0.3573424518108368
147,3,26,0.18304577469825745,0.5289024710655212,0.15009948870441628,0.8594678741265069,0.44172683358192444
147,3,27,0.13445545732975006,0.79995197057724,0.17345627458032428,1.313761185560602,0.20647433400154114
147,3,28,0.190280482172966,0.596689760684967,0.04142370126916851,1.151456924386611,0.29051676392555237
147,3,29,0.1750476062297821,0.8119205236434937,0.17279990030827305,1.336346376973927,0.21936051547527313
147,3,30,0.23034809529781342,0.6053372025489807,0.055759441863638626,1.1913599427550916,0.27118465304374695
147,3,31,0.031286656856536865,0.7811403870582581,0.07954514120700217,1.4225973562024732,0.2095128893852234
147,3,32,0.09308014065027237,0.6523868441581726,-0.029489591792274426,1.3197620107638954,0.2590891122817993
149,3,0,0.5691648125648499,0.6247649788856506,0.5185185613204114,0.493038678486814,0.7885711789131165
149,3,1,0.6173897385597229,0.5592412352561951,0.5652608640347243,0.4354551838038133,0.8319482207298279
149,3,2,0.6320160031318665,0.5541815757751465,0.580788481072341,0.4315500913985519,0.8301873803138733
149,3,3,0.6456369161605835,0.5507345795631409,0.5964755313343697,0.42741841203273495,0.8390267491340637
149,3,4,0.5786274671554565,0.5475113987922668,0.5303141149770129,0.42760886685885025,0.8184372782707214
149,3,5,0.5697503685951233,0.5365665555000305,0.5226021269955996,0.4200170180349919,0.8034447431564331
149,3,6,0.5607157349586487,0.5253227353096008,0.5125083289055725,0.41234184673166097,0.8152644038200378
149,3,7,0.6900527477264404,0.49032682180404663,0.6540326706236037,0.3934270752648253,0.8719826340675354
149,3,8,0.5657346248626709,0.440108984708786,0.5237490254887094,0.3561034795859203,0.8613537549972534
149,3,9,0.594849705696106,0.6099575161933899,0.5555016355586819,0.4944408094452108,0.9154695868492126
149,3,10,0.5568636655807495,0.5997334122657776,0.514233045404124,0.48898994596560136,0.9153999090194702
149,3,11,0.8223368525505066,0.6264131665229797,0.8369058782022427,0.5578444465680854,0.9736653566360474
149,3,12,0.44884341955184937,0.32198819518089294,0.41854530775498877,0.2849201204150812,0.966984748840332
149,3,13,0.6831043362617493,0.6539418697357178,0.7386210279737536,0.7838818593483038,0.3867852985858917
149,3,14,0.32957643270492554,0.43232205510139465,0.28680470649395684,0.40973219503630787,0.5236600041389465
149,3,15,0.5714324116706848,0.7002131938934326,0.6637909260227933,0.8525225943686132,0.4025891125202179
149,3,16,0.38082194328308105,0.5403268933296204,0.316842963545974,0.4732626614351547,0.5371276140213013
149,3,17,0.565942645072937,0.7031843066215515,0.6575366590916591,0.8701391335064735,0.38526859879493713
149,3,18,0.4085652232170105,0.6426571011543274,0.328243324491607,0.5153285888986077,0.5418624877929688
149,3,19,0.5627413392066956,0.728203296661377,0.669172500449113,0.8430545574317104,0.4090171456336975
149,3,20,0.4389519989490509,0.5980604887008667,0.36098488498091347,0.4776830075182933,0.5688959360122681
149,3,21,0.5654364228248596,0.663716733455658,0.6614756136867616,0.8109709694308658,0.40256714820861816
149,3,22,0.4427902102470398,0.5714779496192932,0.3768472502187827,0.47779482116580724,0.5548617839813232
149,3,23,0.6447163224220276,0.635082483291626,0.6107460154071573,0.7215540497263694,0.9537102580070496
149,3,24,0.4420630931854248,0.5028533935546875,0.3894694186446177,0.5870138794447305,0.960054874420166
149,3,25,0.5256388783454895,0.5963003635406494,0.42255402527523767,0.874700130820549,0.32432880997657776
149,3,26,0.2807643413543701,0.4585527777671814,0.19391944279034556,0.7243057394139121,0.40825068950653076
149,3,27,0.36488646268844604,0.6006630063056946,0.23772981562685225,1.0718992873932836,0.19294500350952148
149,3,28,0.31127822399139404,0.4574984908103943,0.13216677570477328,0.9161660434586414,0.2727249562740326
149,3,29,0.3754635155200958,0.5504042506217957,0.24085985736989457,1.0694073968928686,0.2082289457321167
149,3,30,0.3394778072834015,0.4174792766571045,0.1511901473401902,0.9285691583613269,0.2663272023200989
149,3,31,0.25954553484916687,0.7090341448783875,0.13996772654826078,1.1805657677654426,0.19509492814540863
149,3,32,0.2778369188308716,0.5765025615692139,0.07392850982232171,1.0675125186823493,0.2415871024131775
152,3,0,0.5692341923713684,0.6509353518486023,0.5403354512338512,0.5610666913637083,0.7729516625404358
152,3,1,0.6164371967315674,0.605671763420105,0.5872760857677253,0.5088039228645682,0.8275590538978577
152,3,2,0.6332083940505981,0.6102620363235474,0.603339069106098,0.5085689035778741,0.8253557085990906
152,3,3,0.6495778560638428,0.6157001256942749,0.6193199068036866,0.5085725112194549,0.8342820405960083
152,3,4,0.5733479261398315,0.5721542239189148,0.5488244066428878,0.48987275219398224,0.8152810335159302
152,3,5,0.5620132684707642,0.5546696186065674,0.5395533101318151,0.47801135376897236,0.8015060424804688
152,3,6,0.5507590770721436,0.5374031662940979,0.5289601416335177,0.4661978885877191,0.8170525431632996
152,3,7,0.7036798596382141,0.5604889988899231,0.6753896013779389,0.46541316438507063,0.8720012903213501
152,3,8,0.5509281754493713,0.44229382276535034,0.5354370482231212,0.3931996651376944,0.8679844737052917
152,3,9,0.5972508788108826,0.6536210179328918,0.5734590525985324,0.5630230409166239,0.9144037365913391
152,3,10,0.5534241795539856,0.6191284656524658,0.5310895408129185,0.5450364786900581,0.9156131148338318
152,3,11,0.8631229400634766,0.6522068381309509,0.8481799965818344,0.5984628129628022,0.9730100035667419
152,3,12,0.4392205476760864,0.280737042427063,0.4274355871824903,0.28312183891698256,0.9671903848648071
152,3,13,0.785585880279541,0.9116184115409851,0.7588232545560554,0.8388923531134208,0.3800472021102905
152,3,14,0.29258137941360474,0.4061667025089264,0.28928812584127656,0.4081994197012795,0.49660784006118774
152,3,15,0.5843746662139893,0.8207377195358276,0.6296135102277636,0.8388530654329094,0.3785407841205597
152,3,16,0.3347262740135193,0.5671126246452332,0.32453241555213275,0.5136597346838987,0.5007063746452332
152,3,17,0.585556149482727,0.7940502762794495,0.6265625595703453,0.8373953018769404,0.3623855412006378
152,3,18,0.3597012460231781,0.6458715796470642,0.34177221036812677,0.5715493064486071,0.5073149800300598
152,3,19,0.5808131098747253,0.7854348421096802,0.6311414742504149,0.8182652607054406,0.38787397742271423
152,3,20,0.3858761489391327,0.581428050994873,0.37168868591132626,0.5223456936736641,0.5353401899337769
152,3,21,0.5837542414665222,0.7126369476318359,0.6280284197782496,0.7686408458997439,0.38211292028427124
152,3,22,0.3931581974029541,0.5902408361434937,0.38386046203168217,0.5262092504048116,0.5230141282081604
152,3,23,0.6935568451881409,0.6606631278991699,0.6463859303020529,0.6953561492063719,0.9557605385780334
152,3,24,0.47113630175590515,0.4397704005241394,0.4246164873979364,0.5235852224524458,0.9616480469703674
152,3,25,0.5228605270385742,0.7608524560928345,0.4657344715626921,0.825679172948429,0.30711236596107483
152,3,26,0.24082110822200775,0.43900373578071594,0.21409454860219557,0.60115904471649,0.39253661036491394
152,3,27,0.40098097920417786,0.648938000202179,0.3080699592675944,0.8889663894578745,0.1839035451412201
152,3,28,0.34805890917778015,0.474519819021225,0.22525871167199174,0.7250996366492171,0.25734925270080566
152,3,29,0.41677942872047424,0.5991894602775574,0.31667210522076117,0.8658973684314715,0.19943763315677643
152,3,30,0.4032333195209503,0.4434061050415039,0.25992618359425124,0.7185438594588726,0.2546410858631134
152,3,31,0.25909289717674255,0.7016032934188843,0.19126304861737817,0.9732446531271914,0.18820121884346008
152,3,32,0.30589407682418823,0.6054601669311523,0.17397417724295167,0.8675563614158793,0.2299010306596756
155,3,0,0.587207555770874,0.6407354474067688,0.5604978188307883,0.5953529101526568,0.7795432806015015
155,3,1,0.6399248242378235,0.5991817712783813,0.6099251817328722,0.5477048510373368,0.838154673576355
155,3,2,0.6569792032241821,0.6080204844474792,0.6264149817708824,0.5513809441996925,0.8358217477798462
155,3,3,0.6737731695175171,0.6177573204040527,0.6427458967168608,0.555581058322854,0.8451137542724609
155,3,4,0.5983932018280029,0.5592028498649597,0.5701475958071359,0.5197052097709777,0.8244784474372864
155,3,5,0.5863010287284851,0.5402724742889404,0.5596621365968343,0.5047993476202993,0.8107892274856567
155,3,6,0.5743646025657654,0.5220707654953003,0.5484907831253546,0.4902351253540429,0.8270062804222107
155,3,7,0.722094714641571,0.5767264366149902,0.6954800829041912,0.5133395042282762,0.8805397748947144
155,3,8,0.5692735910415649,0.4398162066936493,0.5499893679390027,0.4132520338321569,0.8774653077125549
155,3,9,0.6080769896507263,0.6568350791931152,0.5883475941992552,0.6034040880992636,0.9192777872085571
155,3,10,0.5626206994056702,0.6125520467758179,0.5446499184450312,0.574087383163815,0.9195111989974976
155,3,11,0.8499960899353027,0.6999688148498535,0.8489606987111117,0.6421605165320702,0.9744292497634888
155,3,12,0.454938143491745,0.2853333353996277,0.4392627349874497,0.28407252253095655,0.967610239982605
155,3,13,0.7818464040756226,1.079437494277954,0.7687234338406448,0.942650454399503,0.3843565285205841
155,3,14,0.28197747468948364,0.4328973889350891,0.2861451786394636,0.41882004108024823,0.47200268507003784
155,3,15,0.641984224319458,0.8821373581886292,0.6349322212457192,0.85747114211432,0.3736935555934906
155,3,16,0.32422423362731934,0.5961403846740723,0.3243999372743831,0.5491573052293071,0.46692195534706116
155,3,17,0.626529335975647,0.8164175748825073,0.6265482777419634,0.8283749144585353,0.3573875427246094
155,3,18,0.3424347937107086,0.6631391644477844,0.34205703732476056,0.6109724003765036,0.47487518191337585
155,3,19,0.6503790616989136,0.8194994926452637,0.6394133629599266,0.8187958278597882,0.3865276575088501
155,3,20,0.3682768940925598,0.5985935926437378,0.3702219929026112,0.555157957089322,0.503061830997467
155,3,21,0.6441811323165894,0.7804176211357117,0.6349735534567379,0.7737041597779665,0.37945276498794556
155,3,22,0.40489330887794495,0.604154646396637,0.39290455213680825,0.5597528019903495,0.4925001263618469
155,3,23,0.6632059216499329,0.6840958595275879,0.6536180643733129,0.6905149189784116,0.9560229182243347
155,3,24,0.4423247277736664,0.5395886898040771,0.4322306475659104,0.5304661587493376,0.9599632024765015
155,3,25,0.49213093519210815,0.8616471290588379,0.47708578523924844,0.8411482729192874,0.2948942184448242
155,3,26,0.19666078686714172,0.537243127822876,0.20659845894600623,0.5736575853780569,0.37606409192085266
155,3,27,0.38028576970100403,0.8005636930465698,0.33914539667786675,0.8509137686059574,0.17245051264762878
155,3,28,0.25760650634765625,0.5747763514518738,0.23917057895951632,0.6603359996875746,0.2400108128786087
155,3,29,0.3757253587245941,0.7720932960510254,0.34207875857506886,0.8255161241068298,0.18812276422977448
155,3,30,0.29280272126197815,0.5535032153129578,0.2740655897115183,0.6474236336765749,0.24043335020542145
155,3,31,0.18940450251102448,0.8306041955947876,0.19046409766242117,0.9117971694240558,0.1775006800889969
155,3,32,0.20973248779773712,0.6678521633148193,0.18935357970241382,0.7814564360716646,0.21555662155151367
158,3,0,0.5509082674980164,0.520696759223938,0.5563750076531004,0.5632264241275186,0.7723050713539124
158,3,1,0.6033111810684204,0.4826010465621948,0.6070817625767134,0.5196928135706307,0.834473192691803
158,3,2,0.6212795376777649,0.4983820617198944,0.6242072541939198,0.5285812036350364,0.8353075385093689
158,3,3,0.6382594108581543,0.5159837007522583,0.6408171741474307,0.5385498227722151,0.8429667353630066
158,3,4,0.5679897665977478,0.4334542453289032,0.569219984407357,0.4825830177115868,0.8195735216140747
158,3,5,0.5583848357200623,0.4140372574329376,0.5591130551531167,0.46573305509158175,0.8085333704948425
158,3,6,0.5491495728492737,0.3949766755104065,0.5487739791325139,0.4492308473280035,0.8247790336608887
158,3,7,0.7086132168769836,0.5278382301330566,0.7011266701992129,0.5195733660327937,0.8793253898620605
158,3,8,0.5682197213172913,0.34526753425598145,0.5578280746144888,0.3839992605085558,0.880682110786438
158,3,9,0.5866870880126953,0.5704671740531921,0.587633777761652,0.5892389124709734,0.9172232747077942
158,3,10,0.5409836769104004,0.5155557990074158,0.5430738336958075,0.5489054873638655,0.9169400930404663
158,3,11,0.8394252061843872,0.7201587557792664,0.8448611292393832,0.6757269957133891,0.9718344211578369
158,3,12,0.4884500205516815,0.28155380487442017,0.46042168650222615,0.28298976555668415,0.9671319127082825
158,3,13,0.7779901623725891,1.0764946937561035,0.7727074366223472,1.0002963259170992,0.3648167848587036
158,3,14,0.29435959458351135,0.251692533493042,0.2896767156986726,0.34680574759854554,0.43770864605903625
158,3,15,0.6605033278465271,1.1314297914505005,0.6459284439165702,0.9756973299157088,0.34029728174209595
158,3,16,0.3164423406124115,0.45404621958732605,0.32097882709935754,0.508216465871811,0.43470364809036255
158,3,17,0.6580974459648132,1.1585773229599,0.6401163768521839,0.9709862025151538,0.3266898989677429
158,3,18,0.329837441444397,0.5069108009338379,0.3368033005086407,0.5661731035662713,0.4466138482093811
158,3,19,0.6853381991386414,1.1167484521865845,0.6591679405459572,0.9474201960406905,0.3542793393135071
158,3,20,0.36202651262283325,0.5143622756004333,0.36669860078347555,0.5376109431045426,0.4752137362957001
158,3,21,0.6709715127944946,1.0782060623168945,0.6504558929195744,0.9051678952990014,0.3481829762458801
158,3,22,0.3989410102367401,0.5201752781867981,0.39549966236816625,0.5427300322411096,0.46505898237228394
158,3,23,0.6600016951560974,0.7405872344970703,0.6563624399100954,0.7120548350982205,0.9550341367721558
158,3,24,0.48689746856689453,0.5535477995872498,0.45574858744246455,0.540391485937086,0.9591785669326782
158,3,25,0.48103371262550354,0.8569209575653076,0.47878297335295494,0.8479298998523536,0.2798844873905182
158,3,26,0.31289955973625183,0.42195338010787964,0.25236337741448733,0.5083022202903535,0.3521538972854614
158,3,27,0.3832302987575531,0.8098447918891907,0.35810809828803297,0.8332483070947435,0.16109338402748108
158,3,28,0.32854756712913513,0.6222809553146362,0.27764021284068613,0.6439675688578274,0.22344620525836945
158,3,29,0.40203753113746643,0.7991616129875183,0.3678753003366019,0.8141822592690242,0.17719431221485138
158,3,30,0.3647889792919159,0.6411423087120056,0.3131155454964634,0.6447230798452589,0.22888419032096863
158,3,31,0.2481464445590973,0.8051470518112183,0.21528039620650394,0.8658791648689338,0.165680393576622
158,3,32,0.23618459701538086,0.7149692177772522,0.2094983699819902,0.7528467387312474,0.20236755907535553
159,3,0,0.548825204372406,0.5741674304008484,0.5548583194963083,0.565424590401558,0.7918159365653992
159,3,1,0.5986461043357849,0.5579113960266113,0.6053870720768427,0.5273772233031299,0.849086344242096
159,3,2,0.6163002252578735,0.5682783126831055,0.6226187868039209,0.5365632286930231,0.8495423793792725
159,3,3,0.6335718035697937,0.5793849229812622,0.6393616563453244,0.5467609347709349,0.8568838238716125
159,3,4,0.5617731213569641,0.5183734893798828,0.5677239804259688,0.489778718948248,0.8352806568145752
159,3,5,0.5524994134902954,0.5011919736862183,0.5577844684654881,0.472862027570574,0.8247740864753723
159,3,6,0.5439396500587463,0.4839450716972351,0.5478028795958876,0.456209950883375,0.8402568697929382
159,3,7,0.6977770328521729,0.5668619871139526,0.7004538371987922,0.5290838679637532,0.8899235725402832
159,3,8,0.5703127384185791,0.42039811611175537,0.5603364834215622,0.39131739506909824,0.8914706707000732
159,3,9,0.5842742323875427,0.6034300327301025,0.5869589542846189,0.5920903243984232,0.924893319606781
159,3,10,0.545025646686554,0.5589804649353027,0.5434658743707264,0.5509296086065835,0.92463618516922
159,3,11,0.8508573770523071,0.7135757803916931,0.8460656702839734,0.6833369891559703,0.9734643697738647
159,3,12,0.5591096878051758,0.29260003566741943,0.48029796535833413,0.284920496561849,0.9696847200393677
159,3,13,0.7078254818916321,0.9190677404403687,0.7596522370924794,0.9839446734932331,0.3638523817062378
159,3,14,0.37811991572380066,0.33464452624320984,0.3074845223490873,0.34436233501456964,0.413798451423645
159,3,15,0.5829159021377563,0.7846836447715759,0.6332500511626211,0.9371274286760117,0.3140522539615631
159,3,16,0.3184962272644043,0.4641479551792145,0.3204801657559369,0.4993543951654872,0.41585248708724976
159,3,17,0.5606109499931335,0.7609075307846069,0.6241121562489982,0.9285443201300561,0.3025464117527008
159,3,18,0.3260074555873871,0.48798438906669617,0.33463431388748255,0.5504345111810869,0.4301548898220062
159,3,19,0.5735694169998169,0.7100518941879272,0.6419342566485602,0.8994284813509442,0.32907089591026306
159,3,20,0.36049842834472656,0.489565908908844,0.3654530884279268,0.5279481422023313,0.4599618911743164
159,3,21,0.5746188163757324,0.6974568367004395,0.635191670390268,0.863206995024749,0.3240916132926941
159,3,22,0.38737040758132935,0.5039191246032715,0.3938665407121448,0.5349264139003758,0.4504808485507965
159,3,23,0.6735038161277771,0.8454483151435852,0.659806921541467,0.7389470237334606,0.9577167630195618
159,3,24,0.5192230343818665,0.5646246671676636,0.46852008521762895,0.5452619875723144,0.9621809124946594
159,3,25,0.4775892198085785,0.9004902243614197,0.4785432017770872,0.8585019987083393,0.29869717359542847
159,3,26,0.2901766896247864,0.3992190361022949,0.25996621415619514,0.48632537084980937,0.35206231474876404
159,3,27,0.3553413450717926,0.6403371095657349,0.35755235796251267,0.7942906423320413,0.15525536239147186
159,3,28,0.28174471855163574,0.48541057109832764,0.27846469848392225,0.6119780593583469,0.21945704519748688
159,3,29,0.37174996733665466,0.6078868508338928,0.3686536090468807,0.7725058385548457,0.17111128568649292
159,3,30,0.3055683672428131,0.5091166496276855,0.3115993975126057,0.617381197077209,0.23377090692520142
159,3,31,0.228658989071846,0.5173482298851013,0.2179684823436917,0.7951889502300721,0.16131076216697693
159,3,32,0.2047971785068512,0.4726570248603821,0.20855402434746964,0.6961250475391609,0.2080080211162567
160,3,0,0.5572324395179749,0.6768765449523926,0.5553351903600889,0.5878796257614989,0.8073590397834778
160,3,1,0.6095093488693237,0.6540178656578064,0.6062151221965433,0.552903284820762,0.861329972743988
160,3,2,0.6277506947517395,0.6645832657814026,0.623649672810212,0.5623683323840754,0.8613391518592834
160,3,3,0.6456276178359985,0.675736129283905,0.6406203885103856,0.5727592780362804,0.8683991432189941
160,3,4,0.5672102570533752,0.6069102883338928,0.5676207983601991,0.5133818013664831,0.8484739065170288
160,3,5,0.5563490390777588,0.5847376585006714,0.5574961529717564,0.4954026695100598,0.8385318517684937
160,3,6,0.5459580421447754,0.5627673268318176,0.5474323275217923,0.4776758732626699,0.8534918427467346
160,3,7,0.7111524343490601,0.6334810853004456,0.7026032826555453,0.5501134179351771,0.8988785147666931
160,3,8,0.5625833868980408,0.46347805857658386,0.5607877996813709,0.40584013337749364,0.900996208190918
160,3,9,0.5899193286895752,0.6884432435035706,0.5875535911342104,0.6114950655558911,0.9312719702720642
160,3,10,0.5471475720405579,0.636403501033783,0.5442054151116751,0.5681381365895217,0.9310678839683533
160,3,11,0.8649024367332458,0.726732075214386,0.8498510107333909,0.6920634896496869,0.9748786687850952
160,3,12,0.517783522605896,0.2823903262615204,0.4878348317731962,0.28441227924342144,0.9714846014976501
160,3,13,0.7800479531288147,1.0222445726394653,0.7637510306156949,0.9916454975514061,0.3605353534221649
160,3,14,0.29845020174980164,0.2724628448486328,0.30566953374718053,0.329892206180159,0.40336665511131287
160,3,15,0.6399344801902771,1.01172935962677,0.6345928592964056,0.9521425779427244,0.2991127371788025
160,3,16,0.29316645860671997,0.42646199464797974,0.31499003873676357,0.484684067789364,0.4079054892063141
160,3,17,0.6180501580238342,1.025464653968811,0.622894402255081,0.9480637370483411,0.28872787952423096
160,3,18,0.2806701958179474,0.44483470916748047,0.3237792775620136,0.5291620228134086,0.42367175221443176
160,3,19,0.5789297819137573,0.8837248086929321,0.6292574793117031,0.8962730393358226,0.3172241747379303
160,3,20,0.3093167841434479,0.43586406111717224,0.3541604217669125,0.5094053616055273,0.4555676579475403
160,3,21,0.6061261296272278,0.9286888241767883,0.6293491195816635,0.8763831803878112,0.31394290924072266
160,3,22,0.336067795753479,0.45421886444091797,0.38223890715699427,0.5186796735474556,0.44695165753364563
160,3,23,0.6706685423851013,0.8024188280105591,0.6619891299904131,0.751718002481268,0.9593992829322815
160,3,24,0.4979422688484192,0.5322005748748779,0.4744343852707163,0.542637653090024,0.9638811945915222
160,3,25,0.4710332751274109,0.8274405598640442,0.47703452625721615,0.8522578404556471,0.29385653138160706
160,3,26,0.26932793855667114,0.42605897784233093,0.26184700255006765,0.47420019485360493,0.353092759847641
160,3,27,0.3716185688972473,0.6636452078819275,0.3603786595106073,0.7679532160052874,0.14968574047088623
160,3,28,0.2738124430179596,0.4843725264072418,0.2775301828069045,0.5862555688541057,0.21360212564468384
160,3,29,0.3870522379875183,0.6355252265930176,0.3723508673355349,0.744886186755579,0.16580432653427124
160,3,30,0.30171647667884827,0.4871461093425751,0.309613889766052,0.5911265429387758,0.23148059844970703
160,3,31,0.24379974603652954,0.637370228767395,0.2231604269965059,0.7633486278803064,0.15683947503566742
160,3,32,0.19174586236476898,0.5310759544372559,0.20517655408856283,0.6628193840013005,0.20461176335811615
162,3,0,0.5560494065284729,0.6481584310531616,0.5555741070488278,0.6080672679420429,0.8083603978157043
162,3,1,0.6067318916320801,0.6152660846710205,0.6063879891499949,0.5737897280937675,0.8647993206977844
162,3,2,0.6249378323554993,0.623589038848877,0.6240805875397725,0.5828718191038543,0.8642640113830566
162,3,3,0.6428835988044739,0.6324648261070251,0.6413774912833169,0.5927547393455757,0.8713891506195068
162,3,4,0.5643413662910461,0.5761201977729797,0.5665237220101333,0.5343941722772844,0.8495955467224121
162,3,5,0.5531491041183472,0.5573287010192871,0.5560418939350225,0.516142628180128,0.8391722440719604
162,3,6,0.5424169898033142,0.5386812090873718,0.5457544777039521,0.49810710462484065,0.8551707863807678
162,3,7,0.7062087059020996,0.5956828594207764,0.7038094220448312,0.5653704757711407,0.9020619988441467
162,3,8,0.5566345453262329,0.4601500332355499,0.5593983777664007,0.42402662411571657,0.9046464562416077
162,3,9,0.5890851616859436,0.6633349061012268,0.5880659339856152,0.6288536141316763,0.9344742298126221
162,3,10,0.5449925661087036,0.6194851398468018,0.5444687300083726,0.5853314786405429,0.933387041091919
162,3,11,0.865161120891571,0.7110787034034729,0.8549739408526009,0.6984266623580239,0.9755521416664124
162,3,12,0.5000327825546265,0.24897606670856476,0.4919161579182986,0.2725502919103383,0.9718133807182312
162,3,13,0.7827080488204956,1.0419139862060547,0.7700947022429813,1.008477410420141,0.35469165444374084
162,3,14,0.26888346672058105,0.26196005940437317,0.293355379893061,0.30713802639769017,0.39192402362823486
162,3,15,0.6420244574546814,1.0832319259643555,0.6370791692513366,0.996105398292786,0.2943941354751587
162,3,16,0.25067514181137085,0.40227794647216797,0.2934490547913173,0.45707404318212713,0.4011332392692566
162,3,17,0.6216066479682922,1.110751748085022,0.6224636227502199,1.0026571506220496,0.28629475831985474
162,3,18,0.223989799618721,0.42580753564834595,0.290333761822938,0.4945191751221324,0.4175288677215576
162,3,19,0.5945742130279541,0.9067016243934631,0.6176476839572173,0.8997622323890662,0.3186916708946228
162,3,20,0.25352734327316284,0.41726404428482056,0.3204316088339695,0.4785277532643716,0.45172637701034546
162,3,21,0.6127343773841858,1.0138839483261108,0.6237894978413826,0.9225019050204668,0.31697171926498413
162,3,22,0.2832741141319275,0.43510138988494873,0.3490703199722781,0.4906762949766467,0.44460418820381165
162,3,23,0.6678835153579712,0.8019375801086426,0.6639610947016084,0.7685334700154275,0.9592240452766418
162,3,24,0.48790889978408813,0.5498819947242737,0.4789429491286721,0.5450613055677548,0.9636514782905579
162,3,25,0.48050063848495483,0.8399604558944702,0.47819405830706985,0.8481432172314727,0.27622687816619873
162,3,26,0.2905232012271881,0.4965308606624603,0.27144488033772846,0.48167320479729125,0.34009799361228943
162,3,27,0.43546000123023987,0.8014011383056641,0.38553094143643557,0.7791488866240858,0.13894031941890717
162,3,28,0.37918439507484436,0.6318978667259216,0.31160203033950185,0.6015365341941601,0.20021963119506836
162,3,29,0.4535039961338043,0.78512042760849,0.39954041174591753,0.7583550910572654,0.15518780052661896
162,3,30,0.4199947416782379,0.6323279142379761,0.3466169691388501,0.6049194501849549,0.2184024453163147
162,3,31,0.3159542679786682,0.8208754062652588,0.25425708273766684,0.782612704725124,0.1463795006275177
162,3,32,0.29484114050865173,0.7300673127174377,0.23522279650706288,0.6853430912581234,0.1924775391817093
163,3,0,0.5266818404197693,0.6962920427322388,0.5497664278720776,0.6258310304991376,0.8175551295280457
163,3,1,0.5784820914268494,0.6858738660812378,0.6007787369814654,0.5963725770595084,0.8745118379592896
163,3,2,0.6086772680282593,0.6709340810775757,0.6209855144255008,0.6006027985019695,0.8734767436981201
163,3,3,0.6257488131523132,0.6809463500976562,0.6382371157373229,0.6105118318268766,0.8804433345794678
163,3,4,0.5452167391777039,0.6501491665840149,0.5622416840122794,0.5577190023064001,0.8592439293861389
163,3,5,0.535094141960144,0.5960285663604736,0.5518320924940489,0.5322236327485194,0.8486815094947815
163,3,6,0.5223984718322754,0.5747024416923523,0.5410603800937881,0.5135242869002506,0.86420738697052
163,3,7,0.68962162733078,0.6260911822319031,0.7009586880039815,0.5775869790519872,0.9096754193305969
163,3,8,0.5349433422088623,0.4692813456058502,0.5544832451969184,0.4331275353954154,0.9120519161224365
163,3,9,0.5643607378005981,0.7100546956062317,0.5833016087736763,0.6451999638386535,0.940053403377533
163,3,10,0.5295979380607605,0.6724328398704529,0.5414807047985065,0.6028684768763439,0.9388155341148376
163,3,11,0.8406648635864258,0.7001975178718567,0.8520988273128933,0.6987823548448854,0.9776312708854675
163,3,12,0.4833189845085144,0.23312756419181824,0.4901890128259246,0.26462352378273046,0.9739723801612854
163,3,13,0.8269888758659363,1.0567058324813843,0.7815400681755011,1.0181771928835295,0.37051236629486084
163,3,14,0.2583724558353424,0.2672045826911926,0.28632220862127683,0.299108424299119,0.3873753547668457
163,3,15,0.6896092891693115,1.1300773620605469,0.6476453243765402,1.023114816498172,0.3091386556625366
163,3,16,0.22890354692935944,0.42663782835006714,0.28046167587622484,0.4509557285601805,0.41222018003463745
163,3,17,0.6604053974151611,1.166163682937622,0.630092287508507,1.0356481847617713,0.29988306760787964
163,3,18,0.202025905251503,0.45049917697906494,0.27255324898467476,0.4856668514808572,0.42889299988746643
163,3,19,0.6518086194992065,1.071349024772644,0.6245154307001655,0.9343911671711032,0.3369816243648529
163,3,20,0.2345566600561142,0.4398445785045624,0.3031421294888449,0.47074982891691114,0.4654747247695923
163,3,21,0.6429649591445923,1.053191065788269,0.6276429328537384,0.9488470900951645,0.33662933111190796
163,3,22,0.2655452489852905,0.45936575531959534,0.3322550556176445,0.48438207129401917,0.46247997879981995
163,3,23,0.6630882620811462,0.7732158899307251,0.6637857832079569,0.7694740535943485,0.9624107480049133
163,3,24,0.4712469279766083,0.5277261137962341,0.4773968814126771,0.5415778570514785,0.9662939310073853
163,3,25,0.4686586856842041,0.9100921154022217,0.47627837955344426,0.8606071363341947,0.2621889114379883
163,3,26,0.27255168557167053,0.6274663805961609,0.2716671878864891,0.5110750027713814,0.32674676179885864
163,3,27,0.3922325372695923,1.010739803314209,0.3868772041726582,0.8259644338463391,0.12891075015068054
163,3,28,0.331703782081604,0.7893348932266235,0.3156417397824042,0.6394532094743408,0.18642081320285797
163,3,29,0.40661174058914185,1.0042695999145508,0.40096096426577155,0.808085727247018,0.1459052860736847
163,3,30,0.3659113645553589,0.7936120629310608,0.3504943458550174,0.6430174859114545,0.20428858697414398
163,3,31,0.2751493752002716,1.1093549728393555,0.2584557432416088,0.8488367139039658,0.13661670684814453
163,3,32,0.2612784206867218,0.9405777454376221,0.2404598865998602,0.7369715134191297,0.17900118231773376
164,3,0,0.528890073299408,0.7053077816963196,0.545570982506107,0.6418295004459105,0.8248764276504517
164,3,1,0.5961040258407593,0.6648474335670471,0.5998397044648832,0.610152166702546,0.883387565612793
164,3,2,0.6203851699829102,0.6689322590827942,0.6208649340556068,0.6143530658918953,0.8821846842765808
164,3,3,0.6396499276161194,0.6808357834815979,0.6385208884142348,0.624664254022693,0.8885342478752136
164,3,4,0.5524824857711792,0.6220752000808716,0.5602810253912833,0.5706682689585285,0.8687692880630493
164,3,5,0.5395541787147522,0.5889801979064941,0.5493652402464396,0.5436413116802646,0.8589122295379639
164,3,6,0.525603175163269,0.567491352558136,0.5379544742017628,0.5243799516170573,0.873563826084137
164,3,7,0.7074800133705139,0.6364346742630005,0.7022687275117726,0.5894260257975685,0.9171280860900879
164,3,8,0.5346118211746216,0.46787217259407043,0.5504898698431435,0.4401127668380185,0.919704020023346
164,3,9,0.5771164298057556,0.6987887024879456,0.5820591082466121,0.6559794196326101,0.9446780681610107
164,3,10,0.5338716506958008,0.658102810382843,0.5399521101943039,0.6139794529554379,0.9435515999794006
164,3,11,0.8507788777351379,0.7245398163795471,0.851833707409788,0.7039594583766575,0.9793205857276917
164,3,12,0.47814735770225525,0.2312345802783966,0.48776964750360996,0.2579111093627153,0.9759945869445801
164,3,13,0.8652669191360474,1.1119518280029297,0.7983960196941572,1.0370613658913304,0.3815874755382538
164,3,14,0.25635913014411926,0.27273494005203247,0.2802991027085079,0.29380740520256243,0.3861030042171478
164,3,15,0.7176544666290283,1.2444548606872559,0.6617341986398295,1.067846972057163,0.3139718472957611
164,3,16,0.2711697518825531,0.5166823267936707,0.2785949163082063,0.46418115562841955,0.41629451513290405
164,3,17,0.6835812330245972,1.3020973205566406,0.6408515973933899,1.0895645473850146,0.30204901099205017
164,3,18,0.24679447710514069,0.579279899597168,0.2673758781121701,0.5045182420238409,0.43264102935791016
164,3,19,0.6792224049568176,1.2186301946640015,0.6355201159097789,0.9919354198587922,0.3423604369163513
164,3,20,0.29225054383277893,0.5716980695724487,0.3009538941529403,0.4910825469520426,0.47098276019096375
164,3,21,0.6667405366897583,1.1764979362487793,0.6355042481888228,0.9948627299461726,0.3432280421257019
164,3,22,0.3232181966304779,0.578018307685852,0.3304395492940465,0.5032381758890814,0.47020652890205383
164,3,23,0.6921171545982361,0.771048903465271,0.6694806294746725,0.7697903746392178,0.9647219181060791
164,3,24,0.48837077617645264,0.5124008655548096,0.4796016546771644,0.5357128910417656,0.9683070778846741
164,3,25,0.4896669089794159,0.9147822856903076,0.4789684595761167,0.8715046478025843,0.24554558098316193
164,3,26,0.30623435974121094,0.6277080178260803,0.2786167046224402,0.5345771172737388,0.31338727474212646
164,3,27,0.44228947162628174,0.9962089657783508,0.39802401839525964,0.860320677474965,0.11826915293931961
164,3,28,0.3881341218948364,0.7770602107048035,0.3302314288660265,0.6671976353421468,0.17302760481834412
164,3,29,0.46256962418556213,0.9869199991226196,0.41335640957899644,0.84418399507195,0.1352599412202835
164,3,30,0.42794787883758545,0.7783477902412415,0.36608468547289635,0.6703010687594719,0.19157853722572327
164,3,31,0.3129901587963104,1.0717004537582397,0.26942569950950773,0.8938776670105562,0.12608937919139862
164,3,32,0.31930309534072876,0.9267264008522034,0.25633054799029303,0.7752856071475476,0.1661173403263092
165,3,0,0.5254001021385193,0.6847472786903381,0.5415173936165953,0.6504598994206274,0.8358951210975647
165,3,1,0.5945214033126831,0.6549165844917297,0.5987713714687699,0.6191543828703902,0.8918501734733582
165,3,2,0.6169523000717163,0.6622730493545532,0.6200790006223628,0.62399072114178,0.8901410102844238
165,3,3,0.635679304599762,0.6727626323699951,0.6379501147184067,0.6343378385626051,0.89605712890625
165,3,4,0.5490134358406067,0.624908447265625,0.5580172294458222,0.5815789714988424,0.8778969645500183
165,3,5,0.5395267605781555,0.5897992849349976,0.5473886491563692,0.552924120512455,0.8682418465614319
165,3,6,0.5267215371131897,0.5703259706497192,0.5356976424518742,0.5336200764228524,0.8824382424354553
165,3,7,0.7027485370635986,0.6366133093833923,0.7023650979228463,0.598916114845767,0.9232390522956848
165,3,8,0.5401017069816589,0.48244547843933105,0.5484028127900084,0.4486253523690561,0.925811767578125
165,3,9,0.5794610381126404,0.6893306970596313,0.5815372513344538,0.6626842727164911,0.9494225978851318
165,3,10,0.5361431241035461,0.6482849717140198,0.5391869987340633,0.6208763260162723,0.948291540145874
165,3,11,0.8478007912635803,0.7168878316879272,0.8510236099377371,0.7065570518065467,0.9808286428451538
165,3,12,0.5038081407546997,0.2664192318916321,0.49099241099794805,0.2596203617751074,0.9780159592628479
165,3,13,0.8418257832527161,1.0818513631820679,0.8071294767775637,1.0460687361435093,0.3822437822818756
165,3,14,0.3611491620540619,0.41712895035743713,0.2965745854239607,0.31866202766369855,0.36809709668159485
165,3,15,0.70447838306427,1.0878760814666748,0.6703296190504419,1.0718721108314677,0.316606342792511
165,3,16,0.3358219265937805,0.6140238642692566,0.29010734126494825,0.4944033604010767,0.42064300179481506
165,3,17,0.6593501567840576,1.1264814138412476,0.6445689379206705,1.0969870909347998,0.3062852919101715
165,3,18,0.33806687593460083,0.6457109451293945,0.2816022155632289,0.5329889153815163,0.4411434531211853
165,3,19,0.6685863137245178,1.0561654567718506,0.6421675800299679,1.0048594268391673,0.34861883521080017
165,3,20,0.3429332971572876,0.6308821439743042,0.30939532094454025,0.5192712476888888,0.48064762353897095
165,3,21,0.6590807437896729,1.0018749237060547,0.6402426885468545,0.9962714175926666,0.34810200333595276
165,3,22,0.3873266279697418,0.6713268160820007,0.3418834674958367,0.537157751843065,0.4805873930454254
165,3,23,0.6897628307342529,0.7756704092025757,0.6735566038020566,0.7709715684229631,0.9677069187164307
165,3,24,0.510435163974762,0.5192136168479919,0.48579989024694237,0.5323974958169969,0.9710424542427063
165,3,25,0.48222616314888,0.861288845539093,0.4796228249773851,0.8694522231698171,0.24445095658302307
165,3,26,0.30647608637809753,0.5867620706558228,0.2842166075220793,0.5450737212847763,0.30333060026168823
165,3,27,0.41395342350006104,0.8118939399719238,0.40122485522003,0.8505809476896542,0.11554122716188431
165,3,28,0.3179648816585541,0.5756844282150269,0.32776687088363465,0.6487699161386913,0.17106032371520996
165,3,29,0.4282361567020416,0.7903041839599609,0.41634624225444855,0.8333458573476179,0.13119973242282867
165,3,30,0.32039737701416016,0.581770658493042,0.3568967243325774,0.652475430603575,0.19011828303337097
165,3,31,0.2914694845676422,0.8268964290618896,0.27385591374426405,0.8803992148531635,0.12320996820926666
165,3,32,0.22825859487056732,0.5980463027954102,0.25068791192375933,0.7395099462186682,0.1670888066291809
166,3,0,0.5166096687316895,0.6388188004493713,0.5365112112399899,0.6481210438888679,0.8324666023254395
166,3,1,0.5856812596321106,0.6438423991203308,0.5961412739181762,0.6241163955660609,0.8923714756965637
166,3,2,0.604396641254425,0.6494569182395935,0.6169278331900477,0.6291092496300715,0.8898252844810486
166,3,3,0.6211756467819214,0.6614912748336792,0.6345793988427562,0.6397957497593152,0.8946919441223145
166,3,4,0.5388417840003967,0.5965813398361206,0.5541637934765531,0.584593457817463,0.8784472942352295
166,3,5,0.5335418581962585,0.573443591594696,0.544606458634603,0.5570478143474533,0.8692181706428528
166,3,6,0.5188210010528564,0.5496281385421753,0.5323063854612939,0.5368367271207952,0.8844747543334961
166,3,7,0.692730724811554,0.6160515546798706,0.7004295237748434,0.6023594107697701,0.9249327182769775
166,3,8,0.5387954115867615,0.4683479964733124,0.5464726586575039,0.4525888179881859,0.929215669631958
166,3,9,0.5722848773002625,0.6718178987503052,0.5796784417172509,0.6645192245384248,0.9525898098945618
166,3,10,0.5299105048179626,0.6362549662590027,0.5373233422138931,0.6239664462962417,0.9517362713813782
166,3,11,0.8360735177993774,0.7053722143173218,0.8480196434653431,0.7063190712083783,0.9820886254310608
166,3,12,0.5008606910705566,0.3028733432292938,0.4929749924955647,0.26831821245507625,0.9797675609588623
166,3,13,0.8222203850746155,1.049041748046875,0.8101617536698719,1.0466659140313916,0.3905144929885864
166,3,14,0.3563298285007477,0.43699580430984497,0.30859649405230116,0.3425081450060926,0.342330664396286
166,3,15,0.6414372324943542,0.9112402200698853,0.6645219180121124,1.039464372683693,0.31131860613822937
166,3,16,0.3217560052871704,0.5963122248649597,0.2964695805713641,0.5149302187623535,0.4024834632873535
166,3,17,0.5940446257591248,0.9011805653572083,0.6344068019679024,1.0574442745160733,0.2996870279312134
166,3,18,0.3169507086277008,0.6280792355537415,0.2887089528177746,0.5521386911503643,0.4251912236213684
166,3,19,0.6077159643173218,0.822962760925293,0.6352413233032387,0.9681398439337777,0.34086915850639343
166,3,20,0.33373257517814636,0.613636314868927,0.3142867592072926,0.538274600738998,0.46531009674072266
166,3,21,0.607031524181366,0.803106963634491,0.6335660482494164,0.9572648362608134,0.3387070894241333
166,3,22,0.36841753125190735,0.6372724175453186,0.34721676320298234,0.5573222384452932,0.4652094542980194
166,3,23,0.7021527886390686,0.7678896188735962,0.6793047229975957,0.7703525101997307,0.9702880382537842
166,3,24,0.5203315615653992,0.5447745323181152,0.4927422604743729,0.5348842691982703,0.9733307957649231
166,3,25,0.5004875063896179,0.8602269887924194,0.4838159245327691,0.86759886299191,0.23327243328094482
166,3,26,0.3044174611568451,0.6060860753059387,0.2882762274237126,0.5573489379987959,0.28240686655044556
166,3,27,0.4066871106624603,0.7697840929031372,0.4023221118326545,0.8343161156087113,0.1137247234582901
166,3,28,0.287983775138855,0.5471816062927246,0.31976758983059084,0.628307656955167,0.16401256620883942
166,3,29,0.4212392568588257,0.7334964871406555,0.4173291344561973,0.8132349135605168,0.13111472129821777
166,3,30,0.29067176580429077,0.5548264384269714,0.34357084772223906,0.6328087728898684,0.19174033403396606
166,3,31,0.28114402294158936,0.7979546189308167,0.2753200227038435,0.8638019321270984,0.11762113869190216
166,3,32,0.16660726070404053,0.5256245732307434,0.23376061887053579,0.6962930776741758,0.16008231043815613
167,3,0,0.5350756049156189,0.6597639322280884,0.536222859992907,0.6504602731403173,0.8349710702896118
167,3,1,0.588681697845459,0.6427439451217651,0.5946427143506534,0.6278596834485509,0.8946329951286316
167,3,2,0.6067959666252136,0.649505078792572,0.614892282617674,0.6332080835166762,0.8915188312530518
167,3,3,0.6238307952880859,0.6589899659156799,0.6324199048314807,0.6436529728448522,0.8958078026771545
167,3,4,0.5395395755767822,0.6270235180854797,0.5512253327682947,0.5931256574675939,0.8803439736366272
167,3,5,0.5365623831748962,0.5830371379852295,0.5429904520228146,0.5622715559804671,0.8712036609649658
167,3,6,0.519653856754303,0.579190194606781,0.5297642391757499,0.5453534970144623,0.8865755796432495
167,3,7,0.6932128071784973,0.620387613773346,0.6989797623583541,0.6059821926509922,0.9265512228012085
167,3,8,0.5410518646240234,0.4833623468875885,0.5453837337709998,0.4587749877969964,0.9318874478340149
167,3,9,0.5715916156768799,0.6832275986671448,0.5780538447922333,0.6682787583539033,0.9554795026779175
167,3,10,0.5317139029502869,0.6543353796005249,0.5361965164930279,0.6300712188389909,0.9546362161636353
167,3,11,0.8426498174667358,0.7050235867500305,0.8469409585058221,0.7060588657275257,0.9834035038948059
167,3,12,0.5030269026756287,0.31230592727661133,0.4949944762418195,0.27716399800370584,0.9810148477554321
167,3,13,0.8276307582855225,1.036088228225708,0.8136721045832062,1.0445407764607666,0.402734637260437
167,3,14,0.38375237584114075,0.45265185832977295,0.3237233219780234,0.36469880263939297,0.3251563310623169
167,3,15,0.66670823097229,1.1547938585281372,0.6649610631584637,1.0627032352985828,0.31586337089538574
167,3,16,0.3354724049568176,0.6410199999809265,0.30431182446330685,0.5403448883350441,0.3932143449783325
167,3,17,0.640194833278656,1.2110424041748047,0.6355695087122951,1.0884274343658888,0.3027311861515045
167,3,18,0.3212012052536011,0.684643566608429,0.2952409284228474,0.5788511539240708,0.41962572932243347
167,3,19,0.6378299593925476,1.1634752750396729,0.6357612849362002,1.0075879223974709,0.34557369351387024
167,3,20,0.35803118348121643,0.683816134929657,0.32308355029453145,0.5676259076317092,0.4611130356788635
167,3,21,0.6264210343360901,1.1182323694229126,0.6321306933355344,0.989741071050464,0.3455246388912201
167,3,22,0.36770233511924744,0.6786475777626038,0.35133362632527737,0.5817733629971134,0.46398985385894775
167,3,23,0.7185541391372681,0.7517707943916321,0.6871966065920343,0.766618453700263,0.9729022979736328
167,3,24,0.5365061163902283,0.5341805219650269,0.5015429804684473,0.5347429196505067,0.9755361080169678
167,3,25,0.5005884766578674,0.8696278929710388,0.48718625662835047,0.868006413378133,0.22333744168281555
167,3,26,0.29725515842437744,0.5942243933677673,0.29008008986849787,0.5647629855305286,0.2727489173412323
167,3,27,0.4008426070213318,0.8081528544425964,0.40202494332040717,0.829057371548246,0.115404412150383
167,3,28,0.2643294930458069,0.47693902254104614,0.3086156176185228,0.5977760538752407,0.1625911146402359
167,3,29,0.4135868549346924,0.7807150483131409,0.4165774247867367,0.806697334606127,0.1325778365135193
167,3,30,0.27590855956077576,0.478371798992157,0.32995518234477494,0.6016555650282706,0.19573023915290833
167,3,31,0.2834474444389343,0.8386526703834534,0.2769527791803596,0.8587471461604702,0.11988561600446701
167,3,32,0.14763660728931427,0.4626912772655487,0.2164209306097316,0.6490662689773209,0.16074174642562866
168,3,0,0.5469686388969421,0.6333936452865601,0.53838178627015,0.6470308284361874,0.8423534035682678
168,3,1,0.5948513746261597,0.6035410761833191,0.5946846237307116,0.6229720016699231,0.8972184658050537
168,3,2,0.6132278442382812,0.609264612197876,0.6145579668166056,0.6283958483447094,0.8933374881744385
168,3,3,0.6311285495758057,0.6152656674385071,0.6321605284844511,0.6379468910024162,0.8973454236984253
168,3,4,0.5505620241165161,0.5823376178741455,0.5510921056408821,0.5909582437271628,0.882819414138794
168,3,5,0.5424187779426575,0.5576031804084778,0.5428756302182063,0.5613337978645309,0.8736606240272522
168,3,6,0.5286937952041626,0.5502600073814392,0.5295492354871476,0.5463391005732979,0.8893991708755493
168,3,7,0.69935142993927,0.5711116194725037,0.6990544120712796,0.5989716403915191,0.928945779800415
168,3,8,0.5469295978546143,0.45636674761772156,0.5456942319565031,0.4582912638035761,0.9342672228813171
168,3,9,0.587839663028717,0.6445853114128113,0.5800198533312761,0.6635168034243184,0.9589751362800598
168,3,10,0.542576014995575,0.6146772503852844,0.5374780597427011,0.6269780295065595,0.9580156803131104
168,3,11,0.8433957695960999,0.6780149340629578,0.8462288412040947,0.7004218489460845,0.984635055065155
168,3,12,0.5060157179832458,0.30718091130256653,0.4972087640271388,0.2831979382733899,0.9823321104049683
168,3,13,0.8233623504638672,1.0160413980484009,0.8156189087346228,1.0388121496241478,0.4274722635746002
168,3,14,0.3616805672645569,0.4708974063396454,0.331355124792557,0.3860923094997494,0.3287448287010193
168,3,15,0.6683089137077332,1.0475859642028809,0.665633537860013,1.0596656811468697,0.3232177793979645
168,3,16,0.32703664898872375,0.6299818754196167,0.30887898857843726,0.5583937547450939,0.4023016095161438
168,3,17,0.6394186615943909,1.0746800899505615,0.6363426891758096,1.085665259501612,0.31033623218536377
168,3,18,0.3146454691886902,0.6792979836463928,0.299140426845241,0.5990827477930637,0.4295647442340851
168,3,19,0.637413501739502,1.0526689291000366,0.6360931457291561,1.0166539454176535,0.35491839051246643
168,3,20,0.3494327664375305,0.6649357676506042,0.3283796677687905,0.5872239687669011,0.4715123176574707
168,3,21,0.6269449591636658,0.9999896883964539,0.6310889936186075,0.9918000986309496,0.3578553795814514
168,3,22,0.36323365569114685,0.6663777232170105,0.35372452849541774,0.5988064996590993,0.4758565425872803
168,3,23,0.6853637099266052,0.8250522613525391,0.6868284530341695,0.7783740684948942,0.9744730591773987
168,3,24,0.5107792019844055,0.6209379434585571,0.5033985460102247,0.5520969551375607,0.9764266610145569
168,3,25,0.47106170654296875,0.9817253351211548,0.483946196770465,0.8909195696607498,0.23867322504520416
168,3,26,0.24956223368644714,0.6472870111465454,0.2819328798823289,0.5813762132694666,0.2699136734008789
168,3,27,0.37691012024879456,1.017068862915039,0.3969771123569313,0.867018220712252,0.1162489801645279
168,3,28,0.18795539438724518,0.515837550163269,0.28429914364733155,0.5812807746065007,0.15894144773483276
168,3,29,0.3847428262233734,1.0124884843826294,0.4101777801541557,0.8482685590581496,0.13708989322185516
168,3,30,0.2027098834514618,0.5039928555488586,0.3043068987780537,0.5819861231974037,0.19545483589172363
168,3,31,0.2775994837284088,1.1095227003097534,0.2770826714128083,0.9094690521678781,0.11774854362010956
168,3,32,0.05314785987138748,0.5749160051345825,0.18347753043092402,0.6341419417431806,0.15600894391536713
169,3,0,0.5513002872467041,0.6948606371879578,0.5409773909162892,0.6566502986275453,0.8570092916488647
169,3,1,0.6003513932228088,0.6542739868164062,0.5958229678784606,0.6292645025671071,0.906898558139801
169,3,2,0.6196563839912415,0.6586461663246155,0.6155821236705054,0.6344767569606302,0.9032185673713684
169,3,3,0.6386941075325012,0.6632165312767029,0.6334730298297981,0.6430258760089443,0.9066898822784424
169,3,4,0.5548520088195801,0.6250694990158081,0.5518473568308504,0.5978160207351606,0.8938794732093811
169,3,5,0.5475926399230957,0.6071844696998596,0.5438231607523852,0.570554713081448,0.8855738043785095
169,3,6,0.5337858200073242,0.5930132269859314,0.5304002489768689,0.5557258353297487,0.8998273611068726
169,3,7,0.7092704176902771,0.6103073954582214,0.7011068717879714,0.6012491393242662,0.9356757402420044
169,3,8,0.5491086840629578,0.495054692029953,0.5463800858007263,0.4656827774807847,0.9406310319900513
169,3,9,0.5930041074752808,0.6954442262649536,0.58262867424374,0.6699351408915892,0.9630007147789001
169,3,10,0.5469013452529907,0.6648234724998474,0.5393712148425075,0.6345873233489779,0.9621531367301941
169,3,11,0.8552732467651367,0.6928620338439941,0.8480458592100575,0.698903148800236,0.9860156774520874
169,3,12,0.5045003294944763,0.3213329315185547,0.4986735656062584,0.29086550517655874,0.9840207695960999
169,3,13,0.8268101215362549,1.0111576318740845,0.8178673567598597,1.0332534751881464,0.4397638142108917
169,3,14,0.36325064301490784,0.4804117977619171,0.33776704635297394,0.40508649822367504,0.34191152453422546
169,3,15,0.6852021813392639,1.0440632104873657,0.6695660344963995,1.0565305879124562,0.3390701115131378
169,3,16,0.32991477847099304,0.6216937303543091,0.3131064955756694,0.5711301360524285,0.4334595501422882
169,3,17,0.6594929695129395,1.0720666646957397,0.6409954134149753,1.0829329780647807,0.3274558484554291
169,3,18,0.3132469654083252,0.6658158302307129,0.3019748279584956,0.6125111851329312,0.46116673946380615
169,3,19,0.658786416053772,1.0324641466140747,0.6406539619568115,1.0198308425898253,0.37466585636138916
169,3,20,0.3470038175582886,0.6524167656898499,0.3321222582991072,0.6003419054050927,0.5024896860122681
169,3,21,0.645814836025238,0.9925912022590637,0.6340478815599699,0.9919589951289367,0.3784942924976349
169,3,22,0.3701355755329132,0.6576604843139648,0.3570221827645647,0.6106468491917368,0.5068777799606323
169,3,23,0.6765231490135193,0.824481189250946,0.6847580485237219,0.7876466208611165,0.9769310355186462
169,3,24,0.49105632305145264,0.6182793378829956,0.5009187698585564,0.5654143072989057,0.9786840081214905
169,3,25,0.44275084137916565,1.000240445137024,0.4756625954651455,0.9129439094604755,0.26444897055625916
169,3,26,0.22975802421569824,0.6416462063789368,0.27143828192741865,0.5935018516339821,0.2956746518611908
169,3,27,0.38567718863487244,0.984150767326355,0.3947068192793548,0.8906215238964585,0.13804490864276886
169,3,28,0.20128047466278076,0.38499853014945984,0.2675860771278444,0.5416403009916431,0.18855470418930054
169,3,29,0.4015803635120392,0.9311403036117554,0.4084505850457491,0.8649519977071087,0.1593591719865799
169,3,30,0.22250354290008545,0.37159663438796997,0.28783904614471173,0.5394798431521578,0.22231408953666687
169,3,31,0.2815544307231903,1.093334674835205,0.2779809317970655,0.9465889448259718,0.14422954618930817
169,3,32,0.09048960357904434,0.3563993275165558,0.16475220142927463,0.5779222882630214,0.18596048653125763
170,3,0,0.5510684251785278,0.763258159160614,0.5430047358370542,0.6781264493483322,0.8692116737365723
170,3,1,0.5872069001197815,0.7379688024520874,0.5940920236170959,0.6511642674084568,0.915293276309967
170,3,2,0.6120601892471313,0.7543919682502747,0.6148746779709546,0.6586426615334694,0.9117438197135925
170,3,3,0.6380271315574646,0.7471530437469482,0.6343878320143319,0.6640008363052197,0.9148989319801331
170,3,4,0.554692804813385,0.7120999097824097,0.5524189068663459,0.6208434533946638,0.9035048484802246
170,3,5,0.546701192855835,0.703930139541626,0.5444012563320233,0.597443291431614,0.8959189057350159
170,3,6,0.5327746868133545,0.6665047407150269,0.5308771833937422,0.5780448416117222,0.908946692943573
170,3,7,0.7089771628379822,0.6953443288803101,0.7026879585809739,0.6201979681916019,0.9416183233261108
170,3,8,0.5391506552696228,0.5489001870155334,0.5449277696541377,0.4824359418932481,0.9462472200393677
170,3,9,0.5911501049995422,0.765602707862854,0.5843406017584031,0.6892014639618536,0.966471254825592
170,3,10,0.5457112193107605,0.7181066274642944,0.5406448229444034,0.6514014131048158,0.9657410383224487
170,3,11,0.8712827563285828,0.7489544153213501,0.8527160041580966,0.7089700102468143,0.9871881604194641
170,3,12,0.5026516318321228,0.34994328022003174,0.49947264436129246,0.3027508846521938,0.9854041934013367
170,3,13,0.8440763354301453,1.025019884109497,0.8231352722375473,1.031599389730927,0.4372699558734894
170,3,14,0.37239745259284973,0.4829692542552948,0.34472929208456715,0.4207634286344421,0.333555668592453
170,3,15,0.7472082376480103,1.1537405252456665,0.6851943609147655,1.0761084215827825,0.3306519687175751
170,3,16,0.3617120683193207,0.6502923965454102,0.3228821853487287,0.5870651849841054,0.43129125237464905
170,3,17,0.7444601058959961,1.2041908502578735,0.6618365032244088,1.1073704867155856,0.31868335604667664
170,3,18,0.34559810161590576,0.6954811215400696,0.310747234841651,0.6292144860736366,0.4628944396972656
170,3,19,0.7374325394630432,1.165273666381836,0.6601446093652141,1.0491622738682482,0.3667575716972351
170,3,20,0.3986412286758423,0.6836561560630798,0.34550745155669343,0.6171146950870326,0.504539966583252
170,3,21,0.7196651101112366,1.1233752965927124,0.6512853126077942,1.0184512392417349,0.37093159556388855
170,3,22,0.4307901859283447,0.7207080721855164,0.3718690655368845,0.6328209047389948,0.5093491077423096
170,3,23,0.6769201159477234,0.8076940178871155,0.6831834643657969,0.7916753853164796,0.979088306427002
170,3,24,0.4933552145957947,0.5843557715415955,0.4993993182160043,0.5692207036678014,0.980671763420105
170,3,25,0.43956321477890015,0.9066148996353149,0.46840473270848293,0.9116725137347866,0.2599432170391083
170,3,26,0.234518900513649,0.6174335479736328,0.2640153850538188,0.5983117361338938,0.29106470942497253
170,3,27,0.38945120573043823,0.6718766689300537,0.3936510811722085,0.8464175554311241,0.13785910606384277
170,3,28,0.20660802721977234,0.38198167085647583,0.2553177253044242,0.5094289790424105,0.1945730447769165
170,3,29,0.4090440273284912,0.6205177903175354,0.4085697791817605,0.8155213670683993,0.16002359986305237
170,3,30,0.21404992043972015,0.27933478355407715,0.27298786216092946,0.4868481142600591,0.2348039150238037
170,3,31,0.2815353572368622,0.6458963751792908,0.2786949050981518,0.8856868915309696,0.14778399467468262
170,3,32,0.118024542927742,0.32718247175216675,0.1553546552176917,0.5272060800312811,0.19694826006889343
171,3,0,0.5377692580223083,0.7711071968078613,0.5419530425857736,0.696850307493912,0.8795221447944641
171,3,1,0.5678839087486267,0.7670392394065857,0.5888242850370625,0.674513364015895,0.9224234223365784
171,3,2,0.5921080708503723,0.7817784547805786,0.6102991122660648,0.6834598749037872,0.9189518690109253
171,3,3,0.6130578517913818,0.7585440874099731,0.6301011681923706,0.683040172137876,0.9219750761985779
171,3,4,0.5474246144294739,0.7447483539581299,0.5514156692873478,0.645816210881846,0.9117533564567566
171,3,5,0.5339535474777222,0.7192633748054504,0.5423022324536283,0.6219944387478221,0.9046869277954102
171,3,6,0.5319358110427856,0.675205647945404,0.5310898136405315,0.5976127409428189,0.9167506098747253
171,3,7,0.7050006985664368,0.7176127433776855,0.7031524994680517,0.6398171381481456,0.9467520713806152
171,3,8,0.5289796590805054,0.5698773264884949,0.5417231785320057,0.5000415660289944,0.9510833024978638
171,3,9,0.5776723027229309,0.7610934972763062,0.5830010321586787,0.7036700598658612,0.9694469571113586
171,3,10,0.5449653267860413,0.7268847227096558,0.5415126956176661,0.666594292682611,0.9688240885734558
171,3,11,0.8681060075759888,0.784081220626831,0.8558084017984926,0.7240878177473286,0.9881270527839661
171,3,12,0.5022160410881042,0.3703041672706604,0.5000236944834496,0.31634461615325116,0.9864080548286438
171,3,13,0.845737874507904,1.03969407081604,0.8276778585833829,1.0332255670825776,0.4378710687160492
171,3,14,0.3770793080329895,0.46995630860328674,0.35123266144107934,0.4306574507912132,0.3248665928840637
171,3,15,0.765619158744812,1.2186583280563354,0.7013840616661197,1.104854031855262,0.31771957874298096
171,3,16,0.3616357743740082,0.6380639672279358,0.33067426623013274,0.5973229414413241,0.4152126908302307
171,3,17,0.7759338021278381,1.2801434993743896,0.684826212169853,1.1422401625304976,0.3031845688819885
171,3,18,0.34771615266799927,0.6812419295310974,0.3181801017228086,0.6396794482278793,0.4470892548561096
171,3,19,0.7622653841972351,1.240032434463501,0.680714248889651,1.0877039004865705,0.35040736198425293
171,3,20,0.38536226749420166,0.6761237382888794,0.35352120015065286,0.6289862864924012,0.4874255657196045
171,3,21,0.7428002953529358,1.195931077003479,0.669713209522521,1.0542755304549554,0.35557085275650024
171,3,22,0.421392023563385,0.7007789611816406,0.3818295218633343,0.6464963166125505,0.4926125109195709
171,3,23,0.6763505339622498,0.8053880929946899,0.6818108165325011,0.7944306276539796,0.9808186888694763
171,3,24,0.5064298510551453,0.5781336426734924,0.5008116706864685,0.5710113055563828,0.9822222590446472
171,3,25,0.3967669904232025,0.8265836238861084,0.4539874467571049,0.894541739221015,0.2748463451862335
171,3,26,0.23762904107570648,0.5650908350944519,0.2587117945103963,0.5916331448286379,0.29059821367263794
171,3,27,0.32832956314086914,0.46162962913513184,0.38050728729288746,0.7683000334590062,0.15033100545406342
171,3,28,0.2059115767478943,0.32081830501556396,0.24538077922500695,0.47134577080362294,0.20705297589302063
171,3,29,0.3410350978374481,0.39500412344932556,0.3949798178083611,0.7300657700527379,0.1715494692325592
171,3,30,0.1892785280942917,0.25359538197517395,0.2561353994720136,0.43969207295572676,0.25288787484169006
171,3,31,0.2281532883644104,0.3833360970020294,0.26852928953796584,0.7833711865937647,0.16447529196739197
171,3,32,0.12199491262435913,0.22665318846702576,0.14864809118120148,0.46632996667236515,0.21903766691684723
172,3,0,0.5357508659362793,0.7515678405761719,0.5407071268061179,0.7078571771017887,0.8884211778640747
172,3,1,0.5663900375366211,0.7424250245094299,0.5843155574580248,0.6881794008386887,0.9280784726142883
172,3,2,0.5955235362052917,0.7451514005661011,0.6073302261516443,0.6958720617010108,0.9249972105026245
172,3,3,0.6156063675880432,0.7418999671936035,0.6271887218446942,0.694881665116382,0.927465558052063
172,3,4,0.5471204519271851,0.7206549644470215,0.5505528766230223,0.6608791338353579,0.9184494018554688
172,3,5,0.533247709274292,0.6923133730888367,0.5404831812553248,0.6361458624595991,0.9122352600097656
172,3,6,0.5314258933067322,0.6715743541717529,0.5311573154220134,0.6124987356342196,0.923137366771698
172,3,7,0.7044203877449036,0.7011016011238098,0.7034071621876961,0.652147259742211,0.9510038495063782
172,3,8,0.5260847210884094,0.5634838342666626,0.538580835868592,0.5128065901163122,0.9551144242286682
172,3,9,0.5693687200546265,0.7527505159378052,0.580261952516127,0.7135414152909753,0.9720195531845093
172,3,10,0.544855535030365,0.7245702147483826,0.5421841634402834,0.6782576629841666,0.9715064764022827
172,3,11,0.8678635954856873,0.7782989144325256,0.8582304911540348,0.7349926327371726,0.9891202449798584
172,3,12,0.5072847604751587,0.3867179751396179,0.5014823674884892,0.330506956927425,0.9874702095985413
172,3,13,0.841312825679779,1.0417011976242065,0.8304174734578262,1.0349282929157977,0.43698611855506897
172,3,14,0.3859824240207672,0.4700350761413574,0.35821892452794407,0.4385751747370938,0.3205341398715973
172,3,15,0.7657824754714966,1.3013482093811035,0.7143418072110373,1.1445374116494251,0.29985511302948
172,3,16,0.36366981267929077,0.6504030823707581,0.3373075223127223,0.6079999530095004,0.41796445846557617
172,3,17,0.7778030633926392,1.3928346633911133,0.7035492870254576,1.192925910348419,0.285211980342865
172,3,18,0.3514268696308136,0.6978421807289124,0.3248639069572032,0.6513804857768323,0.45177364349365234
172,3,19,0.7682065963745117,1.350429654121399,0.6983301760205712,1.1408614001536586,0.33068808913230896
172,3,20,0.4069756865501404,0.7164387702941895,0.3642735826372415,0.6465942105673873,0.49048909544944763
172,3,21,0.7503800988197327,1.29903244972229,0.6859517694497851,1.103772499711888,0.3363752067089081
172,3,22,0.4218202531337738,0.6989928483963013,0.3898706328504518,0.6570557766814988,0.49496522545814514
172,3,23,0.6788182854652405,0.7646323442459106,0.6812097203274464,0.7884406796774851,0.982546329498291
172,3,24,0.5300604104995728,0.5497384071350098,0.5066910679403307,0.5667361240693971,0.9837935566902161
172,3,25,0.3948831856250763,0.7373604774475098,0.44209672367267,0.8628328843877002,0.28945472836494446
172,3,26,0.2675544023513794,0.544720470905304,0.2604882606691003,0.5821983915136383,0.285227507352829
172,3,27,0.29237353801727295,0.4021328389644623,0.3627619429457642,0.6939994055486941,0.17425498366355896
172,3,28,0.19773046672344208,0.2854077219963074,0.23579745269001018,0.43380490509539715,0.22888748347759247
172,3,29,0.29129359126091003,0.3353193700313568,0.37409396506721226,0.6499021774435214,0.19715499877929688
172,3,30,0.16893433034420013,0.23899398744106293,0.2385782513330307,0.3991541036579283,0.28147274255752563
172,3,31,0.2081041932106018,0.34377655386924744,0.2563724016091382,0.6939884762410959,0.19006572663784027
172,3,32,0.12532232701778412,0.1835845708847046,0.14396005753120492,0.40908855230698554,0.24840177595615387
173,3,0,0.5363591909408569,0.7432885766029358,0.5398337431285374,0.7149806317717672,0.89471036195755
173,3,1,0.5694514513015747,0.7205315232276917,0.5813288750891585,0.6946832138525088,0.9327581524848938
173,3,2,0.5957766771316528,0.7247121930122375,0.6050089583121268,0.7016692825050734,0.9300821423530579
173,3,3,0.6158629655838013,0.7236728668212891,0.6249132353000404,0.7006690355974933,0.9322680830955505
173,3,4,0.5403586626052856,0.6978316307067871,0.5485047963040837,0.6683087322998831,0.9239826798439026
173,3,5,0.5283331871032715,0.6707807779312134,0.5380420386177073,0.6431090405393272,0.9184488654136658
173,3,6,0.5202569961547852,0.6503269076347351,0.5289673308089327,0.620104574467659,0.928238034248352
173,3,7,0.7030357122421265,0.6833662986755371,0.7033325561945287,0.658423078969022,0.9549403190612793
173,3,8,0.5218698382377625,0.5563662648200989,0.5352228791455533,0.5215662171113189,0.9586595296859741
173,3,9,0.5668308734893799,0.7427250146865845,0.5775633208878231,0.7194077206141882,0.9742304086685181
173,3,10,0.5443437695503235,0.7140407562255859,0.542617943720196,0.6854518892670376,0.9737940430641174
173,3,11,0.8704311847686768,0.7658049464225769,0.8606818238891103,0.741186609388243,0.9901419878005981
173,3,12,0.5102539658546448,0.405181884765625,0.5032445654906992,0.34553678779597596,0.9884997606277466
173,3,13,0.8795071840286255,1.0393259525299072,0.8402906702736639,1.0358116666949262,0.45780888199806213
173,3,14,0.4238065481185913,0.49662157893180847,0.37141638425374773,0.45025276240118867,0.3012402057647705
173,3,15,0.8071130514144897,1.2847315073013306,0.7330233501648644,1.1728063043299979,0.30459725856781006
173,3,16,0.39514943957328796,0.6939889192581177,0.3489438689272878,0.6253124794490343,0.4091393053531647
173,3,17,0.8275071978569031,1.3651444911956787,0.7285327766446945,1.2276835349849249,0.28573787212371826
173,3,18,0.43011587858200073,0.7714804410934448,0.34606608416235274,0.6755838074094022,0.44615790247917175
173,3,19,0.8181886076927185,1.321327567100525,0.7224846408458553,1.1772920663684348,0.331476628780365
173,3,20,0.4574466347694397,0.7734192609786987,0.3830362262717546,0.6721576484738117,0.4838620722293854
173,3,21,0.7980960011482239,1.2771754264831543,0.708546742768545,1.1387702779689397,0.33589792251586914
173,3,22,0.45912784337997437,0.7615041136741638,0.4038079100157017,0.6780956912600649,0.486129492521286
173,3,23,0.7102227807044983,0.7204393148422241,0.6870417029537337,0.7747566299045053,0.9842216372489929
173,3,24,0.5530331134796143,0.514621376991272,0.5160109208640844,0.5562536380880362,0.9853207468986511
173,3,25,0.4079257547855377,0.7573605179786682,0.43522693539878365,0.8415861152448711,0.28884726762771606
173,3,26,0.3105441629886627,0.5216399431228638,0.2705560481994298,0.5700146299824331,0.2741174101829529
173,3,27,0.30373701453208923,0.4376795291900635,0.35088720148470576,0.6421457258610469,0.18015658855438232
173,3,28,0.190994992852211,0.2719864249229431,0.22678760005463539,0.4011556808668914,0.24318905174732208
173,3,29,0.30781564116477966,0.368425577878952,0.3607572563951032,0.5929189856494913,0.20453482866287231
173,3,30,0.16556201875209808,0.23294921219348907,0.22388292081229602,0.36561546676426027,0.3037068843841553
173,3,31,0.23504482209682465,0.3959817588329315,0.2520862180945349,0.6336303239384813,0.19484366476535797
173,3,32,0.123756542801857,0.1948181390762329,0.13989989474858494,0.36579208679465924,0.26662686467170715
188,3,0,0.5765002965927124,0.708798885345459,0.5688152984886252,0.7100948157367708,0.8986293077468872
188,3,1,0.6239623427391052,0.6812421083450317,0.6150271182081181,0.6840597294268546,0.9357410073280334
188,3,2,0.6425458788871765,0.6879283785820007,0.6346785089693457,0.6908088394158852,0.9321537613868713
188,3,3,0.659675657749176,0.6948640942573547,0.6523896481297646,0.6960810352328123,0.9346403479576111
188,3,4,0.5843026041984558,0.6465901136398315,0.5767996402725925,0.6511426524826519,0.928576648235321
188,3,5,0.5717796683311462,0.6302816867828369,0.5647083968216697,0.6329706612329984,0.9230554699897766
188,3,6,0.5609559416770935,0.6148043274879456,0.5542511720684429,0.6159154691525591,0.9325388073921204
188,3,7,0.7257696986198425,0.6587376594543457,0.7210665766539791,0.6586717086373215,0.9567527174949646
188,3,8,0.5645895600318909,0.5350728034973145,0.5584342256895737,0.5322414618301412,0.9610152840614319
188,3,9,0.602949857711792,0.7147061824798584,0.5976286179224239,0.7156918150307435,0.9757065773010254
188,3,10,0.5655728578567505,0.679081380367279,0.5607612222359315,0.6804168804804869,0.9757399559020996
188,3,11,0.8797423243522644,0.7078131437301636,0.8757468930053053,0.7148081090909417,0.9906215667724609
188,3,12,0.4974832534790039,0.382265567779541,0.4986910475330786,0.37456753598689674,0.9893157482147217
188,3,13,0.850771963596344,0.9828619956970215,0.848574754817094,0.9939584823045163,0.4469347596168518
188,3,14,0.33049145340919495,0.40424248576164246,0.3390687089012919,0.4138852014746697,0.31158021092414856
188,3,15,0.801704466342926,1.2937397956848145,0.7873128565022599,1.2684087965756927,0.30554699897766113
188,3,16,0.3345668911933899,0.5558264851570129,0.3375806738783524,0.5703866942885661,0.42888811230659485
188,3,17,0.8206645846366882,1.3529391288757324,0.8013623689209756,1.3267036857056307,0.2879558801651001
188,3,18,0.33995571732521057,0.5922685265541077,0.3412366841823715,0.6097247944751667,0.4631196856498718
188,3,19,0.82718825340271,1.3038959503173828,0.8052541669838954,1.2773783816975028,0.33613061904907227
188,3,20,0.3786548674106598,0.5849682688713074,0.379573379572333,0.6032357302949105,0.5021515488624573
188,3,21,0.7947084903717041,1.2620010375976562,0.7766562495073347,1.2361893218775488,0.34129899740219116
188,3,22,0.3897872269153595,0.5896906852722168,0.39272632905538435,0.6082126692726842,0.5038468837738037
188,3,23,0.6905525326728821,0.683946967124939,0.6898165148472108,0.7029723944658388,0.98561692237854
188,3,24,0.5148200392723083,0.49968019127845764,0.5150697025098835,0.5115357858946714,0.9866834878921509
188,3,25,0.4552546739578247,0.77390056848526,0.45105651976531236,0.7880836618789706,0.2781881093978882
188,3,26,0.31507307291030884,0.5020247101783752,0.30574321674589566,0.5162715666049409,0.2681353986263275
188,3,27,0.3561084270477295,0.47478681802749634,0.35501385126420604,0.5098300495539367,0.17042940855026245
188,3,28,0.1774374097585678,0.27952829003334045,0.18777982929318865,0.305004455740732,0.2426736205816269
188,3,29,0.37164536118507385,0.4070318341255188,0.36936287690090597,0.44594934810526854,0.1932293176651001
188,3,30,0.16624952852725983,0.2261829525232315,0.178327140503641,0.2553847531771124,0.3022691607475281
188,3,31,0.2615462839603424,0.44710633158683777,0.2595631411741498,0.4861568614326655,0.1868320107460022
188,3,32,0.1243441104888916,0.23872137069702148,0.12760497022817605,0.265336485800164,0.26654765009880066
189,3,0,0.589053750038147,0.6153672933578491,0.5728824746893924,0.6910183433718702,0.8977816700935364
189,3,1,0.6371599435806274,0.5847517251968384,0.619475229526244,0.6640582680706706,0.9330683350563049
189,3,2,0.6532449126243591,0.5920400619506836,0.6384094905801482,0.6709162836928995,0.9282804727554321
189,3,3,0.6688443422317505,0.6002923250198364,0.6556960785574745,0.6767902853636074,0.9310892224311829
189,3,4,0.5971990823745728,0.5495297312736511,0.580899188089183,0.6306756440554364,0.9276901483535767
189,3,5,0.5854566693305969,0.5352491140365601,0.5688780876790028,0.6132896013121307,0.9215395450592041
189,3,6,0.5743964314460754,0.5207546949386597,0.5582996094550321,0.5967515168207825,0.9312435388565063
189,3,7,0.7253313660621643,0.5743697881698608,0.7219232564507696,0.6416997218914706,0.95447838306427
189,3,8,0.5755531787872314,0.45594459772109985,0.5618741973649103,0.5168845249135837,0.9594788551330566
189,3,9,0.6132224798202515,0.6310828328132629,0.6007619956998995,0.6986578610507143,0.9758047461509705
189,3,10,0.5720869898796082,0.5954790115356445,0.5630367109684926,0.66331655606761,0.9765893220901489
189,3,11,0.8660091161727905,0.6550719141960144,0.8737905388935414,0.7027900553781316,0.9912590384483337
189,3,12,0.49038442969322205,0.33028802275657654,0.4970222854198203,0.3656630030311562,0.9900398254394531
189,3,13,0.8279721736907959,0.9081843495368958,0.8444343607000323,0.9766893829091722,0.4470129609107971
189,3,14,0.32975682616233826,0.35096168518066406,0.3371979412690091,0.4012247797105936,0.3090061843395233
189,3,15,0.7619489431381226,1.1847310066223145,0.7822149245504286,1.2515628009377013,0.31653067469596863
189,3,16,0.33151206374168396,0.5014077425003052,0.3363615942842481,0.5565055450040728,0.43109437823295593
189,3,17,0.7891227006912231,1.255484938621521,0.7989032068883198,1.3123709641192842,0.2991175949573517
189,3,18,0.333222359418869,0.5286838412284851,0.3396266563116791,0.5934108125787377,0.4649486541748047
189,3,19,0.7920318841934204,1.2331987619400024,0.8025975072417563,1.2684940046524646,0.34890249371528625
189,3,20,0.36468398571014404,0.5174081325531006,0.37658161579595634,0.5859558596409579,0.5059318542480469
189,3,21,0.759035587310791,1.1857826709747314,0.7731154162150107,1.22605093150795,0.3518320322036743
189,3,22,0.3784243166446686,0.5260235071182251,0.38985263630058337,0.5916670146008965,0.505300760269165
189,3,23,0.6789263486862183,0.6740826964378357,0.6876285708530047,0.6971652277918798,0.9869450926780701
189,3,24,0.5044694542884827,0.49380961060523987,0.5129400234736019,0.5079737347591614,0.9879315495491028
189,3,25,0.5035082697868347,0.7719881534576416,0.46160689528990223,0.7848494357397534,0.2630702555179596
189,3,26,0.31522366404533386,0.4954551160335541,0.3076478589677594,0.5120881652112789,0.261101633310318
189,3,27,0.40100404620170593,0.5257245302200317,0.36426284485093924,0.5130238257849459,0.16350023448467255
189,3,28,0.179571732878685,0.285282164812088,0.1861308633404736,0.30104104711928015,0.2442106455564499
189,3,29,0.41654810309410095,0.4636954069137573,0.37885251768156086,0.4495153508445954,0.18517275154590607
189,3,30,0.17180128395557404,0.2402106374502182,0.17701618954910564,0.25233573386508806,0.30782774090766907
189,3,31,0.29556286334991455,0.5186612010002136,0.2668009453590458,0.4926911716776024,0.17624065279960632
189,3,32,0.11926575005054474,0.22132129967212677,0.1259296560082929,0.2564850831659021,0.2605280876159668
190,3,0,0.5676207542419434,0.6054937243461609,0.5718255092075704,0.6737995835395331,0.8974699974060059
190,3,1,0.6002061367034912,0.5702244639396667,0.6156029643804027,0.6451622179151811,0.931050181388855
190,3,2,0.6126857995986938,0.5732229351997375,0.6332391901803764,0.6512408834346606,0.9253047704696655
190,3,3,0.6257972121238708,0.5768412351608276,0.6496858900151157,0.6566593162699909,0.9280332922935486
190,3,4,0.5637118220329285,0.5478819608688354,0.5774454629425945,0.6140079801172682,0.9277469515800476
190,3,5,0.5524729490280151,0.5368754863739014,0.5655816200315974,0.5979089936214714,0.9206446409225464
190,3,6,0.5418493151664734,0.5256697535514832,0.5549940639733605,0.5824463383039512,0.9299733638763428
190,3,7,0.6722497344017029,0.5460180640220642,0.7119324815994439,0.62243056384629,0.9522347450256348
190,3,8,0.5439769625663757,0.4631793797016144,0.5582777554098144,0.5060816483670865,0.9573820233345032
190,3,9,0.5976018905639648,0.6145051121711731,0.600127236569999,0.6817159541698985,0.9764869809150696
190,3,10,0.5555697083473206,0.5923486351966858,0.5615366591516895,0.6490343350913017,0.9775649309158325
190,3,11,0.8203128576278687,0.6191617846488953,0.8630334911578451,0.6859539922027184,0.9917327761650085
190,3,12,0.47877949476242065,0.33163946866989136,0.49335636844256275,0.3588228941738384,0.9906008839607239
190,3,13,0.7766817212104797,0.8376331329345703,0.8308004507864216,0.9486511084556917,0.4375797510147095
190,3,14,0.33411040902137756,0.36291223764419556,0.33657776096195974,0.3935214781011785,0.3067556619644165
190,3,15,0.7145547270774841,1.1059772968292236,0.7685996591821147,1.2222027404957596,0.3218064308166504
190,3,16,0.3264114260673523,0.5003443956375122,0.3343625583381496,0.545207865267691,0.43765607476234436
190,3,17,0.743112325668335,1.1681703329086304,0.7876801443841517,1.2832913575147677,0.30692175030708313
190,3,18,0.32225579023361206,0.5231192111968994,0.33613604050913215,0.579264974315133,0.4719509780406952
190,3,19,0.736099898815155,1.1576809883117676,0.7892166334788372,1.2461682270697807,0.35775285959243774
190,3,20,0.3418949246406555,0.5144672393798828,0.36960805707528893,0.5715686455596205,0.5144773125648499
190,3,21,0.7083826661109924,1.1156609058380127,0.7600903134990387,1.2038106217351452,0.3604472279548645
190,3,22,0.35933056473731995,0.5250672698020935,0.383717066380813,0.5782655294735732,0.5118666291236877
190,3,23,0.6788560748100281,0.6054850220680237,0.6858661928394576,0.6787039856500807,0.9881848692893982
190,3,24,0.5068663954734802,0.46595120429992676,0.5117199355475928,0.49952360578752064,0.9890998005867004
190,3,25,0.5030304789543152,0.6882205009460449,0.4699364454788721,0.7653889857759022,0.24819433689117432
190,3,26,0.32672715187072754,0.46761879324913025,0.31148196284655083,0.5031453964923366,0.24828293919563293
190,3,27,0.3733040392398834,0.4015219807624817,0.36607921768499624,0.4905585581349615,0.1587916910648346
190,3,28,0.17538031935691833,0.2604270875453949,0.18397097827443495,0.2928744532903202,0.24475589394569397
190,3,29,0.39099636673927307,0.33368584513664246,0.3812924251409105,0.4261752867646003,0.18231196701526642
190,3,30,0.1700855791568756,0.24624687433242798,0.1756239137927512,0.2511125791161607,0.3199927806854248
190,3,31,0.2596421241760254,0.3838922381401062,0.2653628169073904,0.4707720561593969,0.16865049302577972
190,3,32,0.1095239594578743,0.2137456089258194,0.12263307449054552,0.2478905462145271,0.25682592391967773
191,3,0,0.5736508369445801,0.6491048336029053,0.572192142632895,0.6688362273484849,0.9026928544044495
191,3,1,0.5969793796539307,0.6212764978408813,0.6118604863073941,0.6403615750446304,0.9336081147193909
191,3,2,0.6068740487098694,0.609660804271698,0.6279398662345227,0.6428798115152118,0.9271857738494873
191,3,3,0.6174049973487854,0.6005075573921204,0.643196438431798,0.6453635042572266,0.929726779460907
191,3,4,0.5674629807472229,0.6314818263053894,0.5754399328697253,0.6175192943729745,0.9317638874053955
191,3,5,0.5575389862060547,0.6328274607658386,0.5639659031031853,0.604929186616935,0.9245203137397766
191,3,6,0.5476364493370056,0.6313124895095825,0.5535159917185988,0.592274490944413,0.9330714344978333
191,3,7,0.6550333499908447,0.572047770023346,0.7004861064917014,0.6122969122806846,0.9534622430801392
191,3,8,0.5498120188713074,0.5739206671714783,0.5565770194059454,0.5197329627077699,0.9591442942619324
191,3,9,0.6024447679519653,0.6425608992576599,0.6005927399225771,0.6738430540032072,0.978269100189209
191,3,10,0.5625764727592468,0.6298902630805969,0.5617455104083747,0.6451872014523168,0.9792287945747375
191,3,11,0.8066142797470093,0.5830795168876648,0.8516838132475364,0.6652321017809244,0.9923015832901001
191,3,12,0.4836673438549042,0.4183029532432556,0.4914098113417296,0.37078933358445215,0.9911792278289795
191,3,13,0.789484977722168,0.7695717811584473,0.8224926612045491,0.9125024303240749,0.44200974702835083
191,3,14,0.4328814148902893,0.4583219289779663,0.355972509623643,0.4065602356769246,0.343519389629364
191,3,15,0.7226729393005371,1.007932186126709,0.759363441640976,1.1789080702298496,0.3521004021167755
191,3,16,0.4258019030094147,0.7144888639450073,0.35277516901956557,0.5793691762509,0.47437119483947754
191,3,17,0.7512060403823853,1.0574299097061157,0.7803468701423236,1.2376400106867897,0.33670714497566223
191,3,18,0.40877676010131836,0.7163678407669067,0.3507555875854366,0.606907814688671,0.5028973817825317
191,3,19,0.7428339719772339,1.0466666221618652,0.7798886080280617,1.2058744242266202,0.38870519399642944
191,3,20,0.4155047535896301,0.7140662670135498,0.37883822721814553,0.6003035113729149,0.5442789793014526
191,3,21,0.7165572047233582,1.0143049955368042,0.7513360598737264,1.1655463659146386,0.39012596011161804
191,3,22,0.44678178429603577,0.756206214427948,0.39640595737481094,0.6141830452686937,0.5405461192131042
191,3,23,0.6957143545150757,0.48766130208969116,0.6878447298832171,0.6401276297102668,0.9893171787261963
191,3,24,0.5373727679252625,0.4004589021205902,0.5168759843877628,0.479571259441528,0.9901639819145203
191,3,25,0.5034754276275635,0.5706852078437805,0.4766790521520624,0.7260693302218093,0.23657745122909546
191,3,26,0.3548697531223297,0.4496704339981079,0.3202069600018685,0.49238889028611516,0.23966197669506073
191,3,27,0.3871614336967468,0.4088576138019562,0.3703160594605178,0.4741112553880812,0.1577657014131546
191,3,28,0.1815767139196396,0.2674921154975891,0.18349006101566684,0.287772793828362,0.25536787509918213
191,3,29,0.40288010239601135,0.35959866642951965,0.38563090959189694,0.41277833145923787,0.19031009078025818
191,3,30,0.17404349148273468,0.2531052231788635,0.1753064738242015,0.2515128196887994,0.34810858964920044
191,3,31,0.28324052691459656,0.4339660108089447,0.26895533393144533,0.46337188497376103,0.167291060090065
191,3,32,0.10360140353441238,0.21209782361984253,0.1188085446170643,0.24069435220240726,0.2621714472770691
192,3,0,0.4748782515525818,0.593690812587738,0.5525933914378514,0.6537115081500635,0.9065362215042114
192,3,1,0.49128374457359314,0.5679141879081726,0.58756085811672,0.6257809938518827,0.9349690079689026
192,3,2,0.5037920475006104,0.5666463375091553,0.6029180653687283,0.6275356215120188,0.9289921522140503
192,3,3,0.5163906812667847,0.5665505528450012,0.6176370336628344,0.6294989690999433,0.9305723309516907
192,3,4,0.46153321862220764,0.5556545853614807,0.5524887843334344,0.6050722515374396,0.9331927299499512
192,3,5,0.45334067940711975,0.549385130405426,0.5416779894263334,0.5937558282224806,0.9263841509819031
192,3,6,0.445129930973053,0.5424246788024902,0.5316805742912433,0.5822482012351553,0.9342901706695557
192,3,7,0.5729363560676575,0.5242676138877869,0.6747761907235148,0.5945726213565639,0.9548817873001099
192,3,8,0.4581044912338257,0.4701623320579529,0.5367442774874199,0.5097629112449308,0.9605719447135925
192,3,9,0.5205216407775879,0.5835557579994202,0.5844744186716344,0.6556629834902505,0.9798963069915771
192,3,10,0.48535487055778503,0.5681971907615662,0.54636965021324,0.6296904216420612,0.9807819724082947
192,3,11,0.8005540370941162,0.5289301872253418,0.8413997149762499,0.6377512603296153,0.9929744005203247
192,3,12,0.46855542063713074,0.3116967976093292,0.4868165914916951,0.3589009920286857,0.9916427731513977
192,3,13,0.7970921993255615,0.7618420720100403,0.8173873695382322,0.8821143315360264,0.45514780282974243
192,3,14,0.41798290610313416,0.38061249256134033,0.3684489177857867,0.4013448711513286,0.3310571312904358
192,3,15,0.7238845229148865,0.9769617915153503,0.7522304454881772,1.1381173186391247,0.3527151942253113
192,3,16,0.41409167647361755,0.5773189067840576,0.3651117255833346,0.5789573603521015,0.4694128632545471
192,3,17,0.7397943735122681,1.0402566194534302,0.7721926826038932,1.1977759834364783,0.33631542325019836
192,3,18,0.40110647678375244,0.6068124771118164,0.3608828032906063,0.606888666255523,0.5002671480178833
192,3,19,0.7323510050773621,1.004949688911438,0.7703279988267735,1.1652913162958884,0.3881778419017792
192,3,20,0.41468214988708496,0.6028585433959961,0.38604467970697276,0.6008167241410609,0.5428287386894226
192,3,21,0.7125402688980103,0.97034752368927,0.7435354869858005,1.126126077427792,0.38894936442375183
192,3,22,0.44533807039260864,0.6167414784431458,0.40624741562922656,0.6146969421911097,0.5381628274917603
192,3,23,0.7300068736076355,0.4573776423931122,0.6963229652504412,0.6032341074623653,0.990333080291748
192,3,24,0.5612744092941284,0.32701754570007324,0.5258044666268261,0.44879984152725355,0.9910881519317627
192,3,25,0.5314366817474365,0.5991611480712891,0.48769396301933055,0.7004890145883821,0.2303950935602188
192,3,26,0.3504021465778351,0.3758925795555115,0.3262767674004676,0.46891424147128463,0.2304072082042694
192,3,27,0.4102751910686493,0.45906922221183777,0.3783508033098262,0.4710887828904789,0.15543009340763092
192,3,28,0.16286928951740265,0.2512120306491852,0.17934600729172678,0.2804220543121361,0.2551221549510956
192,3,29,0.4260154664516449,0.41399717330932617,0.3937512920361513,0.4130231403926318,0.1901497095823288
192,3,30,0.15422335267066956,0.25335633754730225,0.17106944808531865,0.25188310567733024,0.3573954999446869
192,3,31,0.30369478464126587,0.4788420796394348,0.275939513133078,0.46648037295594186,0.16113123297691345
192,3,32,0.08596571534872055,0.2234353870153427,0.11220602062223971,0.23722621279567077,0.25780513882637024
193,3,0,0.4894130825996399,0.5980041027069092,0.5398811838655782,0.6425052261685812,0.9131037592887878
193,3,1,0.505454957485199,0.5711333751678467,0.5710319507463955,0.6147882274601354,0.9387847781181335
193,3,2,0.5188474655151367,0.5688067674636841,0.585992705829916,0.6157205304075564,0.9326342940330505
193,3,3,0.5320188999176025,0.5672576427459717,0.6003993699728668,0.6169760012655371,0.9340171813964844
193,3,4,0.4735330641269684,0.5640501379966736,0.5365954523520338,0.5968235103555839,0.9378976821899414
193,3,5,0.4646278917789459,0.5585976839065552,0.5261690776114876,0.5866873814329285,0.9313795566558838
193,3,6,0.45571643114089966,0.5527581572532654,0.5163907132313277,0.576320254491262,0.9387258887290955
193,3,7,0.5844775438308716,0.5251721143722534,0.6565937999716952,0.5806064252937188,0.9571260213851929
193,3,8,0.46655726432800293,0.4851280450820923,0.5226195112259285,0.5048116068909032,0.9632423520088196
193,3,9,0.5320638418197632,0.5885980129241943,0.5739323239657728,0.642167677849158,0.9816253781318665
193,3,10,0.49733057618141174,0.5822559595108032,0.5365066473387015,0.6201505667836549,0.9824178814888
193,3,11,0.8011308908462524,0.5348061323165894,0.8333026216755034,0.6170150193911905,0.9934737086296082
193,3,12,0.46680617332458496,0.34995776414871216,0.4827952669929569,0.3571043053901657,0.9922335147857666
193,3,13,0.7964787483215332,0.7366703152656555,0.8131854322030185,0.8527825803359895,0.4726542532444
193,3,14,0.4103177487850189,0.4221358597278595,0.3768681184239193,0.40552315227012686,0.36062532663345337
193,3,15,0.6901170611381531,0.9212360978126526,0.7397332924081632,1.0942914639982098,0.37436479330062866
193,3,16,0.3776412308216095,0.5987566113471985,0.3676291496590152,0.5829362370808406,0.4870487153530121
193,3,17,0.686701774597168,0.9168534278869629,0.7549807395578881,1.1409079851120176,0.3544481098651886
193,3,18,0.348283588886261,0.6354153752326965,0.3583513757814092,0.612622816927549,0.5109099745750427
193,3,19,0.6558991074562073,0.8909729719161987,0.7472712887348004,1.1097705503487167,0.4083932638168335
193,3,20,0.3629879653453827,0.6263527870178223,0.3814107736380154,0.6059492956909494,0.5536624789237976
193,3,21,0.6623568534851074,0.9117350578308105,0.7271937045747268,1.0828065793069481,0.40899357199668884
193,3,22,0.416561096906662,0.6572922468185425,0.4083195064443981,0.6232624129838797,0.5492031574249268
193,3,23,0.7494496703147888,0.48000311851501465,0.7070093122800043,0.5783974601919533,0.9912431836128235
193,3,24,0.5833902359008789,0.3624108135700226,0.5373891960635814,0.4314065545557684,0.9919542670249939
193,3,25,0.5143532156944275,0.5604560971260071,0.4930524514402625,0.6722528277215797,0.2345547080039978
193,3,26,0.34157299995422363,0.33221104741096497,0.32935031626036904,0.4413521840085072,0.2402845323085785
193,3,27,0.4053421914577484,0.4949623644351959,0.383776098166243,0.4758869433754212,0.1567065417766571
193,3,28,0.09524298459291458,0.18229515850543976,0.1624141429234763,0.26065906690753593,0.26609617471694946
193,3,29,0.419721782207489,0.4220758080482483,0.3989712358002452,0.4148418057799079,0.19203245639801025
193,3,30,0.08385884016752243,0.19130851328372955,0.15351042540677887,0.23969605648343706,0.37392809987068176
193,3,31,0.29975682497024536,0.49719735980033875,0.2807263890324647,0.4726551131522138,0.15629073977470398
193,3,32,0.025775087997317314,0.19329896569252014,0.09480435814521074,0.22839256224319748,0.25745296478271484
194,3,0,0.4867984652519226,0.6263396143913269,0.5292036819264515,0.6392569035995147,0.9095518589019775
194,3,1,0.495792418718338,0.6092851758003235,0.5558882284071807,0.6136827736335742,0.9347829818725586
194,3,2,0.5080172419548035,0.5980636477470398,0.5702971070986002,0.6121724016650356,0.92732834815979
194,3,3,0.519997775554657,0.5878637433052063,0.5842143157204771,0.6111240463068284,0.9288606643676758
194,3,4,0.46645909547805786,0.6193878054618835,0.522480885313493,0.6013583828745104,0.935232937335968
194,3,5,0.4585994780063629,0.620635449886322,0.5125720362146621,0.5935122966075731,0.9272286891937256
194,3,6,0.45062458515167236,0.6198773384094238,0.5031572543579262,0.5850793273494287,0.9349673986434937
194,3,7,0.5707035660743713,0.5262504816055298,0.6393012025573142,0.5696724127046958,0.9549665451049805
194,3,8,0.4615907371044159,0.5563341379165649,0.5103409367950593,0.515174804081212,0.9624305367469788
194,3,9,0.5322633981704712,0.6112983822822571,0.5655533738501592,0.6359622296498133,0.9822484254837036
194,3,10,0.503725528717041,0.5981447696685791,0.5299165357669345,0.615727992506821,0.9827564358711243
194,3,11,0.7966870069503784,0.553194522857666,0.8259408550108974,0.6041737164815536,0.9937957525253296
194,3,12,0.46864622831344604,0.3952895700931549,0.47995232200924626,0.3647819869191819,0.992247998714447
194,3,13,0.7977027297019958,0.7429059147834778,0.8100743981084699,0.8306456895708555,0.45888465642929077
194,3,14,0.43426457047462463,0.4621722102165222,0.3884147165414525,0.41691913895242716,0.35290026664733887
194,3,15,0.6907975077629089,0.9508078098297119,0.729891090119874,1.0653564083189662,0.37108471989631653
194,3,16,0.4219498336315155,0.7207716107368469,0.3785560412746188,0.6107274363436674,0.4749492406845093
194,3,17,0.6905696392059326,0.9927118420600891,0.7420204459383865,1.1110185335656249,0.35255810618400574
194,3,18,0.3960265815258026,0.7403841614723206,0.365926402603127,0.6383755531179374,0.4976401627063751
194,3,19,0.6683335900306702,0.9617964625358582,0.731381585945491,1.0799261481231628,0.4057750999927521
194,3,20,0.4400681257247925,0.7853001356124878,0.3932114300975127,0.642152970396241,0.5387148857116699
194,3,21,0.6658095717430115,0.9417750239372253,0.7148435190972893,1.0543680478371498,0.4039376676082611
194,3,22,0.45356541872024536,0.776428759098053,0.4174186390102761,0.654157966549556,0.5302039384841919
194,3,23,0.7632900476455688,0.4497331976890564,0.7183310922323282,0.5524618191602708,0.9919481873512268
194,3,24,0.6012859344482422,0.3530119061470032,0.5502458037402791,0.41562635937710385,0.9926737546920776
194,3,25,0.550510823726654,0.4043464958667755,0.5046115152982921,0.618039504199719,0.21638916432857513
194,3,26,0.4098648130893707,0.29837220907211304,0.3455581019737643,0.4125194823891536,0.2238827496767044
194,3,27,0.3995867073535919,0.3192032277584076,0.3869530489006438,0.44427872514625666,0.15151430666446686
194,3,28,0.12023770064115524,0.14967302978038788,0.15393301759391936,0.23829815550315056,0.2623645067214966
194,3,29,0.40947943925857544,0.282433420419693,0.40108241788333016,0.38814879411224124,0.1894170194864273
194,3,30,0.10944459587335587,0.15257783234119415,0.14464889783078227,0.22215564039868485,0.38492104411125183
194,3,31,0.2721121311187744,0.34484758973121643,0.2789958089645133,0.44689292215619864,0.14598998427391052
194,3,32,0.046233467757701874,0.16458410024642944,0.08503564083976285,0.2155537093961331,0.24490010738372803
195,3,0,0.4932630658149719,0.5607753396034241,0.5219777588186849,0.6234592296775152,0.9136011004447937
195,3,1,0.4850899577140808,0.5517428517341614,0.5416401818741181,0.6012205666401559,0.935647189617157
195,3,2,0.49028024077415466,0.540246844291687,0.5541896708149037,0.5976970495473265,0.9283085465431213
195,3,3,0.4950573146343231,0.5297871828079224,0.5662623699405499,0.5947503056302832,0.9295002222061157
195,3,4,0.4742254912853241,0.5852288007736206,0.5127756945400423,0.5981173066037457,0.9362605810165405
195,3,5,0.46961161494255066,0.5965019464492798,0.5039330615709123,0.5941128136510933,0.9275624752044678
195,3,6,0.4634924829006195,0.6075114011764526,0.4951817447170193,0.5895876152113673,0.9332542419433594
195,3,7,0.5254796147346497,0.5018482208251953,0.6163671631815246,0.5560240368871944,0.9550584554672241
195,3,8,0.47040989995002747,0.5801941156387329,0.5023118316075921,0.5282576852267767,0.959647536277771
195,3,9,0.5354195833206177,0.538453996181488,0.559495913567397,0.6163241838580247,0.9834040403366089
195,3,10,0.508098840713501,0.5670405626296997,0.5255317916366552,0.6059358042981027,0.9834263324737549
195,3,11,0.7046345472335815,0.4475950598716736,0.8014936736572877,0.5725867771965769,0.9942037463188171
195,3,12,0.533298671245575,0.5232928991317749,0.49068291124043656,0.39676028416037123,0.9917490482330322
195,3,13,0.6582238078117371,0.6300557255744934,0.7794454468382915,0.790130343243379,0.4636247158050537
195,3,14,0.5394794344902039,0.7004701495170593,0.4188845272647978,0.47432270264894627,0.3810327351093292
195,3,15,0.6099225878715515,0.8633134365081787,0.7057144205462028,1.0245456537304285,0.40281403064727783
195,3,16,0.48994362354278564,0.8480926752090454,0.40099806345414396,0.6587194958795052,0.5060417056083679
195,3,17,0.6327756643295288,0.902877926826477,0.7200114656933949,1.0689688104420139,0.38702264428138733
195,3,18,0.45794734358787537,0.9078953862190247,0.3844564433327498,0.6929174850632059,0.5213772058486938
195,3,19,0.631330668926239,0.8990470170974731,0.7112300020027553,1.04341175945579,0.43722087144851685
195,3,20,0.4775411784648895,0.8931970596313477,0.410189055893898,0.6929300806947745,0.5584027767181396
195,3,21,0.6137505769729614,0.8760001063346863,0.6944814890213467,1.0183632728802026,0.4376586377620697
195,3,22,0.49599024653434753,0.884139358997345,0.43323446341356553,0.7006476082659934,0.5521460175514221
195,3,23,0.7405577898025513,0.3803580701351166,0.7227980856341107,0.5177277147361791,0.9927108883857727
195,3,24,0.6363212466239929,0.3828340172767639,0.5675757362822249,0.4090339622898817,0.9933760166168213
195,3,25,0.5155904293060303,0.3678582012653351,0.5068172978766463,0.5674374631943667,0.23574386537075043
195,3,26,0.3877996802330017,0.35716626048088074,0.3540523408107672,0.40138450116766694,0.2452125996351242
195,3,27,0.2762337028980255,0.2718636393547058,0.3646461207823263,0.4094816104767839,0.17551037669181824
195,3,28,0.09596496820449829,0.1999107003211975,0.14227124784934775,0.23057973941619633,0.292415976524353
195,3,29,0.2686897814273834,0.2522110342979431,0.37439275155955354,0.36074152808339155,0.218139186501503
195,3,30,0.06264370679855347,0.19360807538032532,0.12814032341067474,0.21641728452323875,0.41943803429603577
195,3,31,0.13722404837608337,0.22544890642166138,0.25040787111524143,0.40213964798376106,0.1723870187997818
195,3,32,0.03434504196047783,0.17976327240467072,0.07483999525509094,0.20835799670328656,0.27007409930229187
196,3,0,0.5270690321922302,0.5887994170188904,0.5230004786541946,0.616491060759116,0.9154697060585022
196,3,1,0.5198764204978943,0.5731685161590576,0.537266273348491,0.5955819000802235,0.9349464774131775
196,3,2,0.5207381248474121,0.5661561489105225,0.5474646361384709,0.5913564753432587,0.9262619018554688
196,3,3,0.519766628742218,0.5595239400863647,0.5569115316925521,0.5876681176437051,0.9284427762031555
196,3,4,0.5142491459846497,0.5884465575218201,0.5130716467216688,0.5961744201820663,0.9365619421005249
196,3,5,0.5107755064964294,0.6009998321533203,0.5053076180983642,0.5954963286389098,0.9267507791519165
196,3,6,0.50668865442276,0.612596869468689,0.4974936334842002,0.5942119776632152,0.9320374131202698
196,3,7,0.5499966740608215,0.5262333750724792,0.6030118278181172,0.5500355989755763,0.9525795578956604
196,3,8,0.5186316967010498,0.591974675655365,0.5055911501702864,0.5410780599587787,0.9570766687393188
196,3,9,0.5456192493438721,0.5673643350601196,0.5567077149424067,0.6064771124975123,0.98418790102005
196,3,10,0.5409137606620789,0.5819386839866638,0.5286225710929098,0.6011127591655796,0.9839099645614624
196,3,11,0.728421151638031,0.4799327850341797,0.786787001002344,0.5539287973664351,0.99439537525177
196,3,12,0.5334261059761047,0.5213573575019836,0.49927813070697163,0.42187304531725184,0.9913989901542664
196,3,13,0.7002919912338257,0.6810336709022522,0.7635121908576239,0.7681509951980794,0.4567568302154541
196,3,14,0.5273109674453735,0.6650562286376953,0.4407282171038543,0.5128367425612489,0.39886412024497986
196,3,15,0.6399469375610352,0.9208987355232239,0.6924806765910146,1.0036673158550302,0.42293545603752136
196,3,16,0.4972493052482605,0.8308323621749878,0.42038228758528207,0.6934554983290621,0.5335574746131897
196,3,17,0.6528924703598022,0.9684613943099976,0.706505259947502,1.0487245906149698,0.4095214903354645
196,3,18,0.4653778374195099,0.8837774395942688,0.4007463518736947,0.7314572371095482,0.5435740351676941
196,3,19,0.6475314497947693,0.9597142338752747,0.6984133032031138,1.026561374290089,0.4594779908657074
196,3,20,0.48497095704078674,0.8867521286010742,0.4252404590646209,0.7320712113029716,0.5782158374786377
196,3,21,0.6336144804954529,0.9341720342636108,0.6822355043780522,1.001413317825753,0.46071913838386536
196,3,22,0.5006697177886963,0.8627459406852722,0.44680440901848045,0.7333533380568154,0.5734556913375854
196,3,23,0.7072337865829468,0.44047611951828003,0.7196706536427702,0.5021779705880272,0.9933634400367737
196,3,24,0.6147732734680176,0.39565372467041016,0.5770678820574321,0.406345538104898,0.9939982891082764
196,3,25,0.512463390827179,0.4552282691001892,0.5079514889243582,0.5448288483711544,0.24783039093017578
196,3,26,0.37680456042289734,0.38092881441116333,0.35862501949184705,0.39727361751093493,0.25769728422164917
196,3,27,0.30000215768814087,0.3233644366264343,0.35163888223303774,0.3921430882157033,0.1884181946516037
196,3,28,0.09669004380702972,0.2055305391550064,0.1331045924653613,0.2255450819993141,0.3152538537979126
196,3,29,0.3075062036514282,0.2950230836868286,0.3609334175682605,0.34751759758279765,0.2311948984861374
196,3,30,0.06671157479286194,0.20030947029590607,0.11578113454855893,0.2131805791133356,0.43994733691215515
196,3,31,0.20274630188941956,0.3173905313014984,0.2408222696989485,0.38507717506930184,0.190172016620636
196,3,32,0.03479994088411331,0.16998466849327087,0.06678894890578538,0.20064243586385969,0.29585394263267517
197,3,0,0.5277695655822754,0.6501895785331726,0.5239584702997042,0.6232657529210006,0.9141849279403687
197,3,1,0.515991747379303,0.6518711447715759,0.5329907487644543,0.6069053666443966,0.933955192565918
197,3,2,0.5226051807403564,0.6412121653556824,0.5424681463288703,0.6013839191856558,0.9234116077423096
197,3,3,0.5266647934913635,0.6310737729072571,0.5508313325982731,0.5963966877311482,0.9282675385475159
197,3,4,0.5191110968589783,0.6798900365829468,0.5142848652690677,0.6130280889251103,0.9357879161834717
197,3,5,0.5191666483879089,0.6885839700698853,0.5080922635822291,0.6142416998317237,0.9232330322265625
197,3,6,0.5188596248626709,0.6963661313056946,0.5017875310217489,0.6147883282870715,0.9296699166297913
197,3,7,0.5587983131408691,0.5905033946037292,0.5941205334524806,0.5581727163281616,0.9507203102111816
197,3,8,0.5363500118255615,0.6769962310791016,0.5117743525406853,0.5684811965351809,0.9532058238983154
197,3,9,0.5432661175727844,0.6081861257553101,0.5540069665860965,0.6068203809027706,0.9845402240753174
197,3,10,0.5476034283638,0.6445075273513794,0.5324368801124868,0.6098391478727301,0.9836390018463135
197,3,11,0.696628212928772,0.5014123916625977,0.7686328394002767,0.5433653121192784,0.9945605397224426
197,3,12,0.5510305166244507,0.5677720904350281,0.5096876373865818,0.45129680504883124,0.9905584454536438
197,3,13,0.6909683346748352,0.6868448257446289,0.7489121190220197,0.7517832578332635,0.4468809962272644
197,3,14,0.5636696219444275,0.7005684971809387,0.4655061763369397,0.5507415930571959,0.41308659315109253
197,3,15,0.6379738450050354,0.9478363394737244,0.6815162623218198,0.9924359556880444,0.4314364194869995
197,3,16,0.5319523215293884,0.8501719832420349,0.4428612393321476,0.7250706713836863,0.5563502907752991
197,3,17,0.6340261697769165,0.9513309597969055,0.6919182636928186,1.02910932261675,0.41667959094047546
197,3,18,0.4947414696216583,0.9025768637657166,0.4196750065408517,0.765991976415077,0.5592347979545593
197,3,19,0.634351372718811,0.9485713839530945,0.6855233602406445,1.0108626142591304,0.4658849835395813
197,3,20,0.5124313831329346,0.9050533771514893,0.44279554085466055,0.7669836768030661,0.5913627743721008
197,3,21,0.6344851851463318,0.957211434841156,0.6726320299426456,0.9925242769562449,0.4662862718105316
197,3,22,0.5239861011505127,0.8891056776046753,0.46233986839662533,0.7647731536304292,0.5851162672042847
197,3,23,0.6826980113983154,0.4347332715988159,0.7122370438238566,0.48860598017920076,0.9939373135566711
197,3,24,0.6103059649467468,0.4049626588821411,0.5837499515048822,0.4060677769276772,0.9945383071899414
197,3,25,0.4858225882053375,0.39947688579559326,0.5035041705186213,0.515515382361454,0.2392391711473465
197,3,26,0.4031717777252197,0.39252185821533203,0.36758337775347316,0.3963191007570862,0.24492715299129486
197,3,27,0.26402121782302856,0.26427096128463745,0.33399767503665295,0.3663677237027939,0.19549202919006348
197,3,28,0.10194392502307892,0.2107248306274414,0.12684052776703877,0.22256720575251976,0.313277930021286
197,3,29,0.25209352374076843,0.22999656200408936,0.3390062328484983,0.32383562255408554,0.236512690782547
197,3,30,0.08185434341430664,0.20468270778656006,0.10896047575198917,0.21147338187746934,0.43752118945121765
197,3,31,0.16041699051856995,0.22457733750343323,0.22463648168280742,0.35269544856659685,0.19941285252571106
197,3,32,0.05887490510940552,0.18537850677967072,0.0651990680652797,0.19757537352458818,0.2992281913757324
198,3,0,0.50909024477005,0.6521231532096863,0.5209709571214478,0.6290664108596751,0.9159774780273438
198,3,1,0.49639391899108887,0.6624488234519958,0.5256327542902012,0.6180785823148579,0.934922993183136
198,3,2,0.49862581491470337,0.6534030437469482,0.5336516093677687,0.6118471363709979,0.9233967661857605
198,3,3,0.5001271963119507,0.6447264552116394,0.5406329450270929,0.6061168116433735,0.9297437071800232
198,3,4,0.5037237405776978,0.6865983009338379,0.5121630449040907,0.6278350925323014,0.9359363913536072
198,3,5,0.508416473865509,0.6933102607727051,0.5081573812708875,0.6301577790986366,0.9218116402626038
198,3,6,0.5135623216629028,0.6995276212692261,0.5041532605629616,0.6318486131881484,0.929339587688446
198,3,7,0.5342674851417542,0.6143540143966675,0.5820788756230361,0.5694744334675034,0.9488393068313599
198,3,8,0.5326530933380127,0.6854590177536011,0.5159702736165843,0.5920532606323192,0.9499353170394897
198,3,9,0.5302468538284302,0.6109053492546082,0.5492315920327088,0.6076409333560542,0.9850553274154663
198,3,10,0.5422358512878418,0.6494016647338867,0.5344055308602861,0.6177940469975285,0.9837562441825867
198,3,11,0.6820787191390991,0.5096044540405273,0.7512062527825137,0.5365780153281824,0.9948750138282776
198,3,12,0.5685057640075684,0.5485249161720276,0.5215206979980039,0.47087838967000073,0.9907209873199463
198,3,13,0.6759503483772278,0.6681768298149109,0.7342277668273028,0.7349514017288196,0.446848601102829
198,3,14,0.5594069957733154,0.6730445027351379,0.48441587532096486,0.5753907395653397,0.40630921721458435
198,3,15,0.6196653842926025,0.896416187286377,0.6690719858164459,0.9730982438194679,0.443549782037735
198,3,16,0.5146554112434387,0.8600744605064392,0.45731014098422096,0.7522891578555881,0.5792382955551147
198,3,17,0.6446179747581482,0.9313549995422363,0.6824054141041582,1.009421265302557,0.4284486174583435
198,3,18,0.4812709391117096,0.9127705693244934,0.4320679057286693,0.7955942203738162,0.5782893300056458
198,3,19,0.6416388750076294,0.928981363773346,0.676698326939151,0.9943788223983332,0.4749767482280731
198,3,20,0.5032714009284973,0.9189855456352234,0.45496269672890843,0.7976438371383938,0.6072052121162415
198,3,21,0.6282846331596375,0.9121506214141846,0.663713799223866,0.9763447146062583,0.47465866804122925
198,3,22,0.5195848345756531,0.894385576248169,0.4738559522327809,0.7909007286946466,0.5986617207527161
198,3,23,0.6784021258354187,0.4516206979751587,0.7054348917646185,0.48116974402102775,0.994475245475769
198,3,24,0.6175301671028137,0.4377351999282837,0.5905411109658314,0.412433774352031,0.9950268268585205
198,3,25,0.4875490367412567,0.3702262341976166,0.5002981693035236,0.4862146686084925,0.23056954145431519
198,3,26,0.40767702460289,0.36771345138549805,0.375645208765133,0.39056905546445897,0.22895260155200958
198,3,27,0.23307423293590546,0.2081492841243744,0.31366985966128974,0.3344483590225025,0.2161349505186081
198,3,28,0.09699813276529312,0.1789247989654541,0.12084169131244338,0.21379092196267935,0.3108942210674286
198,3,29,0.21272753179073334,0.17823569476604462,0.3135533412452806,0.2944723550450947,0.25197264552116394
198,3,30,0.05550629273056984,0.17578622698783875,0.09820813858886906,0.2042984687510034,0.4304666817188263
198,3,31,0.13744868338108063,0.17594172060489655,0.20708201471884996,0.317018181461619,0.21788406372070312
198,3,32,0.05860698223114014,0.18141037225723267,0.06387480970769185,0.19432717352034534,0.3007110357284546
199,3,0,0.5280916690826416,0.6588666439056396,0.5224014272092162,0.6350567497224746,0.9221577048301697
199,3,1,0.534666121006012,0.6635351181030273,0.5274475503620429,0.6272201171074304,0.9395784139633179
199,3,2,0.5383862257003784,0.6587775349617004,0.5346026747748116,0.6212854585580578,0.9282221794128418
199,3,3,0.541693389415741,0.6545495986938477,0.5408459395705748,0.6158576901494663,0.9347388744354248
199,3,4,0.5286159515380859,0.6748141646385193,0.5154691113319122,0.6372832339285454,0.9408109784126282
199,3,5,0.5285277366638184,0.6765482425689697,0.5122510751656886,0.6394873943292387,0.9273532629013062
199,3,6,0.5283275246620178,0.6781100630760193,0.5090119197678613,0.641152254361385,0.9347657561302185
199,3,7,0.5687420964241028,0.6265187859535217,0.5793991873931115,0.5809500544049137,0.9519445896148682
199,3,8,0.542376697063446,0.6532180309295654,0.5212778967906918,0.6043592838512113,0.9536274075508118
199,3,9,0.5430205464363098,0.6355177164077759,0.5479838934324448,0.6132443196522515,0.9862743020057678
199,3,10,0.5437761545181274,0.6543123126029968,0.5362881025309324,0.6251362097753933,0.9850781559944153
199,3,11,0.6889253854751587,0.5323600172996521,0.7386752963039591,0.5357307310809593,0.9952854514122009
199,3,12,0.5427987575531006,0.5443488955497742,0.5257969265636154,0.48566539407015247,0.9913637638092041
199,3,13,0.6860204339027405,0.678017258644104,0.7245322419798127,0.7234978512084113,0.4568105638027191
199,3,14,0.5191540122032166,0.6485332250595093,0.4913998391164663,0.5901117288125564,0.4177250564098358
199,3,15,0.6096124649047852,0.8929659724235535,0.6571096474521707,0.9569673618575981,0.4657426178455353
199,3,16,0.4875410497188568,0.8387084603309631,0.4633871630736874,0.769688736551093,0.6012929677963257
199,3,17,0.6315792202949524,0.9687037467956543,0.672182441419698,1.0012337237759783,0.4438822269439697
199,3,18,0.4632816016674042,0.8929682970046997,0.43834265133596145,0.8152054834060941,0.5963475704193115
199,3,19,0.6278181672096252,0.9296584725379944,0.6668673065883037,0.9813560349682975,0.4898342490196228
199,3,20,0.4970690608024597,0.8979238271713257,0.4634297276124982,0.8178420113409601,0.6231542825698853
199,3,21,0.6178498864173889,0.9195298552513123,0.6544902082321068,0.9649151996257804,0.4870836138725281
199,3,22,0.5068536400794983,0.8802109956741333,0.4804896517605074,0.808883817617199,0.6141692996025085
199,3,23,0.6502553224563599,0.5175920128822327,0.6943349802864549,0.4884925271002048,0.9949930906295776
199,3,24,0.5821258425712585,0.49159303307533264,0.5888505190997876,0.4283681027715508,0.9954982399940491
199,3,25,0.4704653024673462,0.4129107594490051,0.4943012608777818,0.47146107940947646,0.23939575254917145
199,3,26,0.38824349641799927,0.36467787623405457,0.3781764562648787,0.38536504808192296,0.2187577486038208
199,3,27,0.2524847388267517,0.25489819049835205,0.3013597528066132,0.3184349356007738,0.253282368183136
199,3,28,0.09181062132120132,0.1916864514350891,0.11500607889379304,0.20934850207159814,0.31342288851737976
199,3,29,0.23618687689304352,0.22591033577919006,0.2979805523407657,0.28067512144435003,0.27715304493904114
199,3,30,0.056363023817539215,0.18359485268592834,0.08979371021449398,0.20013775069105844,0.4227222502231598
199,3,31,0.14996758103370667,0.2129467874765396,0.19559221899967083,0.29605419237074304,0.2526036202907562
199,3,32,0.054145678877830505,0.19959954917430878,0.06192019097068899,0.19538627785844137,0.31192097067832947
200,3,0,0.5281605124473572,0.6389890313148499,0.5235583179488219,0.6358466297996596,0.9274023175239563
200,3,1,0.5338602662086487,0.6449782252311707,0.5287357655376895,0.6307885883468703,0.9434552788734436
200,3,2,0.5381905436515808,0.6382513046264648,0.5353233645887671,0.6246946488478853,0.9322367310523987
200,3,3,0.5416668653488159,0.6323650479316711,0.5410108248192831,0.6191747061073231,0.9388062953948975
200,3,4,0.5260368585586548,0.663459837436676,0.5175922567739961,0.6425446411384031,0.9449027180671692
200,3,5,0.5254015922546387,0.6712685227394104,0.5148933118165124,0.6458762989707549,0.9321025609970093
200,3,6,0.5246447324752808,0.675321102142334,0.5121531251059881,0.6480216214029207,0.9392858147621155
200,3,7,0.5693393349647522,0.6155297160148621,0.577378102193426,0.5879020752746253,0.9543969631195068
200,3,8,0.5447779893875122,0.6369917392730713,0.5260009710492166,0.6109195061775767,0.9567367434501648
200,3,9,0.5492858290672302,0.6218777894973755,0.5482453948487676,0.6149787583063944,0.987388551235199
200,3,10,0.5480194091796875,0.648190975189209,0.5386450952147556,0.6297697257686891,0.9862534999847412
200,3,11,0.7000782489776611,0.533668041229248,0.7309146974522601,0.5353164167835909,0.995696485042572
200,3,12,0.5815640687942505,0.5632105469703674,0.5370152316881759,0.5012742497457929,0.9919635653495789
200,3,13,0.6944424510002136,0.6948404908180237,0.7184836187581132,0.7177373737050841,0.47438371181488037
200,3,14,0.569866418838501,0.7065232992172241,0.5071945544389145,0.6135695684086542,0.4166768491268158
200,3,15,0.614187479019165,0.9062703847885132,0.6484783714729611,0.9467703270262877,0.4826818108558655
200,3,16,0.5050567388534546,0.8633456826210022,0.4717662683561155,0.7885493180218689,0.6118437647819519
200,3,17,0.605329692363739,0.9479360580444336,0.6587299163581946,0.9905127986649632,0.45442578196525574
200,3,18,0.477567583322525,0.9157726764678955,0.4462296265245071,0.8354616098437843,0.6017853617668152
200,3,19,0.6060784459114075,0.9338647127151489,0.6546370716209376,0.9718046397509135,0.49896949529647827
200,3,20,0.5025296807289124,0.917153537273407,0.4712915438236073,0.8378445337989665,0.6265483498573303
200,3,21,0.5886624455451965,0.9151611328125,0.6412443251239143,0.9549081100590422,0.4961034953594208
200,3,22,0.5111691355705261,0.9018763899803162,0.4866569072645974,0.8276102541686704,0.6172311305999756
200,3,23,0.6527456641197205,0.5274679064750671,0.685972063849367,0.49632919519577573,0.9954703450202942
200,3,24,0.6082859039306641,0.5157307386398315,0.5927562257556678,0.4459577895489629,0.9959247708320618
200,3,25,0.45317208766937256,0.38550493121147156,0.48603098305717835,0.4541549509484904,0.26847386360168457
200,3,26,0.3985465168952942,0.3705083429813385,0.3822701001073103,0.38237984536248876,0.2180933803319931
200,3,27,0.22432178258895874,0.22383403778076172,0.285853260166129,0.2993838107707199,0.2910328805446625
200,3,28,0.09837145358324051,0.19310317933559418,0.11166347213215566,0.2060841556942944,0.32192906737327576
200,3,29,0.20439638197422028,0.21200008690357208,0.2791348175287873,0.2668551186656045,0.3061475455760956
200,3,30,0.06256920844316483,0.19170095026493073,0.08432151437161228,0.19844282683627895,0.42741087079048157
200,3,31,0.13807974755764008,0.18250419199466705,0.18402222316977734,0.27317481748190126,0.29260188341140747
200,3,32,0.0526595413684845,0.1979326456785202,0.06005971669699875,0.19589774819814956,0.3325611650943756
201,3,0,0.530221164226532,0.6329670548439026,0.5248967912669531,0.6352682239631846,0.9228665232658386
201,3,1,0.541512131690979,0.6296897530555725,0.5313027988623157,0.6305678819919087,0.9416642189025879
201,3,2,0.54991614818573,0.629055380821228,0.5382555020755317,0.6255706031490234,0.9298325181007385
201,3,3,0.5586494207382202,0.6282667517662048,0.5445552613252365,0.6210012968608738,0.9363710284233093
201,3,4,0.5299385786056519,0.6199846863746643,0.5200728565970802,0.638010639236653,0.9445713758468628
201,3,5,0.5264269113540649,0.6171779036521912,0.5172105684150395,0.6401076286907408,0.9325354099273682
201,3,6,0.5222201943397522,0.6126004457473755,0.5141756528286995,0.6409002637558562,0.9399564862251282
201,3,7,0.6101529598236084,0.6109760999679565,0.5839669293748886,0.5925394650250368,0.9523772597312927
201,3,8,0.5455622673034668,0.5714354515075684,0.5299319879439622,0.6029804265659585,0.9583485126495361
201,3,9,0.5549614429473877,0.6251914501190186,0.5495945578250514,0.6170305496026399,0.9868687391281128
201,3,10,0.5421772003173828,0.6461976170539856,0.5393545839615717,0.633070767783779,0.9861118197441101
201,3,11,0.7874033451080322,0.6152821779251099,0.7422783205885001,0.5514134296983845,0.9958510398864746
201,3,12,0.5547038316726685,0.4660973846912384,0.5405697327185497,0.4942020918567387,0.9924907088279724
201,3,13,0.8088650107383728,0.8180342316627502,0.7366825975250249,0.73793842142621,0.45072832703590393
201,3,14,0.4896202087402344,0.5565047860145569,0.5036630488174075,0.6020899795277372,0.39202505350112915
201,3,15,0.6677629947662354,1.0506114959716797,0.6523537491599772,0.9676872675819592,0.46929633617401123
201,3,16,0.4969431757926941,0.8419338464736938,0.4768266095907223,0.7992877324510574,0.6047150492668152
201,3,17,0.6780585050582886,1.120675802230835,0.6626141328005886,1.0167510687288634,0.44388508796691895
201,3,18,0.47055357694625854,0.8903598785400391,0.45111840889613203,0.8465050083037478,0.5997275710105896
201,3,19,0.6634461283683777,1.0752489566802979,0.6564067912275863,0.992641421327661,0.4878959357738495
201,3,20,0.4994421899318695,0.895902156829834,0.47695004628135335,0.8495245114444201,0.6226787567138672
201,3,21,0.6442567706108093,1.0388286113739014,0.6418494203629622,0.971803006768042,0.4823951721191406
201,3,22,0.5087851881980896,0.8823921084403992,0.4911041131839435,0.8386301723867642,0.6070452928543091
201,3,23,0.6879117488861084,0.5877580046653748,0.6863616679472292,0.5147395843227748,0.9958078861236572
201,3,24,0.5900185108184814,0.48738765716552734,0.5922063177666583,0.45428860847369057,0.9962595701217651
201,3,25,0.47103452682495117,0.39615848660469055,0.48301769616324114,0.44248729855203806,0.2523355782032013
201,3,26,0.3958119750022888,0.33420529961586,0.3849910041947362,0.37269094213467957,0.2028985619544983
201,3,27,0.2480754852294922,0.2427411675453186,0.2782575665489788,0.2879890037978729,0.28427770733833313
201,3,28,0.15557238459587097,0.17291221022605896,0.12049338258610408,0.19941539788329554,0.3055334687232971
201,3,29,0.23441150784492493,0.20396991074085236,0.27014086840659085,0.254202311925805,0.2979740798473358
201,3,30,0.0690857470035553,0.14494505524635315,0.08126011645637915,0.18768171944862944,0.4069288969039917
201,3,31,0.13530266284942627,0.2031155824661255,0.17422354647386648,0.2590756470916623,0.28150853514671326
201,3,32,0.053619079291820526,0.1940273493528366,0.058765888506963355,0.19552206094650684,0.3160431981086731
202,3,0,0.5325354337692261,0.6088820099830627,0.526431330731143,0.6299646590778099,0.9270783066749573
202,3,1,0.5570714473724365,0.6020467281341553,0.5364821372367834,0.6248348593514162,0.9447235465049744
202,3,2,0.5689395070075989,0.6053853034973145,0.5444236458750868,0.6215141145129058,0.9330114722251892
202,3,3,0.58087557554245,0.60881108045578,0.5518575770590827,0.6185520695344566,0.9395121335983276
202,3,4,0.5313565135002136,0.5824582576751709,0.5223398805703615,0.6268356246014559,0.9480021595954895
202,3,5,0.5249844193458557,0.5751665830612183,0.5187722759011781,0.6270405405440947,0.9366387724876404
202,3,6,0.5185865163803101,0.5673194527626038,0.515061678144144,0.6260911492718226,0.9437202215194702
202,3,7,0.6319756507873535,0.6013725399971008,0.5936223959619752,0.5943140164545476,0.9543193578720093
202,3,8,0.5372565984725952,0.5286351442337036,0.5314034283700122,0.5880171557467951,0.9610658884048462
202,3,9,0.5608118176460266,0.6137914061546326,0.5518482382310184,0.6163799122574465,0.9877176284790039
202,3,10,0.5375665426254272,0.6149627566337585,0.538995440189307,0.6294319488102305,0.9870864152908325
202,3,11,0.7876369953155518,0.6147804856300354,0.7514001310896424,0.5641632369007987,0.9961467385292053
202,3,12,0.5405699610710144,0.4364963173866272,0.540569778582884,0.4825932459787388,0.9930580854415894
202,3,13,0.7960877418518066,0.8401598334312439,0.7486339263431802,0.7585282704443458,0.44793471693992615
202,3,14,0.4608173966407776,0.538399875164032,0.49504724297378944,0.5892751693271411,0.3865830600261688
202,3,15,0.6695522665977478,1.047407865524292,0.6558097092605675,0.9837347765448552,0.4749155342578888
202,3,16,0.4900822639465332,0.8154863715171814,0.4794899888670928,0.8025427208644653,0.6160420775413513
202,3,17,0.6751930117607117,1.109142780303955,0.6651414701854819,1.035355831788936,0.4476432800292969
202,3,18,0.46466392278671265,0.8622787594795227,0.45384004788162086,0.8496745865163817,0.6105629205703735
202,3,19,0.663966953754425,1.0699856281280518,0.6579255584669443,1.0082095407215887,0.4919561445713043
202,3,20,0.487169474363327,0.873150110244751,0.4790031978740334,0.8542728886763306,0.6321229934692383
202,3,21,0.6496323943138123,1.0388916730880737,0.6434129586530842,0.9853029861929533,0.4864121377468109
202,3,22,0.4980566203594208,0.855966329574585,0.49250078978854034,0.8421138466540274,0.6151921153068542
202,3,23,0.6832948923110962,0.5937849283218384,0.6857456568682067,0.5306509216585727,0.9961903095245361
202,3,24,0.5739248394966125,0.47666963934898376,0.5885326257332609,0.4587866372894995,0.9966053366661072
202,3,25,0.47603124380111694,0.40382298827171326,0.48161420113978937,0.43471309647101625,0.2539638876914978
202,3,26,0.3873543441295624,0.32644525170326233,0.38546570967407734,0.36339047566244276,0.1954006850719452
202,3,27,0.25486403703689575,0.25503432750701904,0.2735559053518843,0.2813639191762527,0.2936164438724518
202,3,28,0.13232387602329254,0.17052513360977173,0.12287030953216427,0.19360811095494826,0.30574408173561096
202,3,29,0.23983748257160187,0.21857361495494843,0.2640492646073058,0.24703912795983257,0.30303671956062317
202,3,30,0.07164610177278519,0.15978750586509705,0.07932863050796854,0.18207480804535994,0.40110862255096436
202,3,31,0.13831651210784912,0.21677327156066895,0.16700437333061605,0.2505690808945647,0.29143404960632324
202,3,32,0.05367138981819153,0.19875255227088928,0.0577425183706723,0.1961709590034501,0.320791631937027
203,3,0,0.5341581106185913,0.6166070699691772,0.5279835802536756,0.627280797627387,0.9194367527961731
203,3,1,0.5656684041023254,0.6026634573936462,0.5423489600023094,0.6203789903918813,0.9397757053375244
203,3,2,0.5803291201591492,0.6080151796340942,0.5516424771378606,0.6188018435214642,0.9278059005737305
203,3,3,0.5949493646621704,0.6135299801826477,0.5605229688143439,0.6175432471904079,0.934148907661438
203,3,4,0.5311338305473328,0.5824355483055115,0.5241065688856089,0.6179068129706435,0.9451918601989746
203,3,5,0.5236073732376099,0.5727395415306091,0.5197435301154613,0.6161176324755009,0.9345999956130981
203,3,6,0.5170846581459045,0.5624356269836426,0.515468013873855,0.6132831772970708,0.9419423341751099
203,3,7,0.6522268056869507,0.6002296805381775,0.6054123663152862,0.5955023670776531,0.9516801238059998
203,3,8,0.5357502102851868,0.5089355707168579,0.532276580068673,0.5720984881151315,0.9617886543273926
203,3,9,0.5655526518821716,0.6328930258750916,0.5546018098269688,0.6196980845055746,0.9866021275520325
203,3,10,0.5374849438667297,0.618739128112793,0.5386920461405094,0.6272836652473094,0.9864298105239868
203,3,11,0.81722092628479,0.6371683478355408,0.7646445585326732,0.5788562553074567,0.9962857961654663
203,3,12,0.5255089402198792,0.4012085497379303,0.5375435528005619,0.4662099527526868,0.9934764504432678
203,3,13,0.8366859555244446,0.8587735891342163,0.7663627627783696,0.7787190219344988,0.43557262420654297
203,3,14,0.45135968923568726,0.4950796067714691,0.48626192181261146,0.5703062425105546,0.3627946078777313
203,3,15,0.6896213889122009,1.0774182081222534,0.662607176198389,1.0026003736575022,0.4637157618999481
203,3,16,0.48220211267471313,0.8098676800727844,0.48003475805328416,0.8040142438613417,0.5896102786064148
203,3,17,0.7019771337509155,1.143972396850586,0.6725475023912951,1.057237750552242,0.4362446665763855
203,3,18,0.45850151777267456,0.8632029294967651,0.45477642200953766,0.8523927945135943,0.5890616178512573
203,3,19,0.6863038539886475,1.095947265625,0.6636298323759641,1.0258748805321092,0.48092836141586304
203,3,20,0.4832953214645386,0.8675543665885925,0.4798653704184772,0.8569414774598145,0.6103779077529907
203,3,21,0.6696427464485168,1.0608150959014893,0.648685048138333,1.0005015920046925,0.47298088669776917
203,3,22,0.4958544373512268,0.8621940016746521,0.4931744296860135,0.846149225845736,0.5885275602340698
203,3,23,0.7007498741149902,0.5934024453163147,0.68876050232142,0.5432766707465025,0.9964314103126526
203,3,24,0.5680514574050903,0.4466845691204071,0.5844166474322767,0.45635512888530344,0.9968529343605042
203,3,25,0.476785272359848,0.45281386375427246,0.48064418568499845,0.43835042227715293,0.2375524491071701
203,3,26,0.3862663209438324,0.33628764748573303,0.3856265150722671,0.35794275452249424,0.18249355256557465
203,3,27,0.27360621094703674,0.26443642377853394,0.27356600917586577,0.277962414277479,0.28320634365081787
203,3,28,0.12790945172309875,0.16102886199951172,0.12388255728728728,0.18705861757802977,0.29339179396629333
203,3,29,0.2637644112110138,0.21961398422718048,0.2639920514953802,0.24152655144317953,0.29264140129089355
203,3,30,0.07992430031299591,0.14791233837604523,0.07944827184450845,0.17520673143182777,0.3866165280342102
203,3,31,0.13873359560966492,0.23098301887512207,0.16132170287168832,0.24663304529986876,0.2759556770324707
203,3,32,0.05527549609541893,0.1990402489900589,0.05724698573620246,0.19674729801211588,0.3064139783382416
204,3,0,0.5207415223121643,0.6169365048408508,0.5265287264852363,0.6252025559666838,0.9199809432029724
204,3,1,0.5511659383773804,0.602250874042511,0.5441202759412117,0.6167361286887713,0.9398869872093201
204,3,2,0.5670591592788696,0.6065393090248108,0.5547402361581227,0.6163380815539738,0.9277448654174805
204,3,3,0.5833964943885803,0.6113022565841675,0.5651200345201723,0.6162895327334351,0.9335734248161316
204,3,4,0.5137900710105896,0.5839961767196655,0.52203391311167,0.61108942066432,0.9458904266357422
204,3,5,0.5055317282676697,0.5755431056022644,0.5168879686969841,0.6079590063479575,0.935899555683136
204,3,6,0.4977709650993347,0.5669237971305847,0.5119118179759482,0.6039598335323845,0.9432851672172546
204,3,7,0.6477691531181335,0.5953794121742249,0.6139297846924773,0.5954776716687034,0.9513307809829712
204,3,8,0.5167149305343628,0.5170469284057617,0.5291496774305143,0.5610243681193839,0.9634291529655457
204,3,9,0.5585196614265442,0.6316481828689575,0.5553887914508502,0.6220990498382589,0.9869184494018555
204,3,10,0.5262005925178528,0.6188688278198242,0.5361822741419794,0.6255931570559294,0.986870288848877
204,3,11,0.8018156886100769,0.6249263286590576,0.7721181184827399,0.5881213389483984,0.9963928461074829
204,3,12,0.5219566822052002,0.412800133228302,0.5344115826396479,0.4554665950360031,0.9938511848449707
204,3,13,0.8122336268424988,0.8380556702613831,0.7755877386962069,0.7906565630818877,0.42495283484458923
204,3,14,0.4534849524497986,0.5100011825561523,0.47967266785316776,0.5581736036311226,0.3458896279335022
204,3,15,0.672944188117981,1.0543724298477173,0.6646839514430232,1.0130138183684205,0.45036572217941284
204,3,16,0.47721388936042786,0.8086289763450623,0.47946814659829745,0.8049412329045827,0.5687537789344788
204,3,17,0.6824765801429749,1.1094034910202026,0.6745422977905855,1.0677305052470043,0.42285817861557007
204,3,18,0.4547245502471924,0.8732967972755432,0.45476600363594405,0.8565938325468568,0.5698147416114807
204,3,19,0.6707196831703186,1.068688988685608,0.665054100900809,1.0344843593817028,0.4672905206680298
204,3,20,0.4816064238548279,0.867000937461853,0.4802150761998746,0.8589624935364903,0.5905711650848389
204,3,21,0.6564412117004395,1.041975736618042,0.6502432005873581,1.0088413042023008,0.45771974325180054
204,3,22,0.49408742785453796,0.8666620850563049,0.493357809024841,0.8502716063929132,0.5658705234527588
204,3,23,0.7055686712265015,0.5890400409698486,0.6921379929662215,0.5524799900216932,0.9966287612915039
204,3,24,0.5680573582649231,0.44672176241874695,0.5811293982754185,0.45441975786595457,0.997076153755188
204,3,25,0.47582992911338806,0.46838608384132385,0.47967711794102047,0.4443880839732609,0.22807064652442932
204,3,26,0.3752185106277466,0.339626669883728,0.38353547140212035,0.35426209471465503,0.1754213273525238
204,3,27,0.27434056997299194,0.27889013290405273,0.27372158170378297,0.27814874909716236,0.2816280722618103
204,3,28,0.1140088215470314,0.16855262219905853,0.12189888033125373,0.18333977707802854,0.28955376148223877
204,3,29,0.2670631408691406,0.2289491444826126,0.26460892680142645,0.2389994922259082,0.2877636253833771
204,3,30,0.07992192357778549,0.15724141895771027,0.07954340533082489,0.17159659801592642,0.3832322657108307
204,3,31,0.14622925221920013,0.23708632588386536,0.15828911292138664,0.2447150707092513,0.2662707269191742
204,3,32,0.05543509125709534,0.20989587903022766,0.05688305053682597,0.1993891463331615,0.2986479103565216
205,3,0,0.5127938985824585,0.6291395425796509,0.5237690401688495,0.6259933815512884,0.9205789566040039
205,3,1,0.5382212400436401,0.6171590089797974,0.542935265889625,0.61682106461869,0.939579963684082
205,3,2,0.5519577264785767,0.6198937296867371,0.5541813290080997,0.6170522998918757,0.9274855852127075
205,3,3,0.5657603144645691,0.6230254173278809,0.565248636154983,0.617642681762822,0.932544469833374
205,3,4,0.5053993463516235,0.5988123416900635,0.5186913209853605,0.6086227349764166,0.9455244541168213
205,3,5,0.4986456334590912,0.5906897783279419,0.5132221421356077,0.6044888213545401,0.9357395768165588
205,3,6,0.4920033812522888,0.5822979807853699,0.507910998647546,0.5996064299098894,0.9430561065673828
205,3,7,0.6320492625236511,0.604121744632721,0.6175709090991597,0.5972142436090113,0.9501457214355469
205,3,8,0.5123359560966492,0.5341622829437256,0.5257710691436728,0.5556250830336413,0.9637247323989868
205,3,9,0.5580549836158752,0.6311406493186951,0.5559243325532878,0.6239155032606776,0.986970841884613
205,3,10,0.5219666957855225,0.6291956305503845,0.5333259542454831,0.6263167821536632,0.9869422316551208
205,3,11,0.7937209010124207,0.6302399635314941,0.7764596395445931,0.596590816802759,0.996590256690979
205,3,12,0.5252282619476318,0.41745054721832275,0.5325666503277795,0.44782297978240376,0.9941312670707703
205,3,13,0.8018290400505066,0.827283501625061,0.780862158109431,0.7980206050024354,0.4143432080745697
205,3,14,0.47675758600234985,0.5170370936393738,0.4790871306772975,0.5499018746607218,0.32727569341659546
205,3,15,0.651442289352417,1.0523982048034668,0.6620233900991642,1.0209328594998122,0.45163366198539734
205,3,16,0.4929267466068268,0.8256333470344543,0.4821723140669369,0.8090996531733261,0.5630607008934021
205,3,17,0.6562756299972534,1.0939280986785889,0.6708715764730001,1.0729961257162102,0.42640629410743713
205,3,18,0.46285760402679443,0.8867650032043457,0.456391561776219,0.8626588436681881,0.5685767531394958
205,3,19,0.6421440243721008,1.061993956565857,0.6604496774688957,1.0400138872101354,0.4695444107055664
205,3,20,0.49024498462677,0.8795318007469177,0.4822301393185743,0.8630962243396558,0.5878837704658508
205,3,21,0.6328733563423157,1.029317855834961,0.6467527857402471,1.012956352210266,0.45599403977394104
205,3,22,0.5074424147605896,0.8766471743583679,0.4961878044062717,0.8555730555968504,0.5578568577766418
205,3,23,0.7045398950576782,0.6085088849067688,0.6946297653844798,0.5637510218284523,0.9968234896659851
205,3,24,0.5693724751472473,0.4651130437850952,0.5787672572578653,0.4565681358044766,0.9972355961799622
205,3,25,0.4767568111419678,0.470790296792984,0.47909053012457253,0.44969483108764774,0.21376429498195648
205,3,26,0.3750731647014618,0.3476306200027466,0.3818354252242991,0.3529299219327979,0.1643688827753067
205,3,27,0.27541008591651917,0.2779877185821533,0.27406073097252764,0.27811640604308735,0.2829948663711548
205,3,28,0.11569122225046158,0.17285358905792236,0.12065186293683236,0.18123301794142843,0.28062623739242554
205,3,29,0.26900091767311096,0.22889503836631775,0.26549115870401785,0.23696944283506013,0.29041993618011475
205,3,30,0.08805283159017563,0.16248203814029694,0.08125291928287653,0.1697654806019031,0.37977078557014465
205,3,31,0.1496831327676773,0.23954880237579346,0.156560192518434,0.2436772757342019,0.2597871422767639
205,3,32,0.058678507804870605,0.20956546068191528,0.05724368377421647,0.20143362851834926,0.2882460355758667
206,3,0,0.5113000273704529,0.6505718231201172,0.5212637782929818,0.6309333343386204,0.9201774001121521
206,3,1,0.5379898548126221,0.6361684203147888,0.5419418485504233,0.6207090658209846,0.9400032162666321
206,3,2,0.551831841468811,0.6392989754676819,0.5537094063616999,0.6215233057490971,0.9279913306236267
206,3,3,0.5651981830596924,0.642686665058136,0.5652385027026628,0.6226762690421836,0.9329354763031006
206,3,4,0.504785418510437,0.6120594143867493,0.5158972476754722,0.6093130538130893,0.9452062845230103
206,3,5,0.49820464849472046,0.6019103527069092,0.5102046258482423,0.6039709016904954,0.9355147480964661
206,3,6,0.4916474223136902,0.5914095044136047,0.5046429884226041,0.5979597084682451,0.9430822730064392
206,3,7,0.6279377341270447,0.6141221523284912,0.6196536781560397,0.6006117869470639,0.9506898522377014
206,3,8,0.5119174718856812,0.536439836025238,0.5229875098547476,0.5517696745642228,0.9640522599220276
206,3,9,0.5534650683403015,0.6533668041229248,0.555430358497135,0.6298356476381886,0.9872565269470215
206,3,10,0.5203373432159424,0.6415257453918457,0.5307162573561442,0.6293727865286108,0.987062394618988
206,3,11,0.8077751398086548,0.6269673705101013,0.7827548459658769,0.6026971150865423,0.9968371391296387
206,3,12,0.5208129286766052,0.4116351902484894,0.5302051528822223,0.44054732931676593,0.994413435459137
206,3,13,0.8264116644859314,0.8220177888870239,0.7900224245412089,0.8028436584889603,0.4270037114620209
206,3,14,0.4686053693294525,0.517061173915863,0.47698126621449816,0.5432997969893217,0.319178968667984
206,3,15,0.6516737937927246,1.0480566024780273,0.6599440819387279,1.0263847731897993,0.45553919672966003
206,3,16,0.4806029796600342,0.8205773234367371,0.4818571018813615,0.8114056807479755,0.5462643504142761
206,3,17,0.6553769707679749,1.0858088731765747,0.6677581489795463,1.0755704743008234,0.42764970660209656
206,3,18,0.459896057844162,0.8795650005340576,0.45709550497989637,0.8660560521128887,0.5518440008163452
206,3,19,0.6390665769577026,1.050481915473938,0.6561523274913793,1.0421169930487322,0.4713561534881592
206,3,20,0.4895341098308563,0.8820321559906006,0.48369743409486377,0.8669015231028803,0.5719616413116455
206,3,21,0.6313136219978333,1.006181001663208,0.6436505035501209,1.0115952721201635,0.45208579301834106
206,3,22,0.5046655535697937,0.8706640005111694,0.4978909554710534,0.8586053492974413,0.5359125733375549
206,3,23,0.7039344906806946,0.6207966804504395,0.6964990950264387,0.5752269230091022,0.9970154762268066
206,3,24,0.5616860389709473,0.4671925902366638,0.5753348727376567,0.4587026806033476,0.9973714351654053
206,3,25,0.49261802434921265,0.5424697399139404,0.4818085410793135,0.4683769806913856,0.19959761202335358
206,3,26,0.3744373917579651,0.3827281892299652,0.38034923190053727,0.35891986461317266,0.1536443680524826
206,3,27,0.3254656195640564,0.3256392776966095,0.28440022101206053,0.2876740124905916,0.27156347036361694
206,3,28,0.15037639439105988,0.18980643153190613,0.12662697714171203,0.18295538961267072,0.26659563183784485
206,3,29,0.3214058578014374,0.26749858260154724,0.27673915787577363,0.24310641775470604,0.2812238931655884
206,3,30,0.1320381909608841,0.1738194227218628,0.09146761169501877,0.17057980144341342,0.36772966384887695
206,3,31,0.235418438911438,0.30503225326538086,0.1724338046395347,0.2560215071041713,0.24229250848293304
206,3,32,0.09355096518993378,0.2111031860113144,0.06454338528459112,0.20337627280034828,0.2695166766643524
207,3,0,0.5024098753929138,0.6783186197280884,0.517474991605962,0.6404632667005092,0.9266444444656372
207,3,1,0.5275385975837708,0.660849928855896,0.539047804260127,0.6287803911895368,0.9449307322502136
207,3,2,0.5429683327674866,0.6637477874755859,0.551551425034652,0.6300140911223491,0.9339901804924011
207,3,3,0.5579572319984436,0.6668934226036072,0.5637757700185675,0.6315682512088177,0.9383655190467834
207,3,4,0.4875852167606354,0.6347829103469849,0.5102062918974644,0.6144322979664768,0.9495111107826233
207,3,5,0.4784609079360962,0.6239506602287292,0.5038232578860504,0.6079860594265252,0.9405974745750427
207,3,6,0.4692341983318329,0.6128923296928406,0.49752410746428344,0.6009601614768527,0.9473583102226257
207,3,7,0.6271559596061707,0.6347206234931946,0.6211608187768457,0.607469063068809,0.9548441171646118
207,3,8,0.48406654596328735,0.5442087054252625,0.5151617420388973,0.5502507411429575,0.9669414162635803
207,3,9,0.5533457398414612,0.6505375504493713,0.5550116411144521,0.6339960137284902,0.9883399605751038
207,3,10,0.5203084945678711,0.6357750296592712,0.5286252610038865,0.6306588996216571,0.9881334900856018
207,3,11,0.819976806640625,0.6264169216156006,0.7902386411154977,0.6074643828955015,0.9971296787261963
207,3,12,0.5162307024002075,0.41053155064582825,0.5273973026655584,0.4345136206394574,0.994890034198761
207,3,13,0.8437183499336243,0.8168808221817017,0.8008234500489629,0.8056641171424417,0.4314962923526764
207,3,14,0.47329702973365784,0.48783135414123535,0.47624121653395296,0.5321417036669286,0.3123338222503662
207,3,15,0.6565988659858704,1.0249379873275757,0.6592721363160291,1.0260941763096614,0.48324623703956604
207,3,16,0.4785846471786499,0.82401043176651,0.48119977403791303,0.8139382329110801,0.5581122040748596
207,3,17,0.6601068377494812,1.0840904712677002,0.6662210621389805,1.0772821134439186,0.45821046829223633
207,3,18,0.4582044184207916,0.8799927830696106,0.4573182358388219,0.868856332944574,0.5665879249572754
207,3,19,0.6393358707427979,1.0258840322494507,0.6527731669371887,1.038855136538516,0.4991651773452759
207,3,20,0.49022141098976135,0.8878423571586609,0.4850080070181896,0.8711099526629086,0.5846783518791199
207,3,21,0.6317136883735657,0.9804214239120483,0.6412522050114982,1.0053285613274612,0.477741003036499
207,3,22,0.5030754208564758,0.8748116493225098,0.4989324005391082,0.8618618557039437,0.5444110631942749
207,3,23,0.7207576632499695,0.6108112931251526,0.7013747145599861,0.5823811442428665,0.9972661733627319
207,3,24,0.5634602904319763,0.4544934630393982,0.5729490839186785,0.45785716527600856,0.9975753426551819
207,3,25,0.5204116106033325,0.5308248996734619,0.4895703198644169,0.4809415193798784,0.1855970025062561
207,3,26,0.38144224882125854,0.38310691714286804,0.38056876965213937,0.36378109715059914,0.1435806304216385
207,3,27,0.35705995559692383,0.32642662525177,0.299023589229527,0.29546587238552163,0.2645217776298523
207,3,28,0.1602063924074173,0.18931478261947632,0.13337771685018926,0.18423289236025756,0.255951851606369
207,3,29,0.35017281770706177,0.27197274565696716,0.29151859807044356,0.24890886750369243,0.2802644371986389
207,3,30,0.14271162450313568,0.1736288070678711,0.10177471088626658,0.17119224214429818,0.36223292350769043
207,3,31,0.2737950086593628,0.3099735379219055,0.1928499821927678,0.2668740784046703,0.23234398663043976
207,3,32,0.09843097627162933,0.20694243907928467,0.07135613922999227,0.20409260401473733,0.25756311416625977
